scan_id,frame_index,coordinate_base,alpha,diameter_um,diameter_axial_px,x_center_px,z_peak_px,z_upper_px,z_lower_op_px,z_tail_start_px,tracking_class,tracking_confidence,old_tracking_class,old_tracking_confidence,new_tracking_class,overall_tracking_confidence,x_path_confidence_class,x_path_confidence,x_local_evidence_available,x_local_evidence_strong,x_local_peak_px,x_local_peak_score,x_local_baseline_score,x_local_noise_sigma,x_local_peak_snr,x_local_path_residual_px,x_alignment_tolerance_px,x_local_window_half_width_px,x_local_window_x0_px,x_local_window_x1_exclusive_px,x_local_path_change_px,z_edge_confidence_class,z_edge_confidence,z_candidate_present,z_candidate_accepted,z_residual_tolerance_px,peak_excess,background_sigma,peak_snr,upper_threshold,upper_component_width_px,upper_edge_method,upper_core_start_px,upper_core_stop_exclusive_px,upper_boundary_score,upper_top_contrast_snr,upper_bottom_contrast_snr,upper_support_difference,upper_balance_fraction,upper_persistent_fraction,seed_x_px,seed_z_upper_px,model_z_upper_px,residual_x_px,residual_z_px,distance_to_z_anchor_frames,x_robust_snr,central_x0_px,central_x1_exclusive_px,side_left_x0_px,side_left_x1_exclusive_px,side_right_x0_px,side_right_x1_exclusive_px,window_300_fits,qc_valid,qc_flags,z_continuity_status,z_local_prediction_px,z_relock_start,z_relock_confirmation_frame,z_short_gap_filled,z_valid_segment_id,z_core_path_px,z_core_restart,z_core_upper_prediction_px
flow10,0,0,0.25,128.0,19,235.79877594676293,216.0,212.0,231.0,233.0,high_confidence,0.9732762657666801,high_confidence,0.9732762657666801,high_confidence,0.990828310555383,strong_evidence,0.9856359810279746,True,True,236.0,48231.58203125,12275.9599609375,3210.38134765625,11.199797836030298,0.2012240532370697,3.5275590551181097,16.0,219,253,0.10648569402724206,strong_evidence,0.9960479932704186,True,True,3.4406111678264146,57136.09210142906,6633.928455247242,8.612708516058248,26535.713820988967,33,persistent_core_paired_edge_continuity_first_v2_1,212.0,245.0,4.349056522065856,2.5724249919897275,1.2032191445090454,0.3047161102294922,0.0027158402835395557,1.0,236.0,212.0,211.91873808449475,0.2012240532370697,0.08126191550525164,0.0,11.199797836030298,235,238,208,224,249,265,True,True,,accepted_initial,,False,,False,0,218.0,True,
flow10,1,0,0.25,128.0,19,235.6922902527357,220.0,212.0,231.0,233.0,high_confidence,0.5,high_confidence,0.5,high_confidence,0.9257443885158498,strong_evidence,0.9779493293283357,True,True,236.0,50702.7734375,12881.822265625,4201.96435546875,9.000778676918568,0.3077097472643118,3.5275590551181097,16.0,219,253,0.12579798346030202,strong_evidence,0.8763262545076664,True,True,3.4406111678264146,62270.3983055725,13528.259103826851,4.602986816534106,54113.036415307404,7,persistent_core_paired_edge_continuity_first_v2_1,217.0,224.0,3.3109716407749095,2.195373127940783,-0.29235129075305033,0.405842587351799,0.021332679180405097,1.0,236.0,211.0,211.8448700243716,0.3077097472643118,-0.8448700243716019,0.0,9.000778676918568,235,238,208,224,249,265,True,True,,accepted,212.0,False,,False,0,218.0,False,212.0
flow10,2,0,0.25,128.0,19,235.5664922692754,227.0,212.0,231.0,233.0,high_confidence,0.7965918202467828,high_confidence,0.7965918202467828,high_confidence,0.938471615761312,strong_evidence,0.8926438698304903,True,True,237.0,48645.546875,12667.34765625,4125.18896484375,8.721588156413763,1.4335077307246138,3.5275590551181097,16.0,219,253,0.1329845385507724,strong_evidence,0.9866521278602347,True,True,3.4406111678264146,63073.80018334491,670.3856694270139,94.08584201576801,15768.450045836227,46,persistent_core_paired_edge_continuity_first_v2_1,212.0,258.0,68.41607162936113,55.69868720009765,-6.844258202705837,0.30376023054122925,0.0656944051372498,1.0,237.0,212.0,211.72811260102432,1.4335077307246138,0.2718873989756787,0.0,8.721588156413763,235,238,208,224,249,265,True,True,,accepted,211.5,False,,False,0,218.0,False,211.5
flow10,3,0,0.25,128.0,19,235.4335077307246,216.0,212.0,231.0,233.0,high_confidence,0.5,high_confidence,0.5,high_confidence,0.8786141227016632,strong_evidence,0.8926438698304903,True,True,234.0,48764.27734375,15391.48828125,2514.1123046875,13.274183893964189,-1.4335077307246138,3.5275590551181097,16.0,219,253,0.1329845385507724,strong_evidence,0.8648048821053418,True,True,3.4406111678264146,62060.70209047575,12646.717060955427,4.90725789083062,50586.86824382171,10,persistent_core_paired_edge_continuity_first_v2_1,214.0,224.0,3.502752525751892,2.4859097564851647,0.16210505200068714,0.18389016389846802,0.14322714256675945,1.0,234.0,213.0,211.56044961263882,-1.4335077307246138,1.4395503873611801,0.0,13.274183893964189,234,237,207,223,248,264,True,True,,accepted,212.0,False,,False,0,218.0,False,212.0
flow10,4,0,0.25,128.0,19,235.3077097472643,225.0,211.0,230.0,232.0,high_confidence,0.5,high_confidence,0.5,high_confidence,0.9282935966143351,strong_evidence,0.9779493293283357,True,True,235.0,48716.19921875,11463.748046875,5150.06201171875,7.233398566290777,-0.3077097472643118,3.5275590551181097,16.0,219,253,0.12579798346030202,strong_evidence,0.8811591517804107,True,True,3.4406111678264146,59817.510593630985,13176.22455113739,4.539806555472482,52704.89820454956,8,persistent_core_paired_edge_continuity_first_v2_1,220.0,228.0,2.6153704895873355,1.5024204766594038,0.4803192680300902,0.260297566652298,0.0447223613640577,1.0,235.0,212.0,211.3409575370041,-0.3077097472643118,0.6590424629958989,0.0,7.233398566290777,234,237,207,223,248,264,True,True,,accepted,212.0,False,,False,0,218.0,False,212.0
flow10,5,0,0.25,128.0,19,235.20122405323704,216.0,211.0,230.0,232.0,high_confidence,0.9744028875717422,high_confidence,0.9744028875717422,high_confidence,0.9526035792477872,strong_evidence,0.9108991248587356,True,True,234.0,48253.171875,10275.3046875,2897.88720703125,13.10536417544234,-1.2012240532370413,3.5275590551181097,16.0,219,253,0.10648569402727048,strong_evidence,0.9962174234566591,True,True,3.4406111678264146,59177.0071458981,2537.4176865816908,23.32174456686279,14794.251786474524,57,persistent_core_paired_edge_continuity_first_v2_1,211.0,268.0,10.44506282965454,7.6941017283279045,-3.9017193545123496,0.4388473778963089,0.041553979708965016,1.0,234.0,211.0,211.0777912557856,-1.2012240532370413,-0.07779125578559842,0.0,13.10536417544234,234,237,207,223,248,264,True,True,,accepted,212.0,False,,False,0,218.0,False,212.0
flow10,6,0,0.25,128.0,19,235.12056485333827,215.0,211.0,230.0,232.0,high_confidence,0.5,high_confidence,0.5,high_confidence,0.8288523476789975,strong_evidence,0.8571992325979982,True,True,235.0,50721.578125,18655.1328125,7149.0810546875,4.485394006195344,-0.12056485333826572,3.5275590551181097,16.0,219,253,0.08065919989877557,strong_evidence,0.8014428713040709,True,True,3.4406111678264146,63553.06927937582,14124.439355234317,4.499510931442667,56497.75742093727,5,persistent_core_paired_edge_continuity_first_v2_1,213.0,218.0,2.8643745373095566,1.783316736545911,0.5079808485519465,0.26961931586265564,0.053420816649679036,1.0,235.0,212.0,210.78704710684985,-0.12056485333826572,1.2129528931501454,0.0,4.485394006195344,234,237,207,223,248,264,True,True,,accepted,212.0,False,,False,0,217.0,False,212.0
flow10,7,0,0.25,128.0,19,235.06589327509263,221.0,210.0,229.0,231.0,high_confidence,0.8497043701122023,high_confidence,0.8497043701122023,high_confidence,0.9481684220726541,strong_evidence,0.9213680834280407,True,True,234.0,49045.89453125,14128.1591796875,3399.7060546875,10.270810120015545,-1.065893275092634,3.5275590551181097,16.0,219,253,0.054671578245631736,strong_evidence,0.9757483168625092,True,True,3.4406111678264146,54821.07687081225,3428.5465988648607,15.989596550609132,13714.186395459443,86,persistent_core_paired_edge_continuity_first_v2_1,210.0,296.0,8.134213890254973,6.523523506323129,-3.386278190947356,0.3387569189071655,0.0025552721478328223,1.0,234.0,210.0,210.48860036958652,-1.065893275092634,-0.4886003695865213,0.0,10.270810120015545,234,237,207,223,248,264,True,True,,accepted,212.0,False,,False,0,216.0,False,212.0
flow10,8,0,0.25,128.0,19,235.03273328667174,213.0,210.0,229.0,231.0,high_confidence,0.5911165448687898,high_confidence,0.5911165448687898,high_confidence,0.9576690661117004,strong_evidence,0.9976774773822293,True,True,235.0,49964.08203125,13471.994140625,2589.013427734375,14.094978225956494,-0.03273328667174269,3.5275590551181097,16.0,219,253,0.033159988420891295,strong_evidence,0.9192650540670533,True,True,3.4406111678264146,50208.087178077534,8892.27173949768,5.646261006067023,35569.08695799072,31,persistent_core_paired_edge_continuity_first_v2_1,210.0,241.0,3.9300976493155253,2.8723335186892656,-0.8092837678182521,0.3552706092596054,0.022201900170683218,1.0,235.0,209.0,210.20083248645884,-0.03273328667174269,-1.200832486458836,0.0,14.094978225956494,234,237,207,223,248,264,True,True,,accepted,212.0,False,,False,0,215.0,False,212.0
flow10,9,0,0.25,128.0,19,235.01473578648088,220.0,210.0,229.0,231.0,model_assisted,0.04983787356568417,model_assisted,0.04983787356568417,model_assisted,0.0,strong_evidence,0.9147948572209013,True,True,235.0,49531.01953125,15775.755859375,6708.64453125,5.031607132355467,-0.014735786480883917,3.5275590551181097,16.0,219,253,0.017997500190858773,weak_evidence,0.0,True,False,3.4406111678264146,64137.405218464104,2410.3145961536648,26.609557657250793,16034.351304616026,77,persistent_core_paired_edge_continuity_first_v2_1,204.0,281.0,9.885938728290878,6.042693849690083,3.304773656785426,0.2707354724407196,0.22308495105590964,1.0,235.0,203.0,209.93640326038422,-0.014735786480883917,-6.936403260384225,1.0,5.031607132355467,234,237,207,223,248,264,True,True,UPPER_SEED_TRAJECTORY_OUTLIER;Z_EDGE_EVIDENCE_WEAK;Z_CONTINUITY_REJECTED_CONTINUITY,rejected_continuity,211.0,False,,True,0,215.0,False,211.0
flow10,10,0,0.25,128.0,19,235.00599490843322,218.0,210.0,229.0,231.0,model_assisted,0.08420200528470635,model_assisted,0.08420200528470635,model_assisted,0.7335375940979753,strong_evidence,0.9683143251602647,True,True,235.0,50263.359375,14903.62890625,6279.9443359375,5.630580237216598,-0.005994908433223145,3.5275590551181097,16.0,219,253,0.008740878047660772,weak_evidence,0.5556846449276573,True,False,3.4406111678264146,59135.71644004666,3575.544395973726,16.53894061744471,14783.929110011664,72,persistent_core_paired_edge_continuity_first_v2_1,204.0,276.0,7.842525410702999,4.33864933417992,1.307740722641394,0.38409125059843063,0.18313805177500567,1.0,235.0,204.0,209.7004918434127,-0.005994908433223145,-5.700491843412692,2.0,5.630580237216598,234,237,207,223,248,264,True,True,UPPER_SEED_TRAJECTORY_OUTLIER;Z_EDGE_EVIDENCE_WEAK;Z_CONTINUITY_REJECTED_CONTINUITY,rejected_continuity,211.0,False,,True,0,215.0,False,211.0
flow10,11,0,0.25,128.0,19,235.0021961384929,222.0,209.0,228.0,230.0,model_assisted,0.2839864875466982,model_assisted,0.2839864875466982,model_assisted,0.8886352685524003,strong_evidence,0.9998443463744794,True,True,235.0,50851.0859375,14765.69140625,3968.614013671875,9.092694428567711,-0.002196138492905675,3.5275590551181097,16.0,219,253,0.00379876994031747,weak_evidence,0.7897955750598746,True,False,3.4406111678264146,64918.51772979915,2653.81349705096,24.462351179515668,16229.629432449787,67,persistent_core_paired_edge_continuity_first_v2_1,206.0,273.0,15.055590736098724,10.260840417642202,3.5319167579842077,0.45438507571816444,0.14272234257446084,1.0,235.0,206.0,209.4911444272114,-0.002196138492905675,-3.4911444272113954,2.0,9.092694428567711,234,237,207,223,248,264,True,True,UPPER_SEED_TRAJECTORY_OUTLIER;Z_EDGE_EVIDENCE_WEAK;Z_CONTINUITY_REJECTED_CONTINUITY,rejected_continuity,211.0,False,,True,0,215.0,False,211.0
flow10,12,0,0.25,128.0,19,235.00071881371449,214.0,209.0,228.0,230.0,model_assisted,0.4644693910275563,model_assisted,0.4644693910275563,model_assisted,0.8993633305129717,strong_evidence,0.926367660891387,True,True,234.0,51218.15625,10844.2900390625,3951.907958984375,10.216297198711436,-1.0007188137144851,3.5275590551181097,16.0,219,253,0.0014773247784205523,weak_evidence,0.8731461971514349,True,False,3.4406111678264146,65277.668607886735,1366.766619462255,47.76065472945907,16319.417151971684,72,persistent_core_paired_edge_continuity_first_v2_1,207.0,279.0,12.54736192937461,4.10373757274421,3.0430641188311904,0.4287101477384567,0.11284011849521018,1.0,234.0,207.0,209.30057885850982,-1.0007188137144851,-2.300578858509823,1.0,10.216297198711436,234,237,207,223,248,264,True,True,UPPER_SEED_TRAJECTORY_OUTLIER;Z_EDGE_EVIDENCE_WEAK;Z_CONTINUITY_REJECTED_CONTINUITY,rejected_continuity,211.0,False,,True,0,215.0,False,211.0
flow10,13,0,0.25,128.0,19,235.0002047061087,221.0,209.0,228.0,230.0,high_confidence,0.7449631321014537,high_confidence,0.7449631321014537,high_confidence,0.9407132245025599,strong_evidence,0.9264069911805798,True,True,234.0,47994.7109375,11892.1875,1828.0291748046875,19.749424098418622,-1.0002047061086898,3.5275590551181097,16.0,219,253,0.0005141076057952887,strong_evidence,0.9552403848186272,True,True,3.4406111678264146,62178.18324380005,2125.4048768120697,29.254747611693706,15544.545810950012,47,persistent_core_paired_edge_continuity_first_v2_1,210.0,257.0,19.293555294026746,13.738985549450858,3.7202482937064767,0.44111981987953186,0.04536176100587179,1.0,234.0,210.0,209.11673835318226,-1.0002047061086898,0.8832616468177434,0.0,19.749424098418622,234,237,207,223,248,264,True,True,,accepted,211.0,False,,False,0,216.0,False,211.0
flow10,14,0,0.25,128.0,19,235.00004461134276,217.0,209.0,228.0,230.0,high_confidence,0.5,high_confidence,0.5,high_confidence,0.8681063423988563,strong_evidence,0.8464700431104084,True,True,233.0,47037.28515625,11716.9765625,2704.302978515625,13.060780864552793,-2.0000446113427586,3.5275590551181097,16.0,219,253,0.00016009476593126237,strong_evidence,0.8902956789160985,True,True,3.4406111678264146,59317.53107643883,12125.450456954079,4.891985768860206,48501.801827816314,12,persistent_core_paired_edge_continuity_first_v2_1,214.0,226.0,2.884104721380415,1.511035270438312,1.138297989108625,0.4431317038834095,0.10662540831548852,1.0,233.0,208.0,208.92549986036104,-2.0000446113427586,-0.9254998603610431,0.0,13.060780864552793,234,237,207,223,248,264,True,True,,accepted,210.0,False,,False,0,216.0,False,210.0
flow10,15,0,0.25,128.0,19,235.00000000000003,217.0,209.0,228.0,230.0,model_assisted,0.2899423372476578,model_assisted,0.2899423372476578,model_assisted,0.8457364653845962,strong_evidence,0.9264226511541179,True,True,234.0,50595.6171875,13190.46484375,2642.15380859375,14.157068457592322,-1.0000000000000284,3.5275590551181097,16.0,219,253,4.461134273014977e-05,weak_evidence,0.7720775911406763,True,False,3.4406111678264146,60657.942042002906,5632.491070402107,10.769292180639445,22529.964281608427,56,persistent_core_paired_edge_continuity_first_v2_1,209.0,265.0,5.570790343573207,3.5047633698974514,-0.06150087255916767,0.38409115746617317,0.14494417586758787,1.0,234.0,205.0,208.71421963854812,-1.0000000000000284,-3.7142196385481157,1.0,14.157068457592322,234,237,207,223,248,264,True,True,UPPER_SEED_TRAJECTORY_OUTLIER;Z_EDGE_EVIDENCE_WEAK;Z_CONTINUITY_REJECTED_CONTINUITY,rejected_continuity,210.0,False,,True,0,216.0,False,210.0
flow10,16,0,0.25,128.0,19,235.00000000000003,222.0,208.0,227.0,229.0,high_confidence,0.5,high_confidence,0.5,high_confidence,0.9477608952041023,strong_evidence,0.999999999999998,True,True,235.0,50447.71484375,14087.009765625,4208.25,8.640338639131468,-2.842170943040401e-14,3.5275590551181097,16.0,219,253,0.0,strong_evidence,0.8982507144780831,True,True,3.4406111678264146,58710.06696535954,12473.725640178674,4.706698596628631,49894.9025607147,13,persistent_core_paired_edge_continuity_first_v2_1,212.0,225.0,3.8550776730940433,2.7942886086907084,-0.7244642784433316,0.4750603400170803,0.021424395314152446,1.0,235.0,209.0,208.47637717304158,-2.842170943040401e-14,0.523622826958416,0.0,8.640338639131468,234,237,207,223,248,264,True,True,,accepted,210.0,False,,False,0,216.0,False,210.0
flow10,17,0,0.25,128.0,19,235.00000000000003,219.0,208.0,227.0,229.0,high_confidence,0.5957583138802627,high_confidence,0.5957583138802627,high_confidence,0.9800241687746352,strong_evidence,0.999999999999998,True,True,235.0,50480.08203125,11831.48828125,4994.3046875,7.738533423227395,-2.842170943040401e-14,3.5275590551181097,16.0,219,253,0.0,strong_evidence,0.9604473713824164,True,True,3.4406111678264146,61375.821038690876,9714.551297975653,6.317926495635526,38858.20519190261,16,persistent_core_paired_edge_continuity_first_v2_1,212.0,228.0,4.364717394923394,2.713108402987883,0.8457852648514994,0.4419553801417351,0.06646608662517613,1.0,235.0,209.0,208.21535808729752,-2.842170943040401e-14,0.7846419127024831,0.0,7.738533423227395,234,237,207,223,248,264,True,True,,accepted,209.0,False,,False,0,217.0,False,209.0
flow10,18,0,0.25,128.0,19,235.00000000000003,217.0,208.0,227.0,229.0,high_confidence,0.703505623755869,high_confidence,0.703505623755869,high_confidence,0.9726421865246809,strong_evidence,0.999999999999998,True,True,235.0,49057.609375,11746.0703125,1858.862548828125,20.07224207406952,-2.842170943040401e-14,3.5275590551181097,16.0,219,253,0.0,strong_evidence,0.946032823007514,True,True,3.4406111678264146,53456.36815574113,3063.9671261002363,17.44678253900833,13364.092038935283,49,persistent_core_paired_edge_continuity_first_v2_1,209.0,258.0,13.61133524152772,9.93443176508309,-0.20445179649093914,0.4513772577047348,0.051618895871444546,1.0,235.0,209.0,207.94496177452243,-2.842170943040401e-14,1.055038225477574,0.0,20.07224207406952,234,237,207,223,248,264,True,True,,accepted,209.0,False,,False,0,216.0,False,209.0
flow10,19,0,0.25,128.0,19,235.00000000000003,218.0,208.0,227.0,229.0,high_confidence,0.7957753364930358,high_confidence,0.7957753364930358,high_confidence,0.9826674089518931,strong_evidence,0.999999999999998,True,True,235.0,51246.703125,14345.314453125,3557.80859375,10.371943205910416,-2.842170943040401e-14,3.5275590551181097,16.0,219,253,0.0,strong_evidence,0.9656352366162291,True,True,3.4406111678264146,63856.20654661201,1647.4420718388137,38.760820570363414,15964.051636653003,64,persistent_core_paired_edge_continuity_first_v2_1,207.0,271.0,20.788546862678526,13.140643130172473,9.928056720517848,0.4213401898741722,0.08530645711071154,1.0,235.0,207.0,207.6853151206853,-2.842170943040401e-14,-0.6853151206852885,0.0,10.371943205910416,234,237,207,223,248,264,True,True,,accepted,209.0,False,,False,0,216.0,False,209.0
flow10,20,0,0.25,128.0,19,235.00000000000003,217.0,207.0,226.0,228.0,model_assisted,0.09385359053827011,model_assisted,0.09385359053827011,model_assisted,0.762197771897962,strong_evidence,0.9819317825084324,True,True,235.0,49969.92578125,12325.736328125,6507.048828125,5.785140153001148,-2.842170943040401e-14,3.5275590551181097,16.0,219,253,0.0,weak_evidence,0.591635237635491,True,False,3.4406111678264146,58625.65023556851,4423.500361927353,13.253226051512035,17694.001447709412,70,persistent_core_paired_edge_continuity_first_v2_1,202.0,272.0,6.803971754713869,5.4689161838249545,0.6536867334018942,-0.002092011272907257,0.19580776923215568,1.0,235.0,202.0,207.45618025822,-2.842170943040401e-14,-5.456180258220002,1.0,5.785140153001148,234,237,207,223,248,264,True,True,UPPER_SEED_TRAJECTORY_OUTLIER;Z_EDGE_EVIDENCE_WEAK;Z_CONTINUITY_REJECTED_CONTINUITY,rejected_continuity,209.0,False,,True,0,216.0,False,209.0
flow10,21,0,0.25,128.0,19,235.00000000000003,225.0,207.0,226.0,228.0,model_assisted,2.398487868841356e-145,model_assisted,2.398487868841356e-145,model_assisted,0.0,strong_evidence,0.9264226511541179,True,True,234.0,49330.8203125,13497.859375,3498.631103515625,10.241994619407857,-1.0000000000000284,3.5275590551181097,16.0,219,253,0.0,unavailable,0.0,False,False,3.4406111678264146,56021.77495300023,3437.7665366682604,16.295980065968703,14005.443738250058,79,persistent_core_paired_edge_continuity_first_v2_1,202.0,281.0,,,,,,,234.0,,207.2708248431628,-1.0000000000000284,,2.0,10.241994619407857,234,237,207,223,248,264,True,True,NO_VALID_UPPER_COMPONENT;Z_EDGE_EVIDENCE_UNAVAILABLE;Z_CONTINUITY_NO_CANDIDATE,no_candidate,,False,,True,0,216.0,False,209.0
flow10,22,0,0.25,128.0,19,235.00000000000003,214.0,207.0,226.0,228.0,model_assisted,0.30307929187584953,model_assisted,0.30307929187584953,model_assisted,0.9400043236547814,strong_evidence,0.999999999999998,True,True,235.0,49455.16015625,10722.3046875,6274.84814453125,6.172715988753774,-2.842170943040401e-14,3.5275590551181097,16.0,219,253,0.0,weak_evidence,0.8836081284896848,True,False,3.4406111678264146,64678.83717031196,1096.8320349797434,58.96877106758326,16169.70929257799,63,persistent_core_paired_edge_continuity_first_v2_1,205.0,268.0,29.92793166195678,25.62820613341048,-10.719719345830264,0.3946292921900749,0.05813909941082628,1.0,235.0,205.0,207.1339439772455,-2.842170943040401e-14,-2.133943977245508,1.0,6.172715988753774,234,237,207,223,248,264,True,True,UPPER_SEED_TRAJECTORY_OUTLIER;Z_EDGE_EVIDENCE_WEAK;Z_CONTINUITY_REJECTED_CONTINUITY,rejected_continuity,209.0,False,,True,0,215.0,False,209.0
flow10,23,0,0.25,128.0,19,235.00000000000003,214.0,207.0,226.0,228.0,high_confidence,0.6861434909723617,high_confidence,0.6861434909723617,high_confidence,0.9364728570945691,strong_evidence,0.9264226511541223,True,True,236.0,49699.1953125,18186.810546875,3242.93115234375,9.71725370822325,0.9999999999999716,3.5275590551181097,16.0,219,253,4.461134273014977e-05,strong_evidence,0.9466320917157369,True,True,3.4406111678264146,65364.26854783109,1830.4079868885362,35.71021816777698,16341.067136957772,70,persistent_core_paired_edge_continuity_first_v2_1,206.0,276.0,10.468329428842441,4.212048597820231,0.2467468507149874,0.23336848616600037,0.1452025002355652,1.0,236.0,206.0,207.04395934359718,0.9999999999999716,-1.0439593435971801,0.0,9.71725370822325,234,237,207,223,248,264,True,True,,accepted,209.0,False,,False,0,215.0,False,209.0
flow10,24,0,0.25,128.0,19,235.00004461134276,216.0,207.0,226.0,228.0,model_assisted,0.27692035733401227,model_assisted,0.27692035733401227,model_assisted,0.885184273168369,strong_evidence,0.8787204944870146,True,True,236.0,50519.4296875,18134.1171875,5999.52490234375,5.397979511235712,0.9999553886572414,3.5275590551181097,16.0,219,253,0.00016009476593126237,weak_evidence,0.8916955987489976,True,False,3.4406111678264146,63372.83667326633,4893.289646479873,12.950967805238216,19573.158585919493,53,persistent_core_paired_edge_continuity_first_v2_1,209.0,262.0,7.9897976430656685,5.281392770379641,0.7254845565254068,0.34298111498355865,0.011194291307510028,1.0,236.0,209.0,206.99760512372254,0.9999553886572414,2.0023948762774637,1.0,5.397979511235712,234,237,207,223,248,264,True,True,UPPER_SEED_TRAJECTORY_OUTLIER;Z_EDGE_EVIDENCE_WEAK;Z_CONTINUITY_REJECTED_CONTINUITY,rejected_continuity,209.0,False,,True,0,215.0,False,209.0
flow10,25,0,0.25,128.0,19,235.0002047061087,220.0,207.0,226.0,228.0,high_confidence,0.9978049230550954,high_confidence,0.9978049230550954,high_confidence,0.9998330105730876,strong_evidence,0.9999854922631759,True,True,235.0,50356.94921875,15831.48828125,3259.468505859375,10.59235911481746,-0.00020470610868983385,3.5275590551181097,16.0,219,253,0.0005141076057952887,strong_evidence,0.9996805521340024,True,True,3.4406111678264146,62038.14885988158,4538.423154051236,13.669538241383034,18153.692616204946,66,persistent_core_paired_edge_continuity_first_v2_1,208.0,274.0,5.54005175306371,2.5832289259028753,0.8903947607171027,0.510197326540947,0.12847682943855357,1.0,235.0,207.0,206.99340753102697,-0.00020470610868983385,0.006592468973025234,0.0,10.59235911481746,234,237,207,223,248,264,True,True,,accepted,209.0,False,,False,0,215.0,False,209.0
flow10,26,0,0.25,128.0,19,235.00071881371449,217.0,207.0,226.0,228.0,high_confidence,0.6877871004098692,high_confidence,0.6877871004098692,high_confidence,0.9617926072250153,strong_evidence,0.9264776381529547,True,True,236.0,49662.10546875,17765.63671875,4588.541015625,6.951331292754157,0.9992811862855149,3.5275590551181097,16.0,219,253,0.0014773247784205523,strong_evidence,0.9984536930183029,True,True,3.4406111678264146,62894.25030504461,2017.100419445845,31.180525123445985,15723.562576261153,73,persistent_core_paired_edge_continuity_first_v2_1,207.0,280.0,13.940947381557567,10.25309867424868,-3.5955544870982683,0.3823399320244789,0.09718808334258112,1.0,236.0,207.0,207.0318721115073,0.9992811862855149,-0.03187211150731173,0.0,6.951331292754157,234,237,207,223,248,264,True,True,,accepted,207.0,False,,False,0,216.0,False,207.0
flow10,27,0,0.25,128.0,19,235.0021961384929,221.0,207.0,226.0,228.0,high_confidence,0.5,high_confidence,0.5,high_confidence,0.9053578799012835,strong_evidence,0.9262546332129403,True,True,234.0,48912.45703125,15241.5703125,2769.2578125,12.158812576700097,-1.0021961384929057,3.5275590551181097,16.0,219,253,0.00379876994031747,strong_evidence,0.8849325674691756,True,True,3.4406111678264146,54707.53100721583,2293.0397381045623,23.858082395221523,13676.882751803958,53,persistent_core_paired_edge_continuity_first_v2_1,205.0,258.0,10.92817021853531,6.130880675274947,2.4146148347455485,0.41823212429881096,0.11506112547833051,1.0,234.0,205.0,207.11256489763193,-1.0021961384929057,-2.112564897631927,0.0,12.158812576700097,234,237,207,223,248,264,True,True,,accepted,207.0,False,,False,0,217.0,False,207.0
flow10,28,0,0.25,128.0,19,235.00599490843322,214.0,207.0,226.0,228.0,model_assisted,0.23855281998171787,model_assisted,0.23855281998171787,model_assisted,0.8319474454988154,strong_evidence,0.9268811430360798,True,True,236.0,49933.375,11169.169921875,3893.10546875,9.957142283784936,0.9940050915667769,3.5275590551181097,16.0,219,253,0.008740878047660772,weak_evidence,0.7467371164816783,True,False,3.4406111678264146,55850.67271410818,10108.430233070438,5.525157856003081,40433.72093228175,18,persistent_core_paired_edge_continuity_first_v2_1,211.0,229.0,4.07211121877079,2.7955129438288226,1.1892902467013702,0.2251405119895935,0.05020760672299442,1.0,236.0,211.0,207.23031750035793,0.9940050915667769,3.769682499642073,1.0,9.957142283784936,234,237,207,223,248,264,True,True,UPPER_SEED_TRAJECTORY_OUTLIER;Z_EDGE_EVIDENCE_WEAK;Z_CONTINUITY_REJECTED_CONTINUITY,rejected_continuity,207.0,False,,True,0,217.0,False,207.0
flow10,29,0,0.25,128.0,19,235.01473578648088,215.0,207.0,226.0,228.0,high_confidence,0.8114711383104716,high_confidence,0.8114711383104716,high_confidence,0.9836958913881532,strong_evidence,0.9989551210318994,True,True,235.0,49663.609375,12493.38671875,2859.90283203125,12.99702291977864,-0.014735786480883917,3.5275590551181097,16.0,219,253,0.017997500190858773,strong_evidence,0.9686697493820979,True,True,3.4406111678264146,53742.4201279907,2893.1719460880468,18.575605297382204,13435.605031997675,91,persistent_core_paired_edge_continuity_first_v2_1,208.0,299.0,11.74780700139356,8.236211909642856,-0.8094297347690539,0.43994347378611565,0.02750484371717065,1.0,235.0,208.0,207.37328062446176,-0.014735786480883917,0.6267193755382436,0.0,12.99702291977864,234,237,207,223,248,264,True,True,,accepted,207.0,False,,False,0,217.0,False,207.0
flow10,30,0,0.25,128.0,19,235.03273328667174,212.0,208.0,227.0,229.0,high_confidence,0.5,high_confidence,0.5,high_confidence,0.8469987899438957,strong_evidence,0.9038391107337064,True,True,235.0,50945.11328125,15865.7001953125,7123.59375,4.924398318747121,-0.03273328667174269,3.5275590551181097,16.0,219,253,0.033159988420891295,strong_evidence,0.7937330235511235,True,True,3.4406111678264146,59203.46304525654,12633.264394520325,4.686315523558267,50533.0575780813,6,persistent_core_paired_edge_continuity_first_v2_1,210.0,216.0,3.0881999386910364,1.9707476171856106,0.9554447269977787,0.2581653594970703,0.08596945484753417,1.0,235.0,210.0,207.52441418897683,-0.03273328667174269,2.4755858110231657,0.0,4.924398318747121,234,237,207,223,248,264,True,True,,accepted,207.0,False,,False,0,217.0,False,207.0
flow10,31,0,0.25,128.0,19,235.06589327509263,211.0,208.0,227.0,229.0,high_confidence,0.6087046810905145,high_confidence,0.6087046810905145,high_confidence,0.9571421930714096,strong_evidence,0.9314497903714382,True,True,236.0,48665.68359375,15126.03125,4929.1982421875,6.80428148673234,0.934106724907366,3.5275590551181097,16.0,219,253,0.054671578245631736,strong_evidence,0.983543275469762,True,True,3.4406111678264146,54683.44883904227,5119.078991166433,10.682282678857844,20476.315964665733,37,persistent_core_paired_edge_continuity_first_v2_1,208.0,245.0,8.94831257453087,6.678863891465319,0.08594383248870059,0.2860928028821945,0.000491112733345146,1.0,236.0,208.0,207.66583298602137,0.934106724907366,0.3341670139786288,0.0,6.80428148673234,234,237,207,223,248,264,True,True,,accepted,207.0,False,,False,0,218.0,False,207.0
flow10,32,0,0.25,128.0,19,235.12056485333827,222.0,208.0,227.0,229.0,high_confidence,0.5517829857849861,high_confidence,0.5517829857849861,high_confidence,0.9109651321352388,strong_evidence,0.9171531699136378,True,True,234.0,48210.51171875,13173.724609375,2635.55810546875,13.293877693940463,-1.1205648533382657,3.5275590551181097,16.0,219,253,0.08065919989877557,strong_evidence,0.9048188450837662,True,True,3.4406111678264146,60844.31506519756,1102.0109240306717,55.21207978833439,15211.07876629939,72,persistent_core_paired_edge_continuity_first_v2_1,206.0,278.0,38.03930570380791,27.947433791497165,9.82945608340048,0.30477621406316757,0.0790828828972843,1.0,234.0,206.0,207.7838013550981,-1.1205648533382657,-1.7838013550980918,0.0,13.293877693940463,234,237,207,223,248,264,True,True,,accepted,208.0,False,,False,0,219.0,False,208.0
flow10,33,0,0.25,128.0,19,235.20122405323704,216.0,208.0,227.0,229.0,high_confidence,0.958152893450384,high_confidence,0.958152893450384,high_confidence,0.9896840511227077,strong_evidence,0.9856359810279767,True,True,235.0,49983.5703125,13875.9189453125,2660.1826171875,13.573373171411296,-0.2012240532370413,3.5275590551181097,16.0,219,253,0.10648569402727048,strong_evidence,0.9937487469005584,True,True,3.4406111678264146,58052.33210570614,4314.993928675877,13.453630078112392,17259.97571470351,59,persistent_core_paired_edge_continuity_first_v2_1,208.0,267.0,10.139718700918147,7.5226022917256286,1.2988227542412016,0.3481587767601013,0.028629539355674034,1.0,235.0,208.0,207.87175624827427,-0.2012240532370413,0.12824375172573355,0.0,13.573373171411296,234,237,207,223,248,264,True,True,,accepted,208.0,False,,False,0,219.0,False,208.0
flow10,34,0,0.25,128.0,19,235.3077097472643,222.0,208.0,227.0,229.0,high_confidence,0.5,high_confidence,0.5,high_confidence,0.8717558043570014,strong_evidence,0.7625378738232839,True,True,237.0,51224.1484375,13783.626953125,8157.50537109375,4.589702339277162,1.6922902527356882,3.5275590551181097,16.0,219,253,0.12579798346030202,strong_evidence,0.9966169662101804,True,True,3.4406111678264146,62698.36817059497,1721.6672588383703,36.41723907376755,15674.592042648743,58,persistent_core_paired_edge_continuity_first_v2_1,208.0,266.0,12.594333831455454,6.434694336255069,-0.6816772941771111,0.20661750435829163,0.13181103939981062,1.0,237.0,208.0,207.9303977756071,1.6922902527356882,0.0696022243928951,0.0,4.589702339277162,234,237,207,223,248,264,True,True,,accepted,208.0,False,,False,0,220.0,False,208.0
flow10,35,0,0.25,128.0,19,235.4335077307246,217.0,208.0,227.0,229.0,model_assisted,0.029573745863161954,model_assisted,0.029573745863161954,model_assisted,0.0,strong_evidence,0.9486748045585848,True,True,236.0,51367.15234375,16478.4296875,5942.20361328125,5.871344189261912,0.5664922692753862,3.5275590551181097,16.0,219,253,0.1329845385507724,weak_evidence,0.0,True,False,3.4406111678264146,64500.03179713484,410.68099119912284,157.0562874332339,16125.00794928371,69,persistent_core_paired_edge_continuity_first_v2_1,200.0,269.0,83.35009083118489,56.19335220357528,4.724726474220188,0.008245579898357391,0.1903305659522576,1.0,236.0,199.0,207.96510034903264,0.5664922692753862,-8.965100349032639,1.0,5.871344189261912,234,237,207,223,248,264,True,True,UPPER_SEED_TRAJECTORY_OUTLIER;Z_EDGE_EVIDENCE_WEAK;Z_CONTINUITY_REJECTED_CONTINUITY,rejected_continuity,208.0,False,,True,0,220.0,False,208.0
flow10,36,0,0.25,128.0,19,235.5664922692754,218.0,208.0,227.0,229.0,high_confidence,0.8718528215799831,high_confidence,0.8718528215799831,high_confidence,0.9788769794040659,strong_evidence,0.9590123976241933,True,True,235.0,49746.38671875,17623.421875,3663.054931640625,8.769446662205151,-0.5664922692753862,3.5275590551181097,16.0,219,253,0.1329845385507724,strong_evidence,0.9991530278242726,True,True,3.4406111678264146,54802.40275877296,8297.179998257181,6.60494321809147,33188.719993028724,32,persistent_core_paired_edge_continuity_first_v2_1,208.0,240.0,4.026114326407743,2.6420881167809345,0.5087397164044108,0.14791777729988098,0.004296204743507372,1.0,235.0,208.0,207.9825301932387,-0.5664922692753862,0.017469806761312157,0.0,8.769446662205151,235,238,208,224,249,265,True,True,,accepted,208.0,False,,False,0,220.0,False,208.0
flow10,37,0,0.25,128.0,19,235.6922902527357,229.0,208.0,227.0,229.0,high_confidence,0.5,high_confidence,0.5,high_confidence,0.9199183645459573,strong_evidence,0.9496704890843387,True,True,235.0,48558.0078125,13492.2431640625,3956.244873046875,8.863395915488882,-0.6922902527356882,3.5275590551181097,16.0,219,253,0.12579798346030202,strong_evidence,0.891098341114983,True,True,3.4406111678264146,62002.45462465953,8099.166373906099,7.6554118982441315,32396.665495624395,26,persistent_core_paired_edge_continuity_first_v2_1,210.0,236.0,6.85123995138715,5.562127346606152,-0.930140953279458,0.38225966691970825,0.00939248702856108,1.0,235.0,210.0,207.9878081740336,-0.6922902527356882,2.012191825966397,0.0,8.863395915488882,235,238,208,224,249,265,True,True,,accepted,208.0,False,,False,0,220.0,False,208.0
flow10,38,0,0.25,128.0,19,235.79877594676293,213.0,208.0,227.0,229.0,model_assisted,0.02570752534022147,model_assisted,0.02570752534022147,model_assisted,0.0,strong_evidence,0.9856359810279746,True,True,236.0,50324.0,13057.96875,2434.74267578125,15.305942439293808,0.2012240532370697,3.5275590551181097,16.0,219,253,0.10648569402724206,weak_evidence,0.0,True,False,3.4406111678264146,60405.63687707247,6163.098819955507,9.801179348525935,24652.395279822027,52,persistent_core_paired_edge_continuity_first_v2_1,197.0,249.0,5.014937241686226,3.53001778181756,0.09691149384306333,-0.0009757876396179199,0.13954171780693814,1.0,236.0,197.0,207.98291454544471,0.2012240532370697,-10.982914545444714,1.0,15.305942439293808,235,238,208,224,249,265,True,True,UPPER_SEED_TRAJECTORY_OUTLIER;Z_EDGE_EVIDENCE_WEAK;Z_CONTINUITY_REJECTED_CONTINUITY,rejected_continuity,208.0,False,,True,0,220.0,False,208.0
flow10,39,0,0.25,128.0,19,235.87943514666173,218.0,208.0,227.0,229.0,model_assisted,0.06334989994238809,model_assisted,0.06334989994238809,model_assisted,0.0,strong_evidence,0.9171531699136378,True,True,237.0,47922.05859375,12413.345703125,3994.18798828125,8.890095557546568,1.1205648533382657,3.5275590551181097,16.0,219,253,0.08065919989880399,weak_evidence,0.0,True,False,3.4406111678264146,58261.044647769704,11247.758272385669,5.1797916737601115,44991.033089542674,12,persistent_core_paired_edge_continuity_first_v2_1,212.0,224.0,3.676611185837093,2.8582898952125952,0.33301985255223854,0.12391390651464462,0.1399240374553002,1.0,237.0,201.0,207.96615503424943,1.1205648533382657,-6.966155034249425,2.0,8.890095557546568,235,238,208,224,249,265,True,True,UPPER_SEED_TRAJECTORY_OUTLIER;Z_EDGE_EVIDENCE_WEAK;Z_CONTINUITY_REJECTED_CONTINUITY,rejected_continuity,208.0,False,,True,0,220.0,False,208.0
flow10,40,0,0.25,128.0,19,235.9341067249074,215.0,208.0,227.0,229.0,model_assisted,0.12138268196097991,model_assisted,0.12138268196097991,model_assisted,0.8084523374908904,strong_evidence,0.9953191531305104,True,True,236.0,49705.33984375,12249.4990234375,5960.478515625,6.284032518886612,0.06589327509260556,3.5275590551181097,16.0,219,253,0.05467157824566016,weak_evidence,0.6566689487877085,True,False,3.4406111678264146,63072.31700643877,1338.4017719323265,47.125099748917464,15768.079251609692,64,persistent_core_paired_edge_continuity_first_v2_1,204.0,268.0,24.99778991385986,16.950015537711757,6.497368603816556,0.3283991888165474,0.16985644780307715,1.0,236.0,203.0,207.93270159649796,0.06589327509260556,-4.932701596497964,3.0,6.284032518886612,235,238,208,224,249,265,True,True,UPPER_SEED_TRAJECTORY_OUTLIER;Z_EDGE_EVIDENCE_WEAK;Z_CONTINUITY_REJECTED_CONTINUITY,rejected_continuity,208.0,False,,True,0,220.0,False,208.0
flow10,41,0,0.25,128.0,19,235.96726671332826,214.0,208.0,227.0,229.0,model_assisted,0.21376396662316197,model_assisted,0.21376396662316197,model_assisted,0.8700193370235936,strong_evidence,0.9976774773822293,True,True,236.0,49004.56640625,14270.400390625,4463.81103515625,7.7812805564716685,0.03273328667174269,3.5275590551181097,16.0,219,253,0.033159988420862874,weak_evidence,0.7586957347990502,True,False,3.4406111678264146,64350.29168120983,4322.131595465078,14.888554468986612,17288.526381860313,56,persistent_core_paired_edge_continuity_first_v2_1,204.0,260.0,8.098365111468029,5.009796660300525,0.7831512863736783,0.40586259216070175,0.14604859067457268,1.0,236.0,204.0,207.8760559799165,0.03273328667174269,-3.8760559799164866,2.0,7.7812805564716685,235,238,208,224,249,265,True,True,UPPER_SEED_TRAJECTORY_OUTLIER;Z_EDGE_EVIDENCE_WEAK;Z_CONTINUITY_REJECTED_CONTINUITY,rejected_continuity,208.0,False,,True,0,219.0,False,208.0
flow10,42,0,0.25,128.0,19,235.98526421351912,214.0,208.0,227.0,229.0,model_assisted,0.02741118567874304,model_assisted,0.02741118567874304,model_assisted,0.0,strong_evidence,0.9989551210318994,True,True,236.0,50798.7890625,12062.2734375,3169.682861328125,12.220943646320837,0.014735786480883917,3.5275590551181097,16.0,219,253,0.017997500190858773,weak_evidence,0.0,True,False,3.4406111678264146,65495.209700341904,1630.8468064201454,40.16024646981389,16373.802425085476,55,persistent_core_paired_edge_continuity_first_v2_1,203.0,258.0,15.469382654157657,11.17156743799919,1.2699236441245356,-0.12088850140571594,0.3264733210391036,1.0,236.0,197.0,207.7904123373304,0.014735786480883917,-10.790412337330395,1.0,12.220943646320837,235,238,208,224,249,265,True,True,UPPER_SEED_TRAJECTORY_OUTLIER;Z_EDGE_EVIDENCE_WEAK;Z_CONTINUITY_REJECTED_CONTINUITY,rejected_continuity,208.0,False,,True,0,219.0,False,208.0
flow10,43,0,0.25,128.0,19,235.9940050915668,216.0,208.0,227.0,229.0,high_confidence,0.755334307909203,high_confidence,0.755334307909203,high_confidence,0.9545004088127967,strong_evidence,0.9259639322495188,True,True,237.0,50087.99609375,14969.318359375,4169.6748046875,8.422402076750684,1.0059949084331947,3.5275590551181097,16.0,219,253,0.008740878047689193,strong_evidence,0.983916326212035,True,True,3.4406111678264146,64232.238391522944,1668.7681422980154,38.49081053469206,16058.059597880736,57,persistent_core_paired_edge_continuity_first_v2_1,208.0,265.0,28.293629117499187,20.800813491497088,3.704225852269601,0.28402069211006165,0.026761759819231356,1.0,237.0,208.0,207.67328556204046,1.0059949084331947,0.3267144379595379,0.0,8.422402076750684,235,238,208,224,249,265,True,True,,accepted,208.0,False,,False,0,219.0,False,208.0
flow10,44,0,0.25,128.0,19,235.99780386150712,227.0,208.0,227.0,229.0,model_assisted,2.398487868841356e-145,model_assisted,2.398487868841356e-145,model_assisted,0.0,strong_evidence,0.9998443463744814,True,True,236.0,49668.63671875,13722.130859375,3061.16650390625,11.742747679195134,0.002196138492877253,3.5275590551181097,16.0,219,253,0.00379876994031747,unavailable,0.0,False,False,3.4406111678264146,59518.571911606385,3716.432692424399,16.014973722766307,14879.642977901596,70,persistent_core_paired_edge_continuity_first_v2_1,204.0,274.0,,,,,,,236.0,,207.52727580773507,0.002196138492877253,,1.0,11.742747679195134,235,238,208,224,249,265,True,True,NO_VALID_UPPER_COMPONENT;Z_EDGE_EVIDENCE_UNAVAILABLE;Z_CONTINUITY_NO_CANDIDATE,no_candidate,,False,,True,0,220.0,False,208.0
flow10,45,0,0.25,128.0,19,235.99928118628551,217.0,207.0,226.0,228.0,high_confidence,0.6355367435796343,high_confidence,0.6355367435796343,high_confidence,0.9639453913471722,strong_evidence,0.9999490559893295,True,True,236.0,50010.5546875,17126.46484375,2734.631103515625,12.025055153316444,0.0007188137144851225,3.5275590551181097,16.0,219,253,0.0014773247783921306,strong_evidence,0.9292380566129244,True,True,3.4406111678264146,55802.26869884654,3542.7655764890633,15.751047449813903,14171.062305956253,56,persistent_core_paired_edge_continuity_first_v2_1,206.0,262.0,9.734800771956705,6.665517809347202,1.0426096167955758,0.31616994738578796,0.07833343405056774,1.0,236.0,206.0,207.35985611493618,0.0007188137144851225,-1.3598561149361785,0.0,12.025055153316444,235,238,208,224,249,265,True,True,,accepted,208.0,False,,False,0,220.0,False,208.0
flow10,46,0,0.25,128.0,19,235.99979529389134,223.0,207.0,226.0,228.0,model_assisted,0.25642047918432087,model_assisted,0.25642047918432087,model_assisted,0.8679295286729468,strong_evidence,0.926406991180582,True,True,237.0,48089.47265625,13757.6103515625,4636.3115234375,7.404994709939774,1.0002047061086614,3.5275590551181097,16.0,219,253,0.0005141076058237104,weak_evidence,0.8131433310779113,True,False,3.4406111678264146,63802.195041472514,1261.372199513892,50.58157700483697,15950.548760368129,63,persistent_core_paired_edge_continuity_first_v2_1,204.0,267.0,18.10934150770786,9.863848200490978,-0.6912303085570599,0.39779748767614365,0.18021575702791,1.0,237.0,204.0,207.18151897633993,1.0002047061086614,-3.1815189763399303,1.0,7.404994709939774,235,238,208,224,249,265,True,True,UPPER_SEED_TRAJECTORY_OUTLIER;Z_EDGE_EVIDENCE_WEAK;Z_CONTINUITY_REJECTED_CONTINUITY,rejected_continuity,208.0,False,,True,0,220.0,False,208.0
flow10,47,0,0.25,128.0,19,235.99995538865724,215.0,207.0,226.0,228.0,model_assisted,0.1338551038752061,model_assisted,0.1338551038752061,model_assisted,0.709498938254042,strong_evidence,0.9999968383652418,True,True,236.0,49836.859375,15720.119140625,3445.43212890625,9.902020692308728,4.461134275857148e-05,3.5275590551181097,16.0,219,253,0.00016009476590284066,weak_evidence,0.5033903349199926,True,False,3.4406111678264146,65145.78863937814,1758.6256125473578,37.04358004033325,16286.447159844534,56,persistent_core_paired_edge_continuity_first_v2_1,201.0,257.0,13.717770118623498,7.8130840318740145,2.4322880704036964,0.1507250815629959,0.20797224721956367,1.0,236.0,201.0,207.00345339627165,4.461134275857148e-05,-6.003453396271652,1.0,9.902020692308728,235,238,208,224,249,265,True,True,UPPER_SEED_TRAJECTORY_OUTLIER;Z_EDGE_EVIDENCE_WEAK;Z_CONTINUITY_REJECTED_CONTINUITY,rejected_continuity,208.0,False,,True,0,220.0,False,208.0
flow10,48,0,0.25,128.0,19,236.0,212.0,207.0,226.0,228.0,high_confidence,0.5,high_confidence,0.5,high_confidence,0.9741581097710681,strong_evidence,0.9908627256276875,True,True,236.0,50180.27734375,14408.5546875,6072.41748046875,5.89085364622998,0.0,3.5275590551181097,16.0,220,253,4.461134275857148e-05,strong_evidence,0.9577351113208765,True,True,3.4406111678264146,60002.52156544209,7941.789729870856,7.555289626941283,31767.158919483423,50,persistent_core_paired_edge_continuity_first_v2_1,206.0,256.0,4.414995787781426,3.094122972844273,1.6279078831355631,0.12066775560379028,0.02972114827091924,1.0,236.0,206.0,206.83614559890373,0.0,-0.8361455989037267,0.0,5.89085364622998,235,238,208,224,249,265,True,True,,accepted,208.0,False,,False,0,220.0,False,208.0
flow10,49,0,0.25,128.0,19,236.0,211.0,207.0,226.0,228.0,high_confidence,0.9015482022423205,high_confidence,0.9015482022423205,high_confidence,0.9923234067363119,strong_evidence,1.0,True,True,236.0,48007.69921875,10956.7568359375,2279.019775390625,16.25740275836876,0.0,3.5275590551181097,16.0,220,253,0.0,strong_evidence,0.9847057435567599,True,True,3.4406111678264146,64258.74904862598,4086.173869576563,15.725896914730383,16344.695478306252,57,persistent_core_paired_edge_continuity_first_v2_1,207.0,264.0,11.296334276451809,8.540608297610683,0.47093759835834115,0.2066575586795807,0.024364510410605004,1.0,236.0,207.0,206.68907469349188,0.0,0.3109253065081248,0.0,16.25740275836876,235,238,208,224,249,265,True,True,,accepted,208.0,False,,False,0,220.0,False,208.0
flow10,50,0,0.25,128.0,19,236.0,212.0,207.0,226.0,228.0,high_confidence,0.5,high_confidence,0.5,high_confidence,0.9492513053658198,strong_evidence,1.0,True,True,236.0,50732.26953125,14227.1806640625,5529.4345703125,6.601956927600355,0.0,3.5275590551181097,16.0,220,253,0.0,strong_evidence,0.9010780407387128,True,True,3.4406111678264146,62674.042819399096,11311.315168869909,5.540827205653818,45245.260675479636,12,persistent_core_paired_edge_continuity_first_v2_1,209.0,221.0,5.152148896797039,3.718007445693199,0.042319236546870954,0.36062853038311005,0.020792099862926773,1.0,236.0,208.0,206.5704463215601,0.0,1.4295536784399019,0.0,6.601956927600355,235,238,208,224,249,265,True,True,,accepted,207.0,False,,False,0,219.0,False,207.0
flow10,51,0,0.25,128.0,19,236.0,211.0,206.0,225.0,227.0,model_assisted,0.07889153435356167,model_assisted,0.07889153435356167,model_assisted,0.0,strong_evidence,1.0,True,True,236.0,50425.32421875,13607.765625,3848.79345703125,9.566000099716721,0.0,3.5275590551181097,16.0,220,253,0.0,weak_evidence,0.0,True,False,3.4406111678264146,62548.67359441353,5545.459508289813,11.279258914596813,22181.838033159253,54,persistent_core_paired_edge_continuity_first_v2_1,205.0,259.0,4.579274528556897,2.84731259050033,-0.35427781426465543,0.20450547337532043,0.2096546219311491,1.0,236.0,199.0,206.48593424642246,0.0,-7.48593424642246,1.0,9.566000099716721,235,238,208,224,249,265,True,True,UPPER_SEED_TRAJECTORY_OUTLIER;Z_EDGE_EVIDENCE_WEAK;Z_CONTINUITY_REJECTED_CONTINUITY,rejected_continuity,207.0,False,,True,0,220.0,False,207.0
flow10,52,0,0.25,128.0,19,236.0,218.0,206.0,225.0,227.0,high_confidence,0.5181121047672794,high_confidence,0.5181121047672794,high_confidence,0.9517736668478105,strong_evidence,0.9258931462199128,True,True,237.0,50741.375,15906.5224609375,5812.451171875,5.993143255571703,1.0,3.5275590551181097,16.0,220,253,0.0,strong_evidence,0.9783775985417751,True,True,3.4406111678264146,56598.83138472069,3113.7376719276917,18.1771354391845,14149.707846180172,71,persistent_core_paired_edge_continuity_first_v2_1,206.0,277.0,8.390933393377194,4.961339268656833,2.8370443175111206,0.3624800816178322,0.04987376279020557,1.0,237.0,206.0,206.43678372104245,1.0,-0.43678372104244545,0.0,5.993143255571703,235,238,208,224,249,265,True,True,,accepted,207.0,False,,False,0,220.0,False,207.0
flow10,53,0,0.25,128.0,19,236.0,210.0,206.0,225.0,227.0,model_assisted,0.021068183868301404,model_assisted,0.021068183868301404,model_assisted,0.0,strong_evidence,0.9264226511541201,True,True,235.0,47292.3828125,14407.853515625,3470.138916015625,9.476430221598347,-1.0,3.5275590551181097,16.0,220,253,0.0,weak_evidence,0.0,True,False,3.4406111678264146,65175.57642638343,1050.963304707649,62.015082862016385,16293.894106595857,68,persistent_core_paired_edge_continuity_first_v2_1,195.0,263.0,30.361554828024154,23.423394595817488,6.4075774895717625,0.1880919262766838,0.236299802503218,1.0,235.0,195.0,206.41864153043818,-1.0,-11.41864153043818,1.0,9.476430221598347,235,238,208,224,249,265,True,True,UPPER_SEED_TRAJECTORY_OUTLIER;Z_EDGE_EVIDENCE_WEAK;Z_CONTINUITY_REJECTED_CONTINUITY,rejected_continuity,206.0,False,,True,0,219.0,False,206.0
flow10,54,0,0.25,128.0,19,236.0,215.0,206.0,225.0,227.0,high_confidence,0.5,high_confidence,0.5,high_confidence,0.9070499469306303,strong_evidence,0.9264226511541201,True,True,235.0,49339.140625,14868.95703125,5097.06591796875,6.762750207375547,-1.0,3.5275590551181097,16.0,220,253,0.0,strong_evidence,0.8880823511837773,True,True,3.4406111678264146,57442.16662658489,12521.186043272583,4.587597886339815,50084.74417309033,11,persistent_core_paired_edge_continuity_first_v2_1,209.0,220.0,2.797983863533049,1.837971261781778,0.42483487867848113,0.10535067319869995,0.0071904799864491425,1.0,235.0,207.0,206.4224149408409,-1.0,0.5775850591591052,0.0,6.762750207375547,235,238,208,224,249,265,True,True,,accepted,206.0,False,,False,0,218.0,False,206.0
flow10,55,0,0.25,128.0,19,236.0,214.0,206.0,225.0,227.0,model_assisted,0.03083916152115007,model_assisted,0.03083916152115007,model_assisted,0.0,strong_evidence,0.9264226511541201,True,True,235.0,51496.7109375,12340.6806640625,3311.88232421875,11.822892977537823,-1.0,3.5275590551181097,16.0,220,253,0.0,weak_evidence,0.0,True,False,3.4406111678264146,58394.745227247375,5746.241336061482,10.162250732627875,22984.965344245928,80,persistent_core_paired_edge_continuity_first_v2_1,204.0,284.0,5.912969782932064,4.675548231795114,0.13969433418588514,0.11046810448169708,0.2599777407386371,1.0,235.0,196.0,206.4369097560603,-1.0,-10.436909756060288,1.0,11.822892977537823,235,238,208,224,249,265,True,True,UPPER_SEED_TRAJECTORY_OUTLIER;Z_EDGE_EVIDENCE_WEAK;Z_CONTINUITY_REJECTED_CONTINUITY,rejected_continuity,207.0,False,,True,0,217.0,False,207.0
flow10,56,0,0.25,128.0,19,236.0,219.0,206.0,225.0,227.0,high_confidence,0.6786167923050681,high_confidence,0.6786167923050681,high_confidence,0.9887462799006314,strong_evidence,1.0,True,True,236.0,49000.08203125,10758.21484375,4847.47705078125,7.889024906541167,0.0,3.5275590551181097,16.0,220,253,4.461134278699319e-05,strong_evidence,0.9776192060173375,True,True,3.4406111678264146,62098.25617613722,3185.6542134692704,19.493093730505798,15524.564044034305,53,persistent_core_paired_edge_continuity_first_v2_1,206.0,259.0,10.599345378355322,6.81420655426581,2.4101730344735985,0.1271021068096161,0.08796393675741779,1.0,236.0,206.0,206.4517583889857,0.0,-0.4517583889856951,0.0,7.889024906541167,235,238,208,224,249,265,True,True,,accepted,207.0,False,,False,0,218.0,False,207.0
flow10,57,0,0.25,128.0,19,236.0000446113428,218.0,206.0,225.0,227.0,high_confidence,0.5,high_confidence,0.5,high_confidence,0.8756396744783054,strong_evidence,0.9264260638771736,True,True,237.0,49280.37109375,16139.38671875,4117.623046875,8.048571711816065,0.999955388657213,3.5275590551181097,16.0,220,254,0.00016009476587441895,strong_evidence,0.8276373791898501,True,True,3.4406111678264146,63080.454696026,11917.447930919572,5.29311770956977,47669.79172367829,15,persistent_core_paired_edge_continuity_first_v2_1,208.0,223.0,3.607137262028145,2.145680501203652,0.9015749553631703,0.44299135357141495,0.10272308216797169,1.0,237.0,204.0,206.45915268160473,0.999955388657213,-2.459152681604735,0.0,8.048571711816065,235,238,208,224,249,265,True,True,,accepted,207.0,False,,False,0,218.0,False,207.0
flow10,58,0,0.25,128.0,19,236.00020470610866,217.0,206.0,225.0,227.0,high_confidence,0.5,high_confidence,0.5,high_confidence,0.9107752494399266,strong_evidence,0.8486022466792484,True,True,236.0,48153.6953125,13457.771484375,8029.828125,4.320880009885019,-0.00020470610866141215,3.5275590551181097,16.0,220,254,0.0005141076058237104,strong_evidence,0.9775033689085864,True,True,3.4406111678264146,61073.846626113256,1175.937700740318,51.936294403745954,15268.461656528314,68,persistent_core_paired_edge_continuity_first_v2_1,206.0,274.0,31.33877419113831,21.544593884580944,6.297243496923657,0.3625202476978302,0.06186231865400547,1.0,236.0,206.0,206.45404358019164,-0.00020470610866141215,-0.4540435801916374,0.0,4.320880009885019,235,238,208,224,249,265,True,True,,accepted,206.0,False,,False,0,219.0,False,206.0
flow10,59,0,0.25,128.0,19,236.00071881371449,215.0,206.0,225.0,227.0,high_confidence,0.5260928085661364,high_confidence,0.5260928085661364,high_confidence,0.913014753180714,strong_evidence,0.926367660891387,True,True,235.0,49539.07421875,15161.07421875,2470.842529296875,13.913472668686381,-1.0007188137144851,3.5275590551181097,16.0,220,254,0.0014773247784205523,strong_evidence,0.8998543178024173,True,True,3.4406111678264146,64251.73851354953,11351.051706118245,5.660421622334579,45404.20682447298,17,persistent_core_paired_edge_continuity_first_v2_1,209.0,226.0,4.442823598955446,3.0291784033010165,0.7351234133349803,0.4028950035572052,0.006651187440372484,1.0,235.0,208.0,206.43355010239122,-1.0007188137144851,1.566449897608777,0.0,13.913472668686381,235,238,208,224,249,265,True,True,,accepted,206.0,False,,False,0,219.0,False,206.0
flow10,60,0,0.25,128.0,19,236.0021961384929,223.0,206.0,225.0,227.0,high_confidence,0.817846281811201,high_confidence,0.817846281811201,high_confidence,0.984748324078462,strong_evidence,0.9998443463744794,True,True,236.0,47083.5078125,15062.7705078125,2704.15380859375,11.841315091961928,-0.002196138492905675,3.5275590551181097,16.0,220,254,0.0037987699402890485,strong_evidence,0.9698802271490161,True,True,3.4406111678264146,54097.41715844601,5856.885644388968,9.236550010204244,23427.542577555872,33,persistent_core_paired_edge_continuity_first_v2_1,207.0,240.0,8.713533087293737,6.709953630479776,2.291407777413898,0.36144405603408813,0.010185507103863912,1.0,236.0,207.0,206.39675736124593,-0.002196138492905675,0.6032426387540681,0.0,11.841315091961928,235,238,208,224,249,265,True,True,,accepted,206.0,False,,False,0,220.0,False,206.0
flow10,61,0,0.25,128.0,19,236.0059949084332,216.0,206.0,225.0,227.0,high_confidence,0.5,high_confidence,0.5,high_confidence,0.9284725063394121,strong_evidence,0.9268811430360776,True,True,237.0,47307.53125,14165.66015625,5425.36328125,6.108691598272869,0.9940050915668053,3.5275590551181097,16.0,220,254,0.008740878047689193,strong_evidence,0.9300666018562372,True,True,3.4406111678264146,58078.017061295366,3222.0406027490503,18.02522817736782,14519.504265323842,59,persistent_core_paired_edge_continuity_first_v2_1,205.0,264.0,9.500142534238549,8.041098370367646,-3.8549609713267188,0.36168472468852997,0.022126870526835176,1.0,237.0,205.0,206.3450737395824,0.9940050915668053,-1.3450737395824035,0.0,6.108691598272869,235,238,208,224,249,265,True,True,,accepted,206.0,False,,False,0,219.0,False,206.0
flow10,62,0,0.25,128.0,19,236.01473578648088,226.0,206.0,225.0,227.0,high_confidence,0.5,high_confidence,0.5,high_confidence,0.925400572570856,strong_evidence,0.9989551210318994,True,True,236.0,42635.9765625,12449.013671875,3290.8037109375,9.173127765200311,-0.014735786480883917,3.5275590551181097,16.0,220,254,0.017997500190858773,strong_evidence,0.857261954701088,True,True,3.4406111678264146,52149.398991114904,12357.847883440421,4.219941812117251,49431.391533761685,6,persistent_core_paired_edge_continuity_first_v2_1,223.0,229.0,2.57629726695248,1.5053774215805267,0.03266152819641603,0.25004011392593384,0.05770478565799402,1.0,236.0,207.0,206.28261300552418,-0.014735786480883917,0.7173869944758167,0.0,9.173127765200311,235,238,208,224,249,265,True,True,,accepted,206.0,False,,False,0,220.0,False,206.0
flow10,63,0,0.25,128.0,19,236.03273328667174,218.0,206.0,225.0,227.0,high_confidence,0.692466830364965,high_confidence,0.692466830364965,high_confidence,0.9935503473998246,strong_evidence,0.9976774773822293,True,True,236.0,47847.49609375,14853.2890625,4434.18017578125,7.440881002413668,-0.03273328667174269,3.5275590551181097,16.0,220,254,0.033159988420891295,strong_evidence,0.989440290271401,True,True,3.4406111678264146,61636.44961537012,1091.8060709857639,56.453660822493994,15409.11240384253,89,persistent_core_paired_edge_continuity_first_v2_1,207.0,296.0,35.052106687764244,25.335598172193308,7.667644190218866,0.5091813877224922,0.13702478789537653,1.0,236.0,206.0,206.2156973108036,-0.03273328667174269,-0.21569731080359134,0.0,7.440881002413668,235,238,208,224,249,265,True,True,,accepted,207.0,False,,False,0,220.0,False,207.0
flow10,64,0,0.25,128.0,19,236.06589327509263,211.0,206.0,225.0,227.0,model_assisted,0.23540777134468888,model_assisted,0.23540777134468888,model_assisted,0.900859902428545,strong_evidence,0.9953191531305084,True,True,236.0,49601.03125,15154.966796875,5118.5751953125,6.729619696643334,-0.06589327509263398,3.5275590551181097,16.0,220,254,0.054671578245631736,weak_evidence,0.8153651632755786,True,False,3.4406111678264146,62435.789013246096,2175.2136401243374,28.703290500549272,15608.947253311524,60,persistent_core_paired_edge_continuity_first_v2_1,203.0,263.0,16.164991203307903,10.766792865230931,1.778000995687316,0.3956051841378212,0.04536717865646491,1.0,236.0,203.0,206.1511088352103,-0.06589327509263398,-3.1511088352102945,1.0,6.729619696643334,235,238,208,224,249,265,True,True,UPPER_SEED_TRAJECTORY_OUTLIER;Z_EDGE_EVIDENCE_WEAK;Z_CONTINUITY_REJECTED_CONTINUITY,rejected_continuity,207.0,False,,True,0,220.0,False,207.0
flow10,65,0,0.25,128.0,19,236.12056485333827,211.0,206.0,225.0,227.0,high_confidence,0.5715770691232579,high_confidence,0.5715770691232579,high_confidence,0.9725348037795478,strong_evidence,0.991418684770065,True,True,236.0,49420.09765625,12770.654296875,4739.998046875,7.731953261781902,-0.12056485333826572,3.5275590551181097,16.0,220,254,0.08065919989877557,strong_evidence,0.9540106103425758,True,True,3.4406111678264146,59876.28723018074,9147.81635932656,6.545418587151074,36591.26543730624,25,persistent_core_paired_edge_continuity_first_v2_1,207.0,232.0,4.621594671386768,3.150320077239183,0.2465497335359745,0.2376304566860199,0.01824296618731954,1.0,236.0,207.0,206.0936028771396,-0.12056485333826572,0.9063971228603975,0.0,7.731953261781902,235,238,208,224,249,265,True,True,,accepted,207.0,False,,False,0,220.0,False,207.0
flow10,66,0,0.25,128.0,19,236.20122405323704,214.0,206.0,225.0,227.0,model_assisted,0.07474172944531719,model_assisted,0.07474172944531719,model_assisted,0.0,strong_evidence,0.9108991248587356,True,True,235.0,48050.734375,13919.0673828125,2540.972900390625,13.432519090203765,-1.2012240532370413,3.5275590551181097,16.0,220,254,0.10648569402724206,weak_evidence,0.0,True,False,3.4406111678264146,54830.69256305124,10255.69170567663,5.346367084406593,41022.76682270652,23,persistent_core_paired_edge_continuity_first_v2_1,205.0,228.0,3.184009267231611,2.041790551867206,0.1158778260344556,0.18090251833200455,0.12383530652938421,1.0,235.0,199.0,206.04391791248182,-1.2012240532370413,-7.043917912481817,1.0,13.432519090203765,235,238,208,224,249,265,True,True,UPPER_SEED_TRAJECTORY_OUTLIER;Z_EDGE_EVIDENCE_WEAK;Z_CONTINUITY_REJECTED_CONTINUITY,rejected_continuity,207.0,False,,True,0,221.0,False,207.0
flow10,67,0,0.25,128.0,19,236.30770974726428,214.0,206.0,225.0,227.0,high_confidence,0.6463724408231052,high_confidence,0.6463724408231052,high_confidence,0.9573540954048292,strong_evidence,0.9779493293283377,True,True,236.0,48630.51953125,12910.6552734375,3338.408935546875,10.699667101136944,-0.30770974726428335,3.5275590551181097,16.0,220,254,0.12579798346033044,strong_evidence,0.9371925891271644,True,True,3.4406111678264146,53165.75383216616,10761.627798888778,4.940307807119657,43046.51119555511,11,persistent_core_paired_edge_continuity_first_v2_1,208.0,219.0,4.858434758341107,3.553285882922756,0.14979724993829613,0.3747895807027817,0.02583315967913342,1.0,236.0,206.0,205.99815877149638,-0.30770974726428335,0.0018412285036220055,0.0,10.699667101136944,235,238,208,224,249,265,True,True,,accepted,207.0,False,,False,0,221.0,False,207.0
flow10,68,0,0.25,128.0,19,236.4335077307246,225.0,206.0,225.0,227.0,high_confidence,0.5,high_confidence,0.5,high_confidence,0.9191923124880065,strong_evidence,0.9590123976241933,True,True,237.0,49519.80078125,14622.8056640625,4546.30029296875,7.67591071165245,0.5664922692753862,3.5275590551181097,16.0,220,254,0.13298453855080083,strong_evidence,0.8810256357792615,True,True,3.4406111678264146,63288.759468699296,13068.222557676081,4.842950844261862,52272.890230704324,7,persistent_core_paired_edge_continuity_first_v2_1,223.0,230.0,3.29505397527674,2.3510241997001398,0.45193248094716404,0.12903374433517456,0.05347345120771994,1.0,237.0,207.0,205.9488295030385,0.5664922692753862,1.0511704969615039,0.0,7.67591071165245,235,238,208,224,249,265,True,True,,accepted,206.0,False,,False,0,222.0,False,206.0
flow10,69,0,0.25,128.0,19,236.56649226927541,221.0,206.0,225.0,227.0,high_confidence,0.7439727957376924,high_confidence,0.7439727957376924,high_confidence,0.9233094376199628,strong_evidence,0.8926438698304925,True,True,238.0,47984.49609375,13599.091796875,1893.7962646484375,18.156865624221872,1.4335077307245854,3.5275590551181097,16.0,220,254,0.13298453855080083,strong_evidence,0.9550284793419086,True,True,3.4406111678264146,53246.74115605472,3657.6141042634977,14.557779918331914,14630.45641705399,64,persistent_core_paired_edge_continuity_first_v2_1,205.0,269.0,10.677661402074422,7.527184897968609,2.3575932624751426,0.4080549106001854,0.036123048714366154,1.0,238.0,205.0,205.88725242905875,1.4335077307245854,-0.8872524290587478,0.0,18.156865624221872,236,239,209,225,250,266,True,True,,accepted,207.0,False,,False,0,222.0,False,207.0
flow10,70,0,0.25,128.0,19,236.69229025273572,216.0,206.0,225.0,227.0,high_confidence,0.7642431689212675,high_confidence,0.7642431689212675,high_confidence,0.9685759906035823,strong_evidence,0.9779493293283377,True,True,237.0,48914.23828125,15037.9453125,2419.552490234375,14.001057263886224,0.30770974726428335,3.5275590551181097,16.0,220,254,0.12579798346030202,strong_evidence,0.9592924924014534,True,True,3.4406111678264146,59186.46466628795,7367.2298064969245,8.03374758502759,29468.919225987698,40,persistent_core_paired_edge_continuity_first_v2_1,205.0,245.0,4.065554270782923,2.8010781521174026,-0.6030516256467714,0.19193527102470398,0.034224034693699265,1.0,237.0,205.0,205.80660776958652,0.30770974726428335,-0.8066077695865204,0.0,14.001057263886224,236,239,209,225,250,266,True,True,,accepted,206.0,False,,False,0,221.0,False,206.0
flow10,71,0,0.25,128.0,19,236.79877594676296,214.0,206.0,225.0,227.0,high_confidence,0.5,high_confidence,0.5,high_confidence,0.9085963447085748,strong_evidence,0.9856359810279767,True,True,237.0,48417.62890625,13303.4443359375,2352.089111328125,14.928934622925492,0.2012240532370413,3.5275590551181097,16.0,220,254,0.10648569402724206,strong_evidence,0.8375783083291787,True,True,3.4406111678264146,51588.16721598648,11007.696805203312,4.68655415650628,44030.78722081325,30,persistent_core_paired_edge_continuity_first_v2_1,205.0,235.0,3.4588557194330307,2.098118012722393,0.2036880264884393,0.3717416822910309,0.03918077136591448,1.0,237.0,204.0,205.70468363739474,0.2012240532370413,-1.7046836373947372,0.0,14.928934622925492,236,239,209,225,250,266,True,True,,accepted,206.0,False,,False,0,221.0,False,206.0
flow10,72,0,0.25,128.0,19,236.87943514666176,211.0,206.0,225.0,227.0,model_assisted,0.1804385402521308,model_assisted,0.1804385402521308,model_assisted,0.8076384385505962,strong_evidence,0.8617093422931938,True,True,237.0,46266.16796875,14271.109375,7058.6923828125,4.532717514600308,0.1205648533382373,3.5275590551181097,16.0,220,254,0.08065919989880399,weak_evidence,0.7569603988377198,True,False,3.4406111678264146,57680.68181157278,11738.65243666162,4.913739641138631,46954.60974664648,4,persistent_core_paired_edge_continuity_first_v2_1,210.0,214.0,2.7551992542469796,2.0037423647299866,-0.7600224263915866,0.23659446835517883,0.017989170044365056,1.0,237.0,207.0,205.58535425297632,0.1205648533382373,1.414645747023684,1.0,4.532717514600308,236,239,209,225,250,266,True,True,UPPER_SEED_TRAJECTORY_OUTLIER;Z_EDGE_EVIDENCE_WEAK;Z_CONTINUITY_REJECTED_CONTINUITY,rejected_continuity,205.0,False,,True,0,220.0,False,205.0
flow10,73,0,0.25,128.0,19,236.9341067249074,217.0,205.0,224.0,226.0,high_confidence,0.8584358176782515,high_confidence,0.8584358176782515,high_confidence,0.986271603748034,strong_evidence,0.9953191531305104,True,True,237.0,49453.01171875,13497.39453125,2603.126953125,13.812471629297997,0.06589327509260556,3.5275590551181097,16.0,220,254,0.054671578245631736,strong_evidence,0.9773062974828239,True,True,3.4406111678264146,61564.52201025412,6618.05712719458,9.30250688790164,26472.22850877832,43,persistent_core_paired_edge_continuity_first_v2_1,205.0,248.0,7.147757858687245,5.369363086891367,0.37883690810859305,0.19434818625450134,0.03826897043879734,1.0,237.0,205.0,205.4579300873294,0.06589327509260556,-0.45793008732940166,0.0,13.812471629297997,236,239,209,225,250,266,True,True,,accepted,205.0,False,,False,0,220.0,False,205.0
flow10,74,0,0.25,128.0,19,236.96726671332829,216.0,205.0,224.0,226.0,model_assisted,0.22443218821370972,model_assisted,0.22443218821370972,model_assisted,0.8630165797421824,strong_evidence,0.9289233443592942,True,True,236.0,49075.5859375,14962.3828125,5001.9013671875,6.8200471422293125,-0.9672667133282857,3.5275590551181097,16.0,220,254,0.033159988420891295,weak_evidence,0.8017858754788894,True,False,3.4406111678264146,57776.856715095404,354.68044585111653,162.8983424119983,14444.214178773851,60,persistent_core_paired_edge_continuity_first_v2_1,202.0,262.0,74.14782400209462,42.943397821215996,14.708946937792126,0.23757022619247437,0.11065412456298418,1.0,236.0,202.0,205.33438889671154,-0.9672667133282857,-3.3343888967115447,1.0,6.8200471422293125,236,239,209,225,250,266,True,True,UPPER_SEED_TRAJECTORY_OUTLIER;Z_EDGE_EVIDENCE_WEAK;Z_CONTINUITY_REJECTED_CONTINUITY,rejected_continuity,205.0,False,,True,0,219.0,False,205.0
flow10,75,0,0.25,128.0,19,236.98526421351914,218.0,205.0,224.0,226.0,high_confidence,0.5663636427464854,high_confidence,0.5663636427464854,high_confidence,0.9566786496921947,strong_evidence,0.9989551210319014,True,True,237.0,49559.3828125,13595.615234375,2810.4404296875,12.796488122725982,0.014735786480855495,3.5275590551181097,16.0,220,254,0.017997500190858773,strong_evidence,0.9161913478470003,True,True,3.4406111678264146,64490.04895918283,12402.992299862186,5.199555671730877,49611.969199448744,14,persistent_core_paired_edge_continuity_first_v2_1,215.0,229.0,3.560270277024051,2.541635752282737,-0.303009595831138,0.2942582368850708,0.07391409390777126,1.0,237.0,206.0,205.22551396210378,0.014735786480855495,0.7744860378962244,0.0,12.796488122725982,236,239,209,225,250,266,True,True,,accepted,205.0,False,,False,0,220.0,False,205.0
flow10,76,0,0.25,128.0,19,236.9940050915668,213.0,205.0,224.0,226.0,model_assisted,0.35139663234066854,model_assisted,0.35139663234066854,model_assisted,0.9033311946235796,strong_evidence,0.9995750473353978,True,True,237.0,50526.22265625,10148.4208984375,3923.572265625,10.29108144931302,0.005994908433194723,3.5275590551181097,16.0,220,254,0.008740878047660772,weak_evidence,0.816354159055213,True,False,3.4406111678264146,59639.59151305005,4096.163422287243,14.559866236915935,16384.65368914897,84,persistent_core_paired_edge_continuity_first_v2_1,202.0,286.0,9.360665013540137,6.192443068344937,1.338379066518946,0.36154434084892273,0.09426820239301187,1.0,237.0,202.0,205.137519060474,0.005994908433194723,-3.1375190604740055,1.0,10.29108144931302,236,239,209,225,250,266,True,True,UPPER_SEED_TRAJECTORY_OUTLIER;Z_EDGE_EVIDENCE_WEAK;Z_CONTINUITY_REJECTED_CONTINUITY,rejected_continuity,205.0,False,,True,0,220.0,False,205.0
flow10,77,0,0.25,128.0,19,236.99780386150712,213.0,205.0,224.0,226.0,high_confidence,0.5,high_confidence,0.5,high_confidence,0.8732115645469002,strong_evidence,0.8508919992146836,True,True,238.0,49634.18359375,14298.8046875,6978.6337890625,5.063366265418679,1.0021961384928773,3.5275590551181097,16.0,220,254,0.00379876994031747,strong_evidence,0.8961165896050032,True,True,3.4406111678264146,57698.95488962978,7152.429021153635,8.067043338561275,28609.71608461454,42,persistent_core_paired_edge_continuity_first_v2_1,207.0,249.0,6.125338450494171,4.369122677291229,1.629034256730563,0.2924467921257019,0.013011990469121165,1.0,238.0,207.0,205.0705325930203,1.0021961384928773,1.929467406979711,0.0,5.063366265418679,236,239,209,225,250,266,True,True,,accepted,205.0,False,,False,0,220.0,False,205.0
flow10,78,0,0.25,128.0,19,236.99928118628554,212.0,205.0,224.0,226.0,model_assisted,0.3579155594661063,model_assisted,0.3579155594661063,model_assisted,0.8741393403757395,strong_evidence,0.9263676608913892,True,True,238.0,50682.3515625,14199.642578125,3725.741943359375,9.792065456761017,1.0007188137144567,3.5275590551181097,16.0,220,254,0.0014773247784205523,weak_evidence,0.8248556363218309,True,False,3.4406111678264146,59899.57712591252,7658.154705021894,7.821672378416815,30632.618820087577,37,persistent_core_paired_edge_continuity_first_v2_1,204.0,241.0,4.564307896433461,3.012367118622383,-0.7522913988016314,0.5215509757399559,0.06089314337538996,1.0,238.0,202.0,205.0193365158624,1.0007188137144567,-3.019336515862392,1.0,9.792065456761017,236,239,209,225,250,266,True,True,UPPER_SEED_TRAJECTORY_OUTLIER;Z_EDGE_EVIDENCE_WEAK;Z_CONTINUITY_REJECTED_CONTINUITY,rejected_continuity,205.0,False,,True,0,220.0,False,205.0
flow10,79,0,0.25,128.0,19,236.99979529389134,211.0,205.0,224.0,226.0,model_assisted,0.1624488145794366,model_assisted,0.1624488145794366,model_assisted,0.8336719720949458,strong_evidence,0.926406991180582,True,True,238.0,49529.9375,11481.09765625,6224.2958984375,6.112954856998603,1.0002047061086614,3.5275590551181097,16.0,220,254,0.0005141076057952887,weak_evidence,0.7502198965175986,True,False,3.4406111678264146,60503.09889283235,8843.21687605929,6.841752242515815,35372.86750423716,18,persistent_core_paired_edge_continuity_first_v2_1,204.0,222.0,3.9996629818801597,2.4797414672221096,1.1627517804040874,0.38628341257572174,0.08656325141861855,1.0,238.0,201.0,204.97565246191783,1.0002047061086614,-3.975652461917832,1.0,6.112954856998603,236,239,209,225,250,266,True,True,UPPER_SEED_TRAJECTORY_OUTLIER;Z_EDGE_EVIDENCE_WEAK;Z_CONTINUITY_REJECTED_CONTINUITY,rejected_continuity,205.0,False,,True,0,220.0,False,205.0
flow10,80,0,0.25,128.0,19,236.99995538865724,213.0,205.0,224.0,226.0,high_confidence,0.5253924886315544,high_confidence,0.5253924886315544,high_confidence,0.9465894610727948,strong_evidence,0.9999968383652418,True,True,237.0,45911.65625,12875.125,1784.740478515625,18.510551896865476,4.461134275857148e-05,3.5275590551181097,16.0,220,254,0.00016009476590284066,strong_evidence,0.8960344407477165,True,True,3.4406111678264146,52565.72651439946,7158.784750683141,7.342828195719011,28635.139002732565,38,persistent_core_paired_edge_continuity_first_v2_1,203.0,241.0,3.282021713109845,1.4597200590382644,0.002000194919628855,0.3605884909629822,0.009650019544707041,1.0,237.0,203.0,204.93082909492642,4.461134275857148e-05,-1.9308290949264233,0.0,18.510551896865476,236,239,209,225,250,266,True,True,,accepted,205.0,False,,False,0,220.0,False,205.0
flow10,81,0,0.25,128.0,19,237.0000446113428,211.0,205.0,224.0,226.0,high_confidence,0.5,high_confidence,0.5,high_confidence,0.9273723804512919,strong_evidence,0.9000608776854706,True,True,236.0,45205.8359375,14021.5712890625,5506.24609375,5.663434600904229,-1.000044611342787,3.5275590551181097,16.0,221,255,0.00016009476587441895,strong_evidence,0.9555126251409323,True,True,3.4406111678264146,58411.93993456478,3446.1033094769373,16.95014185266279,14602.984983641196,65,persistent_core_paired_edge_continuity_first_v2_1,204.0,269.0,6.986643727281113,4.724204669986238,-1.933482189159917,0.330491304397583,0.04419674024684714,1.0,236.0,204.0,204.87813198881162,-1.000044611342787,-0.8781319888116172,0.0,5.663434600904229,236,239,209,225,250,266,True,True,,accepted,205.0,False,,False,0,220.0,False,205.0
flow10,82,0,0.25,128.0,19,237.00020470610866,216.0,205.0,224.0,226.0,high_confidence,0.7501609796572095,high_confidence,0.7501609796572095,high_confidence,0.9950174078807432,strong_evidence,0.9999854922631779,True,True,237.0,47414.75390625,13925.455078125,4174.72509765625,8.02191714298179,-0.00020470610866141215,3.5275590551181097,16.0,221,255,0.0005141076058521321,strong_evidence,0.9900740057188226,True,True,3.4406111678264146,58234.19017899136,9730.055625193421,5.984980191501601,38920.222500773685,20,persistent_core_paired_edge_continuity_first_v2_1,206.0,226.0,4.8026948668046625,3.475022512638542,0.2205605443987983,0.25006015598773956,0.04692353249425339,1.0,237.0,205.0,204.8138781290219,-0.00020470610866141215,0.1861218709780985,0.0,8.02191714298179,236,239,209,225,250,266,True,True,,accepted,205.0,False,,False,0,220.0,False,205.0
flow10,83,0,0.25,128.0,19,237.0007188137145,210.0,205.0,224.0,226.0,high_confidence,0.5,high_confidence,0.5,high_confidence,0.8578854711519299,strong_evidence,0.9264776381529568,True,True,238.0,46353.71875,12312.8271484375,5522.123046875,6.1644572771384425,0.9992811862854865,3.5275590551181097,16.0,221,255,0.001477324778363709,strong_evidence,0.7943715544832871,True,True,3.4406111678264146,52753.3107763043,11934.659356191594,4.420177334088414,47738.63742476638,5,persistent_core_paired_edge_continuity_first_v2_1,208.0,213.0,3.439498683349689,2.350171285293227,0.6195699889324523,0.22422483563423157,0.00967238055485615,1.0,238.0,206.0,204.73739488683228,0.9992811862854865,1.262605113167723,0.0,6.1644572771384425,236,239,209,225,250,266,True,True,,accepted,205.0,False,,False,0,219.0,False,205.0
flow10,84,0,0.25,128.0,19,237.00219613849288,213.0,205.0,224.0,226.0,model_assisted,0.41342045612361844,model_assisted,0.41342045612361844,model_assisted,0.9220796904577803,strong_evidence,0.9998443463744814,True,True,237.0,45545.99609375,11203.05859375,2245.580810546875,15.293565628411445,-0.002196138492877253,3.5275590551181097,16.0,221,255,0.00379876994031747,weak_evidence,0.850363317688122,True,False,3.4406111678264146,62223.729466190314,1215.4944141006165,51.192114701927,15555.932366547579,68,persistent_core_paired_edge_continuity_first_v2_1,202.0,270.0,23.831479901348274,14.022189394053276,3.064681671898888,0.4173967055976391,0.08742847368830553,1.0,237.0,202.0,204.64987045095432,-0.002196138492877253,-2.6498704509543245,1.0,15.293565628411445,236,239,209,225,250,266,True,True,UPPER_SEED_TRAJECTORY_OUTLIER;Z_EDGE_EVIDENCE_WEAK;Z_CONTINUITY_REJECTED_CONTINUITY,rejected_continuity,205.0,False,,True,0,219.0,False,205.0
flow10,85,0,0.25,128.0,19,237.0059949084332,212.0,205.0,224.0,226.0,model_assisted,0.2860076083408626,model_assisted,0.2860076083408626,model_assisted,0.8525719531395364,strong_evidence,0.9259639322495188,True,True,236.0,48977.8359375,12808.505859375,3869.697509765625,9.346810696920768,-1.0059949084331947,3.5275590551181097,16.0,221,255,0.008740878047717615,weak_evidence,0.7849970284634071,True,False,3.4406111678264146,58736.749931579376,7093.258051531301,8.280644734037162,28373.032206125205,39,persistent_core_paired_edge_continuity_first_v2_1,201.0,240.0,5.515776391902547,3.6959538150880635,0.28232896549072145,0.24979950487613678,0.03887227022450265,1.0,236.0,201.0,204.55256086833043,-1.0059949084331947,-3.5525608683304313,1.0,9.346810696920768,236,239,209,225,250,266,True,True,UPPER_SEED_TRAJECTORY_OUTLIER;Z_EDGE_EVIDENCE_WEAK;Z_CONTINUITY_REJECTED_CONTINUITY,rejected_continuity,205.0,False,,True,0,219.0,False,205.0
flow10,86,0,0.25,128.0,19,237.0147357864809,212.0,204.0,223.0,225.0,high_confidence,0.5,high_confidence,0.5,high_confidence,0.9467921948645438,strong_evidence,0.927549241137944,True,True,238.0,47075.859375,12247.9150390625,5676.439453125,6.13552643757417,0.9852642135190877,3.5275590551181097,16.0,221,255,0.017997500190858773,strong_evidence,0.9664343632653638,True,True,3.4406111678264146,50723.26721393346,8759.864763517475,5.7904166997169275,35039.4590540699,14,persistent_core_paired_edge_continuity_first_v2_1,204.0,218.0,5.899888126133374,4.3661782070683115,-0.007193842489667452,0.3604682683944702,0.10552172186412404,1.0,238.0,204.0,204.4451026235698,0.9852642135190877,-0.44510262356979524,0.0,6.13552643757417,236,239,209,225,250,266,True,True,,accepted,205.0,False,,False,0,219.0,False,205.0
flow10,87,0,0.25,128.0,19,237.03273328667177,216.0,204.0,223.0,225.0,model_assisted,0.11642988787418118,model_assisted,0.11642988787418118,model_assisted,0.7725601212492387,strong_evidence,0.7611023532157654,True,True,236.0,44035.4765625,17159.873046875,6600.625,4.071675563393618,-1.0327332866717711,3.5275590551181097,16.0,221,255,0.03315998842083445,weak_evidence,0.7841903765280269,True,False,3.4406111678264146,60840.5135593003,10867.074830861759,5.5986099761195485,43468.299323447034,16,persistent_core_paired_edge_continuity_first_v2_1,207.0,223.0,3.6378004907708683,2.3910497448905135,0.33742946051962713,0.2840809226036072,0.1059050076717863,1.0,236.0,201.0,204.32489971461402,-1.0327332866717711,-3.32489971461402,1.0,4.071675563393618,236,239,209,225,250,266,True,True,UPPER_SEED_TRAJECTORY_OUTLIER;Z_EDGE_EVIDENCE_WEAK;Z_CONTINUITY_REJECTED_CONTINUITY,rejected_continuity,204.0,False,,True,0,219.0,False,204.0
flow10,88,0,0.25,128.0,19,237.0658932750926,213.0,204.0,223.0,225.0,model_assisted,0.011685266816272926,model_assisted,0.011685266816272926,model_assisted,0.0,strong_evidence,0.7101474212273464,True,True,238.0,47969.21484375,13905.6640625,9766.9853515625,3.487621774286842,0.9341067249073944,3.5275590551181097,16.0,221,255,0.05467157824568858,weak_evidence,0.0,True,False,3.4406111678264146,64241.482786564564,550.6490510175342,116.66502042971636,16060.370696641141,52,persistent_core_paired_edge_continuity_first_v2_1,200.0,252.0,54.94608065552538,43.129676475656346,-3.5696882861414743,-0.038385309278964996,0.20063586824950394,1.0,238.0,194.0,204.1881843442099,0.9341067249073944,-10.188184344209901,1.0,3.487621774286842,236,239,209,225,250,266,True,True,UPPER_SEED_TRAJECTORY_OUTLIER;Z_EDGE_EVIDENCE_WEAK;Z_CONTINUITY_REJECTED_CONTINUITY,rejected_continuity,204.0,False,,True,0,219.0,False,204.0
flow10,89,0,0.25,128.0,19,237.1205648533383,210.0,204.0,223.0,225.0,high_confidence,0.5,high_confidence,0.5,high_confidence,0.9392211698238291,strong_evidence,0.991418684770063,True,True,237.0,48740.3046875,10915.4111328125,3737.41015625,10.120616141483334,-0.12056485333829414,3.5275590551181097,16.0,221,255,0.08065919989877557,strong_evidence,0.8897718183007952,True,True,3.4406111678264146,59726.4553610164,12144.79214570579,4.917865587525494,48579.16858282316,7,persistent_core_paired_edge_continuity_first_v2_1,207.0,214.0,2.8386863056051683,1.866358064079274,0.1486042479198466,0.13441184163093567,0.01733287163433847,1.0,237.0,205.0,204.03270691646117,-0.12056485333829414,0.9672930835388343,0.0,10.120616141483334,236,239,209,225,250,266,True,True,,accepted,204.0,False,,False,0,219.0,False,204.0
flow10,90,0,0.25,128.0,19,237.20122405323707,216.0,204.0,223.0,225.0,model_assisted,0.2830428443253069,model_assisted,0.2830428443253069,model_assisted,0.9077371070648201,strong_evidence,0.9856359810279746,True,True,237.0,50512.2421875,13178.830078125,5082.86669921875,7.344952035652095,-0.2012240532370697,3.5275590551181097,16.0,221,255,0.10648569402724206,weak_evidence,0.8359949021778073,True,False,3.4406111678264146,62667.7859995812,618.8795788445359,101.26006438374259,15666.9464998953,32,persistent_core_paired_edge_continuity_first_v2_1,201.0,233.0,38.951160179620494,20.592892514378367,14.543857962636249,0.35214248299598694,0.11755099844233846,1.0,237.0,201.0,203.86075555748585,-0.2012240532370697,-2.860755557485845,1.0,7.344952035652095,236,239,209,225,250,266,True,True,UPPER_SEED_TRAJECTORY_OUTLIER;Z_EDGE_EVIDENCE_WEAK;Z_CONTINUITY_REJECTED_CONTINUITY,rejected_continuity,205.0,False,,True,0,219.0,False,205.0
flow10,91,0,0.25,128.0,19,237.3077097472643,210.0,204.0,223.0,225.0,high_confidence,0.5273570145241631,high_confidence,0.5273570145241631,high_confidence,0.9718932414853033,strong_evidence,0.9779493293283357,True,True,237.0,47557.19140625,12108.00390625,5357.46533203125,6.616783367324126,-0.3077097472643118,3.5275590551181097,16.0,221,255,0.12579798346030202,strong_evidence,0.9658746568122846,True,True,3.4406111678264146,58704.444805929204,2385.0468385359145,24.613539599065287,14676.111201482301,47,persistent_core_paired_edge_continuity_first_v2_1,203.0,250.0,10.381063970076744,6.271958623767603,-0.5674376169893335,0.281032919883728,0.04196374505835066,1.0,237.0,203.0,203.6807053267517,-0.3077097472643118,-0.6807053267517063,0.0,6.616783367324126,236,239,209,225,250,266,True,True,,accepted,205.0,False,,False,0,219.0,False,205.0
flow10,92,0,0.25,128.0,19,237.4335077307246,216.0,204.0,223.0,225.0,high_confidence,0.5,high_confidence,0.5,high_confidence,0.9083291123219585,strong_evidence,0.9687900442172827,True,True,237.0,49582.46875,12612.095703125,2402.467041015625,15.388503740407632,-0.4335077307246138,3.5275590551181097,16.0,221,255,0.1329845385507724,strong_evidence,0.8516414688780081,True,True,3.4406111678264146,58758.22031848447,12411.51632370164,4.73416936222989,49646.06529480656,24,persistent_core_paired_edge_continuity_first_v2_1,206.0,230.0,2.827981779871243,1.9036797632407194,0.2789247917815573,0.027766942977905273,0.02759754717595797,1.0,237.0,205.0,203.5057339485354,-0.4335077307246138,1.4942660514645922,0.0,15.388503740407632,236,239,209,225,250,266,True,True,,accepted,205.0,False,,False,0,220.0,False,205.0
flow10,93,0,0.25,128.0,19,237.5664922692754,219.0,203.0,222.0,224.0,high_confidence,0.8831014846713355,high_confidence,0.8831014846713355,high_confidence,0.9757458343484628,strong_evidence,0.9687900442172827,True,True,238.0,47140.5234375,13433.3134765625,3396.640869140625,9.923689686235704,0.4335077307246138,3.5275590551181097,16.0,221,255,0.1329845385507724,strong_evidence,0.9827515661740667,True,True,3.4406111678264146,49641.85942072052,3264.553464458557,15.20632452835441,13058.213857834227,51,persistent_core_paired_edge_continuity_first_v2_1,203.0,254.0,10.675902674951399,7.418625742485655,3.096830237294237,0.41008681803941727,0.0013374691252106697,1.0,238.0,203.0,203.349964569891,0.4335077307246138,-0.3499645698910001,0.0,9.923689686235704,237,240,210,226,251,267,True,True,,accepted,205.0,False,,False,0,220.0,False,205.0
flow10,94,0,0.25,128.0,19,237.6922902527357,218.0,203.0,222.0,224.0,model_assisted,0.34141889257288255,model_assisted,0.34141889257288255,model_assisted,0.85504869639711,strong_evidence,0.902576212463618,True,True,239.0,46350.13671875,15519.2578125,3065.9052734375,10.056044188110988,1.3077097472643118,3.5275590551181097,16.0,221,255,0.12579798346030202,weak_evidence,0.810023866255912,True,False,3.4406111678264146,52807.39388154012,3069.077548442971,17.206275516997213,13201.84847038503,50,persistent_core_paired_edge_continuity_first_v2_1,200.0,250.0,4.988065847374957,2.1564478642440044,3.2301319779333877,0.14992961287498474,0.13734777047470084,1.0,239.0,200.0,203.22393539487982,1.3077097472643118,-3.223935394879817,1.0,10.056044188110988,237,240,210,226,251,267,True,True,UPPER_SEED_TRAJECTORY_OUTLIER;Z_EDGE_EVIDENCE_WEAK;Z_CONTINUITY_REJECTED_CONTINUITY,rejected_continuity,204.0,False,,True,0,220.0,False,204.0
flow10,95,0,0.25,128.0,19,237.798775946763,214.0,203.0,222.0,224.0,high_confidence,0.718032339223001,high_confidence,0.718032339223001,high_confidence,0.9513410067290771,strong_evidence,0.9108991248587378,True,True,239.0,48623.85546875,10657.798828125,5060.38671875,7.502599850709285,1.2012240532370129,3.5275590551181097,16.0,221,255,0.1064856940272989,strong_evidence,0.9935784176152863,True,True,3.4406111678264146,61555.54267873103,536.7240888407842,114.68749765205915,15388.885669682757,65,persistent_core_paired_edge_continuity_first_v2_1,203.0,268.0,78.79952161830728,56.12403942417889,24.595965787270824,0.3768615275621414,0.05902558060890777,1.0,239.0,203.0,203.13171555346702,1.2012240532370129,-0.1317155534670178,0.0,7.502599850709285,237,240,210,226,251,267,True,True,,accepted,204.0,False,,False,0,220.0,False,204.0
flow10,96,0,0.25,128.0,19,237.87943514666176,218.0,203.0,222.0,224.0,high_confidence,0.7198059120210091,high_confidence,0.7198059120210091,high_confidence,0.9939835070853674,strong_evidence,0.9914186847700671,True,True,238.0,48087.08984375,12506.4287109375,4827.681640625,7.370134110211577,0.1205648533382373,3.5275590551181097,16.0,221,255,0.08065919989877557,strong_evidence,0.9965549646533718,True,True,3.4406111678264146,63533.04899313063,347.80423538414584,182.66899171874402,15883.262248282657,62,persistent_core_paired_edge_continuity_first_v2_1,203.0,265.0,121.98658971557424,86.95393931505222,20.8394626276679,0.43998366594314575,0.05721946105877338,1.0,238.0,203.0,203.07087343928913,0.1205648533382373,-0.07087343928913015,0.0,7.370134110211577,237,240,210,226,251,267,True,True,,accepted,203.0,False,,False,0,219.0,False,203.0
flow10,97,0,0.25,128.0,19,237.9341067249074,220.0,203.0,222.0,224.0,model_assisted,2.398487868841356e-145,model_assisted,2.398487868841356e-145,model_assisted,0.0,strong_evidence,0.931449790371436,True,True,237.0,47543.0625,15773.5927734375,2632.45751953125,12.068369381405839,-0.9341067249073944,3.5275590551181097,16.0,221,255,0.054671578245631736,unavailable,0.0,False,False,3.4406111678264146,58318.408486903434,3312.900280431915,17.60343009156323,14579.602121725859,64,persistent_core_paired_edge_continuity_first_v2_1,200.0,264.0,,,,,,,237.0,,203.0347464599304,-0.9341067249073944,,1.0,12.068369381405839,237,240,210,226,251,267,True,True,NO_VALID_UPPER_COMPONENT;Z_EDGE_EVIDENCE_UNAVAILABLE;Z_CONTINUITY_NO_CANDIDATE,no_candidate,,False,,True,0,219.0,False,203.0
flow10,98,0,0.25,128.0,19,237.96726671332829,210.0,203.0,222.0,224.0,model_assisted,0.12608221213189644,model_assisted,0.12608221213189644,model_assisted,0.7070497051762142,strong_evidence,0.9976774773822313,True,True,238.0,49072.4609375,14887.15234375,3650.54345703125,9.36444367698356,0.03273328667171427,3.5275590551181097,16.0,221,255,0.033159988420891295,weak_evidence,0.5010830623354263,True,False,3.4406111678264146,65519.26673667268,943.7412532644321,69.42503203080227,16379.81668416817,71,persistent_core_paired_edge_continuity_first_v2_1,197.0,268.0,26.379759027862676,14.117992904163211,6.840488131043296,0.43701591342687607,0.1881148958534296,1.0,238.0,197.0,203.0154678326452,0.03273328667171427,-6.015467832645186,1.0,9.36444367698356,237,240,210,226,251,267,True,True,UPPER_SEED_TRAJECTORY_OUTLIER;Z_EDGE_EVIDENCE_WEAK;Z_CONTINUITY_REJECTED_CONTINUITY,rejected_continuity,203.0,False,,True,0,219.0,False,203.0
flow10,99,0,0.25,128.0,19,237.98530882486187,210.0,203.0,222.0,224.0,high_confidence,0.5568190679400055,high_confidence,0.5568190679400055,high_confidence,0.9380469721802237,strong_evidence,0.927545832547401,True,True,237.0,46658.3046875,16315.53125,3896.4921875,7.787202431674323,-0.9853088248618747,3.5275590551181097,16.0,221,255,0.018042111533588923,strong_evidence,0.9486669996671218,True,True,3.4406111678264146,62271.777092547054,962.411385133374,64.70390734614723,15567.944273136764,50,persistent_core_paired_edge_continuity_first_v2_1,202.0,252.0,39.996913123448955,29.007313422299354,-3.9701138612106655,0.4357794523239136,0.01777751707644065,1.0,237.0,202.0,203.0062345130047,-0.9853088248618747,-1.0062345130046992,0.0,7.787202431674323,237,240,210,226,251,267,True,True,,accepted,203.0,False,,False,0,219.0,False,203.0
flow10,100,0,0.25,128.0,19,237.99420979767547,210.0,203.0,222.0,224.0,high_confidence,0.7170723463230704,high_confidence,0.7170723463230704,high_confidence,0.9379288344423076,strong_evidence,0.9268654908090473,True,True,237.0,50451.96484375,10302.720703125,2716.98095703125,14.777153309346222,-0.9942097976754667,3.5275590551181097,16.0,221,255,0.008900972813592034,strong_evidence,0.9491242334531402,True,True,3.4406111678264146,64402.35613809842,7997.976343919457,8.05233141094009,31991.905375677827,26,persistent_core_paired_edge_continuity_first_v2_1,205.0,231.0,5.176795704738394,3.9351058435886346,-0.8724644550221646,0.27896106243133545,0.015430680348542506,1.0,237.0,204.0,203.00226437386246,-0.9942097976754667,0.9977356261375405,0.0,14.777153309346222,237,240,210,226,251,267,True,True,,accepted,203.0,False,,False,0,219.0,False,203.0
flow10,101,0,0.25,128.0,19,237.99847806387885,213.0,203.0,222.0,224.0,high_confidence,0.5,high_confidence,0.5,high_confidence,0.930520586583122,strong_evidence,0.9998921337542076,True,True,238.0,49486.7421875,10949.857421875,4193.55419921875,9.18955209230498,0.001521936121150702,3.5275590551181097,16.0,221,255,0.004268266203382609,strong_evidence,0.8659619701217134,True,True,3.4406111678264146,58010.559114914926,10563.00812348859,5.491859746459807,42252.03249395436,25,persistent_core_paired_edge_continuity_first_v2_1,205.0,230.0,3.44852731524773,2.532563663150285,-0.6001652406275622,0.20348933339118958,0.04193867894966424,1.0,238.0,205.0,203.0007336841621,0.001521936121150702,1.9992663158379003,0.0,9.18955209230498,237,240,210,226,251,267,True,True,,accepted,203.0,False,,False,0,218.0,False,203.0
flow10,102,0,0.25,128.0,19,238.00127261866976,216.0,203.0,222.0,224.0,model_assisted,8.477143873891688e-146,model_assisted,8.477143873891688e-146,model_assisted,0.0,strong_evidence,0.7674343174052614,True,True,238.0,49770.63671875,14512.0537109375,9975.9169921875,3.534370127119619,-0.0012726186697591402,3.5275590551181097,16.0,222,256,0.0037987699402606268,unavailable,0.0,False,False,3.4406111678264146,61170.95094484885,4192.865708076684,14.58929410188734,16771.462832306737,64,persistent_core_paired_edge_continuity_first_v2_1,196.0,260.0,,,,,,,238.0,,203.00020470610866,-0.0012726186697591402,,1.0,3.534370127119619,237,240,210,226,251,267,True,True,NO_VALID_UPPER_COMPONENT;Z_EDGE_EVIDENCE_UNAVAILABLE;Z_CONTINUITY_NO_CANDIDATE,no_candidate,,False,,True,0,218.0,False,203.0
flow10,103,0,0.25,128.0,19,238.00507138861002,211.0,203.0,222.0,224.0,model_assisted,0.05672270514907718,model_assisted,0.05672270514907718,model_assisted,0.0,strong_evidence,0.9143451942306917,True,True,237.0,49553.33203125,11904.66015625,6436.24365234375,5.849478967641364,-1.0050713886100198,3.5275590551181097,16.0,222,256,0.007423648035228325,weak_evidence,0.0,True,False,3.4406111678264146,61571.647216700396,4165.367439498418,14.781804513292753,16661.469757993673,66,persistent_core_paired_edge_continuity_first_v2_1,196.0,262.0,5.379014295604265,2.598599433648505,0.6746504694087022,0.18064181506633759,0.30385517293207515,1.0,237.0,196.0,203.0000446113428,-1.0050713886100198,-7.000044611342787,1.0,5.849478967641364,237,240,210,226,251,267,True,True,UPPER_SEED_TRAJECTORY_OUTLIER;Z_EDGE_EVIDENCE_WEAK;Z_CONTINUITY_REJECTED_CONTINUITY,rejected_continuity,203.0,False,,True,0,218.0,False,203.0
flow10,104,0,0.25,128.0,19,238.01249503664525,217.0,203.0,222.0,224.0,high_confidence,0.7165313105737893,high_confidence,0.7165313105737893,high_confidence,0.9737359561884091,strong_evidence,0.9991140776299587,True,True,238.0,50670.41015625,12519.4375,3688.480712890625,10.343275626443894,-0.012495036645248092,3.5275590551181097,16.0,222,256,0.014243341593328296,strong_evidence,0.949002454878156,True,True,3.4406111678264146,57438.9068763362,7239.960292590411,7.93359418491851,28959.841170361644,34,persistent_core_paired_edge_continuity_first_v2_1,202.0,236.0,4.891335458025964,3.1838153716365327,0.02287118302481787,0.22207504510879517,0.013481005195300991,1.0,238.0,202.0,203.0,-0.012495036645248092,-1.0,0.0,10.343275626443894,237,240,210,226,251,267,True,True,,accepted,203.0,False,,False,0,219.0,False,203.0
flow10,105,0,0.25,128.0,19,238.02673837823858,225.0,203.0,222.0,224.0,model_assisted,7.427829252670089e-146,model_assisted,7.427829252670089e-146,model_assisted,0.0,strong_evidence,0.8230127477375481,True,True,239.0,49573.02734375,13704.185546875,7608.25146484375,4.714465861521263,0.9732616217614236,3.5275590551181097,16.0,222,256,0.02441911037317368,unavailable,0.0,False,False,3.4406111678264146,60582.95683894704,12188.095142408272,4.970666550521882,48752.38056963309,26,persistent_core_paired_edge_continuity_first_v2_1,203.0,229.0,,,,,,,239.0,,203.0,0.9732616217614236,,1.0,4.714465861521263,237,240,210,226,251,267,True,True,NO_VALID_UPPER_COMPONENT;Z_EDGE_EVIDENCE_UNAVAILABLE;Z_CONTINUITY_NO_CANDIDATE,no_candidate,,False,,True,0,219.0,False,203.0
flow10,106,0,0.25,128.0,19,238.05115748861175,214.0,203.0,222.0,224.0,high_confidence,0.513417119032592,high_confidence,0.513417119032592,high_confidence,0.910881457765174,strong_evidence,0.9303279238090475,True,True,239.0,50806.5859375,9750.3994140625,2413.59375,17.010396436201205,0.9488425113882499,3.5275590551181097,16.0,222,256,0.03667407805477296,strong_evidence,0.8918414774688714,True,True,3.4406111678264146,63445.966885394744,730.9105855363957,86.80400604519012,15861.491721348686,71,persistent_core_paired_edge_continuity_first_v2_1,201.0,272.0,53.873089402829336,36.88933363217331,20.634693502074775,0.295354425907135,0.06110695627972973,1.0,239.0,201.0,203.0,0.9488425113882499,-2.0,0.0,17.010396436201205,237,240,210,226,251,267,True,True,,accepted,203.0,False,,False,0,218.0,False,203.0
flow10,107,0,0.25,128.0,19,238.08783156666652,218.0,203.0,222.0,224.0,high_confidence,0.70402255378945,high_confidence,0.70402255378945,high_confidence,0.9405366254908444,strong_evidence,0.9331175000695204,True,True,239.0,49714.45703125,10976.16015625,2064.245361328125,18.766323810497013,0.912168433333477,3.5275590551181097,16.0,222,256,0.04749921147794112,strong_evidence,0.9480147396483278,True,True,3.4406111678264146,60359.84836136799,11807.289523714997,5.112083365122449,47229.15809485999,8,persistent_core_paired_edge_continuity_first_v2_1,213.0,221.0,4.068872567235242,2.8755519150040074,1.2517027957051823,0.21988272666931152,0.019777116918643707,1.0,239.0,203.0,202.99997769432863,0.912168433333477,2.2305671365074886e-05,0.0,18.766323810497013,237,240,210,226,251,267,True,True,,accepted,202.0,False,,False,0,218.0,False,202.0
flow10,108,0,0.25,128.0,19,238.13533077814446,213.0,203.0,222.0,224.0,high_confidence,0.5,high_confidence,0.5,high_confidence,0.8986694619517659,strong_evidence,0.9160114623081798,True,True,237.0,48697.421875,12066.26953125,2686.556640625,13.634982337550172,-1.1353307781444641,3.5275590551181097,16.0,222,256,0.05181411578155348,strong_evidence,0.8816557816969413,True,True,3.4406111678264146,60643.17761716263,10461.294490224484,5.796909519546594,41845.177960897934,13,persistent_core_paired_edge_continuity_first_v2_1,206.0,219.0,3.1353476179720583,2.5503153062490727,-0.8051674327531753,0.024779170751571655,0.112235797604258,1.0,237.0,205.0,202.99987534127428,-1.1353307781444641,2.000124658725724,0.0,13.634982337550172,237,240,210,226,251,267,True,True,,accepted,203.0,False,,False,0,217.0,False,203.0
flow10,109,0,0.25,128.0,19,238.18714489392602,207.0,203.0,222.0,224.0,high_confidence,0.5,high_confidence,0.5,high_confidence,0.9384121887513027,strong_evidence,0.9866478004954655,True,True,238.0,51090.453125,13452.220703125,3809.064208984375,9.881228132909479,-0.18714489392601763,3.5275590551181097,16.0,222,256,0.05181411578155348,strong_evidence,0.8925347378819376,True,True,3.4406111678264146,62731.64094996432,12566.893118604628,4.991817815104467,50267.57247441851,13,persistent_core_paired_edge_continuity_first_v2_1,206.0,219.0,4.642395299689769,3.274938104025524,0.43234330489212697,0.3737734854221344,0.010924382556068897,1.0,238.0,204.0,202.99953824008844,-0.18714489392601763,1.000461759911559,0.0,9.881228132909479,237,240,210,226,251,267,True,True,,accepted,203.0,False,,False,0,216.0,False,203.0
flow10,110,0,0.25,128.0,19,238.23228367748757,212.0,203.0,222.0,224.0,high_confidence,0.6000972481513135,high_confidence,0.6000972481513135,high_confidence,0.9465495095500749,strong_evidence,0.9440249286400682,True,True,239.0,50205.37109375,12598.74609375,4492.50830078125,8.37096394311841,0.7677163225124275,3.5275590551181097,16.0,222,256,0.045138783561554874,strong_evidence,0.9490808418800684,True,True,3.4406111678264146,65153.80598071941,2413.56766847658,26.994812215828134,16288.451495179852,54,persistent_core_paired_edge_continuity_first_v2_1,202.0,256.0,15.435816253503463,9.96367447809513,2.0773776115452245,0.4739842712879181,0.06480627864790808,1.0,239.0,202.0,202.99854252389633,0.7677163225124275,-0.998542523896333,0.0,8.37096394311841,237,240,210,226,251,267,True,True,,accepted,203.0,False,,False,0,216.0,False,203.0
flow10,111,0,0.25,128.0,19,238.2587825220111,208.0,203.0,222.0,224.0,high_confidence,0.7730987097492171,high_confidence,0.7730987097492171,high_confidence,0.97253506876073,strong_evidence,0.9460121777801119,True,True,239.0,50699.96484375,11072.142578125,5118.849609375,7.741548451247324,0.7412174779888971,3.5275590551181097,16.0,222,256,0.02649884452353035,strong_evidence,0.9998015693507092,True,True,3.4406111678264146,57697.44514780838,2835.7959949992396,20.34611983709493,14424.361286952095,73,persistent_core_paired_edge_continuity_first_v2_1,203.0,276.0,12.500390089778692,8.611436756850281,3.364682494626606,0.315254271030426,0.07273311866507165,1.0,239.0,203.0,202.99590447653696,0.7412174779888971,0.004095523463035988,0.0,7.741548451247324,237,240,210,226,251,267,True,True,,accepted,203.0,False,,False,0,217.0,False,203.0
flow10,112,0,0.25,128.0,19,238.25882713335386,211.0,203.0,222.0,224.0,model_assisted,0.17462046497111883,model_assisted,0.17462046497111883,model_assisted,0.7842886772466682,strong_evidence,0.9460155198345271,True,True,239.0,50679.234375,14072.43359375,3973.223876953125,9.213374809707929,0.7411728666461386,3.5275590551181097,16.0,222,256,0.02633874975762751,weak_evidence,0.6502099768563212,True,False,3.4406111678264146,63057.738048668965,10499.343912092736,6.005874136196407,41997.375648370944,29,persistent_core_paired_edge_continuity_first_v2_1,203.0,232.0,3.432898432694501,2.147205517939914,0.8179655781935221,0.19325196743011475,0.11894346123151117,1.0,239.0,198.0,202.98963465254297,0.7411728666461386,-4.989634652542975,1.0,9.213374809707929,237,240,210,226,251,267,True,True,UPPER_SEED_TRAJECTORY_OUTLIER;Z_EDGE_EVIDENCE_WEAK;Z_CONTINUITY_REJECTED_CONTINUITY,rejected_continuity,203.0,False,,True,0,216.0,False,203.0
flow10,113,0,0.25,128.0,19,238.23248838359623,207.0,203.0,222.0,224.0,high_confidence,0.5327125309606284,high_confidence,0.5327125309606284,high_confidence,0.9278849633723413,strong_evidence,0.9084634147756319,True,True,237.0,50172.16796875,13837.765625,4848.6171875,7.49376594164251,-1.232488383596234,3.5275590551181097,16.0,222,256,0.04462467595570274,strong_evidence,0.9477217147650681,True,True,3.4406111678264146,55595.308642011296,8501.343604826838,6.539590825436788,34005.37441930735,23,persistent_core_paired_edge_continuity_first_v2_1,204.0,227.0,5.454809278056022,4.254641387507613,0.42411236557698084,0.07959547638893127,0.029118830361177947,1.0,237.0,204.0,202.97622085208093,-1.232488383596234,1.0237791479190719,0.0,7.49376594164251,237,240,210,226,251,267,True,True,,accepted,203.0,False,,False,0,216.0,False,203.0
flow10,114,0,0.25,128.0,19,238.18786370764053,207.0,203.0,222.0,224.0,high_confidence,0.5,high_confidence,0.5,high_confidence,0.8448061771139143,strong_evidence,0.881852476497617,True,True,237.0,47598.12890625,15516.666015625,5717.96728515625,5.610641210541368,-1.1878637076405312,3.5275590551181097,16.0,222,256,0.050336791003189774,strong_evidence,0.8093161791917414,True,True,3.4406111678264146,55668.70966914995,12570.927146807942,4.428369444753767,50283.70858723177,5,persistent_core_paired_edge_continuity_first_v2_1,204.0,209.0,4.2903810434113385,3.2349208066360835,-0.2614250356802656,0.32437555491924286,0.0321790332867163,1.0,237.0,202.0,202.95048201300918,-1.1878637076405312,-0.9504820130091787,0.0,5.610641210541368,237,240,210,226,251,267,True,True,,accepted,204.0,False,,False,0,216.0,False,204.0
flow10,115,0,0.25,128.0,19,238.13752691663734,212.0,203.0,222.0,224.0,high_confidence,0.5,high_confidence,0.5,high_confidence,0.9429357689105163,strong_evidence,0.9902054269117876,True,True,238.0,50037.5234375,12640.7392578125,5309.4453125,7.043444649791277,-0.1375269166373414,3.5275590551181097,16.0,222,256,0.050336791003189774,strong_evidence,0.8979226331488028,True,True,3.4406111678264146,56954.62422200343,12932.74770962162,4.403907468142343,51730.99083848648,9,persistent_core_paired_edge_continuity_first_v2_1,210.0,219.0,3.219485355438299,2.170686922493188,0.03643553413173699,0.18179816007614136,0.01098261384470633,1.0,238.0,203.0,202.9060521220701,-0.1375269166373414,0.09394787792990655,0.0,7.043444649791277,237,240,210,226,251,267,True,True,,accepted,203.0,False,,False,0,216.0,False,203.0
flow10,116,0,0.25,128.0,19,238.09382647509972,223.0,203.0,222.0,224.0,model_assisted,5.3993819240858135e-146,model_assisted,5.3993819240858135e-146,model_assisted,0.0,strong_evidence,0.9192169838848868,True,True,237.0,47154.59375,11614.78125,5331.57373046875,6.66591409903945,-1.0938264750997178,3.5275590551181097,16.0,222,256,0.04370044153762365,unavailable,0.0,False,False,3.4406111678264146,53420.8132724866,13311.48594129925,4.013136738307108,53245.943765197,0,persistent_core_paired_edge_continuity_first_v2_1,,,,,,,,,237.0,,202.83690940821944,-1.0938264750997178,,1.0,6.66591409903945,237,240,210,226,251,267,True,True,NO_VALID_UPPER_COMPONENT;Z_EDGE_EVIDENCE_UNAVAILABLE;Z_CONTINUITY_NO_CANDIDATE,no_candidate,,False,,True,0,216.0,False,203.0
flow10,117,0,0.25,128.0,19,238.0658932750926,216.0,203.0,222.0,224.0,model_assisted,0.10225128594526973,model_assisted,0.10225128594526973,model_assisted,0.6800464456582651,strong_evidence,0.8519727933182025,True,True,240.0,47297.921875,14175.6923828125,3532.37255859375,9.37676559954185,1.9341067249073944,3.5275590551181097,16.0,222,256,0.02793320000711219,weak_evidence,0.5428144793817551,True,False,3.4406111678264146,61387.935373985885,12555.948339436834,4.889151636692644,50223.79335774734,5,persistent_core_paired_edge_continuity_first_v2_1,214.0,219.0,1.7210232894890083,0.8966733274980951,1.097226918043272,0.04545453190803528,0.014396589833815573,1.0,240.0,208.0,202.73953819131614,1.9341067249073944,5.260461808683857,1.0,9.37676559954185,237,240,210,226,251,267,True,True,UPPER_SEED_TRAJECTORY_OUTLIER;Z_EDGE_EVIDENCE_WEAK;Z_CONTINUITY_REJECTED_CONTINUITY,rejected_continuity,203.0,False,,True,0,217.0,False,203.0
flow10,118,0,0.25,128.0,19,238.0594716649103,208.0,203.0,222.0,224.0,high_confidence,0.5,high_confidence,0.5,high_confidence,0.9216614228869897,strong_evidence,0.9309610658214736,True,True,239.0,49660.5078125,16575.640625,4145.89404296875,7.9801526147563875,0.9405283350897093,3.5275590551181097,16.0,222,256,0.01896125817029315,strong_evidence,0.9124546768113369,True,True,3.4406111678264146,60548.51169133179,12539.798971590406,4.828507365110695,50159.195886361624,9,persistent_core_paired_edge_continuity_first_v2_1,204.0,213.0,4.23214198713498,2.999907995804894,0.7459024289441456,0.2736831158399582,0.00787160045284377,1.0,239.0,203.0,202.61465547452465,0.9405283350897093,0.3853445254753467,0.0,7.9801526147563875,237,240,210,226,251,267,True,True,,accepted,203.0,False,,False,0,217.0,False,203.0
flow10,119,0,0.25,128.0,19,238.07843292308058,211.0,202.0,221.0,223.0,model_assisted,0.01186496453133594,model_assisted,0.01186496453133594,model_assisted,0.0,strong_evidence,0.800342804741524,True,True,238.0,50798.95703125,18907.78515625,8205.630859375,3.886498481535283,-0.0784329230805838,3.5275590551181097,16.0,222,256,0.047408024976391516,weak_evidence,0.0,True,False,3.4406111678264146,62720.798797185475,1386.3452864686083,45.24183073969408,15680.199699296369,68,persistent_core_paired_edge_continuity_first_v2_1,192.0,260.0,19.860365988107272,15.709627154278124,-3.423094055650507,-0.011473845690488815,0.1586101878800599,1.0,238.0,192.0,202.46726671332826,-0.0784329230805838,-10.467266713328257,1.0,3.886498481535283,237,240,210,226,251,267,True,True,UPPER_SEED_TRAJECTORY_OUTLIER;Z_EDGE_EVIDENCE_WEAK;Z_CONTINUITY_REJECTED_CONTINUITY,rejected_continuity,203.0,False,,True,0,217.0,False,203.0
flow10,120,0,0.25,128.0,19,238.12584094805698,210.0,202.0,221.0,223.0,high_confidence,0.9034162924790013,high_confidence,0.9034162924790013,high_confidence,0.9880240718365274,strong_evidence,0.9910414568487118,True,True,238.0,47797.52734375,13725.72265625,2808.01611328125,12.133763950409133,-0.12584094805697532,3.5275590551181097,16.0,222,256,0.07737453756431023,strong_evidence,0.9850158737380172,True,True,3.4406111678264146,62129.20084691908,1595.2134243883884,38.94726554895918,15532.30021172977,67,persistent_core_paired_edge_continuity_first_v2_1,202.0,269.0,27.771657081876064,20.28032435170466,10.278021200822069,0.41825225204229355,0.05109776987037369,1.0,238.0,202.0,202.30471546390183,-0.12584094805697532,-0.3047154639018288,0.0,12.133763950409133,237,240,210,226,251,267,True,True,,accepted,203.0,False,,False,0,216.0,False,203.0
flow10,121,0,0.25,128.0,19,238.20321548562129,207.0,202.0,221.0,223.0,high_confidence,0.5,high_confidence,0.5,high_confidence,0.8520064404919188,strong_evidence,0.8633202405861313,True,True,240.0,44681.0625,15562.888671875,4374.1796875,6.656830745050411,1.7967845143787144,3.5275590551181097,16.0,222,256,0.10516846401475277,strong_evidence,0.8408409075951542,True,True,3.4406111678264146,55756.913643496024,11386.854057403245,4.896603869902528,45547.41622961298,5,persistent_core_paired_edge_continuity_first_v2_1,205.0,210.0,3.287066912896613,2.291692147677638,0.36026485571835765,0.10240307450294495,0.03211093596204843,1.0,240.0,203.0,202.13390204691243,1.7967845143787144,0.866097953087575,0.0,6.656830745050411,237,240,210,226,251,267,True,True,,accepted,203.0,False,,False,0,216.0,False,203.0
flow10,122,0,0.25,128.0,19,238.30838394963604,209.0,202.0,221.0,223.0,model_assisted,0.018563522123983628,model_assisted,0.018563522123983628,model_assisted,0.0,strong_evidence,0.9779004696630498,True,True,238.0,47538.859375,14572.1953125,2117.272216796875,15.570347450349946,-0.3083839496360383,3.5275590551181097,16.0,222,256,0.12532848719723688,weak_evidence,0.0,True,False,3.4406111678264146,48373.588741068714,1924.1005337119093,25.140884217597524,12093.397185267178,50,persistent_core_paired_edge_continuity_first_v2_1,190.0,240.0,15.154118455390892,11.907633684130555,-0.13360690605905806,-0.0807117372751236,0.11651099109358136,1.0,238.0,190.0,201.9596704000506,-0.3083839496360383,-11.959670400050612,1.0,15.570347450349946,237,240,210,226,251,267,True,True,UPPER_SEED_TRAJECTORY_OUTLIER;Z_EDGE_EVIDENCE_WEAK;Z_CONTINUITY_REJECTED_CONTINUITY,rejected_continuity,203.0,False,,True,0,216.0,False,203.0
flow10,123,0,0.25,128.0,19,238.43371243683328,217.0,202.0,221.0,223.0,high_confidence,0.5501516384177086,high_confidence,0.5501516384177086,high_confidence,0.9597141638489564,strong_evidence,0.9590275251837528,True,True,239.0,49801.3984375,12390.09765625,5233.65185546875,7.14822113017666,0.5662875631667248,3.5275590551181097,16.0,222,256,0.132824443784898,strong_evidence,0.9604012941295144,True,True,3.4406111678264146,59181.248092565904,4768.531868973194,12.410790096136944,19074.127475892776,81,persistent_core_paired_edge_continuity_first_v2_1,201.0,282.0,7.529414813795011,4.907043660564184,1.7820651839228332,0.30780406296253204,0.08722835889463006,1.0,239.0,201.0,201.78551931695117,0.5662875631667248,-0.7855193169511665,0.0,7.14822113017666,237,240,210,226,251,267,True,True,,accepted,203.0,False,,False,0,215.0,False,203.0
flow10,124,0,0.25,128.0,19,238.56653688061817,209.0,202.0,221.0,223.0,model_assisted,0.16637971865273662,model_assisted,0.16637971865273662,model_assisted,0.7475732088355641,strong_evidence,0.8093690939101308,True,True,241.0,48167.62890625,9549.568359375,4982.91845703125,7.75008880435966,2.433463119381827,3.5275590551181097,16.0,222,256,0.132824443784898,weak_evidence,0.690495481942329,True,False,3.4406111678264146,62324.89524762996,751.121714157351,82.9757602169036,15581.22381190749,40,persistent_core_paired_edge_continuity_first_v2_1,197.0,237.0,36.7094437669541,21.31542648630938,10.912329960742962,0.45036130398511887,0.14237241624452604,1.0,241.0,197.0,201.61580555015757,2.433463119381827,-4.6158055501575745,1.0,7.75008880435966,238,241,211,227,252,268,True,True,UPPER_SEED_TRAJECTORY_OUTLIER;Z_EDGE_EVIDENCE_WEAK;Z_CONTINUITY_REJECTED_CONTINUITY,rejected_continuity,203.0,False,,True,0,214.0,False,203.0
flow10,125,0,0.25,128.0,19,238.69229025273572,220.0,201.0,220.0,222.0,model_assisted,1.2251818846707703e-145,model_assisted,1.2251818846707703e-145,model_assisted,0.0,strong_evidence,0.8762516275710954,True,True,238.0,46131.9609375,12124.943359375,6657.4130859375,5.108142928663726,-0.6922902527357166,3.5275590551181097,16.0,222,256,0.12575337211754345,unavailable,0.0,False,False,3.4406111678264146,57741.42635588646,3461.857341751797,16.679319988000337,14435.356588971616,42,persistent_core_paired_edge_continuity_first_v2_1,199.0,241.0,,,,,,,238.0,,201.45721996162956,-0.6922902527357166,,2.0,5.108142928663726,238,241,211,227,252,268,True,True,NO_VALID_UPPER_COMPONENT;Z_EDGE_EVIDENCE_UNAVAILABLE;Z_CONTINUITY_NO_CANDIDATE,no_candidate,,False,,True,0,214.0,False,203.0
flow10,126,0,0.25,128.0,19,238.79877594676296,207.0,201.0,220.0,222.0,model_assisted,0.02204950753110296,model_assisted,0.02204950753110296,model_assisted,0.0,strong_evidence,0.9108991248587356,True,True,240.0,49128.13671875,15125.0322265625,3545.482177734375,9.590544469727408,1.2012240532370413,3.5275590551181097,16.0,222,256,0.10648569402724206,weak_evidence,0.0,True,False,3.4406111678264146,62267.86427238051,1538.986055494487,40.460317395386284,15566.966068095127,70,persistent_core_paired_edge_continuity_first_v2_1,198.0,268.0,19.60737936175544,14.53561878516077,1.8191765932493427,0.044458627700805664,0.2638960427625654,1.0,240.0,190.0,201.317972741667,1.2012240532370413,-11.317972741667006,2.0,9.590544469727408,238,241,211,227,252,268,True,True,UPPER_SEED_TRAJECTORY_OUTLIER;Z_EDGE_EVIDENCE_WEAK;Z_CONTINUITY_REJECTED_CONTINUITY,rejected_continuity,203.0,False,,True,0,215.0,False,203.0
flow10,127,0,0.25,128.0,19,238.87943514666173,215.0,201.0,220.0,222.0,model_assisted,0.23534772946824936,model_assisted,0.23534772946824936,model_assisted,0.8506920884366217,strong_evidence,0.991418684770065,True,True,239.0,48873.5625,12588.302734375,3795.6826171875,9.559613757303927,0.12056485333826572,3.5275590551181097,16.0,222,256,0.08065919989877557,weak_evidence,0.7299408821374997,True,False,3.4406111678264146,64593.71946751018,3313.7577623022325,19.492589410830593,16148.429866877545,42,persistent_core_paired_edge_continuity_first_v2_1,197.0,239.0,5.153330378562514,1.7544739212456746,0.4432470655172763,0.3068884164094925,0.21862541962735504,1.0,239.0,197.0,201.20496016984285,0.12056485333826572,-4.204960169842849,1.0,9.559613757303927,238,241,211,227,252,268,True,True,UPPER_SEED_TRAJECTORY_OUTLIER;Z_EDGE_EVIDENCE_WEAK;Z_CONTINUITY_REJECTED_CONTINUITY,rejected_continuity,203.0,False,,True,0,215.0,False,203.0
flow10,128,0,0.25,128.0,19,238.9341067249074,212.0,201.0,220.0,222.0,high_confidence,0.5,high_confidence,0.5,high_confidence,0.8888171123105423,strong_evidence,0.840938804986007,True,True,241.0,46600.73046875,13639.3955078125,5169.3193359375,6.376339478930582,2.0658932750926056,3.5275590551181097,16.0,222,256,0.05467157824566016,strong_evidence,0.9394213401166527,True,True,3.4406111678264146,51744.01186770652,10219.457406871861,5.063283676187381,40877.829627487445,6,persistent_core_paired_edge_continuity_first_v2_1,209.0,215.0,4.017964123084235,2.847195069484307,0.6955604324924838,0.2611331045627594,0.05138631280925067,1.0,241.0,201.0,201.12092426019552,2.0658932750926056,-0.12092426019552249,0.0,6.376339478930582,238,241,211,227,252,268,True,True,,accepted,203.0,False,,False,0,215.0,False,203.0
flow10,129,0,0.25,128.0,19,238.96726671332826,206.0,201.0,220.0,222.0,high_confidence,0.5,high_confidence,0.5,high_confidence,0.9157585308963853,strong_evidence,0.8412033928310747,True,True,240.0,48425.05859375,16997.908203125,6318.5283203125,4.973808582861695,1.0327332866717427,3.5275590551181097,16.0,222,256,0.033159988420862874,strong_evidence,0.9969214271558591,True,True,3.4406111678264146,62333.10843114588,4105.787785619963,15.181765762336825,16423.151142479852,70,persistent_core_paired_edge_continuity_first_v2_1,201.0,271.0,7.927630980376597,5.044676320630871,-0.28129466072191023,0.3656282126903534,0.04026887787388265,1.0,240.0,201.0,201.0633575807876,1.0327332866717427,-0.06335758078759568,0.0,4.973808582861695,238,241,211,227,252,268,True,True,,accepted,202.0,False,,False,0,215.0,False,202.0
flow10,130,0,0.25,128.0,19,238.98526421351912,215.0,201.0,220.0,222.0,high_confidence,0.5,high_confidence,0.5,high_confidence,0.9019297377930967,strong_evidence,0.8559571054459958,True,True,240.0,49606.4765625,17553.1484375,6242.77978515625,5.134464009320768,1.014735786480884,3.5275590551181097,16.0,222,256,0.017997500190858773,strong_evidence,0.9503715159787856,True,True,3.4406111678264146,58385.9894225217,7829.318267666019,7.457352917130423,31317.273070664076,36,persistent_core_paired_edge_continuity_first_v2_1,202.0,238.0,5.042625943751182,3.4950666249497027,0.6158361234969281,0.18914806842803955,0.0463444218964385,1.0,240.0,202.0,201.025490052157,1.014735786480884,0.9745099478429893,0.0,5.134464009320768,238,241,211,227,252,268,True,True,,accepted,201.0,False,,False,0,216.0,False,201.0
flow10,131,0,0.25,128.0,19,238.9940050915668,215.0,201.0,220.0,222.0,high_confidence,0.5,high_confidence,0.5,high_confidence,0.9304585145579362,strong_evidence,0.9995750473353978,True,True,239.0,49133.78515625,16420.265625,4682.4619140625,6.9863930837331205,0.005994908433194723,3.5275590551181097,16.0,222,256,0.008740878047689193,strong_evidence,0.866121107785983,True,True,3.4406111678264146,56027.02995995074,12279.914385787895,4.562493532104212,49119.65754315158,20,persistent_core_paired_edge_continuity_first_v2_1,206.0,226.0,4.083345722103434,2.8045964159340975,0.03400672480652602,0.33582936227321625,0.05002932780411428,1.0,239.0,202.0,200.99841375448779,0.005994908433194723,1.0015862455122146,0.0,6.9863930837331205,238,241,211,227,252,268,True,True,,accepted,201.0,False,,False,0,216.0,False,201.0
flow10,132,0,0.25,128.0,19,238.99780386150712,209.0,201.0,220.0,222.0,high_confidence,0.7805396398057028,high_confidence,0.7805396398057028,high_confidence,0.9992708556883392,strong_evidence,0.9998443463744814,True,True,239.0,52131.2890625,16182.99609375,4564.5341796875,7.875566608466302,0.002196138492877253,3.5275590551181097,16.0,222,256,0.00379876994031747,strong_evidence,0.9986976939449653,True,True,3.4406111678264146,65355.1282921918,10011.646720648745,6.527909954852747,40046.58688259498,28,persistent_core_paired_edge_continuity_first_v2_1,202.0,230.0,4.932585171434502,3.511082501044735,0.22285352289327162,0.30457577109336853,0.0039858297139463315,1.0,239.0,201.0,200.97315062394122,0.002196138492877253,0.026849376058777352,0.0,7.875566608466302,238,241,211,227,252,268,True,True,,accepted,201.0,False,,False,0,216.0,False,201.0
flow10,133,0,0.25,128.0,19,238.99928118628551,211.0,201.0,220.0,222.0,high_confidence,0.6086351941838462,high_confidence,0.6086351941838462,high_confidence,0.9613596112142151,strong_evidence,0.9999490559893295,True,True,239.0,50680.390625,14826.072265625,2684.56005859375,13.355751995415043,0.0007188137144851225,3.5275590551181097,16.0,222,256,0.0014773247783921306,strong_evidence,0.9242593875540488,True,True,3.4406111678264146,64226.51835347756,11473.599048636745,5.597765625347414,45894.39619454698,19,persistent_core_paired_edge_continuity_first_v2_1,203.0,222.0,2.7202090786356385,1.6610654239708722,1.0745673426973343,0.11465224623680115,0.035369418825765525,1.0,239.0,202.0,200.94227311868102,0.0007188137144851225,1.0577268813189846,0.0,13.355751995415043,238,241,211,227,252,268,True,True,,accepted,201.0,False,,False,0,216.0,False,201.0
flow10,134,0,0.25,128.0,19,238.99979529389134,207.0,201.0,220.0,222.0,high_confidence,0.6486318507008295,high_confidence,0.6486318507008295,high_confidence,0.9768689976102597,strong_evidence,0.9999854922631779,True,True,239.0,50513.36328125,14315.85546875,4132.54541015625,8.759131290739134,0.00020470610866141215,3.5275590551181097,16.0,222,256,0.0005141076058237104,strong_evidence,0.9542868830350253,True,True,3.4406111678264146,63824.28712731376,7614.557304308264,8.381877576941001,30458.229217233056,41,persistent_core_paired_edge_continuity_first_v2_1,200.0,241.0,4.731946872632867,3.379691487617833,-0.4168941514401429,0.13951179385185242,0.006841458256399403,1.0,239.0,200.0,200.9012048563424,0.00020470610866141215,-0.9012048563423889,0.0,8.759131290739134,238,241,211,227,252,268,True,True,,accepted,202.0,False,,False,0,216.0,False,202.0
flow10,135,0,0.25,128.0,19,238.9999553886572,211.0,201.0,220.0,222.0,model_assisted,0.11915615883824253,model_assisted,0.11915615883824253,model_assisted,0.7246799692008788,strong_evidence,0.9999968383652398,True,True,239.0,49602.609375,15994.013671875,3739.830322265625,8.986663245931593,4.461134278699319e-05,3.5275590551181097,16.0,222,256,0.00016009476587441895,weak_evidence,0.5251627181336911,True,False,3.4406111678264146,61531.44916539988,10617.58512567499,5.795239542427323,42470.34050269996,25,persistent_core_paired_edge_continuity_first_v2_1,202.0,227.0,3.2918737772906392,2.1309934697218464,1.5987369630745956,0.24979951977729797,0.1888544081593684,1.0,239.0,195.0,200.8493472866931,4.461134278699319e-05,-5.849347286693103,1.0,8.986663245931593,238,241,211,227,252,268,True,True,UPPER_SEED_TRAJECTORY_OUTLIER;Z_EDGE_EVIDENCE_WEAK;Z_CONTINUITY_REJECTED_CONTINUITY,rejected_continuity,202.0,False,,True,0,215.0,False,202.0
flow10,136,0,0.25,128.0,19,239.0,206.0,201.0,220.0,222.0,model_assisted,0.07875194672678855,model_assisted,0.07875194672678855,model_assisted,0.7174021558767508,strong_evidence,0.9510358161925602,True,True,239.0,51205.48046875,20341.58984375,5687.2939453125,5.426814742086295,0.0,3.5275590551181097,16.0,223,256,4.461134278699319e-05,weak_evidence,0.5411634814312853,True,False,3.4406111678264146,61702.378736184706,4858.355138649861,12.700261091520746,19433.420554599445,72,persistent_core_paired_edge_continuity_first_v2_1,196.0,268.0,8.676747374915253,6.072958724260715,2.0904149109126533,0.4162203222513199,0.08709842324564558,1.0,239.0,195.0,200.7906586392209,0.0,-5.790658639220908,2.0,5.426814742086295,238,241,211,227,252,268,True,True,UPPER_SEED_TRAJECTORY_OUTLIER;Z_EDGE_EVIDENCE_WEAK;Z_CONTINUITY_REJECTED_CONTINUITY,rejected_continuity,202.0,False,,True,0,215.0,False,202.0
flow10,137,0,0.25,128.0,19,239.0,212.0,201.0,220.0,222.0,model_assisted,0.04107692562525251,model_assisted,0.04107692562525251,model_assisted,0.4728142583744086,strong_evidence,0.8036794330765704,True,True,239.0,48109.5078125,21319.984375,6912.705078125,3.8754037869016655,0.0,3.5275590551181097,16.0,223,256,0.0,weak_evidence,0.2781623041743847,True,False,3.4406111678264146,53814.46069485641,5647.368528114186,9.529121470814754,22589.474112456744,42,persistent_core_paired_edge_continuity_first_v2_1,194.0,236.0,5.443212730711141,3.5161979412088935,0.4149460697373442,0.14373357594013214,0.16458302835445093,1.0,239.0,194.0,200.7331205086982,0.0,-6.7331205086981925,1.0,3.8754037869016655,238,241,211,227,252,268,True,True,UPPER_SEED_TRAJECTORY_OUTLIER;Z_EDGE_EVIDENCE_WEAK;Z_CONTINUITY_REJECTED_CONTINUITY,rejected_continuity,202.0,False,,True,0,215.0,False,202.0
flow10,138,0,0.25,128.0,19,239.0,210.0,201.0,220.0,222.0,high_confidence,0.6692025102308934,high_confidence,0.6692025102308934,high_confidence,0.9826281149075494,strong_evidence,1.0,True,True,239.0,46776.84765625,14335.060546875,3855.87109375,8.413607799793942,0.0,3.5275590551181097,16.0,223,256,0.0,strong_evidence,0.9655580122067642,True,True,3.4406111678264146,62758.20357001951,8411.006561974482,7.461437951284518,33644.02624789793,23,persistent_core_paired_edge_continuity_first_v2_1,201.0,224.0,5.063445043104512,3.672151507916565,-0.346880320279486,0.3862835541367531,0.005794986724496491,1.0,239.0,200.0,200.68680151117846,0.0,-0.6868015111784587,0.0,8.413607799793942,238,241,211,227,252,268,True,True,,accepted,202.0,False,,False,0,214.0,False,202.0
flow10,139,0,0.25,128.0,19,239.0,209.0,201.0,220.0,222.0,model_assisted,0.09004129336217556,model_assisted,0.09004129336217556,model_assisted,0.7477372983850117,strong_evidence,0.9951635050843525,True,True,239.0,48057.96875,16617.724609375,5291.09765625,5.9421024111106435,0.0,3.5275590551181097,16.0,223,256,0.0,weak_evidence,0.5618283473414998,True,False,3.4406111678264146,51288.039745313814,2794.6479804194314,18.35223616879873,12822.009936328453,67,persistent_core_paired_edge_continuity_first_v2_1,196.0,263.0,9.713192552824315,5.9364006769314575,3.912992943319825,0.4276341050863266,0.12784063308328386,1.0,239.0,195.0,200.66089445328768,0.0,-5.660894453287682,1.0,5.9421024111106435,238,241,211,227,252,268,True,True,UPPER_SEED_TRAJECTORY_OUTLIER;Z_EDGE_EVIDENCE_WEAK;Z_CONTINUITY_REJECTED_CONTINUITY,rejected_continuity,201.0,False,,True,0,214.0,False,201.0
flow10,140,0,0.25,128.0,19,239.0,209.0,201.0,220.0,222.0,high_confidence,0.5,high_confidence,0.5,high_confidence,0.8637545111947638,strong_evidence,0.8321585473568484,True,True,240.0,50571.6875,16837.0078125,6968.375,4.841111405098032,1.0,3.5275590551181097,16.0,223,256,0.0,strong_evidence,0.8965501321581366,True,True,3.4406111678264146,64478.704342262085,12010.232036098529,5.368647678784374,48040.928144394114,10,persistent_core_paired_edge_continuity_first_v2_1,205.0,215.0,2.6082989566022454,1.6622235165775143,0.9824997308104919,0.07336181402206421,0.017424606603807853,1.0,240.0,202.0,200.66089445328768,1.0,1.339105546712318,0.0,4.841111405098032,238,241,211,227,252,268,True,True,,accepted,201.0,False,,False,0,213.0,False,201.0
flow10,141,0,0.25,128.0,19,239.0,204.0,201.0,220.0,222.0,high_confidence,0.6428045112588066,high_confidence,0.6428045112588066,high_confidence,0.9765693340386864,strong_evidence,1.0,True,True,239.0,48180.8515625,19240.63671875,3315.748046875,8.728110349344952,0.0,3.5275590551181097,16.0,223,256,0.0,strong_evidence,0.9536876641847634,True,True,3.4406111678264146,61511.65897385457,11281.18856180148,5.452586723187601,45124.75424720592,14,persistent_core_paired_edge_continuity_first_v2_1,203.0,217.0,4.0043356499976825,2.745791266875576,1.2269086134346883,0.31222642958164215,0.026293813184853014,1.0,239.0,201.0,200.6867717702833,0.0,0.3132282297167137,0.0,8.728110349344952,238,241,211,227,252,268,True,True,,accepted,201.0,False,,False,0,213.0,False,201.0
flow10,142,0,0.25,128.0,19,239.0,211.0,201.0,220.0,222.0,model_assisted,0.060112429664475865,model_assisted,0.060112429664475865,model_assisted,0.0,strong_evidence,1.0,True,True,239.0,48372.35546875,18513.33203125,3772.6748046875,7.914550016450012,0.0,3.5275590551181097,16.0,223,256,4.461134275857148e-05,weak_evidence,0.0,True,False,3.4406111678264146,55706.76543188125,3333.849654477056,16.70944139819627,13926.691357970312,58,persistent_core_paired_edge_continuity_first_v2_1,193.0,251.0,13.359188230963817,10.027608592959746,0.04845276507793976,0.26133356988430023,0.14064099125038124,1.0,239.0,193.0,200.73296916751147,0.0,-7.73296916751147,1.0,7.914550016450012,238,241,211,227,252,268,True,True,UPPER_SEED_TRAJECTORY_OUTLIER;Z_EDGE_EVIDENCE_WEAK;Z_CONTINUITY_REJECTED_CONTINUITY,rejected_continuity,201.0,False,,True,0,213.0,False,201.0
flow10,143,0,0.25,128.0,19,239.00004461134276,206.0,201.0,220.0,222.0,high_confidence,0.5,high_confidence,0.5,high_confidence,0.9510232016043006,strong_evidence,0.9999968383652418,True,True,239.0,48928.65234375,12421.615234375,5494.3974609375,6.644411397049871,-4.461134275857148e-05,3.5275590551181097,16.0,223,257,0.00016009476590284066,strong_evidence,0.9044479895238948,True,True,3.4406111678264146,59611.9789862528,7392.841007829928,8.063473693417237,29571.36403131971,43,persistent_core_paired_edge_continuity_first_v2_1,199.0,242.0,4.300319181282923,2.746011198664742,-0.13747926883656786,0.2612934857606888,0.02271085630477381,1.0,239.0,199.0,200.7900665833656,-4.461134275857148e-05,-1.7900665833655864,0.0,6.644411397049871,238,241,211,227,252,268,True,True,,accepted,201.0,False,,False,0,213.0,False,201.0
flow10,144,0,0.25,128.0,19,239.00020470610866,205.0,201.0,220.0,222.0,model_assisted,0.1596467395776158,model_assisted,0.1596467395776158,model_assisted,0.7855504801533865,strong_evidence,0.926406991180582,True,True,238.0,47225.26953125,13091.740234375,4248.95849609375,8.033387317916949,-1.0002047061086614,3.5275590551181097,16.0,223,257,0.0005141076058237104,weak_evidence,0.6661106433175962,True,False,3.4406111678264146,61479.83807162958,806.6560897371677,76.21567462741342,15369.959517907395,64,persistent_core_paired_edge_continuity_first_v2_1,196.0,260.0,30.96284681040957,17.199090980140554,6.488320483872369,0.4201838970184326,0.15329674502146717,1.0,238.0,196.0,200.84743888368436,-1.0002047061086614,-4.847438883684362,1.0,8.033387317916949,238,241,211,227,252,268,True,True,UPPER_SEED_TRAJECTORY_OUTLIER;Z_EDGE_EVIDENCE_WEAK;Z_CONTINUITY_REJECTED_CONTINUITY,rejected_continuity,200.0,False,,True,0,212.0,False,200.0
flow10,145,0,0.25,128.0,19,239.00071881371449,205.0,201.0,220.0,222.0,high_confidence,0.5,high_confidence,0.5,high_confidence,0.9434201833654111,strong_evidence,0.9999490559893295,True,True,239.0,47235.5625,11469.263671875,3845.00439453125,9.302017672332289,-0.0007188137144851225,3.5275590551181097,16.0,223,257,0.0014773247783921306,strong_evidence,0.8900869869821884,True,True,3.4406111678264146,60435.91906853054,11991.697390432091,5.039813556065133,47966.789561728365,8,persistent_core_paired_edge_continuity_first_v2_1,203.0,211.0,2.575273568057322,1.666703884216356,0.6484515099357959,0.04543450474739075,0.0648631047768019,1.0,239.0,202.0,200.8957425203939,-0.0007188137144851225,1.1042574796061047,0.0,9.302017672332289,238,241,211,227,252,268,True,True,,accepted,200.0,False,,False,0,212.0,False,200.0
flow10,146,0,0.25,128.0,19,239.00219613849288,213.0,201.0,220.0,222.0,high_confidence,0.9763440117437934,high_confidence,0.9763440117437934,high_confidence,0.9981751554154422,strong_evidence,0.9998443463744814,True,True,239.0,49233.26953125,15547.08203125,1644.45458984375,20.48471736954484,-0.002196138492877253,3.5275590551181097,16.0,223,257,0.00379876994031747,strong_evidence,0.9965087510886101,True,True,3.4406111678264146,58007.52061435293,7560.596151785727,7.6723474511533345,30242.384607142907,35,persistent_core_paired_edge_continuity_first_v2_1,201.0,236.0,4.2136953773616845,2.4528963201389846,0.3518547330968561,0.36883415281772614,0.046663509848345164,1.0,239.0,201.0,200.9281791491298,-0.002196138492877253,0.0718208508702105,0.0,20.48471736954484,238,241,211,227,252,268,True,True,,accepted,201.0,False,,False,0,213.0,False,201.0
flow10,147,0,0.25,128.0,19,239.0059949084332,204.0,201.0,220.0,222.0,model_assisted,0.18829692102039125,model_assisted,0.18829692102039125,model_assisted,0.8712563819959911,strong_evidence,0.9140601494973037,True,True,239.0,46616.1640625,13773.470703125,6545.89111328125,5.017299064559598,-0.005994908433194723,3.5275590551181097,16.0,223,257,0.008740878047689193,weak_evidence,0.830457036756511,True,False,3.4406111678264146,61974.488081674106,744.8616458076378,83.20268392189327,15493.622020418527,48,persistent_core_paired_edge_continuity_first_v2_1,198.0,246.0,47.11724500598486,33.08904413087133,4.373877016635583,0.2808726727962494,0.059090729921191916,1.0,239.0,198.0,200.94012556763892,-0.005994908433194723,-2.9401255676389155,1.0,5.017299064559598,238,241,211,227,252,268,True,True,UPPER_SEED_TRAJECTORY_OUTLIER;Z_EDGE_EVIDENCE_WEAK;Z_CONTINUITY_REJECTED_CONTINUITY,rejected_continuity,201.0,False,,True,0,213.0,False,201.0
flow10,148,0,0.25,128.0,19,239.01473578648088,207.0,201.0,220.0,222.0,high_confidence,0.6589765838248282,high_confidence,0.6589765838248282,high_confidence,0.9716577775464367,strong_evidence,0.9989551210318994,True,True,239.0,46841.22265625,15344.8935546875,3343.351318359375,9.420586143193036,-0.014735786480883917,3.5275590551181097,16.0,223,257,0.017997500190858773,strong_evidence,0.945106358423015,True,True,3.4406111678264146,58590.15240283277,9276.815072386009,6.315761599822784,37107.260289544036,25,persistent_core_paired_edge_continuity_first_v2_1,202.0,227.0,4.09840772607457,2.58080655059944,1.136489489661591,0.3284592777490616,0.01741458218168047,1.0,239.0,202.0,200.92786151521216,-0.014735786480883917,1.0721384847878426,0.0,9.420586143193036,238,241,211,227,252,268,True,True,,accepted,201.0,False,,False,0,213.0,False,201.0
flow10,149,0,0.25,128.0,19,239.03273328667174,215.0,201.0,220.0,222.0,high_confidence,0.5,high_confidence,0.5,high_confidence,0.8229802076022433,strong_evidence,0.9976774773822293,True,True,239.0,50583.8828125,11317.158203125,3283.35888671875,11.959315434023877,-0.03273328667174269,3.5275590551181097,16.0,223,257,0.03315998842083445,strong_evidence,0.6788731202814818,True,True,3.4406111678264146,59583.04298780521,13822.981950488153,4.310433392825277,55291.92780195261,3,persistent_core_paired_edge_continuity_first_v2_1,214.0,217.0,2.157971502894359,1.0926366456072627,0.6327303578505237,0.29336246848106384,0.12601353186222827,1.0,239.0,200.0,200.88756738008607,-0.03273328667174269,-0.8875673800860682,0.0,11.959315434023877,238,241,211,227,252,268,True,True,,accepted,201.0,False,,False,0,213.0,False,201.0
flow10,150,0,0.25,128.0,19,239.06589327509258,205.0,201.0,220.0,222.0,high_confidence,0.5,high_confidence,0.5,high_confidence,0.8390698965262297,strong_evidence,0.8987502063110345,True,True,239.0,49612.3828125,14445.28515625,7188.39599609375,4.892203723245098,-0.06589327509257714,3.5275590551181097,16.0,223,257,0.05467157824568858,strong_evidence,0.7833525781833179,True,True,3.4406111678264146,58242.40511464946,13101.824027316125,4.445366156133626,52407.2961092645,4,persistent_core_paired_edge_continuity_first_v2_1,204.0,208.0,3.3402420658122507,2.2009125189931305,1.2342684323024216,0.2913907766342163,0.014988552492773602,1.0,239.0,201.0,200.8156557430337,-0.06589327509257714,0.18434425696631251,0.0,4.892203723245098,238,241,211,227,252,268,True,True,,accepted,201.0,False,,False,0,213.0,False,201.0
flow10,151,0,0.25,128.0,19,239.12056485333827,203.0,201.0,220.0,222.0,high_confidence,0.5647260724282354,high_confidence,0.5647260724282354,high_confidence,0.9182132765359735,strong_evidence,0.9171531699136378,True,True,238.0,50200.4453125,15939.97265625,2934.755859375,11.674045235076651,-1.1205648533382657,3.5275590551181097,16.0,223,257,0.08065919989877557,strong_evidence,0.9192746085000378,True,True,3.4406111678264146,62302.14605462095,12803.76248354301,4.865924850972472,51215.04993417204,15,persistent_core_paired_edge_continuity_first_v2_1,202.0,217.0,3.8086665606419734,3.0105020698401606,-0.6018210116563099,0.18084228038787842,0.031736112781860164,1.0,238.0,201.0,200.71032290064434,-1.1205648533382657,0.2896770993556572,0.0,11.674045235076651,238,241,211,227,252,268,True,True,,accepted,201.0,False,,False,0,212.0,False,201.0
flow10,152,0,0.25,128.0,19,239.20122405323704,208.0,201.0,220.0,222.0,model_assisted,0.424114512335987,model_assisted,0.424114512335987,model_assisted,0.9182467584865278,strong_evidence,0.9856359810279767,True,True,239.0,50597.4765625,14371.46484375,2720.40234375,13.316416890309482,-0.2012240532370413,3.5275590551181097,16.0,223,257,0.10648569402724206,weak_evidence,0.8554650253246818,True,False,3.4406111678264146,63422.10272693972,2291.47772860484,27.677381252818932,15855.52568173493,80,persistent_core_paired_edge_continuity_first_v2_1,198.0,278.0,13.945478160799988,9.439368350570515,-2.192927856147661,0.4523531533777714,0.09000670761094243,1.0,239.0,198.0,200.57325535185026,-0.2012240532370413,-2.573255351850264,1.0,13.316416890309482,238,241,211,227,252,268,True,True,UPPER_SEED_TRAJECTORY_OUTLIER;Z_EDGE_EVIDENCE_WEAK;Z_CONTINUITY_REJECTED_CONTINUITY,rejected_continuity,201.0,False,,True,0,211.0,False,201.0
flow10,153,0,0.25,128.0,19,239.30770974726428,208.0,200.0,219.0,221.0,model_assisted,0.18500557673616883,model_assisted,0.18500557673616883,model_assisted,0.8009662404417524,strong_evidence,0.9025762124636203,True,True,238.0,51214.296875,14095.224609375,4613.05908203125,8.046520021868115,-1.3077097472642834,3.5275590551181097,16.0,223,257,0.12579798346033044,weak_evidence,0.7107952873877157,True,False,3.4406111678264146,58818.63061519634,5196.524530916666,11.318840171975625,20786.098123666663,44,persistent_core_paired_edge_continuity_first_v2_1,196.0,240.0,5.724501472601635,3.5842332387522213,-0.008177638396657815,0.1621188223361969,0.12058044136084559,1.0,238.0,196.0,200.4100717581641,-1.3077097472642834,-4.410071758164094,1.0,8.046520021868115,238,241,211,227,252,268,True,True,UPPER_SEED_TRAJECTORY_OUTLIER;Z_EDGE_EVIDENCE_WEAK;Z_CONTINUITY_REJECTED_CONTINUITY,rejected_continuity,201.0,False,,True,0,211.0,False,201.0
flow10,154,0,0.25,128.0,19,239.4335077307246,207.0,200.0,219.0,221.0,high_confidence,0.5,high_confidence,0.5,high_confidence,0.9476995909936549,strong_evidence,0.9590123976241933,True,True,240.0,48108.61328125,16747.966796875,4839.69287109375,6.47988360411962,0.5664922692753862,3.5275590551181097,16.0,223,257,0.1329845385507724,strong_evidence,0.9365202337264167,True,True,3.4406111678264146,58143.888882290776,6277.239197727022,9.262653063044752,25108.956790908087,49,persistent_core_paired_edge_continuity_first_v2_1,199.0,248.0,7.264353053404969,5.44910005402279,-0.5505948883490278,0.38325558602809906,0.018150427725898727,1.0,240.0,199.0,200.2290280082055,0.5664922692753862,-1.2290280082054892,0.0,6.47988360411962,238,241,211,227,252,268,True,True,,accepted,201.0,False,,False,0,210.0,False,201.0
flow10,155,0,0.25,128.0,19,239.5664922692754,205.0,200.0,219.0,221.0,high_confidence,0.5,high_confidence,0.5,high_confidence,0.9207696026546149,strong_evidence,0.9687900442172827,True,True,240.0,50904.0546875,11251.15234375,2149.12353515625,18.450731982173874,0.4335077307246138,3.5275590551181097,16.0,223,257,0.1329845385507724,strong_evidence,0.8751294114069024,True,True,3.4406111678264146,62996.530006885405,13477.414281800558,4.6742296919635224,53909.657127202234,8,persistent_core_paired_edge_continuity_first_v2_1,202.0,210.0,3.364306335655719,2.421249593559909,0.21324815676238276,0.19225603342056274,0.12351213179903198,1.0,240.0,201.0,200.03880388847614,0.4335077307246138,0.9611961115238614,0.0,18.450731982173874,239,242,212,228,253,269,True,True,,accepted,201.0,False,,False,0,210.0,False,201.0
flow10,156,0,0.25,128.0,19,239.6922902527357,205.0,200.0,219.0,221.0,high_confidence,0.6808434680808337,high_confidence,0.6808434680808337,high_confidence,0.9451675227099662,strong_evidence,0.9496704890843387,True,True,239.0,50535.84765625,13766.2919921875,2295.7705078125,16.016215705766676,-0.6922902527356882,3.5275590551181097,16.0,223,257,0.12579798346030202,strong_evidence,0.9406859076426015,True,True,3.4406111678264146,60128.57062122239,8691.748967598234,6.917890846292762,34766.99587039294,44,persistent_core_paired_edge_continuity_first_v2_1,201.0,245.0,3.8750464511548453,2.5402693809084353,0.32933655744491086,0.12797772884368896,0.0007952152889413954,1.0,239.0,201.0,199.84673143431348,-0.6922902527356882,1.153268565686517,0.0,16.016215705766676,239,242,212,228,253,269,True,True,,accepted,201.0,False,,False,0,209.0,False,201.0
flow10,157,0,0.25,128.0,19,239.79877594676293,208.0,200.0,219.0,221.0,high_confidence,0.8308594726847612,high_confidence,0.8308594726847612,high_confidence,0.9843964349361363,strong_evidence,0.9856359810279746,True,True,240.0,48052.03125,11937.30078125,3878.54736328125,9.311406329764901,0.2012240532370697,3.5275590551181097,16.0,223,257,0.10648569402724206,strong_evidence,0.9831584477103938,True,True,3.4406111678264146,57018.808527393805,7940.328237691472,7.180913284760019,31761.31295076589,35,persistent_core_paired_edge_continuity_first_v2_1,200.0,235.0,4.1198423115569565,2.6256143446255362,0.5427531231615058,0.21472269296646118,0.04496482805224464,1.0,240.0,200.0,199.65815105774467,0.2012240532370697,0.34184894225532503,0.0,9.311406329764901,239,242,212,228,253,269,True,True,,accepted,201.0,False,,False,0,210.0,False,201.0
flow10,158,0,0.25,128.0,19,239.87943514666176,210.0,199.0,218.0,220.0,model_assisted,0.28962366633921544,model_assisted,0.28962366633921544,model_assisted,0.8855250727526814,strong_evidence,0.9914186847700671,True,True,240.0,48779.0,15483.70703125,3608.228515625,9.22760097498502,0.1205648533382373,3.5275590551181097,16.0,223,257,0.08065919989883241,weak_evidence,0.790941976906059,True,False,3.4406111678264146,47688.55606695548,3633.6416869854966,13.124176838283237,14534.566747941986,65,persistent_core_paired_edge_continuity_first_v2_1,196.0,261.0,5.342603256632377,2.732207990447531,-0.3749928294339599,0.3655279278755188,0.11462877630991311,1.0,240.0,196.0,199.47636072017605,0.1205648533382373,-3.4763607201760465,1.0,9.22760097498502,239,242,212,228,253,269,True,True,UPPER_SEED_TRAJECTORY_OUTLIER;Z_EDGE_EVIDENCE_WEAK;Z_CONTINUITY_REJECTED_CONTINUITY,rejected_continuity,201.0,False,,True,0,210.0,False,201.0
flow10,159,0,0.25,128.0,19,239.9341067249074,204.0,199.0,218.0,220.0,high_confidence,0.9041273097770353,high_confidence,0.9041273097770353,high_confidence,0.9902133271859832,strong_evidence,0.9953191531305104,True,True,240.0,48515.89453125,11052.8671875,3647.2392578125,10.271612223821903,0.06589327509260556,3.5275590551181097,16.0,223,257,0.054671578245631736,strong_evidence,0.9851336933010519,True,True,3.4406111678264146,55410.37491583028,8471.868593673968,6.5405139731753845,33887.47437469587,33,persistent_core_paired_edge_continuity_first_v2_1,199.0,232.0,5.133860865409466,3.8265635223848498,1.191814185794233,0.1024431586265564,0.009271283325074963,1.0,240.0,199.0,199.30235529731834,0.06589327509260556,-0.30235529731834276,0.0,10.271612223821903,239,242,212,228,253,269,True,True,,accepted,201.0,False,,False,0,210.0,False,201.0
flow10,160,0,0.25,128.0,19,239.96726671332829,206.0,199.0,218.0,220.0,high_confidence,0.5,high_confidence,0.5,high_confidence,0.9388988072170654,strong_evidence,0.9976774773822313,True,True,240.0,49432.953125,17557.78125,5054.8154296875,6.305902226972231,0.03273328667171427,3.5275590551181097,16.0,223,257,0.033159988420891295,strong_evidence,0.883583111955824,True,True,3.4406111678264146,65118.45452689487,1174.6721985363663,55.43542667310253,16279.613631723718,47,persistent_core_paired_edge_continuity_first_v2_1,197.0,244.0,34.277431821805386,24.27316134248246,4.366944113782188,0.32738322019577026,0.030486440832616705,1.0,240.0,197.0,199.1343471777719,0.03273328667171427,-2.1343471777719003,0.0,6.305902226972231,239,242,212,228,253,269,True,True,,accepted,200.0,False,,False,0,210.0,False,200.0
flow10,161,0,0.25,128.0,19,239.98526421351914,207.0,199.0,218.0,220.0,high_confidence,0.520384204357906,high_confidence,0.520384204357906,high_confidence,0.8922911617692809,strong_evidence,0.9989551210319014,True,True,240.0,49437.421875,16826.75,2643.285400390625,12.337173984383522,0.014735786480855495,3.5275590551181097,16.0,223,257,0.017997500190858773,strong_evidence,0.7970163029437507,True,True,3.4406111678264146,63121.305886853224,13788.602881187311,4.577788368462894,55154.411524749245,4,persistent_core_paired_edge_continuity_first_v2_1,206.0,210.0,3.1585191872346234,2.1204178163800798,0.1633932537350618,0.27561476826667786,0.002681337587190276,1.0,240.0,199.0,198.96820090996815,0.014735786480855495,0.03179909003185344,0.0,12.337173984383522,239,242,212,228,253,269,True,True,,accepted,200.0,False,,False,0,210.0,False,200.0
flow10,162,0,0.25,128.0,19,239.9940050915668,206.0,199.0,218.0,220.0,high_confidence,0.8951350602852965,high_confidence,0.8951350602852965,high_confidence,0.9575444896719099,strong_evidence,0.9259639322495188,True,True,241.0,48618.9140625,14149.3935546875,3602.06787109375,9.569370078900263,1.0059949084331947,3.5275590551181097,16.0,223,257,0.008740878047660772,strong_evidence,0.9902021210195089,True,True,3.4406111678264146,64750.96223631583,1424.1869063709962,45.465213832999815,16187.740559078957,49,persistent_core_paired_edge_continuity_first_v2_1,199.0,248.0,30.52734259165517,23.347130340553736,0.34773111771513004,0.2375301718711853,0.013517340872292487,1.0,241.0,199.0,198.79971113627917,1.0059949084331947,0.20028886372082866,0.0,9.569370078900263,239,242,212,228,253,269,True,True,,accepted,199.0,False,,False,0,210.0,False,199.0
flow10,163,0,0.25,128.0,19,239.99780386150712,208.0,199.0,218.0,220.0,high_confidence,0.5896301814612075,high_confidence,0.5896301814612075,high_confidence,0.9635482700488941,strong_evidence,0.9998443463744814,True,True,240.0,48231.3984375,13251.701171875,3755.37939453125,9.31455748960118,0.002196138492877253,3.5275590551181097,16.0,223,257,0.00379876994031747,strong_evidence,0.9285698039707517,True,True,3.4406111678264146,58937.73522520528,9250.36940560678,6.371392605086915,37001.47762242712,22,persistent_core_paired_edge_continuity_first_v2_1,200.0,222.0,3.2816315280398123,1.8490005547509962,-0.08333925631710012,0.3367049843072891,0.012510458283390778,1.0,240.0,200.0,198.62824053655325,0.002196138492877253,1.3717594634467503,0.0,9.31455748960118,239,242,212,228,253,269,True,True,,accepted,199.0,False,,False,0,210.0,False,199.0
flow10,164,0,0.25,128.0,19,239.99928118628554,203.0,198.0,217.0,219.0,model_assisted,0.2689690657264837,model_assisted,0.2689690657264837,model_assisted,0.894089266933091,strong_evidence,0.9263676608913892,True,True,241.0,48683.578125,13985.08984375,5682.93603515625,6.105732682295795,1.0007188137144567,3.5275590551181097,16.0,223,257,0.0014773247784205523,weak_evidence,0.862935582699142,True,False,3.4406111678264146,64420.96465917927,1309.590102510929,49.191700926620015,16105.241164794817,46,persistent_core_paired_edge_continuity_first_v2_1,197.0,243.0,28.28397076135337,19.45841080870016,0.31846476336548674,0.4680689312517643,0.0104407613163355,1.0,241.0,196.0,198.45940577241987,1.0007188137144567,-2.4594057724198706,1.0,6.105732682295795,239,242,212,228,253,269,True,True,UPPER_SEED_TRAJECTORY_OUTLIER;Z_EDGE_EVIDENCE_WEAK;Z_CONTINUITY_REJECTED_CONTINUITY,rejected_continuity,199.0,False,,True,0,209.0,False,199.0
flow10,165,0,0.25,128.0,19,239.99979529389134,206.0,198.0,217.0,219.0,high_confidence,0.6018293732519973,high_confidence,0.6018293732519973,high_confidence,0.9293735114629841,strong_evidence,0.9264383108629511,True,True,239.0,50329.51953125,17546.2734375,3526.09033203125,9.2973358611788,-0.9997952938913386,3.5275590551181097,16.0,223,257,0.0005141076057952887,strong_evidence,0.9323180115516732,True,True,3.4406111678264146,65419.9338495812,3751.0207254018314,17.44056848488168,16354.9834623953,74,persistent_core_paired_edge_continuity_first_v2_1,198.0,272.0,8.597617215394132,5.4580553490299195,2.4045290766117753,0.36901450902223587,0.051932441402114865,1.0,239.0,197.0,198.3047723197105,-0.9997952938913386,-1.3047723197105086,0.0,9.2973358611788,239,242,212,228,253,269,True,True,,accepted,199.0,False,,False,0,208.0,False,199.0
flow10,166,0,0.25,128.0,19,239.99995538865727,202.0,198.0,217.0,219.0,high_confidence,0.5,high_confidence,0.5,high_confidence,0.9407669971649437,strong_evidence,0.9999968383652438,True,True,240.0,50700.6953125,12606.9609375,4238.2373046875,8.988107941211371,4.461134273014977e-05,3.5275590551181097,16.0,223,257,0.00016009476593126237,strong_evidence,0.8850453411448567,True,True,3.4406111678264146,59624.40377077046,12622.367124873826,4.723710155227042,50489.468499495306,6,persistent_core_paired_edge_continuity_first_v2_1,200.0,206.0,2.443412628987827,1.5675150706491263,-0.06460104539358415,0.1475769281387329,0.2838963228017549,1.0,240.0,199.0,198.17818516260613,4.461134273014977e-05,0.8218148373938732,0.0,8.988107941211371,239,242,212,228,253,269,True,True,,accepted,199.0,False,,False,0,207.0,False,199.0
flow10,167,0,0.25,128.0,19,240.0,203.0,198.0,217.0,219.0,high_confidence,0.5,high_confidence,0.5,high_confidence,0.8416448739975415,strong_evidence,0.7503148939888751,True,True,242.0,48453.00390625,16729.37109375,6729.32568359375,4.714236508101093,2.0,3.5275590551181097,16.0,224,257,4.461134273014977e-05,strong_evidence,0.9440917401498903,True,True,3.4406111678264146,61158.762160454346,1763.9831839734409,34.670830604343884,15289.690540113586,73,persistent_core_paired_edge_continuity_first_v2_1,197.0,270.0,14.821790471926345,8.101557181219171,2.5671068089477793,0.40801485627889633,0.1177207195185498,1.0,242.0,197.0,198.09082742069842,2.0,-1.0908274206984174,0.0,4.714236508101093,239,242,212,228,253,269,True,True,,accepted,199.0,False,,False,0,206.0,False,199.0
flow10,168,0,0.25,128.0,19,240.0,208.0,198.0,217.0,219.0,high_confidence,0.5,high_confidence,0.5,high_confidence,0.8752663450824149,strong_evidence,0.8094675178063343,True,True,241.0,49510.7109375,15985.841796875,7318.72314453125,4.580699184621528,1.0,3.5275590551181097,16.0,224,257,0.0,strong_evidence,0.9464137324621058,True,True,3.4406111678264146,64561.91939045058,2459.1336227621223,26.253928941825464,16140.479847612645,58,persistent_core_paired_edge_continuity_first_v2_1,197.0,255.0,10.392348999242577,5.398563628038621,3.7244376808726836,0.31200580298900604,0.1181172119565872,1.0,241.0,197.0,198.047997849394,1.0,-1.0479978493939939,0.0,4.580699184621528,239,242,212,228,253,269,True,True,,accepted,199.0,False,,False,0,206.0,False,199.0
flow10,169,0,0.25,128.0,19,240.0,214.0,198.0,217.0,219.0,high_confidence,0.5,high_confidence,0.5,high_confidence,0.9619330491209332,strong_evidence,0.9777657495901926,True,True,240.0,49543.95703125,14631.9521484375,6086.3076171875,5.736155166430026,0.0,3.5275590551181097,16.0,224,257,0.0,strong_evidence,0.9463567233551796,True,True,3.4406111678264146,60784.75780684252,9496.32665922547,6.400870566914575,37985.30663690188,30,persistent_core_paired_edge_continuity_first_v2_1,199.0,229.0,3.6064056316308744,2.144275133278509,0.6230267214363091,0.271590992808342,0.09769657024644642,1.0,240.0,197.0,198.0490519134122,0.0,-1.0490519134121996,0.0,5.736155166430026,239,242,212,228,253,269,True,True,,accepted,197.0,False,,False,0,206.0,False,197.0
flow10,170,0,0.25,128.0,19,240.0,202.0,198.0,217.0,219.0,model_assisted,0.11192172046312647,model_assisted,0.11192172046312647,model_assisted,0.6973821474545372,strong_evidence,1.0,True,True,240.0,48317.5,15832.431640625,3812.433349609375,8.520822629647663,0.0,3.5275590551181097,16.0,224,257,0.0,weak_evidence,0.48634185958830184,True,False,3.4406111678264146,59319.040577425985,3000.5766924119534,19.76921327404685,14829.760144356496,82,persistent_core_paired_edge_continuity_first_v2_1,193.0,275.0,5.848104322369873,3.1764014957667928,-0.9599082389475467,0.36875393241643906,0.1795384463508155,1.0,240.0,192.0,198.0896501173403,0.0,-6.089650117340312,1.0,8.520822629647663,239,242,212,228,253,269,True,True,UPPER_SEED_TRAJECTORY_OUTLIER;Z_EDGE_EVIDENCE_WEAK;Z_CONTINUITY_REJECTED_CONTINUITY,rejected_continuity,197.0,False,,True,0,206.0,False,197.0
flow10,171,0,0.25,128.0,19,240.0,214.0,198.0,217.0,219.0,high_confidence,0.5942822137997196,high_confidence,0.5942822137997196,high_confidence,0.9959869518124809,strong_evidence,1.0,True,True,240.0,47544.09765625,16753.9921875,4905.37255859375,6.276812841627827,0.0,3.5275590551181097,16.0,224,257,0.0,strong_evidence,0.991990008180717,True,True,3.4406111678264146,59175.350902553604,2979.557806483743,19.860447336777142,14793.837725638401,62,persistent_core_paired_edge_continuity_first_v2_1,198.0,260.0,9.41912053552706,6.078935068216203,-0.4495610306742352,0.2943383604288101,0.09464408010113869,1.0,240.0,198.0,198.16403464321513,0.0,-0.16403464321513184,0.0,6.276812841627827,239,242,212,228,253,269,True,True,,accepted,197.0,False,,False,0,205.0,False,197.0
flow10,172,0,0.25,128.0,19,240.0,203.0,198.0,217.0,219.0,high_confidence,0.539987871347609,high_confidence,0.539987871347609,high_confidence,0.9304479330148379,strong_evidence,0.9264226511541201,True,True,241.0,47724.5859375,12260.8583984375,4306.97412109375,8.234023827860042,1.0,3.5275590551181097,16.0,224,257,0.0,strong_evidence,0.9344907046185341,True,True,3.4406111678264146,56208.11995680971,8521.080956967791,6.596360278779847,34084.323827871165,29,persistent_core_paired_edge_continuity_first_v2_1,198.0,227.0,3.6557632517812073,2.359825593360733,0.32124722128233124,0.15937167406082153,0.012016571850043229,1.0,241.0,197.0,198.26569497299204,1.0,-1.265694972992037,0.0,8.234023827860042,239,242,212,228,253,269,True,True,,accepted,197.0,False,,False,0,206.0,False,197.0
flow10,173,0,0.25,128.0,19,240.0,215.0,198.0,217.0,219.0,model_assisted,0.4543847387382275,model_assisted,0.4543847387382275,model_assisted,0.9564444629443877,strong_evidence,1.0,True,True,240.0,48689.203125,15693.61328125,4240.88330078125,7.780357888572787,0.0,3.5275590551181097,16.0,224,257,0.0,weak_evidence,0.9147860106969782,True,False,3.4406111678264146,57372.10736047909,8732.52242566429,6.569935302068776,34930.08970265716,24,persistent_core_paired_edge_continuity_first_v2_1,200.0,224.0,5.0121805511468205,3.55732955619947,0.35307563819766236,0.2922862768173218,0.04025985965263676,1.0,240.0,200.0,198.38651527129218,0.0,1.6134847287078173,1.0,7.780357888572787,239,242,212,228,253,269,True,True,UPPER_SEED_TRAJECTORY_OUTLIER;Z_EDGE_EVIDENCE_WEAK;Z_CONTINUITY_REJECTED_CONTINUITY,rejected_continuity,197.0,False,,True,0,206.0,False,197.0
flow10,174,0,0.25,128.0,19,240.0,202.0,199.0,218.0,220.0,model_assisted,0.13938511042518315,model_assisted,0.13938511042518315,model_assisted,0.7026305772321099,strong_evidence,0.8464737781779522,True,True,242.0,46693.99609375,17449.52734375,3336.547119140625,8.764890081196373,2.0,3.5275590551181097,16.0,224,257,0.0,weak_evidence,0.5832309763028958,True,False,3.4406111678264146,54173.042112466515,5632.272902574757,9.618326925831607,22529.091610299027,49,persistent_core_paired_edge_continuity_first_v2_1,193.0,242.0,2.930612253941993,1.7900771316314676,-0.3658150856598544,0.07244616746902466,0.1396701754469997,1.0,242.0,193.0,198.51605044864388,2.0,-5.516050448643881,1.0,8.764890081196373,239,242,212,228,253,269,True,True,UPPER_SEED_TRAJECTORY_OUTLIER;Z_EDGE_EVIDENCE_WEAK;Z_CONTINUITY_REJECTED_CONTINUITY,rejected_continuity,197.0,False,,True,0,206.0,False,197.0
flow10,175,0,0.25,128.0,19,240.0,205.0,199.0,218.0,220.0,high_confidence,0.5,high_confidence,0.5,high_confidence,0.9035733176159653,strong_evidence,0.831103125894097,True,True,241.0,47170.96875,17313.87109375,6183.07958984375,4.8288392899378,1.0,3.5275590551181097,16.0,224,257,4.461134278699319e-05,strong_evidence,0.9823627355861457,True,True,3.4406111678264146,55692.42861313718,5004.703329780329,11.128017974959903,20018.813319121316,57,persistent_core_paired_edge_continuity_first_v2_1,199.0,256.0,9.876390232773321,7.619808289935871,0.5932667490118788,0.2716511934995651,0.002178870068348715,1.0,241.0,199.0,198.64228612225742,1.0,0.357713877742583,0.0,4.8288392899378,239,242,212,228,253,269,True,True,,accepted,197.0,False,,False,0,206.0,False,197.0
flow10,176,0,0.25,128.0,19,240.0000446113428,203.0,199.0,218.0,220.0,high_confidence,0.5,high_confidence,0.5,high_confidence,0.9048175447979582,strong_evidence,0.9264260638771736,True,True,241.0,51743.5390625,11066.294921875,3096.724853515625,13.135569372411393,0.999955388657213,3.5275590551181097,16.0,224,258,0.00016009476587441895,strong_evidence,0.883713035822736,True,True,3.4406111678264146,62140.44073038138,12289.533055907714,5.056371177626621,49158.132223630855,15,persistent_core_paired_edge_continuity_first_v2_1,201.0,216.0,3.2534851174373807,2.2448161721749833,0.23259340998403558,0.06921789050102234,0.04497999443729764,1.0,241.0,200.0,198.75400807324968,0.999955388657213,1.245991926750321,0.0,13.135569372411393,239,242,212,228,253,269,True,True,,accepted,197.0,False,,False,0,206.0,False,197.0
flow10,177,0,0.25,128.0,19,240.00020470610866,206.0,199.0,218.0,220.0,high_confidence,0.5,high_confidence,0.5,high_confidence,0.9027736606221647,strong_evidence,0.9238179527721702,True,True,241.0,50849.53515625,13391.283203125,6278.50830078125,5.966106941112745,0.9997952938913386,3.5275590551181097,16.0,224,258,0.0005141076058521321,strong_evidence,0.8822087510504755,True,True,3.4406111678264146,59450.05563071367,7836.533356209911,7.58626970988436,31346.133424839645,41,persistent_core_paired_edge_continuity_first_v2_1,201.0,242.0,3.025207090593322,1.5960732064831962,2.274352803264175,0.04553478956222534,0.08265782088932981,1.0,241.0,201.0,198.84353681329483,0.9997952938913386,2.1564631867051673,0.0,5.966106941112745,239,242,212,228,253,269,True,True,,accepted,198.0,False,,False,0,206.0,False,198.0
flow10,178,0,0.25,128.0,19,240.0007188137145,204.0,199.0,218.0,220.0,model_assisted,0.06846251144699322,model_assisted,0.06846251144699322,model_assisted,0.0,strong_evidence,0.9999490559893275,True,True,240.0,48480.90625,14549.9501953125,4955.43115234375,6.847225803679931,-0.0007188137145135443,3.5275590551181097,16.0,224,258,0.001477324778363709,weak_evidence,0.0,True,False,3.4406111678264146,62113.865960489245,5930.848289252135,10.473015482970927,23723.39315700854,50,persistent_core_paired_edge_continuity_first_v2_1,196.0,246.0,5.1524376818456235,2.8535175675133453,2.139675445664353,0.4316778928041458,0.1803231490746145,1.0,240.0,192.0,198.90818234026946,-0.0007188137145135443,-6.908182340269462,1.0,6.847225803679931,239,242,212,228,253,269,True,True,UPPER_SEED_TRAJECTORY_OUTLIER;Z_EDGE_EVIDENCE_WEAK;Z_CONTINUITY_REJECTED_CONTINUITY,rejected_continuity,199.0,False,,True,0,207.0,False,199.0
flow10,179,0,0.25,128.0,19,240.00219613849288,204.0,199.0,218.0,220.0,model_assisted,0.09806874804121252,model_assisted,0.09806874804121252,model_assisted,0.0,strong_evidence,0.9262546332129424,True,True,239.0,46684.234375,14483.58984375,3237.902099609375,9.944909864672786,-1.0021961384928773,3.5275590551181097,16.0,224,258,0.00379876994031747,weak_evidence,0.0,True,False,3.4406111678264146,58032.02676856267,1695.5701267560512,34.22567185681019,14508.006692140667,79,persistent_core_paired_edge_continuity_first_v2_1,193.0,272.0,10.913400113511534,5.822638227130477,-2.1784474802490403,0.33059149980545044,0.21616467485134044,1.0,239.0,192.0,198.94968687456003,-1.0021961384928773,-6.9496868745600295,1.0,9.944909864672786,239,242,212,228,253,269,True,True,UPPER_SEED_TRAJECTORY_OUTLIER;Z_EDGE_EVIDENCE_WEAK;Z_CONTINUITY_REJECTED_CONTINUITY,rejected_continuity,199.0,False,,True,0,207.0,False,199.0
flow10,180,0,0.25,128.0,19,240.0059949084332,203.0,199.0,218.0,220.0,high_confidence,0.5,high_confidence,0.5,high_confidence,0.9014989805066581,strong_evidence,0.9268811430360776,True,True,241.0,47266.2109375,14357.8935546875,3258.07861328125,10.100528958590763,0.9940050915668053,3.5275590551181097,16.0,224,258,0.008740878047717615,strong_evidence,0.8768118954200266,True,True,3.4406111678264146,58550.18500504679,12313.836534438284,4.754828833507627,49255.346137753135,6,persistent_core_paired_edge_continuity_first_v2_1,201.0,207.0,2.917854398526944,2.3508957145918,-0.34947869273004434,0.03406080603599548,0.1175125950622104,1.0,241.0,200.0,198.9720839826114,0.9940050915668053,1.0279160173886055,0.0,10.100528958590763,239,242,212,228,253,269,True,True,,accepted,199.0,False,,False,0,206.0,False,199.0
flow10,181,0,0.25,128.0,19,240.0147357864809,203.0,199.0,218.0,220.0,model_assisted,0.29864191392629663,model_assisted,0.29864191392629663,model_assisted,0.9004666049051694,strong_evidence,0.9078771635344939,True,True,239.0,49752.4375,17470.3359375,5588.7734375,5.776240873514565,-1.0147357864809123,3.5275590551181097,16.0,224,258,0.017997500190858773,weak_evidence,0.8931165350527459,True,False,3.4406111678264146,60578.32134513317,3489.638712012604,17.35948226863732,15144.580336283292,71,persistent_core_paired_edge_continuity_first_v2_1,197.0,268.0,8.760620290598208,6.039797197218576,-0.991819948205496,0.34102948009967804,0.038982103598979585,1.0,239.0,197.0,198.979034137382,-1.0147357864809123,-1.9790341373820013,1.0,5.776240873514565,239,242,212,228,253,269,True,True,UPPER_SEED_TRAJECTORY_OUTLIER;Z_EDGE_EVIDENCE_WEAK;Z_CONTINUITY_REJECTED_CONTINUITY,rejected_continuity,200.0,False,,True,0,206.0,False,200.0
flow10,182,0,0.25,128.0,19,240.03273328667177,208.0,199.0,218.0,220.0,model_assisted,0.07818605070689223,model_assisted,0.07818605070689223,model_assisted,0.0,strong_evidence,0.9976774773822272,True,True,240.0,50821.48828125,14839.26171875,4504.8857421875,7.987378286985723,-0.03273328667177111,3.5275590551181097,16.0,224,258,0.03315998842083445,weak_evidence,0.0,True,False,3.4406111678264146,64532.71106599743,1109.3633572940928,58.17094159609039,16133.177766499357,77,persistent_core_paired_edge_continuity_first_v2_1,192.0,269.0,24.772332346252167,14.636691854194911,17.496398443015906,0.31704553961753845,0.1750822261273404,1.0,240.0,192.0,198.9718245471214,-0.03273328667177111,-6.9718245471214,1.0,7.987378286985723,239,242,212,228,253,269,True,True,UPPER_SEED_TRAJECTORY_OUTLIER;Z_EDGE_EVIDENCE_WEAK;Z_CONTINUITY_REJECTED_CONTINUITY,rejected_continuity,200.0,False,,True,0,207.0,False,200.0
flow10,183,0,0.25,128.0,19,240.0658932750926,202.0,199.0,218.0,220.0,high_confidence,0.5612080880628578,high_confidence,0.5612080880628578,high_confidence,0.9571020139524344,strong_evidence,0.9953191531305104,True,True,240.0,50497.3203125,15828.314453125,2703.10986328125,12.825599998843924,-0.06589327509260556,3.5275590551181097,16.0,224,258,0.05467157824568858,strong_evidence,0.9203522932625514,True,True,3.4406111678264146,59020.47073396505,12523.40665408893,4.712812764464108,50093.62661635572,6,persistent_core_paired_edge_continuity_first_v2_1,200.0,206.0,3.4969750037777443,2.9573578137333345,-0.6187018715416879,0.033165037631988525,0.09773999539886877,1.0,240.0,199.0,198.9484355777052,-0.06589327509260556,0.051564422294802625,0.0,12.825599998843924,239,242,212,228,253,269,True,True,,accepted,200.0,False,,False,0,208.0,False,200.0
flow10,184,0,0.25,128.0,19,240.1205648533383,217.0,199.0,218.0,220.0,model_assisted,1.4639285327170142e-145,model_assisted,1.4639285327170142e-145,model_assisted,0.0,strong_evidence,0.991418684770063,True,True,240.0,49033.234375,14074.0498046875,5727.6826171875,6.103547788316303,-0.12056485333829414,3.5275590551181097,16.0,224,258,0.08065919989877557,unavailable,0.0,False,False,3.4406111678264146,63903.283365668176,738.1374035301956,86.57369625227783,15975.820841417044,92,persistent_core_paired_edge_continuity_first_v2_1,197.0,289.0,,,,,,,240.0,,198.9040807177011,-0.12056485333829414,,1.0,6.103547788316303,239,242,212,228,253,269,True,True,NO_VALID_UPPER_COMPONENT;Z_EDGE_EVIDENCE_UNAVAILABLE;Z_CONTINUITY_NO_CANDIDATE,no_candidate,,False,,True,0,209.0,False,200.0
flow10,185,0,0.25,128.0,19,240.20122405323707,202.0,199.0,218.0,220.0,high_confidence,0.5,high_confidence,0.5,high_confidence,0.9542088043795157,strong_evidence,0.9856359810279746,True,True,240.0,50334.3125,12469.1806640625,6302.67236328125,6.007789974382302,-0.2012240532370697,3.5275590551181097,16.0,224,258,0.10648569402724206,strong_evidence,0.9237836887871715,True,True,3.4406111678264146,59432.72981997872,12260.043644509815,4.847676855260899,49040.17457803926,10,persistent_core_paired_edge_continuity_first_v2_1,200.0,210.0,2.98782112869942,2.381344332067065,-0.6398503106283628,0.05888018012046814,0.05048005842114303,1.0,240.0,199.0,198.83297416754004,-0.2012240532370697,0.16702583245995584,0.0,6.007789974382302,239,242,212,228,253,269,True,True,,accepted,200.0,False,,False,0,208.0,False,200.0
flow10,186,0,0.25,128.0,19,240.3077097472643,203.0,199.0,218.0,220.0,high_confidence,0.5,high_confidence,0.5,high_confidence,0.9301698295631106,strong_evidence,0.9779493293283357,True,True,240.0,50641.38671875,12666.876953125,3862.746337890625,9.830961301580622,-0.3077097472643118,3.5275590551181097,16.0,224,258,0.12579798346030202,strong_evidence,0.8847246844820724,True,True,3.4406111678264146,63598.10508572102,13680.757036498233,4.648727034333751,54723.02814599293,6,persistent_core_paired_edge_continuity_first_v2_1,201.0,207.0,2.2092725480244573,1.1496587141220997,0.036465376556326964,0.23346635699272156,0.06244943803431182,1.0,240.0,198.0,198.73076757237328,-0.3077097472643118,-0.7307675723732814,0.0,9.830961301580622,239,242,212,228,253,269,True,True,,accepted,200.0,False,,False,0,207.0,False,200.0
flow10,187,0,0.25,128.0,19,240.4335077307246,211.0,199.0,218.0,220.0,high_confidence,0.5,high_confidence,0.5,high_confidence,0.8257352783774001,strong_evidence,0.9687900442172827,True,True,240.0,48010.57421875,9905.978515625,3511.427978515625,10.85159540114869,-0.4335077307246138,3.5275590551181097,16.0,224,258,0.1329845385507724,strong_evidence,0.7038044559054923,True,True,3.4406111678264146,59408.382058317104,13368.330484559898,4.443964197842981,53473.32193823959,3,persistent_core_paired_edge_continuity_first_v2_1,210.0,213.0,3.5932371822830187,2.641579334017252,0.15209831876270324,0.15592285990715027,0.03415557431265812,1.0,240.0,199.0,198.59664905206526,-0.4335077307246138,0.40335094793474013,0.0,10.85159540114869,239,242,212,228,253,269,True,True,,accepted,199.0,False,,False,0,208.0,False,199.0
flow10,188,0,0.25,128.0,19,240.5664922692754,204.0,198.0,217.0,219.0,model_assisted,0.030868502429593648,model_assisted,0.030868502429593648,model_assisted,0.0,strong_evidence,0.9687900442172827,True,True,241.0,49531.0,12604.125,2671.924560546875,13.820328442372642,0.4335077307246138,3.5275590551181097,16.0,224,258,0.1329845385507724,weak_evidence,0.0,True,False,3.4406111678264146,62180.34520185676,2526.513342107405,24.6111287700508,15545.08630046419,82,persistent_core_paired_edge_continuity_first_v2_1,188.0,270.0,10.03635208066135,7.022089770669458,3.234154452188436,-0.05684816837310791,0.2264026136320886,1.0,241.0,188.0,198.4340568614171,0.4335077307246138,-10.434056861417105,1.0,13.820328442372642,240,243,213,229,254,270,True,True,UPPER_SEED_TRAJECTORY_OUTLIER;Z_EDGE_EVIDENCE_WEAK;Z_CONTINUITY_REJECTED_CONTINUITY,rejected_continuity,199.0,False,,True,0,207.0,False,199.0
flow10,189,0,0.25,128.0,19,240.6922902527357,216.0,198.0,217.0,219.0,high_confidence,0.9200889702214323,high_confidence,0.9200889702214323,high_confidence,0.9828360900803822,strong_evidence,0.9779493293283357,True,True,241.0,47107.15625,15198.83203125,1653.228515625,19.30061326500113,0.3077097472643118,3.5275590551181097,16.0,224,258,0.12579798346030202,strong_evidence,0.9877472697158325,True,True,3.4406111678264146,47331.94315877423,5205.610856703896,9.092485869899235,20822.443426815586,30,persistent_core_paired_edge_continuity_first_v2_1,198.0,228.0,4.407660095009533,2.652587547299317,0.3882600450343353,0.11867603659629822,0.031240339655228485,1.0,241.0,198.0,198.24985472055727,0.3077097472643118,-0.24985472055726632,0.0,19.30061326500113,240,243,213,229,254,270,True,True,,accepted,199.0,False,,False,0,207.0,False,199.0
flow10,190,0,0.25,128.0,19,240.798775946763,214.0,198.0,217.0,219.0,high_confidence,0.5650491812286029,high_confidence,0.5650491812286029,high_confidence,0.981050297698597,strong_evidence,0.9649264580047472,True,True,241.0,48336.7890625,13455.6435546875,6065.7451171875,5.750512893951901,0.20122405323701287,3.5275590551181097,16.0,224,258,0.1064856940272989,strong_evidence,0.9974435653932194,True,True,3.4406111678264146,56017.12517481313,5929.823720644518,9.446676294910935,23719.294882578073,44,persistent_core_paired_edge_continuity_first_v2_1,198.0,242.0,3.6965998161597753,1.782160786375192,2.259842980334269,0.32539139688014984,0.12315577571257563,1.0,241.0,198.0,198.05263938596127,0.20122405323701287,-0.052639385961271046,0.0,5.750512893951901,240,243,213,229,254,270,True,True,,accepted,199.0,False,,False,0,206.0,False,199.0
flow10,191,0,0.25,128.0,19,240.87943514666176,206.0,198.0,217.0,219.0,high_confidence,0.6534976140852693,high_confidence,0.6534976140852693,high_confidence,0.9257180685874762,strong_evidence,0.91715316991364,True,True,242.0,50003.4453125,10820.478515625,1860.5001220703125,21.060448388078196,1.1205648533382373,3.5275590551181097,16.0,224,258,0.08065919989877557,strong_evidence,0.9343629511633469,True,True,3.4406111678264146,61961.89313276301,10546.782567244465,5.8749569110489075,42187.13026897786,21,persistent_core_paired_edge_continuity_first_v2_1,199.0,220.0,2.4874862544105873,1.4742534312308195,0.6183684655527749,0.04547455906867981,0.02565794180071036,1.0,242.0,199.0,197.8514746152667,1.1205648533382373,1.14852538473329,0.0,21.060448388078196,240,243,213,229,254,270,True,True,,accepted,198.0,False,,False,0,206.0,False,198.0
flow10,192,0,0.25,128.0,19,240.9341067249074,204.0,198.0,217.0,219.0,high_confidence,0.702683615819781,high_confidence,0.702683615819781,high_confidence,0.9568867331806801,strong_evidence,0.931449790371436,True,True,240.0,49881.171875,12749.90234375,4710.72314453125,7.882286517804863,-0.9341067249073944,3.5275590551181097,16.0,224,258,0.054671578245631736,strong_evidence,0.9830183329281394,True,True,3.4406111678264146,65233.072472487635,8187.659309581922,7.967243140679551,32750.637238327687,26,persistent_core_paired_edge_continuity_first_v2_1,198.0,224.0,5.515845651527416,3.8000855101931625,0.2325409958263127,0.22727271914482117,0.032223855087770994,1.0,240.0,198.0,197.65535558065875,-0.9341067249073944,0.34464441934125034,0.0,7.882286517804863,240,243,213,229,254,270,True,True,,accepted,198.0,False,,False,0,206.0,False,198.0
flow10,193,0,0.25,128.0,19,240.96726671332829,202.0,197.0,216.0,218.0,high_confidence,0.8542119747126456,high_confidence,0.8542119747126456,high_confidence,0.9870598568925654,strong_evidence,0.9976774773822313,True,True,241.0,49557.64453125,11363.76171875,3547.432373046875,10.766627463484365,0.03273328667171427,3.5275590551181097,16.0,224,258,0.033159988420891295,strong_evidence,0.9765552327042275,True,True,3.4406111678264146,59100.394627355745,8330.728889925858,7.0942645485468105,33322.91555970343,57,persistent_core_paired_edge_continuity_first_v2_1,197.0,254.0,4.655652254962592,3.047780890353094,0.9873699710642379,0.2055414319038391,0.002956648148579246,1.0,241.0,197.0,197.47272770613296,0.03273328667171427,-0.47272770613295734,0.0,10.766627463484365,240,243,213,229,254,270,True,True,,accepted,198.0,False,,False,0,205.0,False,198.0
flow10,194,0,0.25,128.0,19,240.98526421351914,209.0,197.0,216.0,218.0,high_confidence,0.5,high_confidence,0.5,high_confidence,0.9195000670202351,strong_evidence,0.9071552261623472,True,True,241.0,50856.22265625,11023.15234375,8050.470703125,4.947918175397838,0.014735786480855495,3.5275590551181097,16.0,224,258,0.017997500190858773,strong_evidence,0.932012900181327,True,True,3.4406111678264146,65103.078487733306,1001.79204938316,64.98661925678054,16275.769621933327,71,persistent_core_paired_edge_continuity_first_v2_1,196.0,267.0,41.05066180021941,29.714493183623205,-1.7628632537948505,0.40701892226934433,0.07312272672020838,1.0,241.0,196.0,197.31024539283968,0.014735786480855495,-1.3102453928396756,0.0,4.947918175397838,240,243,213,229,254,270,True,True,,accepted,198.0,False,,False,0,205.0,False,198.0
flow10,195,0,0.25,128.0,19,240.9940050915668,208.0,197.0,216.0,218.0,model_assisted,1.2579964721072653e-145,model_assisted,1.2579964721072653e-145,model_assisted,0.0,strong_evidence,0.8666013675121106,True,True,240.0,51722.61328125,16617.7578125,6693.06884765625,5.244956576390645,-0.9940050915668053,3.5275590551181097,16.0,224,258,0.008740878047660772,unavailable,0.0,False,False,3.4406111678264146,60502.55954241015,2665.9087135517134,22.694910457681924,15125.639885602537,78,persistent_core_paired_edge_continuity_first_v2_1,187.0,265.0,,,,,,,240.0,,197.17102444634077,-0.9940050915668053,,1.0,5.244956576390645,240,243,213,229,254,270,True,True,NO_VALID_UPPER_COMPONENT;Z_EDGE_EVIDENCE_UNAVAILABLE;Z_CONTINUITY_NO_CANDIDATE,no_candidate,,False,,True,0,206.0,False,198.0
flow10,196,0,0.25,128.0,19,240.99780386150712,204.0,197.0,216.0,218.0,model_assisted,9.860528361435765e-146,model_assisted,9.860528361435765e-146,model_assisted,0.0,strong_evidence,0.827633574305348,True,True,241.0,50418.9375,19551.9765625,7508.1201171875,4.111143729152617,0.002196138492877253,3.5275590551181097,16.0,224,258,0.00379876994031747,unavailable,0.0,False,False,3.4406111678264146,57619.25090419751,7241.07820950882,7.957275040688446,28964.31283803528,60,persistent_core_paired_edge_continuity_first_v2_1,184.0,244.0,,,,,,,241.0,,197.0537355736484,0.002196138492877253,,2.0,4.111143729152617,240,243,213,229,254,270,True,True,NO_VALID_UPPER_COMPONENT;Z_EDGE_EVIDENCE_UNAVAILABLE;Z_CONTINUITY_NO_CANDIDATE,no_candidate,,False,,True,0,207.0,False,198.0
flow10,197,0,0.25,128.0,19,240.99928118628554,209.0,197.0,216.0,218.0,model_assisted,0.08692647645212025,model_assisted,0.08692647645212025,model_assisted,0.6891945873088814,strong_evidence,0.9263676608913892,True,True,242.0,50300.64453125,17282.26171875,5220.72021484375,6.324488088563122,1.0007188137144567,3.5275590551181097,16.0,224,258,0.0014773247784205523,weak_evidence,0.5127436969451256,True,False,3.4406111678264146,60141.289396052554,4986.2341509903745,12.061465140803142,19944.936603961498,45,persistent_core_paired_edge_continuity_first_v2_1,192.0,237.0,5.058570844564155,2.7390932216235453,1.4768339489091697,0.38520725443959236,0.16934463335363598,1.0,242.0,191.0,196.95360985881655,1.0007188137144567,-5.953609858816549,2.0,6.324488088563122,240,243,213,229,254,270,True,True,UPPER_SEED_TRAJECTORY_OUTLIER;Z_EDGE_EVIDENCE_WEAK;Z_CONTINUITY_REJECTED_CONTINUITY,rejected_continuity,198.0,False,,True,0,207.0,False,198.0
flow10,198,0,0.25,128.0,19,240.99979529389134,201.0,197.0,216.0,218.0,model_assisted,0.2517996924451733,model_assisted,0.2517996924451733,model_assisted,0.8715514348400992,strong_evidence,0.9999854922631779,True,True,241.0,48649.38671875,11847.125,4029.7900390625,9.132550669392137,0.00020470610866141215,3.5275590551181097,16.0,224,258,0.0005141076057952887,weak_evidence,0.7596129238362215,True,False,3.4406111678264146,63393.93850918028,814.6450424837382,77.81786570001222,15848.48462729507,70,persistent_core_paired_edge_continuity_first_v2_1,194.0,264.0,22.535535080024435,8.45930009356869,1.2664860921305363,0.42765412852168083,0.1691438081420858,1.0,241.0,193.0,196.8651439411763,0.00020470610866141215,-3.8651439411763135,1.0,9.132550669392137,240,243,213,229,254,270,True,True,UPPER_SEED_TRAJECTORY_OUTLIER;Z_EDGE_EVIDENCE_WEAK;Z_CONTINUITY_REJECTED_CONTINUITY,rejected_continuity,198.0,False,,True,0,206.0,False,198.0
flow10,199,0,0.25,128.0,19,240.9999553886572,202.0,197.0,216.0,218.0,high_confidence,0.6009433842353719,high_confidence,0.6009433842353719,high_confidence,0.9947214759164386,strong_evidence,0.9999968383652398,True,True,241.0,51218.50390625,13060.4443359375,5910.521484375,6.455954803850522,4.461134278699319e-05,3.5275590551181097,16.0,224,258,0.00016009476587441895,strong_evidence,0.9894739430045905,True,True,3.4406111678264146,63532.544996952405,8477.309150060066,7.494423510142042,33909.23660024026,18,persistent_core_paired_edge_continuity_first_v2_1,197.0,215.0,3.551487271498058,2.6472142561074854,-1.1196933991423381,0.15813511610031128,0.14124117926715934,1.0,241.0,197.0,196.78498283361796,4.461134278699319e-05,0.21501716638204016,0.0,6.455954803850522,240,243,213,229,254,270,True,True,,accepted,198.0,False,,False,0,206.0,False,198.0
flow10,200,0,0.25,128.0,19,241.0,203.0,197.0,216.0,218.0,high_confidence,0.6514104353391165,high_confidence,0.6514104353391165,high_confidence,0.9819292383125823,strong_evidence,1.0,True,True,241.0,51611.484375,12010.0859375,4793.04150390625,8.262269042574639,0.0,3.5275590551181097,16.0,225,258,4.461134278699319e-05,strong_evidence,0.964185029053128,True,True,3.4406111678264146,62502.90208968583,7026.253377433639,8.895623134005909,28105.013509734556,50,persistent_core_paired_edge_continuity_first_v2_1,196.0,246.0,6.145332334248816,4.25047784311017,0.7945463850577345,0.33152730762958527,0.035483816412797874,1.0,241.0,196.0,196.713188577132,0.0,-0.7131885771320015,0.0,8.262269042574639,240,243,213,229,254,270,True,True,,accepted,197.0,False,,False,0,206.0,False,197.0
flow10,201,0,0.25,128.0,19,241.0,213.0,197.0,216.0,218.0,model_assisted,2.398487868841356e-145,model_assisted,2.398487868841356e-145,model_assisted,0.0,strong_evidence,0.9264226511541201,True,True,242.0,48735.0,10122.970703125,3226.36474609375,11.967657824064581,1.0,3.5275590551181097,16.0,225,258,0.0,unavailable,0.0,False,False,3.4406111678264146,60708.78873807045,1310.803711044193,46.31417215756088,15177.197184517612,64,persistent_core_paired_edge_continuity_first_v2_1,192.0,256.0,,,,,,,242.0,,196.6525054264132,1.0,,1.0,11.967657824064581,240,243,213,229,254,270,True,True,NO_VALID_UPPER_COMPONENT;Z_EDGE_EVIDENCE_UNAVAILABLE;Z_CONTINUITY_NO_CANDIDATE,no_candidate,,False,,True,0,206.0,False,197.0
flow10,202,0,0.25,128.0,19,241.0,206.0,197.0,216.0,218.0,high_confidence,0.8156823928411708,high_confidence,0.8156823928411708,high_confidence,0.9531016648345005,strong_evidence,0.9264226511541201,True,True,240.0,49141.79296875,14743.998046875,3698.315185546875,9.300936560599972,-1.0,3.5275590551181097,16.0,225,258,0.0,strong_evidence,0.9805489777032387,True,True,3.4406111678264146,63377.772485005196,1441.495488579677,43.96668112187579,15844.443121251299,53,persistent_core_paired_edge_continuity_first_v2_1,197.0,250.0,25.32425821921922,17.186044951716823,0.7514606753092032,0.39251723885536194,0.015154408782055534,1.0,240.0,197.0,196.60621930465865,-1.0,0.3937806953413485,0.0,9.300936560599972,240,243,213,229,254,270,True,True,,accepted,197.0,False,,False,0,207.0,False,197.0
flow10,203,0,0.25,128.0,19,241.0,203.0,197.0,216.0,218.0,high_confidence,0.5,high_confidence,0.5,high_confidence,0.8539334508005271,strong_evidence,0.9264226511541201,True,True,242.0,44976.98046875,12881.357421875,5053.85546875,6.3507204045179,1.0,3.5275590551181097,16.0,225,258,0.0,strong_evidence,0.7871162665201132,True,True,3.4406111678264146,51293.38736458124,11585.231512988868,4.4274805649825195,46340.926051955474,5,persistent_core_paired_edge_continuity_first_v2_1,200.0,205.0,2.6063257100944472,1.7645737237867203,-0.3239918385237079,0.18092253804206848,0.022399383544714175,1.0,242.0,198.0,196.57582958818395,1.0,1.4241704118160499,0.0,6.3507204045179,240,243,213,229,254,270,True,True,,accepted,197.0,False,,False,0,208.0,False,197.0
flow10,204,0,0.25,128.0,19,241.0,204.0,197.0,216.0,218.0,model_assisted,0.019716581454334064,model_assisted,0.019716581454334064,model_assisted,0.0,strong_evidence,0.826190170591837,True,True,240.0,46665.96875,15088.822265625,6617.2861328125,4.771917951045889,-1.0,3.5275590551181097,16.0,225,258,0.0,weak_evidence,0.0,True,False,3.4406111678264146,59046.41293879802,804.9793081493463,73.35146672843825,14761.603234699505,66,persistent_core_paired_edge_continuity_first_v2_1,187.0,253.0,32.11847688450773,23.052411548237018,4.625216058981364,0.11694255471229553,0.19451070697054942,1.0,240.0,187.0,196.55937554902687,-1.0,-9.559375549026868,1.0,4.771917951045889,240,243,213,229,254,270,True,True,UPPER_SEED_TRAJECTORY_OUTLIER;Z_EDGE_EVIDENCE_WEAK;Z_CONTINUITY_REJECTED_CONTINUITY,rejected_continuity,197.0,False,,True,0,207.0,False,197.0
flow10,205,0,0.25,128.0,19,241.0,208.0,197.0,216.0,218.0,high_confidence,0.5,high_confidence,0.5,high_confidence,0.9236383900049822,strong_evidence,1.0,True,True,241.0,47117.16015625,11694.220703125,4804.73388671875,7.372508090623109,0.0,3.5275590551181097,16.0,225,258,0.0,strong_evidence,0.8531078754909954,True,True,3.4406111678264146,56386.818080796766,11948.423081534052,4.719184924740486,47793.69232613621,7,persistent_core_paired_edge_continuity_first_v2_1,205.0,212.0,3.9592851506258024,2.6679830633379122,1.138415306642435,0.36050836741924286,0.03453879344943731,1.0,241.0,198.0,196.5508018936657,0.0,1.4491981063343076,0.0,7.372508090623109,240,243,213,229,254,270,True,True,,accepted,197.0,False,,False,0,207.0,False,197.0
flow10,206,0,0.25,128.0,19,241.0,199.0,197.0,216.0,218.0,model_assisted,7.08898303116818e-146,model_assisted,7.08898303116818e-146,model_assisted,0.0,strong_evidence,1.0,True,True,241.0,45208.02734375,11876.02734375,4636.37890625,7.189231224192506,0.0,3.5275590551181097,16.0,225,258,0.0,unavailable,0.0,False,False,3.4406111678264146,53016.8666994291,12523.62944268719,4.233346805896334,50094.51777074876,0,persistent_core_paired_edge_continuity_first_v2_1,,,,,,,,,241.0,,196.54070948794387,0.0,,1.0,7.189231224192506,240,243,213,229,254,270,True,True,NO_VALID_UPPER_COMPONENT;Z_EDGE_EVIDENCE_UNAVAILABLE;Z_CONTINUITY_NO_CANDIDATE,no_candidate,,False,,True,0,208.0,False,197.0
flow10,207,0,0.25,128.0,19,241.0,202.0,197.0,216.0,218.0,high_confidence,0.5,high_confidence,0.5,high_confidence,0.8921082665343888,strong_evidence,0.9264226511541201,True,True,240.0,48344.06640625,10080.189453125,4629.4384765625,8.265338689960753,-1.0,3.5275590551181097,16.0,225,258,0.0,strong_evidence,0.8590648752246375,True,True,3.4406111678264146,53042.72669502491,2724.4005227362586,19.469503933933808,13260.681673756228,63,persistent_core_paired_edge_continuity_first_v2_1,194.0,257.0,11.983976091109328,8.561177781591736,-0.2651400329314453,0.30896034836769104,0.05044662575951526,1.0,240.0,194.0,196.51864160015856,-1.0,-2.51864160015856,0.0,8.265338689960753,240,243,213,229,254,270,True,True,,accepted,197.0,False,,False,0,208.0,False,197.0
flow10,208,0,0.25,128.0,19,241.0,201.0,196.0,215.0,217.0,model_assisted,0.4620748416283259,model_assisted,0.4620748416283259,model_assisted,0.9591541808923826,strong_evidence,1.0,True,True,241.0,47679.31640625,12042.06640625,4641.63623046875,7.677734365754263,0.0,3.5275590551181097,16.0,225,258,0.0,weak_evidence,0.9199767427233374,True,False,3.4406111678264146,57325.35577251616,8429.506849711714,6.800558655987885,33718.027398846854,31,persistent_core_paired_edge_continuity_first_v2_1,198.0,229.0,4.6838495342817215,3.652574204307413,-0.7559931098246472,0.2923465073108673,0.06394806953720658,1.0,241.0,198.0,196.47669656298683,0.0,1.523303437013169,1.0,7.677734365754263,240,243,213,229,254,270,True,True,UPPER_SEED_TRAJECTORY_OUTLIER;Z_EDGE_EVIDENCE_WEAK;Z_CONTINUITY_REJECTED_CONTINUITY,rejected_continuity,197.0,False,,True,0,208.0,False,197.0
flow10,209,0,0.25,128.0,19,241.0,202.0,196.0,215.0,217.0,model_assisted,0.16458746957853854,model_assisted,0.16458746957853854,model_assisted,0.7440382763755261,strong_evidence,0.9264226511541201,True,True,240.0,46645.1328125,13954.66015625,1829.78466796875,17.86574848314791,-1.0,3.5275590551181097,16.0,225,258,0.0,weak_evidence,0.5975598243654858,True,False,3.4406111678264146,55079.267830177625,5094.758980809055,10.810966335728596,20379.03592323622,48,persistent_core_paired_edge_continuity_first_v2_1,197.0,245.0,4.839876964855485,3.1642176401532063,0.44631638997908407,0.14273782074451447,0.21692690457038716,1.0,240.0,191.0,196.41293936040282,-1.0,-5.412939360402817,1.0,17.86574848314791,240,243,213,229,254,270,True,True,UPPER_SEED_TRAJECTORY_OUTLIER;Z_EDGE_EVIDENCE_WEAK;Z_CONTINUITY_REJECTED_CONTINUITY,rejected_continuity,197.0,False,,True,0,208.0,False,197.0
flow10,210,0,0.25,128.0,19,241.0,200.0,196.0,215.0,217.0,high_confidence,0.6078382560861999,high_confidence,0.6078382560861999,high_confidence,0.9917761587889351,strong_evidence,1.0,True,True,241.0,47807.37890625,10197.220703125,5538.13037109375,6.79112907840362,0.0,3.5275590551181097,16.0,225,258,0.0,strong_evidence,0.9836199491421349,True,True,3.4406111678264146,61407.27555018056,2437.094990055188,25.19691509799952,15351.81888754514,76,persistent_core_paired_edge_continuity_first_v2_1,196.0,272.0,14.48131013835361,10.138053421868555,-1.701899859750864,0.46049854159355164,0.02794620363796771,1.0,241.0,196.0,196.3326357364392,0.0,-0.33263573643918676,0.0,6.79112907840362,240,243,213,229,254,270,True,True,,accepted,197.0,False,,False,0,208.0,False,197.0
flow10,211,0,0.25,128.0,19,241.0,204.0,196.0,215.0,217.0,high_confidence,0.64623619415758,high_confidence,0.64623619415758,high_confidence,0.931253627973049,strong_evidence,0.9264226511541201,True,True,242.0,50087.2265625,11299.021484375,3792.18310546875,10.228463130429565,1.0,3.5275590551181097,16.0,225,258,0.0,strong_evidence,0.936109796681442,True,True,3.4406111678264146,61662.367231170676,12079.854029602753,5.1045622803108035,48319.41611841101,15,persistent_core_paired_edge_continuity_first_v2_1,200.0,215.0,2.4481933739997164,1.393853786057495,1.373950137392014,0.15805485844612122,0.056157838845535935,1.0,242.0,196.0,196.2462562911738,1.0,-0.24625629117380754,0.0,10.228463130429565,240,243,213,229,254,270,True,True,,accepted,197.0,False,,False,0,208.0,False,197.0
flow10,212,0,0.25,128.0,19,241.0,213.0,196.0,215.0,217.0,high_confidence,0.5,high_confidence,0.5,high_confidence,0.8963188380143668,strong_evidence,0.9264226511541201,True,True,242.0,50585.37890625,8786.326171875,3604.8662109375,11.595174491511719,1.0,3.5275590551181097,16.0,225,258,0.0,strong_evidence,0.867193238829577,True,True,3.4406111678264146,59060.92980957764,11068.677087239992,5.335861670195734,44274.70834895997,25,persistent_core_paired_edge_continuity_first_v2_1,200.0,225.0,4.089456150120629,2.939489458951479,0.2743811523220681,0.18191847205162048,0.06175036491675045,1.0,242.0,198.0,196.16492501575118,1.0,1.8350749842488199,0.0,11.595174491511719,240,243,213,229,254,270,True,True,,accepted,196.0,False,,False,0,209.0,False,196.0
flow10,213,0,0.25,128.0,19,241.0,206.0,196.0,215.0,217.0,high_confidence,0.5,high_confidence,0.5,high_confidence,0.9031019578885805,strong_evidence,0.9264226511541201,True,True,242.0,49075.7109375,13767.2509765625,3058.261962890625,11.545269957045948,1.0,3.5275590551181097,16.0,225,258,4.461134278699319e-05,strong_evidence,0.8803683128064027,True,True,3.4406111678264146,57593.21962768385,12219.157562243361,4.713354364595827,48876.630248973444,9,persistent_core_paired_edge_continuity_first_v2_1,199.0,208.0,3.132142137787396,2.448756603302477,-0.6506695023950867,0.12606602907180786,0.051510090180891824,1.0,242.0,197.0,196.0957322475155,1.0,0.9042677524844862,0.0,11.545269957045948,240,243,213,229,254,270,True,True,,accepted,196.0,False,,False,0,208.0,False,196.0
flow10,214,0,0.25,128.0,19,241.0000446113428,205.0,196.0,215.0,217.0,high_confidence,0.5,high_confidence,0.5,high_confidence,0.8637536531353324,strong_evidence,0.9264260638771736,True,True,242.0,46306.109375,13054.33984375,3826.54638671875,8.68975994820313,0.999955388657213,3.5275590551181097,16.0,225,259,0.00016009476587441895,strong_evidence,0.8053210098410473,True,True,3.4406111678264146,55905.930727000814,12790.942755412165,4.370743564100905,51163.77102164866,5,persistent_core_paired_edge_continuity_first_v2_1,203.0,208.0,2.4053795842283754,1.3810040746307568,0.11741815105919767,0.20346933603286743,0.01021223468635107,1.0,242.0,197.0,196.0391612842997,0.999955388657213,0.9608387157003051,0.0,8.68975994820313,240,243,213,229,254,270,True,True,,accepted,196.0,False,,False,0,207.0,False,196.0
flow10,215,0,0.25,128.0,19,241.00020470610866,201.0,196.0,215.0,217.0,high_confidence,0.5,high_confidence,0.5,high_confidence,0.8078684784745532,strong_evidence,0.9264383108629511,True,True,242.0,46214.3359375,13007.419921875,2363.204345703125,14.051648168302998,0.9997952938913386,3.5275590551181097,16.0,225,259,0.0005141076058521321,strong_evidence,0.7044737581122518,True,True,3.4406111678264146,56848.47913466225,12788.00053428714,4.445454860768915,51152.00213714856,4,persistent_core_paired_edge_continuity_first_v2_1,200.0,204.0,3.3042744258926633,2.229227653614682,0.5461916457669393,0.3572600185871124,0.17034682262169853,1.0,242.0,198.0,195.98942130166841,0.9997952938913386,2.010578698331585,0.0,14.051648168302998,240,243,213,229,254,270,True,True,,accepted,197.0,False,,False,0,207.0,False,197.0
flow10,216,0,0.25,128.0,19,241.0007188137145,201.0,196.0,215.0,217.0,high_confidence,0.5123280959090639,high_confidence,0.5123280959090639,high_confidence,0.9648911048613771,strong_evidence,0.9999490559893275,True,True,241.0,47439.9296875,15668.791015625,3820.477783203125,8.316011890334243,-0.0007188137145135443,3.5275590551181097,16.0,225,259,0.0014773247784205523,strong_evidence,0.9310622762871488,True,True,3.4406111678264146,58786.70197989034,12028.085297032014,4.887453034141372,48112.341188128055,7,persistent_core_paired_edge_continuity_first_v2_1,198.0,205.0,3.0855129731671402,1.9244988821550388,0.5127268590524455,0.2850768268108368,0.04488430766807477,1.0,241.0,196.0,195.93698864722944,-0.0007188137145135443,0.06301135277055891,0.0,8.316011890334243,240,243,213,229,254,270,True,True,,accepted,197.0,False,,False,0,207.0,False,197.0
flow10,217,0,0.25,128.0,19,241.00219613849293,200.0,196.0,215.0,217.0,high_confidence,0.7477457395831609,high_confidence,0.7477457395831609,high_confidence,0.8995909985087505,strong_evidence,0.8466576286586279,True,True,243.0,46357.05078125,13366.841796875,2847.9638671875,11.583787759552724,1.997803861507066,3.5275590551181097,16.0,225,259,0.0037987699402606268,strong_evidence,0.9558337835803823,True,True,3.4406111678264146,57766.09384855007,2847.994612144815,20.283076942005383,14441.523462137517,64,persistent_core_paired_edge_continuity_first_v2_1,195.0,259.0,11.002594304064402,7.835540751963667,-1.0997057562812946,0.37076570093631744,0.005613944596488732,1.0,243.0,195.0,195.87207683741113,1.997803861507066,-0.8720768374111287,0.0,11.583787759552724,240,243,213,229,254,270,True,True,,accepted,197.0,False,,False,0,207.0,False,197.0
flow10,218,0,0.25,128.0,19,241.0059949084332,203.0,196.0,215.0,217.0,model_assisted,1.3302341043687514e-145,model_assisted,1.3302341043687514e-145,model_assisted,0.0,strong_evidence,0.9610258218184593,True,True,241.0,48734.453125,13205.396484375,6406.09130859375,5.54613647060617,-0.005994908433194723,3.5275590551181097,16.0,225,259,0.008740878047717615,unavailable,0.0,False,False,3.4406111678264146,58280.8924902328,4996.021650704639,11.665460353241837,19984.086602818556,93,persistent_core_paired_edge_continuity_first_v2_1,180.0,273.0,,,,,,,241.0,,195.78793864060017,-0.005994908433194723,,1.0,5.54613647060617,240,243,213,229,254,270,True,True,NO_VALID_UPPER_COMPONENT;Z_EDGE_EVIDENCE_UNAVAILABLE;Z_CONTINUITY_NO_CANDIDATE,no_candidate,,False,,True,0,206.0,False,197.0
flow10,219,0,0.25,128.0,19,241.0147357864809,207.0,196.0,215.0,217.0,high_confidence,0.8997991066022182,high_confidence,0.8997991066022182,high_confidence,0.954396986850499,strong_evidence,0.9252946894948016,True,True,240.0,48847.15234375,11792.486328125,2712.399169921875,13.6612141850391,-1.0147357864809123,3.5275590551181097,16.0,225,259,0.017997500190858773,strong_evidence,0.9844146074226754,True,True,3.4406111678264146,62365.74552080984,5962.794918133605,10.459146487018664,23851.17967253442,58,persistent_core_paired_edge_continuity_first_v2_1,196.0,254.0,7.819446696629021,5.772824123963834,0.6900818881988047,0.29445868730545044,0.013429013107590412,1.0,240.0,196.0,195.6832487336188,-1.0147357864809123,0.3167512663812033,0.0,13.6612141850391,240,243,213,229,254,270,True,True,,accepted,197.0,False,,False,0,206.0,False,197.0
flow10,220,0,0.25,128.0,19,241.03273328667177,207.0,196.0,215.0,217.0,high_confidence,0.828941750755335,high_confidence,0.828941750755335,high_confidence,0.9476319871938734,strong_evidence,0.9239151895315896,True,True,240.0,48961.03515625,14117.044921875,3067.557373046875,11.35887157010724,-1.0327332866717711,3.5275590551181097,16.0,225,259,0.033159988420891295,strong_evidence,0.9719575923503156,True,True,3.4406111678264146,55030.8274760504,3914.078767085311,14.059713856251824,15656.315068341244,67,persistent_core_paired_edge_continuity_first_v2_1,195.0,262.0,7.6553739774086145,4.947221053835849,1.4535844359106225,0.41434894502162933,0.10147560650553762,1.0,240.0,195.0,195.56281617235302,-1.0327332866717711,-0.5628161723530241,0.0,11.35887157010724,240,243,213,229,254,270,True,True,,accepted,196.0,False,,False,0,206.0,False,196.0
flow10,221,0,0.25,128.0,19,241.06589327509266,207.0,195.0,214.0,216.0,high_confidence,0.6195538099434137,high_confidence,0.6195538099434137,high_confidence,0.9594800896747577,strong_evidence,0.9953191531305063,True,True,241.0,49943.671875,14424.392578125,2847.6953125,12.472991454163866,-0.0658932750926624,3.5275590551181097,16.0,225,259,0.05471618958841873,strong_evidence,0.9249315052230002,True,True,3.4406111678264146,63350.747327210986,775.0089586319241,81.74195487887029,15837.686831802746,64,persistent_core_paired_edge_continuity_first_v2_1,194.0,258.0,34.93275502164853,20.774674778703453,-0.4537111583643158,0.3645319938659668,0.10148768700341443,1.0,241.0,194.0,195.43626716421545,-0.0658932750926624,-1.436267164215451,0.0,12.472991454163866,240,243,213,229,254,270,True,True,,accepted,196.0,False,,False,0,206.0,False,196.0
flow10,222,0,0.25,128.0,19,241.12060946468108,204.0,195.0,214.0,216.0,model_assisted,0.026097124455598246,model_assisted,0.026097124455598246,model_assisted,0.0,strong_evidence,0.9216212622480322,True,True,242.0,48195.43359375,11765.7119140625,6257.24951171875,5.822002400808999,0.8793905353189189,3.5275590551181097,16.0,225,259,0.08081929466464999,weak_evidence,0.0,True,False,3.4406111678264146,49987.771544207564,2946.0630474607037,16.967651655416358,12496.942886051891,72,persistent_core_paired_edge_continuity_first_v2_1,193.0,265.0,6.495269467284092,4.614492623379882,0.566886726435327,-0.0705946832895279,0.3582266406179279,1.0,242.0,186.0,195.31496792860753,0.8793905353189189,-9.31496792860753,1.0,5.822002400808999,240,243,213,229,254,270,True,True,UPPER_SEED_TRAJECTORY_OUTLIER;Z_EDGE_EVIDENCE_WEAK;Z_CONTINUITY_REJECTED_CONTINUITY,rejected_continuity,195.0,False,,True,0,206.0,False,195.0
flow10,223,0,0.25,128.0,19,241.20142875934573,205.0,195.0,214.0,216.0,high_confidence,0.5,high_confidence,0.5,high_confidence,0.933973856253487,strong_evidence,0.9856212618616789,True,True,241.0,48997.76171875,13033.046875,3884.3271484375,9.258930432318781,-0.20142875934573112,3.5275590551181097,16.0,225,259,0.1069998016330942,strong_evidence,0.8850328193177999,True,True,3.4406111678264146,60109.01878854922,12788.624394820683,4.700194245511895,51154.49757928273,7,persistent_core_paired_edge_continuity_first_v2_1,202.0,209.0,2.6588368701064335,1.483785509814566,-0.13873285178781145,0.3718418478965759,0.006958340535441876,1.0,241.0,196.0,195.20824298570892,-0.20142875934573112,0.791757014291079,0.0,9.258930432318781,240,243,213,229,254,270,True,True,,accepted,195.0,False,,False,0,206.0,False,195.0
flow10,224,0,0.25,128.0,19,241.30842856097883,208.0,195.0,214.0,216.0,high_confidence,0.5,high_confidence,0.5,high_confidence,0.9518578203755301,strong_evidence,0.9482908590128672,True,True,241.0,47917.2890625,13085.81640625,6173.392578125,5.642193043039733,-0.3084285609788253,3.5275590551181097,16.0,225,259,0.12727530823869415,strong_evidence,0.9554381987328227,True,True,3.4406111678264146,62788.15568606407,5364.710445276795,11.703922574487517,21458.84178110718,38,persistent_core_paired_edge_continuity_first_v2_1,196.0,234.0,7.918500115105807,6.533555202088,-1.9111772259407318,0.2633654624223709,0.016449020141686487,1.0,241.0,196.0,195.12046534949616,-0.3084285609788253,0.8795346505038424,0.0,5.642193043039733,240,243,213,229,254,270,True,True,,accepted,195.0,False,,False,0,206.0,False,195.0
flow10,225,0,0.25,128.0,19,241.43570386921752,215.0,195.0,214.0,216.0,model_assisted,2.398487868841356e-145,model_assisted,2.398487868841356e-145,model_assisted,0.0,strong_evidence,0.9686293753296638,True,True,241.0,50260.91796875,14141.509765625,3484.729736328125,10.36505294128898,-0.43570386921751947,3.5275590551181097,16.0,225,259,0.13678330849108988,unavailable,0.0,False,False,3.4406111678264146,56928.13402492055,5407.693916488459,10.527247825795476,21630.775665953835,56,persistent_core_paired_edge_continuity_first_v2_1,194.0,250.0,,,,,,,241.0,,195.050291759968,-0.43570386921751947,,1.0,10.36505294128898,240,243,213,229,254,270,True,True,NO_VALID_UPPER_COMPONENT;Z_EDGE_EVIDENCE_UNAVAILABLE;Z_CONTINUITY_NO_CANDIDATE,no_candidate,,False,,True,0,206.0,False,196.0
flow10,226,0,0.25,128.0,19,241.5724871777086,201.0,195.0,214.0,216.0,high_confidence,0.9973673260939633,high_confidence,0.9973673260939633,high_confidence,0.9448689982374618,strong_evidence,0.8931197025541394,True,True,243.0,49927.328125,14053.708984375,3287.619140625,10.911732048684073,1.4275128222913906,3.5275590551181097,16.0,225,259,0.13678330849108988,strong_evidence,0.999616760527289,True,True,3.4406111678264146,58270.671346376985,7060.816899058784,8.252681266121565,28243.267596235135,33,persistent_core_paired_edge_continuity_first_v2_1,195.0,228.0,6.611663415465646,4.775375198817875,0.5033542595470389,0.3283390998840332,0.006302056542545798,1.0,243.0,195.0,194.99209156354095,1.4275128222913906,0.007908436459047152,0.0,10.911732048684073,241,244,214,230,255,271,True,True,,accepted,196.0,False,,False,0,205.0,False,196.0
flow10,227,0,0.25,128.0,19,241.7070260392166,213.0,195.0,214.0,216.0,high_confidence,0.5,high_confidence,0.5,high_confidence,0.9625611179866245,strong_evidence,0.9790166274879547,True,True,242.0,50442.375,14951.1298828125,5209.45361328125,6.812853660258014,0.29297396078339943,3.5275590551181097,16.0,225,259,0.13453886150799121,strong_evidence,0.9463821960174623,True,True,3.4406111678264146,63272.00013348923,12330.663522305944,5.131272945614917,49322.654089223775,8,persistent_core_paired_edge_continuity_first_v2_1,208.0,216.0,3.776604862598238,2.6495525648104863,0.6378492176884295,0.26242975890636444,0.05663969258613047,1.0,242.0,195.0,194.9388881233316,0.29297396078339943,0.061111876668405785,0.0,6.812853660258014,241,244,214,230,255,271,True,True,,accepted,195.0,False,,False,0,204.0,False,195.0
flow10,228,0,0.25,128.0,19,241.8315092334347,213.0,195.0,214.0,216.0,model_assisted,1.467881521770977e-145,model_assisted,1.467881521770977e-145,model_assisted,0.0,strong_evidence,0.9134423171676698,True,True,243.0,45698.8203125,12117.7373046875,5487.0791015625,6.120028960080046,1.1684907665652986,3.5275590551181097,16.0,225,259,0.12448319421810083,unavailable,0.0,False,False,3.4406111678264146,51246.91215005571,3170.549965069877,16.16341414412192,12811.728037513927,77,persistent_core_paired_edge_continuity_first_v2_1,192.0,269.0,,,,,,,243.0,,194.8854299844955,1.1684907665652986,,1.0,6.120028960080046,241,244,214,230,255,271,True,True,NO_VALID_UPPER_COMPONENT;Z_EDGE_EVIDENCE_UNAVAILABLE;Z_CONTINUITY_NO_CANDIDATE,no_candidate,,False,,True,0,204.0,False,195.0
flow10,229,0,0.25,128.0,19,241.94532842175437,200.0,195.0,214.0,216.0,high_confidence,0.7356801404574903,high_confidence,0.7356801404574903,high_confidence,0.9746566592401503,strong_evidence,0.9961178604576736,True,True,242.0,50350.8046875,14343.455078125,3268.28662109375,11.0171945682429,0.054671578245631736,3.5275590551181097,16.0,225,259,0.11381918831966686,strong_evidence,0.9536578361969201,True,True,3.4406111678264146,58054.56872145164,10880.526890574869,5.335639469053722,43522.107562299476,13,persistent_core_paired_edge_continuity_first_v2_1,197.0,210.0,3.7118315308872156,2.7600169236936396,-0.719794411938668,0.35017064213752747,0.030122232478639058,1.0,242.0,195.0,194.8301001780169,0.054671578245631736,0.16989982198310827,0.0,11.0171945682429,241,244,214,230,255,271,True,True,,accepted,195.0,False,,False,0,204.0,False,195.0
flow10,230,0,0.25,128.0,19,242.0546715782457,213.0,195.0,214.0,216.0,high_confidence,0.7195832230160562,high_confidence,0.7195832230160562,high_confidence,0.9456524574730786,strong_evidence,0.9305955816833988,True,True,243.0,48020.8359375,15944.4921875,3442.783935546875,9.316978454212746,0.9453284217543114,3.5275590551181097,16.0,226,260,0.11381918831963844,strong_evidence,0.9609529509125818,True,True,3.4406111678264146,53694.18862952209,5558.483002643826,9.659863780096673,22233.932010575303,36,persistent_core_paired_edge_continuity_first_v2_1,194.0,230.0,5.328922606848467,3.190556436900527,0.9345263691089483,0.31903740763664246,0.0904848311209261,1.0,243.0,194.0,194.77500912333193,0.9453284217543114,-0.7750091233319267,0.0,9.316978454212746,241,244,214,230,255,271,True,True,,accepted,195.0,False,,False,0,204.0,False,195.0
flow10,231,0,0.25,128.0,19,242.16849076656533,207.0,195.0,214.0,216.0,model_assisted,0.07822664876734108,model_assisted,0.07822664876734108,model_assisted,0.516864295889951,strong_evidence,0.9879868107526584,True,True,242.0,46930.6640625,13983.57421875,2693.426025390625,12.232409404662121,-0.16849076656532702,3.5275590551181097,16.0,226,260,0.12448319421810083,weak_evidence,0.2703970310720021,True,False,3.4406111678264146,62889.67907305631,12076.231237579688,5.207723985720948,48304.92495031875,8,persistent_core_paired_edge_continuity_first_v2_1,204.0,212.0,3.174173081587045,2.2909954892260527,-0.4062321380399013,0.27157096564769745,0.07404729135994091,1.0,242.0,188.0,194.7244842136161,-0.16849076656532702,-6.724484213616108,1.0,12.232409404662121,241,244,214,230,255,271,True,True,UPPER_SEED_TRAJECTORY_OUTLIER;Z_EDGE_EVIDENCE_WEAK;Z_CONTINUITY_REJECTED_CONTINUITY,rejected_continuity,195.0,False,,True,0,205.0,False,195.0
flow10,232,0,0.25,128.0,19,242.29297396078343,209.0,195.0,214.0,216.0,model_assisted,1.2341351543580724e-145,model_assisted,1.2341351543580724e-145,model_assisted,0.0,strong_evidence,0.9066236447066363,True,True,242.0,49616.75390625,14534.103515625,6818.16015625,5.145471738217502,-0.29297396078342786,3.5275590551181097,16.0,226,260,0.13453886150799121,unavailable,0.0,False,False,3.4406111678264146,55266.851788675005,7629.830622551503,7.24352276252669,30519.322490206014,43,persistent_core_paired_edge_continuity_first_v2_1,182.0,225.0,,,,,,,242.0,,194.68291097651093,-0.29297396078342786,,1.0,5.145471738217502,241,244,214,230,255,271,True,True,NO_VALID_UPPER_COMPONENT;Z_EDGE_EVIDENCE_UNAVAILABLE;Z_CONTINUITY_NO_CANDIDATE,no_candidate,,False,,True,0,205.0,False,195.0
flow10,233,0,0.25,128.0,19,242.42751282229142,206.0,195.0,214.0,216.0,high_confidence,0.5,high_confidence,0.5,high_confidence,0.9077378835529403,strong_evidence,0.9692284944836083,True,True,242.0,48471.08203125,12533.0341796875,5333.51220703125,6.738157982311323,-0.42751282229141907,3.5275590551181097,16.0,226,260,0.13678330849108988,strong_evidence,0.8501484117800115,True,True,3.4406111678264146,63475.650766071194,6587.535588483874,9.635720356036842,26350.142353935495,35,persistent_core_paired_edge_continuity_first_v2_1,192.0,227.0,4.668529349346964,2.615412216060681,1.3182063219749016,0.37275752425193787,0.10711606931901567,1.0,242.0,192.0,194.65307771322148,-0.42751282229141907,-2.653077713221478,0.0,6.738157982311323,241,244,214,230,255,271,True,True,,accepted,195.0,False,,False,0,205.0,False,195.0
flow10,234,0,0.25,128.0,19,242.5642961307825,199.0,195.0,214.0,216.0,high_confidence,0.5,high_confidence,0.5,high_confidence,0.9543314833431209,strong_evidence,0.9406525488639874,True,True,242.0,49770.4609375,12521.203125,6455.10498046875,5.770511544770426,-0.564296130782509,3.5275590551181097,16.0,226,260,0.13678330849108988,strong_evidence,0.9682093363801325,True,True,3.4406111678264146,58465.666737548716,2167.7517594548053,26.97064665386454,14616.416684387179,62,persistent_core_paired_edge_continuity_first_v2_1,194.0,256.0,13.266491323939047,8.48020950472236,-0.28977382107073435,0.2912904918193817,0.011810374389725846,1.0,242.0,194.0,194.63563351574925,-0.564296130782509,-0.6356335157492481,0.0,5.770511544770426,242,245,215,231,256,272,True,True,,accepted,195.0,False,,False,0,205.0,False,195.0
flow10,235,0,0.25,128.0,19,242.69157143902123,199.0,195.0,214.0,216.0,model_assisted,0.10971318676109983,model_assisted,0.10971318676109983,model_assisted,0.5696972266983102,strong_evidence,0.9778972365784131,True,True,243.0,49183.7421875,14829.478515625,2326.355712890625,14.767416470969497,0.3084285609787685,3.5275590551181097,16.0,226,260,0.12727530823872257,weak_evidence,0.33189063018864695,True,False,3.4406111678264146,61457.62479821497,2370.9849306053716,25.920715060185266,15364.406199553743,83,persistent_core_paired_edge_continuity_first_v2_1,188.0,271.0,13.174012609167306,9.278986091387994,-1.6443031390976734,0.26539742946624756,0.16472895220902287,1.0,243.0,188.0,194.629657134321,0.3084285609787685,-6.629657134321008,1.0,14.767416470969497,242,245,215,231,256,272,True,True,UPPER_SEED_TRAJECTORY_OUTLIER;Z_EDGE_EVIDENCE_WEAK;Z_CONTINUITY_REJECTED_CONTINUITY,rejected_continuity,194.0,False,,True,0,205.0,False,194.0
flow10,236,0,0.25,128.0,19,242.79857124065427,201.0,195.0,214.0,216.0,model_assisted,0.05036930544352758,model_assisted,0.05036930544352758,model_assisted,0.0,strong_evidence,0.9108831980035842,True,True,244.0,48997.47265625,14354.978515625,5399.56689453125,6.415791269427805,1.2014287593457311,3.5275590551181097,16.0,226,260,0.10699980163303735,weak_evidence,0.0,True,False,3.4406111678264146,58756.9571470813,3268.7227843848486,17.975509403174723,14689.239286770326,80,persistent_core_paired_edge_continuity_first_v2_1,187.0,267.0,6.492848705008565,3.6666760073128692,1.4488058730285434,0.13411125540733337,0.16927213384704937,1.0,244.0,187.0,194.6336516578928,1.2014287593457311,-7.633651657892813,2.0,6.415791269427805,242,245,215,231,256,272,True,True,UPPER_SEED_TRAJECTORY_OUTLIER;Z_EDGE_EVIDENCE_WEAK;Z_CONTINUITY_REJECTED_CONTINUITY,rejected_continuity,194.0,False,,True,0,204.0,False,194.0
flow10,237,0,0.25,128.0,19,242.87939053531898,201.0,195.0,214.0,216.0,model_assisted,0.10998807745985664,model_assisted,0.10998807745985664,model_assisted,0.7264482711643561,strong_evidence,0.9356036785518447,True,True,242.0,49924.6796875,11047.279296875,5382.16552734375,7.223375088170521,-0.8793905353189757,3.5275590551181097,16.0,226,260,0.08081929466470683,weak_evidence,0.5640498244881995,True,False,3.4406111678264146,62089.10322957816,2255.0435676617335,27.533438431062635,15522.27580739454,94,persistent_core_paired_edge_continuity_first_v2_1,189.0,283.0,14.040032871424405,8.89715564745776,-0.2660732674095924,0.29025448858737946,0.20181237956337614,1.0,242.0,189.0,194.64636156063494,-0.8793905353189757,-5.6463615606349435,2.0,7.223375088170521,242,245,215,231,256,272,True,True,UPPER_SEED_TRAJECTORY_OUTLIER;Z_EDGE_EVIDENCE_WEAK;Z_CONTINUITY_REJECTED_CONTINUITY,rejected_continuity,194.0,False,,True,0,204.0,False,194.0
flow10,238,0,0.25,128.0,19,242.9341067249074,213.0,195.0,214.0,216.0,model_assisted,2.398487868841356e-145,model_assisted,2.398487868841356e-145,model_assisted,0.0,strong_evidence,0.931449790371436,True,True,242.0,46866.9921875,14915.9794921875,2802.9638671875,11.399009837173612,-0.9341067249073944,3.5275590551181097,16.0,226,260,0.05471618958841873,unavailable,0.0,False,False,3.4406111678264146,55030.64109864384,4014.041776384738,13.709533722941817,16056.167105538952,56,persistent_core_paired_edge_continuity_first_v2_1,190.0,246.0,,,,,,,242.0,,194.66703005857573,-0.9341067249073944,,1.0,11.399009837173612,242,245,215,231,256,272,True,True,NO_VALID_UPPER_COMPONENT;Z_EDGE_EVIDENCE_UNAVAILABLE;Z_CONTINUITY_NO_CANDIDATE,no_candidate,,False,,True,0,204.0,False,194.0
flow10,239,0,0.25,128.0,19,242.96726671332829,204.0,195.0,214.0,216.0,high_confidence,0.5,high_confidence,0.5,high_confidence,0.950418424655265,strong_evidence,0.9976774773822313,True,True,243.0,48874.03125,14134.736328125,3038.134765625,11.43441539030231,0.03273328667171427,3.5275590551181097,16.0,226,260,0.033159988420891295,strong_evidence,0.9053979892322699,True,True,3.4406111678264146,58821.8659840106,12623.264007670206,4.659798444227181,50493.056030680826,8,persistent_core_paired_edge_continuity_first_v2_1,200.0,208.0,2.219525165251122,1.133827087309531,0.7549450394147481,0.2613135129213333,0.022072821922907486,1.0,243.0,195.0,194.6948758005849,0.03273328667171427,0.30512419941510416,0.0,11.43441539030231,242,245,215,231,256,272,True,True,,accepted,194.0,False,,False,0,205.0,False,194.0
flow10,240,0,0.25,128.0,19,242.98526421351914,206.0,195.0,214.0,216.0,model_assisted,0.08785631479472135,model_assisted,0.08785631479472135,model_assisted,0.8356417056799396,strong_evidence,0.9989551210319014,True,True,243.0,46918.08203125,11562.90234375,5700.85693359375,6.2017307396648755,0.014735786480855495,3.5275590551181097,16.0,226,260,0.017997500190858773,weak_evidence,0.6990274593620895,True,False,3.4406111678264146,58473.27281682566,13073.730096690153,4.472577633496442,52294.92038676061,7,persistent_core_paired_edge_continuity_first_v2_1,202.0,209.0,3.4654862078191333,2.4118057849183963,0.7023946661741987,0.24894391000270844,0.11018961422937416,1.0,243.0,191.0,194.72809389728235,0.014735786480855495,-3.728093897282349,1.0,6.2017307396648755,242,245,215,231,256,272,True,True,UPPER_SEED_TRAJECTORY_OUTLIER;Z_EDGE_EVIDENCE_WEAK;Z_CONTINUITY_REJECTED_CONTINUITY,rejected_continuity,194.0,False,,True,0,205.0,False,194.0
flow10,241,0,0.25,128.0,19,242.9940050915668,199.0,195.0,214.0,216.0,high_confidence,0.5,high_confidence,0.5,high_confidence,0.8960623833004974,strong_evidence,0.9332749823502645,True,True,243.0,47734.9765625,15444.603515625,6173.52734375,5.230457605337305,0.005994908433194723,3.5275590551181097,16.0,226,260,0.008740878047660772,strong_evidence,0.8603335672238379,True,True,3.4406111678264146,61490.085625604625,12948.65348052326,4.748762928755105,51794.61392209304,5,persistent_core_paired_edge_continuity_first_v2_1,196.0,201.0,4.11744320227674,2.9105709005849594,0.4309840049467112,0.3501906991004944,0.02183159991897367,1.0,243.0,195.0,194.76260292420835,0.005994908433194723,0.23739707579164815,0.0,5.230457605337305,242,245,215,231,256,272,True,True,,accepted,194.0,False,,False,0,204.0,False,194.0
flow10,242,0,0.25,128.0,19,242.99780386150712,199.0,195.0,214.0,216.0,high_confidence,0.6027207000392194,high_confidence,0.6027207000392194,high_confidence,0.9948015498575214,strong_evidence,0.9998443463744814,True,True,243.0,48813.46875,13717.404296875,5431.54541015625,6.461524631185102,0.002196138492877253,3.5275590551181097,16.0,226,260,0.00379876994031747,strong_evidence,0.9897841870961293,True,True,3.4406111678264146,56784.03500472747,3119.395523994199,18.203538014960962,14196.008751181867,62,persistent_core_paired_edge_continuity_first_v2_1,195.0,257.0,14.352443177784414,10.91665282327162,1.0572597001690107,0.3077639788389206,0.023809196243456354,1.0,243.0,195.0,194.79125525536207,0.002196138492877253,0.2087447446379258,0.0,6.461524631185102,242,245,215,231,256,272,True,True,,accepted,194.0,False,,False,0,203.0,False,194.0
flow10,243,0,0.25,128.0,19,242.99928118628554,200.0,195.0,214.0,216.0,high_confidence,0.9367851542740909,high_confidence,0.9367851542740909,high_confidence,0.9579148111068355,strong_evidence,0.9264776381529525,True,True,242.0,48729.01171875,12739.654296875,2736.2294921875,13.152901657054732,-0.9992811862855433,3.5275590551181097,16.0,226,260,0.0014773247784205523,strong_evidence,0.9904187079649269,True,True,3.4406111678264146,54297.06781866071,4721.174702402461,11.500753782958,18884.698809609843,43,persistent_core_paired_edge_continuity_first_v2_1,195.0,238.0,7.39969932925995,4.997770594676381,0.648241858654942,0.2904549539089203,0.02783140188059681,1.0,242.0,195.0,194.8040960577066,-0.9992811862855433,0.19590394229339836,0.0,13.152901657054732,242,245,215,231,256,272,True,True,,accepted,195.0,False,,False,0,204.0,False,195.0
flow10,244,0,0.25,128.0,19,242.99979529389134,211.0,195.0,214.0,216.0,high_confidence,0.6680608086136809,high_confidence,0.6680608086136809,high_confidence,0.9319682612493217,strong_evidence,0.926406991180582,True,True,244.0,48911.0546875,15929.9404296875,2563.072998046875,12.867801378636084,1.0002047061086614,3.5275590551181097,16.0,226,260,0.0005141076057952887,strong_evidence,0.9375629159158375,True,True,3.4406111678264146,54125.167562760646,2007.4824230543106,26.961714305030476,13531.291890690161,47,persistent_core_paired_edge_continuity_first_v2_1,196.0,243.0,21.097297533243303,16.01098853468236,0.6392926474596622,0.22729277610778809,0.039719908185151996,1.0,244.0,196.0,194.78987176381077,1.0002047061086614,1.2101282361892345,0.0,12.867801378636084,242,245,215,231,256,272,True,True,,accepted,195.0,False,,False,0,204.0,False,195.0
flow10,245,0,0.25,128.0,19,242.9999553886572,209.0,195.0,214.0,216.0,model_assisted,0.13948278991276106,model_assisted,0.13948278991276106,model_assisted,0.8008927521251977,strong_evidence,0.8329335302773666,True,True,242.0,50248.2578125,15067.755859375,7253.56689453125,4.850096850922953,-0.999955388657213,3.5275590551181097,16.0,226,260,0.00016009476587441895,weak_evidence,0.7700844990512961,True,False,3.4406111678264146,64651.2345787793,4277.278531632565,15.115039645104199,17109.11412653026,70,persistent_core_paired_edge_continuity_first_v2_1,192.0,262.0,4.974061735827834,1.8462653753507026,1.401187364224581,0.4222359396517277,0.17086887915358098,1.0,242.0,191.0,194.73868290845246,-0.999955388657213,-3.7386829084524607,1.0,4.850096850922953,242,245,215,231,256,272,True,True,UPPER_SEED_TRAJECTORY_OUTLIER;Z_EDGE_EVIDENCE_WEAK;Z_CONTINUITY_REJECTED_CONTINUITY,rejected_continuity,195.0,False,,True,0,205.0,False,195.0
flow10,246,0,0.25,128.0,19,243.0,210.0,195.0,214.0,216.0,model_assisted,9.423356197659148e-146,model_assisted,9.423356197659148e-146,model_assisted,0.0,strong_evidence,0.7496655961189053,True,True,242.0,49438.0078125,15028.7275390625,8758.0517578125,3.928873820909219,-1.0,3.5275590551181097,16.0,227,260,4.461134278699319e-05,unavailable,0.0,False,False,3.4406111678264146,64062.51531403125,2095.5007318095663,30.571459289689756,16015.628828507812,54,persistent_core_paired_edge_continuity_first_v2_1,188.0,242.0,,,,,,,242.0,,194.6448664958853,-1.0,,1.0,3.928873820909219,242,245,215,231,256,272,True,True,NO_VALID_UPPER_COMPONENT;Z_EDGE_EVIDENCE_UNAVAILABLE;Z_CONTINUITY_NO_CANDIDATE,no_candidate,,False,,True,0,205.0,False,195.0
flow10,247,0,0.25,128.0,19,243.0,209.0,195.0,214.0,216.0,high_confidence,0.5,high_confidence,0.5,high_confidence,0.8753591346192863,strong_evidence,0.9264226511541201,True,True,244.0,49438.5703125,14986.068359375,4324.65576171875,7.966530482748187,1.0,3.5275590551181097,16.0,227,260,0.0,strong_evidence,0.8271101895089041,True,True,3.4406111678264146,64439.08841105104,12059.062876725464,5.343623220957027,48236.251506901855,14,persistent_core_paired_edge_continuity_first_v2_1,207.0,221.0,2.631144467416338,1.642076532106001,0.6509213186966919,0.14984950423240662,0.09252321693998355,1.0,244.0,192.0,194.50931321521662,1.0,-2.509313215216622,0.0,7.966530482748187,242,245,215,231,256,272,True,True,,accepted,195.0,False,,False,0,206.0,False,195.0
flow10,248,0,0.25,128.0,19,243.0,201.0,194.0,213.0,215.0,model_assisted,0.1330467538365973,model_assisted,0.1330467538365973,model_assisted,0.8283855010398967,strong_evidence,0.9264226511541201,True,True,242.0,49091.58984375,13810.826171875,5763.9599609375,6.120924487847524,-1.0,3.5275590551181097,16.0,227,260,0.0,weak_evidence,0.7407229707501619,True,False,3.4406111678264146,61631.837803910166,11833.025121155948,5.208459981524104,47332.10048462379,15,persistent_core_paired_edge_continuity_first_v2_1,198.0,213.0,3.316826275621469,2.31178873002218,0.687877410647306,0.069277822971344,0.12378427054242618,1.0,242.0,198.0,194.3404023744876,-1.0,3.65959762551239,1.0,6.120924487847524,242,245,215,231,256,272,True,True,UPPER_SEED_TRAJECTORY_OUTLIER;Z_EDGE_EVIDENCE_WEAK;Z_CONTINUITY_REJECTED_CONTINUITY,rejected_continuity,195.0,False,,True,0,206.0,False,195.0
flow10,249,0,0.25,128.0,19,243.0,202.0,194.0,213.0,215.0,high_confidence,0.5,high_confidence,0.5,high_confidence,0.8802355948423675,strong_evidence,0.8949543689818901,True,True,242.0,51290.46875,13301.791015625,6784.525390625,5.599312486451677,-1.0,3.5275590551181097,16.0,227,260,0.0,strong_evidence,0.8657588914940259,True,True,3.4406111678264146,60103.16555110777,11293.167990179194,5.322081952856355,45172.671960716776,18,persistent_core_paired_edge_continuity_first_v2_1,198.0,216.0,3.7586681027820488,2.4612017453395154,1.3975517229232362,0.24904420971870422,0.055209531883992656,1.0,242.0,196.0,194.1529278106965,-1.0,1.8470721893035034,0.0,5.599312486451677,242,245,215,231,256,272,True,True,,accepted,195.0,False,,False,0,206.0,False,195.0
flow10,250,0,0.25,128.0,19,243.0,200.0,194.0,213.0,215.0,model_assisted,0.03626786909871145,model_assisted,0.03626786909871145,model_assisted,0.0,strong_evidence,0.7849255289387815,True,True,241.0,48572.76953125,11356.5166015625,7213.5908203125,5.159185467644151,-2.0,3.5275590551181097,16.0,227,260,0.0,weak_evidence,0.0,True,False,3.4406111678264146,65333.59836770926,1550.8726518043552,42.12699107931087,16333.399591927315,79,persistent_core_paired_edge_continuity_first_v2_1,192.0,271.0,19.195363994114256,14.800181860563876,0.4047469287868124,-0.07549160718917847,0.2890414360991168,1.0,241.0,186.0,193.96505009224185,-2.0,-7.965050092241853,1.0,5.159185467644151,242,245,215,231,256,272,True,True,UPPER_SEED_TRAJECTORY_OUTLIER;Z_EDGE_EVIDENCE_WEAK;Z_CONTINUITY_REJECTED_CONTINUITY,rejected_continuity,195.0,False,,True,0,205.0,False,195.0
flow10,251,0,0.25,128.0,19,243.0,198.0,194.0,213.0,215.0,model_assisted,0.09363167797912705,model_assisted,0.09363167797912705,model_assisted,0.4444212995412915,strong_evidence,0.8464737781779522,True,True,241.0,46594.890625,13687.66796875,3650.6005859375,9.014194207663284,-2.0,3.5275590551181097,16.0,227,260,0.0,weak_evidence,0.233333030009641,True,False,3.4406111678264146,63038.45588274955,1832.605575985542,34.398266985981756,15759.613970687387,42,persistent_core_paired_edge_continuity_first_v2_1,193.0,235.0,12.832532876266646,8.115558800727339,0.8326859567258751,0.25820568203926086,0.27236742898315025,1.0,241.0,187.0,193.79380566689645,-2.0,-6.793805666896446,1.0,9.014194207663284,242,245,215,231,256,272,True,True,UPPER_SEED_TRAJECTORY_OUTLIER;Z_EDGE_EVIDENCE_WEAK;Z_CONTINUITY_REJECTED_CONTINUITY,rejected_continuity,195.0,False,,True,0,205.0,False,195.0
flow10,252,0,0.25,128.0,19,243.0,202.0,194.0,213.0,215.0,high_confidence,0.5,high_confidence,0.5,high_confidence,0.8582394088538456,strong_evidence,0.7494818118734142,True,True,241.0,47513.94921875,13980.982421875,7128.94970703125,4.7037737920638705,-2.0,3.5275590551181097,16.0,227,260,0.0,strong_evidence,0.9827788629968839,True,True,3.4406111678264146,59705.519832064354,4817.053159587315,12.39461510056896,19268.21263834926,61,persistent_core_paired_edge_continuity_first_v2_1,194.0,255.0,7.330065856900061,4.824999952041167,-0.5313519096085252,0.4338301196694374,0.029755367985615067,1.0,241.0,194.0,193.65057968018445,-2.0,0.34942031981555033,0.0,4.7037737920638705,242,245,215,231,256,272,True,True,,accepted,195.0,False,,False,0,205.0,False,195.0
flow10,253,0,0.25,128.0,19,243.0,209.0,194.0,213.0,215.0,high_confidence,0.5,high_confidence,0.5,high_confidence,0.94089532743954,strong_evidence,0.9096496929944132,True,True,243.0,49912.49609375,12219.9892578125,7591.986328125,4.964775383788981,0.0,3.5275590551181097,16.0,227,260,4.461134278699319e-05,strong_evidence,0.9732142208319268,True,True,3.4406111678264146,59548.75989781533,1433.3269758741246,41.545830714236786,14887.189974453833,43,persistent_core_paired_edge_continuity_first_v2_1,193.0,236.0,17.177521215602237,8.853024764255167,2.0764280718604953,0.4410797506570816,0.14755264713659844,1.0,243.0,193.0,193.53827757421087,0.0,-0.5382775742108663,0.0,4.964775383788981,242,245,215,231,256,272,True,True,,accepted,195.0,False,,False,0,204.0,False,195.0
flow10,254,0,0.25,128.0,19,242.9999553886572,200.0,193.0,212.0,214.0,model_assisted,0.10690616928464576,model_assisted,0.10690616928464576,model_assisted,0.7190708197039332,strong_evidence,0.9264260638771736,True,True,242.0,49014.3203125,15881.1708984375,3391.569091796875,9.769268594350924,-0.999955388657213,3.5275590551181097,16.0,226,260,0.00016009476587441895,weak_evidence,0.5581263998399758,True,False,3.4406111678264146,60888.09742444198,12128.159138282279,5.020390706471684,48512.636553129116,9,persistent_core_paired_edge_continuity_first_v2_1,197.0,206.0,2.997199971924857,1.9279040310709974,0.12574434367115955,0.2726872116327286,0.13426317860839426,1.0,242.0,188.0,193.45141664828213,-0.999955388657213,-5.451416648282134,1.0,9.769268594350924,242,245,215,231,256,272,True,True,UPPER_SEED_TRAJECTORY_OUTLIER;Z_EDGE_EVIDENCE_WEAK;Z_CONTINUITY_REJECTED_CONTINUITY,rejected_continuity,194.0,False,,True,0,204.0,False,194.0
flow10,255,0,0.25,128.0,19,242.99979529389134,208.0,193.0,212.0,214.0,high_confidence,0.631449358297962,high_confidence,0.631449358297962,high_confidence,0.9633988946674779,strong_evidence,0.9999854922631779,True,True,243.0,48902.046875,14079.4775390625,3050.146728515625,11.416686617198952,0.00020470610866141215,3.5275590551181097,16.0,226,260,0.0005141076057952887,strong_evidence,0.9281508956154428,True,True,3.4406111678264146,52892.46024308304,5223.011347155979,10.126813197885145,20892.045388623916,50,persistent_core_paired_edge_continuity_first_v2_1,192.0,242.0,3.5424568843869904,1.5149456697241515,0.9854286654712032,0.27169130742549896,0.14809713791761456,1.0,243.0,192.0,193.37921259937855,0.00020470610866141215,-1.3792125993785476,0.0,11.416686617198952,242,245,215,231,256,272,True,True,,accepted,194.0,False,,False,0,204.0,False,194.0
flow10,256,0,0.25,128.0,19,242.99928118628554,197.0,193.0,212.0,214.0,model_assisted,0.04109997131811495,model_assisted,0.04109997131811495,model_assisted,0.0,strong_evidence,0.9999490559893316,True,True,243.0,47022.2265625,15261.84375,3469.147216796875,9.155098019110564,0.0007188137144567008,3.5275590551181097,16.0,226,260,0.0014773247784205523,weak_evidence,0.0,True,False,3.4406111678264146,58199.03259173623,4098.419267307069,14.200360869857226,16393.677069228277,74,persistent_core_paired_edge_continuity_first_v2_1,184.0,258.0,4.370844171341231,2.9605654749778125,-0.3932595238862879,-0.2571493983268738,0.1557126058701873,1.0,243.0,184.0,193.31042094109563,0.0007188137144567008,-9.310420941095629,1.0,9.155098019110564,242,245,215,231,256,272,True,True,UPPER_SEED_TRAJECTORY_OUTLIER;Z_EDGE_EVIDENCE_WEAK;Z_CONTINUITY_REJECTED_CONTINUITY,rejected_continuity,193.0,False,,True,0,204.0,False,193.0
flow10,257,0,0.25,128.0,19,242.99780386150712,202.0,193.0,212.0,214.0,high_confidence,0.5,high_confidence,0.5,high_confidence,0.8466040810910678,strong_evidence,0.8859833118869906,True,True,243.0,49566.9765625,14694.69140625,7401.89404296875,4.711265110499127,0.002196138492877253,3.5275590551181097,16.0,226,260,0.00379876994031747,strong_evidence,0.808975135878714,True,True,3.4406111678264146,59725.60887376047,4410.5076995646605,13.541662988062734,17642.030798258642,51,persistent_core_paired_edge_continuity_first_v2_1,190.0,241.0,7.803018050864723,5.156022227875051,-0.13242796374391655,0.27171143889427185,0.11829817935225899,1.0,243.0,190.0,193.23812217783427,0.002196138492877253,-3.2381221778342706,0.0,4.711265110499127,242,245,215,231,256,272,True,True,,accepted,193.0,False,,False,0,205.0,False,193.0
flow10,258,0,0.25,128.0,19,242.9940050915668,201.0,193.0,212.0,214.0,model_assisted,0.03914252279114276,model_assisted,0.03914252279114276,model_assisted,0.0,strong_evidence,0.8423988213205398,True,True,243.0,48025.51171875,17391.328125,7188.7001953125,4.261435692328007,0.005994908433194723,3.5275590551181097,16.0,226,260,0.008740878047660772,weak_evidence,0.0,True,False,3.4406111678264146,55318.407181417235,3954.551298411147,13.988542063834897,15818.205193644588,67,persistent_core_paired_edge_continuity_first_v2_1,187.0,254.0,4.808310218572507,2.88125221355733,-0.5467723225023506,0.23241034895181656,0.2154877124152048,1.0,243.0,186.0,193.16270067301846,0.005994908433194723,-7.162700673018463,1.0,4.261435692328007,242,245,215,231,256,272,True,True,UPPER_SEED_TRAJECTORY_OUTLIER;Z_EDGE_EVIDENCE_WEAK;Z_CONTINUITY_REJECTED_CONTINUITY,rejected_continuity,193.0,False,,True,0,205.0,False,193.0
flow10,259,0,0.25,128.0,19,242.98526421351914,197.0,193.0,212.0,214.0,model_assisted,0.057582758618280945,model_assisted,0.057582758618280945,model_assisted,0.6207761471838509,strong_evidence,0.7931637406541726,True,True,242.0,46506.93359375,12574.01953125,7734.2490234375,4.387357319330075,-0.9852642135191445,3.5275590551181097,16.0,226,260,0.017997500190858773,weak_evidence,0.4858555745306671,True,False,3.4406111678264146,57699.78093048714,2345.117620506338,24.60421619194908,14424.945232621785,59,persistent_core_paired_edge_continuity_first_v2_1,187.0,246.0,13.867326445471422,9.247000140032382,1.9420568081463219,0.2479279562830925,0.12333168393875762,1.0,242.0,187.0,193.0920221832712,-0.9852642135191445,-6.092022183271212,1.0,4.387357319330075,242,245,215,231,256,272,True,True,UPPER_SEED_TRAJECTORY_OUTLIER;Z_EDGE_EVIDENCE_WEAK;Z_CONTINUITY_REJECTED_CONTINUITY,rejected_continuity,193.0,False,,True,0,204.0,False,193.0
flow10,260,0,0.25,128.0,19,242.96726671332829,203.0,193.0,212.0,214.0,high_confidence,0.5200959682217302,high_confidence,0.5200959682217302,high_confidence,0.9113946462747516,strong_evidence,0.9289233443592942,True,True,242.0,49743.21875,14051.779296875,2946.01806640625,12.11514615613468,-0.9672667133282857,3.5275590551181097,16.0,226,260,0.033159988420891295,strong_evidence,0.8941967131111306,True,True,3.4406111678264146,62637.56476404892,9585.036640897953,6.534932218911252,38340.146563591814,14,persistent_core_paired_edge_continuity_first_v2_1,195.0,209.0,5.472320539981854,3.865429072500086,0.40452209050727067,0.3833158016204834,0.0611600636006708,1.0,242.0,195.0,193.03877420951355,-0.9672667133282857,1.961225790486452,0.0,12.11514615613468,242,245,215,231,256,272,True,True,,accepted,193.0,False,,False,0,203.0,False,193.0
flow10,261,0,0.25,128.0,19,242.9341067249074,203.0,193.0,212.0,214.0,high_confidence,0.7203186676036825,high_confidence,0.7203186676036825,high_confidence,0.9406060677760613,strong_evidence,0.931449790371436,True,True,242.0,49030.83984375,14139.6552734375,2571.99609375,13.565799985116133,-0.9341067249073944,3.5275590551181097,16.0,226,260,0.05467157824568858,strong_evidence,0.9498523526258296,True,True,3.4406111678264146,64060.144616601494,2092.221536637481,30.618241660754485,16015.036154150373,48,persistent_core_paired_edge_continuity_first_v2_1,194.0,242.0,14.394770957498947,8.73284929408853,5.312129667928504,0.4298664778470993,0.030827111873113728,1.0,242.0,194.0,193.01581528701854,-0.9341067249073944,0.9841847129814596,0.0,13.565799985116133,242,245,215,231,256,272,True,True,,accepted,193.0,False,,False,0,202.0,False,193.0
flow10,262,0,0.25,128.0,19,242.8794351466617,202.0,193.0,212.0,214.0,model_assisted,0.11601450928731552,model_assisted,0.11601450928731552,model_assisted,0.6530949646162014,strong_evidence,0.8565085222177625,True,True,241.0,47681.140625,14717.40625,3805.306396484375,8.662570353192676,-1.8794351466617059,3.5275590551181097,16.0,226,260,0.08065919989877557,weak_evidence,0.4979904131048374,True,False,3.4406111678264146,55690.53372033358,8096.237842973521,6.8785693800566525,32384.951371894083,37,persistent_core_paired_edge_continuity_first_v2_1,187.0,224.0,3.7647445539881583,2.7650571849772136,0.9084793386372154,-0.06405779719352722,0.12805611848869758,1.0,241.0,187.0,193.03139922611274,-1.8794351466617059,-6.03139922611274,1.0,8.662570353192676,242,245,215,231,256,272,True,True,UPPER_SEED_TRAJECTORY_OUTLIER;Z_EDGE_EVIDENCE_WEAK;Z_CONTINUITY_REJECTED_CONTINUITY,rejected_continuity,193.0,False,,True,0,202.0,False,193.0
flow10,263,0,0.25,128.0,19,242.79877594676293,209.0,193.0,212.0,214.0,model_assisted,1.746433840670477e-145,model_assisted,1.746433840670477e-145,model_assisted,0.0,strong_evidence,0.9416903108105396,True,True,242.0,47775.47265625,13099.99609375,4762.2021484375,7.281395346452729,-0.7987759467629303,3.5275590551181097,16.0,226,260,0.10648569402724206,unavailable,0.0,False,False,3.4406111678264146,55921.850801707,639.0047357578602,87.51398490870906,13980.46270042675,78,persistent_core_paired_edge_continuity_first_v2_1,188.0,266.0,,,,,,,242.0,,193.08620846782676,-0.7987759467629303,,1.0,7.281395346452729,242,245,215,231,256,272,True,True,NO_VALID_UPPER_COMPONENT;Z_EDGE_EVIDENCE_UNAVAILABLE;Z_CONTINUITY_NO_CANDIDATE,no_candidate,,False,,True,0,201.0,False,193.0
flow10,264,0,0.25,128.0,19,242.6922902527357,197.0,193.0,212.0,214.0,high_confidence,0.7775528281825668,high_confidence,0.7775528281825668,high_confidence,0.9847115909323949,strong_evidence,0.9779493293283357,True,True,243.0,48065.34375,9412.751953125,4691.61669921875,8.238650826550142,0.3077097472643118,3.5275590551181097,16.0,226,260,0.12579798346030202,strong_evidence,0.9915206117913873,True,True,3.4406111678264146,59324.978402802706,3333.0793358810047,17.79884977959033,14831.244600700677,67,persistent_core_paired_edge_continuity_first_v2_1,193.0,260.0,11.91444908853098,8.409463167870303,0.2977875228863622,0.3954848572611809,0.02873042257913252,1.0,243.0,193.0,193.17356558170255,0.3077097472643118,-0.17356558170254743,0.0,8.238650826550142,242,245,215,231,256,272,True,True,,accepted,193.0,False,,False,0,200.0,False,193.0
flow10,265,0,0.25,128.0,19,242.5664922692754,200.0,193.0,212.0,214.0,high_confidence,0.7489024771533132,high_confidence,0.7489024771533132,high_confidence,0.9276102766413995,strong_evidence,0.8926438698304903,True,True,244.0,47448.3125,13034.61328125,3617.417236328125,9.513334230054639,1.4335077307246138,3.5275590551181097,16.0,226,260,0.1329845385507724,strong_evidence,0.9639463781834203,True,True,3.4406111678264146,55328.53447080281,3642.6157170210513,15.18923179633419,14570.462868084205,43,persistent_core_paired_edge_continuity_first_v2_1,194.0,237.0,12.15993035264333,9.200269075730462,-0.16155942995940054,0.3644718900322914,0.013417315541083122,1.0,244.0,194.0,193.2822325020325,1.4335077307246138,0.7177674979674862,0.0,9.513334230054639,242,245,215,231,256,272,True,True,,accepted,193.0,False,,False,0,199.0,False,193.0
flow10,266,0,0.25,128.0,19,242.4335077307246,207.0,193.0,212.0,214.0,model_assisted,0.321935564960721,model_assisted,0.321935564960721,model_assisted,0.8785937898547109,strong_evidence,0.9687900442172827,True,True,242.0,48614.79296875,16366.966796875,2624.46044921875,12.28741175409008,-0.4335077307246138,3.5275590551181097,16.0,226,260,0.1329845385507724,weak_evidence,0.796794983783023,True,False,3.4406111678264146,61297.769622124404,4695.543083421996,13.054457925972665,18782.172333687984,62,persistent_core_paired_edge_continuity_first_v2_1,190.0,252.0,4.8039737780829945,2.4614695810220186,4.2228963293116415,0.2707154005765915,0.19790380326481072,1.0,242.0,190.0,193.40021158683942,-0.4335077307246138,-3.4002115868394185,1.0,12.28741175409008,241,244,214,230,255,271,True,True,UPPER_SEED_TRAJECTORY_OUTLIER;Z_EDGE_EVIDENCE_WEAK;Z_CONTINUITY_REJECTED_CONTINUITY,rejected_continuity,194.0,False,,True,0,199.0,False,194.0
flow10,267,0,0.25,128.0,19,242.3077097472643,198.0,194.0,213.0,215.0,high_confidence,0.5,high_confidence,0.5,high_confidence,0.8614574775031719,strong_evidence,0.8637812114198161,True,True,243.0,49326.3671875,13823.77734375,7152.32373046875,4.963783964714811,0.6922902527356882,3.5275590551181097,16.0,226,260,0.12579798346030202,strong_evidence,0.8591399948678058,True,True,3.4406111678264146,65085.77004543705,1162.389512317906,55.99308093863506,16271.442511359262,58,persistent_core_paired_edge_continuity_first_v2_1,191.0,249.0,16.352787420399974,6.821499561371272,4.449703057955122,0.39164161682128906,0.07141582664290151,1.0,243.0,191.0,193.51749706203918,0.6922902527356882,-2.517497062039183,0.0,4.963783964714811,241,244,214,230,255,271,True,True,,accepted,194.0,False,,False,0,199.0,False,194.0
flow10,268,0,0.25,128.0,19,242.20122405323707,203.0,194.0,213.0,215.0,model_assisted,0.49,model_assisted,0.49,model_assisted,0.9229681631070366,strong_evidence,0.9416903108105396,True,True,243.0,48663.78125,14849.1015625,3467.075927734375,9.753083114507051,0.7987759467629303,3.5275590551181097,16.0,226,260,0.10648569402724206,weak_evidence,0.9046182384269712,True,False,3.4406111678264146,57278.635760721714,10322.68284758263,5.5488129013026155,41290.73139033052,18,persistent_core_paired_edge_continuity_first_v2_1,196.0,214.0,2.654184786771616,1.520667949060343,1.4320922531340705,0.13636362552642822,0.0037067832628939583,1.0,243.0,195.0,193.62701669223424,0.7987759467629303,1.3729833077657645,1.0,9.753083114507051,241,244,214,230,255,271,True,True,UPPER_SEED_TRAJECTORY_OUTLIER;Z_EDGE_EVIDENCE_WEAK;Z_CONTINUITY_REJECTED_CONTINUITY,rejected_continuity,194.0,False,,True,0,200.0,False,194.0
flow10,269,0,0.25,128.0,19,242.1205648533383,198.0,194.0,213.0,215.0,model_assisted,4.271875820455686e-146,model_assisted,4.271875820455686e-146,model_assisted,0.0,strong_evidence,0.8802213404289103,True,True,243.0,48068.828125,16602.140625,5925.11376953125,5.310731358748138,0.8794351466617059,3.5275590551181097,16.0,226,260,0.08065919989877557,unavailable,0.0,False,False,3.4406111678264146,52873.74284319275,13198.255888848382,4.006115905652915,52793.02355539353,0,persistent_core_paired_edge_continuity_first_v2_1,,,,,,,,,243.0,,193.72421854261242,0.8794351466617059,,2.0,5.310731358748138,241,244,214,230,255,271,True,True,NO_VALID_UPPER_COMPONENT;Z_EDGE_EVIDENCE_UNAVAILABLE;Z_CONTINUITY_NO_CANDIDATE,no_candidate,,False,,True,0,201.0,False,194.0
flow10,270,0,0.25,128.0,19,242.0658932750926,201.0,194.0,213.0,215.0,model_assisted,0.056090675642206975,model_assisted,0.056090675642206975,model_assisted,0.0,strong_evidence,0.931449790371436,True,True,243.0,48594.43359375,12878.001953125,4719.5810546875,7.567712308945589,0.9341067249073944,3.5275590551181097,16.0,226,260,0.05467157824568858,weak_evidence,0.0,True,False,3.4406111678264146,57400.80633334456,5489.22673120755,10.456993151149582,21956.9069248302,43,persistent_core_paired_edge_continuity_first_v2_1,186.0,229.0,4.873061585746996,2.8415264999638437,0.9332236757126989,0.3387369140982628,0.23117237975027724,1.0,243.0,186.0,193.8062742412244,0.9341067249073944,-7.806274241224401,1.0,7.567712308945589,241,244,214,230,255,271,True,True,UPPER_SEED_TRAJECTORY_OUTLIER;Z_EDGE_EVIDENCE_WEAK;Z_CONTINUITY_REJECTED_CONTINUITY,rejected_continuity,194.0,False,,True,0,201.0,False,194.0
flow10,271,0,0.25,128.0,19,242.03273328667177,210.0,194.0,213.0,215.0,high_confidence,0.757231874783609,high_confidence,0.757231874783609,high_confidence,0.9156712569704156,strong_evidence,0.8437287514471826,True,True,240.0,40941.96875,13306.2060546875,3496.837890625,7.9030723069558935,-2.032733286671771,3.5275590551181097,16.0,226,260,0.03315998842083445,strong_evidence,0.9937481085048316,True,True,3.4406111678264146,56592.56586864016,3220.111580109401,17.57472201218489,14148.14146716004,24,persistent_core_paired_edge_continuity_first_v2_1,194.0,218.0,7.340426300271349,4.233112465952814,6.165373707082184,0.32756364345550537,0.15927068013624085,1.0,240.0,194.0,193.8717432337072,-2.032733286671771,0.12825676629279315,0.0,7.9030723069558935,241,244,214,230,255,271,True,True,,accepted,194.0,False,,False,0,201.0,False,194.0
flow10,272,0,0.25,128.0,19,242.0147357864809,198.0,194.0,213.0,215.0,high_confidence,0.6978225065544843,high_confidence,0.6978225065544843,high_confidence,0.9349538974919515,strong_evidence,0.9252946894948016,True,True,241.0,44183.875,9616.8203125,2955.309326171875,11.696594458447443,-1.0147357864809123,3.5275590551181097,16.0,226,260,0.017997500190858773,strong_evidence,0.9447139385536283,True,True,3.4406111678264146,59719.601232966335,1829.8487539643286,32.63635920924343,14929.900308241584,76,persistent_core_paired_edge_continuity_first_v2_1,195.0,271.0,24.08026450978863,21.457540060694082,-4.727481768461071,0.3406885415315628,0.08046085136332319,1.0,241.0,195.0,193.92062850851855,-1.0147357864809123,1.079371491481453,0.0,11.696594458447443,241,244,214,230,255,271,True,True,,accepted,194.0,False,,False,0,201.0,False,194.0
flow10,273,0,0.25,128.0,19,242.0059949084332,199.0,194.0,213.0,215.0,high_confidence,0.5,high_confidence,0.5,high_confidence,0.9073232068009456,strong_evidence,0.9259639322495188,True,True,241.0,42619.29296875,14001.2841796875,3723.4599609375,7.685864515609563,-1.0059949084331947,3.5275590551181097,16.0,226,260,0.008740878047717615,strong_evidence,0.8890577407260338,True,True,3.4406111678264146,43592.04276009191,6447.2215253146,6.761368845312754,25788.8861012584,24,persistent_core_paired_edge_continuity_first_v2_1,196.0,220.0,3.981041902330691,2.672603475397747,-0.2943450715862357,0.24898408353328705,0.03563440782283435,1.0,241.0,196.0,193.95443471870294,-1.0059949084331947,2.0455652812970584,0.0,7.685864515609563,241,244,214,230,255,271,True,True,,accepted,194.0,False,,False,0,201.0,False,194.0
flow10,274,0,0.25,128.0,19,242.00224074983566,198.0,194.0,213.0,215.0,high_confidence,0.9311769639108943,high_confidence,0.9311769639108943,high_confidence,0.9993361620922518,strong_evidence,0.9998411842475232,True,True,242.0,42456.375,11332.8134765625,3315.65087890625,9.386863291742097,-0.0022407498356642463,3.5275590551181097,16.0,226,260,0.003754158597530477,strong_evidence,0.9988313950248697,True,True,3.4406111678264146,58911.83925149476,2101.3194091760834,28.035642270393247,14727.95981287369,46,persistent_core_paired_edge_continuity_first_v2_1,194.0,240.0,15.935868269002613,11.050093495896137,4.696377342688774,0.405802384018898,0.013451030008986052,1.0,242.0,194.0,193.97590388881667,-0.0022407498356642463,0.024096111183325775,0.0,9.386863291742097,241,244,214,230,255,271,True,True,,accepted,194.0,False,,False,0,201.0,False,194.0
flow10,275,0,0.25,128.0,19,242.00092351982317,198.0,194.0,213.0,215.0,high_confidence,0.5,high_confidence,0.5,high_confidence,0.8079283058931208,strong_evidence,0.764178651516968,True,True,242.0,42292.76953125,15627.2470703125,7609.43115234375,3.5042727803279172,-0.0009235198231749564,3.5275590551181097,16.0,226,260,0.00131723001248929,strong_evidence,0.8541826524040688,True,True,3.4406111678264146,51238.71752391065,9696.568864562692,5.284211171971239,38786.27545825077,13,persistent_core_paired_edge_continuity_first_v2_1,196.0,209.0,4.273629837285264,3.212117119088711,0.14677355198154599,0.18379002809524536,0.20289763623803106,1.0,242.0,196.0,193.9883286466004,-0.0009235198231749564,2.0116713533996062,0.0,3.5042727803279172,241,244,214,230,255,271,True,True,,accepted,194.0,False,,False,0,201.0,False,194.0
flow10,276,0,0.25,128.0,19,242.00096813116596,209.0,194.0,213.0,215.0,high_confidence,0.5585113989662107,high_confidence,0.5585113989662107,high_confidence,0.9825114607748678,strong_evidence,0.965569958279558,True,True,242.0,44432.07421875,13471.66796875,5533.86181640625,5.594719795534401,-0.0009681311659619496,3.5275590551181097,16.0,226,260,0.001477324778363709,strong_evidence,0.9997502120653969,True,True,3.4406111678264146,58600.98442339693,9266.47362757219,6.323978978263207,37065.89451028876,16,persistent_core_paired_edge_continuity_first_v2_1,196.0,212.0,3.784936595950509,2.3367888136598474,0.24194277973065098,0.41725632548332214,0.08460122805551488,1.0,242.0,194.0,193.99484474898966,-0.0009681311659619496,0.005155251010336315,0.0,5.594719795534401,241,244,214,230,255,271,True,True,,accepted,195.0,False,,False,0,201.0,False,195.0
flow10,277,0,0.25,128.0,19,242.00244545594433,200.0,194.0,213.0,215.0,model_assisted,0.0472998605221786,model_assisted,0.0472998605221786,model_assisted,0.6203233904065273,strong_evidence,0.7628232559544199,True,True,242.0,48661.0625,16827.734375,9114.490234375,3.4926065316238586,-0.0024454559443256585,3.5275590551181097,16.0,226,260,0.004268266203382609,weak_evidence,0.5044433368827987,True,False,3.4406111678264146,53133.7706630194,4316.719909015176,12.308829802010811,17266.879636060705,62,persistent_core_paired_edge_continuity_first_v2_1,195.0,257.0,6.738701593284418,4.442296536056329,2.5136247980077426,0.3841313198208809,0.21868351056735646,1.0,242.0,188.0,193.9979334618194,-0.0024454559443256585,-5.9979334618194,1.0,3.4926065316238586,241,244,214,230,255,271,True,True,UPPER_SEED_TRAJECTORY_OUTLIER;Z_EDGE_EVIDENCE_WEAK;Z_CONTINUITY_REJECTED_CONTINUITY,rejected_continuity,195.0,False,,True,0,202.0,False,195.0
flow10,278,0,0.25,128.0,19,242.0067137221477,207.0,194.0,213.0,215.0,model_assisted,0.3562348011248295,model_assisted,0.3562348011248295,model_assisted,0.9087847859257611,strong_evidence,0.9995240816656246,True,True,242.0,47330.98046875,11791.8408203125,3670.99853515625,9.681055251885256,-0.006713722147708268,3.5275590551181097,16.0,226,260,0.010218202826081324,weak_evidence,0.8262830303736695,True,False,3.4406111678264146,62381.15185546759,4271.437262648148,14.60425332731994,17085.749050592593,63,persistent_core_paired_edge_continuity_first_v2_1,192.0,255.0,6.408521418086217,3.485921912767084,3.359430752601426,0.5354553610086441,0.15702972746884084,1.0,242.0,191.0,193.9992530833881,-0.006713722147708268,-2.999253083388112,1.0,9.681055251885256,241,244,214,230,255,271,True,True,UPPER_SEED_TRAJECTORY_OUTLIER;Z_EDGE_EVIDENCE_WEAK;Z_CONTINUITY_REJECTED_CONTINUITY,rejected_continuity,195.0,False,,True,0,203.0,False,195.0
flow10,279,0,0.25,128.0,19,242.0169319249738,203.0,194.0,213.0,215.0,high_confidence,0.5570615561865674,high_confidence,0.5570615561865674,high_confidence,0.9454790253111359,strong_evidence,0.8939409631162474,True,True,243.0,46201.31640625,16791.64453125,5279.0078125,5.571060494618277,0.9830680750262104,3.5275590551181097,16.0,226,260,0.021796270131176243,strong_evidence,0.999988393178767,True,True,3.4406111678264146,60433.344076787456,5670.2463716028515,10.657975000776608,22680.985486411406,31,persistent_core_paired_edge_continuity_first_v2_1,194.0,225.0,7.841047835722615,5.848716660203442,2.2382922653035897,0.32228343188762665,0.016093513522503742,1.0,243.0,194.0,193.99976039542852,0.9830680750262104,0.00023960457147609304,0.0,5.571060494618277,241,244,214,230,255,271,True,True,,accepted,195.0,False,,False,0,203.0,False,195.0
flow10,280,0,0.25,128.0,19,242.03872819510497,199.0,194.0,213.0,215.0,model_assisted,0.019728357913620327,model_assisted,0.019728357913620327,model_assisted,0.0,strong_evidence,0.9972515350358341,True,True,242.0,47579.2734375,14359.0234375,4304.3828125,7.717773127317542,-0.038728195104965835,3.5275590551181097,16.0,226,260,0.04190086646855207,weak_evidence,0.0,True,False,3.4406111678264146,56792.10163078277,5132.959712375434,11.06420171073201,20531.838849501735,35,persistent_core_paired_edge_continuity_first_v2_1,192.0,227.0,5.244173600173714,4.300583500479348,0.9013604194768027,-0.07748343795537949,0.2642660008314214,1.0,242.0,183.0,193.9999168941829,-0.038728195104965835,-10.999916894182888,1.0,7.717773127317542,241,244,214,230,255,271,True,True,UPPER_SEED_TRAJECTORY_OUTLIER;Z_EDGE_EVIDENCE_WEAK;Z_CONTINUITY_REJECTED_CONTINUITY,rejected_continuity,194.0,False,,True,0,202.0,False,194.0
flow10,281,0,0.25,128.0,19,242.08062906157352,204.0,194.0,213.0,215.0,high_confidence,0.7227174772232539,high_confidence,0.7227174772232539,high_confidence,0.9971285535932584,strong_evidence,0.9942693550664675,True,True,242.0,46406.21875,12546.955078125,4684.86328125,7.2273749817605735,-0.0806290615735179,3.5275590551181097,16.0,226,260,0.07266907843649051,strong_evidence,0.9999959742543973,True,True,3.4406111678264146,57682.37909427078,5711.77352537871,10.098856132508553,22847.09410151484,30,persistent_core_paired_edge_continuity_first_v2_1,195.0,225.0,5.4197018874030505,3.9931297272370676,-1.5308019570007294,0.509041141718626,0.007444424056371334,1.0,242.0,194.0,193.9999168941829,-0.0806290615735179,8.310581711157283e-05,0.0,7.2273749817605735,241,244,214,230,255,271,True,True,,accepted,194.0,False,,False,0,202.0,False,194.0
flow10,282,0,0.25,128.0,19,242.15329814001,200.0,194.0,213.0,215.0,high_confidence,0.5486014345667466,high_confidence,0.5486014345667466,high_confidence,0.9316464558923098,strong_evidence,0.914620296056458,True,True,241.0,43667.1015625,14848.966796875,3763.651611328125,7.656961308237453,-1.1532981400100084,3.5275590551181097,16.0,226,260,0.11381918831966686,strong_evidence,0.9489895670575885,True,True,3.4406111678264146,53350.20831239304,6629.072205645897,8.047914799744577,26516.28882258359,28,persistent_core_paired_edge_continuity_first_v2_1,195.0,223.0,6.057307952879101,4.437062024004311,0.08841559170410469,0.25292762368917465,0.026874572883526213,1.0,241.0,195.0,193.99976039542852,-1.1532981400100084,1.000239604571476,0.0,7.656961308237453,241,244,214,230,255,271,True,True,,accepted,194.0,False,,False,0,202.0,False,194.0
flow10,283,0,0.25,128.0,19,242.26711732832968,200.0,194.0,213.0,215.0,high_confidence,0.6852246921542204,high_confidence,0.6852246921542204,high_confidence,0.9076215110357474,strong_evidence,0.8238060213595622,True,True,240.0,40865.03125,10261.154296875,4465.16455078125,6.8539191792540715,-2.2671173283296753,3.5275590551181097,16.0,226,260,0.16115727227290222,strong_evidence,0.9999645376897094,True,True,3.4406111678264146,51621.93063139297,771.2562060174536,66.93227260750854,12905.482657848243,26,persistent_core_paired_edge_continuity_first_v2_1,194.0,220.0,25.965988016728005,17.347548824067687,-3.5145874898636342,0.2529878318309784,0.01908788451536817,1.0,240.0,194.0,193.99926795383573,-2.2671173283296753,0.0007320461642734699,0.0,6.8539191792540715,241,244,214,230,255,271,True,True,,accepted,194.0,False,,False,0,202.0,False,194.0
flow10,284,0,0.25,128.0,19,242.42827460060258,201.0,194.0,213.0,215.0,high_confidence,0.7160506379802157,high_confidence,0.7160506379802157,high_confidence,0.9205534794871605,strong_evidence,0.8930592521307731,True,True,241.0,44028.05859375,12083.927734375,3039.149658203125,10.510877861231004,-1.4282746006025775,3.5275590551181097,16.0,226,260,0.2064571833590776,strong_evidence,0.9488941596809393,True,True,3.4406111678264146,59987.728730718125,1814.791356610035,33.05489003582927,14996.932182679531,37,persistent_core_paired_edge_continuity_first_v2_1,195.0,232.0,23.052239190620032,17.16128646065757,6.031648998118008,0.4399034082889557,0.03208891436448288,1.0,241.0,195.0,193.99798682674134,-1.4282746006025775,1.0020131732586606,0.0,10.510877861231004,241,244,214,230,255,271,True,True,,accepted,194.0,False,,False,0,202.0,False,194.0
flow10,285,0,0.25,128.0,19,242.63473178396166,200.0,194.0,213.0,215.0,model_assisted,3.8558858279629273e-146,model_assisted,3.8558858279629273e-146,model_assisted,0.0,strong_evidence,0.8765223131460688,True,True,241.0,40476.7421875,16964.384765625,3489.2021484375,6.738605681646755,-1.634731783961655,3.5275590551181097,16.0,226,260,0.2394702325780429,unavailable,0.0,False,False,3.4406111678264146,40859.84777707442,10996.507775167915,3.715711261473691,43986.03110067166,0,persistent_core_paired_edge_continuity_first_v2_1,,,,,,,,,241.0,,193.99500496535592,-1.634731783961655,,1.0,6.738605681646755,242,245,215,231,256,272,True,True,NO_VALID_UPPER_COMPONENT;Z_EDGE_EVIDENCE_UNAVAILABLE;Z_CONTINUITY_NO_CANDIDATE,no_candidate,,False,,True,0,201.0,False,194.0
flow10,286,0,0.25,128.0,19,242.8742020165397,202.0,194.0,213.0,215.0,high_confidence,0.5,high_confidence,0.5,high_confidence,0.8397538689190636,strong_evidence,0.9359966183329113,True,True,242.0,47457.84375,14391.43359375,4545.29150390625,7.274871177752304,-0.874202016539698,3.5275590551181097,16.0,226,260,0.25159596692063246,strong_evidence,0.7534071668127738,True,True,3.4406111678264146,59801.33978393761,13304.81485713871,4.494714163711278,53219.25942855484,4,persistent_core_paired_edge_continuity_first_v2_1,201.0,205.0,2.0069567613982198,0.8708002928883841,0.8146964913093733,0.30672799050807953,0.10831093653784687,1.0,242.0,193.0,193.98878106450172,-0.874202016539698,-0.9887810645017225,0.0,7.274871177752304,242,245,215,231,256,272,True,True,,accepted,194.0,False,,False,0,200.0,False,194.0
flow10,287,0,0.25,128.0,19,243.12579798346033,206.0,194.0,213.0,215.0,high_confidence,0.5,high_confidence,0.5,high_confidence,0.9205906491087238,strong_evidence,0.916748704723496,True,True,242.0,49622.7734375,14708.791015625,4692.357421875,7.44060592211321,-1.1257979834603304,3.5275590551181097,16.0,227,261,0.25159596692063246,strong_evidence,0.924448694456607,True,True,3.4406111678264146,54806.76235017725,9843.296291335875,5.5679277274644745,39373.1851653435,19,persistent_core_paired_edge_continuity_first_v2_1,196.0,215.0,4.277828579635891,3.1492555699402978,0.9026475389366867,0.09202530980110168,0.019497821052228023,1.0,242.0,195.0,193.97707879468095,-1.1257979834603304,1.0229212053190508,0.0,7.44060592211321,242,245,215,231,256,272,True,True,,accepted,194.0,False,,False,0,200.0,False,194.0
flow10,288,0,0.25,128.0,19,243.36526821603834,206.0,194.0,213.0,215.0,model_assisted,0.07197678942794274,model_assisted,0.07197678942794274,model_assisted,0.6211514473241913,strong_evidence,0.8765223131460688,True,True,245.0,49897.0390625,16259.666015625,2722.82080078125,12.353869574238429,1.634731783961655,3.5275590551181097,16.0,227,261,0.23947023257801447,weak_evidence,0.44018174406547106,True,False,3.4406111678264146,60990.36785405784,13337.356106286345,4.572897909302356,53349.42442514538,5,persistent_core_paired_edge_continuity_first_v2_1,204.0,209.0,3.2518961739166246,2.2157630256704857,0.15176543937123088,0.23860636353492737,0.14683384139822478,1.0,245.0,188.0,193.9571570371719,1.634731783961655,-5.957157037171896,1.0,12.353869574238429,242,245,215,231,256,272,True,True,UPPER_SEED_TRAJECTORY_OUTLIER;Z_EDGE_EVIDENCE_WEAK;Z_CONTINUITY_REJECTED_CONTINUITY,rejected_continuity,195.0,False,,True,0,200.0,False,195.0
flow10,289,0,0.25,128.0,19,243.57172539939745,201.0,194.0,213.0,215.0,model_assisted,0.3770312801858877,model_assisted,0.3770312801858877,model_assisted,0.8927644995901198,strong_evidence,0.958625593924175,True,True,243.0,46847.66015625,12175.5146484375,2756.893310546875,12.576527852989244,-0.5717253993974509,3.5275590551181097,16.0,227,261,0.206457183359106,weak_evidence,0.8314283040010719,True,False,3.4406111678264146,59362.33020312791,4781.244797294308,12.415664271513743,19124.979189177233,48,persistent_core_paired_edge_continuity_first_v2_1,191.0,239.0,6.882569063945345,4.430554226501243,1.4588977242085042,0.28312505781650543,0.08251096476987796,1.0,243.0,191.0,193.9262813709821,-0.5717253993974509,-2.9262813709821103,1.0,12.576527852989244,243,246,216,232,257,273,True,True,UPPER_SEED_TRAJECTORY_OUTLIER;Z_EDGE_EVIDENCE_WEAK;Z_CONTINUITY_REJECTED_CONTINUITY,rejected_continuity,195.0,False,,True,0,201.0,False,195.0
flow10,290,0,0.25,128.0,19,243.73288267167032,199.0,194.0,213.0,215.0,high_confidence,0.5,high_confidence,0.5,high_confidence,0.8869696203297465,strong_evidence,0.8235398491210039,True,True,244.0,47399.55859375,12477.677734375,8256.8564453125,4.2294402343885364,0.2671173283296753,3.5275590551181097,16.0,227,261,0.1611572722728738,strong_evidence,0.9552848088985447,True,True,3.4406111678264146,63594.01894289801,2462.4141115678617,25.825883081220077,15898.504735724502,62,persistent_core_paired_edge_continuity_first_v2_1,193.0,255.0,15.87760047795742,12.067168197255238,-0.8798585246158176,0.3500101566314697,0.040143850733114196,1.0,244.0,193.0,193.8824247906263,0.2671173283296753,-0.8824247906262883,0.0,4.2294402343885364,243,246,216,232,257,273,True,True,,accepted,195.0,False,,False,0,201.0,False,195.0
flow10,291,0,0.25,128.0,19,243.84670185998996,203.0,194.0,213.0,215.0,high_confidence,0.5,high_confidence,0.5,high_confidence,0.8937603372178712,strong_evidence,0.8335401697157896,True,True,246.0,48131.8828125,12489.005859375,5809.7607421875,6.134999104920918,2.153298140010037,3.5275590551181097,16.0,227,261,0.11381918831963844,strong_evidence,0.9583311871534284,True,True,3.4406111678264146,61186.78758520051,5321.213605026976,11.498652774885235,21284.854420107906,38,persistent_core_paired_edge_continuity_first_v2_1,193.0,231.0,7.675175558105513,5.494621385067283,0.567726313393928,0.1498693823814392,0.014348041358169595,1.0,246.0,193.0,193.82485155566354,2.153298140010037,-0.8248515556635425,0.0,6.134999104920918,243,246,216,232,257,273,True,True,,accepted,194.0,False,,False,0,201.0,False,194.0
flow10,292,0,0.25,128.0,19,243.9193709384265,198.0,194.0,213.0,215.0,high_confidence,0.5,high_confidence,0.5,high_confidence,0.949396927390648,strong_evidence,0.9942693550664695,True,True,244.0,50997.4375,12888.2392578125,5691.9345703125,6.69529801711955,0.08062906157348948,3.5275590551181097,16.0,227,261,0.07266907843654735,strong_evidence,0.9065496398393424,True,True,3.4406111678264146,57487.52134422567,6528.804110633418,8.805214610528159,26115.21644253367,45,persistent_core_paired_edge_continuity_first_v2_1,192.0,237.0,7.369612786597569,5.510052205274193,2.3555408576934544,0.2840006649494171,3.623390157551847e-05,1.0,244.0,192.0,193.7544933558787,0.08062906157348948,-1.754493355878708,0.0,6.69529801711955,243,246,216,232,257,273,True,True,,accepted,193.0,False,,False,0,201.0,False,193.0
flow10,293,0,0.25,128.0,19,243.96127180489506,202.0,194.0,213.0,215.0,high_confidence,0.5,high_confidence,0.5,high_confidence,0.8925034837654389,strong_evidence,0.8647145057048016,True,True,244.0,48250.18359375,13986.2138671875,7595.39501953125,4.511150458725859,0.03872819510493741,3.5275590551181097,16.0,227,261,0.04190086646855207,strong_evidence,0.9211855049016344,True,True,3.4406111678264146,62405.67961462712,12675.356068978903,4.923386710007775,50701.42427591561,7,persistent_core_paired_edge_continuity_first_v2_1,198.0,205.0,4.113999098787748,2.94768824264367,-0.24491480233729518,0.3500904142856598,0.029187194028781362,1.0,244.0,194.0,193.6741019175567,0.03872819510493741,0.32589808244330243,0.0,4.511150458725859,243,246,216,232,257,273,True,True,,accepted,193.0,False,,False,0,201.0,False,193.0
flow10,294,0,0.25,128.0,19,243.98306807502624,203.0,194.0,213.0,215.0,high_confidence,0.5,high_confidence,0.5,high_confidence,0.9266726754480004,strong_evidence,0.8846899924081151,True,True,243.0,48242.04296875,10037.642578125,7001.8203125,5.456352589114661,-0.9830680750262388,3.5275590551181097,16.0,227,261,0.021796270131176243,strong_evidence,0.9706476333981395,True,True,3.4406111678264146,51672.845691471004,2823.2583941708367,18.302556293876464,12918.211422867751,65,persistent_core_paired_edge_continuity_first_v2_1,193.0,258.0,12.03067129975553,8.445990280067607,2.345099729998194,0.19829168915748596,0.05204016481703595,1.0,243.0,193.0,193.58832871314362,-0.9830680750262388,-0.5883287131436248,0.0,5.456352589114661,243,246,216,232,257,273,True,True,,accepted,193.0,False,,False,0,201.0,False,193.0
flow10,295,0,0.25,128.0,19,243.99328627785232,199.0,194.0,213.0,215.0,high_confidence,0.6313789201543273,high_confidence,0.6313789201543273,high_confidence,0.9651710475716334,strong_evidence,0.9995240816656266,True,True,244.0,48917.73828125,13167.4248046875,2876.852783203125,12.426883184741083,0.006713722147679846,3.5275590551181097,16.0,227,261,0.010218202826081324,strong_evidence,0.9319987063424849,True,True,3.4406111678264146,61784.2780840048,11802.042150347857,5.235049773329589,47208.16860139143,25,persistent_core_paired_edge_continuity_first_v2_1,195.0,220.0,3.884129376761414,2.738799813398958,0.016518030232655204,0.21504360437393188,0.003966136258225704,1.0,244.0,194.0,193.50349910482163,0.006713722147679846,0.4965008951783716,0.0,12.426883184741083,243,246,216,232,257,273,True,True,,accepted,193.0,False,,False,0,201.0,False,193.0
flow10,296,0,0.25,128.0,19,243.99759915539843,210.0,193.0,212.0,214.0,model_assisted,1.4836423958806952e-145,model_assisted,1.4836423958806952e-145,model_assisted,0.0,strong_evidence,0.9998298363790912,True,True,244.0,48398.7578125,15783.7998046875,5272.603515625,6.185740670839425,0.002400844601567087,3.5275590551181097,16.0,227,261,0.004312877546112759,unavailable,0.0,False,False,3.4406111678264146,51846.388040366786,3944.0223468727077,13.145561429558532,15776.08938749083,67,persistent_core_paired_edge_continuity_first_v2_1,190.0,257.0,,,,,,,244.0,,193.42657244365722,0.002400844601567087,,1.0,6.185740670839425,243,246,216,232,257,273,True,True,NO_VALID_UPPER_COMPONENT;Z_EDGE_EVIDENCE_UNAVAILABLE;Z_CONTINUITY_NO_CANDIDATE,no_candidate,,False,,True,0,201.0,False,193.0
flow10,297,0,0.25,128.0,19,243.99923657494273,210.0,193.0,212.0,214.0,high_confidence,0.5,high_confidence,0.5,high_confidence,0.8760740529103644,strong_evidence,0.9999458941934942,True,True,244.0,49103.26953125,13571.03515625,4384.05322265625,8.104882073824689,0.0007634250572721157,3.5275590551181097,16.0,227,261,0.0016374195442949713,strong_evidence,0.7675472749471345,True,True,3.4406111678264146,61551.23159600371,13724.434374510602,4.4847918621927585,54897.73749804241,4,persistent_core_paired_edge_continuity_first_v2_1,208.0,212.0,4.275233758114591,3.255316392315475,0.30798609771367386,0.20661750435829163,0.010097527251296493,1.0,244.0,194.0,193.3630409970581,0.0007634250572721157,0.636959002941893,0.0,8.104882073824689,243,246,216,232,257,273,True,True,,accepted,193.0,False,,False,0,201.0,False,193.0
flow10,298,0,0.25,128.0,19,243.9997952938913,196.0,193.0,212.0,214.0,high_confidence,0.5,high_confidence,0.5,high_confidence,0.9652755419127956,strong_evidence,0.9999854922631759,True,True,244.0,48213.93359375,10472.60546875,5125.705078125,7.363148591218967,0.00020470610868983385,3.5275590551181097,16.0,227,261,0.0005587189485822819,strong_evidence,0.9317703896946354,True,True,3.4406111678264146,63018.01665978654,6185.759703476491,10.187595328730511,24743.038813905965,40,persistent_core_paired_edge_continuity_first_v2_1,192.0,232.0,5.6940898500629595,3.9766759160244662,-0.6071200242255381,0.2520519942045212,0.03665208696776589,1.0,244.0,192.0,193.3145929790912,0.00020470610868983385,-1.314592979091202,0.0,7.363148591218967,243,246,216,232,257,273,True,True,,accepted,194.0,False,,False,0,200.0,False,194.0
flow10,299,0,0.25,128.0,19,243.99995538865724,198.0,193.0,212.0,214.0,model_assisted,0.21668450829533256,model_assisted,0.21668450829533256,model_assisted,0.9219908567188514,strong_evidence,0.9999968383652418,True,True,244.0,48883.0,11299.916015625,6239.04150390625,6.0238554208758375,4.461134275857148e-05,3.5275590551181097,16.0,227,261,0.00016009476593126237,weak_evidence,0.850069827483475,True,False,3.4406111678264146,60773.57178655194,12362.71510787491,4.915875781028057,49450.86043149964,14,persistent_core_paired_edge_continuity_first_v2_1,195.0,209.0,2.6669204979150187,1.6970777786186735,0.48529318977106034,0.12405425310134888,0.1441906219407656,1.0,244.0,195.0,193.27794655440215,4.461134275857148e-05,1.722053445597851,1.0,6.0238554208758375,243,246,216,232,257,273,True,True,UPPER_SEED_TRAJECTORY_OUTLIER;Z_EDGE_EVIDENCE_WEAK;Z_CONTINUITY_REJECTED_CONTINUITY,rejected_continuity,194.0,False,,True,0,199.0,False,194.0
flow10,300,0,0.25,128.0,19,244.0,203.0,193.0,212.0,214.0,high_confidence,0.5,high_confidence,0.5,high_confidence,0.7841005752335383,strong_evidence,0.882867111170142,True,True,244.0,49266.1171875,13033.595703125,7747.41162109375,4.676726015915472,0.0,3.5275590551181097,16.0,228,261,4.461134275857148e-05,strong_evidence,0.6963830731747369,True,True,3.4406111678264146,56408.804384859235,12393.857737908646,4.551351611235916,49575.43095163458,3,persistent_core_paired_edge_continuity_first_v2_1,202.0,205.0,3.0887327828119115,2.2846226050706697,-0.4429664778302372,0.20456555485725403,0.01221363141868144,1.0,244.0,194.0,193.24582262635857,0.0,0.7541773736414257,0.0,4.676726015915472,243,246,216,232,257,273,True,True,,accepted,194.0,False,,False,0,200.0,False,194.0
flow10,301,0,0.25,128.0,19,244.0,203.0,193.0,212.0,214.0,model_assisted,0.0464276675527347,model_assisted,0.0464276675527347,model_assisted,0.0,strong_evidence,0.9264226511541201,True,True,243.0,48924.9140625,9636.23046875,3382.560546875,11.615071792298618,-1.0,3.5275590551181097,16.0,228,261,0.0,weak_evidence,0.0,True,False,3.4406111678264146,52788.1701687677,5346.734161515748,9.87297452503282,21386.936646062994,80,persistent_core_paired_edge_continuity_first_v2_1,188.0,268.0,3.340525475026203,1.690171690702879,-0.10266046599728468,0.1743679642677307,0.2590475437598373,1.0,243.0,184.0,193.2095791419765,-1.0,-9.20957914197649,1.0,11.615071792298618,243,246,216,232,257,273,True,True,UPPER_SEED_TRAJECTORY_OUTLIER;Z_EDGE_EVIDENCE_WEAK;Z_CONTINUITY_REJECTED_CONTINUITY,rejected_continuity,194.0,False,,True,0,200.0,False,194.0
flow10,302,0,0.25,128.0,19,244.0,198.0,193.0,212.0,214.0,model_assisted,1.017695487583111e-145,model_assisted,1.017695487583111e-145,model_assisted,0.0,strong_evidence,1.0,True,True,244.0,46386.3515625,14165.203125,3133.082763671875,10.284167661034854,0.0,3.5275590551181097,16.0,228,261,0.0,unavailable,0.0,False,False,3.4406111678264146,57951.24058415857,13562.44020723857,4.272921369506111,54249.76082895428,0,persistent_core_paired_edge_continuity_first_v2_1,,,,,,,,,244.0,,193.16155065248995,0.0,,1.0,10.284167661034854,243,246,216,232,257,273,True,True,NO_VALID_UPPER_COMPONENT;Z_EDGE_EVIDENCE_UNAVAILABLE;Z_CONTINUITY_NO_CANDIDATE,no_candidate,,False,,True,0,199.0,False,194.0
flow10,303,0,0.25,128.0,19,244.0,203.0,193.0,212.0,214.0,high_confidence,0.6569608364928844,high_confidence,0.6569608364928844,high_confidence,0.9602706744744677,strong_evidence,0.9264226511541201,True,True,243.0,43472.8515625,12492.1396484375,4568.103515625,6.7819636328498945,-1.0,3.5275590551181097,16.0,228,261,0.0,strong_evidence,0.9953553781385736,True,True,3.4406111678264146,50155.19294287843,6498.9458013936055,7.717435177274962,25995.783205574422,27,persistent_core_paired_edge_continuity_first_v2_1,193.0,220.0,5.875763987048384,4.236588024058961,0.9422452294096632,0.2942782789468765,0.05143692153403304,1.0,243.0,193.0,193.0954373807935,-1.0,-0.0954373807934985,0.0,6.7819636328498945,243,246,216,232,257,273,True,True,,accepted,194.0,False,,False,0,200.0,False,194.0
flow10,304,0,0.25,128.0,19,244.0,209.0,193.0,212.0,214.0,model_assisted,2.398487868841356e-145,model_assisted,2.398487868841356e-145,model_assisted,0.0,strong_evidence,1.0,True,True,244.0,47367.63671875,14224.080078125,3239.4658203125,10.231179607700803,0.0,3.5275590551181097,16.0,228,261,0.0,unavailable,0.0,False,False,3.4406111678264146,55763.833399331,2308.541337934745,24.155440703183658,13940.95834983275,43,persistent_core_paired_edge_continuity_first_v2_1,187.0,230.0,,,,,,,244.0,,193.00487453711614,0.0,,1.0,10.231179607700803,243,246,216,232,257,273,True,True,NO_VALID_UPPER_COMPONENT;Z_EDGE_EVIDENCE_UNAVAILABLE;Z_CONTINUITY_NO_CANDIDATE,no_candidate,,False,,True,0,200.0,False,194.0
flow10,305,0,0.25,128.0,19,244.0,200.0,193.0,212.0,214.0,high_confidence,0.8007600955299019,high_confidence,0.8007600955299019,high_confidence,0.959742588178517,strong_evidence,0.9264226511541201,True,True,243.0,42526.48828125,14566.3779296875,3357.249267578125,8.328279529786762,-1.0,3.5275590551181097,16.0,228,261,0.0,strong_evidence,0.9942609179688146,True,True,3.4406111678264146,60038.35694383108,2306.8911276349672,26.025656878477232,15009.58923595777,42,persistent_core_paired_edge_continuity_first_v2_1,193.0,235.0,18.7342439228921,13.86395693002219,8.190805613571527,0.4040311425924301,0.0310931179004743,1.0,243.0,193.0,192.88220294262712,-1.0,0.11779705737288282,0.0,8.328279529786762,243,246,216,232,257,273,True,True,,accepted,194.0,False,,False,0,200.0,False,194.0
flow10,306,0,0.25,128.0,19,244.0,203.0,193.0,212.0,214.0,model_assisted,0.06573764864843479,model_assisted,0.06573764864843479,model_assisted,0.0,strong_evidence,0.8464737781779522,True,True,242.0,46292.1640625,13970.076171875,3213.5390625,10.058097089219684,-2.0,3.5275590551181097,16.0,228,261,0.0,weak_evidence,0.0,True,False,3.4406111678264146,55245.975861407525,9891.668155084419,5.585102026801266,39566.672620337675,18,persistent_core_paired_edge_continuity_first_v2_1,196.0,214.0,3.4713459599938292,2.3846295610248474,0.61792274756446,0.2839607447385788,0.13661701680486935,1.0,242.0,185.0,192.71970849836592,-2.0,-7.719708498365918,1.0,10.058097089219684,243,246,216,232,257,273,True,True,UPPER_SEED_TRAJECTORY_OUTLIER;Z_EDGE_EVIDENCE_WEAK;Z_CONTINUITY_REJECTED_CONTINUITY,rejected_continuity,193.0,False,,True,0,200.0,False,193.0
flow10,307,0,0.25,128.0,19,244.0,201.0,193.0,212.0,214.0,high_confidence,0.5382146215719971,high_confidence,0.5382146215719971,high_confidence,0.9602591614263988,strong_evidence,1.0,True,True,244.0,47886.2890625,13163.798828125,3931.076171875,8.83282050925344,0.0,3.5275590551181097,16.0,228,261,0.0,strong_evidence,0.9220976571033306,True,True,3.4406111678264146,63657.187162831775,9012.924608685646,7.062878025351075,36051.69843474258,36,persistent_core_paired_edge_continuity_first_v2_1,196.0,232.0,2.8563760018572606,1.4689808748659783,-0.05085516198039678,0.3295154422521591,0.021486863693780833,1.0,244.0,194.0,192.51383849719033,0.0,1.486161502809665,0.0,8.83282050925344,243,246,216,232,257,273,True,True,,accepted,193.0,False,,False,0,201.0,False,193.0
flow10,308,0,0.25,128.0,19,244.0,198.0,192.0,211.0,213.0,high_confidence,0.5234825551133828,high_confidence,0.5234825551133828,high_confidence,0.9814853904882829,strong_evidence,1.0,True,True,244.0,47088.9921875,15409.451171875,4744.74755859375,6.6767600645574054,0.0,3.5275590551181097,16.0,228,261,0.0,strong_evidence,0.9633135717419372,True,True,3.4406111678264146,52772.41386655171,6941.839312319146,7.602079433458014,27767.357249276585,39,persistent_core_paired_edge_continuity_first_v2_1,193.0,232.0,3.0396622454900544,1.8505339120151107,-0.34107594606959896,0.08262333273887634,0.009838029523941236,1.0,244.0,193.0,192.27010201176782,0.0,0.7298979882321817,0.0,6.6767600645574054,243,246,216,232,257,273,True,True,,accepted,193.0,False,,False,0,201.0,False,193.0
flow10,309,0,0.25,128.0,19,244.0,208.0,192.0,211.0,213.0,model_assisted,0.3078262333534837,model_assisted,0.3078262333534837,model_assisted,0.9087731821247663,strong_evidence,1.0,True,True,244.0,49815.4765625,13786.083984375,4298.5302734375,8.381793377323962,0.0,3.5275590551181097,16.0,228,261,0.0,weak_evidence,0.8258686965491736,True,False,3.4406111678264146,58461.157238502834,4715.229254106871,12.398370066012024,18860.917016427484,70,persistent_core_paired_edge_continuity_first_v2_1,189.0,259.0,5.20103455669699,2.7693128049932305,-0.23203004079736042,0.2614538371562958,0.18979742789002485,1.0,244.0,189.0,192.0050899142538,0.0,-3.0050899142538015,1.0,8.381793377323962,243,246,216,232,257,273,True,True,UPPER_SEED_TRAJECTORY_OUTLIER;Z_EDGE_EVIDENCE_WEAK;Z_CONTINUITY_REJECTED_CONTINUITY,rejected_continuity,193.0,False,,True,0,201.0,False,193.0
flow10,310,0,0.25,128.0,19,244.0,203.0,192.0,211.0,213.0,model_assisted,0.07183610670879641,model_assisted,0.07183610670879641,model_assisted,0.0,strong_evidence,1.0,True,True,244.0,47283.03125,9790.388671875,3950.46044921875,9.490701921984718,0.0,3.5275590551181097,16.0,228,261,0.0,weak_evidence,0.0,True,False,3.4406111678264146,60383.07994266605,2431.376467924497,24.834936398891383,15095.769985666513,57,persistent_core_paired_edge_continuity_first_v2_1,188.0,245.0,12.407312740702633,9.858521920752883,-1.146183034429523,-0.05457581579685211,0.17214336006466774,1.0,244.0,184.0,191.74328659495336,0.0,-7.743286594953361,1.0,9.490701921984718,243,246,216,232,257,273,True,True,UPPER_SEED_TRAJECTORY_OUTLIER;Z_EDGE_EVIDENCE_WEAK;Z_CONTINUITY_REJECTED_CONTINUITY,rejected_continuity,193.0,False,,True,0,201.0,False,193.0
flow10,311,0,0.25,128.0,19,244.0,198.0,192.0,211.0,213.0,high_confidence,0.6045712197774287,high_confidence,0.6045712197774287,high_confidence,0.9595594044378432,strong_evidence,1.0,True,True,244.0,49132.44921875,13121.9970703125,3103.428466796875,11.603441978350084,0.0,3.5275590551181097,16.0,228,261,0.0,strong_evidence,0.9207542506451083,True,True,3.4406111678264146,56225.570102673184,3383.501355652549,16.61756984631957,14056.392525668296,63,persistent_core_paired_edge_continuity_first_v2_1,190.0,253.0,7.42430425604131,4.351814116922641,-0.6458725063392019,0.2894189730286598,0.09442704654512561,1.0,244.0,190.0,191.5097073995742,0.0,-1.5097073995742107,0.0,11.603441978350084,243,246,216,232,257,273,True,True,,accepted,193.0,False,,False,0,201.0,False,193.0
flow10,312,0,0.25,128.0,19,244.0,194.0,191.0,210.0,212.0,model_assisted,0.020052541883615233,model_assisted,0.020052541883615233,model_assisted,0.0,strong_evidence,0.9264226511541201,True,True,245.0,47673.79296875,11255.7353515625,5819.228515625,6.258227790746263,1.0,3.5275590551181097,16.0,228,261,0.0,weak_evidence,0.0,True,False,3.4406111678264146,61998.86881392858,6527.478563087495,9.498134419702044,26109.91425234998,39,persistent_core_paired_edge_continuity_first_v2_1,181.0,220.0,3.9372074041826886,2.751859167639619,0.8650627355626371,-0.06606972217559814,0.17033819425970956,1.0,245.0,181.0,191.32213392263537,1.0,-10.322133922635373,1.0,6.258227790746263,243,246,216,232,257,273,True,True,UPPER_SEED_TRAJECTORY_OUTLIER;Z_EDGE_EVIDENCE_WEAK;Z_CONTINUITY_REJECTED_CONTINUITY,rejected_continuity,193.0,False,,True,0,201.0,False,193.0
flow10,313,0,0.25,128.0,19,244.0,195.0,191.0,210.0,212.0,model_assisted,0.21786767396285037,model_assisted,0.21786767396285037,model_assisted,0.8677262465351879,strong_evidence,0.9264226511541201,True,True,245.0,48076.703125,18767.041015625,4650.146484375,6.302954586024046,1.0,3.5275590551181097,16.0,228,261,0.0,weak_evidence,0.8127487362145519,True,False,3.4406111678264146,52693.08415800296,5434.420877602607,9.696172847997834,21737.68351041043,42,persistent_core_paired_edge_continuity_first_v2_1,188.0,230.0,6.094159831325549,4.257784997822878,-0.39001760247659895,0.24983954429626465,0.07189195265826691,1.0,245.0,188.0,191.18690243911107,1.0,-3.1869024391110656,1.0,6.302954586024046,243,246,216,232,257,273,True,True,UPPER_SEED_TRAJECTORY_OUTLIER;Z_EDGE_EVIDENCE_WEAK;Z_CONTINUITY_REJECTED_CONTINUITY,rejected_continuity,193.0,False,,True,0,201.0,False,193.0
flow10,314,0,0.25,128.0,19,244.0,203.0,191.0,210.0,212.0,high_confidence,0.9637848808498796,high_confidence,0.9637848808498796,high_confidence,0.9601665096765334,strong_evidence,0.9264226511541201,True,True,245.0,49112.2578125,14023.517578125,3521.5390625,9.96403550028064,1.0,3.5275590551181097,16.0,228,261,0.0,strong_evidence,0.9951394486694662,True,True,3.4406111678264146,65103.41534540347,8171.379931774738,7.9672486029252205,32685.519727098952,21,persistent_core_paired_edge_continuity_first_v2_1,192.0,213.0,4.050353515046703,2.811838095617976,0.3265693481056888,0.09314146637916565,0.07294770128098244,1.0,245.0,191.0,191.09985268751925,1.0,-0.09985268751924536,0.0,9.96403550028064,243,246,216,232,257,273,True,True,,accepted,193.0,False,,False,0,202.0,False,193.0
flow10,315,0,0.25,128.0,19,244.0,207.0,191.0,210.0,212.0,model_assisted,0.4415289742351122,model_assisted,0.4415289742351122,model_assisted,0.9427241128597008,strong_evidence,1.0,True,True,244.0,50566.42578125,12624.64453125,4337.66259765625,8.747056829754559,0.0,3.5275590551181097,16.0,228,261,0.0,weak_evidence,0.88872875296711,True,False,3.4406111678264146,59295.835849248935,6762.794599976049,8.767948659783181,27051.178399904195,45,persistent_core_paired_edge_continuity_first_v2_1,192.0,237.0,4.5814105401702925,2.6067957479322565,1.116993885865948,0.4410797543823719,0.136101982639957,1.0,244.0,189.0,191.05093146829228,0.0,-2.0509314682922763,1.0,8.747056829754559,243,246,216,232,257,273,True,True,UPPER_SEED_TRAJECTORY_OUTLIER;Z_EDGE_EVIDENCE_WEAK;Z_CONTINUITY_REJECTED_CONTINUITY,rejected_continuity,193.0,False,,True,0,202.0,False,193.0
flow10,316,0,0.25,128.0,19,244.0,203.0,191.0,210.0,212.0,model_assisted,0.2646559128934612,model_assisted,0.2646559128934612,model_assisted,0.8737761701350626,strong_evidence,0.9264226511541201,True,True,245.0,47745.625,16451.05078125,4307.271484375,7.265521649209663,1.0,3.5275590551181097,16.0,228,261,0.0,weak_evidence,0.8241214682572394,True,False,3.4406111678264146,56503.343920756044,7710.635218878204,7.327975233793583,30842.540875512816,34,persistent_core_paired_edge_continuity_first_v2_1,189.0,223.0,3.6639495657406456,2.08952006032821,0.7202879519402712,0.36262039840221405,0.1318201674558431,1.0,245.0,188.0,191.02963922936317,1.0,-3.0296392293631698,1.0,7.265521649209663,243,246,216,232,257,273,True,True,UPPER_SEED_TRAJECTORY_OUTLIER;Z_EDGE_EVIDENCE_WEAK;Z_CONTINUITY_REJECTED_CONTINUITY,rejected_continuity,193.0,False,,True,0,202.0,False,193.0
flow10,317,0,0.25,128.0,19,244.0,206.0,191.0,210.0,212.0,high_confidence,0.729636817750269,high_confidence,0.729636817750269,high_confidence,0.9618330002376305,strong_evidence,0.9264226511541201,True,True,245.0,49133.3984375,13142.6015625,4885.36767578125,7.367060017492846,1.0,3.5275590551181097,16.0,228,261,0.0,strong_evidence,0.9985968274778483,True,True,3.4406111678264146,53302.908979638,4896.268894671534,10.886434165747309,19585.075578686137,44,persistent_core_paired_edge_continuity_first_v2_1,191.0,235.0,7.61159739889256,5.1501650914733474,0.35590497297462387,0.4163406565785408,0.052075732706127476,1.0,245.0,191.0,191.02892600013726,1.0,-0.0289260001372611,0.0,7.367060017492846,243,246,216,232,257,273,True,True,,accepted,193.0,False,,False,0,202.0,False,193.0
flow10,318,0,0.25,128.0,19,244.0,204.0,191.0,210.0,212.0,model_assisted,0.18738860105716781,model_assisted,0.18738860105716781,model_assisted,0.8625858748614773,strong_evidence,1.0,True,True,244.0,44231.48828125,16226.99609375,3878.506103515625,7.220432671774234,0.0,3.5275590551181097,16.0,228,261,0.0,weak_evidence,0.7440543915105402,True,False,3.4406111678264146,52306.509203754315,3149.866774514102,16.605943345595342,13076.627300938579,51,persistent_core_paired_edge_continuity_first_v2_1,187.0,238.0,3.0340358154202556,0.3716792403206537,8.70461359123621,0.3377209007740021,0.2201862934322417,1.0,244.0,187.0,191.04670156835277,0.0,-4.046701568352773,1.0,7.220432671774234,243,246,216,232,257,273,True,True,UPPER_SEED_TRAJECTORY_OUTLIER;Z_EDGE_EVIDENCE_WEAK;Z_CONTINUITY_REJECTED_CONTINUITY,rejected_continuity,191.0,False,,True,0,202.0,False,191.0
flow10,319,0,0.25,128.0,19,244.0,196.0,191.0,210.0,212.0,high_confidence,0.5,high_confidence,0.5,high_confidence,0.8442005662941559,strong_evidence,0.9337647358788522,True,True,244.0,46992.8125,14384.5849609375,6233.0556640625,5.231499491825416,0.0,3.5275590551181097,16.0,228,261,0.0,strong_evidence,0.7632271478539072,True,True,3.4406111678264146,53372.36671640289,11235.409924704833,4.7503711100959265,44941.63969881933,4,persistent_core_paired_edge_continuity_first_v2_1,195.0,199.0,2.083753654514163,1.13182929602982,-0.004100511357017149,0.14795780181884766,0.05253983103355758,1.0,244.0,190.0,191.08504065433098,0.0,-1.0850406543309816,0.0,5.231499491825416,243,246,216,232,257,273,True,True,,accepted,191.0,False,,False,0,202.0,False,191.0
flow10,320,0,0.25,128.0,19,244.0,202.0,191.0,210.0,212.0,model_assisted,0.12883361367979473,model_assisted,0.12883361367979473,model_assisted,0.6885855462147535,strong_evidence,1.0,True,True,244.0,50194.671875,13097.77734375,2283.1611328125,16.248040490051785,0.0,3.5275590551181097,16.0,228,261,0.0,weak_evidence,0.4741500544558705,True,False,3.4406111678264146,57196.79511250285,3935.2946275129625,14.53431077628112,15741.17851005185,56,persistent_core_paired_edge_continuity_first_v2_1,185.0,241.0,8.207351090162826,6.164276761770709,1.585805840071515,0.21372680366039276,0.21671956743208093,1.0,244.0,185.0,191.147700570756,0.0,-6.147700570756001,1.0,16.248040490051785,243,246,216,232,257,273,True,True,UPPER_SEED_TRAJECTORY_OUTLIER;Z_EDGE_EVIDENCE_WEAK;Z_CONTINUITY_REJECTED_CONTINUITY,rejected_continuity,191.0,False,,True,0,201.0,False,191.0
flow10,321,0,0.25,128.0,19,244.0,201.0,191.0,210.0,212.0,high_confidence,0.5,high_confidence,0.5,high_confidence,0.848848161725496,strong_evidence,0.9264226511541201,True,True,245.0,48998.99609375,14461.888671875,2245.325927734375,15.381779097310982,1.0,3.5275590551181097,16.0,228,261,4.461134275857148e-05,strong_evidence,0.7777694130935966,True,True,3.4406111678264146,57697.34407220104,12231.262644839398,4.717202610030179,48925.050579357594,13,persistent_core_paired_edge_continuity_first_v2_1,196.0,209.0,4.2772697392745975,3.21317357388302,-0.3476809140754893,0.3234797865152359,0.0035862124049626082,1.0,245.0,194.0,191.23676389592225,1.0,2.7632361040777482,0.0,15.381779097310982,243,246,216,232,257,273,True,True,,accepted,191.0,False,,False,0,202.0,False,191.0
flow10,322,0,0.25,128.0,19,244.00004461134276,207.0,191.0,210.0,212.0,high_confidence,0.5,high_confidence,0.5,high_confidence,0.9553238718968529,strong_evidence,0.9999968383652418,True,True,244.0,47609.27734375,12328.279296875,4354.359375,8.102454347116216,-4.461134275857148e-05,3.5275590551181097,16.0,228,262,0.00016009476590284066,strong_evidence,0.9126465856711619,True,True,3.4406111678264146,60094.01465407381,5181.304840981926,11.598239535870505,20725.219363927703,55,persistent_core_paired_edge_continuity_first_v2_1,193.0,248.0,7.299446261097238,5.190650327424145,-0.05692454102513528,0.20663750171661377,0.07724984872803768,1.0,244.0,193.0,191.34964240841776,-4.461134275857148e-05,1.6503575915822353,0.0,8.102454347116216,243,246,216,232,257,273,True,True,,accepted,191.0,False,,False,0,202.0,False,191.0
flow10,323,0,0.25,128.0,19,244.00020470610866,210.0,191.0,210.0,212.0,model_assisted,0.08378538458186996,model_assisted,0.08378538458186996,model_assisted,0.7131632806396332,strong_evidence,0.926406991180582,True,True,243.0,48824.48046875,12025.8662109375,4709.515625,7.813672824965413,-1.0002047061086614,3.5275590551181097,16.0,228,262,0.0005141076058237104,weak_evidence,0.5490047783475156,True,False,3.4406111678264146,59261.88749870888,11788.76568396862,5.026979845676151,47155.06273587448,14,persistent_core_paired_edge_continuity_first_v2_1,198.0,212.0,1.803840837144074,0.8460167183359273,0.37497856838353344,0.05587238073348999,0.015625029201921256,1.0,243.0,197.0,191.47783591024154,-1.0002047061086614,5.522164089758462,1.0,7.813672824965413,243,246,216,232,257,273,True,True,UPPER_SEED_TRAJECTORY_OUTLIER;Z_EDGE_EVIDENCE_WEAK;Z_CONTINUITY_REJECTED_CONTINUITY,rejected_continuity,191.0,False,,True,0,201.0,False,191.0
flow10,324,0,0.25,128.0,19,244.00071881371449,200.0,192.0,211.0,213.0,high_confidence,0.5,high_confidence,0.5,high_confidence,0.9162863766791249,strong_evidence,0.9999490559893295,True,True,244.0,50842.71875,12444.75390625,2734.280029296875,14.043172035171578,-0.0007188137144851225,3.5275590551181097,16.0,228,262,0.0014773247783921306,strong_evidence,0.8396234978761943,True,True,3.4406111678264146,55484.66019004486,12463.69396896666,4.451702707736251,49854.77587586664,8,persistent_core_paired_edge_continuity_first_v2_1,196.0,204.0,3.0305832784569215,1.8597081498756767,0.24151088274444302,0.2809327691793442,0.046849006092851427,1.0,244.0,193.0,191.60842493042884,-0.0007188137144851225,1.3915750695711608,0.0,14.043172035171578,243,246,216,232,257,273,True,True,,accepted,191.0,False,,False,0,201.0,False,191.0
flow10,325,0,0.25,128.0,19,244.00219613849288,204.0,192.0,211.0,213.0,high_confidence,0.9132567958224571,high_confidence,0.9132567958224571,high_confidence,0.9932181415128782,strong_evidence,0.9998443463744814,True,True,244.0,47805.27734375,14941.705078125,2041.95068359375,16.094204688521884,-0.002196138492877253,3.5275590551181097,16.0,228,262,0.0037987699402890485,strong_evidence,0.986635850077427,True,True,3.4406111678264146,61499.332381522254,7020.95674895052,8.759394848959163,28083.82699580208,29,persistent_core_paired_edge_continuity_first_v2_1,192.0,221.0,6.774391416170036,5.234677359756264,-0.1943460452181298,0.2416742444038391,0.011394631524745747,1.0,244.0,192.0,191.72778548407814,-0.002196138492877253,0.27221451592185986,0.0,16.094204688521884,243,246,216,232,257,273,True,True,,accepted,193.0,False,,False,0,202.0,False,193.0
flow10,326,0,0.25,128.0,19,244.00599490843317,203.0,192.0,211.0,213.0,model_assisted,2.398487868841356e-145,model_assisted,2.398487868841356e-145,model_assisted,0.0,strong_evidence,0.9259639322495209,True,True,243.0,49269.0859375,8009.583984375,3560.9755859375,11.586572543788611,-1.0059949084331663,3.5275590551181097,16.0,228,262,0.008740878047717615,unavailable,0.0,False,False,3.4406111678264146,56018.9436756747,4953.723496463067,11.308451857612145,19814.893985852268,72,persistent_core_paired_edge_continuity_first_v2_1,181.0,253.0,,,,,,,243.0,,191.8256623467292,-1.0059949084331663,,1.0,11.586572543788611,243,246,216,232,257,273,True,True,NO_VALID_UPPER_COMPONENT;Z_EDGE_EVIDENCE_UNAVAILABLE;Z_CONTINUITY_NO_CANDIDATE,no_candidate,,False,,True,0,203.0,False,193.0
flow10,327,0,0.25,128.0,19,244.01473578648088,206.0,192.0,211.0,213.0,high_confidence,0.531233827252543,high_confidence,0.531233827252543,high_confidence,0.9471499063439591,strong_evidence,0.9989551210318994,True,True,244.0,48307.7421875,17654.58203125,2958.14013671875,10.362308321961827,-0.014735786480883917,3.5275590551181097,16.0,228,262,0.017997500190858773,strong_evidence,0.8980312790835814,True,True,3.4406111678264146,51681.08437407396,3792.816639903055,13.62604346077614,15171.26655961222,44,persistent_core_paired_edge_continuity_first_v2_1,190.0,234.0,4.3138971385960225,1.492550755933541,1.8697182834351007,0.34076881408691406,0.16801509151573077,1.0,244.0,190.0,191.89765900607694,-0.014735786480883917,-1.8976590060769354,0.0,10.362308321961827,243,246,216,232,257,273,True,True,,accepted,193.0,False,,False,0,203.0,False,193.0
flow10,328,0,0.25,128.0,19,244.03273328667174,203.0,192.0,211.0,213.0,model_assisted,0.19235999572556975,model_assisted,0.19235999572556975,model_assisted,0.780187331668939,strong_evidence,0.9289233443592964,True,True,245.0,49574.28515625,15149.525390625,3085.637939453125,11.156448177366585,0.9672667133282573,3.5275590551181097,16.0,228,262,0.033159988420862874,weak_evidence,0.655266418045001,True,False,3.4406111678264146,53456.790503224576,8334.840861546667,6.413654608554192,33339.36344618667,30,persistent_core_paired_edge_continuity_first_v2_1,188.0,218.0,3.8716324469026255,2.142462047998244,0.9228889694979939,0.4411800354719162,0.12190065756988731,1.0,245.0,187.0,191.945160054381,0.9672667133282573,-4.945160054381006,1.0,11.156448177366585,243,246,216,232,257,273,True,True,UPPER_SEED_TRAJECTORY_OUTLIER;Z_EDGE_EVIDENCE_WEAK;Z_CONTINUITY_REJECTED_CONTINUITY,rejected_continuity,193.0,False,,True,0,203.0,False,193.0
flow10,329,0,0.25,128.0,19,244.0658932750926,197.0,192.0,211.0,213.0,model_assisted,0.2648640244794776,model_assisted,0.2648640244794776,model_assisted,0.9078801797180732,strong_evidence,0.9953191531305104,True,True,244.0,49018.5546875,14357.890625,4857.240234375,7.135876009838728,-0.06589327509260556,3.5275590551181097,16.0,228,262,0.05467157824566016,weak_evidence,0.828122736443355,True,False,3.4406111678264146,60824.70611299541,3255.9147798462764,18.681295496274373,15206.176528248852,53,persistent_core_paired_edge_continuity_first_v2_1,190.0,243.0,6.244000818117023,2.679911314841553,1.2655878141058015,0.35339898616075516,0.16574799472412474,1.0,244.0,189.0,191.97326588005853,-0.06589327509260556,-2.973265880058534,1.0,7.135876009838728,243,246,216,232,257,273,True,True,UPPER_SEED_TRAJECTORY_OUTLIER;Z_EDGE_EVIDENCE_WEAK;Z_CONTINUITY_REJECTED_CONTINUITY,rejected_continuity,193.0,False,,True,0,203.0,False,193.0
flow10,330,0,0.25,128.0,19,244.12056485333827,203.0,192.0,211.0,213.0,high_confidence,0.9960670342932931,high_confidence,0.9960670342932931,high_confidence,0.9252122664668493,strong_evidence,0.8565085222177602,True,True,246.0,48926.35546875,10356.50390625,3063.67626953125,12.5894018066084,1.8794351466617343,3.5275590551181097,16.0,228,262,0.08065919989877557,strong_evidence,0.9994269943797345,True,True,3.4406111678264146,54290.85466460718,5657.778997660405,9.595789211112246,22631.11599064162,62,persistent_core_paired_edge_continuity_first_v2_1,192.0,254.0,5.442299320031647,3.4637906345697806,0.6000033366949042,0.33248305320739746,0.0707544155348022,1.0,246.0,192.0,191.988177839535,1.8794351466617343,0.011822160464987519,0.0,12.5894018066084,243,246,216,232,257,273,True,True,,accepted,193.0,False,,False,0,203.0,False,193.0
flow10,331,0,0.25,128.0,19,244.20122405323704,197.0,192.0,211.0,213.0,model_assisted,0.36845975632823974,model_assisted,0.36845975632823974,model_assisted,0.8446629720850924,strong_evidence,0.8631567470893541,True,True,246.0,49518.03515625,13194.1748046875,3317.177001953125,10.95023278232525,1.7987759467629587,3.5275590551181097,16.0,228,262,0.10648569402724206,weak_evidence,0.826565439959151,True,False,3.4406111678264146,56189.819942010865,7028.832310485307,7.994189854008799,28115.32924194123,38,persistent_core_paired_edge_continuity_first_v2_1,189.0,227.0,4.826322451885392,3.284140205829278,0.6824268999531645,0.1526567041873932,0.08953902610929725,1.0,246.0,189.0,191.99527134821358,1.7987759467629587,-2.9952713482135778,1.0,10.95023278232525,243,246,216,232,257,273,True,True,UPPER_SEED_TRAJECTORY_OUTLIER;Z_EDGE_EVIDENCE_WEAK;Z_CONTINUITY_REJECTED_CONTINUITY,rejected_continuity,192.0,False,,True,0,204.0,False,192.0
flow10,332,0,0.25,128.0,19,244.30770974726428,196.0,192.0,211.0,213.0,model_assisted,0.0970270537848926,model_assisted,0.0970270537848926,model_assisted,0.0,strong_evidence,0.9496704890843366,True,True,245.0,48582.7890625,8354.484375,3152.666015625,12.76009082095077,0.6922902527357166,3.5275590551181097,16.0,228,262,0.12579798346033044,weak_evidence,0.0,True,False,3.4406111678264146,60962.10543627275,1286.6726721071718,47.37965354967529,15240.526359068188,60,persistent_core_paired_edge_continuity_first_v2_1,185.0,245.0,20.401262600735276,11.590832586719388,1.9702529127098931,0.33672499656677246,0.2321269969774592,1.0,245.0,185.0,191.9982963030999,0.6922902527357166,-6.998296303099892,2.0,12.76009082095077,243,246,216,232,257,273,True,True,UPPER_SEED_TRAJECTORY_OUTLIER;Z_EDGE_EVIDENCE_WEAK;Z_CONTINUITY_REJECTED_CONTINUITY,rejected_continuity,192.0,False,,True,0,203.0,False,192.0
flow10,333,0,0.25,128.0,19,244.4335077307246,196.0,192.0,211.0,213.0,model_assisted,0.08055946611245547,model_assisted,0.08055946611245547,model_assisted,0.728102610056047,strong_evidence,0.8167387479184148,True,True,244.0,50365.11328125,12186.8505859375,8952.7802734375,4.2644029596689315,-0.4335077307246138,3.5275590551181097,16.0,228,262,0.1329845385507724,weak_evidence,0.6490856618735859,True,False,3.4406111678264146,63215.20961340799,2079.338417978515,30.401597482561,15803.802403351998,55,persistent_core_paired_edge_continuity_first_v2_1,187.0,242.0,11.263698072813346,5.9999258166592675,1.4838826454581786,0.45042141154408455,0.20582662781402847,1.0,244.0,187.0,191.99943024981604,-0.4335077307246138,-4.999430249816044,2.0,4.2644029596689315,243,246,216,232,257,273,True,True,UPPER_SEED_TRAJECTORY_OUTLIER;Z_EDGE_EVIDENCE_WEAK;Z_CONTINUITY_REJECTED_CONTINUITY,rejected_continuity,192.0,False,,True,0,202.0,False,192.0
flow10,334,0,0.25,128.0,19,244.5664922692754,198.0,192.0,211.0,213.0,model_assisted,0.069489327321728,model_assisted,0.069489327321728,model_assisted,0.0,strong_evidence,0.9590123976241933,True,True,244.0,48722.94921875,14008.25390625,3256.677001953125,10.659545079748645,-0.5664922692753862,3.5275590551181097,16.0,228,262,0.1329845385507724,weak_evidence,0.0,True,False,3.4406111678264146,57051.82356494716,7786.964374081191,7.3265807860690115,31147.857496324763,34,persistent_core_paired_edge_continuity_first_v2_1,192.0,226.0,4.388310715632021,3.064930645271366,-0.034422964564499677,0.2003011554479599,0.1538238327003503,1.0,244.0,184.0,191.99974630575895,-0.5664922692753862,-7.999746305758947,1.0,10.659545079748645,244,247,217,233,258,274,True,True,UPPER_SEED_TRAJECTORY_OUTLIER;Z_EDGE_EVIDENCE_WEAK;Z_CONTINUITY_REJECTED_CONTINUITY,rejected_continuity,192.0,False,,True,0,202.0,False,192.0
flow10,335,0,0.25,128.0,19,244.6922902527357,200.0,192.0,211.0,213.0,high_confidence,0.6056939962520393,high_confidence,0.6056939962520393,high_confidence,0.9889038850883933,strong_evidence,0.9779493293283357,True,True,245.0,47536.18359375,10872.4140625,6052.3984375,6.0577256950046925,0.3077097472643118,3.5275590551181097,16.0,228,262,0.12579798346030202,strong_evidence,0.999981148935978,True,True,3.4406111678264146,58316.92583075138,8843.549457305615,6.594289556731776,35374.19782922246,37,persistent_core_paired_edge_continuity_first_v2_1,194.0,231.0,4.28319203161944,3.452667221559964,-0.5682918565960342,0.07228577136993408,0.0060875975504323405,1.0,245.0,192.0,191.99961085224754,0.3077097472643118,0.0003891477524575748,0.0,6.0577256950046925,244,247,217,233,258,274,True,True,,accepted,192.0,False,,False,0,201.0,False,192.0
flow10,336,0,0.25,128.0,19,244.79877594676296,204.0,192.0,211.0,213.0,high_confidence,0.7162690915670572,high_confidence,0.7162690915670572,high_confidence,0.9453098936916086,strong_evidence,0.9416903108105374,True,True,244.0,48301.08203125,14653.00390625,3331.010498046875,10.101462647664851,-0.7987759467629587,3.5275590551181097,16.0,228,262,0.10648569402727048,strong_evidence,0.9489433891935088,True,True,3.4406111678264146,63642.75569524622,8994.127426234594,7.076034469959734,35976.50970493838,28,persistent_core_paired_edge_continuity_first_v2_1,193.0,221.0,5.483205040424352,3.910625037040064,-0.2922675020536164,0.40594273805618286,0.027176859150203153,1.0,244.0,193.0,191.9989019307535,-0.7987759467629587,1.0010980692464955,0.0,10.101462647664851,244,247,217,233,258,274,True,True,,accepted,192.0,False,,False,0,201.0,False,192.0
flow10,337,0,0.25,128.0,19,244.87943514666173,195.0,192.0,211.0,213.0,high_confidence,0.5,high_confidence,0.5,high_confidence,0.8965731294416691,strong_evidence,0.9356002993053298,True,True,244.0,46276.98046875,13033.69140625,4152.9794921875,8.004684137024176,-0.8794351466617343,3.5275590551181097,16.0,228,262,0.08065919989877557,strong_evidence,0.8591739197108748,True,True,3.4406111678264146,59703.312762433576,13068.732152437078,4.568408937151567,52274.92860974831,5,persistent_core_paired_edge_continuity_first_v2_1,193.0,198.0,2.8548308850361894,1.9515011951327172,0.8675023260054894,0.09200519323348999,0.025205596379674046,1.0,244.0,192.0,191.9970025457834,-0.8794351466617343,0.0029974542165973617,0.0,8.004684137024176,244,247,217,233,258,274,True,True,,accepted,192.0,False,,False,0,201.0,False,192.0
flow10,338,0,0.25,128.0,19,244.93410672490742,199.0,192.0,211.0,213.0,high_confidence,0.5,high_confidence,0.5,high_confidence,0.9039138112464646,strong_evidence,0.9953191531305124,True,True,245.0,48986.8046875,7797.009765625,4045.1005859375,10.182637995472435,0.06589327509257714,3.5275590551181097,16.0,228,262,0.05467157824568858,strong_evidence,0.8209026979861316,True,True,3.4406111678264146,59972.48836217952,12836.475493619871,4.672036992707828,51345.901974479486,11,persistent_core_paired_edge_continuity_first_v2_1,194.0,205.0,2.767935565212768,1.7444174822043668,-0.5239271302510127,0.386263407766819,0.047221416400382646,1.0,245.0,190.0,191.99260980108812,0.06589327509257714,-1.992609801088122,0.0,10.182637995472435,244,247,217,233,258,274,True,True,,accepted,192.0,False,,False,0,201.0,False,192.0
flow10,339,0,0.25,128.0,19,244.96726671332826,198.0,192.0,211.0,213.0,model_assisted,0.20435690430032788,model_assisted,0.20435690430032788,model_assisted,0.8647545171389543,strong_evidence,0.9976774773822293,True,True,245.0,49229.921875,17290.115234375,4142.55029296875,7.7101795709848595,0.03273328667174269,3.5275590551181097,16.0,228,262,0.03315998842083445,weak_evidence,0.7495412013052085,True,False,3.4406111678264146,51402.640837539235,2380.9756542982295,21.58889812449161,12850.660209384809,56,persistent_core_paired_edge_continuity_first_v2_1,188.0,244.0,11.560704884245698,7.089318214280772,2.2366456232763334,0.46069900691509247,0.1417614071798186,1.0,245.0,188.0,191.98353100360976,0.03273328667174269,-3.9835310036097553,1.0,7.7101795709848595,244,247,217,233,258,274,True,True,UPPER_SEED_TRAJECTORY_OUTLIER;Z_EDGE_EVIDENCE_WEAK;Z_CONTINUITY_REJECTED_CONTINUITY,rejected_continuity,192.0,False,,True,0,201.0,False,192.0
flow10,340,0,0.25,128.0,19,244.98526421351912,202.0,192.0,211.0,213.0,high_confidence,0.5,high_confidence,0.5,high_confidence,0.9361126953955384,strong_evidence,0.9989551210318994,True,True,245.0,49887.19921875,14134.28125,5057.59033203125,7.069160533291111,0.014735786480883917,3.5275590551181097,16.0,228,262,0.017997500190858773,strong_evidence,0.8772235709402978,True,True,3.4406111678264146,61519.10809734152,10847.862186397522,5.671081272997944,43391.44874559009,22,persistent_core_paired_edge_continuity_first_v2_1,193.0,215.0,3.896772911848983,2.4266892362155295,0.08961333340356153,0.41430874913930893,0.06418078954859359,1.0,245.0,190.0,191.96669395559644,0.014735786480883917,-1.9666939555964404,0.0,7.069160533291111,244,247,217,233,258,274,True,True,,accepted,192.0,False,,False,0,201.0,False,192.0
flow10,341,0,0.25,128.0,19,244.99400509156683,200.0,192.0,211.0,213.0,high_confidence,0.5,high_confidence,0.5,high_confidence,0.9451002879894067,strong_evidence,0.9995750473353998,True,True,245.0,49787.35546875,11929.2890625,4420.443359375,8.564314329683594,0.005994908433166302,3.5275590551181097,16.0,228,262,0.008740878047717615,strong_evidence,0.8935942896321101,True,True,3.4406111678264146,61431.110710326815,12391.591213370093,4.95748363971568,49566.36485348037,10,persistent_core_paired_edge_continuity_first_v2_1,198.0,208.0,2.9491364092968633,1.7224925340779547,0.6735573504593131,0.32865986227989197,0.08511458083467005,1.0,245.0,191.0,191.9386195040844,0.005994908433166302,-0.9386195040843859,0.0,8.564314329683594,244,247,217,233,258,274,True,True,,accepted,192.0,False,,False,0,201.0,False,192.0
flow10,342,0,0.25,128.0,19,244.99784847284994,195.0,192.0,211.0,213.0,model_assisted,0.023601338928380795,model_assisted,0.023601338928380795,model_assisted,0.0,strong_evidence,0.9265872265118303,True,True,244.0,49610.1875,11979.5556640625,4218.81787109375,8.919709972258548,-0.9978484728499382,3.5275590551181097,16.0,228,262,0.0038433812831044634,weak_evidence,0.0,True,False,3.4406111678264146,61898.84198852778,4153.150641715276,14.904068580320793,16612.602566861104,86,persistent_core_paired_edge_continuity_first_v2_1,181.0,267.0,3.9014449012004704,2.5274251298458723,-0.9442507535358922,0.0784192681312561,0.2932985649862423,1.0,244.0,181.0,191.89639051916487,-0.9978484728499382,-10.896390519164868,1.0,8.919709972258548,244,247,217,233,258,274,True,True,UPPER_SEED_TRAJECTORY_OUTLIER;Z_EDGE_EVIDENCE_WEAK;Z_CONTINUITY_REJECTED_CONTINUITY,rejected_continuity,191.0,False,,True,0,202.0,False,191.0
flow10,343,0,0.25,128.0,19,244.99948589239423,208.0,192.0,211.0,213.0,high_confidence,0.5,high_confidence,0.5,high_confidence,0.907244441063942,strong_evidence,0.9263833215297853,True,True,246.0,49543.5234375,13411.603515625,5151.357421875,7.014058036128978,1.0005141076057669,3.5275590551181097,16.0,228,262,0.0016374195442949713,strong_evidence,0.8885009657581148,True,True,3.4406111678264146,60029.851105914364,11856.942366887653,5.062844133708284,47427.76946755061,7,persistent_core_paired_edge_continuity_first_v2_1,205.0,212.0,4.250842850912391,3.1320110526769622,1.088992932621292,0.24057802557945251,0.040424043399363986,1.0,246.0,193.0,191.83877723312742,1.0005141076057669,1.1612227668725836,0.0,7.014058036128978,244,247,217,233,258,274,True,True,,accepted,191.0,False,,False,0,203.0,False,191.0
flow10,344,0,0.25,128.0,19,245.00051410760588,198.0,192.0,211.0,213.0,high_confidence,0.6629603002382738,high_confidence,0.6629603002382738,high_confidence,0.9313650893914149,strong_evidence,0.9264619791088653,True,True,246.0,49334.91796875,12740.140625,2628.442626953125,13.92260837976534,0.9994858923941194,3.5275590551181097,16.0,229,263,0.0016374195442381279,strong_evidence,0.9362941483809649,True,True,3.4406111678264146,56622.42259723588,5555.729056281919,10.191717778823707,22222.916225127676,59,persistent_core_paired_edge_continuity_first_v2_1,193.0,252.0,8.207993915868045,6.089280508762598,-0.30190044558131285,0.3585565686225891,0.017320378550119874,1.0,246.0,193.0,191.76687949130184,0.9994858923941194,1.233120508698164,0.0,13.92260837976534,244,247,217,233,258,274,True,True,,accepted,191.0,False,,False,0,203.0,False,191.0
flow10,345,0,0.25,128.0,19,245.00215152715012,206.0,192.0,211.0,213.0,high_confidence,0.5781748281401955,high_confidence,0.5781748281401955,high_confidence,0.979728144576069,strong_evidence,0.9998475084914372,True,True,245.0,51573.2265625,12226.80078125,5227.44921875,7.526888188625697,-0.0021515271501186817,3.5275590551181097,16.0,229,263,0.0038433812831044634,strong_evidence,0.9600136312013297,True,True,3.4406111678264146,59462.449439728065,10087.983009131174,5.894384376530513,40351.9320365247,18,persistent_core_paired_edge_continuity_first_v2_1,192.0,210.0,3.110661801674381,1.990530614745438,2.0695523538277345,0.10230281949043274,0.07994342975432514,1.0,245.0,191.0,191.68380722781598,-0.0021515271501186817,-0.6838072278159757,0.0,7.526888188625697,244,247,217,233,258,274,True,True,,accepted,191.0,False,,False,0,204.0,False,191.0
flow10,346,0,0.25,128.0,19,245.00599490843322,200.0,192.0,211.0,213.0,model_assisted,0.06071297616897273,model_assisted,0.06071297616897273,model_assisted,0.6907681680889486,strong_evidence,0.9995750473353958,True,True,245.0,47219.34765625,12009.185546875,4999.71435546875,7.042434748469517,-0.005994908433223145,3.5275590551181097,16.0,229,263,0.008740878047717615,weak_evidence,0.47736351894432216,True,False,3.4406111678264146,57973.271497065296,12691.227306863326,4.56797991993365,50764.9092274533,4,persistent_core_paired_edge_continuity_first_v2_1,198.0,202.0,2.508972443491718,1.6712181990217954,0.76903065683676,0.04547455906867981,0.01107312020318312,1.0,245.0,197.0,191.593572446963,-0.005994908433223145,5.406427553036991,1.0,7.042434748469517,244,247,217,233,258,274,True,True,UPPER_SEED_TRAJECTORY_OUTLIER;Z_EDGE_EVIDENCE_WEAK;Z_CONTINUITY_REJECTED_CONTINUITY,rejected_continuity,191.0,False,,True,0,205.0,False,191.0
flow10,347,0,0.25,128.0,19,245.01473578648094,196.0,192.0,211.0,213.0,high_confidence,0.6065306597126334,high_confidence,0.6065306597126334,high_confidence,0.9244236438909856,strong_evidence,0.9275492411379461,True,True,246.0,48202.4765625,16954.55078125,3106.791259765625,10.05794183404756,0.9852642135190592,3.5275590551181097,16.0,229,263,0.017997500190858773,strong_evidence,0.921308579085557,True,True,3.4406111678264146,53100.73916282876,7989.060150292104,6.646681607583996,31956.240601168414,19,persistent_core_paired_edge_continuity_first_v2_1,193.0,212.0,4.4156390999210835,2.980540900509242,0.4708654274846175,0.21486303210258484,0.10296741706967719,1.0,246.0,193.0,191.5,0.9852642135190592,1.5,0.0,10.05794183404756,244,247,217,233,258,274,True,True,,accepted,191.0,False,,False,0,205.0,False,191.0
flow10,348,0,0.25,128.0,19,245.0327332866718,206.0,191.0,210.0,212.0,high_confidence,0.5,high_confidence,0.5,high_confidence,0.964446513593537,strong_evidence,0.9976774773822252,True,True,245.0,46902.6953125,17898.1171875,3849.61865234375,7.534402948546927,-0.03273328667179953,3.5275590551181097,16.0,229,263,0.03315998842083445,strong_evidence,0.9323224174843944,True,True,3.4406111678264146,60401.66937535717,11350.685004245588,5.321411822525658,45402.74001698235,16,persistent_core_paired_edge_continuity_first_v2_1,194.0,210.0,3.1365064924807387,2.0850792910775278,0.14056479272990713,0.11987239122390747,0.05069768487876265,1.0,245.0,192.0,191.40642755303696,-0.03273328667179953,0.5935724469630372,0.0,7.534402948546927,244,247,217,233,258,274,True,True,,accepted,193.0,False,,False,0,206.0,False,193.0
flow10,349,0,0.25,128.0,19,245.06589327509263,202.0,191.0,210.0,212.0,high_confidence,0.7314186162145835,high_confidence,0.7314186162145835,high_confidence,0.9484269598596583,strong_evidence,0.9314497903714382,True,True,246.0,49633.04296875,11687.12109375,4130.5498046875,9.186651576489302,0.934106724907366,3.5275590551181097,16.0,229,263,0.054671578245631736,strong_evidence,0.9657135655481022,True,True,3.4406111678264146,61649.570430049556,9853.020831317195,6.256920743950967,39412.08332526878,24,persistent_core_paired_edge_continuity_first_v2_1,193.0,217.0,5.267138658401484,3.886941370217662,0.6136072874950211,0.29360315203666687,0.049066045150975936,1.0,246.0,192.0,191.31619277218402,0.934106724907366,0.6838072278159757,0.0,9.186651576489302,244,247,217,233,258,274,True,True,,accepted,193.0,False,,False,0,205.0,False,193.0
flow10,350,0,0.25,128.0,19,245.12056485333827,202.0,191.0,210.0,212.0,model_assisted,1.7991189023610537e-145,model_assisted,1.7991189023610537e-145,model_assisted,0.0,strong_evidence,0.9356002993053298,True,True,246.0,47829.4765625,14791.234375,4404.4794921875,7.5010548343117485,0.8794351466617343,3.5275590551181097,16.0,229,263,0.08065919989877557,unavailable,0.0,False,False,3.4406111678264146,63081.876593610024,3036.068812289048,20.777485786315022,15770.469148402506,82,persistent_core_paired_edge_continuity_first_v2_1,179.0,261.0,,,,,,,246.0,,191.23312050869816,0.8794351466617343,,1.0,7.5010548343117485,244,247,217,233,258,274,True,True,NO_VALID_UPPER_COMPONENT;Z_EDGE_EVIDENCE_UNAVAILABLE;Z_CONTINUITY_NO_CANDIDATE,no_candidate,,False,,True,0,205.0,False,192.0
flow10,351,0,0.25,128.0,19,245.20122405323704,202.0,191.0,210.0,212.0,high_confidence,0.9476775968406795,high_confidence,0.9476775968406795,high_confidence,0.9253984703773829,strong_evidence,0.8631567470893541,True,True,247.0,47324.37890625,14827.080078125,1883.595458984375,17.25280164226313,1.7987759467629587,3.5275590551181097,16.0,229,263,0.10648569402724206,strong_evidence,0.9921284075743303,True,True,3.4406111678264146,55658.888664822036,5055.243470358144,11.010130172994185,20220.973881432576,29,persistent_core_paired_edge_continuity_first_v2_1,191.0,220.0,6.575775195233279,4.75109957299558,-0.5515283628830115,0.18185827136039734,0.05538511631334586,1.0,247.0,191.0,191.16122276687258,1.7987759467629587,-0.16122276687258363,0.0,17.25280164226313,244,247,217,233,258,274,True,True,,accepted,192.0,False,,False,0,204.0,False,192.0
flow10,352,0,0.25,128.0,19,245.30770974726428,206.0,191.0,210.0,212.0,high_confidence,0.5,high_confidence,0.5,high_confidence,0.9534713974365553,strong_evidence,0.9779493293283377,True,True,245.0,50561.74609375,13058.7568359375,5447.78271484375,6.884083162059105,-0.30770974726428335,3.5275590551181097,16.0,229,263,0.12579798346030202,strong_evidence,0.929606144680317,True,True,3.4406111678264146,59575.46595293379,12173.918994385129,4.893696596832233,48695.675977540515,20,persistent_core_paired_edge_continuity_first_v2_1,194.0,214.0,3.81690186934117,2.518800541890385,0.47993790385569096,0.3275235891342163,0.06869902454645614,1.0,245.0,191.0,191.10360948083513,-0.30770974726428335,-0.10360948083513222,0.0,6.884083162059105,244,247,217,233,258,274,True,True,,accepted,192.0,False,,False,0,204.0,False,192.0
flow10,353,0,0.25,128.0,19,245.43350773072459,196.0,191.0,210.0,212.0,model_assisted,0.36042904506489565,model_assisted,0.36042904506489565,model_assisted,0.8923011760772952,strong_evidence,0.9687900442172848,True,True,245.0,47772.6796875,15653.01171875,3005.4169921875,10.687258391179729,-0.43350773072458537,3.5275590551181097,16.0,229,263,0.13298453855082926,weak_evidence,0.8218513325786699,True,False,3.4406111678264146,62969.34659804909,4557.809427791827,13.81570414376815,18231.23771116731,61,persistent_core_paired_edge_continuity_first_v2_1,188.0,249.0,6.633977269296119,4.0313501185781915,0.9161894228316558,0.34082889556884766,0.08757652895913057,1.0,245.0,188.0,191.06138049591559,-0.43350773072458537,-3.0613804959155857,1.0,10.687258391179729,244,247,217,233,258,274,True,True,UPPER_SEED_TRAJECTORY_OUTLIER;Z_EDGE_EVIDENCE_WEAK;Z_CONTINUITY_REJECTED_CONTINUITY,rejected_continuity,192.0,False,,True,0,204.0,False,192.0
flow10,354,0,0.25,128.0,19,245.56649226927541,203.0,191.0,210.0,212.0,model_assisted,0.29952890859528447,model_assisted,0.29952890859528447,model_assisted,0.8575625052051135,strong_evidence,0.8926438698304925,True,True,247.0,48590.22265625,11015.703125,4563.9267578125,8.232936575270447,1.4335077307245854,3.5275590551181097,16.0,229,263,0.13298453855082926,weak_evidence,0.8238598563090124,True,False,3.4406111678264146,59682.011631842695,8731.723869371366,6.835077760668978,34926.895477485465,24,persistent_core_paired_edge_continuity_first_v2_1,192.0,216.0,3.036614117695974,1.5771720317728775,0.41994515047575054,0.24794811010360718,0.17027094811939342,1.0,247.0,188.0,191.03330604440356,1.4335077307245854,-3.0333060444035596,1.0,8.232936575270447,245,248,218,234,259,275,True,True,UPPER_SEED_TRAJECTORY_OUTLIER;Z_EDGE_EVIDENCE_WEAK;Z_CONTINUITY_REJECTED_CONTINUITY,rejected_continuity,192.0,False,,True,0,203.0,False,192.0
flow10,355,0,0.25,128.0,19,245.69229025273575,204.0,191.0,210.0,212.0,high_confidence,0.5,high_confidence,0.5,high_confidence,0.9629170353983459,strong_evidence,0.9779493293283398,True,True,246.0,48831.8125,13030.111328125,5887.93603515625,6.08051802161348,0.30770974726425493,3.5275590551181097,16.0,229,263,0.12579798346033044,strong_evidence,0.9481158064673463,True,True,3.4406111678264146,61023.66989137206,4315.460157795089,14.14070983395455,17261.840631180356,67,persistent_core_paired_edge_continuity_first_v2_1,190.0,257.0,9.920022154553324,6.959810678948423,1.530762117855917,0.3821997046470642,0.06364643540441768,1.0,246.0,190.0,191.0164689963902,0.30770974726425493,-1.0164689963901878,0.0,6.08051802161348,245,248,218,234,259,275,True,True,,accepted,192.0,False,,False,0,203.0,False,192.0
flow10,356,0,0.25,128.0,19,245.798775946763,211.0,191.0,210.0,212.0,model_assisted,0.40337054794374955,model_assisted,0.40337054794374955,model_assisted,0.9274500641508044,strong_evidence,0.9856359810279787,True,True,246.0,48850.546875,11291.298828125,4174.79296875,8.996673207035903,0.20122405323701287,3.5275590551181097,16.0,229,263,0.10648569402724206,weak_evidence,0.872699087746589,True,False,3.4406111678264146,57594.23233947231,10260.161676964279,5.613384481921048,41040.646707857115,20,persistent_core_paired_edge_continuity_first_v2_1,194.0,214.0,2.9249990312393215,1.855979791206883,0.1682559434575342,0.12811806797981262,0.04300850672231754,1.0,246.0,193.0,191.00739019891182,0.20122405323701287,1.9926098010881788,1.0,8.996673207035903,245,248,218,234,259,275,True,True,UPPER_SEED_TRAJECTORY_OUTLIER;Z_EDGE_EVIDENCE_WEAK;Z_CONTINUITY_REJECTED_CONTINUITY,rejected_continuity,191.0,False,,True,0,202.0,False,191.0
flow10,357,0,0.25,128.0,19,245.87943514666176,199.0,191.0,210.0,212.0,high_confidence,0.9055617013895672,high_confidence,0.9055617013895672,high_confidence,0.9956277970051252,strong_evidence,0.9914186847700671,True,True,246.0,48013.1171875,13455.82421875,3812.305908203125,9.064669467996097,0.1205648533382373,3.5275590551181097,16.0,229,263,0.08065919989877557,strong_evidence,0.9998547792138679,True,True,3.4406111678264146,53479.53586485693,3391.041452747531,15.770829289487478,13564.165810990124,65,persistent_core_paired_edge_continuity_first_v2_1,191.0,256.0,10.363028274885817,7.3238848032910555,-0.7047082995955399,0.3626003712415695,0.06344244512386192,1.0,246.0,191.0,191.0029974542166,0.1205648533382373,-0.0029974542165973617,0.0,9.064669467996097,245,248,218,234,259,275,True,True,,accepted,191.0,False,,False,0,202.0,False,191.0
flow10,358,0,0.25,128.0,19,245.9341067249074,199.0,191.0,210.0,212.0,model_assisted,0.03384658672559598,model_assisted,0.03384658672559598,model_assisted,0.0,strong_evidence,0.931449790371436,True,True,245.0,47814.0625,17515.2734375,4455.2080078125,6.800757452709073,-0.9341067249073944,3.5275590551181097,16.0,229,263,0.054671578245631736,weak_evidence,0.0,True,False,3.4406111678264146,47805.9892726275,1622.4748629940789,29.464856660033174,11951.497318156875,61,persistent_core_paired_edge_continuity_first_v2_1,188.0,249.0,11.600684561758115,8.39184978752234,2.6097965591363104,-0.04969879984855652,0.22077756239685928,1.0,245.0,182.0,191.00109806924644,-0.9341067249073944,-9.001098069246439,1.0,6.800757452709073,245,248,218,234,259,275,True,True,UPPER_SEED_TRAJECTORY_OUTLIER;Z_EDGE_EVIDENCE_WEAK;Z_CONTINUITY_REJECTED_CONTINUITY,rejected_continuity,191.0,False,,True,0,202.0,False,191.0
flow10,359,0,0.25,128.0,19,245.96726671332829,197.0,191.0,210.0,212.0,high_confidence,0.5,high_confidence,0.5,high_confidence,0.9192469207886778,strong_evidence,0.9976774773822313,True,True,246.0,47668.47265625,12426.7783203125,4925.568359375,7.154848286464403,0.03273328667171427,3.5275590551181097,16.0,229,263,0.033159988420891295,strong_evidence,0.8469820363156524,True,True,3.4406111678264146,55216.814739482055,12945.715193597807,4.2652579570720865,51782.86077439123,6,persistent_core_paired_edge_continuity_first_v2_1,194.0,200.0,3.6069192513854156,2.470010226061985,0.6444616956197107,0.3181217163801193,0.028887841404232523,1.0,246.0,192.0,191.00035940685723,0.03273328667171427,0.9996405931427716,0.0,7.154848286464403,245,248,218,234,259,275,True,True,,accepted,191.0,False,,False,0,201.0,False,191.0
flow10,360,0,0.25,128.0,19,245.98526421351914,199.0,191.0,210.0,212.0,high_confidence,0.9999658828972247,high_confidence,0.9999658828972247,high_confidence,0.9994749462107646,strong_evidence,0.9989551210319014,True,True,246.0,48715.6953125,11424.2060546875,3608.368896484375,10.334721955436848,0.014735786480855495,3.5275590551181097,16.0,229,263,0.017997500190858773,strong_evidence,0.999995041890485,True,True,3.4406111678264146,64300.13805713417,5268.805648284837,12.203930520395245,21075.222593139348,46,persistent_core_paired_edge_continuity_first_v2_1,191.0,237.0,8.079434684071913,6.000227583703171,0.04074458325326737,0.3625803291797638,0.0515332238059524,1.0,246.0,191.0,191.00010235305433,0.014735786480855495,-0.00010235305433070607,0.0,10.334721955436848,245,248,218,234,259,275,True,True,,accepted,191.0,False,,False,0,201.0,False,191.0
flow10,361,0,0.25,128.0,19,245.9940050915668,207.0,191.0,210.0,212.0,high_confidence,0.5,high_confidence,0.5,high_confidence,0.9183802744081722,strong_evidence,0.8887450794343109,True,True,245.0,48485.81640625,16627.791015625,5775.12353515625,5.516423189337552,-0.9940050915668053,3.5275590551181097,16.0,229,263,0.008740878047660772,strong_evidence,0.9490036546349947,True,True,3.4406111678264146,57154.84807310749,9378.500235230347,6.094241791283987,37514.00094092139,26,persistent_core_paired_edge_continuity_first_v2_1,194.0,220.0,4.696462653652928,3.134832527042863,0.850735193643123,0.4370359256863594,0.07715734745232794,1.0,245.0,192.0,191.0000223056714,-0.9940050915668053,0.9999776943286065,0.0,5.516423189337552,245,248,218,234,259,275,True,True,,accepted,191.0,False,,False,0,202.0,False,191.0
flow10,362,0,0.25,128.0,19,245.99780386150712,198.0,191.0,210.0,212.0,high_confidence,0.513417119032592,high_confidence,0.513417119032592,high_confidence,0.9443000895422575,strong_evidence,0.9998443463744814,True,True,246.0,46958.078125,14021.8955078125,2464.489501953125,13.364302258575396,0.002196138492877253,3.5275590551181097,16.0,229,263,0.00379876994031747,strong_evidence,0.8918414774688714,True,True,3.4406111678264146,44874.09928380577,5227.9879886438575,8.583435803846621,20911.95195457543,44,persistent_core_paired_edge_continuity_first_v2_1,193.0,237.0,6.063343777655929,4.461862190942737,-0.5890344361104407,0.3407287448644638,0.016757836304517888,1.0,246.0,193.0,191.0,0.002196138492877253,2.0,0.0,13.364302258575396,245,248,218,234,259,275,True,True,,accepted,191.0,False,,False,0,202.0,False,191.0
flow10,363,0,0.25,128.0,19,245.99928118628554,194.0,191.0,210.0,212.0,high_confidence,0.9844804922465314,high_confidence,0.9844804922465314,high_confidence,0.999974527670246,strong_evidence,0.9999490559893316,True,True,246.0,48730.9140625,12861.8408203125,3643.451904296875,9.844804922465315,0.0007188137144567008,3.5275590551181097,16.0,229,263,0.0014773247784205523,strong_evidence,1.0,True,True,3.4406111678264146,52722.55770182624,3785.135618971696,13.928842453510113,15140.542475886785,47,persistent_core_paired_edge_continuity_first_v2_1,191.0,238.0,8.496251635466987,5.571907474134601,2.6947097283016603,0.45133720338344574,0.008259850636791629,1.0,246.0,191.0,191.0,0.0007188137144567008,0.0,0.0,9.844804922465315,245,248,218,234,259,275,True,True,,accepted,192.0,False,,False,0,202.0,False,192.0
flow10,364,0,0.25,128.0,19,245.99979529389134,194.0,191.0,210.0,212.0,high_confidence,0.5,high_confidence,0.5,high_confidence,0.9364565733040969,strong_evidence,0.9240765491982259,True,True,246.0,45241.01171875,14947.6982421875,5912.44384765625,5.123653476822628,0.00020470610866141215,3.5275590551181097,16.0,229,263,0.0005141076057952887,strong_evidence,0.949002454878156,True,True,3.4406111678264146,57590.904063755836,6258.173092835114,9.202510574482314,25032.692371340458,33,persistent_core_paired_edge_continuity_first_v2_1,192.0,225.0,8.074010534604986,6.2737219001853015,0.7465930484098519,0.27995699644088745,0.052936976284980265,1.0,246.0,192.0,191.0,0.00020470610866141215,1.0,0.0,5.123653476822628,245,248,218,234,259,275,True,True,,accepted,192.0,False,,False,0,201.0,False,192.0
flow10,365,0,0.25,128.0,19,245.99995538865727,210.0,191.0,210.0,212.0,high_confidence,0.5534481775563901,high_confidence,0.5534481775563901,high_confidence,0.9800105281284726,strong_evidence,0.9604206352426476,True,True,246.0,49203.21875,13466.740234375,6457.0595703125,5.534481775563901,4.461134273014977e-05,3.5275590551181097,16.0,229,263,0.00016009476593126237,strong_evidence,1.0,True,True,3.4406111678264146,59430.9860883862,2800.6631790466427,21.22032614740083,14857.74652209655,59,persistent_core_paired_edge_continuity_first_v2_1,191.0,250.0,12.03931776282767,8.270984288636452,1.1409677108627616,0.2943183183670044,0.09272296645378662,1.0,246.0,191.0,191.0,4.461134273014977e-05,0.0,0.0,5.534481775563901,245,248,218,234,259,275,True,True,,accepted,192.0,False,,False,0,201.0,False,192.0
flow10,366,0,0.25,128.0,19,246.0,197.0,191.0,210.0,212.0,high_confidence,0.5,high_confidence,0.5,high_confidence,0.9443735899890845,strong_evidence,1.0,True,True,246.0,48357.19921875,14710.638671875,4916.22119140625,6.843988347328742,0.0,3.5275590551181097,16.0,230,263,4.461134273014977e-05,strong_evidence,0.8918414774688714,True,True,3.4406111678264146,53242.679087457356,6548.344329122705,8.13070852897413,26193.37731649082,48,persistent_core_paired_edge_continuity_first_v2_1,189.0,237.0,5.266927523549683,3.3998726958674688,0.3345895213570453,0.371922105550766,0.04271560886818885,1.0,246.0,189.0,191.0,0.0,-2.0,0.0,6.843988347328742,245,248,218,234,259,275,True,True,,accepted,192.0,False,,False,0,201.0,False,192.0
flow10,367,0,0.25,128.0,19,246.0,200.0,191.0,210.0,212.0,model_assisted,0.31596275486338504,model_assisted,0.31596275486338504,model_assisted,0.9030620057244937,strong_evidence,0.9264226511541201,True,True,245.0,48558.203125,14727.939453125,4574.52978515625,7.395353240818275,-1.0,3.5275590551181097,16.0,230,263,0.0,weak_evidence,0.880290421620396,True,False,3.4406111678264146,57653.71028854223,12039.268205167627,4.7888052085919535,48157.07282067051,14,persistent_core_paired_edge_continuity_first_v2_1,194.0,208.0,4.339111698057996,3.241176946284217,-0.41090367681735446,0.3304711729288101,0.005734364732658928,1.0,245.0,192.0,191.0,-1.0,1.0,1.0,7.395353240818275,245,248,218,234,259,275,True,True,UPPER_SEED_TRAJECTORY_OUTLIER;Z_EDGE_EVIDENCE_WEAK;Z_CONTINUITY_REJECTED_CONTINUITY,rejected_continuity,191.0,False,,True,0,201.0,False,191.0
flow10,368,0,0.25,128.0,19,246.0,200.0,191.0,210.0,212.0,high_confidence,0.5,high_confidence,0.5,high_confidence,0.9205219727405914,strong_evidence,0.892896217436049,True,True,245.0,48859.5859375,14897.458984375,6093.404296875,5.573588309336779,-1.0,3.5275590551181097,16.0,230,263,0.0,strong_evidence,0.949002454878156,True,True,3.4406111678264146,58701.68511033346,4097.524687752566,14.326133356997662,16390.098751010264,90,persistent_core_paired_edge_continuity_first_v2_1,190.0,280.0,6.067129739414164,3.268703649878909,-0.5693285038609265,0.38628343492746353,0.0814968086718355,1.0,245.0,190.0,191.0,-1.0,-1.0,0.0,5.573588309336779,245,248,218,234,259,275,True,True,,accepted,191.0,False,,False,0,201.0,False,191.0
flow10,369,0,0.25,128.0,19,246.0,196.0,191.0,210.0,212.0,high_confidence,0.7740696629518796,high_confidence,0.7740696629518796,high_confidence,0.9625085200423528,strong_evidence,0.9264226511541201,True,True,245.0,47237.0703125,13575.853515625,4348.60302734375,7.740696629518796,-1.0,3.5275590551181097,16.0,230,263,0.0,strong_evidence,1.0,True,True,3.4406111678264146,62063.489660916806,1262.2362626529828,49.169471276693514,15515.872415229202,54,persistent_core_paired_edge_continuity_first_v2_1,191.0,245.0,35.287566621752575,27.52932106529284,-2.1956109901260827,0.4163004755973816,0.006171357113610037,1.0,245.0,191.0,191.0,-1.0,0.0,0.0,7.740696629518796,245,248,218,234,259,275,True,True,,accepted,191.0,False,,False,0,201.0,False,191.0
flow10,370,0,0.25,128.0,19,246.0,201.0,191.0,210.0,212.0,high_confidence,0.5,high_confidence,0.5,high_confidence,0.9299992202407753,strong_evidence,0.86489854964845,True,True,246.0,49542.234375,13453.900390625,8040.54052734375,4.488297007103954,0.0,3.5275590551181097,16.0,230,263,0.0,strong_evidence,1.0,True,True,3.4406111678264146,55989.208821011474,2963.4262697595204,18.89340369030168,13997.302205252869,41,persistent_core_paired_edge_continuity_first_v2_1,191.0,232.0,9.364113562796623,6.42464919475419,-0.9695881049305458,0.4483894668519497,0.040432201711146386,1.0,246.0,191.0,191.0,0.0,0.0,0.0,4.488297007103954,245,248,218,234,259,275,True,True,,accepted,191.0,False,,False,0,201.0,False,191.0
flow10,371,0,0.25,128.0,19,246.0,195.0,191.0,210.0,212.0,model_assisted,0.14935027837744694,model_assisted,0.14935027837744694,model_assisted,0.8206695192084189,strong_evidence,0.9002563900607581,True,True,245.0,48557.15625,10827.6591796875,6659.10205078125,5.6658535614251555,-1.0,3.5275590551181097,16.0,230,263,4.461134278699319e-05,weak_evidence,0.7481184995669102,True,False,3.4406111678264146,58161.40656712286,1347.9703918861978,43.147391750747836,14540.351641780715,74,persistent_core_paired_edge_continuity_first_v2_1,187.0,261.0,15.55095962248102,11.978285848344203,-7.590037681898823,0.38030800968408585,0.09785905021766139,1.0,245.0,187.0,191.0,-1.0,-4.0,1.0,5.6658535614251555,245,248,218,234,259,275,True,True,UPPER_SEED_TRAJECTORY_OUTLIER;Z_EDGE_EVIDENCE_WEAK;Z_CONTINUITY_REJECTED_CONTINUITY,rejected_continuity,191.0,False,,True,0,201.0,False,191.0
flow10,372,0,0.25,128.0,19,246.0000446113428,210.0,191.0,210.0,212.0,model_assisted,2.259191025580707e-145,model_assisted,2.259191025580707e-145,model_assisted,0.0,strong_evidence,0.9264192384184948,True,True,245.0,46089.60546875,17775.4765625,3005.99169921875,9.4192305699343,-1.000044611342787,3.5275590551181097,16.0,230,264,0.00016009476587441895,unavailable,0.0,False,False,3.4406111678264146,52621.78342670751,3852.4909915628673,13.659158072517661,15409.96396625147,59,persistent_core_paired_edge_continuity_first_v2_1,184.0,243.0,,,,,,,245.0,,191.0000111528357,-1.000044611342787,,2.0,9.4192305699343,245,248,218,234,259,275,True,True,NO_VALID_UPPER_COMPONENT;Z_EDGE_EVIDENCE_UNAVAILABLE;Z_CONTINUITY_NO_CANDIDATE,no_candidate,,False,,True,0,201.0,False,191.0
flow10,373,0,0.25,128.0,19,246.00020470610866,200.0,191.0,210.0,212.0,model_assisted,0.1353329745930378,model_assisted,0.1353329745930378,model_assisted,0.6833345179444315,strong_evidence,0.926406991180582,True,True,245.0,48273.22265625,12201.62890625,2415.932861328125,14.930710338601939,-1.0002047061086614,3.5275590551181097,16.0,230,264,0.0005141076058521321,weak_evidence,0.5040398743313542,True,False,3.4406111678264146,62714.5720225072,1271.529706262014,49.32214458982062,15678.6430056268,56,persistent_core_paired_edge_continuity_first_v2_1,185.0,241.0,20.647637196836644,11.534223589763611,0.49350039905068926,0.3089403286576271,0.27855147816822073,1.0,245.0,185.0,191.00005117652717,-1.0002047061086614,-6.000051176527165,1.0,14.930710338601939,245,248,218,234,259,275,True,True,UPPER_SEED_TRAJECTORY_OUTLIER;Z_EDGE_EVIDENCE_WEAK;Z_CONTINUITY_REJECTED_CONTINUITY,rejected_continuity,191.0,False,,True,0,201.0,False,191.0
flow10,374,0,0.25,128.0,19,246.0007188137145,199.0,191.0,210.0,212.0,high_confidence,0.9946492482822658,high_confidence,0.9946492482822658,high_confidence,0.9624757642543045,strong_evidence,0.9263676608913849,True,True,245.0,48569.2421875,11968.306640625,3679.562744140625,9.947088306935035,-1.0007188137145135,3.5275590551181097,16.0,230,264,0.001477324778363709,strong_evidence,0.9999912949093348,True,True,3.4406111678264146,63989.94412064893,7039.855175340151,9.089667688732968,28159.420701360603,37,persistent_core_paired_edge_continuity_first_v2_1,192.0,229.0,6.1106128003976865,4.369997080303385,0.2387606963801507,0.28491631150245667,0.0052673567740001955,1.0,245.0,191.0,191.0001797034286,-1.0007188137145135,-0.0001797034286141752,0.0,9.947088306935035,245,248,218,234,259,275,True,True,,accepted,191.0,False,,False,0,201.0,False,191.0
flow10,375,0,0.25,128.0,19,246.00219613849288,194.0,191.0,210.0,212.0,high_confidence,0.9998170052045174,high_confidence,0.9998170052045174,high_confidence,0.9624084362080619,strong_evidence,0.9262546332129424,True,True,245.0,47258.86328125,16265.234375,1902.23876953125,16.293237948192726,-1.0021961384928773,3.5275590551181097,16.0,230,264,0.00379876994031747,strong_evidence,0.9999734035030845,True,True,3.4406111678264146,51861.99526215352,4438.862791951439,11.683622065586226,17755.451167805757,46,persistent_core_paired_edge_continuity_first_v2_1,191.0,237.0,11.146079201193489,8.452903014228141,0.5847219546303383,0.5051175281405449,0.0132002582075188,1.0,245.0,191.0,191.00054903462322,-1.0021961384928773,-0.0005490346232193133,0.0,16.293237948192726,245,248,218,234,259,275,True,True,,accepted,191.0,False,,False,0,201.0,False,191.0
flow10,376,0,0.25,128.0,19,246.0059949084332,196.0,191.0,210.0,212.0,high_confidence,0.7459805444590238,high_confidence,0.7459805444590238,high_confidence,0.9997509354659319,strong_evidence,0.9995750473353978,True,True,246.0,45700.3359375,11952.755859375,4521.64599609375,7.463560859757605,-0.005994908433194723,3.5275590551181097,16.0,230,264,0.008740878047717615,strong_evidence,0.9999268545462525,True,True,3.4406111678264146,57951.94591951315,4973.324646811942,11.652556395380739,19893.29858724777,35,persistent_core_paired_edge_continuity_first_v2_1,191.0,226.0,9.492720281651192,7.298588148118365,-0.20224066738855867,0.29417797923088074,0.017452998764964065,1.0,246.0,191.0,191.001509879944,-0.005994908433194723,-0.0015098799439954291,0.0,7.463560859757605,245,248,218,234,259,275,True,True,,accepted,191.0,False,,False,0,201.0,False,191.0
flow10,377,0,0.25,128.0,19,246.0147357864809,199.0,191.0,210.0,212.0,high_confidence,0.5,high_confidence,0.5,high_confidence,0.9024606650014672,strong_evidence,0.9236533930749904,True,True,247.0,48749.25,13870.591796875,5862.2509765625,5.949704020276714,0.9852642135190877,3.5275590551181097,16.0,230,264,0.017997500190858773,strong_evidence,0.8817541926236039,True,True,3.4406111678264146,56340.604193078776,11714.004512415684,4.809679229111046,46856.018049662736,9,persistent_core_paired_edge_continuity_first_v2_1,193.0,202.0,4.234362233940415,2.972511501038383,0.635738268257087,0.3190574198961258,0.03747562187089969,1.0,247.0,192.0,191.0037351231474,0.9852642135190877,0.9962648768525924,0.0,5.949704020276714,245,248,218,234,259,275,True,True,,accepted,191.0,False,,False,0,202.0,False,191.0
flow10,378,0,0.25,128.0,19,246.03273328667177,194.0,191.0,210.0,212.0,model_assisted,0.1002746346861604,model_assisted,0.1002746346861604,model_assisted,0.7804061010120082,strong_evidence,0.9976774773822272,True,True,246.0,47530.8046875,10887.0029296875,4622.89404296875,7.926593475259586,-0.03273328667177111,3.5275590551181097,16.0,230,264,0.03315998842083445,weak_evidence,0.6104514698425267,True,False,3.4406111678264146,54450.27410460373,10857.627868397896,5.014932797898347,43430.511473591585,13,persistent_core_paired_edge_continuity_first_v2_1,192.0,205.0,2.632497483528621,1.2777129368336644,1.0958620167469337,0.3956652879714966,0.14152219075664693,1.0,246.0,186.0,191.00836302509657,-0.03273328667177111,-5.008363025096571,1.0,7.926593475259586,245,248,218,234,259,275,True,True,UPPER_SEED_TRAJECTORY_OUTLIER;Z_EDGE_EVIDENCE_WEAK;Z_CONTINUITY_REJECTED_CONTINUITY,rejected_continuity,191.0,False,,True,0,202.0,False,191.0
flow10,379,0,0.25,128.0,19,246.0658932750926,193.0,191.0,210.0,212.0,model_assisted,9.058090858798345e-146,model_assisted,9.058090858798345e-146,model_assisted,0.0,strong_evidence,0.9953191531305104,True,True,246.0,47243.72265625,14354.9609375,3349.142578125,9.820054223299923,-0.06589327509260556,3.5275590551181097,16.0,230,264,0.05467157824568858,unavailable,0.0,False,False,3.4406111678264146,56040.928608468705,13491.691830472368,4.153736189103766,53966.76732188947,0,persistent_core_paired_edge_continuity_first_v2_1,,,,,,,,,246.0,,191.01702235339638,-0.06589327509260556,,2.0,9.820054223299923,245,248,218,234,259,275,True,True,NO_VALID_UPPER_COMPONENT;Z_EDGE_EVIDENCE_UNAVAILABLE;Z_CONTINUITY_NO_CANDIDATE,no_candidate,,False,,True,0,202.0,False,191.0
flow10,380,0,0.25,128.0,19,246.1205648533383,206.0,191.0,210.0,212.0,model_assisted,1.344199706162493e-145,model_assisted,1.344199706162493e-145,model_assisted,0.0,strong_evidence,0.9581745013016467,True,True,246.0,47455.984375,14865.2607421875,5815.2412109375,5.604363164079038,-0.12056485333829414,3.5275590551181097,16.0,230,264,0.08065919989877557,unavailable,0.0,False,False,3.4406111678264146,57058.300672372294,3764.7894437281116,15.155774718670555,15059.157774912446,59,persistent_core_paired_edge_continuity_first_v2_1,181.0,240.0,,,,,,,246.0,,191.0316176347715,-0.12056485333829414,,1.0,5.604363164079038,245,248,218,234,259,275,True,True,NO_VALID_UPPER_COMPONENT;Z_EDGE_EVIDENCE_UNAVAILABLE;Z_CONTINUITY_NO_CANDIDATE,no_candidate,,False,,True,0,203.0,False,191.0
flow10,381,0,0.25,128.0,19,246.20122405323707,197.0,191.0,210.0,212.0,high_confidence,0.733693311186427,high_confidence,0.733693311186427,high_confidence,0.9693917884400518,strong_evidence,0.9856359810279746,True,True,246.0,47808.84375,17374.220703125,2672.10400390625,11.3897599054467,-0.2012240532370697,3.5275590551181097,16.0,230,264,0.10648569402724206,strong_evidence,0.9534153151703284,True,True,3.4406111678264146,58220.87378913787,11108.788605779502,5.24097413815649,44435.15442311801,11,persistent_core_paired_edge_continuity_first_v2_1,195.0,206.0,3.6521054878555437,2.311493509558882,0.9251638112859983,0.3699503242969513,0.037218878097483435,1.0,246.0,191.0,191.05388760687515,-0.2012240532370697,-0.053887606875150595,0.0,11.3897599054467,245,248,218,234,259,275,True,True,,accepted,191.0,False,,False,0,203.0,False,191.0
flow10,382,0,0.25,128.0,19,246.3077097472643,194.0,191.0,210.0,212.0,high_confidence,0.6869682307334911,high_confidence,0.6869682307334911,high_confidence,0.9516029108338027,strong_evidence,0.9496704890843387,True,True,247.0,47518.53125,15594.7353515625,3425.16943359375,9.320355245884135,0.6922902527356882,3.5275590551181097,16.0,230,264,0.12579798346030202,strong_evidence,0.953539264740642,True,True,3.4406111678264146,52871.84025023495,5304.982693681105,9.966449148498052,21219.93077472442,31,persistent_core_paired_edge_continuity_first_v2_1,192.0,223.0,9.68082036492146,7.568411218218576,0.230276135525686,0.3842114582657814,0.017599683285374413,1.0,247.0,192.0,191.08475135162678,0.6922902527356882,0.9152486483732218,0.0,9.320355245884135,245,248,218,234,259,275,True,True,,accepted,191.0,False,,False,0,203.0,False,191.0
flow10,383,0,0.25,128.0,19,246.4335077307246,206.0,191.0,210.0,212.0,model_assisted,1.9788018399670573e-145,model_assisted,1.9788018399670573e-145,model_assisted,0.0,strong_evidence,0.9687900442172827,True,True,246.0,49141.41796875,16676.18359375,3935.081787109375,8.25020574701911,-0.4335077307246138,3.5275590551181097,16.0,230,264,0.13298453855080083,unavailable,0.0,False,False,3.4406111678264146,57693.41616420889,3815.086345929145,15.12244047261739,15260.34538371658,70,persistent_core_paired_edge_continuity_first_v2_1,186.0,256.0,,,,,,,246.0,,191.12375218220788,-0.4335077307246138,,1.0,8.25020574701911,245,248,218,234,259,275,True,True,NO_VALID_UPPER_COMPONENT;Z_EDGE_EVIDENCE_UNAVAILABLE;Z_CONTINUITY_NO_CANDIDATE,no_candidate,,False,,True,0,204.0,False,191.0
flow10,384,0,0.25,128.0,19,246.56649226927541,205.0,191.0,210.0,212.0,high_confidence,0.6825754922578883,high_confidence,0.6825754922578883,high_confidence,0.950385821557783,strong_evidence,0.9590123976241912,True,True,246.0,48169.65234375,13362.9404296875,3322.125,10.477243304831244,-0.5664922692754146,3.5275590551181097,16.0,230,264,0.13298453855080083,strong_evidence,0.9418368438778124,True,True,3.4406111678264146,58097.10970574719,10189.790520155559,5.70150187001688,40759.162080622234,23,persistent_core_paired_edge_continuity_first_v2_1,193.0,216.0,3.891442967374593,2.993876076404427,-0.400418372286746,0.0939970314502716,0.029435760486765765,1.0,246.0,192.0,191.16876682643684,-0.5664922692754146,0.8312331735631631,0.0,10.477243304831244,246,249,219,235,260,276,True,True,,accepted,191.0,False,,False,0,205.0,False,191.0
flow10,385,0,0.25,128.0,19,246.69229025273572,206.0,191.0,210.0,212.0,high_confidence,0.5,high_confidence,0.5,high_confidence,0.8776446269790654,strong_evidence,0.8937977572289275,True,True,247.0,49449.765625,13090.07421875,7254.76123046875,5.011838467342736,0.30770974726428335,3.5275590551181097,16.0,230,264,0.12579798346030202,strong_evidence,0.8617834236385725,True,True,3.4406111678264146,61942.736041196185,13020.025475005212,4.757497299840836,52080.10190002085,5,persistent_core_paired_edge_continuity_first_v2_1,204.0,209.0,3.1853463156505004,2.1497016954502572,0.8969532229796565,0.14859288930892944,0.027620135388537238,1.0,247.0,191.0,191.21601068325276,0.30770974726428335,-0.21601068325276174,0.0,5.011838467342736,246,249,219,235,260,276,True,True,,accepted,192.0,False,,False,0,205.0,False,192.0
flow10,386,0,0.25,128.0,19,246.79877594676296,196.0,191.0,210.0,212.0,high_confidence,0.5,high_confidence,0.5,high_confidence,0.9290437430112637,strong_evidence,0.9856359810279767,True,True,247.0,49378.328125,13757.7412109375,3417.468994140625,10.423090004659967,0.2012240532370413,3.5275590551181097,16.0,230,264,0.10648569402724206,strong_evidence,0.8757008601980815,True,True,3.4406111678264146,57461.07947481406,8139.489703991467,7.059543234834013,32557.958815965867,15,persistent_core_paired_edge_continuity_first_v2_1,189.0,204.0,3.341527802683167,2.030660827859421,-0.1750168284724423,0.22526085376739502,0.09331538218608677,1.0,247.0,189.0,191.26025478017095,0.2012240532370413,-2.2602547801709534,0.0,10.423090004659967,246,249,219,235,260,276,True,True,,accepted,192.0,False,,False,0,205.0,False,192.0
flow10,387,0,0.25,128.0,19,246.87943514666176,198.0,191.0,210.0,212.0,high_confidence,0.6975252389345827,high_confidence,0.6975252389345827,high_confidence,0.9883151828661765,strong_evidence,0.9914186847700671,True,True,247.0,47197.87109375,13604.904296875,4357.5283203125,7.709179224442971,0.1205648533382373,3.5275590551181097,16.0,230,264,0.08065919989880399,strong_evidence,0.9852213960546232,True,True,3.4406111678264146,61415.36464731151,10244.152016515836,5.995163342782924,40976.608066063345,15,persistent_core_paired_edge_continuity_first_v2_1,192.0,207.0,4.237228194359937,3.2097930681423454,-0.365936758534635,0.19335225224494934,0.015408261757164908,1.0,247.0,191.0,191.2952890818003,0.1205648533382373,-0.29528908180029134,0.0,7.709179224442971,246,249,219,235,260,276,True,True,,accepted,191.0,False,,False,0,205.0,False,191.0
flow10,388,0,0.25,128.0,19,246.9341067249074,198.0,191.0,210.0,212.0,model_assisted,0.03825420367641076,model_assisted,0.03825420367641076,model_assisted,0.0,strong_evidence,0.9953191531305104,True,True,247.0,48159.19140625,11499.404296875,4295.8154296875,8.533836639262182,0.06589327509260556,3.5275590551181097,16.0,230,264,0.054671578245631736,weak_evidence,0.0,True,False,3.4406111678264146,64939.21897622819,1614.5105369599416,40.222232986169374,16234.804744057048,80,persistent_core_paired_edge_continuity_first_v2_1,182.0,262.0,14.67110839776427,8.766693722326409,9.58192836927226,0.07636719942092896,0.27802240452009647,1.0,247.0,182.0,191.31486732187656,0.06589327509260556,-9.314867321876562,1.0,8.533836639262182,246,249,219,235,260,276,True,True,UPPER_SEED_TRAJECTORY_OUTLIER;Z_EDGE_EVIDENCE_WEAK;Z_CONTINUITY_REJECTED_CONTINUITY,rejected_continuity,191.0,False,,True,0,204.0,False,191.0
flow10,389,0,0.25,128.0,19,246.96726671332829,195.0,191.0,210.0,212.0,high_confidence,0.6452661543054168,high_confidence,0.6452661543054168,high_confidence,0.9641700621285878,strong_evidence,0.9976774773822313,True,True,247.0,49483.078125,14521.63671875,2570.184814453125,13.602695498646067,0.03273328667171427,3.5275590551181097,16.0,230,264,0.033159988420891295,strong_evidence,0.9317880074272604,True,True,3.4406111678264146,64191.949120382444,1910.445561712021,33.60051205167954,16047.987280095611,55,persistent_core_paired_edge_continuity_first_v2_1,190.0,245.0,15.007300984308905,8.963245429815121,3.376548303463067,0.3275236263871193,0.04910145625946203,1.0,247.0,190.0,191.31427721489746,0.03273328667171427,-1.3142772148974586,0.0,13.602695498646067,246,249,219,235,260,276,True,True,,accepted,191.0,False,,False,0,204.0,False,191.0
flow10,390,0,0.25,128.0,19,246.98526421351914,199.0,191.0,210.0,212.0,high_confidence,0.7113545569730878,high_confidence,0.7113545569730878,high_confidence,0.956154803778156,strong_evidence,0.9275492411379396,True,True,246.0,48918.62890625,13080.83203125,4570.4755859375,7.841152676816875,-0.9852642135191445,3.5275590551181097,16.0,230,264,0.017997500190858773,strong_evidence,0.9856425602445023,True,True,3.4406111678264146,60894.60698347407,3064.4356600847805,19.8713935412791,15223.651745868518,67,persistent_core_paired_edge_continuity_first_v2_1,191.0,258.0,15.598251307238622,11.812543340036513,1.8970806209143858,0.3614240288734436,0.02321575142375004,1.0,246.0,191.0,191.29215516643836,-0.9852642135191445,-0.2921551664383628,0.0,7.841152676816875,246,249,219,235,260,276,True,True,,accepted,191.0,False,,False,0,203.0,False,191.0
flow10,391,0,0.25,128.0,19,246.9940050915668,199.0,191.0,210.0,212.0,high_confidence,0.5264282471037794,high_confidence,0.5264282471037794,high_confidence,0.9251805698885104,strong_evidence,0.9259639322495188,True,True,248.0,48769.9453125,12995.9033203125,4091.139892578125,8.74427248432311,1.0059949084331947,3.5275590551181097,16.0,230,264,0.008740878047660772,strong_evidence,0.9243978702494151,True,True,3.4406111678264146,61466.20755349247,11558.556253100525,5.317810131953501,46234.2250124021,16,persistent_core_paired_edge_continuity_first_v2_1,193.0,209.0,4.300675530218769,3.1359889401995162,-0.24506352185338628,0.28412099182605743,0.034774222785954045,1.0,248.0,192.0,191.25160619419484,1.0059949084331947,0.7483938058051649,0.0,8.74427248432311,246,249,219,235,260,276,True,True,,accepted,191.0,False,,False,0,203.0,False,191.0
flow10,392,0,0.25,128.0,19,246.99780386150712,201.0,191.0,210.0,212.0,high_confidence,0.5,high_confidence,0.5,high_confidence,0.9086960452477891,strong_evidence,0.926590638628739,True,True,246.0,47430.19140625,10987.6708984375,3556.99755859375,10.245303773056273,-0.9978038615071227,3.5275590551181097,16.0,230,264,0.00379876994031747,strong_evidence,0.8911470375644711,True,True,3.4406111678264146,57641.655769148456,11996.186555170414,4.804998280416423,47984.746220681656,11,persistent_core_paired_edge_continuity_first_v2_1,193.0,204.0,4.185174237628643,2.954647522404745,0.18168863533028562,0.2829446494579315,0.016011312053311293,1.0,246.0,192.0,191.19973151196592,-0.9978038615071227,0.800268488034078,0.0,10.245303773056273,246,249,219,235,260,276,True,True,,accepted,191.0,False,,False,0,202.0,False,191.0
flow10,393,0,0.25,128.0,19,246.99928118628554,204.0,191.0,210.0,212.0,model_assisted,0.31593264820866673,model_assisted,0.31593264820866673,model_assisted,0.9031792022630472,strong_evidence,0.9999490559893316,True,True,247.0,46790.2421875,15395.4140625,3482.62744140625,9.014696131930519,0.0007188137144567008,3.5275590551181097,16.0,230,264,0.0014773247784205523,weak_evidence,0.8157742302116012,True,False,3.4406111678264146,54824.91655307921,5687.46664149204,9.639602306079906,22749.86656596816,46,persistent_core_paired_edge_continuity_first_v2_1,190.0,236.0,4.19995361673912,2.081079423145239,0.10234823750722184,0.3430011570453644,0.17569818833223844,1.0,247.0,188.0,191.14549184853558,0.0007188137144567008,-3.1454918485355847,1.0,9.014696131930519,246,249,219,235,260,276,True,True,UPPER_SEED_TRAJECTORY_OUTLIER;Z_EDGE_EVIDENCE_WEAK;Z_CONTINUITY_REJECTED_CONTINUITY,rejected_continuity,191.0,False,,True,0,202.0,False,191.0
flow10,394,0,0.25,128.0,19,246.99979529389134,197.0,191.0,210.0,212.0,high_confidence,0.5,high_confidence,0.5,high_confidence,0.9443349939684121,strong_evidence,0.9345868306944325,True,True,247.0,46846.66015625,17718.119140625,5557.9619140625,5.2408673297895945,0.00020470610866141215,3.5275590551181097,16.0,230,264,0.0005141076057952887,strong_evidence,0.9541848349935595,True,True,3.4406111678264146,50891.330728551,5329.159017919585,9.549598831152561,21316.63607167834,62,persistent_core_paired_edge_continuity_first_v2_1,192.0,254.0,5.056911800824117,2.9569330151753093,3.403485782054399,0.41243721544742584,0.05465018636081559,1.0,247.0,192.0,191.09687690347113,0.00020470610866141215,0.9031230965288728,0.0,5.2408673297895945,246,249,219,235,260,276,True,True,,accepted,191.0,False,,False,0,201.0,False,191.0
flow10,395,0,0.25,128.0,19,246.99995538865724,209.0,191.0,210.0,212.0,model_assisted,7.1850911974842825e-146,model_assisted,7.1850911974842825e-146,model_assisted,0.0,strong_evidence,0.9264260638771715,True,True,246.0,48104.3984375,13241.25390625,4605.7607421875,7.56946495546614,-0.9999553886572414,3.5275590551181097,16.0,230,264,0.00016009476590284066,unavailable,0.0,False,False,3.4406111678264146,57287.67128550086,13681.377436190956,4.187273653744792,54725.509744763825,0,persistent_core_paired_edge_continuity_first_v2_1,,,,,,,,,246.0,,191.05877254672515,-0.9999553886572414,,1.0,7.56946495546614,246,249,219,235,260,276,True,True,NO_VALID_UPPER_COMPONENT;Z_EDGE_EVIDENCE_UNAVAILABLE;Z_CONTINUITY_NO_CANDIDATE,no_candidate,,False,,True,0,200.0,False,192.0
flow10,396,0,0.25,128.0,19,247.0,206.0,191.0,210.0,212.0,high_confidence,0.6877463811132504,high_confidence,0.6877463811132504,high_confidence,0.9617517669533585,strong_evidence,0.9264226511541201,True,True,246.0,48540.46484375,12727.123046875,5151.41455078125,6.952137406888297,-1.0,3.5275590551181097,16.0,231,264,4.461134275857148e-05,strong_evidence,0.9984281581258848,True,True,3.4406111678264146,53886.60091621991,8943.523825052378,6.02520907533942,35774.09530020951,33,persistent_core_paired_edge_continuity_first_v2_1,192.0,225.0,5.17712558934219,3.602350534023067,-0.04896219594761213,0.487289696931839,0.03990369780260488,1.0,246.0,191.0,191.03239760292308,-1.0,-0.03239760292308347,0.0,6.952137406888297,246,249,219,235,260,276,True,True,,accepted,192.0,False,,False,0,200.0,False,192.0
flow10,397,0,0.25,128.0,19,247.0,204.0,191.0,210.0,212.0,model_assisted,0.20379404313196528,model_assisted,0.20379404313196528,model_assisted,0.858167508636479,strong_evidence,0.8925821003791053,True,True,246.0,48414.1640625,15602.798828125,5891.08154296875,5.569667470235024,-1.0,3.5275590551181097,16.0,231,264,0.0,weak_evidence,0.8250798134609117,True,False,3.4406111678264146,57360.1972127605,3468.30043774341,16.538416507562108,14340.049303190124,73,persistent_core_paired_edge_continuity_first_v2_1,188.0,261.0,9.546525223218008,6.368866611406732,7.702237780630958,0.3522626534104347,0.09022816244506478,1.0,246.0,188.0,191.01618693990724,-1.0,-3.016186939907243,1.0,5.569667470235024,246,249,219,235,260,276,True,True,UPPER_SEED_TRAJECTORY_OUTLIER;Z_EDGE_EVIDENCE_WEAK;Z_CONTINUITY_REJECTED_CONTINUITY,rejected_continuity,192.0,False,,True,0,201.0,False,192.0
flow10,398,0,0.25,128.0,19,247.0,196.0,191.0,210.0,212.0,high_confidence,0.5,high_confidence,0.5,high_confidence,0.8286118120199604,strong_evidence,0.7382270389548962,True,True,248.0,48220.9296875,17971.505859375,7939.70361328125,3.809893328703713,1.0,3.5275590551181097,16.0,231,264,0.0,strong_evidence,0.9300628381087402,True,True,3.4406111678264146,58885.43685277101,10439.02888645572,5.6408922221848465,41756.11554582288,15,persistent_core_paired_edge_continuity_first_v2_1,192.0,207.0,3.2939674465642534,2.2709055115226415,-0.23953903306172572,0.20356962084770203,0.183490199488586,1.0,248.0,192.0,191.0072944110419,1.0,0.9927055889581027,0.0,3.809893328703713,246,249,219,235,260,276,True,True,,accepted,192.0,False,,False,0,200.0,False,192.0
flow10,399,0,0.25,128.0,19,247.0,206.0,191.0,210.0,212.0,high_confidence,0.7072981723835159,high_confidence,0.7072981723835159,high_confidence,0.962441276424926,strong_evidence,0.9264226511541201,True,True,246.0,45948.83984375,12860.181640625,4673.681640625,7.079784364323997,-1.0,3.5275590551181097,16.0,231,264,0.0,strong_evidence,0.9998602791204232,True,True,3.4406111678264146,55840.54963289632,5162.021590089026,10.817573824198838,20648.086360356105,52,persistent_core_paired_edge_continuity_first_v2_1,191.0,243.0,6.781050795329265,4.4774721244154145,2.5508304799018267,0.4079747647047043,0.06290524510154982,1.0,246.0,191.0,191.00288394832657,-1.0,-0.0028839483265699073,0.0,7.079784364323997,246,249,219,235,260,276,True,True,,accepted,192.0,False,,False,0,199.0,False,192.0
flow10,400,0,0.25,128.0,19,247.0,198.0,191.0,210.0,212.0,model_assisted,5.434609665733904e-146,model_assisted,5.434609665733904e-146,model_assisted,0.0,strong_evidence,0.9840581924867678,True,True,247.0,48477.109375,14544.02734375,5840.2373046875,5.810223157201948,0.0,3.5275590551181097,16.0,231,264,0.0,unavailable,0.0,False,False,3.4406111678264146,57211.92436447355,13720.121615932785,4.169928369879387,54880.48646373114,0,persistent_core_paired_edge_continuity_first_v2_1,,,,,,,,,247.0,,191.00071635671782,0.0,,1.0,5.810223157201948,246,249,219,235,260,276,True,True,NO_VALID_UPPER_COMPONENT;Z_EDGE_EVIDENCE_UNAVAILABLE;Z_CONTINUITY_NO_CANDIDATE,no_candidate,,False,,True,0,198.0,False,192.0
flow10,401,0,0.25,128.0,19,247.0,198.0,191.0,210.0,212.0,high_confidence,0.5165728535997893,high_confidence,0.5165728535997893,high_confidence,0.944720990102771,strong_evidence,0.9264226511541201,True,True,248.0,48391.32421875,9393.32421875,5950.63818359375,6.553582791761683,1.0,3.5275590551181097,16.0,231,264,0.0,strong_evidence,0.9633807507069293,True,True,3.4406111678264146,61866.66846346065,11530.775159706352,5.365352077946178,46123.10063882541,13,persistent_core_paired_edge_continuity_first_v2_1,192.0,205.0,3.725955038771412,2.7998946560247666,-0.5916512053474725,0.25087566673755646,0.04927518151034268,1.0,248.0,191.0,190.99915898455646,1.0,0.0008410154435409822,0.0,6.553582791761683,246,249,219,235,260,276,True,True,,accepted,192.0,False,,False,0,198.0,False,192.0
flow10,402,0,0.25,128.0,19,247.0,199.0,191.0,210.0,212.0,model_assisted,0.011232236087660136,model_assisted,0.011232236087660136,model_assisted,0.0,strong_evidence,0.8553165054282228,True,True,247.0,48701.80859375,15302.365234375,7609.1171875,4.389397946747683,0.0,3.5275590551181097,16.0,231,264,0.0,weak_evidence,0.0,True,False,3.4406111678264146,57731.60145830382,8648.804975666484,6.6750957641815685,34595.21990266594,20,persistent_core_paired_edge_continuity_first_v2_1,189.0,209.0,2.633436975082422,2.1155689809837583,-0.2839298718285312,-0.2602575123310089,0.11369890652098859,1.0,247.0,180.0,190.9967231863091,0.0,-10.996723186309111,1.0,4.389397946747683,246,249,219,235,260,276,True,True,UPPER_SEED_TRAJECTORY_OUTLIER;Z_EDGE_EVIDENCE_WEAK;Z_CONTINUITY_REJECTED_CONTINUITY,rejected_continuity,191.0,False,,True,0,198.0,False,191.0
flow10,403,0,0.25,128.0,19,247.0,195.0,191.0,210.0,212.0,high_confidence,0.5,high_confidence,0.5,high_confidence,0.8971099181549027,strong_evidence,0.8051405239270963,True,True,246.0,47559.11328125,15148.435546875,7151.74169921875,4.531857986134415,-1.0,3.5275590551181097,16.0,231,264,0.0,strong_evidence,0.9995847697820878,True,True,3.4406111678264146,61520.20701065974,960.9103771400019,64.02283550497698,15380.051752664935,49,persistent_core_paired_edge_continuity_first_v2_1,191.0,240.0,51.30667963029159,38.958325832480796,14.04666751133447,0.23848599195480347,0.039193249541378795,1.0,246.0,191.0,190.9914316844588,-1.0,0.00856831554119708,0.0,4.531857986134415,246,249,219,235,260,276,True,True,,accepted,191.0,False,,False,0,197.0,False,191.0
flow10,404,0,0.25,128.0,19,247.0,198.0,191.0,210.0,212.0,high_confidence,0.7804570710958773,high_confidence,0.7804570710958773,high_confidence,0.9195977685427894,strong_evidence,0.8464737781779522,True,True,245.0,47167.7734375,19490.96875,3522.871826171875,7.856318950319283,-2.0,3.5275590551181097,16.0,231,264,0.0,strong_evidence,0.9990386916995513,True,True,3.4406111678264146,63307.72569522726,3805.4236082449447,16.636183566545085,15826.931423806815,62,persistent_core_paired_edge_continuity_first_v2_1,191.0,253.0,11.477892768191278,9.092775179637952,-1.0809984052963741,0.40681835263967514,0.03459823362265381,1.0,245.0,191.0,190.98017414253596,-2.0,0.019825857464041974,0.0,7.856318950319283,246,249,219,235,260,276,True,True,,accepted,191.0,False,,False,0,198.0,False,191.0
flow10,405,0,0.25,128.0,19,247.0,196.0,191.0,210.0,212.0,model_assisted,0.06280971087103343,model_assisted,0.06280971087103343,model_assisted,0.6862643750766878,strong_evidence,0.7870029265718563,True,True,246.0,46500.484375,19350.865234375,6270.15283203125,4.329977253812764,-1.0,3.5275590551181097,16.0,231,264,0.0,weak_evidence,0.5984206368213506,True,False,3.4406111678264146,59772.199406855696,12788.09125822795,4.674051678228198,51152.3650329118,4,persistent_core_paired_edge_continuity_first_v2_1,195.0,199.0,2.2318735050283203,1.7219347385450348,-0.37627387236249893,0.023843467235565186,0.29129034506699353,1.0,246.0,195.0,190.95822799310957,-1.0,4.041772006890426,1.0,4.329977253812764,246,249,219,235,260,276,True,True,UPPER_SEED_TRAJECTORY_OUTLIER;Z_EDGE_EVIDENCE_WEAK;Z_CONTINUITY_REJECTED_CONTINUITY,rejected_continuity,191.0,False,,True,0,198.0,False,191.0
flow10,406,0,0.25,128.0,19,247.0,193.0,191.0,210.0,212.0,high_confidence,0.5,high_confidence,0.5,high_confidence,0.9048857320039735,strong_evidence,0.9264226511541201,True,True,246.0,48268.64453125,15262.083984375,3116.984619140625,10.58925999961307,-1.0,3.5275590551181097,16.0,231,264,0.0,strong_evidence,0.8838494902562005,True,True,3.4406111678264146,59114.786886661714,12363.285628814128,4.781478699229238,49453.14251525651,15,persistent_core_paired_edge_continuity_first_v2_1,191.0,206.0,4.097009965104859,2.964947147053893,0.5824723850225315,0.2622494548559189,0.04005679765066361,1.0,246.0,190.0,190.91925540653196,-1.0,-0.9192554065319598,0.0,10.58925999961307,246,249,219,235,260,276,True,True,,accepted,191.0,False,,False,0,198.0,False,191.0
flow10,407,0,0.25,128.0,19,247.0,194.0,191.0,210.0,212.0,model_assisted,0.05416421088225126,model_assisted,0.05416421088225126,model_assisted,0.3754264274967061,strong_evidence,1.0,True,True,247.0,49321.6171875,13613.3642578125,3137.421875,11.381399873004806,0.0,3.5275590551181097,16.0,231,264,0.0,weak_evidence,0.14094500246293953,True,False,3.4406111678264146,54724.635159410805,11903.972048427862,4.597174366403036,47615.88819371145,6,persistent_core_paired_edge_continuity_first_v2_1,192.0,198.0,3.1740535471203906,2.1192450481935494,0.6647222933964614,0.22621673345565796,0.11197913595089846,1.0,247.0,184.0,190.8560759883781,0.0,-6.856075988378109,1.0,11.381399873004806,246,249,219,235,260,276,True,True,UPPER_SEED_TRAJECTORY_OUTLIER;Z_EDGE_EVIDENCE_WEAK;Z_CONTINUITY_REJECTED_CONTINUITY,rejected_continuity,191.0,False,,True,0,198.0,False,191.0
flow10,408,0,0.25,128.0,19,247.0,196.0,191.0,210.0,212.0,high_confidence,0.5,high_confidence,0.5,high_confidence,0.967487224638906,strong_evidence,1.0,True,True,247.0,48898.28125,14245.087890625,4735.00439453125,7.318513452574219,0.0,3.5275590551181097,16.0,231,264,0.0,strong_evidence,0.936031529839493,True,True,3.4406111678264146,62274.24530590963,2837.6080995108678,21.946034519933935,15568.561326477407,71,persistent_core_paired_edge_continuity_first_v2_1,192.0,263.0,18.641784071749406,14.732874767261483,3.716750287883231,0.24995990097522736,0.0009605535465198045,1.0,247.0,192.0,190.76212816312244,0.0,1.2378718368775594,0.0,7.318513452574219,246,249,219,235,260,276,True,True,,accepted,191.0,False,,False,0,198.0,False,191.0
flow10,409,0,0.25,128.0,19,247.0,203.0,191.0,210.0,212.0,model_assisted,0.49,model_assisted,0.49,model_assisted,0.9200072789512428,strong_evidence,0.9264226511541201,True,True,248.0,45735.26171875,14324.76953125,3038.88916015625,10.336175665546476,1.0,3.5275590551181097,16.0,231,264,0.0,weak_evidence,0.913636332476137,True,False,3.4406111678264146,59989.42545799473,7935.719138496254,7.55941892738938,31742.876553985017,42,persistent_core_paired_edge_continuity_first_v2_1,189.0,231.0,3.8707693087294768,2.225465187847009,1.43811676333696,0.25113633275032043,0.06226055555366297,1.0,248.0,189.0,190.633320827137,1.0,-1.6333208271369983,1.0,10.336175665546476,246,249,219,235,260,276,True,True,UPPER_SEED_TRAJECTORY_OUTLIER;Z_EDGE_EVIDENCE_WEAK;Z_CONTINUITY_REJECTED_CONTINUITY,rejected_continuity,191.0,False,,True,0,198.0,False,191.0
flow10,410,0,0.25,128.0,19,247.0,199.0,190.0,209.0,211.0,high_confidence,0.5,high_confidence,0.5,high_confidence,0.8702229170136674,strong_evidence,0.8235200173188975,True,True,248.0,48812.97265625,20812.169921875,5905.94287109375,4.741123194980956,1.0,3.5275590551181097,16.0,231,264,0.0,strong_evidence,0.9195743993707033,True,True,3.4406111678264146,57300.031624451316,8408.647439606304,6.81441718611693,33634.589758425216,36,persistent_core_paired_edge_continuity_first_v2_1,192.0,228.0,4.62017134123673,3.1538972138723564,1.401051311848537,0.2157987356185913,0.0067456101251740334,1.0,248.0,192.0,190.46966992751473,1.0,1.5303300724852704,0.0,4.741123194980956,246,249,219,235,260,276,True,True,,accepted,191.0,False,,False,0,198.0,False,191.0
flow10,411,0,0.25,128.0,19,247.0,194.0,190.0,209.0,211.0,high_confidence,0.5,high_confidence,0.5,high_confidence,0.8282985049431467,strong_evidence,1.0,True,True,247.0,48105.84375,16021.232421875,2746.5498046875,11.681787555196204,0.0,3.5275590551181097,16.0,231,264,0.0,strong_evidence,0.686078413291052,True,True,3.4406111678264146,59762.094106713346,13799.30173221509,4.330805664405181,55197.20692886036,3,persistent_core_paired_edge_continuity_first_v2_1,193.0,196.0,3.456309306003262,2.445398139833029,0.5782336167463287,0.26683197915554047,0.04180492903210327,1.0,247.0,191.0,190.2762065549822,0.0,0.7237934450178045,0.0,11.681787555196204,246,249,219,235,260,276,True,True,,accepted,191.0,False,,False,0,197.0,False,191.0
flow10,412,0,0.25,128.0,19,247.0,194.0,190.0,209.0,211.0,model_assisted,4.693215334861937e-146,model_assisted,4.693215334861937e-146,model_assisted,0.0,strong_evidence,0.8881602042228595,True,True,248.0,47888.68359375,15308.6787109375,5907.93359375,5.514619344618035,1.0,3.5275590551181097,16.0,231,264,0.0,unavailable,0.0,False,False,3.4406111678264146,58984.407999115756,14512.155703399534,4.064482851799778,58048.62281359814,0,persistent_core_paired_edge_continuity_first_v2_1,,,,,,,,,248.0,,190.06294360307294,1.0,,1.0,5.514619344618035,246,249,219,235,260,276,True,True,NO_VALID_UPPER_COMPONENT;Z_EDGE_EVIDENCE_UNAVAILABLE;Z_CONTINUITY_NO_CANDIDATE,no_candidate,,False,,True,0,197.0,False,191.0
flow10,413,0,0.25,128.0,19,247.0,195.0,190.0,209.0,211.0,model_assisted,0.13529221404019295,model_assisted,0.13529221404019295,model_assisted,0.7295465194262488,strong_evidence,1.0,True,True,247.0,50571.94921875,13418.8349609375,3915.212890625,9.489423767166237,0.0,3.5275590551181097,16.0,231,264,0.0,weak_evidence,0.532238124006954,True,False,3.4406111678264146,63059.33787853285,1620.2235699355679,38.92014599012441,15764.834469633213,61,persistent_core_paired_edge_continuity_first_v2_1,188.0,249.0,17.365674965281602,10.166831657741467,2.908497701123197,0.37285781651735306,0.20399551423916687,1.0,247.0,184.0,189.8437332674155,0.0,-5.843733267415502,2.0,9.489423767166237,246,249,219,235,260,276,True,True,UPPER_SEED_TRAJECTORY_OUTLIER;Z_EDGE_EVIDENCE_WEAK;Z_CONTINUITY_REJECTED_CONTINUITY,rejected_continuity,191.0,False,,True,0,196.0,False,191.0
flow10,414,0,0.25,128.0,19,247.0,195.0,190.0,209.0,211.0,model_assisted,5.7585428618110615e-146,model_assisted,5.7585428618110615e-146,model_assisted,0.0,strong_evidence,1.0,True,True,247.0,48115.6953125,17078.078125,3675.946044921875,8.44343654890605,0.0,3.5275590551181097,16.0,231,264,4.461134278699319e-05,unavailable,0.0,False,False,3.4406111678264146,55739.73151972227,14466.37277389182,3.8530551086253304,57865.49109556728,0,persistent_core_paired_edge_continuity_first_v2_1,,,,,,,,,247.0,,189.63427747787932,0.0,,1.0,8.44343654890605,246,249,219,235,260,276,True,True,NO_VALID_UPPER_COMPONENT;Z_EDGE_EVIDENCE_UNAVAILABLE;Z_CONTINUITY_NO_CANDIDATE,no_candidate,,False,,True,0,196.0,False,191.0
flow10,415,0,0.25,128.0,19,247.0000446113428,194.0,189.0,208.0,210.0,high_confidence,0.8037218747510032,high_confidence,0.8037218747510032,high_confidence,0.9517353128788592,strong_evidence,0.9264260638771736,True,True,248.0,47011.26171875,13711.78125,3566.69970703125,9.336216447688244,0.999955388657213,3.5275590551181097,16.0,231,265,0.00016009476587441895,strong_evidence,0.9777359911375634,True,True,3.4406111678264146,58813.10413863468,7087.381568305397,8.298283868565154,28349.52627322159,40,persistent_core_paired_edge_continuity_first_v2_1,189.0,229.0,6.156125720106618,4.457470329150247,0.4406510590300792,0.31704552471637726,0.012419689587536715,1.0,248.0,189.0,189.44945394749234,0.999955388657213,-0.44945394749234424,0.0,9.336216447688244,246,249,219,235,260,276,True,True,,accepted,191.0,False,,False,0,196.0,False,191.0
flow10,416,0,0.25,128.0,19,247.00020470610866,198.0,189.0,208.0,210.0,high_confidence,0.6321893543874115,high_confidence,0.6321893543874115,high_confidence,0.965938904994756,strong_evidence,0.9999854922631779,True,True,247.0,48307.40234375,10596.998046875,3029.85009765625,12.446293737781286,-0.00020470610866141215,3.5275590551181097,16.0,231,265,0.0005141076058521321,strong_evidence,0.9330515046481391,True,True,3.4406111678264146,56570.3751021505,11099.686031022635,5.096574348503312,44398.74412409054,21,persistent_core_paired_edge_continuity_first_v2_1,192.0,213.0,2.753942184285706,1.7413797743099089,-0.08597885245215017,0.11576849222183228,0.0958918466039994,1.0,247.0,189.0,189.30077633947062,-0.00020470610866141215,-0.300776339470616,0.0,12.446293737781286,246,249,219,235,260,276,True,True,,accepted,191.0,False,,False,0,195.0,False,191.0
flow10,417,0,0.25,128.0,19,247.0007188137145,204.0,189.0,208.0,210.0,model_assisted,0.09418202895415329,model_assisted,0.09418202895415329,model_assisted,0.8157755754930676,strong_evidence,0.9285099677828197,True,True,247.0,48924.890625,14478.263671875,6658.525390625,5.173311646693545,-0.0007188137145135443,3.5275590551181097,16.0,231,265,0.0014773247783921306,weak_evidence,0.7167287510764828,True,False,3.4406111678264146,60066.566546448186,12155.37636213332,4.94156369633842,48621.50544853328,15,persistent_core_paired_edge_continuity_first_v2_1,194.0,209.0,3.478097802113814,2.3655127563875054,0.3812481276034912,0.17032426595687866,0.03802217952395076,1.0,247.0,193.0,189.19499433732102,-0.0007188137145135443,3.8050056626789797,1.0,5.173311646693545,246,249,219,235,260,276,True,True,UPPER_SEED_TRAJECTORY_OUTLIER;Z_EDGE_EVIDENCE_WEAK;Z_CONTINUITY_REJECTED_CONTINUITY,rejected_continuity,191.0,False,,True,0,195.0,False,191.0
flow10,418,0,0.25,128.0,19,247.0021961384929,198.0,189.0,208.0,210.0,high_confidence,0.5462450481310644,high_confidence,0.5462450481310644,high_confidence,0.9339533915220527,strong_evidence,0.9262546332129403,True,True,246.0,46683.35546875,7877.861328125,4867.21337890625,7.972836019230636,-1.0021961384929057,3.5275590551181097,16.0,231,265,0.0037987699402890485,strong_evidence,0.9417161396643889,True,True,3.4406111678264146,64254.91647218632,2513.4872797573444,25.564050786996457,16063.72911804658,35,persistent_core_paired_edge_continuity_first_v2_1,188.0,223.0,11.25310398858662,7.734879745854032,-2.112794711201801,0.27071553468704224,0.11736766557267306,1.0,246.0,188.0,189.1344283133741,-1.0021961384929057,-1.1344283133740873,0.0,7.972836019230636,246,249,219,235,260,276,True,True,,accepted,191.0,False,,False,0,195.0,False,191.0
flow10,419,0,0.25,128.0,19,247.0059949084332,197.0,189.0,208.0,210.0,high_confidence,0.5,high_confidence,0.5,high_confidence,0.8535865272934787,strong_evidence,0.9010688081437842,True,True,247.0,45987.125,15249.53515625,6304.25048828125,4.875692979028519,-0.005994908433194723,3.5275590551181097,16.0,231,265,0.008740878047717615,strong_evidence,0.8086063494727873,True,True,3.4406111678264146,51648.23646219291,8902.706711086339,5.801408283828617,35610.826844345356,29,persistent_core_paired_edge_continuity_first_v2_1,189.0,218.0,3.1227456327380017,1.9080239441018603,0.8837379329813094,0.17032429575920105,0.09459404135839122,1.0,247.0,186.0,189.11856341704865,-0.005994908433194723,-3.118563417048648,0.0,4.875692979028519,246,249,219,235,260,276,True,True,,accepted,189.0,False,,False,0,195.0,False,189.0
flow10,420,0,0.25,128.0,19,247.0147357864809,203.0,189.0,208.0,210.0,high_confidence,0.5,high_confidence,0.5,high_confidence,0.8532605951961983,strong_evidence,0.8246249932925915,True,True,246.0,45375.78515625,13311.0458984375,6728.5830078125,4.765451986039618,-1.0147357864809123,3.5275590551181097,16.0,231,265,0.017997500190858773,strong_evidence,0.882890585704385,True,True,3.4406111678264146,54902.66960011545,9143.742064053604,6.00439833227054,36574.968256214415,26,persistent_core_paired_edge_continuity_first_v2_1,188.0,214.0,4.632266939352393,3.3491160960479913,-0.36135269662188946,0.31619009375572205,0.049282526809472406,1.0,246.0,187.0,189.14549981221538,-1.0147357864809123,-2.145499812215377,0.0,4.765451986039618,246,249,219,235,260,276,True,True,,accepted,189.0,False,,False,0,195.0,False,189.0
flow10,421,0,0.25,128.0,19,247.03273328667177,196.0,189.0,208.0,210.0,high_confidence,0.5,high_confidence,0.5,high_confidence,0.8655683406026561,strong_evidence,0.9239151895315896,True,True,246.0,46766.546875,15761.689453125,4536.89501953125,6.83393759132615,-1.0327332866717711,3.5275590551181097,16.0,231,265,0.03315998842083445,strong_evidence,0.8109061965238094,True,True,3.4406111678264146,54850.88518488844,6708.871185630807,8.175873953634577,26835.48474252323,40,persistent_core_paired_edge_continuity_first_v2_1,186.0,226.0,5.005244444932185,3.460043855717915,-0.4932027000090187,0.33572910726070404,0.05713382645136802,1.0,246.0,186.0,189.21197111322272,-1.0327332866717711,-3.2119711132227167,0.0,6.83393759132615,246,249,219,235,260,276,True,True,,accepted,188.0,False,,False,0,194.0,False,188.0
flow10,422,0,0.25,128.0,19,247.0658932750926,203.0,189.0,208.0,210.0,model_assisted,0.2549157009662406,model_assisted,0.2549157009662406,model_assisted,0.8511366329393223,strong_evidence,0.795690242465877,True,True,246.0,45683.01171875,13647.9375,7159.00634765625,4.474793380961004,-1.0658932750926056,3.5275590551181097,16.0,231,265,0.05467157824568858,weak_evidence,0.9104467156543694,True,False,3.4406111678264146,55891.115376501366,7919.321463739389,7.057563660272276,31677.285854957558,24,persistent_core_paired_edge_continuity_first_v2_1,192.0,216.0,4.82477275035866,3.8571934078935954,-1.0158892281147722,0.27571502327919006,0.021547633504909708,1.0,246.0,191.0,189.31190762378168,-1.0658932750926056,1.6880923762183215,1.0,4.474793380961004,246,249,219,235,260,276,True,True,UPPER_SEED_TRAJECTORY_OUTLIER;Z_EDGE_EVIDENCE_WEAK;Z_CONTINUITY_REJECTED_CONTINUITY,rejected_continuity,187.0,False,,True,0,194.0,False,187.0
flow10,423,0,0.25,128.0,19,247.1205648533383,194.0,189.0,208.0,210.0,model_assisted,0.0824610014762292,model_assisted,0.0824610014762292,model_assisted,0.0,strong_evidence,0.991418684770063,True,True,247.0,45523.328125,7309.8466796875,3887.257568359375,9.830447500148692,-0.12056485333829414,3.5275590551181097,16.0,231,265,0.08065919989877557,weak_evidence,0.0,True,False,3.4406111678264146,62679.03254406521,2320.7854834498103,27.007680369877974,15669.758136016302,71,persistent_core_paired_edge_continuity_first_v2_1,184.0,255.0,11.681501864499088,7.299827428374394,1.5654942017563627,0.21918516233563423,0.22702393530969284,1.0,247.0,182.0,189.43498751249967,-0.12056485333829414,-7.434987512499674,1.0,9.830447500148692,246,249,219,235,260,276,True,True,UPPER_SEED_TRAJECTORY_OUTLIER;Z_EDGE_EVIDENCE_WEAK;Z_CONTINUITY_REJECTED_CONTINUITY,rejected_continuity,187.0,False,,True,0,194.0,False,187.0
flow10,424,0,0.25,128.0,19,247.20122405323707,195.0,190.0,209.0,211.0,high_confidence,0.5,high_confidence,0.5,high_confidence,0.9340324604068672,strong_evidence,0.8915249464578162,True,True,248.0,44555.28515625,11027.2373046875,6234.56591796875,5.377767801753564,0.7987759467629303,3.5275590551181097,16.0,231,265,0.10648569402724206,strong_evidence,0.9785667137638369,True,True,3.4406111678264146,49015.36309255409,6684.177877338682,7.333042895032837,26736.71150935473,19,persistent_core_paired_edge_continuity_first_v2_1,191.0,210.0,5.835922341944798,4.009019800362255,2.233569766169347,0.4823501482605934,0.0297171424339539,1.0,248.0,190.0,189.56695402918695,0.7987759467629303,0.43304597081305474,0.0,5.377767801753564,246,249,219,235,260,276,True,True,,accepted,187.0,False,,False,0,194.0,False,187.0
flow10,425,0,0.25,128.0,19,247.3077097472643,197.0,,,,failed,0.0,failed,0.0,failed,0.0,strong_evidence,0.9496704890843387,True,True,248.0,46995.25,11706.240234375,5057.1103515625,6.978097631332432,0.6922902527356882,3.5275590551181097,16.0,231,265,0.12579798346030202,unavailable,0.0,True,False,3.4406111678264146,59515.42099586508,13133.804979933726,4.531468305399294,52535.219919734904,4,persistent_core_paired_edge_continuity_first_v2_1,195.0,199.0,2.525929050642026,1.7387522751628186,0.6066817507062254,0.05790427327156067,0.12408338967918253,1.0,248.0,195.0,,0.6922902527356882,,1.0,6.978097631332432,246,249,219,235,260,276,False,False,UPPER_SEED_TRAJECTORY_OUTLIER;Z_EDGE_EVIDENCE_UNAVAILABLE;PRIMARY_WINDOW_INCOMPLETE;TRACKING_FAILED;Z_UPPER_UNAVAILABLE;Z_CONTINUITY_REJECTED_CONTINUITY,rejected_continuity,187.0,False,,False,-1,194.0,False,187.0
flow10,426,0,0.25,128.0,19,247.4335077307246,196.0,,,,failed,0.0,failed,0.0,failed,0.0,strong_evidence,0.9094302953903646,True,True,247.0,45364.578125,12252.56640625,6262.60205078125,5.287261021897332,-0.4335077307246138,3.5275590551181097,16.0,231,265,0.1329845385507724,unavailable,0.0,True,False,3.4406111678264146,57878.84978569594,13546.685362252058,4.272546991234903,54186.74144900823,3,persistent_core_paired_edge_continuity_first_v2_1,195.0,198.0,2.7538699538651743,1.7694988258306832,0.2821692646637539,0.2169952690601349,0.039829721723450756,1.0,247.0,191.0,,-0.4335077307246138,,2.0,5.287261021897332,246,249,219,235,260,276,False,False,UPPER_SEED_TRAJECTORY_OUTLIER;Z_EDGE_EVIDENCE_UNAVAILABLE;PRIMARY_WINDOW_INCOMPLETE;TRACKING_FAILED;Z_UPPER_UNAVAILABLE;Z_CONTINUITY_REJECTED_CONTINUITY,rejected_continuity,187.0,False,,False,-1,194.0,False,187.0
flow10,427,0,0.25,128.0,19,247.5664922692754,204.0,,,,failed,0.0,failed,0.0,failed,0.0,strong_evidence,0.8314769667858009,True,True,249.0,44149.984375,13284.1884765625,5929.0107421875,5.205893063882291,1.4335077307246138,3.5275590551181097,16.0,231,265,0.1329845385507724,unavailable,0.0,True,False,3.4406111678264146,53523.395730866614,6894.197059546091,7.7635430592682475,27576.788238184363,36,persistent_core_paired_edge_continuity_first_v2_1,192.0,228.0,6.838858567631227,5.560745259797672,-0.5852039397994632,0.16648095846176147,0.020104102055549782,1.0,249.0,192.0,,1.4335077307246138,,3.0,5.205893063882291,247,250,220,236,261,277,False,False,UPPER_SEED_TRAJECTORY_OUTLIER;Z_EDGE_EVIDENCE_UNAVAILABLE;PRIMARY_WINDOW_INCOMPLETE;TRACKING_FAILED;Z_UPPER_UNAVAILABLE;Z_CONTINUITY_REJECTED_CONTINUITY,rejected_continuity,187.0,False,,False,-1,195.0,False,187.0
flow10,428,0,0.25,128.0,19,247.69229025273572,196.0,,,,failed,0.0,failed,0.0,failed,0.0,strong_evidence,0.7335772683002267,True,True,246.0,46749.3515625,14043.60546875,7699.64404296875,4.247695855968383,-1.6922902527357166,3.5275590551181097,16.0,231,265,0.12579798346033044,unavailable,0.0,True,False,3.4406111678264146,59666.44969513938,13565.423265765161,4.398421525535339,54261.693063060644,6,persistent_core_paired_edge_continuity_first_v2_1,193.0,199.0,3.497915675128406,2.731520086264593,0.02811068553486006,0.15182116627693176,0.13391936400946752,1.0,246.0,192.0,,-1.6922902527357166,,4.0,4.247695855968383,247,250,220,236,261,277,False,False,UPPER_SEED_TRAJECTORY_OUTLIER;Z_EDGE_EVIDENCE_UNAVAILABLE;PRIMARY_WINDOW_INCOMPLETE;TRACKING_FAILED;Z_UPPER_UNAVAILABLE;Z_CONTINUITY_REJECTED_CONTINUITY,rejected_continuity,187.0,False,,False,-1,195.0,False,187.0
flow10,429,0,0.25,128.0,19,247.79877594676296,201.0,,,,failed,0.0,failed,0.0,failed,0.0,strong_evidence,0.9416903108105374,True,True,247.0,47283.109375,14012.701171875,3717.427490234375,8.94984725069308,-0.7987759467629587,3.5275590551181097,16.0,231,265,0.10648569402724206,unavailable,0.0,True,False,3.4406111678264146,48239.6872336735,6242.011412853548,7.728227977016888,24968.04565141419,31,persistent_core_paired_edge_continuity_first_v2_1,192.0,223.0,4.811366508244569,2.900938907741965,0.8476039404075442,0.3284994810819626,0.08815385868409689,1.0,247.0,192.0,,-0.7987759467629587,,5.0,8.94984725069308,247,250,220,236,261,277,False,False,UPPER_SEED_TRAJECTORY_OUTLIER;Z_EDGE_EVIDENCE_UNAVAILABLE;PRIMARY_WINDOW_INCOMPLETE;TRACKING_FAILED;Z_UPPER_UNAVAILABLE;Z_CONTINUITY_REJECTED_CONTINUITY,rejected_continuity,187.0,False,,False,-1,195.0,False,187.0
flow10,430,0,0.25,128.0,19,247.87943514666176,200.0,,,,failed,0.0,failed,0.0,failed,0.0,strong_evidence,0.9323260538970568,True,True,247.0,47768.91796875,13429.951171875,5763.43017578125,5.95807804546192,-0.8794351466617627,3.5275590551181097,16.0,231,265,0.08065919989880399,unavailable,0.0,True,False,3.4406111678264146,55941.97873686635,5261.304435407706,10.63272034980263,21045.217741630822,82,persistent_core_paired_edge_continuity_first_v2_1,183.0,265.0,3.245507429499849,1.5276067830027389,0.9614545727007275,0.03420121222734451,0.24770547000486873,1.0,247.0,183.0,,-0.8794351466617627,,6.0,5.95807804546192,247,250,220,236,261,277,False,False,UPPER_SEED_TRAJECTORY_OUTLIER;Z_EDGE_EVIDENCE_UNAVAILABLE;LONG_UNSUPPORTED_Z_GAP;PRIMARY_WINDOW_INCOMPLETE;TRACKING_FAILED;Z_UPPER_UNAVAILABLE;Z_CONTINUITY_REJECTED_CONTINUITY,rejected_continuity,187.0,False,,False,-1,196.0,False,187.0
flow10,431,0,0.25,128.0,19,247.9341067249074,194.0,,,,failed,0.0,failed,0.0,failed,0.0,strong_evidence,0.9953191531305104,True,True,248.0,48735.48828125,14226.1220703125,3952.58984375,8.730823985065172,0.06589327509260556,3.5275590551181097,16.0,231,265,0.054671578245631736,unavailable,0.0,False,False,3.4406111678264146,51880.96404231871,13180.397100873397,3.936221621037565,52721.58840349359,0,persistent_core_paired_edge_continuity_first_v2_1,,,,,,,,,248.0,,,0.06589327509260556,,7.0,8.730823985065172,247,250,220,236,261,277,False,False,NO_VALID_UPPER_COMPONENT;Z_EDGE_EVIDENCE_UNAVAILABLE;LONG_UNSUPPORTED_Z_GAP;PRIMARY_WINDOW_INCOMPLETE;TRACKING_FAILED;Z_UPPER_UNAVAILABLE;Z_CONTINUITY_NO_CANDIDATE,no_candidate,,False,,False,-1,189.0,True,187.0
flow10,432,0,0.25,128.0,19,247.96726671332826,195.0,,,,failed,0.0,failed,0.0,failed,0.0,strong_evidence,0.7040043054273134,True,True,249.0,46817.6796875,18205.890625,8213.1044921875,3.4836752764702084,1.0327332866717427,3.5275590551181097,16.0,231,265,0.033159988420862874,unavailable,0.0,True,False,3.4406111678264146,53513.42766209903,9882.952380153738,5.414720784202198,39531.80952061495,11,persistent_core_paired_edge_continuity_first_v2_1,193.0,204.0,2.8332577824704552,1.9584002909419072,-0.14952231229298624,0.13739964365959167,0.33192265914203745,1.0,249.0,193.0,,1.0327332866717427,,7.0,3.4836752764702084,247,250,220,236,261,277,False,False,UPPER_SEED_TRAJECTORY_OUTLIER;Z_EDGE_EVIDENCE_UNAVAILABLE;LONG_UNSUPPORTED_Z_GAP;PRIMARY_WINDOW_INCOMPLETE;TRACKING_FAILED;Z_UPPER_UNAVAILABLE;Z_CONTINUITY_PENDING_RELOCK,pending_relock,,False,,False,-1,192.0,True,187.0
flow10,433,0,0.25,128.0,19,247.98526421351914,200.0,,,,failed,0.0,failed,0.0,failed,0.0,strong_evidence,0.9989551210319014,True,True,248.0,49208.19140625,16817.11328125,3999.152099609375,8.099486420674989,0.014735786480855495,3.5275590551181097,16.0,231,265,0.017997500190887195,unavailable,0.0,True,False,3.4406111678264146,58802.60238891919,5941.215871481474,9.89740209090508,23764.863485925896,45,persistent_core_paired_edge_continuity_first_v2_1,190.0,235.0,5.026149014792672,2.9866543196802136,0.20992418751797007,0.3606085181236267,0.020299838519334618,1.0,248.0,190.0,,0.014735786480855495,,6.0,8.099486420674989,247,250,220,236,261,277,False,False,UPPER_SEED_TRAJECTORY_OUTLIER;Z_EDGE_EVIDENCE_UNAVAILABLE;LONG_UNSUPPORTED_Z_GAP;PRIMARY_WINDOW_INCOMPLETE;TRACKING_FAILED;Z_UPPER_UNAVAILABLE;Z_CONTINUITY_PENDING_RELOCK,pending_relock,,False,,False,-1,193.0,False,187.0
flow10,434,0,0.25,128.0,19,247.99400509156683,198.0,,,,failed,0.0,failed,0.0,failed,0.0,strong_evidence,0.9259639322495209,True,True,249.0,46738.68359375,15967.408203125,2792.6826171875,11.018536514405147,1.0059949084331663,3.5275590551181097,16.0,231,265,0.008740878047689193,unavailable,0.0,True,False,3.4406111678264146,56118.63837263883,6799.015185520165,8.253936318917845,27196.06074208066,38,persistent_core_paired_edge_continuity_first_v2_1,192.0,230.0,4.483346430254636,2.6700767924843376,0.09492742798895842,0.42146048694849014,0.06228940858705444,1.0,249.0,190.0,,1.0059949084331663,,5.0,11.018536514405147,247,250,220,236,261,277,False,False,UPPER_SEED_TRAJECTORY_OUTLIER;Z_EDGE_EVIDENCE_UNAVAILABLE;PRIMARY_WINDOW_INCOMPLETE;TRACKING_FAILED;Z_UPPER_UNAVAILABLE;Z_CONTINUITY_PENDING_RELOCK,pending_relock,190.0,False,,False,-1,193.0,False,187.0
flow10,435,0,0.25,128.0,19,247.99780386150712,198.0,,,,failed,0.0,failed,0.0,failed,0.0,strong_evidence,0.9998443463744814,True,True,248.0,48615.90625,16261.7822265625,3858.68212890625,8.384760118244913,0.002196138492877253,3.5275590551181097,16.0,231,265,0.0037987699402890485,unavailable,0.0,True,False,3.4406111678264146,56523.866952730554,4054.824110204822,13.939906002451819,16219.296440819287,47,persistent_core_paired_edge_continuity_first_v2_1,189.0,236.0,7.86467641431156,5.423799118807518,2.5576167722988994,0.24473974853754044,0.1975477427256674,1.0,248.0,183.0,,0.002196138492877253,,4.0,8.384760118244913,247,250,220,236,261,277,False,False,UPPER_SEED_TRAJECTORY_OUTLIER;Z_EDGE_EVIDENCE_UNAVAILABLE;PRIMARY_WINDOW_INCOMPLETE;TRACKING_FAILED;Z_UPPER_UNAVAILABLE;Z_CONTINUITY_PENDING_RELOCK,pending_relock,,False,,False,-1,193.0,False,187.0
flow10,436,0,0.25,128.0,19,247.99928118628551,202.0,,,,failed,0.0,failed,0.0,failed,0.0,strong_evidence,0.8792805106879895,True,True,247.0,47437.74609375,13264.62890625,6323.3662109375,5.404260333426665,-0.9992811862855149,3.5275590551181097,16.0,231,265,0.0014773247783921306,unavailable,0.0,True,False,3.4406111678264146,61234.20457622682,11866.891934259389,5.160087823791954,47467.567737037556,17,persistent_core_paired_edge_continuity_first_v2_1,192.0,209.0,3.160152267797702,2.154178670596404,0.6278436380576523,0.10349917411804199,0.0055941229390112455,1.0,247.0,191.0,,-0.9992811862855149,,3.0,5.404260333426665,247,250,220,236,261,277,False,False,UPPER_SEED_TRAJECTORY_OUTLIER;Z_EDGE_EVIDENCE_UNAVAILABLE;PRIMARY_WINDOW_INCOMPLETE;TRACKING_FAILED;Z_UPPER_UNAVAILABLE;Z_CONTINUITY_PENDING_RELOCK,pending_relock,,False,,False,-1,193.0,False,187.0
flow10,437,0,0.25,128.0,19,247.99979529389134,198.0,,,,failed,0.0,failed,0.0,failed,0.0,strong_evidence,0.9264383108629511,True,True,247.0,48570.68359375,9666.53515625,4162.3994140625,9.34656782481371,-0.9997952938913386,3.5275590551181097,16.0,231,265,0.0005141076058237104,unavailable,0.0,True,False,3.4406111678264146,63194.461772053575,1694.9924668912636,37.28303399952963,15798.615443013394,88,persistent_core_paired_edge_continuity_first_v2_1,185.0,273.0,16.416074594452986,9.973646954131722,3.28100649367705,0.3553883954882622,0.16596960581960885,1.0,247.0,183.0,,-0.9997952938913386,,2.0,9.34656782481371,247,250,220,236,261,277,False,False,UPPER_SEED_TRAJECTORY_OUTLIER;Z_EDGE_EVIDENCE_UNAVAILABLE;PRIMARY_WINDOW_INCOMPLETE;TRACKING_FAILED;Z_UPPER_UNAVAILABLE;Z_CONTINUITY_PENDING_RELOCK,pending_relock,,False,,False,-1,193.0,False,187.0
flow10,438,0,0.25,128.0,19,247.99995538865724,195.0,,,,failed,0.0,failed,0.0,failed,0.0,strong_evidence,0.6288204174165551,True,True,246.0,47992.328125,14648.4111328125,10070.3125,3.311110453840186,-1.9999553886572414,3.5275590551181097,16.0,231,265,0.00016009476590284066,unavailable,0.0,True,False,3.4406111678264146,63548.1819086379,2187.265641304755,29.053710124907337,15887.045477159474,76,persistent_core_paired_edge_continuity_first_v2_1,185.0,261.0,11.184943560460937,7.30060126582963,-1.9627344669222766,0.2571694403886795,0.21553577583485226,1.0,246.0,183.0,,-1.9999553886572414,,1.0,3.311110453840186,247,250,220,236,261,277,False,False,UPPER_SEED_TRAJECTORY_OUTLIER;Z_EDGE_EVIDENCE_UNAVAILABLE;PRIMARY_WINDOW_INCOMPLETE;TRACKING_FAILED;Z_UPPER_UNAVAILABLE;Z_CONTINUITY_PENDING_RELOCK,pending_relock,183.0,False,,False,-1,193.0,False,187.0
flow10,439,0,0.25,128.0,19,248.00000000000003,195.0,191.0,210.0,212.0,high_confidence,0.5440681765906048,high_confidence,0.5440681765906048,high_confidence,0.9395421817882403,strong_evidence,0.8829664933828306,True,True,247.0,46039.5546875,9753.3251953125,6657.642578125,5.450312038590518,-1.0000000000000284,3.5275590551181097,16.0,232,265,4.461134278699319e-05,strong_evidence,0.999742932461056,True,True,3.4406111678264146,57823.2017256845,2483.006635799272,23.287574383413357,14455.800431421125,72,persistent_core_paired_edge_continuity_first_v2_1,191.0,263.0,12.77839497854029,9.51149531343695,-1.854899352577484,0.3830149546265602,0.0025771779954497057,1.0,247.0,191.0,190.99469454742115,-1.0000000000000284,0.00530545257885251,0.0,5.450312038590518,247,250,220,236,261,277,True,True,,accepted_relock,,True,441.0,False,1,193.0,False,187.0
flow10,440,0,0.25,128.0,19,248.00000000000003,202.0,191.0,210.0,212.0,high_confidence,0.636492510667172,high_confidence,0.636492510667172,high_confidence,0.9379535164059851,strong_evidence,0.9264226511541223,True,True,249.0,48444.2109375,12645.0078125,4045.756103515625,8.848581627026826,0.9999999999999716,3.5275590551181097,16.0,232,265,0.0,strong_evidence,0.9496279023859855,True,True,3.4406111678264146,54954.97244494,4305.866033886289,12.762815195005036,17223.464135545157,48,persistent_core_paired_edge_continuity_first_v2_1,190.0,238.0,6.282524890347162,3.767898786512793,1.5965726719815516,0.3150336444377899,0.03546872101734858,1.0,249.0,190.0,190.9883641375991,0.9999999999999716,-0.9883641375990919,0.0,8.848581627026826,247,250,220,236,261,277,True,True,,accepted_relock,191.0,False,441.0,False,1,193.0,False,187.0
flow10,441,0,0.25,128.0,19,248.00000000000003,201.0,191.0,210.0,212.0,high_confidence,0.7048115645438862,high_confidence,0.7048115645438862,high_confidence,0.9382538336913497,strong_evidence,0.9264226511541223,True,True,249.0,49489.83203125,15433.45703125,3488.873291015625,9.761425010102919,0.9999999999999716,3.5275590551181097,16.0,232,265,0.0,strong_evidence,0.9502361102028607,True,True,3.4406111678264146,64729.81609807188,1647.0183521333222,39.30121119429528,16182.45402451797,52,persistent_core_paired_edge_continuity_first_v2_1,190.0,242.0,22.082443727935082,16.057861744741366,-2.334658516074506,0.38727935403585434,0.07163660818719707,1.0,249.0,190.0,190.97703429441503,0.9999999999999716,-0.9770342944150343,0.0,9.761425010102919,247,250,220,236,261,277,True,True,,accepted_relock,190.5,False,441.0,False,1,194.0,False,187.0
flow10,442,0,0.25,128.0,19,248.00000000000003,195.0,191.0,210.0,212.0,high_confidence,0.6762604738635972,high_confidence,0.6762604738635972,high_confidence,0.969496520356186,strong_evidence,0.999999999999998,True,True,248.0,45685.41796875,9152.146484375,2173.57470703125,16.80792077962368,-2.842170943040401e-14,3.5275590551181097,16.0,232,265,0.0,strong_evidence,0.9399235029827546,True,True,3.4406111678264146,56612.145895823196,9644.046084367363,5.870165426478971,38576.18433746945,21,persistent_core_paired_edge_continuity_first_v2_1,192.0,213.0,3.139582704587137,1.865577254378497,1.0435623478397862,0.18177813291549683,0.030600619226444643,1.0,248.0,192.0,190.95919697964408,-2.842170943040401e-14,1.0408030203559235,0.0,16.80792077962368,247,250,220,236,261,277,True,True,,accepted,190.0,False,,False,1,194.0,False,190.0
flow10,443,0,0.25,128.0,19,248.00000000000003,203.0,191.0,210.0,212.0,high_confidence,0.978476502542464,high_confidence,0.978476502542464,high_confidence,0.9984127086830248,strong_evidence,0.999999999999998,True,True,248.0,50107.01953125,12192.486328125,2575.97265625,14.718530925060163,-2.842170943040401e-14,3.5275590551181097,16.0,232,265,0.0,strong_evidence,0.9968279368597766,True,True,3.4406111678264146,53622.35718976808,6015.10982994048,8.914609825220545,24060.43931976192,48,persistent_core_paired_edge_continuity_first_v2_1,191.0,239.0,7.321474799159739,5.134384623430623,0.21987422583593566,0.3729379326105118,0.028737028923627037,1.0,248.0,191.0,190.93472448143729,-2.842170943040401e-14,0.0652755185627143,0.0,14.718530925060163,247,250,220,236,261,277,True,True,,accepted,190.5,False,,False,1,194.0,False,190.0
flow10,444,0,0.25,128.0,19,248.00000000000003,201.0,191.0,210.0,212.0,high_confidence,0.5,high_confidence,0.5,high_confidence,0.9278370831495041,strong_evidence,0.9264226511541223,True,True,249.0,48682.7734375,12077.6953125,5419.1708984375,6.7547377285249075,0.9999999999999716,3.5275590551181097,16.0,232,265,0.0,strong_evidence,0.929253674653688,True,True,3.4406111678264146,60061.57866023455,12304.557533746793,4.881246521502958,49218.23013498717,10,persistent_core_paired_edge_continuity_first_v2_1,198.0,208.0,3.9207042399860277,2.656572690756866,0.13540152994970933,0.3397327959537506,0.020253779095406498,1.0,249.0,191.0,190.90595130929296,0.9999999999999716,0.0940486907070408,0.0,6.7547377285249075,247,250,220,236,261,277,True,True,,accepted,191.0,False,,False,1,194.0,False,191.0
flow10,445,0,0.25,128.0,19,248.00000000000003,198.0,191.0,210.0,212.0,model_assisted,0.26660333875472947,model_assisted,0.26660333875472947,model_assisted,0.8382876289339174,strong_evidence,0.9264226511541223,True,True,249.0,48238.14453125,13697.921875,3556.890625,9.710791333722835,0.9999999999999716,3.5275590551181097,16.0,232,265,0.0,weak_evidence,0.7585373133398717,True,False,3.4406111678264146,52166.87924702336,4242.500394429235,12.296257960405361,16970.00157771694,63,persistent_core_paired_edge_continuity_first_v2_1,187.0,250.0,3.0657586608404226,0.5055970290656016,-0.3766329886010988,0.4060029834508896,0.20280801775547125,1.0,249.0,187.0,190.87793809186667,0.9999999999999716,-3.8779380918666675,1.0,9.710791333722835,247,250,220,236,261,277,True,True,UPPER_SEED_TRAJECTORY_OUTLIER;Z_EDGE_EVIDENCE_WEAK;Z_CONTINUITY_REJECTED_CONTINUITY,rejected_continuity,191.0,False,,True,1,194.0,False,191.0
flow10,446,0,0.25,128.0,19,248.00000000000003,198.0,191.0,210.0,212.0,high_confidence,0.5,high_confidence,0.5,high_confidence,0.8979406368147849,strong_evidence,0.9264226511541179,True,True,247.0,49542.40625,16042.185546875,2619.259033203125,12.78996093111003,-1.0000000000000284,3.5275590551181097,16.0,232,265,0.0,strong_evidence,0.8703342758716801,True,True,3.4406111678264146,59522.41274197375,13173.051908060297,4.518498306801122,52692.20763224119,6,persistent_core_paired_edge_continuity_first_v2_1,194.0,200.0,3.1728390999175216,1.8994604970873776,0.014446901977281568,0.42657795175909996,0.014167950661062963,1.0,247.0,190.0,190.8572775974105,-1.0000000000000284,-0.8572775974105014,0.0,12.78996093111003,247,250,220,236,261,277,True,True,,accepted,191.0,False,,False,1,194.0,False,191.0
flow10,447,0,0.25,128.0,19,248.00000000000003,195.0,191.0,210.0,212.0,high_confidence,0.6166932041706737,high_confidence,0.6166932041706737,high_confidence,0.9963246581832388,strong_evidence,0.999999999999998,True,True,248.0,48342.0703125,14675.103515625,5192.40234375,6.483890224223343,-2.842170943040401e-14,3.5275590551181097,16.0,232,265,0.0,strong_evidence,0.9926628245039497,True,True,3.4406111678264146,56577.1142657833,7465.94776402945,7.578021713247032,29863.7910561178,34,persistent_core_paired_edge_continuity_first_v2_1,191.0,225.0,4.963121969146188,3.3974252684691653,-0.07411834928533852,0.25408391654491425,0.013922841435951221,1.0,248.0,191.0,190.84964240841774,-2.842170943040401e-14,0.1503575915822637,0.0,6.483890224223343,247,250,220,236,261,277,True,True,,accepted,191.0,False,,False,1,194.0,False,191.0
flow10,448,0,0.25,128.0,19,248.00000000000003,194.0,191.0,210.0,212.0,model_assisted,0.3015318584088379,model_assisted,0.3015318584088379,model_assisted,0.880174911849478,strong_evidence,0.9264226511541223,True,True,249.0,46930.9765625,12728.998046875,4376.07470703125,7.815675189610231,0.9999999999999716,3.5275590551181097,16.0,232,265,0.0,weak_evidence,0.8362358956617888,True,False,3.4406111678264146,51678.313939335654,8304.748644807789,6.222742692115727,33218.994579231156,27,persistent_core_paired_edge_continuity_first_v2_1,189.0,216.0,4.68451576286218,2.9571683825712305,0.3768270114090443,0.4759761355817318,0.03389411384907697,1.0,249.0,188.0,190.8572775974105,0.9999999999999716,-2.8572775974105014,1.0,7.815675189610231,247,250,220,236,261,277,True,True,UPPER_SEED_TRAJECTORY_OUTLIER;Z_EDGE_EVIDENCE_WEAK;Z_CONTINUITY_REJECTED_CONTINUITY,rejected_continuity,191.0,False,,True,1,194.0,False,191.0
flow10,449,0,0.25,128.0,19,248.00000000000003,194.0,191.0,210.0,212.0,model_assisted,0.005028437241983749,model_assisted,0.005028437241983749,model_assisted,0.0,strong_evidence,0.999999999999998,True,True,248.0,48749.3203125,9837.63671875,1355.9708251953125,28.696549269889495,-2.842170943040401e-14,3.5275590551181097,16.0,232,265,0.0,weak_evidence,0.0,True,False,3.4406111678264146,62389.267409570406,1187.478945115295,52.539261993830884,15597.316852392602,86,persistent_core_paired_edge_continuity_first_v2_1,188.0,274.0,21.407432668672897,18.825835224445584,-4.743561549139803,-0.04328466206789017,0.19365112772642964,1.0,248.0,175.0,190.87793809186667,-2.842170943040401e-14,-15.877938091866667,1.0,28.696549269889495,247,250,220,236,261,277,True,True,UPPER_SEED_TRAJECTORY_OUTLIER;Z_EDGE_EVIDENCE_WEAK;Z_CONTINUITY_REJECTED_CONTINUITY,rejected_continuity,191.0,False,,True,1,194.0,False,191.0
flow10,450,0,0.25,128.0,19,248.00000000000003,198.0,191.0,210.0,212.0,high_confidence,0.5,high_confidence,0.5,high_confidence,0.9351408706061887,strong_evidence,0.999999999999998,True,True,248.0,48288.7578125,17120.29296875,4082.38525390625,7.634866115079733,-2.842170943040401e-14,3.5275590551181097,16.0,232,265,0.0,strong_evidence,0.8744884478781023,True,True,3.4406111678264146,59363.616699386745,12846.916164878368,4.620845651789835,51387.66465951347,9,persistent_core_paired_edge_continuity_first_v2_1,192.0,201.0,3.7199044104656953,2.860127482155023,0.20113473080584726,0.0692579448223114,0.03076180060508561,1.0,248.0,190.0,190.90595130929296,-2.842170943040401e-14,-0.9059513092929592,0.0,7.634866115079733,247,250,220,236,261,277,True,True,,accepted,191.0,False,,False,1,195.0,False,191.0
flow10,451,0,0.25,128.0,19,248.00000000000003,195.0,191.0,210.0,212.0,high_confidence,0.5,high_confidence,0.5,high_confidence,0.826664231630276,strong_evidence,0.9264226511541179,True,True,247.0,43919.75390625,9669.978515625,4255.2529296875,8.048822468736367,-1.0000000000000284,3.5275590551181097,16.0,232,265,0.0,strong_evidence,0.7376479310016243,True,True,3.4406111678264146,54847.51264171981,12832.764139211104,4.274021718682626,51331.056556844414,4,persistent_core_paired_edge_continuity_first_v2_1,194.0,198.0,3.081579415842305,2.1997549968465706,0.13841466969065047,0.13845577836036682,0.03431274652718672,1.0,247.0,192.0,190.9347021757659,-1.0000000000000284,1.0652978242341078,0.0,8.048822468736367,247,250,220,236,261,277,True,True,,accepted,191.0,False,,False,1,194.0,False,191.0
flow10,452,0,0.25,128.0,19,248.00000000000003,195.0,191.0,210.0,212.0,high_confidence,0.5534332315149153,high_confidence,0.5534332315149153,high_confidence,0.9455456557738791,strong_evidence,0.8958361850919531,True,True,249.0,42994.9140625,12681.671875,5403.0908203125,5.610352147615162,0.9999999999999716,3.5275590551181097,16.0,232,265,0.0,strong_evidence,0.998013478391794,True,True,3.4406111678264146,57243.241480351615,6380.002302955432,8.972291664194952,25520.00921182173,37,persistent_core_paired_edge_continuity_first_v2_1,191.0,228.0,5.192036041662673,3.2204139544987824,-0.08407462804044107,0.40578246116638184,0.037625032132154956,1.0,249.0,191.0,190.95907232091835,0.9999999999999716,0.04092767908164774,0.0,5.610352147615162,247,250,220,236,261,277,True,True,,accepted,191.0,False,,False,1,194.0,False,191.0
flow10,453,0,0.25,128.0,19,248.00000000000003,196.0,191.0,210.0,212.0,high_confidence,0.5,high_confidence,0.5,high_confidence,0.9748132548629589,strong_evidence,0.999999999999998,True,True,248.0,42039.59375,11564.513671875,4691.7138671875,6.495511222723739,-2.842170943040401e-14,3.5275590551181097,16.0,232,265,0.0,strong_evidence,0.9502608818565179,True,True,3.4406111678264146,50002.418229150106,4103.956683161416,12.183953703583335,16415.826732645663,37,persistent_core_paired_edge_continuity_first_v2_1,190.0,227.0,7.344286626030919,5.305223937950035,-0.43461139076695204,0.3709462024271488,0.05160328245042185,1.0,248.0,190.0,190.97657253450348,-2.842170943040401e-14,-0.9765725345034753,0.0,6.495511222723739,247,250,220,236,261,277,True,True,,accepted,191.0,False,,False,1,194.0,False,191.0
flow10,454,0,0.25,128.0,19,248.00000000000003,194.0,191.0,210.0,212.0,high_confidence,0.5,high_confidence,0.5,high_confidence,0.9379921763095677,strong_evidence,0.9264226511541223,True,True,249.0,44021.2265625,9113.703125,5505.57177734375,6.340399298970122,0.9999999999999716,3.5275590551181097,16.0,232,265,0.0,strong_evidence,0.9497061861795824,True,True,3.4406111678264146,57149.19581786134,1643.3613271289257,34.77579450996649,14287.298954465336,48,persistent_core_paired_edge_continuity_first_v2_1,190.0,238.0,27.39797311041929,20.81478287835285,2.391820298626578,0.43080227077007294,0.00977323878842191,1.0,249.0,190.0,190.98690666149542,0.9999999999999716,-0.9869066614954249,0.0,6.340399298970122,247,250,220,236,261,277,True,True,,accepted,191.0,False,,False,1,194.0,False,191.0
flow10,455,0,0.25,128.0,19,248.00000000000003,203.0,191.0,210.0,212.0,high_confidence,0.5,high_confidence,0.5,high_confidence,0.9373946198029235,strong_evidence,0.9264226511541179,True,True,247.0,43308.98828125,14142.07421875,4770.97509765625,6.113407315168821,-1.0000000000000284,3.5275590551181097,16.0,232,265,0.0,strong_evidence,0.9484965335646647,True,True,3.4406111678264146,48390.09377463464,3422.040274394996,14.14071427993051,13688.161097579983,32,persistent_core_paired_edge_continuity_first_v2_1,192.0,224.0,10.994551223798451,8.187874434339713,-0.13844733393699005,0.4523130916059017,0.04292103149721003,1.0,247.0,192.0,190.9905990239581,-1.0000000000000284,1.0094009760418885,0.0,6.113407315168821,247,250,220,236,261,277,True,True,,accepted,190.0,False,,False,1,194.0,False,190.0
flow10,456,0,0.25,128.0,19,248.00000000000003,201.0,191.0,210.0,212.0,model_assisted,0.1207501509021886,model_assisted,0.1207501509021886,model_assisted,0.8065105323039545,strong_evidence,0.999999999999998,True,True,248.0,46592.0703125,12763.84375,5313.5283203125,6.36643385021245,-2.842170943040401e-14,3.5275590551181097,16.0,232,265,0.0,weak_evidence,0.6504592387172095,True,False,3.4406111678264146,51090.3628037932,5088.449436283668,10.04045799089376,20353.79774513467,50,persistent_core_paired_edge_continuity_first_v2_1,186.0,236.0,5.9595635251610775,3.881298775350397,1.4348273399286,0.31427834928035736,0.0868284756300897,1.0,248.0,186.0,190.98745836430504,-2.842170943040401e-14,-4.987458364305041,1.0,6.36643385021245,247,250,220,236,261,277,True,True,UPPER_SEED_TRAJECTORY_OUTLIER;Z_EDGE_EVIDENCE_WEAK;Z_CONTINUITY_REJECTED_CONTINUITY,rejected_continuity,191.0,False,,True,1,194.0,False,191.0
flow10,457,0,0.25,128.0,19,248.00000000000003,195.0,191.0,210.0,212.0,high_confidence,0.9352062256817445,high_confidence,0.9352062256817445,high_confidence,0.9994048069689975,strong_evidence,0.999999999999998,True,True,248.0,48619.7734375,16593.146484375,3396.65673828125,9.42886768397176,-2.842170943040401e-14,3.5275590551181097,16.0,232,265,0.0,strong_evidence,0.9988099681927411,True,True,3.4406111678264146,63864.66126119571,7749.875023914886,8.240734342698365,30999.500095659543,22,persistent_core_paired_edge_continuity_first_v2_1,191.0,213.0,6.211897315641733,4.4073701133683185,-0.06828940906492272,0.3264675587415695,0.039608200546680156,1.0,248.0,191.0,190.975462603106,-2.842170943040401e-14,0.02453739689400436,0.0,9.42886768397176,247,250,220,236,261,277,True,True,,accepted,191.0,False,,False,1,194.0,False,191.0
flow10,458,0,0.25,128.0,19,248.00000000000003,197.0,191.0,210.0,212.0,high_confidence,0.5224193190798636,high_confidence,0.5224193190798636,high_confidence,0.950588400250888,strong_evidence,0.999999999999998,True,True,248.0,48879.8828125,11552.7470703125,3614.00537109375,10.32846714638134,-2.842170943040401e-14,3.5275590551181097,16.0,232,265,4.461134275857148e-05,strong_evidence,0.9036183066915442,True,True,3.4406111678264146,62044.95988200062,11877.513073558475,5.223733242619963,47510.0522942339,12,persistent_core_paired_edge_continuity_first_v2_1,194.0,206.0,3.6394800407813985,2.496571779886244,0.3716781552670294,0.25940191745758057,0.09337599705249407,1.0,248.0,192.0,190.95042043208537,-2.842170943040401e-14,1.049579567914634,0.0,10.32846714638134,247,250,220,236,261,277,True,True,,accepted,191.0,False,,False,1,195.0,False,191.0
flow10,459,0,0.25,128.0,19,248.0000446113428,204.0,191.0,210.0,212.0,model_assisted,0.12420486202900967,model_assisted,0.12420486202900967,model_assisted,0.8121424858111176,strong_evidence,0.9999968383652398,True,True,248.0,47325.2109375,15508.44921875,4991.1484375,6.374637444100259,-4.461134278699319e-05,3.5275590551181097,16.0,232,266,0.00016009476590284066,weak_evidence,0.6595775026026206,True,False,3.4406111678264146,64342.30975889935,1353.2835562817238,47.545327407720826,16085.577439724837,84,persistent_core_paired_edge_continuity_first_v2_1,187.0,271.0,11.144383208822989,3.3084065570454344,3.6803758391864863,0.4101068526506424,0.256899668132465,1.0,248.0,186.0,190.90669526519122,-4.461134278699319e-05,-4.9066952651912175,1.0,6.374637444100259,247,250,220,236,261,277,True,True,UPPER_SEED_TRAJECTORY_OUTLIER;Z_EDGE_EVIDENCE_WEAK;Z_CONTINUITY_REJECTED_CONTINUITY,rejected_continuity,191.0,False,,True,1,195.0,False,191.0
flow10,460,0,0.25,128.0,19,248.0002047061087,196.0,191.0,210.0,212.0,high_confidence,0.70367568331893,high_confidence,0.70367568331893,high_confidence,0.9960569456425682,strong_evidence,0.9999854922631759,True,True,248.0,46849.109375,8716.1484375,5136.10595703125,7.42448875792692,-0.00020470610868983385,3.5275590551181097,16.0,232,266,0.0005141076057952887,strong_evidence,0.992143832724419,True,True,3.4406111678264146,65076.061027363045,1116.7191646027659,58.27432992117727,16269.015256840761,63,persistent_core_paired_edge_continuity_first_v2_1,191.0,254.0,37.98505588792803,28.907680414886308,-1.0012410047241642,0.08276370167732239,0.0036643900610777947,1.0,248.0,191.0,190.83909067626473,-0.00020470610868983385,0.16090932373526812,0.0,7.42448875792692,247,250,220,236,261,277,True,True,,accepted,191.0,False,,False,1,195.0,False,191.0
flow10,461,0,0.25,128.0,19,248.00071881371449,198.0,191.0,210.0,212.0,model_assisted,0.05180175457728371,model_assisted,0.05180175457728371,model_assisted,0.0,strong_evidence,0.9999490559893295,True,True,248.0,47784.21484375,12262.9609375,5186.36474609375,6.848969489275468,-0.0007188137144851225,3.5275590551181097,16.0,232,266,0.0014773247784205523,weak_evidence,0.0,True,False,3.4406111678264146,61747.290824252384,4454.808055942647,13.86081960184175,17819.23222377059,58,persistent_core_paired_edge_continuity_first_v2_1,189.0,247.0,5.658596539505173,3.2973515784461194,1.2432995560286297,0.15791460871696472,0.26838613321462235,1.0,248.0,183.0,190.74553309974934,-0.0007188137144851225,-7.745533099749338,1.0,6.848969489275468,247,250,220,236,261,277,True,True,UPPER_SEED_TRAJECTORY_OUTLIER;Z_EDGE_EVIDENCE_WEAK;Z_CONTINUITY_REJECTED_CONTINUITY,rejected_continuity,191.0,False,,True,1,196.0,False,191.0
flow10,462,0,0.25,128.0,19,248.0021961384929,204.0,191.0,210.0,212.0,high_confidence,0.5239780928888332,high_confidence,0.5239780928888332,high_confidence,0.9471573579957503,strong_evidence,0.9262546332129403,True,True,247.0,45730.8125,13872.318359375,4929.44921875,6.462891233252955,-1.0021961384929057,3.5275590551181097,16.0,232,266,0.0037987699402890485,strong_evidence,0.9685317931351718,True,True,3.4406111678264146,52942.44828460878,6246.563114746146,8.475452390712025,24986.252458984585,40,persistent_core_paired_edge_continuity_first_v2_1,190.0,230.0,5.529649043221604,3.608241855253889,1.462784960999605,0.3140578866004944,0.05848507275283952,1.0,247.0,190.0,190.62939126100557,-1.0021961384929057,-0.6293912610055656,0.0,6.462891233252955,247,250,220,236,261,277,True,True,,accepted,191.0,False,,False,1,197.0,False,191.0
flow10,463,0,0.25,128.0,19,248.0059949084332,201.0,191.0,210.0,212.0,high_confidence,0.5073335821348044,high_confidence,0.5073335821348044,high_confidence,0.9463117123349204,strong_evidence,0.9268811430360776,True,True,249.0,48190.671875,9247.71875,6140.38232421875,6.342105600070232,0.9940050915668053,3.5275590551181097,16.0,232,266,0.008740878047717615,strong_evidence,0.9661496122026432,True,True,3.4406111678264146,64145.15338441938,10993.01245828849,5.8350842071551865,43972.04983315396,15,persistent_core_paired_edge_continuity_first_v2_1,192.0,207.0,4.431119059906032,2.9305929921325804,0.2249765193901015,0.4873496890068054,0.021475141382486646,1.0,249.0,190.0,190.50001487044761,0.9940050915668053,-0.5000148704476146,0.0,6.342105600070232,247,250,220,236,261,277,True,True,,accepted,191.0,False,,False,1,197.0,False,191.0
flow10,464,0,0.25,128.0,19,248.0147357864809,206.0,190.0,209.0,211.0,high_confidence,0.5947215569855603,high_confidence,0.5947215569855603,high_confidence,0.9902958337113409,strong_evidence,0.9989551210318974,True,True,248.0,47737.55859375,17629.859375,4474.0712890625,6.7293740473810795,-0.014735786480912338,3.5275590551181097,16.0,232,266,0.017997500190858773,strong_evidence,0.9817116080780628,True,True,3.4406111678264146,44607.20776951054,2044.7115070944162,21.81589315399239,11151.801942377635,82,persistent_core_paired_edge_continuity_first_v2_1,190.0,272.0,8.22882553600399,3.9558412424385705,-0.14455826946781697,0.39474959671497345,0.14260812633224723,1.0,248.0,190.0,190.37067697436402,-0.014735786480912338,-0.3706769743640166,0.0,6.7293740473810795,247,250,220,236,261,277,True,True,,accepted,191.0,False,,False,1,197.0,False,191.0
flow10,465,0,0.25,128.0,19,248.03273328667177,195.0,190.0,209.0,211.0,high_confidence,0.5140074028167831,high_confidence,0.5140074028167831,high_confidence,0.9799356059968664,strong_evidence,0.9976774773822272,True,True,248.0,48071.11328125,11832.06640625,5499.3974609375,6.589639525494892,-0.03273328667177111,3.5275590551181097,16.0,232,266,0.033159988420862874,strong_evidence,0.9625092413833739,True,True,3.4406111678264146,61147.30949281632,2995.420397845128,20.413598550909587,15286.82737320408,76,persistent_core_paired_edge_continuity_first_v2_1,191.0,267.0,13.673373587798956,9.561495328130578,0.16079481925177722,0.3161899596452713,0.027046256162281537,1.0,248.0,191.0,190.2547065048222,-0.03273328667177111,0.7452934951778047,0.0,6.589639525494892,247,250,220,236,261,277,True,True,,accepted,190.0,False,,False,1,197.0,False,190.0
flow10,466,0,0.25,128.0,19,248.06589327509263,198.0,190.0,209.0,211.0,high_confidence,0.7561936131688036,high_confidence,0.7561936131688036,high_confidence,0.9032519056371703,strong_evidence,0.8519727933182049,True,True,250.0,47834.08984375,14555.8212890625,2956.099365234375,11.257493217603335,1.934106724907366,3.5275590551181097,16.0,232,266,0.05467157824566016,strong_evidence,0.9576174397067406,True,True,3.4406111678264146,55554.42792027684,4067.832367652607,13.657010146741914,16271.329470610428,51,persistent_core_paired_edge_continuity_first_v2_1,191.0,242.0,4.1699822186968865,1.6939881566140615,1.4279297933379487,0.34917475283145905,0.0025711306234161143,1.0,250.0,191.0,190.16162649945198,1.934106724907366,0.8383735005480162,0.0,11.257493217603335,247,250,220,236,261,277,True,True,,accepted,190.0,False,,False,1,197.0,False,190.0
flow10,467,0,0.25,128.0,19,248.1205648533383,194.0,190.0,209.0,211.0,model_assisted,0.34144117249980116,model_assisted,0.34144117249980116,model_assisted,0.9372303081191771,strong_evidence,0.991418684770063,True,True,248.0,47331.2109375,17545.751953125,4338.83544921875,6.864851025806513,-0.12056485333829414,3.5275590551181097,16.0,232,266,0.08065919989877557,weak_evidence,0.8860037277398022,True,False,3.4406111678264146,46388.936176985015,5806.796609450455,7.988731015907784,23227.18643780182,52,persistent_core_paired_edge_continuity_first_v2_1,188.0,240.0,6.829462111415653,5.03399633353145,0.21858798194459783,0.2686634510755539,0.00015319248918606383,1.0,248.0,188.0,190.0952273670265,-0.12056485333829414,-2.095227367026496,1.0,6.864851025806513,247,250,220,236,261,277,True,True,UPPER_SEED_TRAJECTORY_OUTLIER;Z_EDGE_EVIDENCE_WEAK;Z_CONTINUITY_REJECTED_CONTINUITY,rejected_continuity,190.0,False,,True,1,196.0,False,190.0
flow10,468,0,0.25,128.0,19,248.20122405323707,201.0,190.0,209.0,211.0,high_confidence,0.5042204344595427,high_confidence,0.5042204344595427,high_confidence,0.9358225722208392,strong_evidence,0.9856359810279746,True,True,248.0,49601.734375,15037.34765625,2881.608154296875,11.994825412750771,-0.2012240532370697,3.5275590551181097,16.0,232,266,0.10648569402724206,strong_evidence,0.8885267010693391,True,True,3.4406111678264146,52240.975057443015,4983.100743227495,10.48362811617715,19932.40297290998,40,persistent_core_paired_edge_continuity_first_v2_1,189.0,229.0,5.338853637001122,3.0434367370194284,-0.1884145475370477,0.39458922296762466,0.1369265303803128,1.0,248.0,188.0,190.05422520970916,-0.2012240532370697,-2.054225209709159,0.0,11.994825412750771,247,250,220,236,261,277,True,True,,accepted,190.0,False,,False,1,196.0,False,190.0
flow10,469,0,0.25,128.0,19,248.3077097472643,201.0,190.0,209.0,211.0,high_confidence,0.9885178844269703,high_confidence,0.9885178844269703,high_confidence,0.9736909180743651,strong_evidence,0.9496704890843387,True,True,249.0,47197.18359375,12595.6796875,1816.326171875,19.05026995813794,0.6922902527356882,3.5275590551181097,16.0,232,266,0.12579798346030202,strong_evidence,0.9983189062288562,True,True,3.4406111678264146,55057.775868596866,5670.911030626343,9.708806146182093,22683.64412250537,47,persistent_core_paired_edge_continuity_first_v2_1,190.0,237.0,5.226567937327834,3.9827175697162884,-1.424540711337325,0.2095450460910797,0.07077397069181009,1.0,249.0,190.0,190.03464563213356,0.6922902527356882,-0.034645632133560866,0.0,19.05026995813794,247,250,220,236,261,277,True,True,,accepted,190.0,False,,False,1,197.0,False,190.0
flow10,470,0,0.25,128.0,19,248.4335077307246,201.0,190.0,209.0,211.0,high_confidence,0.5079139388358128,high_confidence,0.5079139388358128,high_confidence,0.8912549233954182,strong_evidence,0.8926438698304903,True,True,247.0,49597.94140625,10883.693359375,2434.62890625,15.901498560002567,-1.4335077307246138,3.5275590551181097,16.0,232,266,0.1330291498935594,strong_evidence,0.8898681381494438,True,True,3.4406111678264146,57652.92647777141,5932.4139973586425,9.718291154906062,23729.65598943457,48,persistent_core_paired_edge_continuity_first_v2_1,188.0,236.0,4.832570122408793,2.6702100642368096,1.6712780664887352,0.35011057555675507,0.035487672410035406,1.0,247.0,188.0,190.0323297724879,-1.4335077307246138,-2.0323297724879126,0.0,15.901498560002567,247,250,220,236,261,277,True,True,,accepted,190.0,False,,False,1,196.0,False,190.0
flow10,471,0,0.25,128.0,19,248.56653688061817,200.0,190.0,209.0,211.0,model_assisted,0.024273491193866632,model_assisted,0.024273491193866632,model_assisted,0.0,strong_evidence,0.8797669490536028,True,True,249.0,46687.62109375,13400.412109375,6727.49072265625,4.947938296261528,0.4334631193818268,3.5275590551181097,16.0,232,266,0.1330291498935594,weak_evidence,0.0,True,False,3.4406111678264146,48783.2141155392,3897.3614542471487,12.516984808370212,15589.445816988595,52,persistent_core_paired_edge_continuity_first_v2_1,182.0,234.0,4.570736656748627,3.045496929513081,-0.7942894524906228,0.15598287619650364,0.24328411925686946,1.0,249.0,181.0,190.04426893746154,0.4334631193818268,-9.044268937461538,1.0,4.947938296261528,248,251,221,237,262,278,True,True,UPPER_SEED_TRAJECTORY_OUTLIER;Z_EDGE_EVIDENCE_WEAK;Z_CONTINUITY_REJECTED_CONTINUITY,rejected_continuity,190.0,False,,True,1,195.0,False,190.0
flow10,472,0,0.25,128.0,19,248.69249495884438,196.0,190.0,209.0,211.0,high_confidence,0.8933135035978033,high_confidence,0.8933135035978033,high_confidence,0.9872740081388532,strong_evidence,0.9779641639635448,True,True,249.0,48622.0625,14434.4462890625,3740.70751953125,9.13934490532464,0.30750504115562194,3.5275590551181097,16.0,232,266,0.12595807822620486,strong_evidence,0.9966724784640375,True,True,3.4406111678264146,60382.50732434506,2560.051472761501,23.586442681643067,15095.626831086265,53,persistent_core_paired_edge_continuity_first_v2_1,190.0,243.0,10.948756211519443,6.646699238060997,-0.13310206959548274,0.4070189297199249,0.009281924390390222,1.0,249.0,190.0,190.0684639251465,0.30750504115562194,-0.06846392514648869,0.0,9.13934490532464,248,251,221,237,262,278,True,True,,accepted,190.0,False,,False,1,195.0,False,190.0
flow10,473,0,0.25,128.0,19,248.79949476047744,197.0,190.0,209.0,211.0,high_confidence,0.8855828897359137,high_confidence,0.8855828897359137,high_confidence,0.9903307203408778,strong_evidence,0.9856876647919617,True,True,249.0,44849.90234375,16566.146484375,3086.22216796875,9.16452358904234,0.20050523952255617,3.5275590551181097,16.0,232,266,0.10699980163306577,strong_evidence,0.994995646879561,True,True,3.4406111678264146,46643.34127544532,3938.411934634184,11.843185032339118,15753.647738536736,50,persistent_core_paired_edge_continuity_first_v2_1,192.0,242.0,7.054327222109335,4.637493293133599,0.9359027635739795,0.41948870569467545,0.051955511485609326,1.0,249.0,190.0,190.10279207109488,0.20050523952255617,-0.10279207109488198,0.0,9.16452358904234,248,251,221,237,262,278,True,True,,accepted,190.0,False,,False,1,195.0,False,190.0
flow10,474,0,0.25,128.0,19,248.8816312851546,202.0,190.0,209.0,211.0,high_confidence,0.7594723057854716,high_confidence,0.7594723057854716,high_confidence,0.9922781534164549,strong_evidence,0.9915756610235004,True,True,249.0,44308.8671875,14607.3173828125,3727.677734375,7.967842694874856,0.11836871484538847,3.5275590551181097,16.0,232,266,0.0821365246771677,strong_evidence,0.9929811434976662,True,True,3.4406111678264146,45659.42679559549,5501.876572849871,8.29888242511859,22007.506291399484,39,persistent_core_paired_edge_continuity_first_v2_1,190.0,229.0,5.353822125369648,3.4331174686593293,0.9859308262058615,0.3905654400587082,0.07160560723841208,1.0,249.0,190.0,190.14388031902206,0.11836871484538847,-0.14388031902205967,0.0,7.967842694874856,248,251,221,237,262,278,True,True,,accepted,190.0,False,,False,1,194.0,False,190.0
flow10,475,0,0.25,128.0,19,248.9401016333406,195.0,190.0,209.0,211.0,model_assisted,7.5792961919764595e-146,model_assisted,7.5792961919764595e-146,model_assisted,0.0,strong_evidence,0.9309935484408873,True,True,248.0,47017.375,8542.49609375,2802.0908203125,13.730775115261658,-0.9401016333405892,3.5275590551181097,16.0,232,266,0.05847034818597763,unavailable,0.0,False,False,3.4406111678264146,55646.95437513001,14094.939966220818,3.948009321677888,56379.75986488327,0,persistent_core_paired_edge_continuity_first_v2_1,,,,,,,,,248.0,,190.18677908869213,-0.9401016333405892,,1.0,13.730775115261658,248,251,221,237,262,278,True,True,NO_VALID_UPPER_COMPONENT;Z_EDGE_EVIDENCE_UNAVAILABLE;Z_CONTINUITY_NO_CANDIDATE,no_candidate,,False,,True,1,194.0,False,190.0
flow10,476,0,0.25,128.0,19,248.98200249980914,195.0,190.0,209.0,211.0,model_assisted,7.4155737451641295e-146,model_assisted,7.4155737451641295e-146,model_assisted,0.0,strong_evidence,0.9987236930402281,True,True,249.0,46129.44921875,14689.7373046875,2722.7529296875,11.547030790513537,0.017997500190858773,3.5275590551181097,16.0,232,266,0.04190086646855207,unavailable,0.0,False,False,3.4406111678264146,53260.72403904249,13560.866228872957,3.9275311134360322,54243.46491549183,0,persistent_core_paired_edge_continuity_first_v2_1,,,,,,,,,249.0,,190.22557033127157,0.017997500190858773,,1.0,11.547030790513537,248,251,221,237,262,278,True,True,NO_VALID_UPPER_COMPONENT;Z_EDGE_EVIDENCE_UNAVAILABLE;Z_CONTINUITY_NO_CANDIDATE,no_candidate,,False,,True,1,195.0,False,190.0
flow10,477,0,0.25,128.0,19,249.01799750019086,196.0,190.0,209.0,211.0,high_confidence,0.5,high_confidence,0.5,high_confidence,0.8586010717630724,strong_evidence,0.9250448332980085,True,True,248.0,49030.74609375,11179.212890625,3556.4931640625,10.642937145389608,-1.0179975001908588,3.5275590551181097,16.0,233,267,0.04190086646855207,strong_evidence,0.7969298069634263,True,True,3.4406111678264146,62264.35912717135,12322.811610653482,5.052772134675965,49291.24644261393,11,persistent_core_paired_edge_continuity_first_v2_1,193.0,204.0,3.397518657337822,2.466461408907841,0.9818998298222394,0.12391388416290283,0.17706958770902834,1.0,248.0,193.0,190.25446158722892,-1.0179975001908588,2.745538412771083,0.0,10.642937145389608,248,251,221,237,262,278,True,True,,accepted,190.0,False,,False,1,195.0,False,190.0
flow10,478,0,0.25,128.0,19,249.0598983666594,194.0,190.0,209.0,211.0,model_assisted,0.15210653628552748,model_assisted,0.15210653628552748,model_assisted,0.7835158450720641,strong_evidence,0.9957459220769491,True,True,249.0,44868.0546875,16414.1875,3230.512939453125,8.807848078861678,-0.05989836665941084,3.5275590551181097,16.0,233,267,0.058470348185949206,weak_evidence,0.6165198027610401,True,False,3.4406111678264146,40576.30347553927,2191.093815057378,18.51874310296326,10144.075868884818,59,persistent_core_paired_edge_continuity_first_v2_1,186.0,245.0,11.587317853349228,7.902647128900393,1.6023653595541765,0.32837916910648346,0.16042276696985205,1.0,249.0,185.0,190.26869649567743,-0.05989836665941084,-5.268696495677432,1.0,8.807848078861678,248,251,221,237,262,278,True,True,UPPER_SEED_TRAJECTORY_OUTLIER;Z_EDGE_EVIDENCE_WEAK;Z_CONTINUITY_REJECTED_CONTINUITY,rejected_continuity,190.0,False,,True,1,194.0,False,190.0
flow10,479,0,0.25,128.0,19,249.11836871484536,203.0,190.0,209.0,211.0,model_assisted,0.266357981402627,model_assisted,0.266357981402627,model_assisted,0.8535382863721339,strong_evidence,0.8322157776281934,True,True,251.0,46434.58984375,11184.1171875,6220.4365234375,5.666880856903286,1.88163128515464,3.5275590551181097,16.0,233,267,0.08213652467719612,weak_evidence,0.8754071070118079,True,False,3.4406111678264146,59945.480663046605,3022.941633955508,19.830181300790834,14986.370165761651,64,persistent_core_paired_edge_continuity_first_v2_1,188.0,252.0,12.769386376036017,8.620919497097793,3.775613530341812,0.4223763048648834,0.09075317565722535,1.0,251.0,188.0,190.26490352054174,1.88163128515464,-2.2649035205417363,1.0,5.666880856903286,248,251,221,237,262,278,True,True,UPPER_SEED_TRAJECTORY_OUTLIER;Z_EDGE_EVIDENCE_WEAK;Z_CONTINUITY_REJECTED_CONTINUITY,rejected_continuity,190.0,False,,True,1,195.0,False,190.0
flow10,480,0,0.25,128.0,19,249.20050523952256,204.0,190.0,209.0,211.0,high_confidence,0.7764649771175142,high_confidence,0.7764649771175142,high_confidence,0.9736662416484554,strong_evidence,0.9856876647919617,True,True,249.0,46704.9453125,16011.369140625,2572.508544921875,11.931379677033158,-0.20050523952255617,3.5275590551181097,16.0,233,267,0.10699980163306577,strong_evidence,0.9617914314935836,True,True,3.4406111678264146,57533.06469961756,7493.5693151652085,7.677658306727645,29974.277260660834,34,persistent_core_paired_edge_continuity_first_v2_1,191.0,225.0,5.5103169304780355,3.786526057286123,0.5913122465459981,0.3471428006887436,0.05822081397403616,1.0,249.0,191.0,190.2409887772113,-0.20050523952255617,0.7590112227887005,0.0,11.931379677033158,248,251,221,237,262,278,True,True,,accepted,190.0,False,,False,1,195.0,False,190.0
flow10,481,0,0.25,128.0,19,249.30750504115562,195.0,190.0,209.0,211.0,high_confidence,0.5087310331502808,high_confidence,0.5087310331502808,high_confidence,0.9686528817499183,strong_evidence,0.9779641639635448,True,True,249.0,49367.671875,13818.345703125,5345.07275390625,6.65085917603181,-0.30750504115562194,3.5275590551181097,16.0,233,267,0.12595807822620486,strong_evidence,0.9594302530674298,True,True,3.4406111678264146,57175.582296454486,7370.477539240214,7.757378269189927,29481.910156960857,50,persistent_core_paired_edge_continuity_first_v2_1,191.0,241.0,4.24905849142799,2.595371634290976,-0.06650080552950136,0.2746388912200928,0.013965913773607721,1.0,249.0,191.0,190.19600966921342,-0.30750504115562194,0.8039903307865757,0.0,6.65085917603181,248,251,221,237,262,278,True,True,,accepted,190.0,False,,False,1,195.0,False,190.0
flow10,482,0,0.25,128.0,19,249.43346311938183,194.0,190.0,209.0,211.0,model_assisted,0.15786602480145778,model_assisted,0.15786602480145778,model_assisted,0.8109138945664802,strong_evidence,0.8926474116948291,True,True,248.0,49913.03125,17210.537109375,5228.369140625,6.254817374412806,-1.4334631193818268,3.5275590551181097,16.0,233,267,0.1330291498935594,weak_evidence,0.7366641473282903,True,False,3.4406111678264146,61512.11026715113,2380.238974235816,25.842829620458513,15378.027566787783,83,persistent_core_paired_edge_continuity_first_v2_1,186.0,269.0,9.316298290483315,4.543667583381584,1.8538490990361154,0.3522025793790817,0.1483928707110067,1.0,248.0,186.0,190.13032621115968,-1.4334631193818268,-4.130326211159684,1.0,6.254817374412806,248,251,221,237,262,278,True,True,UPPER_SEED_TRAJECTORY_OUTLIER;Z_EDGE_EVIDENCE_WEAK;Z_CONTINUITY_REJECTED_CONTINUITY,rejected_continuity,191.0,False,,True,1,195.0,False,191.0
flow10,483,0,0.25,128.0,19,249.5664922692754,196.0,190.0,209.0,211.0,model_assisted,0.07436437260973291,model_assisted,0.07436437260973291,model_assisted,0.6766798656555988,strong_evidence,0.9248167660151104,True,True,249.0,48733.46875,20643.830078125,5034.21728515625,5.579743002889309,-0.5664922692753862,3.5275590551181097,16.0,233,267,0.1330291498935594,weak_evidence,0.49512039293651566,True,False,3.4406111678264146,55547.11380438888,3686.9645201338058,15.065811862592316,14747.858080535223,52,persistent_core_paired_edge_continuity_first_v2_1,184.0,236.0,9.18142120972834,6.488805361587305,1.581875623317627,0.1787703037261963,0.10599283384808707,1.0,249.0,184.0,190.04600782034663,-0.5664922692753862,-6.046007820346631,1.0,5.579743002889309,249,252,222,238,263,279,True,True,UPPER_SEED_TRAJECTORY_OUTLIER;Z_EDGE_EVIDENCE_WEAK;Z_CONTINUITY_REJECTED_CONTINUITY,rejected_continuity,191.0,False,,True,1,195.0,False,191.0
flow10,484,0,0.25,128.0,19,249.6922902527357,200.0,190.0,209.0,211.0,high_confidence,0.549339518287486,high_confidence,0.549339518287486,high_confidence,0.9648016566815233,strong_evidence,0.9779493293283357,True,True,250.0,49538.59375,14486.845703125,4653.0625,7.53304905035662,0.3077097472643118,3.5275590551181097,16.0,233,267,0.12579798346030202,strong_evidence,0.9518307429841204,True,True,3.4406111678264146,63542.69430391006,2240.5241078403183,28.360638513798456,15885.673575977515,60,persistent_core_paired_edge_continuity_first_v2_1,189.0,249.0,10.520531826390918,5.651989009413925,2.293920684478052,0.14897391200065613,0.11540896105392569,1.0,250.0,189.0,189.94726015635433,0.3077097472643118,-0.9472601563543321,0.0,7.53304905035662,249,252,222,238,263,279,True,True,,accepted,191.0,False,,False,1,195.0,False,191.0
flow10,485,0,0.25,128.0,19,249.79873133542014,194.0,190.0,209.0,211.0,high_confidence,0.9049582425477616,high_confidence,0.9049582425477616,high_confidence,0.9506899185015844,strong_evidence,0.91089565396311,True,True,251.0,46886.5,16634.3515625,3170.04638671875,9.543124846451656,1.2012686645798567,3.5275590551181097,16.0,233,267,0.10644108268445507,strong_evidence,0.9922226735941285,True,True,3.4406111678264146,59288.87699403797,3570.8402412587325,16.603620713409025,14822.219248509493,46,persistent_core_paired_edge_continuity_first_v2_1,190.0,236.0,9.310932645366064,5.92803929755117,-0.1446126996046545,0.5485802330076694,0.0017478536958905305,1.0,251.0,190.0,189.84069289585125,1.2012686645798567,0.15930710414875193,0.0,9.543124846451656,249,252,222,238,263,279,True,True,,accepted,191.0,False,,False,1,195.0,False,191.0
flow10,486,0,0.25,128.0,19,249.8792304405531,197.0,190.0,209.0,211.0,high_confidence,0.5,high_confidence,0.5,high_confidence,0.9267861554396563,strong_evidence,0.935615805404862,True,True,249.0,47403.91796875,16399.806640625,4082.94140625,7.593572437915757,-0.8792304405531013,3.5275590551181097,16.0,233,267,0.080499105132958,strong_evidence,0.9180398331801795,True,True,3.4406111678264146,61455.20046018306,12728.425276039696,4.828185665344468,50913.70110415878,7,persistent_core_paired_edge_continuity_first_v2_1,194.0,201.0,3.651476709851297,2.377225168362832,0.9160031366867943,0.36250007152557373,0.034504362685284284,1.0,249.0,190.0,189.73511217888816,-0.8792304405531013,0.2648878211118415,0.0,7.593572437915757,249,252,222,238,263,279,True,True,,accepted,191.0,False,,False,1,196.0,False,191.0
flow10,487,0,0.25,128.0,19,249.93338791119294,196.0,190.0,209.0,211.0,high_confidence,0.744205106060051,high_confidence,0.744205106060051,high_confidence,0.9815064599032277,strong_evidence,0.9952679695249878,True,True,250.0,47228.69921875,15305.466796875,3464.408935546875,9.214625933539152,0.06661208880706226,3.5275590551181097,16.0,233,267,0.05415747063983645,strong_evidence,0.9679352298371939,True,True,3.4406111678264146,63631.154455897384,2201.0107749912204,28.909969537132866,15907.788613974346,66,persistent_core_paired_edge_continuity_first_v2_1,189.0,255.0,16.925734762923145,11.651304928420185,1.3352747475885949,0.39763712882995605,0.02310144917574737,1.0,250.0,189.0,189.64093651813226,0.06661208880706226,-0.6409365181322642,0.0,9.214625933539152,249,252,222,238,263,279,True,True,,accepted,190.0,False,,False,1,195.0,False,190.0
flow10,488,0,0.25,128.0,19,249.9650705748354,197.0,190.0,209.0,211.0,model_assisted,0.18497524647318886,model_assisted,0.18497524647318886,model_assisted,0.8682831959927664,strong_evidence,0.9975214613494723,True,True,250.0,47746.3046875,12331.5859375,4404.7587890625,8.040103997962076,0.03492942516459152,3.5275590551181097,16.0,233,267,0.03168266364247074,weak_evidence,0.7557889605938869,True,False,3.4406111678264146,58530.86974555918,11330.369438295269,5.165839478078444,45321.477753181076,12,persistent_core_paired_edge_continuity_first_v2_1,194.0,206.0,3.797041271179999,2.7230437649454053,0.6625299010867638,0.12610620260238647,0.049723537315888904,1.0,250.0,193.0,189.56924218537722,0.03492942516459152,3.4307578146227797,1.0,8.040103997962076,249,252,222,238,263,279,True,True,UPPER_SEED_TRAJECTORY_OUTLIER;Z_EDGE_EVIDENCE_WEAK;Z_CONTINUITY_REJECTED_CONTINUITY,rejected_continuity,190.0,False,,True,1,194.0,False,190.0
flow10,489,0,0.25,128.0,19,249.97926930508595,203.0,190.0,209.0,211.0,high_confidence,0.5148141329739945,high_confidence,0.5148141329739945,high_confidence,0.9505241470144842,strong_evidence,0.9280071764162198,True,True,249.0,50405.7734375,11849.8515625,6274.423828125,6.144934249129573,-0.9792693050859498,3.5275590551181097,16.0,233,267,0.014198730250541303,strong_evidence,0.9735874646430389,True,True,3.4406111678264146,57014.36663406078,5367.077534438797,10.622981737867224,21468.310137755187,53,persistent_core_paired_edge_continuity_first_v2_1,189.0,242.0,6.051771640273338,3.966055927518491,-0.7827072016364948,0.45332903787493706,0.051979020979714324,1.0,249.0,189.0,189.53097690113017,-0.9792693050859498,-0.5309769011301739,0.0,6.144934249129573,249,252,222,238,263,279,True,True,,accepted,190.0,False,,False,1,194.0,False,190.0
flow10,490,0,0.25,128.0,19,249.97926930508595,200.0,190.0,209.0,211.0,high_confidence,0.5,high_confidence,0.5,high_confidence,0.869602275786267,strong_evidence,0.7769539332330074,True,True,250.0,45238.62890625,20154.5234375,6905.24072265625,3.6326185394882016,0.02073069491405022,3.5275590551181097,16.0,233,267,0.014198730250541303,strong_evidence,0.9732985260863196,True,True,3.4406111678264146,44290.27892488637,3212.1030061454976,13.788561213681131,12848.41202458199,56,persistent_core_paired_edge_continuity_first_v2_1,189.0,245.0,8.218167650864375,6.281883135449485,-1.6545828591411724,0.3890105113387108,0.11877858852421982,1.0,250.0,189.0,189.53662904745053,0.02073069491405022,-0.536629047450532,0.0,3.6326185394882016,249,252,222,238,263,279,True,True,,accepted,189.0,False,,False,1,195.0,False,189.0
flow10,491,0,0.25,128.0,19,249.9650705748354,194.0,190.0,209.0,211.0,model_assisted,0.4253695495301759,model_assisted,0.4253695495301759,model_assisted,0.9297243788781195,strong_evidence,0.9975214613494723,True,True,250.0,48332.79296875,19544.232421875,3037.12060546875,9.478899354552226,0.03492942516459152,3.5275590551181097,16.0,233,267,0.03168266364247074,weak_evidence,0.8665351615702984,True,False,3.4406111678264146,58503.76622538909,4300.849075660015,13.602841019574957,17203.39630264006,38,persistent_core_paired_edge_continuity_first_v2_1,192.0,230.0,13.472357378018017,11.254414250227288,-0.2979558809802107,0.36146408319473267,0.048524329822489685,1.0,250.0,192.0,189.59615977720733,0.03492942516459152,2.4038402227926667,1.0,9.478899354552226,249,252,222,238,263,279,True,True,UPPER_SEED_TRAJECTORY_OUTLIER;Z_EDGE_EVIDENCE_WEAK;Z_CONTINUITY_REJECTED_CONTINUITY,rejected_continuity,189.0,False,,True,1,195.0,False,189.0
flow10,492,0,0.25,128.0,19,249.93338791119294,194.0,190.0,209.0,211.0,high_confidence,0.7127281459025735,high_confidence,0.7127281459025735,high_confidence,0.9166453054605123,strong_evidence,0.8520325850461737,True,True,248.0,48531.1015625,14288.4833984375,4373.67041015625,7.829263513900486,-1.9333879111929377,3.5275590551181097,16.0,233,267,0.05415747063983645,strong_evidence,0.9861578427511213,True,True,3.4406111678264146,52267.0558697269,8220.401297656004,6.358212206091511,32881.60519062402,32,persistent_core_paired_edge_continuity_first_v2_1,191.0,223.0,4.136575729586587,2.5518400672095813,0.19403932844838712,0.3605884984135628,0.06277220628748494,1.0,248.0,190.0,189.71818430087262,-1.9333879111929377,0.28181569912737814,0.0,7.829263513900486,249,252,222,238,263,279,True,True,,accepted,189.0,False,,False,1,194.0,False,189.0
flow10,493,0,0.25,128.0,19,249.8792304405531,194.0,190.0,209.0,211.0,model_assisted,0.13957542294176273,model_assisted,0.13957542294176273,model_assisted,0.7187711159668877,strong_evidence,0.9914040514583548,True,True,250.0,48451.41796875,13071.599609375,2633.4892578125,13.434578574572633,0.12076955944689871,3.5275590551181097,16.0,233,267,0.080499105132958,weak_evidence,0.5211113636143809,True,False,3.4406111678264146,62819.09366007304,1861.3209652080031,33.74973732864659,15704.77341501826,67,persistent_core_paired_edge_continuity_first_v2_1,184.0,251.0,19.94923777518316,15.045642318912206,-0.7522460816851951,0.30977587401866913,0.051862340543038954,1.0,250.0,184.0,189.90745047273657,0.12076955944689871,-5.907450472736571,1.0,13.434578574572633,249,252,222,238,263,279,True,True,UPPER_SEED_TRAJECTORY_OUTLIER;Z_EDGE_EVIDENCE_WEAK;Z_CONTINUITY_REJECTED_CONTINUITY,rejected_continuity,189.0,False,,True,1,194.0,False,189.0
flow10,494,0,0.25,128.0,19,249.79873133542014,202.0,190.0,209.0,211.0,high_confidence,0.5,high_confidence,0.5,high_confidence,0.9113247397914934,strong_evidence,0.9416936682031877,True,True,249.0,48980.53125,13004.32421875,4750.76513671875,7.5727184981613265,-0.7987313354201433,3.5275590551181097,16.0,233,267,0.10644108268445507,strong_evidence,0.881935186992077,True,True,3.4406111678264146,50649.88234444574,1447.538063368037,34.99036303515011,12662.470586111434,78,persistent_core_paired_edge_continuity_first_v2_1,188.0,266.0,20.545550266950226,14.067703893049991,5.761064157745915,0.2428305298089981,0.0879857905555564,1.0,249.0,188.0,190.16085712474597,-0.7987313354201433,-2.1608571247459736,0.0,7.5727184981613265,249,252,222,238,263,279,True,True,,accepted,189.0,False,,False,1,194.0,False,189.0
flow10,495,0,0.25,128.0,19,249.6922902527357,203.0,190.0,209.0,211.0,model_assisted,0.4368352288379989,model_assisted,0.4368352288379989,model_assisted,0.9423829995283347,strong_evidence,0.9124173163850268,True,True,250.0,43545.5078125,16493.853515625,5179.5048828125,5.222826294969298,0.3077097472643118,3.5275590551181097,16.0,233,267,0.12579798346030202,weak_evidence,0.9733328180558798,True,False,3.4406111678264146,49363.034697118914,4756.653688040987,10.377681020004829,19026.614752163947,43,persistent_core_paired_edge_continuity_first_v2_1,191.0,234.0,6.619689916098766,5.100761566417151,-1.2067190934797298,0.31621013581752777,0.003285069460320612,1.0,250.0,191.0,190.46404158830933,0.3077097472643118,0.5359584116906717,1.0,5.222826294969298,249,252,222,238,263,279,True,True,UPPER_SEED_TRAJECTORY_OUTLIER;Z_EDGE_EVIDENCE_WEAK;Z_CONTINUITY_REJECTED_CONTINUITY,rejected_continuity,189.0,False,,True,1,194.0,False,189.0
flow10,496,0,0.25,128.0,19,249.5664922692754,194.0,191.0,210.0,212.0,model_assisted,8.030593626228672e-146,model_assisted,8.030593626228672e-146,model_assisted,0.0,strong_evidence,0.8926438698304903,True,True,251.0,45544.31640625,11818.5751953125,4508.56787109375,7.480366753967895,1.4335077307246138,3.5275590551181097,16.0,233,267,0.1329845385507724,unavailable,0.0,False,False,3.4406111678264146,54856.82909316986,12631.698497087125,4.342791201501513,50526.7939883485,0,persistent_core_paired_edge_continuity_first_v2_1,,,,,,,,,251.0,,190.79138879507292,1.4335077307246138,,1.0,7.480366753967895,249,252,222,238,263,279,True,True,NO_VALID_UPPER_COMPONENT;Z_EDGE_EVIDENCE_UNAVAILABLE;Z_CONTINUITY_NO_CANDIDATE,no_candidate,,False,,True,1,194.0,False,189.0
flow10,497,0,0.25,128.0,19,249.4335077307246,197.0,191.0,210.0,212.0,high_confidence,0.7119181282085336,high_confidence,0.7119181282085336,high_confidence,0.9569705536977522,strong_evidence,0.9590123976241933,True,True,250.0,45669.41015625,17487.22265625,2943.34814453125,9.574873958543638,0.5664922692753862,3.5275590551181097,16.0,233,267,0.1329845385507724,strong_evidence,0.9549330570838487,True,True,3.4406111678264146,45691.29239867312,2124.7880606160725,21.50392937798471,11422.82309966828,32,persistent_core_paired_edge_continuity_first_v2_1,192.0,224.0,14.369039106296754,10.18939742374507,0.7266103846568969,0.370866097509861,0.03244912436105395,1.0,250.0,192.0,191.11095107687865,0.5664922692753862,0.8890489231213508,0.0,9.574873958543638,248,251,221,237,262,278,True,True,,accepted,189.0,False,,False,1,194.0,False,189.0
flow10,498,0,0.25,128.0,19,249.30770974726428,198.0,191.0,210.0,212.0,high_confidence,0.5,high_confidence,0.5,high_confidence,0.8790666070215077,strong_evidence,0.8399173600708898,True,True,250.0,46162.390625,14035.763671875,6845.2080078125,4.693301783738139,0.6922902527357166,3.5275590551181097,16.0,233,267,0.12579798346033044,strong_evidence,0.9200406329440368,True,True,3.4406111678264146,56807.95076238975,11084.661876497117,5.124915075924871,44338.64750598847,12,persistent_core_paired_edge_continuity_first_v2_1,193.0,205.0,4.322039735389414,3.358247028179338,-0.23236970497447026,0.14146345853805542,0.0769457660352313,1.0,250.0,192.0,191.3928741299822,0.6922902527357166,0.6071258700177964,0.0,4.693301783738139,248,251,221,237,262,278,True,True,,accepted,189.0,False,,False,1,195.0,False,189.0
flow10,499,0,0.25,128.0,19,249.20122405323704,201.0,192.0,211.0,213.0,high_confidence,0.7844252284228577,high_confidence,0.7844252284228577,high_confidence,0.945353583989548,strong_evidence,0.9108991248587356,True,True,248.0,46653.953125,16474.017578125,3386.7080078125,8.91128951101056,-1.2012240532370413,3.5275590551181097,16.0,233,267,0.10648569402724206,strong_evidence,0.9811112716794845,True,True,3.4406111678264146,57502.34804455354,4158.122935059076,13.828919669431704,16632.491740236303,41,persistent_core_paired_edge_continuity_first_v2_1,192.0,233.0,7.326855178669585,7.458846254023208,-5.289533918718405,0.21791091561317444,0.024412357715265755,1.0,248.0,192.0,191.61738633973033,-1.2012240532370413,0.38261366026966925,0.0,8.91128951101056,248,251,221,237,262,278,True,True,,accepted,190.0,False,,False,1,195.0,False,190.0
