scan_id,frame_index,coordinate_base,alpha,diameter_um,diameter_axial_px,x_center_px,z_peak_px,z_upper_px,z_lower_op_px,z_tail_start_px,tracking_class,tracking_confidence,old_tracking_class,old_tracking_confidence,new_tracking_class,overall_tracking_confidence,x_path_confidence_class,x_path_confidence,x_local_evidence_available,x_local_evidence_strong,x_local_peak_px,x_local_peak_score,x_local_baseline_score,x_local_noise_sigma,x_local_peak_snr,x_local_path_residual_px,x_alignment_tolerance_px,x_local_window_half_width_px,x_local_window_x0_px,x_local_window_x1_exclusive_px,x_local_path_change_px,z_edge_confidence_class,z_edge_confidence,z_candidate_present,z_candidate_accepted,z_residual_tolerance_px,peak_excess,background_sigma,peak_snr,upper_threshold,upper_component_width_px,upper_edge_method,upper_core_start_px,upper_core_stop_exclusive_px,upper_boundary_score,upper_top_contrast_snr,upper_bottom_contrast_snr,upper_support_difference,upper_balance_fraction,upper_persistent_fraction,seed_x_px,seed_z_upper_px,model_z_upper_px,residual_x_px,residual_z_px,distance_to_z_anchor_frames,x_robust_snr,central_x0_px,central_x1_exclusive_px,side_left_x0_px,side_left_x1_exclusive_px,side_right_x0_px,side_right_x1_exclusive_px,window_300_fits,qc_valid,qc_flags,z_continuity_status,z_local_prediction_px,z_relock_start,z_relock_confirmation_frame,z_short_gap_filled,z_valid_segment_id,z_core_path_px,z_core_restart,z_core_upper_prediction_px
flow05,0,0,0.2,128.0,19,233.0,216.0,211.0,230.0,232.0,high_confidence,0.5,high_confidence,0.5,high_confidence,0.8541202712934336,strong_evidence,0.7295278705700711,True,True,234.0,48260.8125,18989.56640625,7867.2783203125,3.72063182488087,1.0,3.5275590551181097,16.0,217,250,0.0,strong_evidence,0.999991182330433,True,True,3.8692746829012137,51332.17824262017,2289.5653667735637,22.420053599499123,10266.435648524035,81,persistent_core_paired_edge_continuity_first_v2_1,211.0,292.0,10.079105441474514,8.212577813199603,-4.258836136974109,0.2861328423023224,0.006329361238448727,1.0,234.0,211.0,210.99979529389134,1.0,0.00020470610866141215,0.0,3.72063182488087,232,235,205,221,246,262,True,True,,accepted_initial,,False,,False,0,218.0,True,
flow05,1,0,0.2,128.0,19,233.0,219.0,211.0,230.0,232.0,high_confidence,0.5,high_confidence,0.5,high_confidence,0.898378592560672,strong_evidence,0.8071090864327216,True,True,233.0,51439.3984375,15352.087890625,9232.9140625,3.9085504644135747,0.0,3.5275590551181097,16.0,217,250,0.0,strong_evidence,0.9999690365752933,True,True,3.8692746829012137,55163.761975074376,4201.843786168034,13.128465688483438,16807.375144672136,38,persistent_core_paired_edge_continuity_first_v2_1,211.0,249.0,7.57676135382185,4.7647119941742515,0.2445567609238662,0.4212600588798523,0.04731497473096325,1.0,233.0,211.0,210.99928118628551,0.0,0.0007188137144851225,0.0,3.9085504644135747,232,235,205,221,246,262,True,True,,accepted,211.0,False,,False,0,218.0,False,211.0
flow05,2,0,0.2,128.0,19,233.0,226.0,211.0,230.0,232.0,high_confidence,0.5408747765292747,high_confidence,0.5408747765292747,high_confidence,0.9405144337987095,strong_evidence,0.9264226511541201,True,True,232.0,50078.5625,15646.93359375,4558.03955078125,7.554043470366202,-1.0,3.5275590551181097,16.0,217,250,4.461134278699319e-05,strong_evidence,0.9548205660577593,True,True,3.8692746829012137,61908.60291561778,7232.011447003866,8.560357428812665,28928.045788015464,32,persistent_core_paired_edge_continuity_first_v2_1,212.0,244.0,4.232800174930874,2.8276777727295124,-0.24364051589487232,0.2820289433002472,0.1258981980444075,1.0,232.0,212.0,210.99780386150712,-1.0,1.0021961384928773,0.0,7.554043470366202,232,235,205,221,246,262,True,True,,accepted,211.0,False,,False,0,218.0,False,211.0
flow05,3,0,0.2,128.0,19,233.0000446113428,217.0,211.0,230.0,232.0,high_confidence,0.9485278034153354,high_confidence,0.9485278034153354,high_confidence,0.9623859796367601,strong_evidence,0.9264260638771736,True,True,234.0,47509.12109375,12536.03515625,3679.730712890625,9.50425144290702,0.999955388657213,3.5275590551181097,16.0,217,251,0.00016009476587441895,strong_evidence,0.9997417062352869,True,True,3.8692746829012137,60303.4041852538,2823.347639166685,21.358830683370055,12060.68083705076,66,persistent_core_paired_edge_continuity_first_v2_1,211.0,277.0,14.520899313070183,11.874520092928819,-2.497380930246299,0.412356972694397,0.02396279445875842,1.0,234.0,211.0,210.9940050915668,0.999955388657213,0.005994908433194723,0.0,9.50425144290702,232,235,205,221,246,262,True,True,,accepted,211.0,False,,False,0,218.0,False,211.0
flow05,4,0,0.2,128.0,19,233.00020470610866,219.0,211.0,230.0,232.0,model_assisted,0.26489509362001923,model_assisted,0.26489509362001923,model_assisted,0.8531660925752592,strong_evidence,0.9264383108629511,True,True,234.0,51499.06640625,14358.533203125,2996.467041015625,12.394774477658382,0.9997952938913386,3.5275590551181097,16.0,217,251,0.0005141076058521321,weak_evidence,0.7856889908213365,True,False,3.8692746829012137,55370.46538905428,4734.17481098668,11.69590638278821,18936.69924394672,67,persistent_core_paired_edge_continuity_first_v2_1,208.0,275.0,6.415326473988674,3.782614081166784,0.7839820438331155,0.4247466176748276,0.14522560593890507,1.0,234.0,207.0,210.98526421351912,0.9997952938913386,-3.985264213519116,1.0,12.394774477658382,232,235,205,221,246,262,True,True,UPPER_SEED_TRAJECTORY_OUTLIER;Z_EDGE_EVIDENCE_WEAK;Z_CONTINUITY_REJECTED_CONTINUITY,rejected_continuity,211.0,False,,True,0,218.0,False,211.0
flow05,5,0,0.2,128.0,19,233.0007188137145,222.0,211.0,230.0,232.0,high_confidence,0.5,high_confidence,0.5,high_confidence,0.9067450597399463,strong_evidence,0.8623952768867474,True,True,234.0,50923.3125,17230.4765625,6481.021484375,5.1986922152209445,0.9992811862854865,3.5275590551181097,16.0,217,251,0.001477324778363709,strong_evidence,0.9533755870404321,True,True,3.8692746829012137,55158.98110074445,3006.9202246397185,18.344012138650424,12027.680898558874,80,persistent_core_paired_edge_continuity_first_v2_1,212.0,292.0,12.632089187081046,10.869900157893358,-3.736428717768652,0.43994347378611565,0.0017135593972260434,1.0,234.0,212.0,210.96726671332826,0.9992811862854865,1.0327332866717427,0.0,5.1986922152209445,232,235,205,221,246,262,True,True,,accepted,211.0,False,,False,0,219.0,False,211.0
flow05,6,0,0.2,128.0,19,233.00219613849288,220.0,211.0,230.0,232.0,model_assisted,0.039402992698118575,model_assisted,0.039402992698118575,model_assisted,0.0,strong_evidence,0.8909773874702429,True,True,234.0,50554.453125,14898.5302734375,6427.2158203125,5.54764673357878,0.9978038615071227,3.5275590551181097,16.0,217,251,0.00379876994031747,weak_evidence,0.0,True,False,3.8692746829012137,62037.36740962313,5763.911167244619,10.763067925503698,23055.644668978475,60,persistent_core_paired_edge_continuity_first_v2_1,203.0,263.0,4.0831999663366725,2.051657458315641,0.8513863784481251,0.2045053392648697,0.2083461154798556,1.0,234.0,203.0,210.9341067249074,0.9978038615071227,-7.934106724907394,1.0,5.54764673357878,232,235,205,221,246,262,True,True,UPPER_SEED_TRAJECTORY_OUTLIER;Z_EDGE_EVIDENCE_WEAK;Z_CONTINUITY_REJECTED_CONTINUITY,rejected_continuity,211.0,False,,True,0,219.0,False,211.0
flow05,7,0,0.2,128.0,19,233.0059949084332,221.0,211.0,230.0,232.0,high_confidence,0.5,high_confidence,0.5,high_confidence,0.9073946920532011,strong_evidence,0.9995750473353978,True,True,233.0,50314.5,13978.0439453125,3958.52880859375,9.179282963863503,-0.005994908433194723,3.5275590551181097,16.0,217,251,0.008740878047660772,strong_evidence,0.8237151671214651,True,True,3.8692746829012137,60562.64892648574,13111.229033692967,4.619143542596433,52444.91613477187,10,persistent_core_paired_edge_continuity_first_v2_1,214.0,224.0,2.7473417222301304,1.678599822233075,0.4207403193076378,0.19012394547462463,0.05249041950583576,1.0,233.0,213.0,210.87943514666173,-0.005994908433194723,2.1205648533382657,0.0,9.179282963863503,232,235,205,221,246,262,True,True,,accepted,211.0,False,,False,0,219.0,False,211.0
flow05,8,0,0.2,128.0,19,233.01473578648086,224.0,211.0,230.0,232.0,model_assisted,0.2345348437165824,model_assisted,0.2345348437165824,model_assisted,0.8450801945668579,strong_evidence,0.9275492411379396,True,True,234.0,49577.4296875,12327.736328125,2711.364013671875,13.73835942778095,0.9852642135191445,3.5275590551181097,16.0,217,251,0.017997500190858773,weak_evidence,0.7699435281441331,True,False,3.8692746829012137,57368.71929799234,13399.122605208628,4.281528051373413,53596.49042083451,5,persistent_core_paired_edge_continuity_first_v2_1,222.0,227.0,3.190149493559701,1.8967213631815918,1.1095823394090853,0.41532470285892487,0.08753114325870265,1.0,234.0,209.0,210.79877594676293,0.9852642135191445,-1.7987759467629303,1.0,13.73835942778095,232,235,205,221,246,262,True,True,UPPER_SEED_TRAJECTORY_OUTLIER;Z_EDGE_EVIDENCE_WEAK;Z_CONTINUITY_REJECTED_CONTINUITY,rejected_continuity,212.0,False,,True,0,219.0,False,212.0
flow05,9,0,0.2,128.0,19,233.03273328667171,224.0,211.0,230.0,232.0,high_confidence,0.5,high_confidence,0.5,high_confidence,0.9214463754251172,strong_evidence,0.9976774773822313,True,True,233.0,51232.7109375,18978.89453125,4480.86474609375,7.198123182443226,-0.03273328667171427,3.5275590551181097,16.0,217,251,0.033159988420891295,strong_evidence,0.8510399823918164,True,True,3.8692746829012137,58242.15187904656,12304.485753114233,4.73340804708605,49217.94301245693,14,persistent_core_paired_edge_continuity_first_v2_1,213.0,227.0,3.2649076454174843,1.9427540295153392,0.36949933940654694,0.3522025793790817,0.06353370017794041,1.0,233.0,209.0,210.6922902527357,-0.03273328667171427,-1.6922902527356882,0.0,7.198123182443226,232,235,205,221,246,262,True,True,,accepted,212.0,False,,False,0,219.0,False,212.0
flow05,10,0,0.2,128.0,19,233.0658932750926,222.0,211.0,230.0,232.0,high_confidence,0.5,high_confidence,0.5,high_confidence,0.9607481944257248,strong_evidence,0.9953191531305104,True,True,233.0,50134.55078125,14766.3212890625,5329.0439453125,6.636880809229933,-0.06589327509260556,3.5275590551181097,16.0,217,251,0.054671578245631736,strong_evidence,0.9273780075356972,True,True,3.8692746829012137,64584.554276984476,1759.260040870352,36.71120401565695,12916.910855396896,66,persistent_core_paired_edge_continuity_first_v2_1,209.0,275.0,12.373297010833085,5.70503527763444,2.278319865099071,0.2841009497642517,0.1470729035388259,1.0,233.0,209.0,210.5664922692754,-0.06589327509260556,-1.5664922692753862,0.0,6.636880809229933,232,235,205,221,246,262,True,True,,accepted,212.0,False,,False,0,220.0,False,212.0
flow05,11,0,0.2,128.0,19,233.12056485333824,214.0,210.0,229.0,231.0,high_confidence,0.5,high_confidence,0.5,high_confidence,0.899274907810373,strong_evidence,0.91715316991364,True,True,232.0,48875.58984375,12027.2578125,5384.3759765625,6.843565938122834,-1.1205648533382373,3.5275590551181097,16.0,217,251,0.08065919989883241,strong_evidence,0.8817451504785208,True,True,3.8692746829012137,60467.18116692097,1981.935249483947,30.509160772363938,12093.436233384195,60,persistent_core_paired_edge_continuity_first_v2_1,208.0,268.0,12.93217601597914,7.332090405629762,1.6465919214883626,0.43374983221292496,0.09373027764495957,1.0,232.0,208.0,210.4335077307246,-1.1205648533382373,-2.433507730724614,0.0,6.843565938122834,232,235,205,221,246,262,True,True,,accepted,211.0,False,,False,0,220.0,False,211.0
flow05,12,0,0.2,128.0,19,233.20122405323707,216.0,210.0,229.0,231.0,high_confidence,0.8056964532845254,high_confidence,0.8056964532845254,high_confidence,0.9479778665164184,strong_evidence,0.9108991248587334,True,True,232.0,50822.05078125,14040.5146484375,4120.1484375,8.927235678705447,-1.2012240532370697,3.5275590551181097,16.0,217,251,0.10648569402724206,strong_evidence,0.9865659224827876,True,True,3.8692746829012137,62012.01887202611,3846.7089654156703,16.12079817567513,15386.835861662681,58,persistent_core_paired_edge_continuity_first_v2_1,210.0,268.0,7.325546103520577,3.9815171476899978,4.637675894391645,0.42854973301291466,0.09362584343822271,1.0,232.0,210.0,210.3077097472643,-1.2012240532370697,-0.3077097472643118,0.0,8.927235678705447,232,235,205,221,246,262,True,True,,accepted,209.0,False,,False,0,219.0,False,209.0
flow05,13,0,0.2,128.0,19,233.3077097472643,221.0,210.0,229.0,231.0,high_confidence,0.5,high_confidence,0.5,high_confidence,0.8085586847117235,strong_evidence,0.9496704890843387,True,True,234.0,48743.1328125,11656.10546875,3652.860595703125,10.152872350884572,0.6922902527356882,3.5275590551181097,16.0,217,251,0.12579798346030202,strong_evidence,0.6884147229352227,True,True,3.8692746829012137,57773.84675352805,13233.823042776206,4.365620317483722,52935.292171104826,3,persistent_core_paired_edge_continuity_first_v2_1,220.0,223.0,3.9736504770358274,2.9023106410600064,0.49443818441609627,0.24806833267211914,0.011488790615011998,1.0,234.0,211.0,210.20122405323707,0.6922902527356882,0.7987759467629303,0.0,10.152872350884572,232,235,205,221,246,262,True,True,,accepted,209.0,False,,False,0,219.0,False,209.0
flow05,14,0,0.2,128.0,19,233.4335077307246,214.0,210.0,229.0,231.0,high_confidence,0.5,high_confidence,0.5,high_confidence,0.9589424225165568,strong_evidence,0.9687900442172827,True,True,233.0,49553.30078125,14398.2421875,5455.8740234375,6.44352462002053,-0.4335077307246138,3.5275590551181097,16.0,217,251,0.1329845385507724,strong_evidence,0.9491949005781473,True,True,3.8692746829012137,54667.19342210716,7498.781766427104,7.290143269251864,29995.127065708417,38,persistent_core_paired_edge_continuity_first_v2_1,209.0,247.0,4.344476684918149,2.770969414150977,0.8453617478301507,0.2148430347442627,0.01651878816500728,1.0,233.0,209.0,210.1205648533383,-0.4335077307246138,-1.1205648533382941,0.0,6.44352462002053,232,235,205,221,246,262,True,True,,accepted,209.0,False,,False,0,219.0,False,209.0
flow05,15,0,0.2,128.0,19,233.5664922692754,217.0,210.0,229.0,231.0,model_assisted,0.3562923336398687,model_assisted,0.3562923336398687,model_assisted,0.9005806425787147,strong_evidence,0.8926438698304903,True,True,235.0,49118.13671875,18558.390625,4501.4521484375,6.788863923469141,1.4335077307246138,3.5275590551181097,16.0,217,251,0.1329845385507724,weak_evidence,0.9085879836283481,True,False,3.8692746829012137,62420.847296327294,5838.717987306361,10.690848133448656,23354.871949225442,35,persistent_core_paired_edge_continuity_first_v2_1,212.0,247.0,5.704550301780391,4.250915887581019,-0.5683998998102507,0.1703241765499115,0.038746710421147974,1.0,235.0,212.0,210.0658932750926,1.4335077307246138,1.9341067249073944,1.0,6.788863923469141,233,236,206,222,247,263,True,True,UPPER_SEED_TRAJECTORY_OUTLIER;Z_EDGE_EVIDENCE_WEAK;Z_CONTINUITY_REJECTED_CONTINUITY,rejected_continuity,209.0,False,,True,0,219.0,False,209.0
flow05,16,0,0.2,128.0,19,233.6922902527357,218.0,210.0,229.0,231.0,high_confidence,0.5,high_confidence,0.5,high_confidence,0.9671490454284196,strong_evidence,0.9779493293283357,True,True,234.0,50221.1484375,15699.3759765625,5353.927734375,6.4479339605743595,0.3077097472643118,3.5275590551181097,16.0,217,251,0.12579798346030202,strong_evidence,0.9564680377822118,True,True,3.8692746829012137,61156.28474100564,6156.074857441077,9.934298421839975,24624.29942976431,50,persistent_core_paired_edge_continuity_first_v2_1,211.0,261.0,6.770116632249201,4.750767500590105,0.9385858380498573,0.3472430855035782,0.033115487370686855,1.0,234.0,211.0,210.03273328667177,0.3077097472643118,0.9672667133282289,0.0,6.4479339605743595,233,236,206,222,247,263,True,True,,accepted,209.0,False,,False,0,219.0,False,209.0
flow05,17,0,0.2,128.0,19,233.79877594676293,219.0,210.0,229.0,231.0,high_confidence,0.5,high_confidence,0.5,high_confidence,0.8991458445805218,strong_evidence,0.812835421784708,True,True,234.0,48481.1171875,19168.181640625,7183.4970703125,4.080594069985445,0.2012240532370697,3.5275590551181097,16.0,217,251,0.10648569402724206,strong_evidence,0.9946210858420904,True,True,3.8692746829012137,65346.973748567645,11047.783163841106,5.914939927717384,44191.132655364425,9,persistent_core_paired_edge_continuity_first_v2_1,214.0,223.0,3.3971207725446044,2.23583753164009,0.1267669097870467,0.2964705526828766,0.04162566921330249,1.0,234.0,210.0,210.01470604558574,0.2012240532370697,-0.014706045585739957,0.0,4.080594069985445,233,236,206,222,247,263,True,True,,accepted,210.0,False,,False,0,219.0,False,210.0
flow05,18,0,0.2,128.0,19,233.87943514666173,218.0,210.0,229.0,231.0,high_confidence,0.9965903341392646,high_confidence,0.9965903341392646,high_confidence,0.9671425653991369,strong_evidence,0.9356002993053298,True,True,233.0,50003.796875,13964.01171875,3609.271728515625,9.985334401816285,-0.8794351466617343,3.5275590551181097,16.0,217,251,0.08065919989880399,strong_evidence,0.9997482284917172,True,True,3.8692746829012137,59168.1747027475,5604.746909181659,10.556796883338048,22418.987636726637,65,persistent_core_paired_edge_continuity_first_v2_1,210.0,275.0,8.1551329265801,6.949945224155274,-1.7576369578096551,0.4160800017416477,0.08968164318430713,1.0,233.0,210.0,210.00584356724653,-0.8794351466617343,-0.0058435672465293464,0.0,9.985334401816285,233,236,206,222,247,263,True,True,,accepted,210.0,False,,False,0,219.0,False,210.0
flow05,19,0,0.2,128.0,19,233.9341067249074,216.0,210.0,229.0,231.0,high_confidence,0.7546040050713811,high_confidence,0.7546040050713811,high_confidence,0.9976214031542819,strong_evidence,0.9953191531305104,True,True,234.0,50084.2421875,14567.05078125,4704.146484375,7.550188227390811,0.06589327509260556,3.5275590551181097,16.0,217,251,0.05467157824566016,strong_evidence,0.9999289784600549,True,True,3.8692746829012137,62606.26513339761,8810.017115910945,7.106259194471973,35240.06846364378,45,persistent_core_paired_edge_continuity_first_v2_1,210.0,255.0,3.8147743531054363,2.243648048255721,0.20768722618556465,0.32748351991176605,0.017282938533047566,1.0,234.0,210.0,210.00164869398037,0.06589327509260556,-0.001648693980371263,0.0,7.550188227390811,233,236,206,222,247,263,True,True,,accepted,210.0,False,,False,0,219.0,False,210.0
flow05,20,0,0.2,128.0,19,233.96726671332826,216.0,210.0,229.0,231.0,high_confidence,0.5,high_confidence,0.5,high_confidence,0.9144857713645475,strong_evidence,0.9289233443592964,True,True,233.0,50371.52734375,14145.08203125,4707.705078125,7.695139077600924,-0.9672667133282573,3.5275590551181097,16.0,217,251,0.033159988420862874,strong_evidence,0.9002725909585352,True,True,3.8692746829012137,57608.565199596334,11456.61035529192,5.028412716592598,45826.44142116768,13,persistent_core_paired_edge_continuity_first_v2_1,211.0,224.0,3.1579126548436895,2.0397316803537895,0.39126511456129703,0.19428807497024536,0.09691258460776753,1.0,233.0,211.0,209.99900024636685,-0.9672667133282573,1.0009997536331525,0.0,7.695139077600924,233,236,206,222,247,263,True,True,,accepted,210.0,False,,False,0,219.0,False,210.0
flow05,21,0,0.2,128.0,19,233.98526421351912,217.0,210.0,229.0,231.0,model_assisted,0.20075395358117537,model_assisted,0.20075395358117537,model_assisted,0.8992412607630992,strong_evidence,0.9519556492373391,True,True,234.0,50525.90625,18515.8359375,5874.81103515625,5.448697859547178,0.014735786480883917,3.5275590551181097,16.0,217,251,0.017997500190858773,weak_evidence,0.8494459229341695,True,False,3.8692746829012137,65123.10964129267,602.162357014578,108.14875570130678,13024.621928258535,62,persistent_core_paired_edge_continuity_first_v2_1,208.0,270.0,50.29126363451007,33.83325255501489,-4.590406835608094,0.4318583086133003,0.12335722487907069,1.0,234.0,207.0,209.9954003837289,0.014735786480883917,-2.9954003837289065,1.0,5.448697859547178,233,236,206,222,247,263,True,True,UPPER_SEED_TRAJECTORY_OUTLIER;Z_EDGE_EVIDENCE_WEAK;Z_CONTINUITY_REJECTED_CONTINUITY,rejected_continuity,210.0,False,,True,0,219.0,False,210.0
flow05,22,0,0.2,128.0,19,233.9940050915668,216.0,210.0,229.0,231.0,high_confidence,0.5,high_confidence,0.5,high_confidence,0.8506701553588935,strong_evidence,0.9995750473353978,True,True,234.0,50816.95703125,18411.765625,5170.759765625,6.267007727119405,0.005994908433194723,3.5275590551181097,16.0,217,251,0.008740878047689193,strong_evidence,0.7239473565765329,True,True,3.8692746829012137,62179.06012603581,13474.372683040707,4.614616323051272,53897.49073216283,4,persistent_core_paired_edge_continuity_first_v2_1,214.0,218.0,3.0453484052378013,2.0661325073130143,0.2194471350133854,0.21886679530143738,0.15564182939531174,1.0,234.0,212.0,209.98792642295012,0.005994908433194723,2.0120735770498754,0.0,6.267007727119405,233,236,206,222,247,263,True,True,,accepted,210.0,False,,False,0,219.0,False,210.0
flow05,23,0,0.2,128.0,19,233.99780386150712,215.0,210.0,229.0,231.0,high_confidence,0.5,high_confidence,0.5,high_confidence,0.9001133819934972,strong_evidence,0.926590638628739,True,True,233.0,48446.265625,12209.48046875,1963.401123046875,18.456129382271353,-0.9978038615071227,3.5275590551181097,16.0,217,251,0.00379876994031747,strong_evidence,0.8743927109416862,True,True,3.8692746829012137,60491.416009938635,13078.008145630762,4.625430366484994,52312.03258252305,6,persistent_core_paired_edge_continuity_first_v2_1,213.0,219.0,3.933084835816421,2.9650876663646395,-0.1849265347885449,0.2377307415008545,0.028222446745743174,1.0,233.0,211.0,209.9723116785542,-0.9978038615071227,1.027688321445794,0.0,18.456129382271353,233,236,206,222,247,263,True,True,,accepted,210.0,False,,False,0,218.0,False,210.0
flow05,24,0,0.2,128.0,19,233.99928118628551,216.0,210.0,229.0,231.0,high_confidence,0.5,high_confidence,0.5,high_confidence,0.9634914284808692,strong_evidence,0.9999490559893295,True,True,234.0,49438.7734375,13292.0166015625,4407.49462890625,8.201202696623039,0.0007188137144851225,3.5275590551181097,16.0,217,251,0.0014773247783921306,strong_evidence,0.9283630272920745,True,True,3.8692746829012137,52959.38918540734,10949.53326703305,4.836680056935205,43798.1330681322,15,persistent_core_paired_edge_continuity_first_v2_1,211.0,226.0,4.197848698349122,2.9140169699126846,0.7784445573853686,0.34829914569854736,0.040806592854000644,1.0,234.0,210.0,209.94243632163057,0.0007188137144851225,0.057563678369433546,0.0,8.201202696623039,233,236,206,222,247,263,True,True,,accepted,211.0,False,,False,0,218.0,False,211.0
flow05,25,0,0.2,128.0,19,233.99979529389134,221.0,210.0,229.0,231.0,high_confidence,0.5,high_confidence,0.5,high_confidence,0.9581302230078622,strong_evidence,0.9999854922631779,True,True,234.0,47066.453125,16494.73046875,4301.73974609375,7.106827576914909,0.00020470610866141215,3.5275590551181097,16.0,217,251,0.0005141076058237104,strong_evidence,0.9180268427329257,True,True,3.8692746829012137,60205.74257229722,12786.191222393543,4.708653384352158,51144.76488957417,7,persistent_core_paired_edge_continuity_first_v2_1,219.0,226.0,2.8338812149446917,1.7825526392409081,0.21946550195426107,0.21189531683921814,0.024922827668568084,1.0,234.0,210.0,209.89067216226942,0.00020470610866141215,0.10932783773057508,0.0,7.106827576914909,233,236,206,222,247,263,True,True,,accepted,211.0,False,,False,0,218.0,False,211.0
flow05,26,0,0.2,128.0,19,233.9999553886572,225.0,210.0,229.0,231.0,model_assisted,0.3515602965929689,model_assisted,0.3515602965929689,model_assisted,0.8928073922556579,strong_evidence,0.9264260638771736,True,True,233.0,48842.83984375,10973.6328125,4222.67138671875,8.968068685230199,-0.999955388657213,3.5275590551181097,16.0,217,251,0.00016009476587441895,weak_evidence,0.8604086939549113,True,False,3.8692746829012137,62327.31632258596,2706.5478986528224,23.02834409603807,12465.463264517193,42,persistent_core_paired_edge_continuity_first_v2_1,208.0,250.0,8.789702105819872,4.519710604635386,0.8456840246466613,0.43179821223020554,0.16233458333583053,1.0,233.0,207.0,209.80937787992485,-0.999955388657213,-2.8093778799248526,1.0,8.968068685230199,233,236,206,222,247,263,True,True,UPPER_SEED_TRAJECTORY_OUTLIER;Z_EDGE_EVIDENCE_WEAK;Z_CONTINUITY_REJECTED_CONTINUITY,rejected_continuity,211.0,False,,True,0,219.0,False,211.0
flow05,27,0,0.2,128.0,19,234.0,216.0,210.0,229.0,231.0,high_confidence,0.8177402217687149,high_confidence,0.8177402217687149,high_confidence,0.9932817331743313,strong_evidence,1.0,True,True,234.0,51662.9921875,11732.48046875,4408.42626953125,9.057770115092756,0.0,3.5275590551181097,16.0,218,251,4.461134278699319e-05,strong_evidence,0.9866086014578035,True,True,3.8692746829012137,64546.345815125416,4611.368855756241,13.997220312262387,18445.475423024964,66,persistent_core_paired_edge_continuity_first_v2_1,210.0,276.0,8.678859919251696,5.78172912906441,0.6767134712368195,0.31724610924720764,0.0342252818486097,1.0,234.0,210.0,209.69325467183108,0.0,0.3067453281689154,0.0,9.057770115092756,233,236,206,222,247,263,True,True,,accepted,211.0,False,,False,0,219.0,False,211.0
flow05,28,0,0.2,128.0,19,234.0000446113428,220.0,210.0,229.0,231.0,model_assisted,0.30711219232549786,model_assisted,0.30711219232549786,model_assisted,0.8691919359656999,strong_evidence,0.9264192384184948,True,True,233.0,50467.6015625,13378.84375,1775.839111328125,20.885201579304017,-1.000044611342787,3.5275590551181097,16.0,218,252,0.00016009476587441895,weak_evidence,0.8154997113806902,True,False,3.8692746829012137,64879.72626106594,2104.1251325955,30.83453795404026,12975.945252213189,68,persistent_core_paired_edge_continuity_first_v2_1,206.0,274.0,17.641813603945003,11.460898094391673,11.157808487162029,0.37393398582935333,0.09774648638938886,1.0,233.0,206.0,209.54162645252066,-1.000044611342787,-3.54162645252066,1.0,20.885201579304017,233,236,206,222,247,263,True,True,UPPER_SEED_TRAJECTORY_OUTLIER;Z_EDGE_EVIDENCE_WEAK;Z_CONTINUITY_REJECTED_CONTINUITY,rejected_continuity,210.0,False,,True,0,219.0,False,210.0
flow05,29,0,0.2,128.0,19,234.00020470610866,218.0,209.0,228.0,230.0,high_confidence,0.5,high_confidence,0.5,high_confidence,0.9058861674121639,strong_evidence,0.926406991180582,True,True,233.0,48325.96875,13726.083984375,3269.964111328125,10.581120644645836,-1.0002047061086614,3.5275590551181097,16.0,218,252,0.0005141076058237104,strong_evidence,0.8858199000235478,True,True,3.8692746829012137,61551.49415317402,3012.975177950459,20.42880890742807,12310.298830634805,66,persistent_core_paired_edge_continuity_first_v2_1,208.0,274.0,15.24439146132406,12.929848738420592,-3.275474372100963,0.4296660181134939,0.0006406351431475119,1.0,233.0,207.0,209.35961983103,-1.0002047061086614,-2.3596198310299883,0.0,10.581120644645836,233,236,206,222,247,263,True,True,,accepted,210.0,False,,False,0,219.0,False,210.0
flow05,30,0,0.2,128.0,19,234.00071881371449,228.0,209.0,228.0,230.0,high_confidence,0.5,high_confidence,0.5,high_confidence,0.9277769362189527,strong_evidence,0.9348449726424399,True,True,234.0,50606.7578125,16480.23046875,6507.54833984375,5.244145039200646,-0.0007188137144851225,3.5275590551181097,16.0,218,252,0.0014773247783921306,strong_evidence,0.9207623387509561,True,True,3.8692746829012137,57089.28877884423,11940.52581012458,4.781136918647019,47762.10324049832,9,persistent_core_paired_edge_continuity_first_v2_1,224.0,233.0,1.9523665023746424,1.0592527108289513,-0.4470081137531031,0.22522076964378357,0.0079825870065759,1.0,234.0,209.0,209.1576231628115,-0.0007188137144851225,-0.1576231628114897,0.0,5.244145039200646,233,236,206,222,247,263,True,True,,accepted,210.0,False,,False,0,219.0,False,210.0
flow05,31,0,0.2,128.0,19,234.00219613849288,227.0,209.0,228.0,230.0,high_confidence,0.50097321493658,high_confidence,0.50097321493658,high_confidence,0.950847314077917,strong_evidence,0.9998443463744814,True,True,234.0,47443.4375,11250.60546875,2146.08740234375,16.86456571699907,-0.002196138492877253,3.5275590551181097,16.0,218,252,0.00379876994031747,strong_evidence,0.9042513646924834,True,True,3.8692746829012137,58568.36360451323,11409.65324866793,5.133229058591334,45638.61299467172,12,persistent_core_paired_edge_continuity_first_v2_1,225.0,237.0,2.733147249021593,1.5758453665609564,-0.14855225354836407,0.2676474452018738,0.011389449889837746,1.0,234.0,210.0,208.94931847327078,-0.002196138492877253,1.050681526729221,0.0,16.86456571699907,233,236,206,222,247,263,True,True,,accepted,210.0,False,,False,0,218.0,False,210.0
flow05,32,0,0.2,128.0,19,234.0059949084332,213.0,209.0,228.0,230.0,model_assisted,0.2709326399291163,model_assisted,0.2709326399291163,model_assisted,0.9292658179862192,strong_evidence,0.9995750473353978,True,True,234.0,51324.2890625,14313.162109375,5463.8505859375,6.773817543324082,-0.005994908433194723,3.5275590551181097,16.0,218,252,0.008740878047717615,weak_evidence,0.8639020779675848,True,False,3.8692746829012137,60304.488995242835,6644.7719663649505,9.07547908348052,26579.087865459802,51,persistent_core_paired_edge_continuity_first_v2_1,207.0,258.0,4.6636845700584635,2.8422999031567704,0.17434811233883965,0.45438507571816444,0.05691756089231603,1.0,234.0,206.0,208.7490943290036,-0.005994908433194723,-2.7490943290036114,1.0,6.773817543324082,233,236,206,222,247,263,True,True,UPPER_SEED_TRAJECTORY_OUTLIER;Z_EDGE_EVIDENCE_WEAK;Z_CONTINUITY_REJECTED_CONTINUITY,rejected_continuity,210.0,False,,True,0,217.0,False,210.0
flow05,33,0,0.2,128.0,19,234.0147357864809,226.0,209.0,228.0,230.0,model_assisted,1.022272653308566e-145,model_assisted,1.022272653308566e-145,model_assisted,0.0,strong_evidence,0.8419474014397845,True,True,234.0,49287.45703125,14193.70703125,8233.8046875,4.2621547792209515,-0.014735786480912338,3.5275590551181097,16.0,218,252,0.017997500190858773,unavailable,0.0,False,False,3.8692746829012137,57419.09589249773,5678.567869319197,10.111545237088396,22714.271477276787,49,persistent_core_paired_edge_continuity_first_v2_1,197.0,246.0,,,,,,,234.0,,208.56952026247723,-0.014735786480912338,,1.0,4.2621547792209515,233,236,206,222,247,263,True,True,NO_VALID_UPPER_COMPONENT;Z_EDGE_EVIDENCE_UNAVAILABLE;Z_CONTINUITY_NO_CANDIDATE,no_candidate,,False,,True,0,217.0,False,210.0
flow05,34,0,0.2,128.0,19,234.03273328667177,211.0,208.0,227.0,229.0,high_confidence,0.6621532253748846,high_confidence,0.6621532253748846,high_confidence,0.9688818550561932,strong_evidence,0.9976774773822272,True,True,234.0,49912.8984375,12290.625,2886.76123046875,13.032693192776087,-0.03273328667177111,3.5275590551181097,16.0,218,252,0.03315998842083445,strong_evidence,0.9409173508860178,True,True,3.8692746829012137,62789.85334379565,11882.147605062612,5.284385906554709,47528.590420250446,8,persistent_core_paired_edge_continuity_first_v2_1,209.0,217.0,4.087048975929172,2.8515802137681447,0.3877955832032031,0.3047161400318146,0.04156484208631115,1.0,234.0,208.0,208.4192297237468,-0.03273328667177111,-0.41922972374680967,0.0,13.032693192776087,233,236,206,222,247,263,True,True,,accepted,210.0,False,,False,0,217.0,False,210.0
flow05,35,0,0.2,128.0,19,234.0658932750926,216.0,208.0,227.0,229.0,high_confidence,0.792301007157092,high_confidence,0.792301007157092,high_confidence,0.9820519702410324,strong_evidence,0.9953191531305104,True,True,234.0,49037.71875,21457.296875,2419.154296875,11.400852732141834,-0.06589327509260556,3.5275590551181097,16.0,218,252,0.05467157824568858,strong_evidence,0.9689616332820975,True,True,3.8692746829012137,54800.445110779496,3560.690594110452,15.390397919274982,14242.762376441808,45,persistent_core_paired_edge_continuity_first_v2_1,209.0,254.0,11.89590617677278,8.546310832649338,2.4574579788110387,0.6433326900005341,0.023639552658910122,1.0,234.0,209.0,208.3015583005092,-0.06589327509260556,0.698441699490786,0.0,11.400852732141834,233,236,206,222,247,263,True,True,,accepted,209.0,False,,False,0,217.0,False,209.0
flow05,36,0,0.2,128.0,19,234.1205648533383,217.0,208.0,227.0,229.0,model_assisted,3.6583312054656995e-146,model_assisted,3.6583312054656995e-146,model_assisted,0.0,strong_evidence,0.9139237172477407,True,True,234.0,50898.859375,23663.73828125,5341.6123046875,5.098670502509136,-0.12056485333829414,3.5275590551181097,16.0,218,252,0.08065919989877557,unavailable,0.0,False,False,3.8692746829012137,65127.22813787182,16710.219240506678,3.8974490520147755,66840.87696202671,0,persistent_core_paired_edge_continuity_first_v2_1,,,,,,,,,234.0,,208.2144781200517,-0.12056485333829414,,1.0,5.098670502509136,233,236,206,222,247,263,True,True,NO_VALID_UPPER_COMPONENT;Z_EDGE_EVIDENCE_UNAVAILABLE;Z_CONTINUITY_NO_CANDIDATE,no_candidate,,False,,True,0,217.0,False,209.0
flow05,37,0,0.2,128.0,19,234.20122405323707,216.0,208.0,227.0,229.0,high_confidence,0.5,high_confidence,0.5,high_confidence,0.92334391610434,strong_evidence,0.975700161576484,True,True,234.0,50629.85546875,17879.5703125,5570.115234375,5.879642301498055,-0.2012240532370697,3.5275590551181097,16.0,218,252,0.10648569402724206,strong_evidence,0.8737971161441351,True,True,3.8692746829012137,62556.51945747482,11281.41178833935,5.545096715832521,45125.6471533574,12,persistent_core_paired_edge_continuity_first_v2_1,209.0,221.0,3.8998077183670943,2.4922254720350536,-0.05397523954779993,0.4545254185795784,0.042183268775018906,1.0,234.0,206.0,208.15213039915687,-0.2012240532370697,-2.1521303991568743,0.0,5.879642301498055,233,236,206,222,247,263,True,True,,accepted,209.0,False,,False,0,217.0,False,209.0
flow05,38,0,0.2,128.0,19,234.3077097472643,218.0,208.0,227.0,229.0,model_assisted,0.025830283087329046,model_assisted,0.025830283087329046,model_assisted,0.0,strong_evidence,0.8990405029215919,True,True,235.0,46467.57421875,16431.455078125,5585.72998046875,5.37729522294316,0.6922902527356882,3.5275590551181097,16.0,218,252,0.12579798346030202,weak_evidence,0.0,True,False,3.8692746829012137,56338.433121621114,3684.5966727166683,15.290257828974957,14738.386690866673,53,persistent_core_paired_edge_continuity_first_v2_1,205.0,258.0,9.954184046569031,8.231239890196317,-0.28806703572080355,-0.04322446882724762,0.15030799669464637,1.0,235.0,199.0,208.10742436118932,0.6922902527356882,-9.107424361189317,1.0,5.37729522294316,233,236,206,222,247,263,True,True,UPPER_SEED_TRAJECTORY_OUTLIER;Z_EDGE_EVIDENCE_WEAK;Z_CONTINUITY_REJECTED_CONTINUITY,rejected_continuity,209.0,False,,True,0,217.0,False,209.0
flow05,39,0,0.2,128.0,19,234.4335077307246,222.0,208.0,227.0,229.0,high_confidence,0.5,high_confidence,0.5,high_confidence,0.826801989483555,strong_evidence,0.6858076271497938,True,True,233.0,48869.7265625,20434.66015625,8028.87744140625,3.541599260141356,-1.4335077307246138,3.5275590551181097,16.0,218,252,0.1329845385507724,strong_evidence,0.9967832125970983,True,True,3.8692746829012137,60749.69255251813,2846.2402783771663,21.343838401147085,12149.938510503627,57,persistent_core_paired_edge_continuity_first_v2_1,209.0,266.0,12.237591243124061,8.111444989823534,-0.09938987833746635,0.45342933386564255,0.08938500853671365,1.0,233.0,208.0,208.07443983288465,-1.4335077307246138,-0.07443983288465006,0.0,3.541599260141356,233,236,206,222,247,263,True,True,,accepted,209.0,False,,False,0,217.0,False,209.0
flow05,40,0,0.2,128.0,19,234.5664922692754,214.0,208.0,227.0,229.0,high_confidence,0.7827269595239061,high_confidence,0.7827269595239061,high_confidence,0.9782444103503195,strong_evidence,0.9590123976241933,True,True,234.0,50262.83984375,13287.361328125,4646.583984375,7.957561649582123,-0.5664922692753862,3.5275590551181097,16.0,218,252,0.1329845385507724,strong_evidence,0.9978621014205569,True,True,3.8692746829012137,63151.29930514877,2876.157538291386,21.956829020799923,12630.259861029755,45,persistent_core_paired_edge_continuity_first_v2_1,208.0,253.0,15.47602252142245,11.06767839841226,4.580327504610636,0.339812945574522,0.022341526980614833,1.0,234.0,208.0,208.0495266670244,-0.5664922692753862,-0.04952666702439501,0.0,7.957561649582123,234,237,207,223,248,264,True,True,,accepted,208.0,False,,False,0,216.0,False,208.0
flow05,41,0,0.2,128.0,19,234.69229025273572,219.0,208.0,227.0,229.0,high_confidence,0.5984048911776079,high_confidence,0.5984048911776079,high_confidence,0.9882528389536578,strong_evidence,0.9779493293283377,True,True,235.0,49020.0234375,15640.109375,5520.8896484375,6.04611144001892,0.30770974726428335,3.5275590551181097,16.0,218,252,0.12579798346033044,strong_evidence,0.9986649046231566,True,True,3.8692746829012137,61368.27991914881,1342.6967274288909,45.70524278901161,12273.655983829762,54,persistent_core_paired_edge_continuity_first_v2_1,208.0,262.0,33.464937950594695,24.636011709051022,3.977160712271556,0.4607190266251564,0.05172351928094462,1.0,235.0,208.0,208.03095374144067,0.30770974726428335,-0.03095374144066909,0.0,6.04611144001892,234,237,207,223,248,264,True,True,,accepted,208.0,False,,False,0,217.0,False,208.0
flow05,42,0,0.2,128.0,19,234.79877594676296,215.0,208.0,227.0,229.0,model_assisted,0.3656950948217825,model_assisted,0.3656950948217825,model_assisted,0.9142868892497733,strong_evidence,0.9856359810279767,True,True,235.0,49247.29296875,12448.4912109375,1965.45263671875,18.72281278639547,0.2012240532370413,3.5275590551181097,16.0,218,252,0.10648569402724206,weak_evidence,0.8481026788228627,True,False,3.8692746829012137,51554.62636358595,3162.396582618207,16.30239124559859,12649.586330472828,44,persistent_core_paired_edge_continuity_first_v2_1,206.0,250.0,8.661316334213709,5.3141945077941655,0.6484794275294777,0.3541542664170265,0.16380911899487297,1.0,235.0,205.0,208.0178661011122,0.2012240532370413,-3.0178661011121903,1.0,18.72281278639547,234,237,207,223,248,264,True,True,UPPER_SEED_TRAJECTORY_OUTLIER;Z_EDGE_EVIDENCE_WEAK;Z_CONTINUITY_REJECTED_CONTINUITY,rejected_continuity,208.0,False,,True,0,217.0,False,208.0
flow05,43,0,0.2,128.0,19,234.87943514666173,212.0,208.0,227.0,229.0,high_confidence,0.528595747450062,high_confidence,0.528595747450062,high_confidence,0.9161077967257812,strong_evidence,0.9171531699136378,True,True,236.0,47636.5390625,13573.875,3508.15234375,9.709573794075629,1.1205648533382657,3.5275590551181097,16.0,218,252,0.08065919989877557,strong_evidence,0.9150636150565692,True,True,3.8692746829012137,53726.15090276225,10190.44931434882,5.272206283103956,40761.79725739528,7,persistent_core_paired_edge_continuity_first_v2_1,210.0,217.0,4.041943571567901,2.8569630010465974,0.3242526759270361,0.2355583757162094,0.021388801174279444,1.0,236.0,209.0,208.00940714508505,1.1205648533382657,0.9905928549149507,0.0,9.709573794075629,234,237,207,223,248,264,True,True,,accepted,208.0,False,,False,0,218.0,False,208.0
flow05,44,0,0.2,128.0,19,234.93410672490742,227.0,208.0,227.0,229.0,model_assisted,1.8327264592227767e-145,model_assisted,1.8327264592227767e-145,model_assisted,0.0,strong_evidence,0.9953191531305124,True,True,235.0,49979.578125,16169.078125,4424.77783203125,7.641174604348183,0.06589327509257714,3.5275590551181097,16.0,218,252,0.05467157824568858,unavailable,0.0,False,False,3.8692746829012137,59195.76192024078,4734.63883815623,12.50269850430511,18938.55535262492,54,persistent_core_paired_edge_continuity_first_v2_1,206.0,260.0,,,,,,,235.0,,208.00448022730194,0.06589327509257714,,1.0,7.641174604348183,234,237,207,223,248,264,True,True,NO_VALID_UPPER_COMPONENT;Z_EDGE_EVIDENCE_UNAVAILABLE;Z_CONTINUITY_NO_CANDIDATE,no_candidate,,False,,True,0,218.0,False,208.0
flow05,45,0,0.2,128.0,19,234.96726671332826,219.0,208.0,227.0,229.0,high_confidence,0.5,high_confidence,0.5,high_confidence,0.8965278559607541,strong_evidence,0.9976774773822293,True,True,235.0,47784.42578125,11872.7265625,4366.9033203125,8.22360757374865,0.03273328667174269,3.5275590551181097,16.0,218,252,0.03315998842083445,strong_evidence,0.8056332980699834,True,True,3.8692746829012137,59223.96547544134,12581.571482183312,4.707199379609141,50326.28592873325,4,persistent_core_paired_edge_continuity_first_v2_1,217.0,221.0,2.063029279827092,1.0765830023848242,-0.0855199342569799,0.20653724670410156,0.055398420606734,1.0,235.0,208.0,208.00192169064155,0.03273328667174269,-0.0019216906415522317,0.0,8.22360757374865,234,237,207,223,248,264,True,True,,accepted,208.0,False,,False,0,217.0,False,208.0
flow05,46,0,0.2,128.0,19,234.98526421351912,224.0,,,,failed,0.0,failed,0.0,failed,0.0,strong_evidence,0.9275492411379418,True,True,234.0,47309.69140625,12293.7353515625,2272.44580078125,15.40892902380742,-0.9852642135191161,3.5275590551181097,16.0,218,252,0.017997500190858773,unavailable,0.0,True,False,3.8692746829012137,57613.12725479479,3552.415125728516,16.21801653684258,14209.660502914065,52,persistent_core_paired_edge_continuity_first_v2_1,205.0,257.0,9.48988954201295,7.233030508947315,-1.883912067424215,0.41843268275260925,0.037350784562513104,1.0,234.0,205.0,,-0.9852642135191161,,1.0,15.40892902380742,234,237,207,223,248,264,False,False,UPPER_SEED_TRAJECTORY_OUTLIER;Z_EDGE_EVIDENCE_UNAVAILABLE;PRIMARY_WINDOW_INCOMPLETE;TRACKING_FAILED;Z_UPPER_UNAVAILABLE;Z_CONTINUITY_REJECTED_CONTINUITY,rejected_continuity,208.0,False,,False,-1,217.0,False,208.0
flow05,47,0,0.2,128.0,19,234.99400509156683,213.0,,,,failed,0.0,failed,0.0,failed,0.0,strong_evidence,0.6996398456548558,True,True,234.0,51816.1640625,14812.6015625,10824.087890625,3.4186310083503355,-0.9940050915668337,3.5275590551181097,16.0,218,252,0.008740878047717615,unavailable,0.0,True,False,3.8692746829012137,65348.115428538265,2451.209989068577,26.659533748624106,13069.623085707653,53,persistent_core_paired_edge_continuity_first_v2_1,207.0,260.0,12.408395217123745,9.659453308399788,2.0499363915957574,-0.03505675494670868,0.24606730379271743,1.0,234.0,199.0,,-0.9940050915668337,,2.0,3.4186310083503355,234,237,207,223,248,264,False,False,UPPER_SEED_TRAJECTORY_OUTLIER;Z_EDGE_EVIDENCE_UNAVAILABLE;PRIMARY_WINDOW_INCOMPLETE;TRACKING_FAILED;Z_UPPER_UNAVAILABLE;Z_CONTINUITY_REJECTED_CONTINUITY,rejected_continuity,208.0,False,,False,-1,216.0,False,208.0
flow05,48,0,0.2,128.0,19,234.99780386150715,213.0,,,,failed,0.0,failed,0.0,failed,0.0,strong_evidence,0.9998443463744835,True,True,235.0,50045.10546875,11917.515625,3855.319580078125,9.889605531217045,0.0021961384928488314,3.5275590551181097,16.0,218,252,0.00379876994031747,unavailable,0.0,True,False,3.8692746829012137,63528.93301416794,2700.8556606992797,23.521780130123517,12705.786602833588,77,persistent_core_paired_edge_continuity_first_v2_1,200.0,277.0,10.367070908587369,7.630994620460297,2.1887558288694713,0.13835547864437103,0.2286812156128953,1.0,235.0,198.0,,0.0021961384928488314,,3.0,9.889605531217045,234,237,207,223,248,264,False,False,UPPER_SEED_TRAJECTORY_OUTLIER;Z_EDGE_EVIDENCE_UNAVAILABLE;PRIMARY_WINDOW_INCOMPLETE;TRACKING_FAILED;Z_UPPER_UNAVAILABLE;Z_CONTINUITY_REJECTED_CONTINUITY,rejected_continuity,208.0,False,,False,-1,216.0,False,208.0
flow05,49,0,0.2,128.0,19,234.99928118628551,213.0,,,,failed,0.0,failed,0.0,failed,0.0,strong_evidence,0.9999490559893295,True,True,235.0,49272.734375,19835.236328125,3829.293701171875,7.687448481130155,0.0007188137144851225,3.5275590551181097,16.0,218,252,0.001477324778363709,unavailable,0.0,True,False,3.8692746829012137,63102.223220060565,3870.727413401804,16.30241979881578,15482.909653607216,62,persistent_core_paired_edge_continuity_first_v2_1,198.0,260.0,10.290157420990754,8.759105919011953,-1.6334792876577022,-0.03826500475406647,0.09384897102981277,1.0,235.0,198.0,,0.0007188137144851225,,3.0,7.687448481130155,234,237,207,223,248,264,False,False,UPPER_SEED_TRAJECTORY_OUTLIER;Z_EDGE_EVIDENCE_UNAVAILABLE;PRIMARY_WINDOW_INCOMPLETE;TRACKING_FAILED;Z_UPPER_UNAVAILABLE;Z_CONTINUITY_REJECTED_CONTINUITY,rejected_continuity,208.0,False,,False,-1,216.0,False,208.0
flow05,50,0,0.2,128.0,19,234.99979529389137,215.0,,,,failed,0.0,failed,0.0,failed,0.0,strong_evidence,0.926438310862949,True,True,234.0,51157.0,13926.083984375,2505.76416015625,14.858108599216065,-0.999795293891367,3.5275590551181097,16.0,218,252,0.0005141076058521321,unavailable,0.0,False,False,3.8692746829012137,64240.74543097819,2119.272610380582,30.312638929185113,12848.149086195639,72,persistent_core_paired_edge_continuity_first_v2_1,192.0,264.0,,,,,,,234.0,,,-0.999795293891367,,2.0,14.858108599216065,234,237,207,223,248,264,False,False,NO_VALID_UPPER_COMPONENT;Z_EDGE_EVIDENCE_UNAVAILABLE;PRIMARY_WINDOW_INCOMPLETE;TRACKING_FAILED;Z_UPPER_UNAVAILABLE;Z_CONTINUITY_NO_CANDIDATE,no_candidate,,False,,False,-1,216.0,False,208.0
flow05,51,0,0.2,128.0,19,234.99995538865724,212.0,,,,failed,0.0,failed,0.0,failed,0.0,strong_evidence,0.9264260638771715,True,True,234.0,48344.08203125,15201.9521484375,3833.31298828125,8.645818899769127,-0.9999553886572414,3.5275590551181097,16.0,218,252,0.00016009476587441895,unavailable,0.0,True,False,3.8692746829012137,60817.568833179146,3342.0454410789903,18.197708530720636,13368.181764315961,56,persistent_core_paired_edge_continuity_first_v2_1,199.0,255.0,9.004506337340086,6.119574417603412,4.542684112685976,0.27786486968398094,0.23506058047869552,1.0,234.0,199.0,,-0.9999553886572414,,1.0,8.645818899769127,234,237,207,223,248,264,False,False,UPPER_SEED_TRAJECTORY_OUTLIER;Z_EDGE_EVIDENCE_UNAVAILABLE;PRIMARY_WINDOW_INCOMPLETE;TRACKING_FAILED;Z_UPPER_UNAVAILABLE;Z_CONTINUITY_REJECTED_CONTINUITY,rejected_continuity,208.0,False,,False,-1,215.0,False,208.0
flow05,52,0,0.2,128.0,19,235.00000000000003,216.0,208.0,227.0,229.0,high_confidence,0.830866082061441,high_confidence,0.830866082061441,high_confidence,0.9614377698708197,strong_evidence,0.9264226511541179,True,True,234.0,50705.22265625,8885.83203125,4947.546875,8.452550664312806,-1.0000000000000284,3.5275590551181097,16.0,219,253,4.461134278699319e-05,strong_evidence,0.9977763218360689,True,True,3.8692746829012137,64310.58724188237,5270.080533382011,12.202961004964344,21080.322133528043,65,persistent_core_paired_edge_continuity_first_v2_1,208.0,273.0,6.405669657047779,4.616368814344229,-0.7459382354280891,0.12901371717453003,0.005978097751022017,1.0,234.0,208.0,207.94849058062493,-1.0000000000000284,0.05150941937506559,0.0,8.452550664312806,234,237,207,223,248,264,True,True,,accepted_relock,,True,54.0,False,1,216.0,True,208.0
flow05,53,0,0.2,128.0,19,235.00000000000003,216.0,208.0,227.0,229.0,high_confidence,0.5,high_confidence,0.5,high_confidence,0.9647075028515494,strong_evidence,0.999999999999998,True,True,235.0,48693.4296875,12316.912109375,5062.255859375,7.185831492645286,-2.842170943040401e-14,3.5275590551181097,16.0,219,253,0.0,strong_evidence,0.930660566058074,True,True,3.8692746829012137,57924.06287689772,11823.043306246609,4.899251518963312,47292.173224986436,17,persistent_core_paired_edge_continuity_first_v2_1,209.0,226.0,4.520968419111391,3.3459116459270377,-0.024043461377306896,0.2293848991394043,0.016310155702375307,1.0,235.0,208.0,207.90077602735136,-2.842170943040401e-14,0.09922397264864458,0.0,7.185831492645286,234,237,207,223,248,264,True,True,,accepted_relock,208.0,False,54.0,False,1,217.0,False,208.0
flow05,54,0,0.2,128.0,19,235.00000000000003,215.0,208.0,227.0,229.0,high_confidence,0.5,high_confidence,0.5,high_confidence,0.9137281984772733,strong_evidence,0.999999999999998,True,True,235.0,50190.515625,14223.599609375,4136.5986328125,8.694804405321495,-2.842170943040401e-14,3.5275590551181097,16.0,219,253,0.0,strong_evidence,0.834899220692525,True,True,3.8692746829012137,60933.338763922206,12544.351928949854,4.857432182152053,50177.40771579942,7,persistent_core_paired_edge_continuity_first_v2_1,212.0,219.0,2.561825603081794,1.6449620584967897,0.6877217004269396,0.1023428738117218,0.06559153577545598,1.0,235.0,210.0,207.82441437157422,-2.842170943040401e-14,2.175585628425779,0.0,8.694804405321495,234,237,207,223,248,264,True,True,,accepted_relock,208.0,False,54.0,False,1,216.0,False,208.0
flow05,55,0,0.2,128.0,19,235.00000000000003,216.0,208.0,227.0,229.0,model_assisted,0.056686036398430756,model_assisted,0.056686036398430756,model_assisted,0.6926260077856002,strong_evidence,0.940948578300777,True,True,235.0,49468.4453125,15660.046875,6364.1669921875,5.312305362037543,-2.842170943040401e-14,3.5275590551181097,16.0,219,253,0.0,weak_evidence,0.5098374105919219,True,False,3.8692746829012137,54869.79546169236,3464.069994159783,15.839690177796518,13856.279976639133,56,persistent_core_paired_edge_continuity_first_v2_1,203.0,259.0,3.4955113710680665,0.7276180677478037,1.7413830280293334,0.33053140342235565,0.34419628007973896,1.0,235.0,201.0,207.71300451918626,-2.842170943040401e-14,-6.713004519186256,1.0,5.312305362037543,234,237,207,223,248,264,True,True,UPPER_SEED_TRAJECTORY_OUTLIER;Z_EDGE_EVIDENCE_WEAK;Z_CONTINUITY_REJECTED_CONTINUITY,rejected_continuity,208.0,False,,True,1,216.0,False,208.0
flow05,56,0,0.2,128.0,19,235.00000000000003,216.0,208.0,227.0,229.0,high_confidence,0.8285589352802901,high_confidence,0.8285589352802901,high_confidence,0.9874621879588337,strong_evidence,0.999999999999998,True,True,235.0,49638.01171875,15168.619140625,3396.12841796875,10.1496140121643,-2.842170943040401e-14,3.5275590551181097,16.0,219,253,0.0,strong_evidence,0.975081572648449,True,True,3.8692746829012137,63661.729538774496,7644.119063677373,8.328197011121464,30576.47625470949,39,persistent_core_paired_edge_continuity_first_v2_1,207.0,246.0,5.6337127052536955,4.712435471678061,-1.6268225663357303,0.2880244255065918,0.07009338844855058,1.0,235.0,207.0,207.56420192917983,-2.842170943040401e-14,-0.5642019291798306,0.0,10.1496140121643,234,237,207,223,248,264,True,True,,accepted,208.0,False,,False,1,215.0,False,208.0
flow05,57,0,0.2,128.0,19,235.00000000000003,222.0,207.0,226.0,228.0,high_confidence,0.5,high_confidence,0.5,high_confidence,0.967755448667729,strong_evidence,0.999999999999998,True,True,235.0,46291.30859375,15571.65234375,4702.279296875,6.532928886298906,-2.842170943040401e-14,3.5275590551181097,16.0,219,253,0.0,strong_evidence,0.9365506084260794,True,True,3.8692746829012137,50990.916112209336,2758.3823215635443,18.485804420072544,11033.529286254177,64,persistent_core_paired_edge_continuity_first_v2_1,206.0,270.0,14.625678046931926,10.791254925665994,5.416209265752177,0.43894754722714424,0.033921186090962785,1.0,235.0,206.0,207.3815333088899,-2.842170943040401e-14,-1.3815333088899138,0.0,6.532928886298906,234,237,207,223,248,264,True,True,,accepted,208.0,False,,False,1,215.0,False,208.0
flow05,58,0,0.2,128.0,19,235.00000000000003,215.0,207.0,226.0,228.0,model_assisted,0.23979341372923854,model_assisted,0.23979341372923854,model_assisted,0.8946259701581493,strong_evidence,0.999999999999998,True,True,235.0,49501.32421875,17185.1640625,2223.338134765625,14.534973178812782,-2.842170943040401e-14,3.5275590551181097,16.0,219,253,0.0,weak_evidence,0.8003556264814113,True,False,3.8692746829012137,63709.730735263074,13150.479525112565,4.844669779045014,52601.91810045026,7,persistent_core_paired_edge_continuity_first_v2_1,211.0,218.0,2.6324581185203693,1.7064858496972428,0.2722335146859107,0.11369648575782776,0.1511333198519621,0.9473684210526315,235.0,210.0,207.17500351887998,-2.842170943040401e-14,2.8249964811200243,1.0,14.534973178812782,234,237,207,223,248,264,True,True,UPPER_SEED_TRAJECTORY_OUTLIER;Z_EDGE_EVIDENCE_WEAK;Z_CONTINUITY_REJECTED_CONTINUITY,rejected_continuity,208.0,False,,True,1,215.0,False,208.0
flow05,59,0,0.2,128.0,19,235.00000000000003,210.0,207.0,226.0,228.0,high_confidence,0.7239324802584199,high_confidence,0.7239324802584199,high_confidence,0.9414872483525144,strong_evidence,0.9264226511541179,True,True,234.0,47589.46875,12007.044921875,3568.802001953125,9.970411305713105,-1.0000000000000284,3.5275590551181097,16.0,219,253,0.0,strong_evidence,0.9567968115914834,True,True,3.8692746829012137,58252.90910033342,1893.3460372397606,30.76717512518641,11650.581820066684,48,persistent_core_paired_edge_continuity_first_v2_1,206.0,254.0,23.668246031136707,17.66522771056923,7.323112304280539,0.4276140555739403,0.024454279148223554,1.0,234.0,206.0,206.96028168415998,-1.0000000000000284,-0.9602816841599804,0.0,9.970411305713105,234,237,207,223,248,264,True,True,,accepted,208.0,False,,False,1,215.0,False,208.0
flow05,60,0,0.2,128.0,19,235.00000000000003,217.0,207.0,226.0,228.0,high_confidence,0.5,high_confidence,0.5,high_confidence,0.9082911901739116,strong_evidence,0.9264226511541179,True,True,234.0,48298.23828125,11331.19921875,4314.630859375,8.567833556879277,-1.0000000000000284,3.5275590551181097,16.0,219,253,0.0,strong_evidence,0.8905145886920857,True,True,3.8692746829012137,58404.119961635384,13350.366586291748,4.374720318287376,53401.46634516699,6,persistent_core_paired_edge_continuity_first_v2_1,216.0,222.0,3.4458689993340945,2.2560675837961286,0.06737764892035275,0.34407489001750946,0.008297215917327537,1.0,234.0,207.0,206.75665761409516,-1.0000000000000284,0.24334238590483892,0.0,8.567833556879277,234,237,207,223,248,264,True,True,,accepted,207.0,False,,False,1,215.0,False,207.0
flow05,61,0,0.2,128.0,19,235.00000000000003,210.0,207.0,226.0,228.0,model_assisted,0.0985670152635792,model_assisted,0.0985670152635792,model_assisted,0.7282988329085939,strong_evidence,0.999999999999998,True,True,235.0,49649.625,13255.00390625,4113.5263671875,8.847547783833395,-2.842170943040401e-14,3.5275590551181097,16.0,219,253,0.0,weak_evidence,0.5304191900160211,True,False,3.8692746829012137,61639.79335371437,6797.4733813695,9.068044830106517,27189.893525478,56,persistent_core_paired_edge_continuity_first_v2_1,200.0,256.0,2.7927224263700827,1.2435261638008337,-0.16785220212535587,0.20548120141029358,0.21359301210851586,1.0,235.0,200.0,206.58372153558355,-2.842170943040401e-14,-6.58372153558355,1.0,8.847547783833395,234,237,207,223,248,264,True,True,UPPER_SEED_TRAJECTORY_OUTLIER;Z_EDGE_EVIDENCE_WEAK;Z_CONTINUITY_REJECTED_CONTINUITY,rejected_continuity,207.0,False,,True,1,214.0,False,207.0
flow05,62,0,0.2,128.0,19,235.00000000000003,220.0,206.0,225.0,227.0,high_confidence,0.5,high_confidence,0.5,model_assisted,0.7652149360793487,weak_evidence,0.6306139278355212,True,False,235.0,48795.0,19571.58203125,12247.646484375,2.3860435558808732,-2.842170943040401e-14,3.5275590551181097,16.0,219,253,0.0,strong_evidence,0.9285457750810219,True,True,3.8692746829012137,55987.17005236991,8800.349335733117,6.361925864128878,35201.39734293247,30,persistent_core_paired_edge_continuity_first_v2_1,208.0,238.0,3.7576769757855777,2.5181498539569778,-0.22466303273714544,0.17050471901893616,0.050116552855318956,1.0,235.0,208.0,206.45685292827358,-2.842170943040401e-14,1.5431470717264233,0.0,2.3860435558808732,234,237,207,223,248,264,True,True,X_LOCAL_EVIDENCE_WEAK,accepted,207.0,False,,False,1,214.0,False,207.0
flow05,63,0,0.2,128.0,19,235.00000000000003,223.0,206.0,225.0,227.0,high_confidence,0.5,high_confidence,0.5,high_confidence,0.7956406680345315,strong_evidence,0.9264226511541223,True,True,236.0,48895.45703125,12243.16796875,5378.966796875,6.8140017305542315,0.9999999999999716,3.5275590551181097,16.0,219,253,0.0,strong_evidence,0.6833210218271322,True,True,3.8692746829012137,57912.45377958438,13918.56537269793,4.160806248981881,55674.26149079172,3,persistent_core_paired_edge_continuity_first_v2_1,223.0,226.0,2.609138906918059,1.5656448585059406,1.2279732809009576,0.22621670365333557,0.03279385737176342,1.0,236.0,207.0,206.38239602690504,0.9999999999999716,0.6176039730949583,0.0,6.8140017305542315,234,237,207,223,248,264,True,True,,accepted,207.0,False,,False,1,214.0,False,207.0
flow05,64,0,0.2,128.0,19,235.00000000000003,210.0,206.0,225.0,227.0,model_assisted,0.2342169153079884,model_assisted,0.2342169153079884,model_assisted,0.871222402136933,strong_evidence,0.999999999999998,True,True,235.0,51021.5703125,16176.0859375,3162.162109375,11.01951233673064,-2.842170943040401e-14,3.5275590551181097,16.0,219,253,0.0,weak_evidence,0.7590284739852493,True,False,3.8692746829012137,62535.30081239924,4757.45910046098,13.144684902564858,19029.83640184392,49,persistent_core_paired_edge_continuity_first_v2_1,202.0,251.0,6.684769926391478,3.814597029484029,0.9248103307456845,0.42873018980026245,0.12122219869934868,1.0,235.0,202.0,206.35452281355177,-2.842170943040401e-14,-4.3545228135517675,1.0,11.01951233673064,234,237,207,223,248,264,True,True,UPPER_SEED_TRAJECTORY_OUTLIER;Z_EDGE_EVIDENCE_WEAK;Z_CONTINUITY_REJECTED_CONTINUITY,rejected_continuity,207.0,False,,True,1,213.0,False,207.0
flow05,65,0,0.2,128.0,19,235.00000000000003,214.0,206.0,225.0,227.0,high_confidence,0.5,high_confidence,0.5,high_confidence,0.9412842714900949,strong_evidence,0.999999999999998,True,True,235.0,50791.125,16076.38671875,4414.62890625,7.863568834087661,-2.842170943040401e-14,3.5275590551181097,16.0,219,253,0.0,strong_evidence,0.8860160797546404,True,True,3.8692746829012137,57850.717191346004,3033.1411774938147,19.072873238015962,12132.564709975259,66,persistent_core_paired_edge_continuity_first_v2_1,204.0,270.0,8.417655801931447,4.928848077790048,2.1856180084106533,0.3605884984135628,0.11124062973242656,1.0,235.0,204.0,206.3560452759757,-2.842170943040401e-14,-2.3560452759757027,0.0,7.863568834087661,234,237,207,223,248,264,True,True,,accepted,207.0,False,,False,1,214.0,False,207.0
flow05,66,0,0.2,128.0,19,235.00000000000003,210.0,206.0,225.0,227.0,model_assisted,0.2717908244881924,model_assisted,0.2717908244881924,model_assisted,0.8752212337047662,strong_evidence,0.9264226511541179,True,True,234.0,50915.609375,11175.8466796875,4764.42041015625,8.34094376109207,-1.0000000000000284,3.5275590551181097,16.0,219,253,0.0,weak_evidence,0.8268496101357314,True,False,3.8692746829012137,61845.716516043336,2241.872672430839,27.586632049439576,12369.143303208668,78,persistent_core_paired_edge_continuity_first_v2_1,203.0,281.0,12.349803734604569,7.004709780312088,8.253102203443122,0.18576180934906006,0.1251088860267343,1.0,234.0,203.0,206.36394144179997,-1.0000000000000284,-3.363941441799966,1.0,8.34094376109207,234,237,207,223,248,264,True,True,UPPER_SEED_TRAJECTORY_OUTLIER;Z_EDGE_EVIDENCE_WEAK;Z_CONTINUITY_REJECTED_CONTINUITY,rejected_continuity,207.0,False,,True,1,213.0,False,207.0
flow05,67,0,0.2,128.0,19,235.00000000000003,212.0,206.0,225.0,227.0,high_confidence,0.5,high_confidence,0.5,high_confidence,0.9256833212157607,strong_evidence,0.9138036231437758,True,True,234.0,47687.234375,15789.419921875,5464.1455078125,5.837658314098388,-1.0000000000000284,3.5275590551181097,16.0,219,253,0.0,strong_evidence,0.9377174586253747,True,True,3.8692746829012137,54195.76940399574,4887.854248550741,11.08784481862668,19551.416994202966,39,persistent_core_paired_edge_continuity_first_v2_1,205.0,244.0,7.2661108354294,4.863011020146418,0.4989153473237974,0.36272069811820984,0.022170078143837577,1.0,234.0,205.0,206.3577430376561,-1.0000000000000284,-1.3577430376560926,0.0,5.837658314098388,234,237,207,223,248,264,True,True,,accepted,207.0,False,,False,1,213.0,False,207.0
flow05,68,0,0.2,128.0,19,235.00000000000003,218.0,206.0,225.0,227.0,model_assisted,0.17992122767410645,model_assisted,0.17992122767410645,model_assisted,0.8891120419038955,strong_evidence,0.9533635706445059,True,True,235.0,50314.015625,13011.23828125,6840.26318359375,5.453412586992274,-2.842170943040401e-14,3.5275590551181097,16.0,219,253,0.0,weak_evidence,0.8291907173714389,True,False,3.8692746829012137,63589.473725195334,1925.6799808188382,33.021828319654546,12717.894745039068,62,persistent_core_paired_edge_continuity_first_v2_1,203.0,265.0,9.131825448134444,3.147907062514445,3.4130546012681995,0.3874197080731392,0.1886512271471654,1.0,235.0,203.0,206.3266778911517,-2.842170943040401e-14,-3.3266778911516894,1.0,5.453412586992274,234,237,207,223,248,264,True,True,UPPER_SEED_TRAJECTORY_OUTLIER;Z_EDGE_EVIDENCE_WEAK;Z_CONTINUITY_REJECTED_CONTINUITY,rejected_continuity,207.0,False,,True,1,214.0,False,207.0
flow05,69,0,0.2,128.0,19,235.00000000000003,209.0,206.0,225.0,227.0,high_confidence,0.5,high_confidence,0.5,high_confidence,0.9612215691230983,strong_evidence,0.999999999999998,True,True,235.0,48342.4140625,13721.291015625,4041.19189453125,8.567057430191843,-2.842170943040401e-14,3.5275590551181097,16.0,219,253,0.0,strong_evidence,0.9239469049474731,True,True,3.8692746829012137,57618.98006138061,11747.136411626405,4.904938364753627,46988.54564650562,7,persistent_core_paired_edge_continuity_first_v2_1,207.0,214.0,3.0757584684465495,1.9205456102344822,0.7228858937133426,0.27059505879879,0.06880358111637681,1.0,235.0,206.0,206.2720282380964,-2.842170943040401e-14,-0.27202823809639654,0.0,8.567057430191843,234,237,207,223,248,264,True,True,,accepted,207.0,False,,False,1,214.0,False,207.0
flow05,70,0,0.2,128.0,19,235.00000000000003,209.0,206.0,225.0,227.0,high_confidence,0.723860531191904,high_confidence,0.723860531191904,high_confidence,0.9407750327288174,strong_evidence,0.9264226511541179,True,True,234.0,48560.36328125,16936.875,2911.7958984375,10.860475591101524,-1.0000000000000284,3.5275590551181097,16.0,219,253,0.0,strong_evidence,0.9553497651458771,True,True,3.8692746829012137,58787.39448861091,10080.576251719476,5.831749398114354,40322.305006877905,16,persistent_core_paired_edge_continuity_first_v2_1,207.0,223.0,4.801446232380664,3.790050514566773,0.30646713253332675,0.04549458622932434,0.10144475198118123,1.0,234.0,207.0,206.2036831934699,-1.0000000000000284,0.7963168065300863,0.0,10.860475591101524,234,237,207,223,248,264,True,True,,accepted,206.0,False,,False,1,213.0,False,206.0
flow05,71,0,0.2,128.0,19,235.00000000000003,211.0,206.0,225.0,227.0,model_assisted,0.09045483810629742,model_assisted,0.09045483810629742,model_assisted,0.7423597776477233,strong_evidence,0.9264226511541179,True,True,234.0,50758.13671875,13652.791015625,2361.4140625,15.713189098163507,-1.0000000000000284,3.5275590551181097,16.0,219,253,0.0,weak_evidence,0.5948667584742566,True,False,3.8692746829012137,57026.06579388995,12666.72571488453,4.502036838681938,50666.90285953812,5,persistent_core_paired_edge_continuity_first_v2_1,208.0,213.0,2.367806068194098,1.2289456905428537,0.2076324330059423,0.29744645953178406,0.136551752264489,1.0,234.0,201.0,206.13334311022084,-1.0000000000000284,-5.133343110220835,1.0,15.713189098163507,234,237,207,223,248,264,True,True,UPPER_SEED_TRAJECTORY_OUTLIER;Z_EDGE_EVIDENCE_WEAK;Z_CONTINUITY_REJECTED_CONTINUITY,rejected_continuity,206.0,False,,True,1,214.0,False,206.0
flow05,72,0,0.2,128.0,19,235.00000000000003,210.0,206.0,225.0,227.0,high_confidence,0.5,high_confidence,0.5,high_confidence,0.8924634413967133,strong_evidence,0.9264226511541179,True,True,234.0,50599.75390625,12583.890625,4731.4072265625,8.034789960125583,-1.0000000000000284,3.5275590551181097,16.0,219,253,0.0,strong_evidence,0.8597490500015439,True,True,3.8692746829012137,58913.57771208098,11593.884462777714,5.081435639730897,46375.53785111086,10,persistent_core_paired_edge_continuity_first_v2_1,209.0,219.0,3.7796655994092556,2.8694106345197645,-0.21599614177338275,0.1910596489906311,0.11583068045022951,1.0,234.0,208.0,206.06828572123248,-1.0000000000000284,1.9317142787675152,0.0,8.034789960125583,234,237,207,223,248,264,True,True,,accepted,206.0,False,,False,1,213.0,False,206.0
flow05,73,0,0.2,128.0,19,235.00000000000003,214.0,206.0,225.0,227.0,model_assisted,0.16573295000005495,model_assisted,0.16573295000005495,model_assisted,0.7780507745953599,strong_evidence,0.999999999999998,True,True,235.0,50097.46875,12418.9921875,2915.91650390625,12.92165825462587,-2.842170943040401e-14,3.5275590551181097,16.0,219,253,0.0,weak_evidence,0.6053630078484407,True,False,3.8692746829012137,57875.89903964658,13288.384403216458,4.355375136923169,53153.53761286583,3,persistent_core_paired_edge_continuity_first_v2_1,213.0,216.0,2.8083004603122967,1.7090114763779076,0.6413231949482816,0.26244980096817017,0.0926139155749327,1.0,235.0,203.0,206.00853050639904,-2.842170943040401e-14,-3.0085305063990404,1.0,12.92165825462587,234,237,207,223,248,264,True,True,UPPER_SEED_TRAJECTORY_OUTLIER;Z_EDGE_EVIDENCE_WEAK;Z_CONTINUITY_REJECTED_CONTINUITY,rejected_continuity,206.0,False,,True,1,213.0,False,206.0
flow05,74,0,0.2,128.0,19,235.00000000000003,212.0,206.0,225.0,227.0,model_assisted,0.04502021843490003,model_assisted,0.04502021843490003,model_assisted,0.6583275834273494,strong_evidence,0.7247659222423106,True,True,235.0,49249.390625,20221.404296875,9210.22265625,3.1517138522624952,-2.842170943040401e-14,3.5275590551181097,16.0,219,253,0.0,weak_evidence,0.5979795597459078,True,False,3.8692746829012137,57900.87558342317,13969.49482469848,4.144808120122763,55877.97929879392,3,persistent_core_paired_edge_continuity_first_v2_1,211.0,214.0,2.6875199308889246,1.4766768194476276,0.6170749320505606,0.43711622804403305,0.030057230927627045,1.0,235.0,203.0,205.94788891144356,-2.842170943040401e-14,-2.947888911443556,1.0,3.1517138522624952,234,237,207,223,248,264,True,True,UPPER_SEED_TRAJECTORY_OUTLIER;Z_EDGE_EVIDENCE_WEAK;Z_CONTINUITY_REJECTED_CONTINUITY,rejected_continuity,206.0,False,,True,1,213.0,False,206.0
flow05,75,0,0.2,128.0,19,235.00000000000003,209.0,206.0,225.0,227.0,high_confidence,0.5,high_confidence,0.5,high_confidence,0.9244593010171934,strong_evidence,0.9264226511541223,True,True,236.0,48316.875,14168.27734375,4890.93603515625,6.982016818618864,0.9999999999999716,3.5275590551181097,16.0,219,253,0.0,strong_evidence,0.9225001117713605,True,True,3.8692746829012137,57028.79282692536,11915.612925218988,4.786056175610225,47662.45170087595,6,persistent_core_paired_edge_continuity_first_v2_1,207.0,213.0,4.412938285793265,3.1314178233521255,-0.13989713420646768,0.381223663687706,0.003841587676656912,1.0,236.0,206.0,205.87754468258566,0.9999999999999716,0.12245531741433524,0.0,6.982016818618864,234,237,207,223,248,264,True,True,,accepted,206.0,False,,False,1,212.0,False,206.0
flow05,76,0,0.2,128.0,19,235.00000000000003,210.0,206.0,225.0,227.0,high_confidence,0.6642296460529623,high_confidence,0.6642296460529623,high_confidence,0.9581134216382483,strong_evidence,0.9264226511541223,True,True,236.0,48230.0078125,15940.986328125,4533.0654296875,7.12299921216909,0.9999999999999716,3.5275590551181097,16.0,219,253,0.0,strong_evidence,0.990888259888449,True,True,3.8692746829012137,57004.64758953013,5380.033323585301,10.59559377441583,21520.133294341205,38,persistent_core_paired_edge_continuity_first_v2_1,206.0,244.0,5.079050155356351,3.0141728625677326,1.6678247944463562,0.2177906036376953,0.02522058155552175,1.0,236.0,206.0,205.79038664537646,0.9999999999999716,0.20961335462354214,0.0,7.12299921216909,234,237,207,223,248,264,True,True,,accepted,206.0,False,,False,1,212.0,False,206.0
flow05,77,0,0.2,128.0,19,235.00000000000003,214.0,206.0,225.0,227.0,high_confidence,0.9001124291868039,high_confidence,0.9001124291868039,high_confidence,0.9930820116316683,strong_evidence,0.999999999999998,True,True,235.0,49844.35546875,10759.369140625,2679.801513671875,14.585030319865217,-2.842170943040401e-14,3.5275590551181097,16.0,219,253,4.461134273014977e-05,strong_evidence,0.9862118818264031,True,True,3.8692746829012137,59647.295200294226,5361.701869812864,11.124694481078272,21446.807479251456,59,persistent_core_paired_edge_continuity_first_v2_1,206.0,265.0,9.783691742500986,7.783572210091324,0.5017655007262088,0.1456252932548523,0.015531697271405008,1.0,235.0,206.0,205.68429319357648,-2.842170943040401e-14,0.31570680642352045,0.0,14.585030319865217,234,237,207,223,248,264,True,True,,accepted,206.0,False,,False,1,212.0,False,206.0
flow05,78,0,0.2,128.0,19,235.00004461134276,217.0,206.0,225.0,227.0,model_assisted,0.22257514610510074,model_assisted,0.22257514610510074,model_assisted,0.8965821533847173,strong_evidence,0.9999968383652418,True,True,235.0,50010.6640625,9005.896484375,4338.9990234375,9.45028273955214,-4.461134275857148e-05,3.5275590551181097,16.0,219,253,0.00016009476593126237,weak_evidence,0.8038620992863306,True,False,3.8692746829012137,55544.90409085262,11918.119804593945,4.660542518581022,47672.47921837578,15,persistent_core_paired_edge_continuity_first_v2_1,208.0,223.0,2.4370747356737654,1.353608716443026,0.2916166127962051,0.216079443693161,0.11909970701882337,1.0,235.0,203.0,205.5634464362427,-4.461134275857148e-05,-2.563446436242714,1.0,9.45028273955214,234,237,207,223,248,264,True,True,UPPER_SEED_TRAJECTORY_OUTLIER;Z_EDGE_EVIDENCE_WEAK;Z_CONTINUITY_REJECTED_CONTINUITY,rejected_continuity,206.0,False,,True,1,212.0,False,206.0
flow05,79,0,0.2,128.0,19,235.0002047061087,214.0,205.0,224.0,226.0,high_confidence,0.8186305052636448,high_confidence,0.8186305052636448,high_confidence,0.948964479176174,strong_evidence,0.9264069911805798,True,True,234.0,49413.93359375,13329.0830078125,3179.799072265625,11.348154322287678,-1.0002047061086898,3.5275590551181097,16.0,219,253,0.0005141076057952887,strong_evidence,0.9720712292882199,True,True,3.8692746829012137,56123.58815853649,9608.163153109528,5.841240127190491,38432.65261243811,12,persistent_core_paired_edge_continuity_first_v2_1,206.0,218.0,4.829343748607705,3.381205994339033,0.698764333280166,0.36042821407318115,0.018308935985837587,1.0,234.0,205.0,205.43725234945654,-1.0002047061086898,-0.4372523494565428,0.0,11.348154322287678,234,237,207,223,248,264,True,True,,accepted,206.0,False,,False,1,212.0,False,206.0
flow05,80,0,0.2,128.0,19,235.00071881371449,209.0,205.0,224.0,226.0,model_assisted,0.009844480345736215,model_assisted,0.009844480345736215,model_assisted,0.0,strong_evidence,0.7825004044471844,True,True,234.0,45936.88671875,13253.173828125,7634.4501953125,4.281082730841911,-1.0007188137144851,3.5275590551181097,16.0,219,253,0.0014773247784205523,weak_evidence,0.0,True,False,3.8692746829012137,59496.7035454872,1344.6846243112902,44.24584208803588,11899.340709097442,55,persistent_core_paired_edge_continuity_first_v2_1,195.0,250.0,13.665286502552409,7.980379012533144,-0.919686151112639,0.11572612822055817,0.22478182623337703,1.0,234.0,194.0,205.317395632876,-1.0007188137144851,-11.317395632876014,1.0,4.281082730841911,234,237,207,223,248,264,True,True,UPPER_SEED_TRAJECTORY_OUTLIER;Z_EDGE_EVIDENCE_WEAK;Z_CONTINUITY_REJECTED_CONTINUITY,rejected_continuity,206.0,False,,True,1,212.0,False,206.0
flow05,81,0,0.2,128.0,19,235.0021961384929,211.0,205.0,224.0,226.0,model_assisted,0.06124994771862993,model_assisted,0.06124994771862993,model_assisted,0.638471046886141,strong_evidence,0.9998443463744794,True,True,235.0,48165.21875,14559.3046875,4954.0810546875,6.783480869918838,-0.002196138492905675,3.5275590551181097,16.0,219,253,0.00379876994031747,weak_evidence,0.40770873905527527,True,False,3.8692746829012137,52759.51441994703,1955.2293978162402,26.983797644855976,10551.902883989407,66,persistent_core_paired_edge_continuity_first_v2_1,204.0,270.0,15.351513589560096,12.434656755706483,-3.3408035307232735,0.1797463297843933,0.1612363678745091,1.0,235.0,198.0,205.2140926889585,-0.002196138492905675,-7.2140926889584875,2.0,6.783480869918838,234,237,207,223,248,264,True,True,UPPER_SEED_TRAJECTORY_OUTLIER;Z_EDGE_EVIDENCE_WEAK;Z_CONTINUITY_REJECTED_CONTINUITY,rejected_continuity,206.0,False,,True,1,213.0,False,206.0
flow05,82,0,0.2,128.0,19,235.00599490843322,217.0,205.0,224.0,226.0,model_assisted,0.15588673464242347,model_assisted,0.15588673464242347,model_assisted,0.8338817980730591,strong_evidence,0.9995750473353958,True,True,235.0,47680.3515625,15662.3759765625,3710.697998046875,8.628558724744012,-0.005994908433223145,3.5275590551181097,16.0,219,253,0.008740878047660772,weak_evidence,0.6956544733796646,True,False,3.8692746829012137,50017.85925945397,2951.4865954970787,16.946666583464577,11805.946381988315,59,persistent_core_paired_edge_continuity_first_v2_1,200.0,259.0,9.69446630304713,6.446715849141082,2.0197899644065505,0.27169130742549896,0.16004674313365727,1.0,235.0,200.0,205.13335395805615,-0.005994908433223145,-5.133353958056148,1.0,8.628558724744012,234,237,207,223,248,264,True,True,UPPER_SEED_TRAJECTORY_OUTLIER;Z_EDGE_EVIDENCE_WEAK;Z_CONTINUITY_REJECTED_CONTINUITY,rejected_continuity,206.0,False,,True,1,213.0,False,206.0
flow05,83,0,0.2,128.0,19,235.01473578648088,209.0,205.0,224.0,226.0,high_confidence,0.5,high_confidence,0.5,high_confidence,0.8460999808795023,strong_evidence,0.7944332990516302,True,True,237.0,48999.90625,12554.53515625,6916.19775390625,5.269567526921241,1.985264213519116,3.5275590551181097,16.0,219,253,0.017997500190858773,strong_evidence,0.9011268516801796,True,True,3.8692746829012137,61913.17915073714,736.3999542585881,84.07547935424806,12382.635830147428,57,persistent_core_paired_edge_continuity_first_v2_1,203.0,260.0,36.99306871137604,25.3718662379619,-5.694017745730663,0.39164164662361145,0.05068310851507213,1.0,237.0,203.0,205.07593025629052,1.985264213519116,-2.075930256290519,0.0,5.269567526921241,234,237,207,223,248,264,True,True,,accepted,206.0,False,,False,1,212.0,False,206.0
flow05,84,0,0.2,128.0,19,235.03273328667174,212.0,205.0,224.0,226.0,high_confidence,0.5069348435126597,high_confidence,0.5069348435126597,high_confidence,0.9134625407873859,strong_evidence,0.9239151895315918,True,True,234.0,48293.5546875,16749.609375,2957.5068359375,10.66572186045375,-1.0327332866717427,3.5275590551181097,16.0,219,253,0.033159988420891295,strong_evidence,0.9031281473408606,True,True,3.8692746829012137,56720.81450925028,3901.951917711297,14.536523182612681,15607.807670845188,42,persistent_core_paired_edge_continuity_first_v2_1,203.0,245.0,9.072836646961965,5.9982278488608864,1.2712998732211398,0.3883754387497902,0.03927604437785105,1.0,234.0,203.0,205.03811839229388,-1.0327332866717427,-2.0381183922938817,0.0,10.66572186045375,234,237,207,223,248,264,True,True,,accepted,206.0,False,,False,1,211.0,False,206.0
flow05,85,0,0.2,128.0,19,235.06589327509263,208.0,205.0,224.0,226.0,high_confidence,0.5,high_confidence,0.5,high_confidence,0.902519761806808,strong_evidence,0.8574200360710845,True,True,234.0,45782.453125,14448.849609375,6030.28955078125,5.196036318283522,-1.065893275092634,3.5275590551181097,16.0,219,253,0.054671578245631736,strong_evidence,0.9499917032313061,True,True,3.8692746829012137,51773.08244110181,10047.138638078615,5.153017620846002,40188.55455231446,18,persistent_core_paired_edge_continuity_first_v2_1,205.0,223.0,3.010893860863331,1.8010965918137931,0.856311812131379,0.2570892870426178,0.05341663669291488,1.0,234.0,205.0,205.01336918911926,-1.065893275092634,-0.013369189119259772,0.0,5.196036318283522,234,237,207,223,248,264,True,True,,accepted,205.0,False,,False,1,210.0,False,205.0
flow05,86,0,0.2,128.0,19,235.12056485333827,209.0,205.0,224.0,226.0,high_confidence,0.5,high_confidence,0.5,high_confidence,0.9311470069619263,strong_evidence,0.991418684770065,True,True,235.0,50165.36328125,13884.20703125,4231.54931640625,8.573965121789644,-0.12056485333826572,3.5275590551181097,16.0,219,253,0.08065919989877557,strong_evidence,0.8745394472520365,True,True,3.8692746829012137,57237.28404504119,12407.724442294835,4.613036363858434,49630.89776917934,10,persistent_core_paired_edge_continuity_first_v2_1,207.0,217.0,3.6543894353714372,2.6268210544186377,1.0630690695303722,0.14373359084129333,0.012117359541713014,1.0,235.0,206.0,204.993730176006,-0.12056485333826572,1.0062698239939891,0.0,8.573965121789644,234,237,207,223,248,264,True,True,,accepted,205.0,False,,False,1,211.0,False,205.0
flow05,87,0,0.2,128.0,19,235.20122405323704,213.0,205.0,224.0,226.0,high_confidence,0.6838453630371356,high_confidence,0.6838453630371356,high_confidence,0.9921614562944758,strong_evidence,0.9856359810279767,True,True,235.0,50656.04296875,13827.736328125,5332.8759765625,6.905899706365201,-0.2012240532370413,3.5275590551181097,16.0,219,253,0.10648569402727048,strong_evidence,0.9987301339483405,True,True,3.8692746829012137,62388.326286651194,8687.65258448295,7.1812639467286274,34750.6103379318,46,persistent_core_paired_edge_continuity_first_v2_1,205.0,251.0,4.519156125844424,3.0273475085644015,0.8045921665739645,0.19199547171592712,0.029193512149552254,1.0,235.0,205.0,204.97055665738793,-0.2012240532370413,0.029443342612069046,0.0,6.905899706365201,234,237,207,223,248,264,True,True,,accepted,205.0,False,,False,1,211.0,False,205.0
flow05,88,0,0.2,128.0,19,235.3077097472643,208.0,205.0,224.0,226.0,model_assisted,0.18709113012916387,model_assisted,0.18709113012916387,model_assisted,0.8785094245143579,strong_evidence,0.9779493293283357,True,True,235.0,49423.921875,15045.380859375,4949.765625,6.945488659500923,-0.3077097472643118,3.5275590551181097,16.0,219,253,0.12579798346030202,weak_evidence,0.7891807743153859,True,False,3.8692746829012137,54166.26146926134,7040.809572923571,7.693186544565182,28163.238291694284,34,persistent_core_paired_edge_continuity_first_v2_1,203.0,237.0,4.147389850780242,2.498467923440947,-0.15251479854910166,0.37285785377025604,0.08973477482357482,1.0,235.0,201.0,204.93500008804517,-0.3077097472643118,-3.9350000880451717,1.0,6.945488659500923,234,237,207,223,248,264,True,True,UPPER_SEED_TRAJECTORY_OUTLIER;Z_EDGE_EVIDENCE_WEAK;Z_CONTINUITY_REJECTED_CONTINUITY,rejected_continuity,205.0,False,,True,1,211.0,False,205.0
flow05,89,0,0.2,128.0,19,235.4335077307246,217.0,205.0,224.0,226.0,high_confidence,0.5,high_confidence,0.5,high_confidence,0.8675206505528027,strong_evidence,0.9590123976241933,True,True,236.0,49007.625,12397.91015625,2572.976318359375,14.228547143058709,0.5664922692753862,3.5275590551181097,16.0,219,253,0.1329845385507724,strong_evidence,0.7847574035538956,True,True,3.8692746829012137,62111.14884843411,12780.23250977169,4.859938878337643,51120.93003908676,6,persistent_core_paired_edge_continuity_first_v2_1,214.0,220.0,2.1743394013955903,1.0217817871791492,1.7570383343652403,0.29230642318725586,0.06071050901481325,1.0,236.0,208.0,204.87873120339486,0.5664922692753862,3.1212687966051362,0.0,14.228547143058709,234,237,207,223,248,264,True,True,,accepted,205.0,False,,False,1,211.0,False,205.0
flow05,90,0,0.2,128.0,19,235.5664922692754,214.0,205.0,224.0,226.0,model_assisted,0.49,model_assisted,0.49,model_assisted,0.9223333614196678,strong_evidence,0.8820225095587598,True,True,234.0,48530.078125,15489.177734375,4159.35009765625,7.943765159187538,-1.5664922692753862,3.5275590551181097,16.0,219,253,0.1329845385507724,weak_evidence,0.9644865299563317,True,False,3.8692746829012137,59789.85991206652,7524.422574555603,7.946106072544409,30097.690298222413,30,persistent_core_paired_edge_continuity_first_v2_1,205.0,235.0,5.932001215394609,4.129691652617863,0.8606167035283194,0.4626908414065838,0.08617445413364964,1.0,234.0,204.0,204.7955351039456,-1.5664922692753862,-0.7955351039456104,1.0,7.943765159187538,235,238,208,224,249,265,True,True,UPPER_SEED_TRAJECTORY_OUTLIER;Z_EDGE_EVIDENCE_WEAK;Z_CONTINUITY_REJECTED_CONTINUITY,rejected_continuity,205.0,False,,True,1,212.0,False,205.0
flow05,91,0,0.2,128.0,19,235.6922902527357,221.0,205.0,224.0,226.0,high_confidence,0.5,high_confidence,0.5,high_confidence,0.8620300321462739,strong_evidence,0.902576212463618,True,True,237.0,48591.484375,11856.357421875,3647.149658203125,10.072283946588481,1.3077097472643118,3.5275590551181097,16.0,219,253,0.12579798346030202,strong_evidence,0.823305296617331,True,True,3.8692746829012137,58300.5186390779,12040.524174104525,4.842024964699164,48162.0966964181,5,persistent_core_paired_edge_continuity_first_v2_1,220.0,225.0,3.528075815158713,2.2474625825065258,1.0839898214816754,0.3511866182088852,0.050013650840729666,1.0,237.0,206.0,204.6831172876544,1.3077097472643118,1.3168827123456026,0.0,10.072283946588481,235,238,208,224,249,265,True,True,,accepted,205.0,False,,False,1,212.0,False,205.0
flow05,92,0,0.2,128.0,19,235.79877594676293,209.0,205.0,224.0,226.0,high_confidence,0.5,high_confidence,0.5,high_confidence,0.8907799697529731,strong_evidence,0.8432730499550511,True,True,236.0,48411.8125,16688.625,7223.07666015625,4.391921751985637,0.2012240532370697,3.5275590551181097,16.0,219,253,0.10648569402724206,strong_evidence,0.9409632556802365,True,True,3.8692746829012137,63004.816248277624,11718.331087573411,5.376603184995384,46873.324350293646,13,persistent_core_paired_edge_continuity_first_v2_1,206.0,219.0,4.133876674409705,3.0911617221178784,-0.42274156072267927,0.33993326127529144,0.046668794929372016,1.0,236.0,204.0,204.54371472653088,0.2012240532370697,-0.5437147265308795,0.0,4.391921751985637,235,238,208,224,249,265,True,True,,accepted,206.0,False,,False,1,212.0,False,206.0
flow05,93,0,0.2,128.0,19,235.87943514666173,212.0,204.0,223.0,225.0,high_confidence,0.5,high_confidence,0.5,high_confidence,0.9194932215056515,strong_evidence,0.991418684770065,True,True,236.0,49116.67578125,13545.1845703125,4526.78759765625,7.85799873388243,0.12056485333826572,3.5275590551181097,16.0,219,253,0.08065919989880399,strong_evidence,0.8527858082389546,True,True,3.8692746829012137,58608.03066693516,12457.986035354535,4.704454676752033,49831.94414141814,9,persistent_core_paired_edge_continuity_first_v2_1,207.0,216.0,3.247350446187867,2.1539164929869092,0.5694816762649452,0.20348936319351196,0.032619709049850155,1.0,236.0,206.0,204.38243699857568,0.12056485333826572,1.6175630014243154,0.0,7.85799873388243,235,238,208,224,249,265,True,True,,accepted,206.0,False,,False,1,212.0,False,206.0
flow05,94,0,0.2,128.0,19,235.9341067249074,209.0,204.0,223.0,225.0,high_confidence,0.9196407807516275,high_confidence,0.9196407807516275,high_confidence,0.9608355263022177,strong_evidence,0.931449790371436,True,True,235.0,48331.64453125,7207.2744140625,4178.25390625,9.842477513315314,-0.9341067249073944,3.5275590551181097,16.0,219,253,0.05467157824566016,strong_evidence,0.991148334722703,True,True,3.8692746829012137,64591.65905097163,235.48281512608435,274.2945765124618,12918.331810194328,60,persistent_core_paired_edge_continuity_first_v2_1,204.0,264.0,214.18928424759852,162.74547153038137,29.957090694217566,0.48436203226447105,0.03201650238306205,1.0,235.0,204.0,204.20368352123654,-0.9341067249073944,-0.20368352123654176,0.0,9.842477513315314,235,238,208,224,249,265,True,True,,accepted,206.0,False,,False,1,212.0,False,206.0
flow05,95,0,0.2,128.0,19,235.96731132467104,209.0,204.0,223.0,225.0,high_confidence,0.870804223961254,high_confidence,0.870804223961254,high_confidence,0.9986672414401387,strong_evidence,0.9976806463670091,True,True,236.0,47251.27734375,15429.021484375,3644.607177734375,8.731326671851892,0.032688675328955696,3.5275590551181097,16.0,219,253,0.03320459976364987,strong_evidence,0.9996548121459439,True,True,3.8692746829012137,60329.12484683139,1178.0951970357714,51.20904066040393,12065.82496936628,57,persistent_core_paired_edge_continuity_first_v2_1,204.0,261.0,35.38579602295961,26.01542237022833,12.394415364496773,0.4616146683692932,0.050708289319157086,1.0,236.0,204.0,204.00801099381303,0.032688675328955696,-0.008010993813030609,0.0,8.731326671851892,235,238,208,224,249,265,True,True,,accepted,206.0,False,,False,1,212.0,False,206.0
flow05,96,0,0.2,128.0,19,235.98546891962778,210.0,204.0,223.0,225.0,model_assisted,0.28252747711256515,model_assisted,0.28252747711256515,model_assisted,0.8933814671975635,strong_evidence,0.9989696437324943,True,True,236.0,49389.66796875,13020.1875,3198.291748046875,11.371533097616885,0.014531080372222505,3.5275590551181097,16.0,219,253,0.018157594956733192,weak_evidence,0.7989536528357172,True,False,3.8692746829012137,65332.25222382319,1481.693181430093,44.092969477504205,13066.45044476464,89,persistent_core_paired_edge_continuity_first_v2_1,201.0,290.0,22.33010435672609,16.191938426056833,-3.5495193402208636,0.44105973094701767,0.047209473215598576,1.0,236.0,200.0,203.79193840703064,0.014531080372222505,-3.791938407030642,1.0,11.371533097616885,235,238,208,224,249,265,True,True,UPPER_SEED_TRAJECTORY_OUTLIER;Z_EDGE_EVIDENCE_WEAK;Z_CONTINUITY_REJECTED_CONTINUITY,rejected_continuity,204.0,False,,True,1,212.0,False,204.0
flow05,97,0,0.2,128.0,19,235.9947239052813,215.0,204.0,223.0,225.0,model_assisted,0.29957013973559,model_assisted,0.29957013973559,model_assisted,0.8690441192345574,strong_evidence,0.9268261799764922,True,True,235.0,49422.3515625,8756.857421875,4155.33251953125,9.78633934817143,-0.9947239052812904,3.5275590551181097,16.0,219,253,0.009254985653512904,weak_evidence,0.8148644238721474,True,False,3.8692746829012137,65386.503730761484,2111.314668683512,30.969568250824757,13077.300746152298,50,persistent_core_paired_edge_continuity_first_v2_1,200.0,250.0,18.886199862148963,12.821132774877173,3.6233207321930694,0.4040512219071388,0.09374436305321417,1.0,235.0,200.0,203.55142722675458,-0.9947239052812904,-3.5514272267545834,1.0,9.78633934817143,235,238,208,224,249,265,True,True,UPPER_SEED_TRAJECTORY_OUTLIER;Z_EDGE_EVIDENCE_WEAK;Z_CONTINUITY_REJECTED_CONTINUITY,rejected_continuity,204.0,False,,True,1,212.0,False,204.0
flow05,98,0,0.2,128.0,19,236.0,215.0,203.0,222.0,224.0,high_confidence,0.6163291942246187,high_confidence,0.6163291942246187,high_confidence,0.9652433264739616,strong_evidence,1.0,True,True,236.0,49461.90625,10613.083984375,2525.5576171875,15.382275185979582,0.0,3.5275590551181097,16.0,220,253,0.005276094718709601,strong_evidence,0.9316946793025189,True,True,3.8692746829012137,58423.99030862036,10930.551731139434,5.345017501923489,43722.20692455774,20,persistent_core_paired_edge_continuity_first_v2_1,205.0,225.0,3.8689553219915545,2.58199209201875,0.08967506752663602,0.25732995569705963,0.005605149198515846,1.0,236.0,204.0,203.2870361139208,0.0,0.7129638860791943,0.0,15.382275185979582,235,238,208,224,249,265,True,True,,accepted,204.0,False,,False,1,212.0,False,204.0
flow05,99,0,0.2,128.0,19,236.0052760947187,214.0,203.0,222.0,224.0,model_assisted,0.14938003747260484,model_assisted,0.14938003747260484,model_assisted,0.8733370814345852,strong_evidence,0.9726683078968132,True,True,236.0,51090.06640625,12033.314453125,6875.28076171875,5.680750111412354,-0.005276094718709601,3.5275590551181097,16.0,220,254,0.009254985653512904,weak_evidence,0.7841497986686672,True,False,3.8692746829012137,61706.6090269539,1392.1842018493044,44.32359521461749,12341.32180539078,85,persistent_core_paired_edge_continuity_first_v2_1,199.0,284.0,13.854437169798361,5.265641143077834,8.145252678127331,0.3604281172156334,0.20196512125280724,1.0,236.0,199.0,203.007279478261,-0.005276094718709601,-4.007279478261012,1.0,5.680750111412354,235,238,208,224,249,265,True,True,UPPER_SEED_TRAJECTORY_OUTLIER;Z_EDGE_EVIDENCE_WEAK;Z_CONTINUITY_REJECTED_CONTINUITY,rejected_continuity,204.0,False,,True,1,212.0,False,204.0
flow05,100,0,0.2,128.0,19,236.01453108037222,208.0,203.0,222.0,224.0,high_confidence,0.5,high_confidence,0.5,high_confidence,0.9582631543077695,strong_evidence,0.9989696437324943,True,True,236.0,48125.3671875,14558.3447265625,4374.80126953125,7.672810807365915,-0.014531080372222505,3.5275590551181097,16.0,220,254,0.018157594956761614,strong_evidence,0.9192153922444629,True,True,3.8692746829012137,54144.87394311989,8255.299922749075,6.558801551705375,33021.1996909963,30,persistent_core_paired_edge_continuity_first_v2_1,202.0,232.0,3.1402816237557265,1.8606010308447658,1.251126626623736,0.15717941522598267,0.0549600809736956,1.0,236.0,201.0,202.7280380188301,-0.014531080372222505,-1.728038018830091,0.0,7.672810807365915,235,238,208,224,249,265,True,True,,accepted,204.0,False,,False,1,212.0,False,204.0
flow05,101,0,0.2,128.0,19,236.03268867532898,218.0,202.0,221.0,223.0,model_assisted,2.398487868841356e-145,model_assisted,2.398487868841356e-145,model_assisted,0.0,strong_evidence,0.9289199408109072,True,True,237.0,49986.91796875,10884.9609375,1424.074951171875,27.45779426783183,0.9673113246710159,3.5275590551181097,16.0,220,254,0.03320459976364987,unavailable,0.0,False,False,3.8692746829012137,61337.888471125974,1235.5933992108544,49.642453990366974,12267.577694225196,92,persistent_core_paired_edge_continuity_first_v2_1,198.0,290.0,,,,,,,237.0,,202.4686675316072,0.9673113246710159,,1.0,27.45779426783183,235,238,208,224,249,265,True,True,NO_VALID_UPPER_COMPONENT;Z_EDGE_EVIDENCE_UNAVAILABLE;Z_CONTINUITY_NO_CANDIDATE,no_candidate,,False,,True,1,211.0,False,204.0
flow05,102,0,0.2,128.0,19,236.06589327509263,215.0,202.0,221.0,223.0,high_confidence,0.5,high_confidence,0.5,high_confidence,0.9372569913842006,strong_evidence,0.9314497903714382,True,True,237.0,49794.890625,16074.78515625,4899.0458984375,6.8829943968283045,0.934106724907366,3.5275590551181097,16.0,220,254,0.054671578245631736,strong_evidence,0.9431003978735772,True,True,3.8692746829012137,60863.05849061515,5636.530092930471,10.7979656787341,22546.120371721885,43,persistent_core_paired_edge_continuity_first_v2_1,201.0,244.0,6.501707777315087,4.397839882942237,1.4281588847605489,0.2635258436203003,0.03424516362579616,1.0,237.0,201.0,202.24722454229618,0.934106724907366,-1.2472245422961805,0.0,6.8829943968283045,235,238,208,224,249,265,True,True,,accepted,204.0,False,,False,1,212.0,False,204.0
flow05,103,0,0.2,128.0,19,236.12056485333827,209.0,202.0,221.0,223.0,model_assisted,0.49,model_assisted,0.49,model_assisted,0.9222941552764585,strong_evidence,0.9356002993053298,True,True,237.0,49304.484375,10327.306640625,2216.286376953125,17.5867063659704,0.8794351466617343,3.5275590551181097,16.0,220,254,0.08065919989877557,weak_evidence,0.9091772517480964,True,False,3.8692746829012137,53679.105452836564,7282.960627442373,7.370506061857919,29131.842509769493,43,persistent_core_paired_edge_continuity_first_v2_1,204.0,247.0,4.790016525450022,3.6708070682244323,-0.6515039614625472,0.14560508728027344,0.014824965712032161,1.0,237.0,204.0,202.07719407976336,0.8794351466617343,1.922805920236641,1.0,17.5867063659704,235,238,208,224,249,265,True,True,UPPER_SEED_TRAJECTORY_OUTLIER;Z_EDGE_EVIDENCE_WEAK;Z_CONTINUITY_REJECTED_CONTINUITY,rejected_continuity,204.0,False,,True,1,213.0,False,204.0
flow05,104,0,0.2,128.0,19,236.20122405323704,208.0,202.0,221.0,223.0,high_confidence,0.7245838931661397,high_confidence,0.7245838931661397,high_confidence,0.949068947210937,strong_evidence,0.9416903108105374,True,True,237.0,49947.8359375,13788.220703125,2676.528076171875,13.509895732568802,0.7987759467629587,3.5275590551181097,16.0,220,254,0.10648569402724206,strong_evidence,0.9565053990889987,True,True,3.8692746829012137,55507.47662253041,4409.862920083366,12.587120649428504,17639.451680333463,55,persistent_core_paired_edge_continuity_first_v2_1,201.0,256.0,5.344568987820138,2.8891881002496005,1.530017562383616,0.23135659098625183,0.08085118729043247,1.0,237.0,201.0,201.9664731880645,0.7987759467629587,-0.9664731880644979,0.0,13.509895732568802,235,238,208,224,249,265,True,True,,accepted,204.0,False,,False,1,212.0,False,204.0
flow05,105,0,0.2,128.0,19,236.30770974726428,220.0,202.0,221.0,223.0,model_assisted,0.21748942365662474,model_assisted,0.21748942365662474,model_assisted,0.8829541121268536,strong_evidence,0.8929998584146059,True,True,237.0,51231.82421875,13404.1015625,7130.20556640625,5.305277990086875,0.6922902527357166,3.5275590551181097,16.0,220,254,0.12579798346033044,weak_evidence,0.8730213748362774,True,False,3.8692746829012137,61654.74708885042,11288.16130107858,5.461894585343968,45152.64520431432,17,persistent_core_paired_edge_continuity_first_v2_1,205.0,222.0,3.721535627177006,2.580035669616011,1.2579453707890047,0.16319486498832703,0.033339376569418426,1.0,237.0,204.0,201.9178768283196,0.6922902527357166,2.0821231716803936,1.0,5.305277990086875,235,238,208,224,249,265,True,True,UPPER_SEED_TRAJECTORY_OUTLIER;Z_EDGE_EVIDENCE_WEAK;Z_CONTINUITY_REJECTED_CONTINUITY,rejected_continuity,201.0,False,,True,1,211.0,False,201.0
flow05,106,0,0.2,128.0,19,236.4335077307246,217.0,202.0,221.0,223.0,model_assisted,2.398487868841356e-145,model_assisted,2.398487868841356e-145,model_assisted,0.0,strong_evidence,0.9590123976241933,True,True,237.0,49571.09765625,13549.3701171875,3039.416015625,11.851529160168386,0.5664922692753862,3.5275590551181097,16.0,220,254,0.13298453855080083,unavailable,0.0,False,False,3.8692746829012137,57979.343617910505,2803.1607984673724,20.68355966222512,11595.868723582102,84,persistent_core_paired_edge_continuity_first_v2_1,197.0,281.0,,,,,,,237.0,,201.92995433683464,0.5664922692753862,,1.0,11.851529160168386,235,238,208,224,249,265,True,True,NO_VALID_UPPER_COMPONENT;Z_EDGE_EVIDENCE_UNAVAILABLE;Z_CONTINUITY_NO_CANDIDATE,no_candidate,,False,,True,1,210.0,False,201.0
flow05,107,0,0.2,128.0,19,236.56649226927541,214.0,202.0,221.0,223.0,high_confidence,0.5714144919042684,high_confidence,0.5714144919042684,high_confidence,0.95690098296895,strong_evidence,0.9590123976241912,True,True,236.0,49216.34375,14416.1416015625,4359.8046875,7.98205530816855,-0.5664922692754146,3.5275590551181097,16.0,220,254,0.13298453855080083,strong_evidence,0.9547942169208148,True,True,3.8692746829012137,57335.29741978047,4659.839341007881,12.304136092249776,18639.357364031523,45,persistent_core_paired_edge_continuity_first_v2_1,203.0,248.0,3.267741794157652,0.7358477114030901,1.4807459027131944,0.3966812342405319,0.14018489356246427,1.0,236.0,203.0,201.9972461896203,-0.5664922692754146,1.0027538103796871,0.0,7.98205530816855,236,239,209,225,250,266,True,True,,accepted,201.0,False,,False,1,211.0,False,201.0
flow05,108,0,0.2,128.0,19,236.69229025273572,211.0,202.0,221.0,223.0,model_assisted,0.3406059261029006,model_assisted,0.3406059261029006,model_assisted,0.9081708349478324,strong_evidence,0.9496704890843366,True,True,236.0,49546.625,13840.83984375,4157.34912109375,8.588594346114531,-0.6922902527357166,3.5275590551181097,16.0,220,254,0.12579798346030202,weak_evidence,0.8684846743475019,True,False,3.8692746829012137,60875.18834650324,11264.981336990231,5.403931575688507,45059.925347960925,11,persistent_core_paired_edge_continuity_first_v2_1,203.0,214.0,2.8952666602225796,1.725091515743701,-0.3033521452686207,0.3840510621666908,0.004573259854414334,1.0,236.0,200.0,202.11011710403272,-0.6922902527357166,-2.1101171040327245,1.0,8.588594346114531,236,239,209,225,250,266,True,True,UPPER_SEED_TRAJECTORY_OUTLIER;Z_EDGE_EVIDENCE_WEAK;Z_CONTINUITY_REJECTED_CONTINUITY,rejected_continuity,201.0,False,,True,1,210.0,False,201.0
flow05,109,0,0.2,128.0,19,236.79877594676296,207.0,202.0,221.0,223.0,model_assisted,4.203145852516061e-146,model_assisted,4.203145852516061e-146,model_assisted,0.0,strong_evidence,0.8571891353732831,True,True,236.0,49665.33984375,14334.5478515625,7106.6513671875,4.971510514124161,-0.7987759467629587,3.5275590551181097,16.0,220,254,0.10648569402724206,unavailable,0.0,False,False,3.8692746829012137,59579.680032103504,14683.93276982707,4.057474313320842,58735.73107930828,0,persistent_core_paired_edge_continuity_first_v2_1,,,,,,,,,236.0,,202.25465580654614,-0.7987759467629587,,1.0,4.971510514124161,236,239,209,225,250,266,True,True,NO_VALID_UPPER_COMPONENT;Z_EDGE_EVIDENCE_UNAVAILABLE;Z_CONTINUITY_NO_CANDIDATE,no_candidate,,False,,True,1,210.0,False,201.0
flow05,110,0,0.2,128.0,19,236.87943514666176,210.0,202.0,221.0,223.0,high_confidence,0.5,high_confidence,0.5,high_confidence,0.9088386040408584,strong_evidence,0.9356002993053277,True,True,236.0,50774.31640625,14916.4716796875,4778.5625,7.50389782001648,-0.8794351466617627,3.5275590551181097,16.0,220,254,0.08065919989880399,strong_evidence,0.8828423941379906,True,True,3.8692746829012137,60190.553341185616,6962.093797522942,8.645467167161831,27848.375190091767,35,persistent_core_paired_edge_continuity_first_v2_1,200.0,235.0,4.9185468975122,3.3010783544286086,1.7621094179511334,0.2036096751689911,0.08337493929660636,1.0,236.0,200.0,202.41367829410444,-0.8794351466617627,-2.413678294104443,0.0,7.50389782001648,236,239,209,225,250,266,True,True,,accepted,201.0,False,,False,1,210.0,False,201.0
flow05,111,0,0.2,128.0,19,236.93415133625018,209.0,203.0,222.0,224.0,high_confidence,0.5,high_confidence,0.5,high_confidence,0.9323192653663229,strong_evidence,0.8916411662003851,True,True,236.0,46745.5859375,15761.8125,5635.31982421875,5.498139307789052,-0.9341513362501814,3.5275590551181097,16.0,220,254,0.05471618958841873,strong_evidence,0.9748531646169576,True,True,3.8692746829012137,61657.96344732538,2558.2056709913763,24.102035323622435,12331.592689465077,83,persistent_core_paired_edge_continuity_first_v2_1,202.0,285.0,13.71686183011608,12.018369436400466,-4.934845512302771,0.2838803678750992,0.020303507357638,1.0,236.0,202.0,202.56924241440328,-0.9341513362501814,-0.569242414403277,0.0,5.498139307789052,236,239,209,225,250,266,True,True,,accepted,201.0,False,,False,1,210.0,False,201.0
flow05,112,0,0.2,128.0,19,236.96747141943695,213.0,203.0,222.0,224.0,high_confidence,0.6077994779077747,high_confidence,0.6077994779077747,high_confidence,0.9575998939948244,strong_evidence,0.9289077265436467,True,True,236.0,50881.6171875,12023.5703125,5796.6826171875,6.703497403805349,-0.9674714194369471,3.5275590551181097,16.0,220,254,0.033320083186765714,strong_evidence,0.9871783071402969,True,True,3.8692746829012137,63172.65433141086,6735.952560887854,9.378429221461765,26943.810243551416,23,persistent_core_paired_edge_continuity_first_v2_1,203.0,226.0,6.2578001304819,4.527058677281397,-0.07002731480007919,0.09810104966163635,0.029505408276969246,1.0,236.0,203.0,202.70613633421212,-0.9674714194369471,0.2938636657878817,0.0,6.703497403805349,236,239,209,225,250,266,True,True,,accepted,201.0,False,,False,1,210.0,False,201.0
flow05,113,0,0.2,128.0,19,236.9859830272336,219.0,203.0,222.0,224.0,high_confidence,0.5,high_confidence,0.5,high_confidence,0.8854392832333172,strong_evidence,0.9253497435204345,True,True,238.0,47412.78515625,16790.650390625,3203.18408203125,9.559904763951762,1.0140169727663988,3.5275590551181097,16.0,220,254,0.01851160779665406,strong_evidence,0.8472501665262713,True,True,3.8692746829012137,59518.631152818845,13266.83842887636,4.486270898066541,53067.35371550544,5,persistent_core_paired_edge_continuity_first_v2_1,216.0,221.0,3.9021737748777108,2.57123749676256,1.2657718371159319,0.4503012001514435,0.051540390417914604,1.0,238.0,203.0,202.8148343569891,1.0140169727663988,0.18516564301089034,0.0,9.559904763951762,236,239,209,225,250,266,True,True,,accepted,202.0,False,,False,1,210.0,False,202.0
flow05,114,0,0.2,128.0,19,236.9962012300597,219.0,203.0,222.0,224.0,high_confidence,0.5,high_confidence,0.5,high_confidence,0.8362201755053452,strong_evidence,0.9997307428895806,True,True,237.0,49309.80078125,9713.0966796875,3570.137939453125,11.091085211017907,0.0037987699402890485,3.5275590551181097,16.0,220,254,0.010218202826109746,strong_evidence,0.6994525144851161,True,True,3.8692746829012137,57046.363455239785,13699.717901748672,4.164053877923882,54798.87160699469,3,persistent_core_paired_edge_continuity_first_v2_1,218.0,221.0,3.635512056451823,2.6276663550522414,0.39015709088039213,0.2385861873626709,0.04775948180063874,1.0,237.0,203.0,202.8927619476976,0.0037987699402890485,0.10723805230239236,0.0,11.091085211017907,236,239,209,225,250,266,True,True,,accepted,203.0,False,,False,1,210.0,False,203.0
flow05,115,0,0.2,128.0,19,237.00379876994032,207.0,203.0,222.0,224.0,high_confidence,0.5,high_confidence,0.5,high_confidence,0.8067330166026115,strong_evidence,0.9997307428895786,True,True,237.0,49691.08984375,9642.4794921875,4877.36962890625,8.211108322447032,-0.00379876994031747,3.5275590551181097,16.0,221,255,0.010218202826081324,strong_evidence,0.6509934446905702,True,True,3.8692746829012137,61717.65134574074,13687.195789872441,4.509152370817071,54748.783159489765,3,persistent_core_paired_edge_continuity_first_v2_1,206.0,209.0,2.7035702618151713,1.9331788268343988,0.32472386451481705,4.00543212890625e-05,0.030356711235143802,1.0,237.0,205.0,202.9431171402272,-0.00379876994031747,2.0568828597727986,0.0,8.211108322447032,236,239,209,225,250,266,True,True,,accepted,203.0,False,,False,1,210.0,False,203.0
flow05,116,0,0.2,128.0,19,237.0140169727664,210.0,203.0,222.0,224.0,high_confidence,0.7099526811716838,high_confidence,0.7099526811716838,high_confidence,0.9760469525466077,strong_evidence,0.9990061157279797,True,True,237.0,48954.19140625,13128.9013671875,3063.030517578125,11.696027784727661,-0.014016972766398794,3.5275590551181097,16.0,221,255,0.018511607796710905,strong_evidence,0.9536154369598699,True,True,3.8692746829012137,63373.92121311233,7105.285221526236,8.919264918614967,28421.140886104942,53,persistent_core_paired_edge_continuity_first_v2_1,204.0,257.0,3.8698719479786625,2.8305625379677837,-1.0023677925761592,0.08162754774093628,0.07760969020282453,1.0,237.0,204.0,202.9723291277856,-0.014016972766398794,1.0276708722144008,0.0,11.696027784727661,236,239,209,225,250,266,True,True,,accepted,203.0,False,,False,1,210.0,False,203.0
flow05,117,0,0.2,128.0,19,237.0325285805631,205.0,203.0,222.0,224.0,model_assisted,0.2881156111170893,model_assisted,0.2881156111170893,model_assisted,0.8861604218632918,strong_evidence,0.9239308917393999,True,True,236.0,49569.08984375,16899.36328125,4189.23193359375,7.798500317091333,-1.0325285805631097,3.5275590551181097,16.0,221,255,0.03332008318673729,weak_evidence,0.8499340159506436,True,False,3.8692746829012137,54824.01879537715,4847.37458504399,11.310043784222964,19389.49834017596,58,persistent_core_paired_edge_continuity_first_v2_1,200.0,258.0,4.811682212491478,2.5077480747919223,-0.37181854836816813,0.3852876350283623,0.07138535485415487,1.0,236.0,200.0,202.98721942124902,-1.0325285805631097,-2.987219421249023,1.0,7.798500317091333,236,239,209,225,250,266,True,True,UPPER_SEED_TRAJECTORY_OUTLIER;Z_EDGE_EVIDENCE_WEAK;Z_CONTINUITY_REJECTED_CONTINUITY,rejected_continuity,203.0,False,,True,1,210.0,False,203.0
flow05,118,0,0.2,128.0,19,237.06584866374985,212.0,203.0,222.0,224.0,high_confidence,0.5,high_confidence,0.5,high_confidence,0.9395719405856525,strong_evidence,0.9953223296239048,True,True,237.0,48445.0078125,13669.064453125,4721.27001953125,7.365802679260383,-0.06584866374984699,3.5275590551181097,16.0,221,255,0.05467157824566016,strong_evidence,0.8869442644469401,True,True,3.8692746829012137,59044.63057646114,12268.63081659277,4.81265036491325,49074.52326637108,11,persistent_core_paired_edge_continuity_first_v2_1,205.0,216.0,3.2908519383530117,2.350122615983845,0.6249901285205804,0.06919771432876587,0.08607442463146765,1.0,237.0,204.0,202.99300697435115,-0.06584866374984699,1.0069930256488533,0.0,7.365802679260383,236,239,209,225,250,266,True,True,,accepted,203.0,False,,False,1,209.0,False,203.0
flow05,119,0,0.2,128.0,19,237.1205202419955,209.0,203.0,222.0,224.0,model_assisted,0.49,model_assisted,0.49,model_assisted,0.9475094932191662,strong_evidence,0.9914218737604724,True,True,237.0,50497.3203125,14554.5458984375,3050.19677734375,11.783755946841929,-0.12052024199550715,3.5275590551181097,16.0,221,255,0.08049910513290115,weak_evidence,0.9055420941391732,True,False,3.8692746829012137,64525.93754036505,4962.29800868476,13.003237094474184,19849.19203473904,44,persistent_core_paired_edge_continuity_first_v2_1,201.0,245.0,6.59472469958752,3.9527252828941832,1.4878357134678746,0.36779819428920746,0.07338398923183986,1.0,237.0,201.0,202.99228652421914,-0.12052024199550715,-1.9922865242191392,1.0,11.783755946841929,236,239,209,225,250,266,True,True,UPPER_SEED_TRAJECTORY_OUTLIER;Z_EDGE_EVIDENCE_WEAK;Z_CONTINUITY_REJECTED_CONTINUITY,rejected_continuity,204.0,False,,True,1,209.0,False,204.0
flow05,120,0,0.2,128.0,19,237.2010193471284,213.0,203.0,222.0,224.0,model_assisted,0.19508966741171388,model_assisted,0.19508966741171388,model_assisted,0.8790959988711057,strong_evidence,0.9416749047369167,True,True,238.0,50566.26171875,15203.8916015625,5358.744140625,6.599003271886596,0.7989806528715917,3.5275590551181097,16.0,221,255,0.10597158642141835,weak_evidence,0.8206757675538705,True,False,3.8692746829012137,63495.02614536899,11761.371088098716,5.398607498203959,47045.484352394866,14,persistent_core_paired_edge_continuity_first_v2_1,209.0,223.0,3.2840322844512424,2.312543485105322,-0.6173375140531018,0.34072859585285187,0.08231523673073657,1.0,238.0,200.0,202.98471676900658,0.7989806528715917,-2.9847167690065817,1.0,6.599003271886596,236,239,209,225,250,266,True,True,UPPER_SEED_TRAJECTORY_OUTLIER;Z_EDGE_EVIDENCE_WEAK;Z_CONTINUITY_REJECTED_CONTINUITY,rejected_continuity,204.0,False,,True,1,210.0,False,204.0
flow05,121,0,0.2,128.0,19,237.30699093354983,212.0,203.0,222.0,224.0,high_confidence,0.5,high_confidence,0.5,high_confidence,0.9417604294864111,strong_evidence,0.9780014193035663,True,True,237.0,50276.953125,9939.306640625,5193.998046875,7.766203629715338,-0.30699093354982665,3.5275590551181097,16.0,221,255,0.12432065868190989,strong_evidence,0.9068623920586937,True,True,3.8692746829012137,61955.492984906814,9273.362291459029,6.681017201492192,37093.449165836115,27,persistent_core_paired_edge_continuity_first_v2_1,201.0,228.0,4.708635107233291,3.3275528919880775,0.09418245601871635,0.21609961986541748,0.02805723792401319,1.0,237.0,201.0,202.96711537214156,-0.30699093354982665,-1.9671153721415635,0.0,7.766203629715338,236,239,209,225,250,266,True,True,,accepted,204.0,False,,False,1,210.0,False,204.0
flow05,122,0,0.2,128.0,19,237.43131159223174,213.0,203.0,222.0,224.0,model_assisted,0.09912743037536603,model_assisted,0.09912743037536603,model_assisted,0.6439334544831494,strong_evidence,0.8818460321084098,True,True,239.0,49524.81640625,13983.65234375,3346.50390625,10.620386247308,1.5686884077682635,3.5275590551181097,16.0,221,255,0.12918576861045494,weak_evidence,0.470207132203354,True,False,3.8692746829012137,64541.083003566615,525.5902925942672,122.79732695403779,12908.216600713324,59,persistent_core_paired_edge_continuity_first_v2_1,197.0,256.0,39.03551905946994,16.411281924678892,12.39419389420117,0.36325545981526375,0.24516252622750676,1.0,239.0,196.0,202.93404724311702,1.5686884077682635,-6.934047243117021,1.0,10.620386247308,236,239,209,225,250,266,True,True,UPPER_SEED_TRAJECTORY_OUTLIER;Z_EDGE_EVIDENCE_WEAK;Z_CONTINUITY_REJECTED_CONTINUITY,rejected_continuity,204.0,False,,True,1,210.0,False,204.0
flow05,123,0,0.2,128.0,19,237.5604973608422,211.0,203.0,222.0,224.0,model_assisted,0.38298430548323015,model_assisted,0.38298430548323015,model_assisted,0.906422942685073,strong_evidence,0.9594553160733131,True,True,237.0,48236.54296875,17069.48046875,2971.79638671875,10.48761706531735,-0.5604973608421915,3.5275590551181097,16.0,221,255,0.12918576861045494,weak_evidence,0.856321849764067,True,False,3.8692746829012137,59190.202793499484,7996.379279795233,7.402125477346692,31985.51711918093,28,persistent_core_paired_edge_continuity_first_v2_1,201.0,229.0,4.390478992350594,2.558513889112949,1.6328818769045554,0.3967212960124016,0.07801935987913566,1.0,237.0,200.0,202.87928380547504,-0.5604973608421915,-2.8792838054750405,1.0,10.48761706531735,237,240,210,226,251,267,True,True,UPPER_SEED_TRAJECTORY_OUTLIER;Z_EDGE_EVIDENCE_WEAK;Z_CONTINUITY_REJECTED_CONTINUITY,rejected_continuity,204.0,False,,True,1,209.0,False,204.0
flow05,124,0,0.2,128.0,19,237.67755446625483,205.0,203.0,222.0,224.0,high_confidence,0.6645761324632974,high_confidence,0.6645761324632974,high_confidence,0.9706011466294583,strong_evidence,0.9768808650851968,True,True,238.0,48635.7578125,11616.640625,4268.99755859375,8.671618261523312,0.32244553374516727,3.5275590551181097,16.0,221,255,0.11705710541264125,strong_evidence,0.9643617963140865,True,True,3.8692746829012137,61658.633361723594,7611.076608762824,8.10117103416545,30444.306435051298,28,persistent_core_paired_edge_continuity_first_v2_1,202.0,230.0,6.935739331672346,5.24457836370411,0.44348374637206595,0.2117549479007721,0.011640705560586483,1.0,238.0,202.0,202.7982285022504,0.32244553374516727,-0.7982285022503959,0.0,8.671618261523312,237,240,210,226,251,267,True,True,,accepted,204.0,False,,False,1,208.0,False,204.0
flow05,125,0,0.2,128.0,19,237.76604266009122,210.0,203.0,222.0,224.0,high_confidence,0.5816580937515335,high_confidence,0.5816580937515335,high_confidence,0.9614362812166346,strong_evidence,0.983279530943643,True,True,238.0,50447.609375,11577.712890625,4319.0322265625,8.99967734561485,0.23395733990878398,3.5275590551181097,16.0,221,255,0.08848819383638329,strong_evidence,0.940078272505656,True,True,3.8692746829012137,61642.65773478158,7464.230407557767,8.258407681569752,29856.921630231067,27,persistent_core_paired_edge_continuity_first_v2_1,204.0,231.0,5.817292742399318,4.35150285908567,-0.44398232609525734,0.26039785146713257,0.05034259719225007,1.0,238.0,204.0,202.690571685388,0.23395733990878398,1.3094283146120063,0.0,8.99967734561485,237,240,210,226,251,267,True,True,,accepted,204.0,False,,False,1,208.0,False,204.0
flow05,126,0,0.2,128.0,19,237.8135418715691,209.0,203.0,222.0,224.0,high_confidence,0.5,high_confidence,0.5,high_confidence,0.898985745023312,strong_evidence,0.9119441140854553,True,True,237.0,49884.9296875,12908.849609375,6555.76171875,5.640241617136644,-0.8135418715691003,3.5275590551181097,16.0,221,255,0.04749921147788427,strong_evidence,0.8862115093155674,True,True,3.8692746829012137,59307.4349207606,13397.440178479816,4.4267736321768085,53589.76071391926,8,persistent_core_paired_edge_continuity_first_v2_1,206.0,214.0,2.5380280695463373,1.507451750444643,0.8444446574813054,0.16940850019454956,0.05719638419307222,1.0,237.0,203.0,202.5616656412242,-0.8135418715691003,0.43833435877579063,0.0,5.640241617136644,237,240,210,226,251,267,True,True,,accepted,204.0,False,,False,1,208.0,False,204.0
flow05,127,0,0.2,128.0,19,237.8135418715691,205.0,202.0,221.0,223.0,high_confidence,0.5,high_confidence,0.5,high_confidence,0.9084303084699894,strong_evidence,0.9120472321492273,True,True,239.0,48344.03125,13842.76171875,3226.623291015625,10.69268595045387,1.1864581284308997,3.5275590551181097,16.0,221,255,0.04749921147788427,strong_evidence,0.9048277284962529,True,True,3.8692746829012137,57287.36917303613,11924.90227620412,4.804011625936073,47699.60910481648,18,persistent_core_paired_edge_continuity_first_v2_1,204.0,222.0,3.405600045609353,2.3369515668370826,1.1888143838240905,0.14680150151252747,0.03714523009633515,1.0,239.0,203.0,202.42130949494904,1.1864581284308997,0.5786905050509574,0.0,10.69268595045387,237,240,210,226,251,267,True,True,,accepted,203.0,False,,False,1,208.0,False,203.0
flow05,128,0,0.2,128.0,19,237.76604266009122,217.0,202.0,221.0,223.0,high_confidence,0.5,high_confidence,0.5,high_confidence,0.9210821822262629,strong_evidence,0.9441505666993364,True,True,237.0,49735.984375,13860.703125,3887.266357421875,9.228922834552895,-0.766042660091216,3.5275590551181097,16.0,221,255,0.08848819383638329,strong_evidence,0.8985774264592103,True,True,3.8692746829012137,58545.81522873956,12196.952024245273,4.800036526532314,48787.80809698109,6,persistent_core_paired_edge_continuity_first_v2_1,214.0,220.0,2.669924208750306,1.6520647106621167,0.1297256231032356,0.13433173298835754,0.04510649992378926,1.0,237.0,203.0,202.2797643720156,-0.766042660091216,0.7202356279844082,0.0,9.228922834552895,237,240,210,226,251,267,True,True,,accepted,203.0,False,,False,1,208.0,False,203.0
flow05,129,0,0.2,128.0,19,237.67755446625483,207.0,202.0,221.0,223.0,high_confidence,0.5,high_confidence,0.5,high_confidence,0.9271836250607364,strong_evidence,0.9768808650851968,True,True,238.0,50706.140625,13077.91796875,3914.295654296875,9.613025172215602,0.32244553374516727,3.5275590551181097,16.0,221,255,0.11705710541264125,strong_evidence,0.8800146520484806,True,True,3.8692746829012137,60623.806723526126,13183.902274588163,4.5983203956523475,52735.60909835265,12,persistent_core_paired_edge_continuity_first_v2_1,205.0,217.0,2.589889019983613,1.9061139830698817,-0.5975273483939942,0.11473250389099121,0.01239766831130402,1.0,238.0,203.0,202.1429217124784,0.32244553374516727,0.8570782875216025,0.0,9.613025172215602,237,240,210,226,251,267,True,True,,accepted,203.0,False,,False,1,209.0,False,203.0
flow05,130,0,0.2,128.0,19,237.5604973608422,211.0,202.0,221.0,223.0,model_assisted,0.49,model_assisted,0.49,model_assisted,0.9359572062254256,strong_evidence,0.968351395429411,True,True,238.0,50573.18359375,11931.404296875,3558.519287109375,10.85894895577878,0.4395026391578085,3.5275590551181097,16.0,221,255,0.12918576861045494,weak_evidence,0.9046466974902624,True,False,3.8692746829012137,63199.21721021103,1100.0999709794226,57.44861274193523,12639.843442042205,71,persistent_core_paired_edge_continuity_first_v2_1,200.0,271.0,35.116155391262026,25.110341478270954,-1.5383687744764687,0.40895065665245056,0.06695445293041757,1.0,238.0,200.0,202.00931532496614,0.4395026391578085,-2.0093153249661384,1.0,10.85894895577878,237,240,210,226,251,267,True,True,UPPER_SEED_TRAJECTORY_OUTLIER;Z_EDGE_EVIDENCE_WEAK;Z_CONTINUITY_REJECTED_CONTINUITY,rejected_continuity,203.0,False,,True,1,209.0,False,203.0
flow05,131,0,0.2,128.0,19,237.43131159223174,215.0,202.0,221.0,223.0,high_confidence,0.5962154645048184,high_confidence,0.5962154645048184,high_confidence,0.9430693248679377,strong_evidence,0.9588500903550659,True,True,238.0,50296.96484375,15836.712890625,3226.596435546875,10.680062611326955,0.5686884077682635,3.5275590551181097,16.0,221,255,0.12918576861045494,strong_evidence,0.9275482793952986,True,True,3.8692746829012137,64023.633043563794,11420.365453140705,5.606093194325643,45681.46181256282,20,persistent_core_paired_edge_continuity_first_v2_1,204.0,224.0,4.830624290432994,3.612938501872284,0.3456587211354615,0.2046056091785431,0.037403383060333646,1.0,238.0,203.0,201.87082066861066,0.5686884077682635,1.129179331389338,0.0,10.680062611326955,236,239,209,225,250,266,True,True,,accepted,203.0,False,,False,1,209.0,False,203.0
flow05,132,0,0.2,128.0,19,237.30699093354983,206.0,202.0,221.0,223.0,model_assisted,0.03836922308612108,model_assisted,0.03836922308612108,model_assisted,0.6120276772456661,strong_evidence,0.7355929743603992,True,True,238.0,48834.2421875,19832.294921875,8055.59423828125,3.600224441271372,0.6930090664501733,3.5275590551181097,16.0,221,255,0.12432065868190989,weak_evidence,0.5092189441320074,True,False,3.8692746829012137,65461.31046287704,1165.2681214847898,56.177037074923106,13092.262092575409,74,persistent_core_paired_edge_continuity_first_v2_1,195.0,269.0,24.992547827528302,15.044147711418285,5.663430560850207,0.37003056704998016,0.18463727029354446,1.0,238.0,195.0,201.71673215460453,0.6930090664501733,-6.716732154604529,1.0,3.600224441271372,236,239,209,225,250,266,True,True,UPPER_SEED_TRAJECTORY_OUTLIER;Z_EDGE_EVIDENCE_WEAK;Z_CONTINUITY_REJECTED_CONTINUITY,rejected_continuity,203.0,False,,True,1,209.0,False,203.0
flow05,133,0,0.2,128.0,19,237.2010193471284,214.0,202.0,221.0,223.0,model_assisted,0.08280040796526,model_assisted,0.08280040796526,model_assisted,0.787297724199614,strong_evidence,0.8735537537337963,True,True,238.0,51068.09375,15526.6875,6883.44873046875,5.163313862233081,0.7989806528715917,3.5275590551181097,16.0,221,255,0.10597158642141835,weak_evidence,0.7095587465345361,True,False,3.8692746829012137,61043.50175030897,11774.60798880012,5.184334103383559,47098.43195520048,16,persistent_core_paired_edge_continuity_first_v2_1,202.0,218.0,3.6560554371801057,2.3287576945900126,0.7539539932845487,0.2915511727333069,0.09789126145097414,1.0,238.0,197.0,201.53904358240192,0.7989806528715917,-4.539043582401916,1.0,5.163313862233081,236,239,209,225,250,266,True,True,UPPER_SEED_TRAJECTORY_OUTLIER;Z_EDGE_EVIDENCE_WEAK;Z_CONTINUITY_REJECTED_CONTINUITY,rejected_continuity,203.0,False,,True,1,210.0,False,203.0
flow05,134,0,0.2,128.0,19,237.1205202419955,212.0,201.0,220.0,222.0,high_confidence,0.5,high_confidence,0.5,high_confidence,0.9118284489123479,strong_evidence,0.885666869146943,True,True,236.0,46712.15234375,17692.6875,5186.619140625,5.595063770241106,-1.1205202419955071,3.5275590551181097,16.0,221,255,0.08049910513290115,strong_evidence,0.9387628116277134,True,True,3.8692746829012137,55003.738455870334,4321.9387138335005,12.726635451774552,17287.754855334002,46,persistent_core_paired_edge_continuity_first_v2_1,200.0,246.0,7.20441979881169,4.4880164929714415,3.6924873279499946,0.3698299750685692,0.07478162318442041,1.0,236.0,200.0,201.33637956537018,-1.1205202419955071,-1.33637956537018,0.0,5.595063770241106,236,239,209,225,250,266,True,True,,accepted,203.0,False,,False,1,210.0,False,203.0
flow05,135,0,0.2,128.0,19,237.0658932750926,213.0,201.0,220.0,222.0,model_assisted,0.24775687820655123,model_assisted,0.24775687820655123,model_assisted,0.8809150677725766,strong_evidence,0.9213680834280429,True,True,236.0,46517.12109375,10172.6552734375,5193.4130859375,6.9981850507375345,-1.0658932750926056,3.5275590551181097,16.0,221,255,0.054626966902901586,weak_evidence,0.8422381571342634,True,False,3.8692746829012137,57581.31998829955,6478.918264517598,8.887489799593403,25915.67305807039,35,persistent_core_paired_edge_continuity_first_v2_1,198.0,233.0,5.021847089141175,3.2097686537964543,-0.2260639428890955,0.27479924261569977,0.04899657011561418,1.0,236.0,198.0,201.11511926233118,-1.0658932750926056,-3.115119262331177,1.0,6.9981850507375345,236,239,209,225,250,266,True,True,UPPER_SEED_TRAJECTORY_OUTLIER;Z_EDGE_EVIDENCE_WEAK;Z_CONTINUITY_REJECTED_CONTINUITY,rejected_continuity,203.0,False,,True,1,210.0,False,203.0
flow05,136,0,0.2,128.0,19,237.03273328667177,208.0,201.0,220.0,222.0,model_assisted,0.21147598448671712,model_assisted,0.21147598448671712,model_assisted,0.8715612771115147,strong_evidence,0.887590472502937,True,True,236.0,49090.4140625,15123.474609375,6134.0048828125,5.5374816456864036,-1.0327332866717711,3.5275590551181097,16.0,221,255,0.03315998842083445,weak_evidence,0.8558215565543272,True,False,3.8692746829012137,64674.37672606089,1284.3167789791396,50.35702856538897,12934.875345212178,60,persistent_core_paired_edge_continuity_first_v2_1,198.0,258.0,15.202085001777588,6.487973453946983,2.503656615521052,0.355390802025795,0.12528337897605538,1.0,236.0,198.0,200.8877956898762,-1.0327332866717711,-2.8877956898762136,1.0,5.5374816456864036,236,239,209,225,250,266,True,True,UPPER_SEED_TRAJECTORY_OUTLIER;Z_EDGE_EVIDENCE_WEAK;Z_CONTINUITY_REJECTED_CONTINUITY,rejected_continuity,203.0,False,,True,1,210.0,False,203.0
flow05,137,0,0.2,128.0,19,237.0147357864809,212.0,201.0,220.0,222.0,high_confidence,0.5,high_confidence,0.5,high_confidence,0.9194193816405645,strong_evidence,0.9989551210318974,True,True,237.0,48025.984375,11243.8173828125,4475.2119140625,8.219089441688014,-0.014735786480912338,3.5275590551181097,16.0,221,255,0.017997500190858773,strong_evidence,0.8462161928386829,True,True,3.8692746829012137,56374.33018034093,12840.269271642743,4.390432084227512,51361.07708657097,8,persistent_core_paired_edge_continuity_first_v2_1,208.0,216.0,4.090572803391089,3.0779501656483514,0.17013892120755114,0.15066486597061157,0.0072262240340556245,1.0,237.0,202.0,200.66982004917168,-0.014735786480912338,1.3301799508283239,0.0,8.219089441688014,236,239,209,225,250,266,True,True,,accepted,203.0,False,,False,1,210.0,False,203.0
flow05,138,0,0.2,128.0,19,237.0059949084332,210.0,200.0,219.0,221.0,model_assisted,0.37973413132867134,model_assisted,0.37973413132867134,model_assisted,0.9651452531971976,strong_evidence,0.9995750473353978,True,True,237.0,49892.8203125,13463.498046875,5865.92724609375,6.210326302612104,-0.005994908433194723,3.5275590551181097,16.0,221,255,0.008740878047717615,weak_evidence,0.9319013737410002,True,False,3.8692746829012137,65487.66465334971,794.0431832040705,82.47368158126895,13097.532930669942,52,persistent_core_paired_edge_continuity_first_v2_1,199.0,251.0,53.64452363312392,37.85800903809915,5.482189334354367,0.4606989957392216,0.04473821488010057,1.0,237.0,199.0,200.47573681542178,-0.005994908433194723,-1.475736815421783,1.0,6.210326302612104,236,239,209,225,250,266,True,True,UPPER_SEED_TRAJECTORY_OUTLIER;Z_EDGE_EVIDENCE_WEAK;Z_CONTINUITY_REJECTED_CONTINUITY,rejected_continuity,203.0,False,,True,1,210.0,False,203.0
flow05,139,0,0.2,128.0,19,237.00219613849288,207.0,200.0,219.0,221.0,high_confidence,0.9000241247952017,high_confidence,0.9000241247952017,high_confidence,0.992998157779952,strong_evidence,0.9998443463744814,True,True,237.0,51211.5,12450.26953125,2184.5068359375,17.7436984087602,-0.002196138492877253,3.5275590551181097,16.0,221,255,0.00379876994031747,strong_evidence,0.9861988467803622,True,True,3.8692746829012137,63364.74299819587,1129.8045357288463,56.08469517899284,12672.948599639174,53,persistent_core_paired_edge_continuity_first_v2_1,200.0,253.0,29.25165437494822,22.376034309376664,-8.238673102234264,0.4605988413095474,0.026936105742555883,1.0,237.0,200.0,200.31600113206724,-0.002196138492877253,-0.31600113206724245,0.0,17.7436984087602,236,239,209,225,250,266,True,True,,accepted,203.0,False,,False,1,209.0,False,203.0
flow05,140,0,0.2,128.0,19,237.0007188137145,206.0,200.0,219.0,221.0,model_assisted,0.3513248633975491,model_assisted,0.3513248633975491,model_assisted,0.9276980763698198,strong_evidence,0.9999490559893275,True,True,237.0,46889.0,12504.5126953125,3842.366943359375,8.948777618471077,-0.0007188137145135443,3.5275590551181097,16.0,221,255,0.001477324778363709,weak_evidence,0.8606675667579704,True,False,3.8692746829012137,63127.64118130047,9204.177014791774,6.85858617015403,36816.7080591671,15,persistent_core_paired_edge_continuity_first_v2_1,203.0,218.0,3.5372950996253567,3.489114527416329,-2.0699147370312856,0.11379680037498474,0.2403015346803721,1.0,237.0,203.0,200.19507260648197,-0.0007188137145135443,2.804927393518028,1.0,8.948777618471077,236,239,209,225,250,266,True,True,UPPER_SEED_TRAJECTORY_OUTLIER;Z_EDGE_EVIDENCE_WEAK;Z_CONTINUITY_REJECTED_CONTINUITY,rejected_continuity,202.0,False,,True,1,208.0,False,202.0
flow05,141,0,0.2,128.0,19,237.00020470610866,209.0,200.0,219.0,221.0,model_assisted,2.398487868841356e-145,model_assisted,2.398487868841356e-145,model_assisted,0.0,strong_evidence,0.9999854922631779,True,True,237.0,48227.984375,14485.888671875,2309.54248046875,14.609861471903573,-0.00020470610866141215,3.5275590551181097,16.0,221,255,0.0005141076058521321,unavailable,0.0,False,False,3.8692746829012137,60718.73538202372,1554.1669906930138,39.068347060278775,12143.747076404745,92,persistent_core_paired_edge_continuity_first_v2_1,181.0,273.0,,,,,,,237.0,,200.11124952837213,-0.00020470610866141215,,1.0,14.609861471903573,236,239,209,225,250,266,True,True,NO_VALID_UPPER_COMPONENT;Z_EDGE_EVIDENCE_UNAVAILABLE;Z_CONTINUITY_NO_CANDIDATE,no_candidate,,False,,True,1,207.0,False,202.0
flow05,142,0,0.2,128.0,19,237.0000446113428,210.0,200.0,219.0,221.0,high_confidence,0.5,high_confidence,0.5,high_confidence,0.975786505063542,strong_evidence,0.9999968383652398,True,True,237.0,47272.5546875,15694.625,4589.35400390625,6.880691631245334,-4.461134278699319e-05,3.5275590551181097,16.0,221,255,0.00016009476587441895,strong_evidence,0.9521623138535908,True,True,3.8692746829012137,57987.65214865042,704.7667641402356,82.27920937700738,11597.530429730085,63,persistent_core_paired_edge_continuity_first_v2_1,199.0,262.0,32.831714741159075,18.085774835107447,14.879396519700988,0.4266179986298084,0.1407198363336336,1.0,237.0,199.0,200.05830234075864,-4.461134278699319e-05,-1.0583023407586438,0.0,6.880691631245334,236,239,209,225,250,266,True,True,,accepted,202.0,False,,False,1,207.0,False,202.0
flow05,143,0,0.2,128.0,19,237.0,205.0,200.0,219.0,221.0,high_confidence,0.5529964661158207,high_confidence,0.5529964661158207,high_confidence,0.9815044963548252,strong_evidence,0.9645134906783817,True,True,237.0,47594.4921875,13227.2080078125,6157.1162109375,5.5817176422035795,0.0,3.5275590551181097,16.0,221,254,4.461134278699319e-05,strong_evidence,0.9987948179834945,True,True,3.8692746829012137,65392.620170576236,1116.0536436787309,58.59272136331134,13078.524034115248,38,persistent_core_paired_edge_continuity_first_v2_1,200.0,238.0,38.855706386737445,27.951138215078224,14.98491263161612,0.38512712717056274,0.04280852340150432,1.0,237.0,200.0,200.02794537524875,0.0,-0.027945375248748405,0.0,5.5817176422035795,236,239,209,225,250,266,True,True,,accepted,200.0,False,,False,1,206.0,False,200.0
flow05,144,0,0.2,128.0,19,237.0,213.0,200.0,219.0,221.0,high_confidence,0.5,high_confidence,0.5,high_confidence,0.8697116318712278,strong_evidence,0.815598049569433,True,True,239.0,48127.140625,15474.037109375,5862.02783203125,5.570274391602536,2.0,3.5275590551181097,16.0,221,254,0.0,strong_evidence,0.927415560902124,True,True,3.8692746829012137,60808.78854567387,12685.478366228506,4.79357473089545,50741.913464914025,12,persistent_core_paired_edge_continuity_first_v2_1,204.0,216.0,3.1082916407014385,2.050570832130539,-0.720021803026593,0.46480288729071617,0.04652950731828074,1.0,239.0,200.0,200.0121982357756,2.0,-0.012198235775599642,0.0,5.570274391602536,236,239,209,225,250,266,True,True,,accepted,200.0,False,,False,1,207.0,False,200.0
flow05,145,0,0.2,128.0,19,237.0,216.0,200.0,219.0,221.0,high_confidence,0.5,high_confidence,0.5,high_confidence,0.7964016627619082,strong_evidence,0.7009256277381192,True,True,239.0,46382.42578125,17631.15625,6988.57958984375,4.114036216033538,2.0,3.5275590551181097,16.0,221,254,0.0,strong_evidence,0.9048828910660169,True,True,3.8692746829012137,51876.48710162409,5172.770135495919,10.028763262771704,20691.080541983676,38,persistent_core_paired_edge_continuity_first_v2_1,198.0,236.0,2.589606792807678,0.6551407505040111,-0.08128098904625687,0.2602975517511368,0.20635768168153246,1.0,239.0,198.0,200.00482662805115,2.0,-2.0048266280511484,0.0,4.114036216033538,236,239,209,225,250,266,True,True,,accepted,200.0,False,,False,1,207.0,False,200.0
flow05,146,0,0.2,128.0,19,237.0,216.0,200.0,219.0,221.0,high_confidence,0.5,high_confidence,0.5,high_confidence,0.8506112553011416,strong_evidence,0.7577574633625115,True,True,236.0,49183.96875,14389.013671875,8668.080078125,4.014147857947746,-1.0,3.5275590551181097,16.0,221,254,4.461134278699319e-05,strong_evidence,0.9548431294022667,True,True,3.8692746829012137,65080.3131125341,3708.8421629929194,17.547339641980432,14835.368651971678,55,persistent_core_paired_edge_continuity_first_v2_1,199.0,254.0,8.988100337963798,5.885987067300276,1.4164803214686086,0.2036096751689911,0.10577877664275691,1.0,236.0,199.0,200.00171856734767,-1.0,-1.001718567347666,0.0,4.014147857947746,236,239,209,225,250,266,True,True,,accepted,200.0,False,,False,1,207.0,False,200.0
flow05,147,0,0.2,128.0,19,237.0000446113428,215.0,200.0,219.0,221.0,model_assisted,0.27534698751258085,model_assisted,0.27534698751258085,model_assisted,0.9127790287038087,strong_evidence,0.9999968383652398,True,True,237.0,49749.546875,15719.111328125,3552.22412109375,9.580036165172155,-4.461134278699319e-05,3.5275590551181097,16.0,221,255,0.00016009476587441895,weak_evidence,0.8331681894149772,True,False,3.8692746829012137,63072.44341627549,13479.517858553383,4.67913200443242,53918.07143421353,7,persistent_core_paired_edge_continuity_first_v2_1,212.0,219.0,3.418410754014603,2.3024681963442717,0.7466904604858946,0.26762744784355164,0.03134164947907361,1.0,237.0,202.0,200.00054744451256,-4.461134278699319e-05,1.9994525554874372,1.0,9.580036165172155,236,239,209,225,250,266,True,True,UPPER_SEED_TRAJECTORY_OUTLIER;Z_EDGE_EVIDENCE_WEAK;Z_CONTINUITY_REJECTED_CONTINUITY,rejected_continuity,199.0,False,,True,1,206.0,False,199.0
flow05,148,0,0.2,128.0,19,237.00020470610866,216.0,200.0,219.0,221.0,high_confidence,0.5,high_confidence,0.5,high_confidence,0.8526329569772728,strong_evidence,0.7956374197915206,True,True,237.0,51212.0546875,14972.6923828125,9540.8330078125,3.7983436325751576,-0.00020470610866141215,3.5275590551181097,16.0,221,255,0.0005141076058521321,strong_evidence,0.9137113730954207,True,True,3.8692746829012137,63257.275671623676,13820.496590517132,4.57706242733907,55281.98636206853,14,persistent_core_paired_edge_continuity_first_v2_1,206.0,220.0,3.7173712535120162,2.40414492727901,0.632309027926609,0.4077742025256157,0.07493217424327345,1.0,237.0,200.0,200.00015134118672,-0.00020470610866141215,-0.0001513411867222203,0.0,3.7983436325751576,236,239,209,225,250,266,True,True,,accepted,199.0,False,,False,1,207.0,False,199.0
flow05,149,0,0.2,128.0,19,237.0007188137145,204.0,200.0,219.0,221.0,high_confidence,0.9556478428633848,high_confidence,0.9556478428633848,high_confidence,0.9624793369974511,strong_evidence,0.9263676608913849,True,True,236.0,50826.8359375,11668.44140625,4097.53515625,9.556573168511177,-1.0007188137145135,3.5275590551181097,16.0,221,255,0.001477324778363709,strong_evidence,0.9999987189272879,True,True,3.8692746829012137,64836.342047373444,1519.151922499343,42.679300922519474,12967.26840947469,67,persistent_core_paired_edge_continuity_first_v2_1,200.0,267.0,24.886298637954333,16.964985569073384,5.73940863210546,0.43082231283187866,0.03256152340363291,1.0,236.0,200.0,200.00002974089517,-1.0007188137145135,-2.9740895172380988e-05,0.0,9.556573168511177,236,239,209,225,250,266,True,True,,accepted,200.0,False,,False,1,207.0,False,200.0
flow05,150,0,0.2,128.0,19,237.00219613849288,215.0,200.0,219.0,221.0,model_assisted,1.458021534837906e-145,model_assisted,1.458021534837906e-145,model_assisted,0.0,strong_evidence,0.9262546332129424,True,True,236.0,51287.76953125,17631.8984375,5536.48876953125,6.078919780162309,-1.0021961384928773,3.5275590551181097,16.0,221,255,0.00379876994031747,unavailable,0.0,False,False,3.8692746829012137,59696.36106502063,5624.33298195818,10.613945023617115,22497.33192783272,52,persistent_core_paired_edge_continuity_first_v2_1,187.0,239.0,,,,,,,236.0,,200.0,-1.0021961384928773,,1.0,6.078919780162309,236,239,209,225,250,266,True,True,NO_VALID_UPPER_COMPONENT;Z_EDGE_EVIDENCE_UNAVAILABLE;Z_CONTINUITY_NO_CANDIDATE,no_candidate,,False,,True,1,207.0,False,200.0
flow05,151,0,0.2,128.0,19,237.0059949084332,211.0,200.0,219.0,221.0,high_confidence,0.5,high_confidence,0.5,high_confidence,0.9186785664426148,strong_evidence,0.9506653244265585,True,True,237.0,50437.1484375,21980.2109375,5243.39306640625,5.427198979668331,-0.005994908433194723,3.5275590551181097,16.0,221,255,0.008740878047717615,strong_evidence,0.8877680575444791,True,True,3.8692746829012137,61343.87189227136,12724.050123652965,4.821096372312943,50896.20049461186,12,persistent_core_paired_edge_continuity_first_v2_1,209.0,221.0,2.6238065234271932,1.5778709118372884,0.6276054118935026,0.1797662377357483,0.13167211011596547,1.0,237.0,201.0,199.9999553886572,-0.005994908433194723,1.000044611342787,0.0,5.427198979668331,236,239,209,225,250,266,True,True,,accepted,200.0,False,,False,1,208.0,False,200.0
flow05,152,0,0.2,128.0,19,237.0147357864809,209.0,200.0,219.0,221.0,high_confidence,0.6094386981248359,high_confidence,0.6094386981248359,high_confidence,0.9411324856406615,strong_evidence,0.927549241137944,True,True,238.0,47943.37890625,14140.265625,3974.039794921875,8.505982583376353,0.9852642135190877,3.5275590551181097,16.0,221,255,0.017997500190858773,strong_evidence,0.9549146463011824,True,True,3.8692746829012137,53305.76917472991,4011.293307749794,13.288923318507647,16045.173230999177,44,persistent_core_paired_edge_continuity_first_v2_1,201.0,245.0,10.072580263813137,7.256729143811908,0.8946842220848318,0.3718218207359314,0.05446111742518449,1.0,238.0,201.0,199.99979529389134,0.9852642135190877,1.0002047061086614,0.0,8.505982583376353,236,239,209,225,250,266,True,True,,accepted,200.0,False,,False,1,207.0,False,200.0
flow05,153,0,0.2,128.0,19,237.03273328667177,210.0,200.0,219.0,221.0,high_confidence,0.9026152269908884,high_confidence,0.9026152269908884,high_confidence,0.9988225997997723,strong_evidence,0.9976774773822272,True,True,237.0,50338.4609375,13509.09765625,4079.3173828125,9.028315236373656,-0.03273328667177111,3.5275590551181097,16.0,221,255,0.03315998842083445,strong_evidence,0.9999690365752947,True,True,3.8692746829012137,60723.866374968304,4065.2656907529813,14.937244203519903,16261.062763011925,48,persistent_core_paired_edge_continuity_first_v2_1,200.0,248.0,7.125557250349938,5.290169952580999,-1.6286815179486915,0.24181470274925232,0.04430550033027645,1.0,237.0,200.0,199.99928118628554,-0.03273328667177111,0.0007188137144567008,0.0,9.028315236373656,236,239,209,225,250,266,True,True,,accepted,200.0,False,,False,1,208.0,False,200.0
flow05,154,0,0.2,128.0,19,237.0658932750926,205.0,200.0,219.0,221.0,model_assisted,0.09704298181109641,model_assisted,0.09704298181109641,model_assisted,0.6527516362548215,strong_evidence,0.931449790371436,True,True,238.0,48921.2265625,10829.185546875,1085.9951171875,35.07570191869316,0.9341067249073944,3.5275590551181097,16.0,221,255,0.05471618958844715,weak_evidence,0.4574424762750079,True,False,3.8692746829012137,65284.39266543226,2229.0440391984525,29.288067672681798,13056.878533086452,64,persistent_core_paired_edge_continuity_first_v2_1,193.0,257.0,12.609397489106202,7.922502345324502,0.3583030750407862,0.17130008339881897,0.16824093963469378,1.0,238.0,193.0,199.99780386150712,0.9341067249073944,-6.997803861507123,1.0,35.07570191869316,236,239,209,225,250,266,True,True,UPPER_SEED_TRAJECTORY_OUTLIER;Z_EDGE_EVIDENCE_WEAK;Z_CONTINUITY_REJECTED_CONTINUITY,rejected_continuity,200.0,False,,True,1,207.0,False,200.0
flow05,155,0,0.2,128.0,19,237.12060946468105,205.0,200.0,219.0,221.0,high_confidence,0.9634406911873813,high_confidence,0.9634406911873813,high_confidence,0.9253599201097299,strong_evidence,0.8565122135096358,True,True,239.0,48072.19921875,12189.6171875,3716.9853515625,9.65367862323324,1.8793905353189473,3.5275590551181097,16.0,221,255,0.08081929466467841,strong_evidence,0.9997417062352869,True,True,3.8692746829012137,61478.17418870655,4454.311554231289,13.80194749294232,17817.246216925156,50,persistent_core_paired_edge_continuity_first_v2_1,200.0,250.0,6.171960350854037,3.1326010396969037,2.6029008840465258,0.3760259971022606,0.09139562086834842,1.0,239.0,200.0,199.9940050915668,1.8793905353189473,0.005994908433194723,0.0,9.65367862323324,236,239,209,225,250,266,True,True,,accepted,200.0,False,,False,1,206.0,False,200.0
flow05,156,0,0.2,128.0,19,237.20142875934573,215.0,200.0,219.0,221.0,high_confidence,0.5,high_confidence,0.5,high_confidence,0.9449259054608207,strong_evidence,0.9856212618616789,True,True,237.0,47625.484375,16077.1953125,4191.017578125,7.5275964546572585,-0.20142875934573112,3.5275590551181097,16.0,221,255,0.10699980163306577,strong_evidence,0.9059108212869076,True,True,3.8692746829012137,52418.47495931023,5801.528074663885,9.035287649167694,23206.11229865554,32,persistent_core_paired_edge_continuity_first_v2_1,200.0,232.0,5.350844665441507,3.297435311786328,2.5769206520987438,0.364632286131382,0.12012548337110586,1.0,237.0,198.0,199.98526421351914,-0.20142875934573112,-1.9852642135191445,0.0,7.5275964546572585,236,239,209,225,250,266,True,True,,accepted,200.0,False,,False,1,206.0,False,200.0
flow05,157,0,0.2,128.0,19,237.3084285609788,209.0,200.0,219.0,221.0,model_assisted,0.33270152688057913,model_assisted,0.33270152688057913,model_assisted,0.9258706992674477,strong_evidence,0.9778972365784111,True,True,237.0,47661.65234375,14628.375,3903.82177734375,8.461779053404072,-0.3084285609787969,3.5275590551181097,16.0,221,255,0.12727530823869415,weak_evidence,0.8766121016574286,True,False,3.8692746829012137,59482.0527442304,12752.766043201867,4.664247155693613,51011.06417280747,8,persistent_core_paired_edge_continuity_first_v2_1,206.0,214.0,3.3632899353668093,2.3665112828710657,0.5412680836850877,0.1508653461933136,0.04563989667081172,1.0,237.0,201.0,199.96726671332829,-0.3084285609787969,1.0327332866717143,1.0,8.461779053404072,236,239,209,225,250,266,True,True,UPPER_SEED_TRAJECTORY_OUTLIER;Z_EDGE_EVIDENCE_WEAK;Z_CONTINUITY_REJECTED_CONTINUITY,rejected_continuity,200.0,False,,True,1,207.0,False,200.0
flow05,158,0,0.2,128.0,19,237.4357038692175,210.0,200.0,219.0,221.0,high_confidence,0.9782750365364024,high_confidence,0.9782750365364024,high_confidence,0.9779797930470276,strong_evidence,0.9591746774284077,True,True,238.0,48387.19921875,17219.921875,2395.02880859375,13.01332043769861,0.564296130782509,3.5275590551181097,16.0,221,255,0.13678330849108988,strong_evidence,0.9971535926830133,True,True,3.8692746829012137,61116.05509407545,8567.832419701603,7.1331991687349054,34271.32967880641,24,persistent_core_paired_edge_continuity_first_v2_1,201.0,225.0,3.476802345096596,1.9540044630416535,0.17292427698437554,0.31726615130901337,0.043627296413807186,1.0,238.0,200.0,199.9341067249074,0.564296130782509,0.06589327509260556,0.0,13.01332043769861,236,239,209,225,250,266,True,True,,accepted,200.0,False,,False,1,208.0,False,200.0
flow05,159,0,0.2,128.0,19,237.57248717770858,205.0,200.0,219.0,221.0,high_confidence,0.5344706921889876,high_confidence,0.5344706921889876,high_confidence,0.8963616113522245,strong_evidence,0.8815406868794516,True,True,236.0,46035.6953125,10681.6982421875,2303.9755859375,15.344779383123008,-1.572487177708581,3.5275590551181097,16.0,221,255,0.13678330849108988,strong_evidence,0.9114317129821008,True,True,3.8692746829012137,56581.40380133649,1081.2824789054728,52.328050167437254,11316.280760267298,68,persistent_core_paired_edge_continuity_first_v2_1,198.0,266.0,35.278949614856025,25.51114040178031,0.9591414851799657,0.39574553072452545,0.05394647128617024,1.0,236.0,198.0,199.87943514666176,-1.572487177708581,-1.8794351466617627,0.0,15.344779383123008,237,240,210,226,251,267,True,True,,accepted,200.0,False,,False,1,209.0,False,200.0
flow05,160,0,0.2,128.0,19,237.7070260392166,208.0,200.0,219.0,221.0,high_confidence,0.8282176953676467,high_confidence,0.8282176953676467,high_confidence,0.9696783126457322,strong_evidence,0.9485701722453326,True,True,237.0,47335.65625,12057.455078125,3983.19677734375,8.856755802910836,-0.7070260392166006,3.5275590551181097,16.0,221,255,0.13453886150801964,strong_evidence,0.9912561637794013,True,True,3.8692746829012137,57782.03813133478,2889.8468893916834,19.99484413636114,11559.387557566733,67,persistent_core_paired_edge_continuity_first_v2_1,200.0,267.0,12.32048606013566,8.34673489768223,0.8141725032229642,0.3802277594804764,0.0678335401325189,1.0,237.0,200.0,199.79877594676293,-0.7070260392166006,0.2012240532370697,0.0,8.856755802910836,237,240,210,226,251,267,True,True,,accepted,200.0,False,,False,1,209.0,False,200.0
flow05,161,0,0.2,128.0,19,237.8315092334347,208.0,200.0,219.0,221.0,high_confidence,0.5,high_confidence,0.5,high_confidence,0.8794480387518575,strong_evidence,0.8322474363817953,True,True,240.0,47381.82421875,14970.9677734375,4866.20166015625,6.6604014195893,2.1684907665652986,3.5275590551181097,16.0,221,255,0.12448319421810083,strong_evidence,0.9293256056479777,True,True,3.8692746829012137,62895.75076056647,11892.287421632083,5.2887849520151216,47569.14968652833,6,persistent_core_paired_edge_continuity_first_v2_1,206.0,212.0,3.18251461126651,2.8061140890002387,-1.247664453211401,0.17550428211688995,0.00164894312956676,1.0,240.0,199.0,199.6922902527357,2.1684907665652986,-0.6922902527356882,0.0,6.6604014195893,237,240,210,226,251,267,True,True,,accepted,200.0,False,,False,1,209.0,False,200.0
flow05,162,0,0.2,128.0,19,237.94532842175437,209.0,200.0,219.0,221.0,high_confidence,0.5,high_confidence,0.5,high_confidence,0.9061398042960095,strong_evidence,0.9222308390496393,True,True,239.0,49564.3046875,13282.349609375,3656.60400390625,9.92230907130386,1.0546715782456317,3.5275590551181097,16.0,221,255,0.11381918831966686,strong_evidence,0.8903295250631007,True,True,3.8692746829012137,62779.54818198926,13995.156089555383,4.485805501579349,55980.62435822153,8,persistent_core_paired_edge_continuity_first_v2_1,203.0,211.0,3.266339473911788,2.285577385252221,-0.08174728626345322,0.2189871072769165,0.0790597607985672,1.0,239.0,200.0,199.5664922692754,1.0546715782456317,0.4335077307246138,0.0,9.92230907130386,237,240,210,226,251,267,True,True,,accepted,199.0,False,,False,1,208.0,False,199.0
flow05,163,0,0.2,128.0,19,238.05467157824563,211.0,199.0,218.0,220.0,model_assisted,2.398487868841356e-145,model_assisted,2.398487868841356e-145,model_assisted,0.0,strong_evidence,0.9961178604576736,True,True,238.0,50576.828125,12321.47265625,3489.917236328125,10.961679856052953,-0.054671578245631736,3.5275590551181097,16.0,222,256,0.11381918831966686,unavailable,0.0,False,False,3.8692746829012137,63240.178308268456,5150.975886788516,12.277319812439828,20603.903547154063,85,persistent_core_paired_edge_continuity_first_v2_1,186.0,271.0,,,,,,,238.0,,199.4335077307246,-0.054671578245631736,,1.0,10.961679856052953,237,240,210,226,251,267,True,True,NO_VALID_UPPER_COMPONENT;Z_EDGE_EVIDENCE_UNAVAILABLE;Z_CONTINUITY_NO_CANDIDATE,no_candidate,,False,,True,1,208.0,False,200.0
flow05,164,0,0.2,128.0,19,238.1684907665653,205.0,199.0,218.0,220.0,high_confidence,0.5,high_confidence,0.5,high_confidence,0.9135922442755621,strong_evidence,0.9392236104092653,True,True,239.0,49542.5625,14373.0771484375,3697.425537109375,9.5118846880302,0.8315092334347014,3.5275590551181097,16.0,222,256,0.12448319421810083,strong_evidence,0.8886603568630057,True,True,3.8692746829012137,59588.08576232931,561.1228018402729,106.19437593144082,11917.617152465864,79,persistent_core_paired_edge_continuity_first_v2_1,197.0,276.0,49.235894962569766,30.41857257669762,10.350185006734886,0.3842915818095207,0.12091407218170054,1.0,239.0,197.0,199.3077097472643,0.8315092334347014,-2.3077097472643118,0.0,9.5118846880302,237,240,210,226,251,267,True,True,,accepted,200.0,False,,False,1,208.0,False,200.0
flow05,165,0,0.2,128.0,19,238.2929739607834,207.0,199.0,218.0,220.0,model_assisted,0.17662236599307451,model_assisted,0.17662236599307451,model_assisted,0.8087621743455984,strong_evidence,0.9485701722453326,True,True,239.0,49086.1953125,13621.853515625,2364.42919921875,14.999113447166469,0.7070260392166006,3.5275590551181097,16.0,222,256,0.13453886150801964,weak_evidence,0.6895602178844904,True,False,3.8692746829012137,65295.73364671669,3937.8896142817816,16.581402741688013,15751.558457127127,80,persistent_core_paired_edge_continuity_first_v2_1,194.0,274.0,8.004666459617287,4.850154325599749,1.4763889721869408,0.26448172330856323,0.14049602265016634,1.0,239.0,194.0,199.20122405323707,0.7070260392166006,-5.20122405323707,1.0,14.999113447166469,237,240,210,226,251,267,True,True,UPPER_SEED_TRAJECTORY_OUTLIER;Z_EDGE_EVIDENCE_WEAK;Z_CONTINUITY_REJECTED_CONTINUITY,rejected_continuity,199.0,False,,True,1,207.0,False,199.0
flow05,166,0,0.2,128.0,19,238.42751282229142,203.0,199.0,218.0,220.0,high_confidence,0.5,high_confidence,0.5,high_confidence,0.9398859436113827,strong_evidence,0.9692284944836083,True,True,238.0,47862.6953125,13183.9072265625,4099.85888671875,8.458532121258461,-0.42751282229141907,3.5275590551181097,16.0,222,256,0.13678330849108988,strong_evidence,0.9114317129821023,True,True,3.8692746829012137,57800.80362018584,9272.563043655768,6.233530400176983,37090.25217462307,28,persistent_core_paired_edge_continuity_first_v2_1,201.0,229.0,4.789371002903541,3.8993490462484215,-0.6893507301625122,0.1817178726196289,0.036742313644068464,1.0,238.0,201.0,199.12056485333827,-0.42751282229141907,1.8794351466617343,0.0,8.458532121258461,237,240,210,226,251,267,True,True,,accepted,199.0,False,,False,1,206.0,False,199.0
flow05,167,0,0.2,128.0,19,238.5642961307825,203.0,199.0,218.0,220.0,model_assisted,0.49,model_assisted,0.49,model_assisted,0.9345444601660894,strong_evidence,0.9686293753296659,True,True,239.0,51018.8046875,12286.13671875,3323.0791015625,11.65565633106297,0.43570386921749105,3.5275590551181097,16.0,222,256,0.13678330849108988,weak_evidence,0.9016589526101058,True,False,3.8692746829012137,61893.48489216379,4139.373939814538,14.952378256248307,16557.495759258152,64,persistent_core_paired_edge_continuity_first_v2_1,197.0,261.0,8.423953444624255,5.216268783735519,1.2065181832400886,0.4410596787929535,0.0814847954833609,1.0,239.0,197.0,199.06589327509263,0.43570386921749105,-2.065893275092634,1.0,11.65565633106297,238,241,211,227,252,268,True,True,UPPER_SEED_TRAJECTORY_OUTLIER;Z_EDGE_EVIDENCE_WEAK;Z_CONTINUITY_REJECTED_CONTINUITY,rejected_continuity,200.0,False,,True,1,206.0,False,200.0
flow05,168,0,0.2,128.0,19,238.69157143902123,211.0,199.0,218.0,220.0,high_confidence,0.5,high_confidence,0.5,high_confidence,0.9530901191051245,strong_evidence,0.9497241300839585,True,True,238.0,47791.859375,11912.5849609375,5314.501953125,6.751201661138725,-0.6915714390212315,3.5275590551181097,16.0,222,256,0.12727530823872257,strong_evidence,0.9564680377822103,True,True,3.8692746829012137,45748.648889145,6459.179307428769,7.082733999430703,25836.717229715076,29,persistent_core_paired_edge_continuity_first_v2_1,201.0,230.0,5.353916503631445,3.718965534449167,2.0421771975568994,0.28505681455135345,0.04845932904791389,1.0,238.0,200.0,199.03273328667174,-0.6915714390212315,0.9672667133282573,0.0,6.751201661138725,238,241,211,227,252,268,True,True,,accepted,200.0,False,,False,1,206.0,False,200.0
flow05,169,0,0.2,128.0,19,238.7985712406543,215.0,199.0,218.0,220.0,high_confidence,0.5,high_confidence,0.5,high_confidence,0.9705046491216016,strong_evidence,0.985621261861681,True,True,239.0,46232.6640625,20144.640625,4097.99609375,6.366043998257532,0.2014287593457027,3.5275590551181097,16.0,222,256,0.10699980163306577,strong_evidence,0.9556198820098338,True,True,3.8692746829012137,57747.77322697139,3147.2933891959005,18.348392121690733,12589.173556783602,63,persistent_core_paired_edge_continuity_first_v2_1,200.0,263.0,13.531141055454318,10.066730534543435,1.957417541885676,0.5050975251942873,0.06570900944198181,1.0,239.0,200.0,199.01473578648088,0.2014287593457027,0.9852642135191161,0.0,6.366043998257532,238,241,211,227,252,268,True,True,,accepted,200.0,False,,False,1,206.0,False,200.0
flow05,170,0,0.2,128.0,19,238.87939053531895,209.0,199.0,218.0,220.0,high_confidence,0.5,high_confidence,0.5,high_confidence,0.9391149910734494,strong_evidence,0.8821648241324089,True,True,239.0,48866.68359375,14145.142578125,7309.02880859375,4.7504999535369725,0.12060946468105271,3.5275590551181097,16.0,222,256,0.08081929466464999,strong_evidence,0.9997417062352856,True,True,3.8692746829012137,51721.10832611883,5770.6811804444405,8.962738835995689,23082.724721777762,33,persistent_core_paired_edge_continuity_first_v2_1,199.0,232.0,7.413513944459308,6.152766475770133,-1.577356655366742,0.3378612548112869,0.0007126408312118608,1.0,239.0,199.0,199.00599490843322,0.12060946468105271,-0.005994908433223145,0.0,4.7504999535369725,238,241,211,227,252,268,True,True,,accepted,200.0,False,,False,1,206.0,False,200.0
flow05,171,0,0.2,128.0,19,238.9341067249074,211.0,199.0,218.0,220.0,high_confidence,0.5,high_confidence,0.5,high_confidence,0.8742926306984504,strong_evidence,0.8302553976617846,True,True,238.0,48442.546875,13241.125,7384.216796875,4.767116519371051,-0.9341067249073944,3.5275590551181097,16.0,222,256,0.05471618958844715,strong_evidence,0.9206656243926046,True,True,3.8692746829012137,57061.18555152349,12183.175208189305,4.683605429327489,48732.70083275722,12,persistent_core_paired_edge_continuity_first_v2_1,202.0,214.0,3.6330770934306997,2.408189493467816,-0.19312737392519566,0.3717818707227707,0.017539891679405173,1.0,238.0,199.0,199.0021961384929,-0.9341067249073944,-0.002196138492905675,0.0,4.767116519371051,238,241,211,227,252,268,True,True,,accepted,200.0,False,,False,1,207.0,False,200.0
flow05,172,0,0.2,128.0,19,238.96726671332826,216.0,199.0,218.0,220.0,high_confidence,0.5693781377547239,high_confidence,0.5693781377547239,high_confidence,0.925633593694543,strong_evidence,0.9289233443592964,True,True,238.0,48992.51171875,15013.7734375,3242.22900390625,10.480054999295943,-0.9672667133282573,3.5275590551181097,16.0,222,256,0.033159988420862874,strong_evidence,0.922355493570711,True,True,3.8692746829012137,58790.82016079782,12485.987901612605,4.708543739114532,49943.95160645042,7,persistent_core_paired_edge_continuity_first_v2_1,213.0,220.0,2.4468385054014647,1.4192217049490237,0.2758195852192885,0.13943153619766235,0.01506250111059384,1.0,238.0,199.0,199.00071881371449,-0.9672667133282573,-0.0007188137144851225,0.0,10.480054999295943,238,241,211,227,252,268,True,True,,accepted,200.0,False,,False,1,207.0,False,200.0
flow05,173,0,0.2,128.0,19,238.98526421351912,207.0,199.0,218.0,220.0,high_confidence,0.5,high_confidence,0.5,high_confidence,0.9508839145921829,strong_evidence,0.9989551210318994,True,True,239.0,46637.7578125,16116.724609375,4993.587890625,6.112044860655286,0.014735786480883917,3.5275590551181097,16.0,222,256,0.017997500190858773,strong_evidence,0.9051259661156298,True,True,3.8692746829012137,54413.36015659435,4997.046228735193,10.889104816300042,19988.18491494077,51,persistent_core_paired_edge_continuity_first_v2_1,197.0,248.0,5.026827806924291,2.8425387044413277,0.7077412794189627,0.38213932514190674,0.08366054703750299,1.0,239.0,197.0,199.0002047061087,0.014735786480883917,-2.00020470610869,0.0,6.112044860655286,238,241,211,227,252,268,True,True,,accepted,199.0,False,,False,1,207.0,False,199.0
flow05,174,0,0.2,128.0,19,238.9940050915668,209.0,199.0,218.0,220.0,high_confidence,0.814879539130192,high_confidence,0.814879539130192,high_confidence,0.9997865404883639,strong_evidence,0.9995750473353978,True,True,239.0,50126.15234375,14797.2646484375,4335.4091796875,8.14891656843773,0.005994908433194723,3.5275590551181097,16.0,222,256,0.008740878047689193,strong_evidence,0.9999980783896997,True,True,3.8692746829012137,50258.21161933182,4856.821322318722,10.347963880898499,19427.28528927489,44,persistent_core_paired_edge_continuity_first_v2_1,199.0,243.0,8.883680890925374,7.066162620267983,-0.9977698325557506,0.3150136470794678,0.04035718252458764,1.0,239.0,199.0,199.0000446113428,0.005994908433194723,-4.461134278699319e-05,0.0,8.14891656843773,238,241,211,227,252,268,True,True,,accepted,199.0,False,,False,1,207.0,False,199.0
flow05,175,0,0.2,128.0,19,238.99780386150712,208.0,199.0,218.0,220.0,model_assisted,0.26359713811572427,model_assisted,0.26359713811572427,model_assisted,0.8857410880237813,strong_evidence,0.9998443463744814,True,True,239.0,48416.2890625,12005.771484375,3500.955078125,10.400167030313714,0.002196138492877253,3.5275590551181097,16.0,222,256,0.00379876994031747,weak_evidence,0.7846594100955304,True,False,3.8692746829012137,60518.29641138139,3699.0763918327043,16.360380268166793,14796.305567330817,71,persistent_core_paired_edge_continuity_first_v2_1,196.0,267.0,5.290211263155493,2.0121341391427583,0.2876506587904027,0.43374986201524734,0.23135384646535553,1.0,239.0,195.0,199.00000000000003,0.002196138492877253,-4.000000000000028,1.0,10.400167030313714,238,241,211,227,252,268,True,True,UPPER_SEED_TRAJECTORY_OUTLIER;Z_EDGE_EVIDENCE_WEAK;Z_CONTINUITY_REJECTED_CONTINUITY,rejected_continuity,199.0,False,,True,1,206.0,False,199.0
flow05,176,0,0.2,128.0,19,238.99928118628551,203.0,199.0,218.0,220.0,high_confidence,0.5,high_confidence,0.5,high_confidence,0.7818116887106724,strong_evidence,0.8826122626369763,True,True,240.0,47901.28125,20051.390625,5113.2744140625,5.446586349523385,1.0007188137144851,3.5275590551181097,16.0,222,256,0.0014773247783921306,strong_evidence,0.6925232545245474,True,True,3.8692746829012137,57029.977564634166,12460.261739329992,4.576948603304441,49841.046957319966,3,persistent_core_paired_edge_continuity_first_v2_1,202.0,205.0,2.9156861672952408,1.7211297224939708,0.02837314645652339,0.40578237920999527,0.019521996157544363,1.0,240.0,198.0,198.99997769432863,1.0007188137144851,-0.9999776943286349,0.0,5.446586349523385,238,241,211,227,252,268,True,True,,accepted,199.0,False,,False,1,206.0,False,199.0
flow05,177,0,0.2,128.0,19,238.99979529389134,205.0,199.0,218.0,220.0,model_assisted,0.07331982652512001,model_assisted,0.07331982652512001,model_assisted,0.7600347284651991,strong_evidence,0.9502018285882929,True,True,239.0,47110.296875,15183.09375,5893.3916015625,5.417458279292898,0.00020470610866141215,3.5275590551181097,16.0,222,256,0.0005141076058237104,weak_evidence,0.6079264121511774,True,False,3.8692746829012137,60321.05085939495,2899.283482904426,20.805502882031703,12064.21017187899,48,persistent_core_paired_edge_continuity_first_v2_1,197.0,245.0,7.629537573869309,6.401189003192169,-3.656308000404385,0.4048666972666979,0.14171114129019197,1.0,239.0,193.0,198.9998976469457,0.00020470610866141215,-5.999897646945698,1.0,5.417458279292898,238,241,211,227,252,268,True,True,UPPER_SEED_TRAJECTORY_OUTLIER;Z_EDGE_EVIDENCE_WEAK;Z_CONTINUITY_REJECTED_CONTINUITY,rejected_continuity,199.0,False,,True,1,205.0,False,199.0
flow05,178,0,0.2,128.0,19,238.9999553886572,205.0,199.0,218.0,220.0,high_confidence,0.5,high_confidence,0.5,high_confidence,0.9224389030850558,strong_evidence,0.9264192384184948,True,True,240.0,48654.375,10308.533203125,4795.52978515625,7.996163826480248,1.000044611342787,3.5275590551181097,16.0,222,256,0.00016009476587441895,strong_evidence,0.9184756691552898,True,True,3.8692746829012137,57499.40521721417,10769.432692203769,5.339130375812577,43077.730768815076,15,persistent_core_paired_edge_continuity_first_v2_1,201.0,216.0,4.353084442055795,3.4808710363156785,-0.7857133352839895,0.25828568637371063,0.03358219284325215,1.0,240.0,200.0,198.99964059314277,1.000044611342787,1.0003594068572284,0.0,7.996163826480248,238,241,211,227,252,268,True,True,,accepted,199.0,False,,False,1,205.0,False,199.0
flow05,179,0,0.2,128.0,19,239.0,212.0,199.0,218.0,220.0,model_assisted,0.18344043854596714,model_assisted,0.18344043854596714,model_assisted,0.8797996484742054,strong_evidence,0.9114609364215895,True,True,239.0,48135.3046875,15311.310546875,6585.12548828125,4.984566231735125,0.0,3.5275590551181097,16.0,223,256,4.461134278699319e-05,weak_evidence,0.8492381741495783,True,False,3.8692746829012137,63453.448195603705,1526.5301552164635,41.56711086169532,12690.689639120741,76,persistent_core_paired_edge_continuity_first_v2_1,196.0,272.0,20.5358725737383,12.677976531658611,12.475564879078831,0.38108333945274353,0.08880985458580726,1.0,239.0,196.0,198.9988796250822,0.0,-2.9988796250821963,1.0,4.984566231735125,238,241,211,227,252,268,True,True,UPPER_SEED_TRAJECTORY_OUTLIER;Z_EDGE_EVIDENCE_WEAK;Z_CONTINUITY_REJECTED_CONTINUITY,rejected_continuity,199.0,False,,True,1,205.0,False,199.0
flow05,180,0,0.2,128.0,19,239.0,204.0,199.0,218.0,220.0,high_confidence,0.5,high_confidence,0.5,high_confidence,0.8059373931986021,strong_evidence,0.7982382897211738,True,True,238.0,47712.4921875,15576.982421875,7214.18310546875,4.454490452462248,-1.0,3.5275590551181097,16.0,223,256,0.0,strong_evidence,0.8137107554470256,True,True,3.8692746829012137,54102.166329257445,10241.295398615295,5.282746393251433,40965.18159446118,20,persistent_core_paired_edge_continuity_first_v2_1,202.0,222.0,3.0459698837523446,2.001583624155779,0.4500251468049665,0.09194508194923401,0.12231409204419581,1.0,238.0,202.0,198.9969001927291,-1.0,3.0030998072708996,0.0,4.454490452462248,238,241,211,227,252,268,True,True,,accepted,199.0,False,,False,1,206.0,False,199.0
flow05,181,0,0.2,128.0,19,239.0,205.0,199.0,218.0,220.0,model_assisted,0.49,model_assisted,0.49,model_assisted,0.9812290175603662,strong_evidence,0.9894604803908501,True,True,239.0,51484.43359375,16692.783203125,5922.79736328125,5.874192253531751,0.0,3.5275590551181097,16.0,223,256,0.0,weak_evidence,0.9730660334429511,True,False,3.8692746829012137,65012.362968972244,11748.539520390601,5.533654873113181,46994.158081562404,17,persistent_core_paired_edge_continuity_first_v2_1,201.0,218.0,3.370506574715721,2.080331434571683,0.5092058101379863,0.24882358312606812,0.025341066131150718,1.0,239.0,199.0,198.99227269990232,0.0,0.00772730009768452,1.0,5.874192253531751,238,241,211,227,252,268,True,True,UPPER_SEED_TRAJECTORY_OUTLIER;Z_EDGE_EVIDENCE_WEAK;Z_CONTINUITY_REJECTED_CONTINUITY,rejected_continuity,199.0,False,,True,1,207.0,False,199.0
flow05,182,0,0.2,128.0,19,239.0,207.0,199.0,218.0,220.0,high_confidence,0.7207169573110189,high_confidence,0.7207169573110189,high_confidence,0.9409715861493696,strong_evidence,0.9264226511541201,True,True,238.0,50202.01953125,13997.021484375,3456.998291015625,10.472958040207304,-1.0,3.5275590551181097,16.0,223,256,0.0,strong_evidence,0.9557490038023264,True,True,3.8692746829012137,60258.48089330118,1353.5010891995432,44.520452457809164,12051.696178660237,70,persistent_core_paired_edge_continuity_first_v2_1,198.0,268.0,23.373509486416065,18.804370624535924,-7.194680280860674,0.3946494311094284,0.004766421240883813,1.0,238.0,198.0,198.98252636514914,-1.0,-0.9825263651491412,0.0,10.472958040207304,238,241,211,227,252,268,True,True,,accepted,199.0,False,,False,1,206.0,False,199.0
flow05,183,0,0.2,128.0,19,239.0,205.0,199.0,218.0,220.0,high_confidence,0.5,high_confidence,0.5,high_confidence,0.9438127776231285,strong_evidence,1.0,True,True,239.0,49211.84375,12755.33203125,3423.03369140625,10.650351414967506,0.0,3.5275590551181097,16.0,223,256,0.0,strong_evidence,0.8907825592046852,True,True,3.8692746829012137,56560.13809471027,13274.551957985237,4.260794509202762,53098.20783194095,6,persistent_core_paired_edge_continuity_first_v2_1,203.0,209.0,3.901598120638564,2.703330764120669,0.6641827168846397,0.31322234869003296,0.02870189658408076,1.0,239.0,199.0,198.96401496701537,0.0,0.03598503298462674,0.0,10.650351414967506,238,241,211,227,252,268,True,True,,accepted,199.0,False,,False,1,206.0,False,199.0
flow05,184,0,0.2,128.0,19,239.0,202.0,199.0,218.0,220.0,model_assisted,0.02499251231386366,model_assisted,0.02499251231386366,model_assisted,0.0,strong_evidence,1.0,True,True,239.0,47450.40234375,14767.2724609375,3419.123779296875,9.558919767898434,0.0,3.5275590551181097,16.0,223,256,4.461134275857148e-05,weak_evidence,0.0,True,False,3.8692746829012137,50910.80133697289,3058.9094390405917,16.643448376471305,12235.637756162367,93,persistent_core_paired_edge_continuity_first_v2_1,188.0,281.0,3.7825814828618682,1.871130473262585,0.12403979983402737,0.07961564511060715,0.2894148404610483,1.0,239.0,188.0,198.93220591734755,0.0,-10.932205917347545,1.0,9.558919767898434,238,241,211,227,252,268,True,True,UPPER_SEED_TRAJECTORY_OUTLIER;Z_EDGE_EVIDENCE_WEAK;Z_CONTINUITY_REJECTED_CONTINUITY,rejected_continuity,199.0,False,,True,1,205.0,False,199.0
flow05,185,0,0.2,128.0,19,239.00004461134276,211.0,199.0,218.0,220.0,high_confidence,0.5194730024534371,high_confidence,0.5194730024534371,high_confidence,0.9743419972576385,strong_evidence,0.9999968383652418,True,True,239.0,48934.53125,15296.0341796875,4461.80712890625,7.53920913622246,-4.461134275857148e-05,3.5275590551181097,16.0,223,257,0.00016009476590284066,strong_evidence,0.949345329103194,True,True,3.8692746829012137,54421.641863564335,5765.1758128820065,9.43971938235809,23060.703251528026,54,persistent_core_paired_edge_continuity_first_v2_1,200.0,254.0,7.107729543799053,5.473455332329537,-0.49666384866808694,0.21773061156272888,0.012258554982861969,1.0,239.0,200.0,198.88258210234704,-4.461134275857148e-05,1.117417897652956,0.0,7.53920913622246,238,241,211,227,252,268,True,True,,accepted,199.0,False,,False,1,205.0,False,199.0
flow05,186,0,0.2,128.0,19,239.00020470610866,211.0,199.0,218.0,220.0,high_confidence,0.5,high_confidence,0.5,high_confidence,0.8689662707558549,strong_evidence,0.8777225944055722,True,True,240.0,48628.4375,15162.353515625,6214.01220703125,5.385583881941463,0.9997952938913386,3.5275590551181097,16.0,223,257,0.0005141076058237104,strong_evidence,0.8602973018174634,True,True,3.8692746829012137,60735.52128435204,13457.486856897996,4.513139929482481,53829.947427591986,9,persistent_core_paired_edge_continuity_first_v2_1,205.0,214.0,3.0482655906517024,1.9716308356808123,-0.13861170584437058,0.3274434357881546,0.026549686145597804,1.0,240.0,200.0,198.8119995071349,0.9997952938913386,1.1880004928650862,0.0,5.385583881941463,238,241,211,227,252,268,True,True,,accepted,200.0,False,,False,1,205.0,False,200.0
flow05,187,0,0.2,128.0,19,239.00071881371449,207.0,199.0,218.0,220.0,high_confidence,0.5,high_confidence,0.5,high_confidence,0.8924187043038719,strong_evidence,0.8227639474495173,True,True,240.0,51158.8828125,18131.11328125,6979.87060546875,4.731859857885136,0.9992811862855149,3.5275590551181097,16.0,223,257,0.0014773247783921306,strong_evidence,0.9679703957133675,True,True,3.8692746829012137,62541.24743015919,8544.835750741588,7.319186612186357,34179.34300296635,32,persistent_core_paired_edge_continuity_first_v2_1,199.0,231.0,3.462658248132822,1.9845857028484286,0.005090741240201824,0.23858630657196045,0.05823734304413476,1.0,240.0,198.0,198.72002547294096,0.9992811862855149,-0.7200254729409608,0.0,4.731859857885136,238,241,211,227,252,268,True,True,,accepted,200.0,False,,False,1,205.0,False,200.0
flow05,188,0,0.2,128.0,19,239.00219613849288,207.0,199.0,218.0,220.0,high_confidence,0.5,high_confidence,0.5,high_confidence,0.9576812195204171,strong_evidence,0.9331140722501279,True,True,239.0,51448.08203125,12944.771484375,7367.873046875,5.225837945620649,-0.002196138492877253,3.5275590551181097,16.0,223,257,0.00379876994031747,strong_evidence,0.9828951738027842,True,True,3.8692746829012137,62773.23724512712,9650.03588858613,6.5049744860922285,38600.14355434452,26,persistent_core_paired_edge_continuity_first_v2_1,199.0,225.0,3.938992949405792,2.7720393418436555,-0.4576982455412895,0.2984422445297241,0.0011085729669485101,1.0,239.0,199.0,198.60965396716827,-0.002196138492877253,0.3903460328317294,0.0,5.225837945620649,238,241,211,227,252,268,True,True,,accepted,199.0,False,,False,1,205.0,False,199.0
flow05,189,0,0.2,128.0,19,239.0059949084332,203.0,198.0,217.0,219.0,model_assisted,0.01108583570809842,model_assisted,0.01108583570809842,model_assisted,0.0,strong_evidence,0.9995750473353978,True,True,239.0,47128.609375,16380.5185546875,4318.83984375,7.11952559778514,-0.005994908433194723,3.5275590551181097,16.0,223,257,0.008740878047689193,weak_evidence,0.0,True,False,3.8692746829012137,55562.70579162937,4901.229574532274,11.336483008334035,19604.918298129094,74,persistent_core_paired_edge_continuity_first_v2_1,198.0,272.0,6.0271806180274226,4.774343995232837,0.9621120198767623,-0.21482286602258682,0.1007646489018845,1.0,239.0,186.0,198.48702914563074,-0.005994908433194723,-12.487029145630743,1.0,7.11952559778514,238,241,211,227,252,268,True,True,UPPER_SEED_TRAJECTORY_OUTLIER;Z_EDGE_EVIDENCE_WEAK;Z_CONTINUITY_REJECTED_CONTINUITY,rejected_continuity,199.0,False,,True,1,205.0,False,199.0
flow05,190,0,0.2,128.0,19,239.01473578648088,201.0,198.0,217.0,219.0,model_assisted,0.0029012971798370274,model_assisted,0.0029012971798370274,model_assisted,0.0,strong_evidence,0.9989551210318994,True,True,239.0,50537.98828125,13615.75,5448.623046875,6.7764346998507,-0.014735786480883917,3.5275590551181097,16.0,223,257,0.017997500190858773,weak_evidence,0.0,True,False,3.8692746829012137,62843.89611862005,1565.808609931665,40.13510701117085,12568.77922372401,62,persistent_core_paired_edge_continuity_first_v2_1,191.0,253.0,17.893037234549794,15.209848239604067,-1.9942882699125466,-0.10339900851249695,0.19789196558718017,1.0,239.0,182.0,198.3603900613295,-0.014735786480883917,-16.360390061329497,2.0,6.7764346998507,238,241,211,227,252,268,True,True,UPPER_SEED_TRAJECTORY_OUTLIER;Z_EDGE_EVIDENCE_WEAK;Z_CONTINUITY_REJECTED_CONTINUITY,rejected_continuity,199.0,False,,True,1,204.0,False,199.0
flow05,191,0,0.2,128.0,19,239.03273328667174,207.0,198.0,217.0,219.0,model_assisted,0.028375646636112126,model_assisted,0.028375646636112126,model_assisted,0.0,strong_evidence,0.9239151895315918,True,True,238.0,49862.5546875,17207.89453125,3791.516357421875,8.612559482257979,-1.0327332866717427,3.5275590551181097,16.0,223,257,0.03315998842083445,weak_evidence,0.0,True,False,3.8692746829012137,64777.78140923698,2706.5848118044723,23.9334016531519,12955.556281847397,51,persistent_core_paired_edge_continuity_first_v2_1,188.0,239.0,6.493365329964911,4.419974802008863,-1.3565002964958583,0.026868879795074463,0.2815963304672275,1.0,238.0,188.0,198.23858139298204,-1.0327332866717427,-10.238581392982042,1.0,8.612559482257979,238,241,211,227,252,268,True,True,UPPER_SEED_TRAJECTORY_OUTLIER;Z_EDGE_EVIDENCE_WEAK;Z_CONTINUITY_REJECTED_CONTINUITY,rejected_continuity,199.0,False,,True,1,204.0,False,199.0
flow05,192,0,0.2,128.0,19,239.06589327509258,211.0,198.0,217.0,219.0,high_confidence,0.5,high_confidence,0.5,high_confidence,0.8540679982982031,strong_evidence,0.8043300598831375,True,True,240.0,50249.1015625,18078.9453125,7190.38623046875,4.474051214895975,0.9341067249074229,3.5275590551181097,16.0,223,257,0.05467157824568858,strong_evidence,0.9068816175079668,True,True,3.8692746829012137,58839.22952837453,11228.64444175858,5.240100871798501,44914.57776703432,22,persistent_core_paired_edge_continuity_first_v2_1,199.0,221.0,2.6704009172121435,1.6082189379230483,-0.29363622486743773,0.2033490538597107,0.06362254630589273,1.0,240.0,197.0,198.12974407153501,0.9341067249074229,-1.1297440715350149,0.0,4.474051214895975,238,241,211,227,252,268,True,True,,accepted,199.0,False,,False,1,204.0,False,199.0
flow05,193,0,0.2,128.0,19,239.12056485333827,204.0,198.0,217.0,219.0,high_confidence,0.5,high_confidence,0.5,high_confidence,0.887985577505866,strong_evidence,0.8727397050825171,True,True,240.0,49779.73828125,14605.23046875,6737.3330078125,5.220835569759164,0.8794351466617343,3.5275590551181097,16.0,223,257,0.08065919989877557,strong_evidence,0.903497779769138,True,True,3.8692746829012137,64146.58128661495,12698.252475550285,5.051607015227119,50793.00990220114,7,persistent_core_paired_edge_continuity_first_v2_1,201.0,208.0,2.746041729026549,1.8802451065449726,-0.28672492169198244,0.10222268104553223,0.029233110105690827,1.0,240.0,199.0,198.04040201480638,0.8794351466617343,0.9595979851936249,0.0,5.220835569759164,238,241,211,227,252,268,True,True,,accepted,199.0,False,,False,1,203.0,False,199.0
flow05,194,0,0.2,128.0,19,239.20122405323704,210.0,198.0,217.0,219.0,model_assisted,0.26580105348617056,model_assisted,0.26580105348617056,model_assisted,0.8804016967634697,strong_evidence,0.9856359810279767,True,True,239.0,50290.57421875,11652.9140625,3501.14599609375,11.035718076126582,-0.2012240532370413,3.5275590551181097,16.0,223,257,0.10648569402724206,weak_evidence,0.7864030560812039,True,False,3.8692746829012137,53301.85574101501,2166.820167070458,24.599113738672255,10660.371148203003,74,persistent_core_paired_edge_continuity_first_v2_1,194.0,268.0,11.325903481826842,6.5565888240684025,4.22987539524403,0.3811836466193199,0.14408015998343085,1.0,239.0,194.0,197.97502150776944,-0.2012240532370413,-3.9750215077694406,1.0,11.035718076126582,238,241,211,227,252,268,True,True,UPPER_SEED_TRAJECTORY_OUTLIER;Z_EDGE_EVIDENCE_WEAK;Z_CONTINUITY_REJECTED_CONTINUITY,rejected_continuity,199.0,False,,True,1,203.0,False,199.0
flow05,195,0,0.2,128.0,19,239.30770974726428,212.0,198.0,217.0,219.0,high_confidence,0.5,high_confidence,0.5,high_confidence,0.9521620891108831,strong_evidence,0.9779493293283377,True,True,239.0,49963.79296875,13348.0009765625,4809.25048828125,7.61361714916068,-0.30770974726428335,3.5275590551181097,16.0,223,257,0.12579798346033044,strong_evidence,0.9270548245711964,True,True,3.8692746829012137,59449.34755509064,12332.736188958635,4.820450761633496,49330.94475583454,9,persistent_core_paired_edge_continuity_first_v2_1,206.0,215.0,3.5481278876283855,2.5187560618042157,0.07709846234630653,0.19323194026947021,0.053251695615376536,1.0,239.0,198.0,197.9357619332598,-0.30770974726428335,0.06423806674018806,0.0,7.61361714916068,238,241,211,227,252,268,True,True,,accepted,199.0,False,,False,1,203.0,False,199.0
flow05,196,0,0.2,128.0,19,239.4335077307246,205.0,198.0,217.0,219.0,model_assisted,0.37753288431955334,model_assisted,0.37753288431955334,model_assisted,0.9094730678446282,strong_evidence,0.9687900442172827,True,True,239.0,50602.0625,11507.38671875,3872.646728515625,10.095079288638054,-0.4335077307246138,3.5275590551181097,16.0,223,257,0.1329845385507724,weak_evidence,0.8537879451506899,True,False,3.8692746829012137,59037.03639711834,3711.6858255755965,15.905720249898323,14846.743302302386,66,persistent_core_paired_edge_continuity_first_v2_1,195.0,261.0,6.24434088350312,3.926703268535299,-1.9720609962019147,0.4617149531841278,0.1250597420848324,1.0,239.0,195.0,197.92229280992012,-0.4335077307246138,-2.9222928099201226,1.0,10.095079288638054,238,241,211,227,252,268,True,True,UPPER_SEED_TRAJECTORY_OUTLIER;Z_EDGE_EVIDENCE_WEAK;Z_CONTINUITY_REJECTED_CONTINUITY,rejected_continuity,198.0,False,,True,1,203.0,False,198.0
flow05,197,0,0.2,128.0,19,239.5664922692754,207.0,198.0,217.0,219.0,model_assisted,0.169035996594919,model_assisted,0.169035996594919,model_assisted,0.8394387214031548,strong_evidence,0.8926438698304903,True,True,241.0,49903.99609375,17160.84765625,5223.4892578125,6.26844372055093,1.4335077307246138,3.5275590551181097,16.0,223,257,0.1329845385507724,weak_evidence,0.7894048128340085,True,False,3.8692746829012137,65329.843228610494,825.8789361177375,79.1034137953811,13065.9686457221,79,persistent_core_paired_edge_continuity_first_v2_1,194.0,273.0,28.128466826032252,14.371161290361428,11.753572980178411,0.39170174300670624,0.1833360248011487,1.0,241.0,194.0,197.93175982861936,1.4335077307246138,-3.931759828619363,1.0,6.26844372055093,239,242,212,228,253,269,True,True,UPPER_SEED_TRAJECTORY_OUTLIER;Z_EDGE_EVIDENCE_WEAK;Z_CONTINUITY_REJECTED_CONTINUITY,rejected_continuity,198.0,False,,True,1,203.0,False,198.0
flow05,198,0,0.2,128.0,19,239.6922902527357,211.0,198.0,217.0,219.0,high_confidence,0.5084238780622534,high_confidence,0.5084238780622534,high_confidence,0.9419486648211258,strong_evidence,0.9779493293283357,True,True,240.0,48189.0078125,10925.4833984375,3814.389404296875,9.769197757335808,0.3077097472643118,3.5275590551181097,16.0,223,257,0.12579798346030202,strong_evidence,0.9072732712723315,True,True,3.8692746829012137,63577.845008751436,1701.7945885287577,37.35929438094877,12715.569001750287,81,persistent_core_paired_edge_continuity_first_v2_1,196.0,277.0,16.96038375375198,9.928760488897716,10.01596172762759,0.41831235587596893,0.17895693736750218,1.0,240.0,196.0,197.9592670915573,0.3077097472643118,-1.959267091557308,0.0,9.769197757335808,239,242,212,228,253,269,True,True,,accepted,198.0,False,,False,1,203.0,False,198.0
flow05,199,0,0.2,128.0,19,239.79877594676293,211.0,198.0,217.0,219.0,model_assisted,0.05385176669090001,model_assisted,0.05385176669090001,model_assisted,0.6985441531381003,strong_evidence,0.8025456624713018,True,True,240.0,46644.82421875,12593.1005859375,8560.1513671875,3.977934755142121,0.2012240532370697,3.5275590551181097,16.0,223,257,0.10648569402724206,weak_evidence,0.6080201497579893,True,False,3.8692746829012137,64280.6709795885,507.0270907496089,126.77955902623155,12856.1341959177,73,persistent_core_paired_edge_continuity_first_v2_1,192.0,265.0,32.95058342270142,14.938231285820901,-2.4274480124003768,0.20346932113170624,0.28250271299674523,1.0,240.0,192.0,197.99909326250514,0.2012240532370697,-5.999093262505141,1.0,3.977934755142121,239,242,212,228,253,269,True,True,UPPER_SEED_TRAJECTORY_OUTLIER;Z_EDGE_EVIDENCE_WEAK;Z_CONTINUITY_REJECTED_CONTINUITY,rejected_continuity,198.0,False,,True,1,203.0,False,198.0
flow05,200,0,0.2,128.0,19,239.87943514666176,210.0,198.0,217.0,219.0,model_assisted,0.06155092353446537,model_assisted,0.06155092353446537,model_assisted,0.6962765410070895,strong_evidence,0.8046987503078311,True,True,241.0,46889.7109375,15286.412109375,6842.2392578125,4.618853220024454,1.1205648533382373,3.5275590551181097,16.0,223,257,0.08065919989883241,weak_evidence,0.6024627494094409,True,False,3.8692746829012137,62175.337668217064,1941.0676752810382,32.03151464526603,12435.067533643414,80,persistent_core_paired_edge_continuity_first_v2_1,192.0,272.0,18.55420519428458,13.563086339873124,1.0336637965427367,0.3190774545073509,0.12928075481534052,1.0,241.0,192.0,198.04635534706904,1.1205648533382373,-6.0463553470690385,2.0,4.618853220024454,239,242,212,228,253,269,True,True,UPPER_SEED_TRAJECTORY_OUTLIER;Z_EDGE_EVIDENCE_WEAK;Z_CONTINUITY_REJECTED_CONTINUITY,rejected_continuity,198.0,False,,True,1,203.0,False,198.0
flow05,201,0,0.2,128.0,19,239.9341067249074,207.0,198.0,217.0,219.0,model_assisted,0.08404728999965623,model_assisted,0.08404728999965623,model_assisted,0.6371149571211222,strong_evidence,0.931449790371436,True,True,239.0,46712.5625,11917.634765625,3885.41748046875,8.955261026461748,-0.9341067249073944,3.5275590551181097,16.0,223,257,0.054671578245631736,weak_evidence,0.4357888882293716,True,False,3.8692746829012137,62076.16618457717,2116.89619929217,29.32414267895312,12415.233236915434,61,persistent_core_paired_edge_continuity_first_v2_1,191.0,252.0,8.33389100689843,4.673257653897788,1.1141357089957988,0.25741007924079895,0.3578745540769193,1.0,239.0,191.0,198.09809525942453,-0.9341067249073944,-7.098095259424525,2.0,8.955261026461748,239,242,212,228,253,269,True,True,UPPER_SEED_TRAJECTORY_OUTLIER;Z_EDGE_EVIDENCE_WEAK;Z_CONTINUITY_REJECTED_CONTINUITY,rejected_continuity,198.0,False,,True,1,204.0,False,198.0
flow05,202,0,0.2,128.0,19,239.96726671332829,204.0,198.0,217.0,219.0,model_assisted,0.019965377918286245,model_assisted,0.019965377918286245,model_assisted,0.0,strong_evidence,0.9153618767816447,True,True,241.0,46856.953125,16369.3994140625,5176.6630859375,5.88942204752662,1.0327332866717143,3.5275590551181097,16.0,223,257,0.033159988420891295,weak_evidence,0.0,True,False,3.8692746829012137,50622.49692569922,7490.356216461985,6.758356406928052,29961.42486584794,42,persistent_core_paired_edge_continuity_first_v2_1,198.0,240.0,3.9516157070433944,3.0210418082180963,0.8875800439270565,0.04531419277191162,0.20822780312758632,1.0,241.0,188.0,198.1529851553063,1.0327332866717143,-10.152985155306311,1.0,5.88942204752662,239,242,212,228,253,269,True,True,UPPER_SEED_TRAJECTORY_OUTLIER;Z_EDGE_EVIDENCE_WEAK;Z_CONTINUITY_REJECTED_CONTINUITY,rejected_continuity,198.0,False,,True,1,204.0,False,198.0
flow05,203,0,0.2,128.0,19,239.98526421351914,204.0,198.0,217.0,219.0,high_confidence,0.5741708590309652,high_confidence,0.5741708590309652,high_confidence,0.981694189923247,strong_evidence,0.9989551210319014,True,True,240.0,48806.765625,16985.51953125,4258.69580078125,7.472063651015517,0.014735786480855495,3.5275590551181097,16.0,223,257,0.017997500190858773,strong_evidence,0.9647315101939238,True,True,3.8692746829012137,59706.84955709457,5614.026762436562,10.635298348877305,22456.10704974625,42,persistent_core_paired_edge_continuity_first_v2_1,199.0,241.0,6.922695329380836,6.277996329039854,-2.665315302974908,0.2612934708595276,0.05881972397877402,1.0,240.0,199.0,198.20975683108085,0.014735786480855495,0.7902431689191474,0.0,7.472063651015517,239,242,212,228,253,269,True,True,,accepted,198.0,False,,False,1,203.0,False,198.0
flow05,204,0,0.2,128.0,19,239.9940050915668,201.0,198.0,217.0,219.0,high_confidence,0.5,high_confidence,0.5,high_confidence,0.8703392618402808,strong_evidence,0.8127215541840485,True,True,238.0,46451.125,15554.1552734375,5592.716796875,5.5245010338851,-1.9940050915668053,3.5275590551181097,16.0,223,257,0.008740878047660772,strong_evidence,0.9320417636286092,True,True,3.8692746829012137,57573.878269000066,10726.21480061213,5.367585801630078,42904.85920244852,21,persistent_core_paired_edge_continuity_first_v2_1,199.0,220.0,4.074315451720908,2.927566009654026,0.480264990134407,0.17879033088684082,0.01638507242784882,1.0,238.0,199.0,198.26531829303903,-1.9940050915668053,0.7346817069609699,0.0,5.5245010338851,239,242,212,228,253,269,True,True,,accepted,198.0,False,,False,1,203.0,False,198.0
flow05,205,0,0.2,128.0,19,239.99780386150712,210.0,198.0,217.0,219.0,high_confidence,0.5,high_confidence,0.5,high_confidence,0.9268237347355753,strong_evidence,0.9998443463744814,True,True,240.0,49380.41796875,14303.06640625,1750.8695068359375,20.03424665604555,0.002196138492877253,3.5275590551181097,16.0,223,257,0.00379876994031747,strong_evidence,0.8591359628966384,True,True,3.8692746829012137,52941.66732602032,12680.85557443855,4.174928656449455,50723.4222977542,14,persistent_core_paired_edge_continuity_first_v2_1,204.0,218.0,2.882174521438447,1.6681741590048949,0.1512918321821008,0.3379013389348984,0.06781536545468282,1.0,240.0,199.0,198.31402128506292,0.002196138492877253,0.6859787149370788,0.0,20.03424665604555,239,242,212,228,253,269,True,True,,accepted,199.0,False,,False,1,203.0,False,199.0
flow05,206,0,0.2,128.0,19,239.99928118628554,209.0,198.0,217.0,219.0,high_confidence,0.6088047532395444,high_confidence,0.6088047532395444,high_confidence,0.9643286929492054,strong_evidence,0.9999490559893316,True,True,240.0,47280.609375,13780.697265625,2895.94921875,11.567852050884655,0.0007188137144567008,3.5275590551181097,16.0,223,257,0.0014773247784205523,strong_evidence,0.9299772048137663,True,True,3.8692746829012137,61627.3677674339,11695.29016201476,5.2694175957766305,46781.16064805904,14,persistent_core_paired_edge_continuity_first_v2_1,204.0,218.0,3.2955279321148856,2.1805236533963313,1.8240026925716022,0.18584194779396057,0.02904740275747779,1.0,240.0,199.0,198.34849417276163,0.0007188137144567008,0.6515058272383669,0.0,11.567852050884655,239,242,212,228,253,269,True,True,,accepted,199.0,False,,False,1,204.0,False,199.0
flow05,207,0,0.2,128.0,19,239.99979529389134,204.0,198.0,217.0,219.0,model_assisted,0.06396930599396285,model_assisted,0.06396930599396285,model_assisted,0.6042362574212059,strong_evidence,0.9999854922631779,True,True,240.0,49105.4921875,16097.046875,4427.76904296875,7.454870611401256,0.00020470610866141215,3.5275590551181097,16.0,223,257,0.0005141076057952887,weak_evidence,0.3651067516550508,True,False,3.8692746829012137,60980.63620282836,10172.45360474001,5.99468314846022,40689.81441896004,20,persistent_core_paired_edge_continuity_first_v2_1,199.0,219.0,3.619976996024267,2.223043601312659,0.6265109109325138,0.38532770425081253,0.1941783592547794,1.0,240.0,191.0,198.3615816422967,0.00020470610866141215,-7.361581642296699,1.0,7.454870611401256,239,242,212,228,253,269,True,True,UPPER_SEED_TRAJECTORY_OUTLIER;Z_EDGE_EVIDENCE_WEAK;Z_CONTINUITY_REJECTED_CONTINUITY,rejected_continuity,199.0,False,,True,1,204.0,False,199.0
flow05,208,0,0.2,128.0,19,239.99995538865727,212.0,198.0,217.0,219.0,high_confidence,0.5009015612593818,high_confidence,0.5009015612593818,high_confidence,0.9166534289589455,strong_evidence,0.9264192384184993,True,True,241.0,50925.609375,12984.177734375,2619.040283203125,14.486769021445546,1.0000446113427301,3.5275590551181097,16.0,223,257,0.00016009476593126237,strong_evidence,0.9069905653693017,True,True,3.8692746829012137,62457.08829738506,13323.663697013293,4.687681235258571,53294.65478805317,6,persistent_core_paired_edge_continuity_first_v2_1,209.0,215.0,2.176730794218757,1.2847795063891347,-0.048554810801770355,0.1922159492969513,0.12342297982169277,1.0,241.0,198.0,198.34826678914936,1.0000446113427301,-0.3482667891493634,0.0,14.486769021445546,239,242,212,228,253,269,True,True,,accepted,199.0,False,,False,1,204.0,False,199.0
flow05,209,0,0.2,128.0,19,240.0,203.0,198.0,217.0,219.0,high_confidence,0.710230046131884,high_confidence,0.710230046131884,high_confidence,0.9932825830408469,strong_evidence,1.0,True,True,240.0,46584.68359375,18429.029296875,3579.036865234375,7.866824332090587,0.0,3.5275590551181097,16.0,224,257,4.461134273014977e-05,strong_evidence,0.986610289772297,True,True,3.8692746829012137,56061.76339045145,2875.068136364378,19.499281662709905,11500.272545457512,45,persistent_core_paired_edge_continuity_first_v2_1,198.0,243.0,11.379968232258795,8.377025377323518,-1.7015860693075944,0.4852978140115738,0.048344586660819366,1.0,240.0,198.0,198.30670717551976,0.0,-0.3067071755197617,0.0,7.866824332090587,239,242,212,228,253,269,True,True,,accepted,199.0,False,,False,1,204.0,False,199.0
flow05,210,0,0.2,128.0,19,240.0,208.0,198.0,217.0,219.0,high_confidence,0.5,high_confidence,0.5,high_confidence,0.9148537632986268,strong_evidence,0.9149570280313727,True,True,240.0,47453.0078125,15326.94140625,6395.94775390625,5.022878178864013,0.0,3.5275590551181097,16.0,224,257,0.0,strong_evidence,0.9147505102206415,True,True,3.8692746829012137,56711.430426510095,9536.543698934316,5.946748865927962,38146.174795737265,21,persistent_core_paired_edge_continuity_first_v2_1,200.0,221.0,2.9560334790694065,1.9014894093358357,0.16640343598753876,0.04457882046699524,0.14414622732968047,1.0,240.0,200.0,198.2378442141095,0.0,1.7621557858905135,0.0,5.022878178864013,239,242,212,228,253,269,True,True,,accepted,199.0,False,,False,1,204.0,False,199.0
flow05,211,0,0.2,128.0,19,240.0,210.0,198.0,217.0,219.0,model_assisted,0.10516517886358251,model_assisted,0.10516517886358251,model_assisted,0.7685297195865154,strong_evidence,1.0,True,True,240.0,48462.015625,12397.103515625,4423.5419921875,8.15294896557327,0.0,3.5275590551181097,16.0,224,257,0.0,weak_evidence,0.590637929887728,True,False,3.8692746829012137,56870.852324349835,6000.648719295756,9.477450686535818,24002.594877183023,53,persistent_core_paired_edge_continuity_first_v2_1,192.0,245.0,2.1148975046395444,0.07882281868605759,0.4322757827714148,0.2922663614153862,0.328617087881352,1.0,240.0,192.0,198.14405291383486,0.0,-6.144052913834855,1.0,8.15294896557327,239,242,212,228,253,269,True,True,UPPER_SEED_TRAJECTORY_OUTLIER;Z_EDGE_EVIDENCE_WEAK;Z_CONTINUITY_REJECTED_CONTINUITY,rejected_continuity,199.0,False,,True,1,204.0,False,199.0
flow05,212,0,0.2,128.0,19,240.0,204.0,198.0,217.0,219.0,high_confidence,0.9908425308009787,high_confidence,0.9908425308009787,high_confidence,0.9994047103146741,strong_evidence,1.0,True,True,240.0,47812.9140625,17054.98828125,2467.425048828125,12.46559679527373,0.0,3.5275590551181097,16.0,224,257,0.0,strong_evidence,0.9988097749991577,True,True,3.8692746829012137,58706.752655533695,4520.043803985916,12.988093744526157,18080.175215943666,46,persistent_core_paired_edge_continuity_first_v2_1,198.0,244.0,4.0833760074341034,2.8014575542174476,-2.0078943116484993,0.31511396169662476,0.04155523786319069,1.0,240.0,198.0,198.0275989697119,0.0,-0.02759896971190301,0.0,12.46559679527373,239,242,212,228,253,269,True,True,,accepted,199.0,False,,False,1,204.0,False,199.0
flow05,213,0,0.2,128.0,19,240.0,202.0,198.0,217.0,219.0,high_confidence,0.5082435390036701,high_confidence,0.5082435390036701,high_confidence,0.9745256957312173,strong_evidence,1.0,True,True,240.0,48656.890625,12307.8408203125,4940.0810546875,7.357986519309625,0.0,3.5275590551181097,16.0,224,257,0.0,strong_evidence,0.9497003316404131,True,True,3.8692746829012137,58820.224921528716,7199.483194245351,8.170062118978839,28797.932776981404,41,persistent_core_paired_edge_continuity_first_v2_1,199.0,240.0,6.8956895357859675,5.263385580386968,0.642950235339134,0.21398749947547913,0.03490311604598985,1.0,240.0,199.0,197.8900126888941,0.0,1.1099873111058969,0.0,7.357986519309625,239,242,212,228,253,269,True,True,,accepted,198.0,False,,False,1,204.0,False,198.0
flow05,214,0,0.2,128.0,19,240.0,203.0,198.0,217.0,219.0,model_assisted,0.055838078733695416,model_assisted,0.055838078733695416,model_assisted,0.30110245719078715,strong_evidence,1.0,True,True,240.0,48272.48828125,15297.5390625,4485.58154296875,7.351320871747159,0.0,3.5275590551181097,16.0,224,257,0.0,weak_evidence,0.09066268972632982,True,False,3.8692746829012137,62293.69423968118,3457.5870144204287,18.016522499614673,13830.348057681715,45,persistent_core_paired_edge_continuity_first_v2_1,194.0,239.0,4.399578151841284,1.3481828988491826,2.6515621161140843,0.21581892669200897,0.31923125795346524,1.0,240.0,190.0,197.73278242683392,0.0,-7.732782426833921,1.0,7.351320871747159,239,242,212,228,253,269,True,True,UPPER_SEED_TRAJECTORY_OUTLIER;Z_EDGE_EVIDENCE_WEAK;Z_CONTINUITY_REJECTED_CONTINUITY,rejected_continuity,198.0,False,,True,1,204.0,False,198.0
flow05,215,0,0.2,128.0,19,240.0,208.0,198.0,217.0,219.0,high_confidence,0.7497160727399664,high_confidence,0.7497160727399664,high_confidence,0.9794545933444635,strong_evidence,1.0,True,True,240.0,48329.27734375,13659.8349609375,2784.2265625,12.452090950415426,0.0,3.5275590551181097,16.0,224,257,4.461134278699319e-05,strong_evidence,0.9593313004235683,True,True,3.8692746829012137,62682.68646377813,10978.777183704802,5.7094415356943955,43915.10873481921,22,persistent_core_paired_edge_continuity_first_v2_1,200.0,222.0,3.905559657325022,2.5541032194365223,0.2057569912352609,0.29238656163215637,0.0745976722257428,1.0,240.0,197.0,197.55857289021483,0.0,-0.5585728902148333,0.0,12.452090950415426,239,242,212,228,253,269,True,True,,accepted,198.0,False,,False,1,205.0,False,198.0
flow05,216,0,0.2,128.0,19,240.0000446113428,205.0,197.0,216.0,218.0,high_confidence,0.8834542371593028,high_confidence,0.8834542371593028,high_confidence,0.9918269090432831,strong_evidence,0.9999968383652398,True,True,240.0,49349.9921875,12942.681640625,3496.17626953125,10.413465380495907,-4.461134278699319e-05,3.5275590551181097,16.0,224,258,0.00016009476587441895,strong_evidence,0.9837237276774848,True,True,3.8692746829012137,61557.14393436673,4569.502577547565,13.471300845048264,18278.01031019026,58,persistent_core_paired_edge_continuity_first_v2_1,197.0,255.0,8.176578351340849,5.442591552204084,-0.08513114583036331,0.3264475166797638,0.024039416470013987,1.0,240.0,197.0,197.37174735734095,-4.461134278699319e-05,-0.37174735734095066,0.0,10.413465380495907,239,242,212,228,253,269,True,True,,accepted,198.0,False,,False,1,205.0,False,198.0
flow05,217,0,0.2,128.0,19,240.00020470610866,203.0,197.0,216.0,218.0,model_assisted,9.60301854772944e-146,model_assisted,9.60301854772944e-146,model_assisted,0.0,strong_evidence,0.8464566391019019,True,True,238.0,48272.9296875,11261.759765625,3582.43798828125,10.33127999506054,-2.0002047061086614,3.5275590551181097,16.0,224,258,0.0005141076058521321,unavailable,0.0,False,False,3.8692746829012137,58143.44263040126,13839.93970816624,4.201134098589591,55359.75883266496,0,persistent_core_paired_edge_continuity_first_v2_1,,,,,,,,,238.0,,197.1774189917426,-2.0002047061086614,,1.0,10.33127999506054,239,242,212,228,253,269,True,True,NO_VALID_UPPER_COMPONENT;Z_EDGE_EVIDENCE_UNAVAILABLE;Z_CONTINUITY_NO_CANDIDATE,no_candidate,,False,,True,1,205.0,False,198.0
flow05,218,0,0.2,128.0,19,240.0007188137145,206.0,197.0,216.0,218.0,high_confidence,0.5,high_confidence,0.5,high_confidence,0.9759671670873145,strong_evidence,0.9964750194088086,True,True,240.0,47175.33203125,13145.1337890625,5711.3154296875,5.958381858108911,-0.0007188137145135443,3.5275590551181097,16.0,224,258,0.001477324778363709,strong_evidence,0.9558813745251203,True,True,3.8692746829012137,62575.70318677669,1019.0249359349275,61.40743075081396,12515.14063735534,43,persistent_core_paired_edge_continuity_first_v2_1,196.0,239.0,34.424640918495676,23.086060181337217,15.600178921625204,0.47721266746520996,0.0772991455640498,1.0,240.0,196.0,196.97971885969534,-0.0007188137145135443,-0.979718859695339,0.0,5.958381858108911,239,242,212,228,253,269,True,True,,accepted,198.0,False,,False,1,206.0,False,198.0
flow05,219,0,0.2,128.0,19,240.00219613849288,211.0,197.0,216.0,218.0,model_assisted,6.576706546070738e-146,model_assisted,6.576706546070738e-146,model_assisted,0.0,strong_evidence,0.9998443463744814,True,True,240.0,48397.078125,12791.876953125,4481.39599609375,7.94511380001022,-0.002196138492877253,3.5275590551181097,16.0,224,258,0.00379876994031747,unavailable,0.0,False,False,3.8692746829012137,54353.66160745123,13469.340905915049,4.035361639973183,53877.363623660196,0,persistent_core_paired_edge_continuity_first_v2_1,,,,,,,,,240.0,,196.7805624940276,-0.002196138492877253,,1.0,7.94511380001022,239,242,212,228,253,269,True,True,NO_VALID_UPPER_COMPONENT;Z_EDGE_EVIDENCE_UNAVAILABLE;Z_CONTINUITY_NO_CANDIDATE,no_candidate,,False,,True,1,207.0,False,197.0
flow05,220,0,0.2,128.0,19,240.0059949084332,201.0,197.0,216.0,218.0,high_confidence,0.8693114051428064,high_confidence,0.8693114051428064,high_confidence,0.9538307805746774,strong_evidence,0.9268811430360776,True,True,241.0,46353.95703125,10410.212890625,2776.844482421875,12.94409693022348,0.9940050915668053,3.5275590551181097,16.0,224,258,0.008740878047717615,strong_evidence,0.9815639953485233,True,True,3.8692746829012137,64273.095447821834,1565.9707503603215,41.043611723292365,12854.619089564367,57,persistent_core_paired_edge_continuity_first_v2_1,197.0,254.0,24.83890593942995,17.262834208237905,1.2908868647993466,0.42964597046375275,0.018699236251486104,1.0,241.0,197.0,196.57983839279785,0.9940050915668053,0.42016160720214657,0.0,12.94409693022348,239,242,212,228,253,269,True,True,,accepted,197.0,False,,False,1,207.0,False,197.0
flow05,221,0,0.2,128.0,19,240.0147357864809,214.0,196.0,215.0,217.0,high_confidence,0.5,high_confidence,0.5,high_confidence,0.8736538631642848,strong_evidence,0.9252946894948016,True,True,239.0,50874.890625,10588.23828125,3424.110595703125,11.7655815189805,-1.0147357864809123,3.5275590551181097,16.0,224,258,0.017997500190858773,strong_evidence,0.824895118590397,True,True,3.8692746829012137,60922.735808671045,11957.484953110225,5.094945638449214,47829.9398124409,24,persistent_core_paired_edge_continuity_first_v2_1,199.0,223.0,2.3328065933333213,1.2742880177865965,0.6484599926210245,0.12600591778755188,0.06911254203572825,1.0,239.0,199.0,196.37670758378047,-1.0147357864809123,2.6232924162195275,0.0,11.7655815189805,239,242,212,228,253,269,True,True,,accepted,197.0,False,,False,1,208.0,False,197.0
flow05,222,0,0.2,128.0,19,240.03273328667177,205.0,196.0,215.0,217.0,model_assisted,0.1278271254578015,model_assisted,0.1278271254578015,model_assisted,0.7654404861215429,strong_evidence,0.9976774773822272,True,True,240.0,48853.17578125,11241.783203125,1888.256103515625,19.918586524411978,-0.03273328667177111,3.5275590551181097,16.0,224,258,0.03315998842083445,weak_evidence,0.5872630695556095,True,False,3.8692746829012137,59900.27483217453,8102.619272822182,7.392705101311143,32410.47709128873,39,persistent_core_paired_edge_continuity_first_v2_1,194.0,233.0,2.9677130002415657,1.5418871283777966,1.9059871455211677,0.2932623028755188,0.17978230738612555,1.0,240.0,190.0,196.17122953084547,-0.03273328667177111,-6.171229530845466,1.0,19.918586524411978,239,242,212,228,253,269,True,True,UPPER_SEED_TRAJECTORY_OUTLIER;Z_EDGE_EVIDENCE_WEAK;Z_CONTINUITY_REJECTED_CONTINUITY,rejected_continuity,197.0,False,,True,1,208.0,False,197.0
flow05,223,0,0.2,128.0,19,240.0658932750926,208.0,196.0,215.0,217.0,high_confidence,0.5,high_confidence,0.5,high_confidence,0.8666762968321553,strong_evidence,0.9953191531305104,True,True,240.0,50191.36328125,13263.470703125,4756.78466796875,7.763204592125043,-0.06589327509260556,3.5275590551181097,16.0,224,258,0.05467157824568858,strong_evidence,0.7546602525714756,True,True,3.8692746829012137,62902.88480313695,14232.666640195968,4.419613442324737,56930.66656078387,4,persistent_core_paired_edge_continuity_first_v2_1,207.0,211.0,3.0756307590969003,1.8418379588636902,-0.11160635377557657,0.475140567868948,0.11185991288814241,1.0,240.0,195.0,195.9656876141552,-0.06589327509260556,-0.9656876141552004,0.0,7.763204592125043,239,242,212,228,253,269,True,True,,accepted,197.0,False,,False,1,209.0,False,197.0
flow05,224,0,0.2,128.0,19,240.1205648533383,206.0,196.0,215.0,217.0,high_confidence,0.5,high_confidence,0.5,high_confidence,0.925564234580232,strong_evidence,0.991418684770063,True,True,240.0,49480.84375,13311.21484375,5146.767578125,7.027639845245708,-0.12056485333829414,3.5275590551181097,16.0,224,258,0.08065919989877557,strong_evidence,0.8640841306443356,True,True,3.8692746829012137,58778.22207292794,12269.798367438498,4.790479868757515,49079.19346975399,5,persistent_core_paired_edge_continuity_first_v2_1,204.0,209.0,2.36252397330639,1.6515557808531416,-0.4979957511600369,0.11568835377693176,0.03775317653119864,1.0,240.0,196.0,195.7652484167176,-0.12056485333829414,0.23475158328238876,0.0,7.027639845245708,239,242,212,228,253,269,True,True,,accepted,197.0,False,,False,1,208.0,False,197.0
flow05,225,0,0.2,128.0,19,240.20122405323707,204.0,196.0,215.0,217.0,high_confidence,0.5,high_confidence,0.5,high_confidence,0.9221757001374249,strong_evidence,0.9416903108105396,True,True,241.0,48834.34765625,10719.51953125,2705.791259765625,14.086388958289968,0.7987759467629303,3.5275590551181097,16.0,224,258,0.10648569402724206,strong_evidence,0.9030654899613222,True,True,3.8692746829012137,59723.0928097047,12506.524152297203,4.775355013305974,50026.09660918881,8,persistent_core_paired_edge_continuity_first_v2_1,201.0,209.0,2.905276253256806,1.8154472915066044,-0.09874100620330935,0.24810850620269775,0.07335925675428263,1.0,241.0,195.0,195.57772729057675,0.7987759467629303,-0.5777272905767461,0.0,14.086388958289968,239,242,212,228,253,269,True,True,,accepted,196.0,False,,False,1,208.0,False,196.0
flow05,226,0,0.2,128.0,19,240.3077097472643,207.0,195.0,214.0,216.0,model_assisted,0.3319021383809077,model_assisted,0.3319021383809077,model_assisted,0.8877229569926803,strong_evidence,0.902576212463618,True,True,239.0,48276.4140625,15669.3037109375,4146.5185546875,7.863731928728802,-1.3077097472643118,3.5275590551181097,16.0,224,258,0.12579798346030202,weak_evidence,0.8731141342854677,True,False,3.8692746829012137,59011.05346905971,7402.626097660775,7.971637725658894,29610.5043906431,31,persistent_core_paired_edge_continuity_first_v2_1,198.0,229.0,5.12507970269981,3.726512401053704,-0.1753241800777547,0.09590873122215271,0.04966444566533829,1.0,239.0,198.0,195.41222604513632,-1.3077097472643118,2.5877739548636782,1.0,7.863731928728802,239,242,212,228,253,269,True,True,UPPER_SEED_TRAJECTORY_OUTLIER;Z_EDGE_EVIDENCE_WEAK;Z_CONTINUITY_REJECTED_CONTINUITY,rejected_continuity,196.0,False,,True,1,208.0,False,196.0
flow05,227,0,0.2,128.0,19,240.4335077307246,202.0,195.0,214.0,216.0,high_confidence,0.653356870579141,high_confidence,0.653356870579141,high_confidence,0.9551293497375641,strong_evidence,0.9687900442172827,True,True,240.0,48505.98828125,10466.201171875,3148.1201171875,12.08333408299534,-0.4335077307246138,3.5275590551181097,16.0,224,258,0.1329845385507724,strong_evidence,0.941661281694071,True,True,3.8692746829012137,55166.46266667824,2288.424171026362,24.106747064263,11033.292533335649,78,persistent_core_paired_edge_continuity_first_v2_1,194.0,272.0,5.832004740921158,1.5332406670034675,0.3137266930707984,0.31903742998838425,0.15409169548888413,1.0,240.0,194.0,195.27689536903392,-0.4335077307246138,-1.276895369033923,0.0,12.08333408299534,239,242,212,228,253,269,True,True,,accepted,196.0,False,,False,1,208.0,False,196.0
flow05,228,0,0.2,128.0,19,240.5664922692754,211.0,195.0,214.0,216.0,high_confidence,0.6755170459343532,high_confidence,0.6755170459343532,high_confidence,0.9575787695069422,strong_evidence,0.9687900442172827,True,True,241.0,48353.0625,12120.24609375,3266.509521484375,11.092212089981908,0.4335077307246138,3.5275590551181097,16.0,224,258,0.1329845385507724,strong_evidence,0.9464972367168258,True,True,3.8692746829012137,61077.93176916387,4898.2293218914665,12.469390009199985,19592.917287565866,28,persistent_core_paired_edge_continuity_first_v2_1,195.0,223.0,4.031603270485355,1.5869923774440444,4.341902335684701,0.47308862023055553,0.187614088307914,1.0,241.0,194.0,195.17683066206934,0.4335077307246138,-1.1768306620693352,0.0,11.092212089981908,240,243,213,229,254,270,True,True,,accepted,195.0,False,,False,1,209.0,False,195.0
flow05,229,0,0.2,128.0,19,240.6922902527357,210.0,195.0,214.0,216.0,model_assisted,1.9566027539864397e-145,model_assisted,1.9566027539864397e-145,model_assisted,0.0,strong_evidence,0.9779493293283357,True,True,241.0,49475.4453125,14941.7734375,4233.2861328125,8.157651241036383,0.3077097472643118,3.5275590551181097,16.0,224,258,0.12579798346030202,unavailable,0.0,False,False,3.8692746829012137,61798.38551254186,4901.815534505641,12.607244209318123,19607.262138022565,62,persistent_core_paired_edge_continuity_first_v2_1,190.0,252.0,,,,,,,241.0,,195.11331197548242,0.3077097472643118,,1.0,8.157651241036383,240,243,213,229,254,270,True,True,NO_VALID_UPPER_COMPONENT;Z_EDGE_EVIDENCE_UNAVAILABLE;Z_CONTINUITY_NO_CANDIDATE,no_candidate,,False,,True,1,209.0,False,195.0
flow05,230,0,0.2,128.0,19,240.798775946763,208.0,195.0,214.0,216.0,high_confidence,0.5281020911263233,high_confidence,0.5281020911263233,high_confidence,0.9102309017009762,strong_evidence,0.9108991248587378,True,True,242.0,47371.01953125,11452.3359375,2693.325927734375,13.336181567882052,1.2012240532370129,3.5275590551181097,16.0,224,258,0.1064856940272989,strong_evidence,0.9095631687425971,True,True,3.8692746829012137,60841.4947232705,7246.004676943496,8.39655747350892,28984.018707773983,31,persistent_core_paired_edge_continuity_first_v2_1,197.0,228.0,6.06397010456042,5.070935365643473,-1.4360073064451935,0.20751313865184784,0.00168812143805266,1.0,242.0,197.0,195.08460302131846,1.2012240532370129,1.9153969786815424,0.0,13.336181567882052,240,243,213,229,254,270,True,True,,accepted,195.0,False,,False,1,208.0,False,195.0
flow05,231,0,0.2,128.0,19,240.87943514666176,209.0,195.0,214.0,216.0,model_assisted,9.921139438420728e-146,model_assisted,9.921139438420728e-146,model_assisted,0.0,strong_evidence,0.6943975252225493,True,True,243.0,45981.55078125,17157.755859375,6968.3046875,4.136414266382493,2.1205648533382373,3.5275590551181097,16.0,224,258,0.08065919989877557,unavailable,0.0,False,False,3.8692746829012137,47135.98608055504,1801.1677311787205,26.169681626323776,9427.197216111008,71,persistent_core_paired_edge_continuity_first_v2_1,186.0,257.0,,,,,,,243.0,,195.08760083609934,2.1205648533382373,,1.0,4.136414266382493,240,243,213,229,254,270,True,True,NO_VALID_UPPER_COMPONENT;Z_EDGE_EVIDENCE_UNAVAILABLE;Z_CONTINUITY_NO_CANDIDATE,no_candidate,,False,,True,1,208.0,False,195.0
flow05,232,0,0.2,128.0,19,240.9341067249074,205.0,195.0,214.0,216.0,high_confidence,0.5,high_confidence,0.5,high_confidence,0.9100292154727917,strong_evidence,0.9213680834280429,True,True,242.0,49054.0078125,13785.2197265625,2769.4423828125,12.734978096969966,1.0658932750926056,3.5275590551181097,16.0,224,258,0.054671578245631736,strong_evidence,0.8988298899314999,True,True,3.8692746829012137,53708.426734451496,4757.426605485184,11.289386298156893,19029.706421940737,56,persistent_core_paired_edge_continuity_first_v2_1,193.0,249.0,4.292472480529886,1.8823636353843276,-0.13291510040447105,0.40490687638521194,0.16965678090272268,1.0,242.0,193.0,195.11912182274204,1.0658932750926056,-2.119121822742045,0.0,12.734978096969966,240,243,213,229,254,270,True,True,,accepted,195.0,False,,False,1,208.0,False,195.0
flow05,233,0,0.2,128.0,19,240.96726671332829,203.0,195.0,214.0,216.0,model_assisted,0.04106154557187348,model_assisted,0.04106154557187348,model_assisted,0.0,strong_evidence,0.9976774773822313,True,True,241.0,45278.69140625,14526.8251953125,3524.187255859375,8.725945580731816,0.03273328667171427,3.5275590551181097,16.0,224,258,0.033159988420891295,weak_evidence,0.0,True,False,3.8692746829012137,54940.759779086155,10658.357537561738,5.154711650971196,42633.43015024695,12,persistent_core_paired_edge_continuity_first_v2_1,200.0,212.0,2.323824381029862,1.8724188751898845,0.963452653846007,-0.12813809514045715,0.16713727470671888,1.0,241.0,187.0,195.17633077848666,0.03273328667171427,-8.176330778486658,1.0,8.725945580731816,240,243,213,229,254,270,True,True,UPPER_SEED_TRAJECTORY_OUTLIER;Z_EDGE_EVIDENCE_WEAK;Z_CONTINUITY_REJECTED_CONTINUITY,rejected_continuity,194.0,False,,True,1,207.0,False,194.0
flow05,234,0,0.2,128.0,19,240.98526421351914,201.0,195.0,214.0,216.0,high_confidence,0.5,high_confidence,0.5,high_confidence,0.933497480857204,strong_evidence,0.9989551210319014,True,True,241.0,46088.76171875,16628.265625,2732.015380859375,10.78342980795481,0.014735786480855495,3.5275590551181097,16.0,224,258,0.017997500190858773,strong_evidence,0.8723290250182494,True,True,3.8692746829012137,58797.325669803206,12365.809380547975,4.754830343923487,49463.2375221919,6,persistent_core_paired_edge_continuity_first_v2_1,198.0,204.0,3.95066284575727,2.8804465073805416,-0.18240407597423205,0.30575211346149445,0.009215566498402208,1.0,241.0,194.0,195.256434073731,0.014735786480855495,-1.2564340737309863,0.0,10.78342980795481,240,243,213,229,254,270,True,True,,accepted,194.0,False,,False,1,206.0,False,194.0
flow05,235,0,0.2,128.0,19,240.9940050915668,204.0,195.0,214.0,216.0,model_assisted,0.18518366247968684,model_assisted,0.18518366247968684,model_assisted,0.9023526554647907,strong_evidence,0.9995750473353978,True,True,241.0,49336.8828125,14755.1396484375,4966.33203125,6.963236236816501,0.005994908433194723,3.5275590551181097,16.0,224,258,0.008740878047660772,weak_evidence,0.8145864755176795,True,False,3.8692746829012137,62345.88665649237,12657.273526468205,4.925696401054937,50629.09410587282,14,persistent_core_paired_edge_continuity_first_v2_1,199.0,213.0,3.4784471252387776,2.4115076800735844,0.4119675299916831,0.1600266695022583,0.07369816348565157,1.0,241.0,198.0,195.3565745805492,0.005994908433194723,2.643425419450807,1.0,6.963236236816501,240,243,213,229,254,270,True,True,UPPER_SEED_TRAJECTORY_OUTLIER;Z_EDGE_EVIDENCE_WEAK;Z_CONTINUITY_REJECTED_CONTINUITY,rejected_continuity,194.0,False,,True,1,206.0,False,194.0
flow05,236,0,0.2,128.0,19,240.99780386150712,211.0,195.0,214.0,216.0,high_confidence,0.5,high_confidence,0.5,high_confidence,0.9232741871647595,strong_evidence,0.9171957550420532,True,True,242.0,48751.265625,14913.779296875,5751.5322265625,5.883212506721629,1.0021961384928773,3.5275590551181097,16.0,224,258,0.00379876994031747,strong_evidence,0.9293929022225615,True,True,3.8692746829012137,60376.691773039376,4822.797143412237,12.519019560155398,19291.18857364895,47,persistent_core_paired_edge_continuity_first_v2_1,197.0,244.0,10.782701118205582,8.003238244655913,2.1637019523802143,0.3501507341861725,0.010043224469977997,1.0,242.0,197.0,195.4738248960593,1.0021961384928773,1.5261751039406874,0.0,5.883212506721629,240,243,213,229,254,270,True,True,,accepted,194.0,False,,False,1,207.0,False,194.0
flow05,237,0,0.2,128.0,19,240.99923657494276,204.0,196.0,215.0,217.0,model_assisted,0.29072495213391214,model_assisted,0.29072495213391214,model_assisted,0.9007336112173708,strong_evidence,0.9999458941934962,True,True,241.0,51247.82421875,11426.177734375,4118.50146484375,9.668964992315663,0.000763425057243694,3.5275590551181097,16.0,224,258,0.0014327134356335591,weak_evidence,0.8113649379310213,True,False,3.8692746829012137,65009.2872666991,3093.0188688748785,21.018070054757533,13001.85745333982,86,persistent_core_paired_edge_continuity_first_v2_1,192.0,278.0,10.4317711817385,6.827051736996368,2.035735898549454,0.3286597356200218,0.18000544165995266,1.0,241.0,192.0,195.60514145501122,0.000763425057243694,-3.6051414550112213,1.0,9.668964992315663,240,243,213,229,254,270,True,True,UPPER_SEED_TRAJECTORY_OUTLIER;Z_EDGE_EVIDENCE_WEAK;Z_CONTINUITY_REJECTED_CONTINUITY,rejected_continuity,194.0,False,,True,1,206.0,False,194.0
flow05,238,0,0.2,128.0,19,240.99959058778268,202.0,196.0,215.0,217.0,high_confidence,0.5,high_confidence,0.5,high_confidence,0.8134138939053459,strong_evidence,0.720528577094843,True,True,241.0,46065.90625,15860.0673828125,9696.43359375,3.1151493562186805,0.0004094122173228243,3.5275590551181097,16.0,224,258,0.00035401283992086974,strong_evidence,0.9182733118872058,True,True,3.8692746829012137,51175.90354461127,4490.397367172847,11.396742728991844,17961.58946869139,53,persistent_core_paired_edge_continuity_first_v2_1,194.0,247.0,4.849197164673565,2.514515071993267,3.1874602865873674,0.33580920845270157,0.11704875523630981,1.0,241.0,194.0,195.7464991438526,0.0004094122173228243,-1.7464991438525885,0.0,3.1151493562186805,240,243,213,229,254,270,True,True,,accepted,194.0,False,,False,1,206.0,False,194.0
flow05,239,0,0.2,128.0,19,240.99923657494276,201.0,196.0,215.0,217.0,model_assisted,0.24074281356753913,model_assisted,0.24074281356753913,model_assisted,0.8040798181415256,strong_evidence,0.9999458941934962,True,True,241.0,46494.9140625,14409.001953125,2443.565185546875,13.130778052967761,0.000763425057243694,3.5275590551181097,16.0,224,258,0.001388102092846566,weak_evidence,0.6465793376390406,True,False,3.8692746829012137,60620.53987373921,13596.758680274794,4.4584552318107376,54387.034721099175,3,persistent_core_paired_edge_continuity_first_v2_1,200.0,203.0,3.7202887396488733,2.862979142986887,0.1871197048972188,0.10447511076927185,0.03536470552868303,1.0,241.0,198.0,195.89162518366902,0.000763425057243694,2.1083748163309792,1.0,13.130778052967761,240,243,213,229,254,270,True,True,UPPER_SEED_TRAJECTORY_OUTLIER;Z_EDGE_EVIDENCE_WEAK;Z_CONTINUITY_REJECTED_CONTINUITY,rejected_continuity,194.0,False,,True,1,205.0,False,194.0
flow05,240,0,0.2,128.0,19,240.9978484728499,202.0,196.0,215.0,217.0,model_assisted,0.49,model_assisted,0.49,model_assisted,0.9166381323204101,strong_evidence,0.9265872265118326,True,True,240.0,47508.8984375,13536.837890625,2510.53125,13.531821421013978,-0.9978484728499097,3.5275590551181097,16.0,224,258,0.0036386751744430512,weak_evidence,0.9067958650659426,True,False,3.8692746829012137,53826.4930322947,5768.005412967218,9.331907510226294,23072.021651868872,37,persistent_core_paired_edge_continuity_first_v2_1,198.0,235.0,6.773283862670657,4.677484033384953,0.021574589706082618,0.3048364371061325,0.038846573835604956,1.0,240.0,198.0,196.0316145520961,-0.9978484728499097,1.9683854479038985,1.0,13.531821421013978,240,243,213,229,254,270,True,True,UPPER_SEED_TRAJECTORY_OUTLIER;Z_EDGE_EVIDENCE_WEAK;Z_CONTINUITY_REJECTED_CONTINUITY,rejected_continuity,194.0,False,,True,1,205.0,False,194.0
flow05,241,0,0.2,128.0,19,240.99420979767547,207.0,196.0,215.0,217.0,high_confidence,0.5,high_confidence,0.5,high_confidence,0.9261957638891689,strong_evidence,0.9117095667705272,True,True,241.0,47782.39453125,12920.14453125,6984.48779296875,4.991382479771195,0.005790202324533311,3.5275590551181097,16.0,224,258,0.008226770441865483,strong_evidence,0.9409121328899634,True,True,3.8692746829012137,60372.63615400779,10763.175899266516,5.609184196099781,43052.703597066065,17,persistent_core_paired_edge_continuity_first_v2_1,198.0,215.0,5.340510492116978,3.852426027700577,0.8288080786772057,0.4143488109111786,0.0320811184354224,1.0,241.0,197.0,196.15683233819166,0.005790202324533311,0.8431676618083372,0.0,4.991382479771195,240,243,213,229,254,270,True,True,,accepted,194.0,False,,False,1,206.0,False,194.0
flow05,242,0,0.2,128.0,19,240.9859830272336,211.0,196.0,215.0,217.0,high_confidence,0.5,high_confidence,0.5,high_confidence,0.865507698825638,strong_evidence,0.9253497435204345,True,True,242.0,48202.03515625,15187.6328125,5062.37548828125,6.521523822200488,1.0140169727663988,3.5275590551181097,16.0,224,258,0.01652017541243822,strong_evidence,0.8095356182588155,True,True,3.8692746829012137,60759.81145417984,14386.876788592552,4.223280170325549,57547.50715437021,5,persistent_core_paired_edge_continuity_first_v2_1,208.0,213.0,4.108179033375568,3.0717637189124765,0.25657198505773343,0.23356673121452332,0.02976159270188143,1.0,242.0,197.0,196.26067710250348,1.0140169727663988,0.7393228974965211,0.0,6.521523822200488,240,243,213,229,254,270,True,True,,accepted,194.0,False,,False,1,206.0,False,194.0
flow05,243,0,0.2,128.0,19,240.96946285182116,199.0,196.0,215.0,217.0,model_assisted,0.32812231013470006,model_assisted,0.32812231013470006,model_assisted,0.9090467390075744,strong_evidence,0.9978334690211381,True,True,241.0,49036.41015625,8760.40625,2995.444091796875,13.445753842158897,0.030537148178837015,3.5275590551181097,16.0,224,258,0.029361218480573825,weak_evidence,0.8281602084473669,True,False,3.8692746829012137,61931.266653964034,1523.3061760372673,40.65582325351834,12386.253330792808,86,persistent_core_paired_edge_continuity_first_v2_1,194.0,280.0,13.637009479030626,8.267042787317115,-4.20050771203797,0.4069988802075386,0.11975583511221992,1.0,241.0,193.0,196.34310653006372,0.030537148178837015,-3.3431065300637215,1.0,13.445753842158897,240,243,213,229,254,270,True,True,UPPER_SEED_TRAJECTORY_OUTLIER;Z_EDGE_EVIDENCE_WEAK;Z_CONTINUITY_REJECTED_CONTINUITY,rejected_continuity,197.0,False,,True,1,206.0,False,197.0
flow05,244,0,0.2,128.0,19,240.9401016333406,215.0,196.0,215.0,217.0,high_confidence,0.5,high_confidence,0.5,high_confidence,0.8880698644513669,strong_evidence,0.8514739666073082,True,True,239.0,46667.921875,10799.3046875,4337.24609375,8.26990592929161,-1.9401016333405892,3.5275590551181097,16.0,224,258,0.045930700197970964,strong_evidence,0.9262386345047182,True,True,3.8692746829012137,54213.05754006284,5585.175960905888,9.706597951350801,22340.703843623553,48,persistent_core_paired_edge_continuity_first_v2_1,198.0,246.0,7.687748479396487,5.92920901093549,1.246139363865622,0.1683124303817749,0.02949536549107279,1.0,239.0,198.0,196.4107867720983,-1.9401016333405892,1.5892132279016948,0.0,8.26990592929161,240,243,213,229,254,270,True,True,,accepted,197.0,False,,False,1,206.0,False,197.0
flow05,245,0,0.2,128.0,19,240.89417093314262,205.0,196.0,215.0,217.0,high_confidence,0.5,high_confidence,0.5,high_confidence,0.9275539748559618,strong_evidence,0.9344834155275735,True,True,240.0,48528.10546875,13944.99609375,5101.66796875,6.778784818384306,-0.8941709331426182,3.5275590551181097,16.0,224,258,0.0626616997079168,strong_evidence,0.9206759178121637,True,True,3.8692746829012137,61653.02517177982,12362.681905715473,4.987026734326683,49450.727622861894,12,persistent_core_paired_edge_continuity_first_v2_1,201.0,213.0,2.63185073957984,1.374570381009988,0.6310558660246239,0.2841810882091522,0.04393651007901374,1.0,240.0,196.0,196.4726486084147,-0.8941709331426182,-0.47264860841468703,0.0,6.778784818384306,240,243,213,229,254,270,True,True,,accepted,197.0,False,,False,1,206.0,False,197.0
flow05,246,0,0.2,128.0,19,240.8315092334347,207.0,197.0,216.0,218.0,high_confidence,0.5,high_confidence,0.5,high_confidence,0.9130277879544092,strong_evidence,0.9134423171676698,True,True,242.0,48252.5703125,13258.650390625,3707.093505859375,9.439718708622847,1.1684907665652986,3.5275590551181097,16.0,224,258,0.07332570560640761,strong_evidence,0.9126134468586307,True,True,3.8692746829012137,61146.1667485412,12484.173184062212,4.897894786224434,49936.69273624885,11,persistent_core_paired_edge_continuity_first_v2_1,201.0,212.0,2.273040429390703,1.3337261121088195,-0.38322206708772777,0.23966234922409058,0.03378712905150319,1.0,242.0,196.0,196.53308546230934,1.1684907665652986,-0.5330854623093444,0.0,9.439718708622847,240,243,213,229,254,270,True,True,,accepted,197.0,False,,False,1,206.0,False,197.0
flow05,247,0,0.2,128.0,19,240.7581835278283,208.0,197.0,216.0,218.0,high_confidence,0.5666402079382267,high_confidence,0.5666402079382267,high_confidence,0.9631404337141782,strong_evidence,0.9447403105754107,True,True,240.0,45642.33984375,13126.111328125,5000.9560546875,6.502002449141073,-0.7581835278282938,3.5275590551181097,16.0,224,258,0.07332570560640761,strong_evidence,0.9818989246792489,True,True,3.8692746829012137,56206.24519954996,7014.404046086385,8.012975133776283,28057.61618434554,20,persistent_core_paired_edge_continuity_first_v2_1,197.0,217.0,7.320168655801902,5.555330959981448,1.5332615002431176,0.37188205122947693,0.053483328054557876,1.0,240.0,197.0,196.58733249160284,-0.7581835278282938,0.4126675083971634,0.0,6.502002449141073,240,243,213,229,254,270,True,True,,accepted,197.0,False,,False,1,205.0,False,197.0
flow05,248,0,0.2,128.0,19,240.68705712261362,215.0,197.0,216.0,218.0,model_assisted,7.068537946566526e-146,model_assisted,7.068537946566526e-146,model_assisted,0.0,strong_evidence,0.9500609387339918,True,True,240.0,47200.9609375,15572.427734375,2357.888427734375,13.413922741677782,-0.6870571226136235,3.5275590551181097,16.0,224,258,0.07112640521467029,unavailable,0.0,False,False,3.8692746829012137,53787.371057075434,13848.00460592397,3.884124289940371,55392.01842369588,0,persistent_core_paired_edge_continuity_first_v2_1,,,,,,,,,240.0,,196.62252348115194,-0.6870571226136235,,1.0,13.413922741677782,240,243,213,229,254,270,True,True,NO_VALID_UPPER_COMPONENT;Z_EDGE_EVIDENCE_UNAVAILABLE;Z_CONTINUITY_NO_CANDIDATE,no_candidate,,False,,True,1,206.0,False,197.0
flow05,249,0,0.2,128.0,19,240.63473178396168,202.0,197.0,216.0,218.0,high_confidence,0.5,high_confidence,0.5,high_confidence,0.8477927300207166,strong_evidence,0.9737692189117122,True,True,241.0,47868.0625,13338.880859375,2079.81689453125,16.602029597613786,0.3652682160383165,3.5275590551181097,16.0,224,258,0.05232533865194,strong_evidence,0.7381138149748254,True,True,3.8692746829012137,59181.24481923973,13444.851786902755,4.401777405749529,53779.40714761102,4,persistent_core_paired_edge_continuity_first_v2_1,200.0,204.0,3.532821917296231,2.5858479509882835,0.12765708138992085,0.17253664135932922,0.003692205974791824,1.0,241.0,198.0,196.62418791871013,0.3652682160383165,1.3758120812898653,0.0,16.602029597613786,240,243,213,229,254,270,True,True,,accepted,197.0,False,,False,1,205.0,False,197.0
flow05,250,0,0.2,128.0,19,240.61541949452862,209.0,197.0,216.0,218.0,model_assisted,0.2616350441733388,model_assisted,0.2616350441733388,model_assisted,0.8889704033097497,strong_evidence,0.9723626623353786,True,True,241.0,46340.8359375,19097.658203125,3152.750244140625,8.641083379505353,0.38458050547137645,3.5275590551181097,16.0,224,258,0.01931228943305996,weak_evidence,0.8127300734302845,True,False,3.8692746829012137,58437.11803897211,8758.812320984,6.671808448158078,35035.249283936,17,persistent_core_paired_edge_continuity_first_v2_1,204.0,221.0,3.478926875910852,2.106760202148873,0.47468222869308463,0.3047763854265213,0.1303316664530329,1.0,241.0,193.0,196.58424274171406,0.38458050547137645,-3.584242741714064,1.0,8.641083379505353,240,243,213,229,254,270,True,True,UPPER_SEED_TRAJECTORY_OUTLIER;Z_EDGE_EVIDENCE_WEAK;Z_CONTINUITY_REJECTED_CONTINUITY,rejected_continuity,197.0,False,,True,1,206.0,False,197.0
flow05,251,0,0.2,128.0,19,240.63473178396168,203.0,197.0,216.0,218.0,high_confidence,0.5,high_confidence,0.5,high_confidence,0.8858329871694481,strong_evidence,0.9737692189117122,True,True,241.0,46786.46484375,10649.2734375,4753.9599609375,7.6014925879021495,0.3652682160383165,3.5275590551181097,16.0,224,258,0.05232533865194,strong_evidence,0.8058378370539696,True,True,3.8692746829012137,54263.270133385166,11686.269319009252,4.643335580596181,46745.07727603701,7,persistent_core_paired_edge_continuity_first_v2_1,201.0,208.0,2.9193836714280517,1.9268807145416078,-0.44287181996975467,0.37098629772663116,0.0382575770197431,1.0,241.0,194.0,196.5058750889015,0.3652682160383165,-2.5058750889014902,0.0,7.6014925879021495,240,243,213,229,254,270,True,True,,accepted,197.0,False,,False,1,205.0,False,197.0
flow05,252,0,0.2,128.0,19,240.68705712261362,200.0,196.0,215.0,217.0,model_assisted,0.008241366093445222,model_assisted,0.008241366093445222,model_assisted,0.0,strong_evidence,0.9775700185988291,True,True,241.0,49568.26953125,11384.775390625,5316.51904296875,7.182047845972408,0.3129428773863765,3.5275590551181097,16.0,224,258,0.07112640521467029,weak_evidence,0.0,True,False,3.8692746829012137,62989.901177627224,763.2119904244431,82.53264095418209,12597.980235525445,74,persistent_core_paired_edge_continuity_first_v2_1,183.0,257.0,42.25659062008602,32.49359838188788,4.9910502101376535,-0.039438940584659576,0.17153510653931012,1.0,241.0,183.0,196.4027658764371,0.3129428773863765,-13.402765876437087,1.0,7.182047845972408,240,243,213,229,254,270,True,True,UPPER_SEED_TRAJECTORY_OUTLIER;Z_EDGE_EVIDENCE_WEAK;Z_CONTINUITY_REJECTED_CONTINUITY,rejected_continuity,196.0,False,,True,1,204.0,False,196.0
flow05,253,0,0.2,128.0,19,240.7581835278283,208.0,196.0,215.0,217.0,model_assisted,5.804162519824582e-146,model_assisted,5.804162519824582e-146,model_assisted,0.0,strong_evidence,0.9827129154261203,True,True,241.0,48284.57421875,11140.626953125,4550.048828125,8.163417288190159,0.2418164721717062,3.5275590551181097,16.0,224,258,0.07332570560640761,unavailable,0.0,False,False,3.8692746829012137,57942.37416947466,14897.869162893969,3.889306150828024,59591.476651575875,0,persistent_core_paired_edge_continuity_first_v2_1,,,,,,,,,241.0,,196.29364816315515,0.2418164721717062,,1.0,8.163417288190159,240,243,213,229,254,270,True,True,NO_VALID_UPPER_COMPONENT;Z_EDGE_EVIDENCE_UNAVAILABLE;Z_CONTINUITY_NO_CANDIDATE,no_candidate,,False,,True,1,204.0,False,196.0
flow05,254,0,0.2,128.0,19,240.8315092334347,205.0,196.0,215.0,217.0,high_confidence,0.5635327539790622,high_confidence,0.5635327539790622,high_confidence,0.9515648083306492,strong_evidence,0.9392236104092653,True,True,240.0,49043.4921875,12472.474609375,4963.00830078125,7.3687198089852455,-0.8315092334347014,3.5275590551181097,16.0,224,258,0.07332570560640761,strong_evidence,0.964068166960566,True,True,3.8692746829012137,58298.239234314766,6680.00804281615,8.727270814742532,26720.0321712646,26,persistent_core_paired_edge_continuity_first_v2_1,197.0,223.0,5.431454474522951,3.8082095361783477,0.5067764753272749,0.1643487811088562,0.018197709345414342,1.0,240.0,197.0,196.1954338509125,-0.8315092334347014,0.804566149087492,0.0,7.3687198089852455,240,243,213,229,254,270,True,True,,accepted,196.0,False,,False,1,204.0,False,196.0
flow05,255,0,0.2,128.0,19,240.89417093314262,207.0,196.0,215.0,217.0,model_assisted,0.2784888887103648,model_assisted,0.2784888887103648,model_assisted,0.9066091094715779,strong_evidence,0.9924714981677554,True,True,241.0,48244.328125,15217.26953125,3174.75537109375,10.403024716317494,0.1058290668573818,3.5275590551181097,16.0,224,258,0.0626616997079168,weak_evidence,0.8281749943391491,True,False,3.8692746829012137,58725.01729301801,12513.904417041145,4.692781352320995,50055.61766816458,11,persistent_core_paired_edge_continuity_first_v2_1,199.0,210.0,2.6266351830244576,1.6176661122766953,-0.5439239196184232,0.35033105313777924,0.03488539501089343,1.0,241.0,194.0,196.11841332618815,0.1058290668573818,-2.118413326188147,1.0,10.403024716317494,240,243,213,229,254,270,True,True,UPPER_SEED_TRAJECTORY_OUTLIER;Z_EDGE_EVIDENCE_WEAK;Z_CONTINUITY_REJECTED_CONTINUITY,rejected_continuity,197.0,False,,True,1,204.0,False,197.0
flow05,256,0,0.2,128.0,19,240.9400570219978,199.0,196.0,215.0,217.0,model_assisted,0.18937873098453142,model_assisted,0.18937873098453142,model_assisted,0.7925849511295849,strong_evidence,0.9309969444085622,True,True,240.0,48842.45703125,14184.603515625,3338.24169921875,10.382068357643483,-0.9400570219978022,3.5275590551181097,16.0,224,258,0.04588608885518397,weak_evidence,0.6747507696238032,True,False,3.8692746829012137,55370.8852012733,12094.27546407023,4.578272205372663,48377.10185628092,4,persistent_core_paired_edge_continuity_first_v2_1,198.0,202.0,2.164813753853455,1.26431059512277,0.8771407490637909,0.10559132695198059,0.05834543824795446,1.0,240.0,193.0,196.06517446137812,-0.9400570219978022,-3.0651744613781204,1.0,10.382068357643483,240,243,213,229,254,270,True,True,UPPER_SEED_TRAJECTORY_OUTLIER;Z_EDGE_EVIDENCE_WEAK;Z_CONTINUITY_REJECTED_CONTINUITY,rejected_continuity,197.0,False,,True,1,204.0,False,197.0
flow05,257,0,0.2,128.0,19,240.9692581457125,210.0,196.0,215.0,217.0,high_confidence,0.5,high_confidence,0.5,high_confidence,0.9379941740482707,strong_evidence,0.948950879768302,True,True,241.0,47455.7890625,11432.0693359375,6638.24560546875,5.426692814270878,0.030741854287498427,3.5275590551181097,16.0,224,258,0.029201123714699406,strong_evidence,0.927163975824881,True,True,3.8692746829012137,62085.91401577149,11359.793510689195,5.465408676429784,45439.17404275678,9,persistent_core_paired_edge_continuity_first_v2_1,207.0,216.0,4.699272368668563,3.500219234720418,1.589034750050023,0.19621971249580383,0.0290524299933401,1.0,241.0,197.0,196.03252858056308,0.030741854287498427,0.9674714194369187,0.0,5.426692814270878,240,243,213,229,254,270,True,True,,accepted,197.0,False,,False,1,204.0,False,197.0
flow05,258,0,0.2,128.0,19,240.98526421351914,203.0,196.0,215.0,217.0,high_confidence,0.5,high_confidence,0.5,high_confidence,0.8980826281297144,strong_evidence,0.8452391324227233,True,True,243.0,44910.3984375,10798.662109375,4875.03466796875,6.997229486849602,2.0147357864808555,3.5275590551181097,16.0,224,258,0.016006067806642932,strong_evidence,0.9542298457438192,True,True,3.8692746829012137,56289.86476008588,2560.9238770147954,21.980295964791253,11257.972952017177,66,persistent_core_paired_edge_continuity_first_v2_1,195.0,261.0,14.00231941600816,9.476798947291694,3.6381407706079476,0.3366648852825165,0.04947558382314068,1.0,243.0,195.0,196.01469117513813,2.0147357864808555,-1.0146911751381253,0.0,6.997229486849602,240,243,213,229,254,270,True,True,,accepted,197.0,False,,False,1,203.0,False,197.0
flow05,259,0,0.2,128.0,19,240.9920136591826,201.0,196.0,215.0,217.0,model_assisted,0.09677838199444036,model_assisted,0.09677838199444036,model_assisted,0.6495680851787623,strong_evidence,0.9258115013690287,True,True,242.0,48073.34375,13924.2783203125,2588.943115234375,13.190349849226413,1.0079863408174106,3.5275590551181097,16.0,224,258,0.006749445663444931,weak_evidence,0.45575011399066523,True,False,3.8692746829012137,61043.498879050945,3846.3188370907496,15.870628895971238,15385.275348362999,55,persistent_core_paired_edge_continuity_first_v2_1,189.0,244.0,6.750728412350223,3.792128601497283,1.0801422102427038,0.3954847566783428,0.1745316843955397,1.0,242.0,189.0,196.0059949084332,1.0079863408174106,-7.005994908433195,1.0,13.190349849226413,240,243,213,229,254,270,True,True,UPPER_SEED_TRAJECTORY_OUTLIER;Z_EDGE_EVIDENCE_WEAK;Z_CONTINUITY_REJECTED_CONTINUITY,rejected_continuity,197.0,False,,True,1,203.0,False,197.0
flow05,260,0,0.2,128.0,19,240.99185356441672,203.0,196.0,215.0,217.0,high_confidence,0.513041411534312,high_confidence,0.513041411534312,high_confidence,0.9510513084192661,strong_evidence,0.9994224909877211,True,True,241.0,46503.33203125,11694.109375,2740.197265625,12.703181297537173,0.008146435583284983,3.5275590551181097,16.0,224,258,0.007308164612084056,strong_evidence,0.9050212491736997,True,True,3.8692746829012137,52764.12958137801,5136.709436909536,10.27197084620834,20546.837747638143,41,persistent_core_paired_edge_continuity_first_v2_1,194.0,235.0,5.837004745797495,4.086701096857848,-1.176248772273178,0.3757453113794327,0.05707471492084886,1.0,241.0,194.0,196.0021961384929,0.008146435583284983,-2.0021961384929057,0.0,12.703181297537173,240,243,213,229,254,270,True,True,,accepted,197.0,False,,False,1,203.0,False,197.0
flow05,261,0,0.2,128.0,19,240.98454539980463,201.0,196.0,215.0,217.0,high_confidence,0.9997604241313878,high_confidence,0.9997604241313878,high_confidence,0.9618788819834005,strong_evidence,0.9252396321933236,True,True,242.0,49513.9453125,15596.55078125,3310.1396484375,10.246514689270038,1.015454600195369,3.5275590551181097,16.0,224,258,0.01748339258500664,strong_evidence,0.9999690365752933,True,True,3.8692746829012137,57803.30495957234,6308.07397387052,9.163384132622225,25232.29589548208,70,persistent_core_paired_edge_continuity_first_v2_1,196.0,266.0,7.446476225872696,5.794170220699324,1.598506384409685,0.10433471202850342,0.02711929260104733,1.0,242.0,196.0,196.00071881371449,1.015454600195369,-0.0007188137144851225,0.0,10.246514689270038,240,243,213,229,254,270,True,True,,accepted,195.0,False,,False,1,202.0,False,195.0
flow05,262,0,0.2,128.0,19,240.96706200721962,200.0,196.0,215.0,217.0,model_assisted,0.09972362077168409,model_assisted,0.09972362077168409,model_assisted,0.813620377985999,strong_evidence,0.9359100643425439,True,True,241.0,48208.203125,15173.08203125,6256.39404296875,5.280217465023088,0.03293799278037568,3.5275590551181097,16.0,224,258,0.03299989365496003,weak_evidence,0.7073095425457411,True,False,3.8692746829012137,53597.98622783576,6484.16972342665,8.265975215638118,25936.6788937066,32,persistent_core_paired_edge_continuity_first_v2_1,195.0,227.0,3.6840724657462474,1.7579961273191462,0.04566790414010386,0.34927503764629364,0.17885858682739067,1.0,241.0,191.0,196.00020470610866,0.03293799278037568,-5.000204706108661,1.0,5.280217465023088,240,243,213,229,254,270,True,True,UPPER_SEED_TRAJECTORY_OUTLIER;Z_EDGE_EVIDENCE_WEAK;Z_CONTINUITY_REJECTED_CONTINUITY,rejected_continuity,196.0,False,,True,1,201.0,False,196.0
flow05,263,0,0.2,128.0,19,240.93406211356466,199.0,196.0,215.0,217.0,high_confidence,0.5163694286268258,high_confidence,0.5163694286268258,high_confidence,0.9431146974144902,strong_evidence,0.9314531846757026,True,True,240.0,47768.453125,16223.7021484375,4377.18896484375,7.2066230701759375,-0.9340621135646643,3.5275590551181097,16.0,224,258,0.054626966902901586,strong_evidence,0.9549222087730627,True,True,3.8692746829012137,53802.4840439694,3510.9550421032527,15.324173451033081,14043.82016841301,71,persistent_core_paired_edge_continuity_first_v2_1,195.0,266.0,7.30917722357936,5.303079865989889,-1.96728793402528,0.306667760014534,0.05372566236926739,1.0,240.0,195.0,196.0000446113428,-0.9340621135646643,-1.000044611342787,0.0,7.2066230701759375,240,243,213,229,254,270,True,True,,accepted,196.0,False,,False,1,201.0,False,196.0
flow05,264,0,0.2,128.0,19,240.87943514666176,200.0,196.0,215.0,217.0,model_assisted,0.022259266923514744,model_assisted,0.022259266923514744,model_assisted,0.0,strong_evidence,0.7219270292095619,True,True,243.0,47142.375,12191.326171875,7817.46435546875,4.470893276753453,2.1205648533382373,3.5275590551181097,16.0,224,258,0.08065919989877557,weak_evidence,0.0,True,False,3.8692746829012137,62861.99523059555,1212.7866198111035,51.83269192101292,12572.399046119112,70,persistent_core_paired_edge_continuity_first_v2_1,187.0,257.0,19.094761310241193,14.630547880405596,-5.003381593811849,0.2396223172545433,0.20450300245110048,1.0,243.0,187.0,196.0,2.1205648533382373,-9.0,1.0,4.470893276753453,240,243,213,229,254,270,True,True,UPPER_SEED_TRAJECTORY_OUTLIER;Z_EDGE_EVIDENCE_WEAK;Z_CONTINUITY_REJECTED_CONTINUITY,rejected_continuity,195.0,False,,True,1,201.0,False,195.0
flow05,265,0,0.2,128.0,19,240.798775946763,200.0,196.0,215.0,217.0,high_confidence,0.5,high_confidence,0.5,high_confidence,0.93176125718245,strong_evidence,0.9091600515015396,True,True,242.0,47238.671875,12797.9765625,5762.0966796875,5.9771116708107455,1.2012240532370129,3.5275590551181097,16.0,224,258,0.1064856940272989,strong_evidence,0.95492431607874,True,True,3.8692746829012137,57402.65323096893,8639.048839254696,6.6445570917644154,34556.19535701878,20,persistent_core_paired_edge_continuity_first_v2_1,197.0,217.0,4.225341172428437,2.8684182951004265,2.2931626363039554,0.2168348729610443,0.008332620945721876,1.0,242.0,197.0,196.0,1.2012240532370129,1.0,0.0,5.9771116708107455,240,243,213,229,254,270,True,True,,accepted,195.0,False,,False,1,201.0,False,195.0
flow05,266,0,0.2,128.0,19,240.6922902527357,209.0,196.0,215.0,217.0,model_assisted,0.26042132500398896,model_assisted,0.26042132500398896,model_assisted,0.8346141000605539,strong_evidence,0.8203064963028139,True,True,243.0,46327.3359375,12350.11328125,4799.73046875,7.078985555015703,2.3077097472643118,3.5275590551181097,16.0,224,258,0.12579798346030202,weak_evidence,0.849171253866003,True,False,3.8692746829012137,59287.92734519044,9088.145519672686,6.523655152401843,36352.58207869074,17,persistent_core_paired_edge_continuity_first_v2_1,197.0,214.0,4.618494632761534,3.3769042257391475,2.4474228363755812,0.20992359519004822,0.09302509667047855,1.0,243.0,193.0,196.0,2.3077097472643118,-3.0,1.0,7.078985555015703,240,243,213,229,254,270,True,True,UPPER_SEED_TRAJECTORY_OUTLIER;Z_EDGE_EVIDENCE_WEAK;Z_CONTINUITY_REJECTED_CONTINUITY,rejected_continuity,195.0,False,,True,1,202.0,False,195.0
flow05,267,0,0.2,128.0,19,240.5664922692754,200.0,196.0,215.0,217.0,high_confidence,0.5,high_confidence,0.5,high_confidence,0.7949667487243202,strong_evidence,0.8820225095587598,True,True,239.0,45118.1640625,11492.7890625,2599.33154296875,12.93616241104656,-1.5664922692753862,3.5275590551181097,16.0,224,258,0.1329845385507724,strong_evidence,0.7165034052174775,True,True,3.8692746829012137,48413.38486737872,10968.050099200049,4.414037538988788,43872.200396800195,3,persistent_core_paired_edge_continuity_first_v2_1,199.0,202.0,2.7098635223994125,1.6000717583710238,0.168864730488121,0.29533426463603973,0.026610286546369218,1.0,239.0,196.0,196.0,-1.5664922692753862,0.0,0.0,12.93616241104656,240,243,213,229,254,270,True,True,,accepted,195.0,False,,False,1,202.0,False,195.0
flow05,268,0,0.2,128.0,19,240.4335077307246,202.0,196.0,215.0,217.0,high_confidence,0.5,high_confidence,0.5,high_confidence,0.8865763862246774,strong_evidence,0.8683966338659261,True,True,239.0,45893.76953125,12702.490234375,5845.11328125,5.678466387186412,-1.4335077307246138,3.5275590551181097,16.0,224,258,0.1329845385507724,strong_evidence,0.9051367289530091,True,True,3.8692746829012137,60255.26543218129,2497.840681068705,24.12294182285516,12051.053086436259,51,persistent_core_paired_edge_continuity_first_v2_1,198.0,249.0,18.873656963891264,15.287810056301984,0.6777663342969772,0.283920556306839,0.07231378349221909,1.0,239.0,198.0,196.0,-1.4335077307246138,2.0,0.0,5.678466387186412,239,242,212,228,253,269,True,True,,accepted,196.0,False,,False,1,202.0,False,196.0
flow05,269,0,0.2,128.0,19,240.3077097472643,202.0,196.0,215.0,217.0,high_confidence,0.5788300699354315,high_confidence,0.5788300699354315,high_confidence,0.941546775150273,strong_evidence,0.8865103297958787,True,True,239.0,45063.453125,12255.5654296875,5667.96533203125,5.788300699354315,-1.3077097472643118,3.5275590551181097,16.0,224,258,0.12579798346030202,strong_evidence,1.0,True,True,3.8692746829012137,51694.06893049857,4992.979522126489,10.353350880254018,19971.918088505958,33,persistent_core_paired_edge_continuity_first_v2_1,197.0,230.0,5.701751953210195,3.4467764344805656,1.8365684465810683,0.3759257197380066,0.10103408681389905,1.0,239.0,196.0,196.0,-1.3077097472643118,0.0,0.0,5.788300699354315,239,242,212,228,253,269,True,True,,accepted,196.0,False,,False,1,202.0,False,196.0
flow05,270,0,0.2,128.0,19,240.20122405323707,208.0,196.0,215.0,217.0,high_confidence,0.5,high_confidence,0.5,high_confidence,0.85615661451992,strong_evidence,0.7676044438748689,True,True,239.0,36915.20703125,10529.9384765625,6192.640625,4.26074596484234,-1.2012240532370697,3.5275590551181097,16.0,224,258,0.10648569402724206,strong_evidence,0.95492431607874,True,True,3.8692746829012137,46455.30016425073,3177.3699893137878,14.620676949958735,12709.479957255151,36,persistent_core_paired_edge_continuity_first_v2_1,195.0,231.0,8.84066516445923,5.711872244974719,5.016973147374699,0.36682216450572014,0.08058704649132072,1.0,239.0,195.0,196.0,-1.2012240532370697,-1.0,0.0,4.26074596484234,239,242,212,228,253,269,True,True,,accepted,196.0,False,,False,1,202.0,False,196.0
flow05,271,0,0.2,128.0,19,240.12060946468102,210.0,196.0,215.0,217.0,high_confidence,0.7477458963282325,high_confidence,0.7477458963282325,high_confidence,0.9754345187026681,strong_evidence,0.9914154957694,True,True,240.0,44516.41015625,14484.6435546875,3084.022216796875,9.737856763157197,-0.12060946468102429,3.5275590551181097,16.0,224,258,0.08061458855604542,strong_evidence,0.9597111446581776,True,True,3.8692746829012137,51711.485984205094,9750.214121851724,5.303625678159388,39000.8564874069,6,persistent_core_paired_edge_continuity_first_v2_1,207.0,213.0,4.193864830179659,3.0769505028802167,0.043491700307859434,0.18385007977485657,0.0005644643813890358,1.0,240.0,196.0,196.0,-0.12060946468102429,0.0,0.0,9.737856763157197,239,242,212,228,253,269,True,True,,accepted,196.0,False,,False,1,201.0,False,196.0
flow05,272,0,0.2,128.0,19,240.06614259254405,204.0,196.0,215.0,217.0,high_confidence,0.5,high_confidence,0.5,high_confidence,0.974903846168575,strong_evidence,0.9953014006147798,True,True,240.0,46246.10546875,12777.2578125,5229.85986328125,6.399568732469136,-0.06614259254405397,3.5275590551181097,16.0,224,258,0.054466872136970323,strong_evidence,0.95492431607874,True,True,3.8692746829012137,50821.046222117526,3096.3783860574936,16.41306064238038,12385.513544229974,38,persistent_core_paired_edge_continuity_first_v2_1,195.0,233.0,9.544727481196789,6.392074818798203,0.6155707954935365,0.25832587480545044,0.08357942552181671,1.0,240.0,195.0,196.0,-0.06614259254405397,-1.0,0.0,6.399568732469136,239,242,212,228,253,269,True,True,,accepted,196.0,False,,False,1,201.0,False,196.0
flow05,273,0,0.2,128.0,19,240.0336568064949,201.0,196.0,215.0,217.0,model_assisted,0.035673993347252395,model_assisted,0.035673993347252395,model_assisted,0.0,strong_evidence,0.9976118725168373,True,True,240.0,48151.3359375,10285.689453125,2188.22705078125,17.30425847302091,-0.033656806494889224,3.5275590551181097,16.0,224,258,0.032485786049164744,weak_evidence,0.0,True,False,3.8692746829012137,61652.73643022937,3090.434099909881,19.949539267647612,12361.736399639523,69,persistent_core_paired_edge_continuity_first_v2_1,186.0,255.0,10.322074247370518,7.419811124322488,-0.340055843577808,0.04734611138701439,0.18211685713330744,1.0,240.0,186.0,196.0,-0.033656806494889224,-10.0,1.0,17.30425847302091,239,242,212,228,253,269,True,True,UPPER_SEED_TRAJECTORY_OUTLIER;Z_EDGE_EVIDENCE_WEAK;Z_CONTINUITY_REJECTED_CONTINUITY,rejected_continuity,196.0,False,,True,1,200.0,False,196.0
flow05,274,0,0.2,128.0,19,240.01765073868825,208.0,196.0,215.0,217.0,high_confidence,0.6022138322402038,high_confidence,0.6022138322402038,high_confidence,0.9095798746281659,strong_evidence,0.8479502884933968,True,True,242.0,47166.19140625,11999.3671875,5008.32470703125,7.021674167687022,1.9823492613117537,3.5275590551181097,16.0,224,258,0.016006067806642932,strong_evidence,0.9756887397238414,True,True,3.8692746829012137,59883.27358105231,10745.346002177894,5.572949774620102,42981.384008711575,9,persistent_core_paired_edge_continuity_first_v2_1,205.0,214.0,5.614220207555755,4.277583088082908,1.2277920964480284,0.2923665791749954,0.011876174278026346,1.0,242.0,196.0,196.0,1.9823492613117537,0.0,0.0,7.021674167687022,239,242,212,228,253,269,True,True,,accepted,196.0,False,,False,1,200.0,False,196.0
flow05,275,0,0.2,128.0,19,240.01418595535927,207.0,196.0,215.0,217.0,high_confidence,0.6311793289261898,high_confidence,0.6311793289261898,high_confidence,0.9619442818680196,strong_evidence,0.9253368014185799,True,True,239.0,42603.453125,10213.5859375,5131.642578125,6.311793289261898,-1.0141859553592667,3.5275590551181097,16.0,224,258,0.008740878047717615,strong_evidence,1.0,True,True,3.8692746829012137,52040.109544160834,404.1716960925432,128.7574316739023,10408.021908832168,48,persistent_core_paired_edge_continuity_first_v2_1,196.0,244.0,97.25835045505927,72.96349423339663,21.289462979879392,0.44091934710741043,0.0979601127366137,1.0,239.0,196.0,196.0,-1.0141859553592667,0.0,0.0,6.311793289261898,239,242,212,228,253,269,True,True,,accepted,196.0,False,,False,1,200.0,False,196.0
flow05,276,0,0.2,128.0,19,240.02292683340698,200.0,196.0,215.0,217.0,high_confidence,0.5092581667290759,high_confidence,0.5092581667290759,high_confidence,0.9513117469193691,strong_evidence,0.9983738408374038,True,True,240.0,43591.1796875,12742.904296875,2293.139892578125,13.452417574029026,-0.022926833406984315,3.5275590551181097,16.0,224,258,0.025261053460155836,strong_evidence,0.9064681012352067,True,True,3.8692746829012137,50956.21789801272,9928.764622966168,5.132181075190985,39715.05849186467,19,persistent_core_paired_edge_continuity_first_v2_1,199.0,218.0,3.2732038825272767,2.1402454816199006,-0.08806297952561448,0.2592615634202957,0.074621445640057,1.0,240.0,195.0,196.0,-0.022926833406984315,-1.0,0.0,13.452417574029026,239,242,212,228,253,269,True,True,,accepted,196.0,False,,False,1,199.0,False,196.0
flow05,277,0,0.2,128.0,19,240.04818788686714,198.0,196.0,215.0,217.0,high_confidence,0.5,high_confidence,0.5,high_confidence,0.9521180393499046,strong_evidence,0.9600334041160997,True,True,240.0,41684.5,14085.46484375,4956.70947265625,5.568015496671819,-0.04818788686714015,3.5275590551181097,16.0,224,258,0.050643381005897936,strong_evidence,0.9442679358539041,True,True,3.8692746829012137,44534.251604075616,8815.707654832235,5.051693335096547,35262.83061932894,12,persistent_core_paired_edge_continuity_first_v2_1,197.0,209.0,3.681535539900678,2.563255933799658,-0.546719606630197,0.4657563492655754,0.09632700411667895,1.0,240.0,196.0,196.0,-0.04818788686714015,0.0,0.0,5.568015496671819,239,242,212,228,253,269,True,True,,accepted,196.0,False,,False,1,199.0,False,196.0
flow05,278,0,0.2,128.0,19,240.09883126787304,205.0,196.0,215.0,217.0,high_confidence,0.596651347415825,high_confidence,0.596651347415825,high_confidence,0.9737618918372929,strong_evidence,0.9929710721874185,True,True,240.0,46619.26953125,15310.689453125,3759.9140625,8.326940338978824,-0.09883126787303809,3.5275590551181097,16.0,224,258,0.08767147190059177,strong_evidence,0.95492431607874,True,True,3.8692746829012137,64693.70458043837,5601.585438095865,11.549177513291585,22406.34175238346,37,persistent_core_paired_edge_continuity_first_v2_1,195.0,232.0,8.57140316238992,6.40588681337436,1.4813653383729797,0.21793094277381897,0.05366031099929926,1.0,240.0,195.0,196.0,-0.09883126787303809,-1.0,0.0,8.326940338978824,239,242,212,228,253,269,True,True,,accepted,196.0,False,,False,1,199.0,False,196.0
flow05,279,0,0.2,128.0,19,240.18650273977363,203.0,196.0,215.0,217.0,high_confidence,0.5,high_confidence,0.5,high_confidence,0.9332388178102229,strong_evidence,0.912043765622873,True,True,239.0,44643.3046875,11886.9033203125,5171.1787109375,6.334416812535373,-1.1865027397736299,3.5275590551181097,16.0,224,258,0.13528616680167715,strong_evidence,0.9549264233751156,True,True,3.8692746829012137,41628.80180124255,3857.8119337152134,10.790780503691506,15431.247734860854,48,persistent_core_paired_edge_continuity_first_v2_1,196.0,244.0,6.585094899045948,4.1921474138188115,0.3995213404907592,0.35329869017004967,0.05060542857422122,1.0,239.0,195.0,195.99995538865724,-1.1865027397736299,-0.9999553886572414,0.0,6.334416812535373,239,242,212,228,253,269,True,True,,accepted,196.0,False,,False,1,199.0,False,196.0
flow05,280,0,0.2,128.0,19,240.3217889065753,208.0,196.0,215.0,217.0,high_confidence,0.6469686388904967,high_confidence,0.6469686388904967,high_confidence,0.949453572447395,strong_evidence,0.9014700350980148,True,True,239.0,44363.140625,15374.75,4480.3427734375,6.470127865408596,-1.321788906575307,3.5275590551181097,16.0,224,258,0.18714489392607447,strong_evidence,0.999991182330433,True,True,3.8692746829012137,49819.06227179806,3530.7392297927654,14.110093957497439,14122.956919171062,26,persistent_core_paired_edge_continuity_first_v2_1,196.0,222.0,8.851403294003074,6.195270172418339,1.8549635972708047,0.34807851165533066,0.09235052766272726,1.0,239.0,196.0,195.99979529389134,-1.321788906575307,0.00020470610866141215,0.0,6.470127865408596,239,242,212,228,253,269,True,True,,accepted,195.0,False,,False,1,199.0,False,195.0
flow05,281,0,0.2,128.0,19,240.50893380050138,199.0,196.0,215.0,217.0,model_assisted,8.812779395788203e-146,model_assisted,8.812779395788203e-146,model_assisted,0.0,strong_evidence,0.886635272478006,True,True,239.0,45018.81640625,10266.796875,2440.893798828125,14.237415633541481,-1.5089338005013815,3.5275590551181097,16.0,224,258,0.23228367748754408,unavailable,0.0,False,False,3.8692746829012137,52784.122874476845,12866.983577184834,4.102291928628192,51467.934308739335,0,persistent_core_paired_edge_continuity_first_v2_1,,,,,,,,,239.0,,195.99925888061412,-1.5089338005013815,,1.0,14.237415633541481,240,243,213,229,254,270,True,True,NO_VALID_UPPER_COMPONENT;Z_EDGE_EVIDENCE_UNAVAILABLE;Z_CONTINUITY_NO_CANDIDATE,no_candidate,,False,,True,1,199.0,False,195.0
flow05,282,0,0.2,128.0,19,240.74121747798893,201.0,196.0,215.0,217.0,high_confidence,0.5,high_confidence,0.5,high_confidence,0.9243275695148261,strong_evidence,0.9600308576638776,True,True,241.0,48105.6953125,14108.271484375,5922.361328125,5.7405183413367435,0.25878252201107443,3.5275590551181097,16.0,224,258,0.25878252201107443,strong_evidence,0.8899520770032565,True,True,3.8692746829012137,59356.75124506327,10403.654001401308,5.7053753649504575,41614.61600560523,17,persistent_core_paired_edge_continuity_first_v2_1,198.0,215.0,3.8443351004958988,2.7675732275315488,1.086603204640421,0.12801778316497803,0.07979097282487888,1.0,241.0,198.0,195.9976792027814,0.25878252201107443,2.0023207972186015,0.0,5.7405183413367435,240,243,213,229,254,270,True,True,,accepted,195.0,False,,False,1,199.0,False,195.0
flow05,283,0,0.2,128.0,19,241.0,202.0,196.0,215.0,217.0,model_assisted,0.035750854409840646,model_assisted,0.035750854409840646,model_assisted,0.0,strong_evidence,1.0,True,True,241.0,47038.5546875,16774.845703125,2344.728271484375,12.907128451697297,0.0,3.5275590551181097,16.0,225,258,0.25878252201110286,weak_evidence,0.0,True,False,3.8692746829012137,54709.43669958603,2832.8973504226237,19.312184640726304,11331.589401690495,81,persistent_core_paired_edge_continuity_first_v2_1,186.0,267.0,11.43624570159624,8.862979459801766,2.5818642850983227,0.15161601454019547,0.17801224745318822,1.0,241.0,186.0,195.99354333165525,0.0,-9.993543331655246,1.0,12.907128451697297,240,243,213,229,254,270,True,True,UPPER_SEED_TRAJECTORY_OUTLIER;Z_EDGE_EVIDENCE_WEAK;Z_CONTINUITY_REJECTED_CONTINUITY,rejected_continuity,196.0,False,,True,1,199.0,False,196.0
flow05,284,0,0.2,128.0,19,241.2587825220111,203.0,196.0,215.0,217.0,high_confidence,0.8538699222429719,high_confidence,0.8538699222429719,high_confidence,0.9722920648177517,strong_evidence,0.9460121777801119,True,True,242.0,49944.1953125,13960.20703125,4191.53759765625,8.584913636793068,0.7412174779888971,3.5275590551181097,16.0,225,259,0.25878252201110286,strong_evidence,0.99930199791498,True,True,3.8692746829012137,56888.02894935198,3803.8850343498643,14.955244029627966,15215.540137399457,65,persistent_core_paired_edge_continuity_first_v2_1,196.0,261.0,8.418934955635256,6.18391883881169,-0.7868109293585909,0.22735299170017242,0.006263682318206065,1.0,242.0,196.0,195.98380673741545,0.7412174779888971,0.016193262584550894,0.0,8.584913636793068,240,243,213,229,254,270,True,True,,accepted,196.0,False,,False,1,200.0,False,196.0
flow05,285,0,0.2,128.0,19,241.49106619949865,204.0,196.0,215.0,217.0,model_assisted,0.17045557185223195,model_assisted,0.17045557185223195,model_assisted,0.8714007621668776,strong_evidence,0.9645702414758114,True,True,241.0,48536.8671875,13355.1435546875,5507.88134765625,6.387523879355763,-0.49106619949864694,3.5275590551181097,16.0,225,259,0.23228367748754408,weak_evidence,0.7872306812443344,True,False,3.8692746829012137,62544.72263532743,2584.8637516768063,24.196525869015165,12508.944527065487,82,persistent_core_paired_edge_continuity_first_v2_1,192.0,274.0,7.644027492583592,2.814643103394146,3.472444789704988,0.4523731879889965,0.16812283925165908,1.0,241.0,192.0,195.96312657852246,-0.49106619949864694,-3.9631265785224628,1.0,6.387523879355763,240,243,213,229,254,270,True,True,UPPER_SEED_TRAJECTORY_OUTLIER;Z_EDGE_EVIDENCE_WEAK;Z_CONTINUITY_REJECTED_CONTINUITY,rejected_continuity,196.0,False,,True,1,200.0,False,196.0
flow05,286,0,0.2,128.0,19,241.6782110934247,198.0,196.0,215.0,217.0,model_assisted,0.138829013221367,model_assisted,0.138829013221367,model_assisted,0.7761900564797978,strong_evidence,0.9769285007656331,True,True,242.0,47434.51953125,14067.2431640625,3229.9482421875,10.330591658208533,0.321788906575307,3.5275590551181097,16.0,225,259,0.18714489392604605,weak_evidence,0.6166991784004114,True,False,3.8692746829012137,54173.60154410053,4922.828143022994,11.004568912461322,19691.312572091974,59,persistent_core_paired_edge_continuity_first_v2_1,190.0,249.0,6.44795769069414,4.9422055241995775,-1.1018661273370227,0.15598289668560028,0.047868279869051455,1.0,242.0,190.0,195.92353667134168,0.321788906575307,-5.9235366713416795,1.0,10.330591658208533,241,244,214,230,255,271,True,True,UPPER_SEED_TRAJECTORY_OUTLIER;Z_EDGE_EVIDENCE_WEAK;Z_CONTINUITY_REJECTED_CONTINUITY,rejected_continuity,196.0,False,,True,1,200.0,False,196.0
flow05,287,0,0.2,128.0,19,241.81354187156913,203.0,196.0,215.0,217.0,high_confidence,0.670980194877882,high_confidence,0.670980194877882,high_confidence,0.9901993480119485,strong_evidence,0.9866971293662722,True,True,242.0,46624.75390625,13943.7880859375,4640.787109375,7.042117005171957,0.18645812843087128,3.5275590551181097,16.0,225,259,0.13533077814443573,strong_evidence,0.9937139975597498,True,True,3.8692746829012137,57043.30876622547,8724.39726743377,6.538366722381548,34897.58906973508,30,persistent_core_paired_edge_continuity_first_v2_1,196.0,226.0,3.3896965375599786,1.9436076243800757,0.9851406005036377,0.23948192596435547,0.04316154598645103,1.0,242.0,196.0,195.85498179637094,0.18645812843087128,0.14501820362906415,0.0,7.042117005171957,241,244,214,230,255,271,True,True,,accepted,196.0,False,,False,1,200.0,False,196.0
flow05,288,0,0.2,128.0,19,241.90137343823565,203.0,196.0,215.0,217.0,high_confidence,0.5,high_confidence,0.5,high_confidence,0.9548786961648411,strong_evidence,0.992985682406451,True,True,242.0,50257.1796875,15129.021484375,5463.55224609375,6.42954558149241,0.09862656176434825,3.5275590551181097,16.0,225,259,0.08783156666652303,strong_evidence,0.9182341100626764,True,True,3.8692746829012137,63338.048806424544,8755.684458075324,7.233934606678085,35022.737832301296,31,persistent_core_paired_edge_continuity_first_v2_1,195.0,226.0,4.06916921835979,2.8731544544216505,-0.785300447029086,0.3718418478965759,0.0021417182231498614,1.0,242.0,194.0,195.74726652738786,0.09862656176434825,-1.7472665273878647,0.0,6.42954558149241,241,244,214,230,255,271,True,True,,accepted,196.0,False,,False,1,200.0,False,196.0
flow05,289,0,0.2,128.0,19,241.95253092684737,201.0,196.0,215.0,217.0,high_confidence,0.6534254565884,high_confidence,0.6534254565884,high_confidence,0.9808404678242468,strong_evidence,0.9966301634566482,True,True,242.0,49445.34375,12641.7978515625,4420.22607421875,8.326168227705937,0.047469073152626606,3.5275590551181097,16.0,225,259,0.051157488611721647,strong_evidence,0.9653009296698203,True,True,3.8692746829012137,61979.16570797296,10880.439393492881,5.696384444275294,43521.757573971525,25,persistent_core_paired_edge_continuity_first_v2_1,197.0,222.0,3.5586172684449116,2.4959619576702203,-0.26860874042819843,0.21482300758361816,0.014610890418695314,1.0,242.0,196.0,195.59306628008707,0.047469073152626606,0.4069337199129279,0.0,8.326168227705937,241,244,214,230,255,271,True,True,,accepted,196.0,False,,False,1,200.0,False,196.0
flow05,290,0,0.2,128.0,19,241.97926930508595,206.0,195.0,214.0,216.0,high_confidence,0.8623060780116596,high_confidence,0.8623060780116596,high_confidence,0.9892034272718501,strong_evidence,0.9985297236894972,True,True,242.0,49337.83984375,15583.49609375,3155.285400390625,10.69771493438318,0.02073069491405022,3.5275590551181097,16.0,225,259,0.026738378238576388,strong_evidence,0.9799642387317216,True,True,3.8692746829012137,59009.00697225073,9922.645674386591,5.946902560934044,39690.582697546364,24,persistent_core_paired_edge_continuity_first_v2_1,196.0,220.0,3.507603968369924,2.442009359751372,-0.2827292112609681,0.12803781032562256,0.017838025724532407,1.0,242.0,195.0,195.39086202950688,0.02073069491405022,-0.3908620295068772,0.0,10.69771493438318,241,244,214,230,255,271,True,True,,accepted,196.0,False,,False,1,200.0,False,196.0
flow05,291,0,0.2,128.0,19,241.99180895307393,199.0,195.0,214.0,216.0,model_assisted,0.014633309251983383,model_assisted,0.014633309251983383,model_assisted,0.0,strong_evidence,0.9994193275260275,True,True,242.0,47963.40625,13619.330078125,5713.68115234375,6.010849267951725,0.008191046926071976,3.5275590551181097,16.0,225,259,0.012539647987978242,weak_evidence,0.0,True,False,3.8692746829012137,54968.00833290999,4574.963902581787,12.014960009168579,18299.855610327148,67,persistent_core_paired_edge_continuity_first_v2_1,184.0,251.0,3.8812410779763877,2.22326328083292,1.540752077405326,0.15917110443115234,0.29184682282803615,1.0,242.0,184.0,195.1463075438022,0.008191046926071976,-11.146307543802209,1.0,6.010849267951725,241,244,214,230,255,271,True,True,UPPER_SEED_TRAJECTORY_OUTLIER;Z_EDGE_EVIDENCE_WEAK;Z_CONTINUITY_REJECTED_CONTINUITY,rejected_continuity,196.0,False,,True,1,200.0,False,196.0
flow05,292,0,0.2,128.0,19,241.99708504779267,202.0,195.0,214.0,216.0,high_confidence,0.5359384744042391,high_confidence,0.5359384744042391,high_confidence,0.9190009043452023,strong_evidence,0.9261996329746617,True,True,243.0,48324.9453125,9807.619140625,2781.689208984375,13.846739616874055,1.002914952207334,3.5275590551181097,16.0,225,259,0.0052760947187380225,strong_evidence,0.9118581266058488,True,True,3.8692746829012137,59588.45864987459,3208.269418831657,18.573396080798815,12833.077675326627,67,persistent_core_paired_edge_continuity_first_v2_1,193.0,260.0,12.522447102696422,8.57820537769173,4.088201129172697,0.430782251060009,0.07507097653454689,1.0,243.0,193.0,194.87120773317722,1.002914952207334,-1.871207733177215,0.0,13.846739616874055,241,244,214,230,255,271,True,True,,accepted,196.0,False,,False,1,200.0,False,196.0
flow05,293,0,0.2,128.0,19,241.99907648017688,204.0,195.0,214.0,216.0,high_confidence,0.5,high_confidence,0.5,high_confidence,0.911709735926102,strong_evidence,0.8531093350550689,True,True,243.0,49355.42578125,12684.884765625,7206.24072265625,5.08871996189826,1.0009235198231181,3.5275590551181097,16.0,225,259,0.001991432384215841,strong_evidence,0.9743354203582677,True,True,3.8692746829012137,62681.225156539615,1419.6887752534815,44.15138461973685,12536.245031307924,66,persistent_core_paired_edge_continuity_first_v2_1,194.0,260.0,28.2523354655473,20.580591732909234,3.693889887421135,0.16429108381271362,0.07279775202554399,1.0,243.0,194.0,194.58065919989878,1.0009235198231181,-0.5806591998987756,0.0,5.08871996189826,241,244,214,230,255,271,True,True,,accepted,195.0,False,,False,1,201.0,False,195.0
flow05,294,0,0.2,128.0,19,241.9997506825486,199.0,194.0,213.0,215.0,high_confidence,0.5,high_confidence,0.5,high_confidence,0.979717482207386,strong_evidence,0.9911378026884159,True,True,242.0,49008.33984375,14419.97265625,5868.0712890625,5.894333160534241,0.0002493174513915619,3.5275590551181097,16.0,225,259,0.0006742023717265511,strong_evidence,0.9684287516218637,True,True,3.8692746829012137,63277.644721911565,8688.44826185,7.282962712657977,34753.7930474,25,persistent_core_paired_edge_continuity_first_v2_1,195.0,220.0,5.387594843224338,3.923068912415299,-0.1394017972208864,0.3151339143514633,0.02106707395337911,1.0,242.0,195.0,194.2899495390957,0.0002493174513915619,0.7100504609043128,0.0,5.894333160534241,241,244,214,230,255,271,True,True,,accepted,194.0,False,,False,1,201.0,False,194.0
flow05,295,0,0.2,128.0,19,241.99995538865727,199.0,194.0,213.0,215.0,high_confidence,0.5,high_confidence,0.5,high_confidence,0.8906657394462644,strong_evidence,0.9264192384184993,True,True,243.0,48507.765625,13714.59765625,4163.50341796875,8.356704552850964,1.0000446113427301,3.5275590551181097,16.0,225,259,0.00020470610866141215,strong_evidence,0.8562920830288321,True,True,3.8692746829012137,61473.47404007651,12127.453501855667,5.068951534686999,48509.81400742267,11,persistent_core_paired_edge_continuity_first_v2_1,197.0,208.0,3.417608414664136,2.4267954993065053,-0.1786263789265047,0.20143741369247437,0.0725814002488924,1.0,243.0,196.0,194.012650428079,1.0000446113427301,1.987349571920987,0.0,8.356704552850964,241,244,214,230,255,271,True,True,,accepted,195.0,False,,False,1,200.0,False,195.0
flow05,296,0,0.2,128.0,19,242.0000446113428,201.0,194.0,213.0,215.0,high_confidence,0.5,high_confidence,0.5,high_confidence,0.9193290403745004,strong_evidence,0.9999968383652398,True,True,242.0,47773.66796875,12818.791015625,2391.669677734375,14.615261161916683,-4.461134278699319e-05,3.5275590551181097,16.0,226,260,0.00016009476587441895,strong_evidence,0.8451685565901865,True,True,3.8692746829012137,61782.38127456757,12119.40918441474,5.097804714277506,48477.63673765896,7,persistent_core_paired_edge_continuity_first_v2_1,197.0,204.0,2.18083581739597,1.2117576161050894,-0.41379134681988006,0.26864340901374817,0.0030179148736447373,1.0,242.0,196.0,193.7601200092348,-4.461134278699319e-05,2.239879990765189,0.0,14.615261161916683,241,244,214,230,255,271,True,True,,accepted,195.0,False,,False,1,200.0,False,195.0
flow05,297,0,0.2,128.0,19,242.00020470610866,199.0,194.0,213.0,215.0,model_assisted,1.5933002413221869e-145,model_assisted,1.5933002413221869e-145,model_assisted,0.0,strong_evidence,0.9999854922631779,True,True,242.0,46855.47265625,11451.6640625,5329.5419921875,6.64293641848548,-0.00020470610866141215,3.5275590551181097,16.0,226,260,0.0005141076058521321,unavailable,0.0,False,False,3.8692746829012137,58889.27884091616,3537.316161000087,16.648011136292297,14149.264644000348,78,persistent_core_paired_edge_continuity_first_v2_1,188.0,266.0,,,,,,,242.0,,193.54147258142092,-0.00020470610866141215,,1.0,6.64293641848548,241,244,214,230,255,271,True,True,NO_VALID_UPPER_COMPONENT;Z_EDGE_EVIDENCE_UNAVAILABLE;Z_CONTINUITY_NO_CANDIDATE,no_candidate,,False,,True,1,201.0,False,195.0
flow05,298,0,0.2,128.0,19,242.0007188137145,204.0,193.0,212.0,214.0,high_confidence,0.8117435276711301,high_confidence,0.8117435276711301,high_confidence,0.9919984918645842,strong_evidence,0.9999490559893275,True,True,242.0,49864.0390625,17215.51953125,3563.60205078125,9.161662572310073,-0.0007188137145135443,3.5275590551181097,16.0,226,260,0.001477324778363709,strong_evidence,0.9841111424301525,True,True,3.8692746829012137,53505.56017342444,2557.825081989013,20.918381225590885,10701.11203468489,60,persistent_core_paired_edge_continuity_first_v2_1,193.0,253.0,9.883562777316033,6.354603109228272,-1.014618691734226,0.3523028641939163,0.04017054637584375,1.0,242.0,193.0,193.36304024225106,-0.0007188137145135443,-0.3630402422510599,0.0,9.161662572310073,241,244,214,230,255,271,True,True,,accepted,195.0,False,,False,1,201.0,False,195.0
flow05,299,0,0.2,128.0,19,242.00219613849288,205.0,193.0,212.0,214.0,high_confidence,0.506857527254922,high_confidence,0.506857527254922,high_confidence,0.9715546213035147,strong_evidence,0.9998443463744814,True,True,242.0,47961.04296875,11682.380859375,4754.43017578125,7.630496351418953,-0.002196138492877253,3.5275590551181097,16.0,226,260,0.00379876994031747,strong_evidence,0.9440653293674582,True,True,3.8692746829012137,55958.58857216241,7753.714948352466,7.217003584075871,31014.859793409865,18,persistent_core_paired_edge_continuity_first_v2_1,192.0,210.0,4.794361940416407,3.1792177061699585,0.568993128293549,0.24155393242835999,0.02985232861832281,1.0,242.0,192.0,193.22727938703196,-0.002196138492877253,-1.227279387031956,0.0,7.630496351418953,241,244,214,230,255,271,True,True,,accepted,195.0,False,,False,1,201.0,False,195.0
flow05,300,0,0.2,128.0,19,242.0059949084332,202.0,193.0,212.0,214.0,high_confidence,0.5,high_confidence,0.5,high_confidence,0.9309504041424335,strong_evidence,0.871657398867711,True,True,242.0,45042.40625,14517.765625,6690.1904296875,4.562596677300531,-0.005994908433194723,3.5275590551181097,16.0,226,260,0.008740878047717615,strong_evidence,0.9942767147950201,True,True,3.8692746829012137,52548.391000480435,6188.131395351705,8.491802717691618,24752.52558140682,40,persistent_core_paired_edge_continuity_first_v2_1,194.0,234.0,5.226968586215416,3.8228059019029392,-0.8062690241072694,0.463566429913044,0.00988593184167772,1.0,242.0,193.0,193.13211077442136,-0.005994908433194723,-0.13211077442136343,0.0,4.562596677300531,241,244,214,230,255,271,True,True,,accepted,195.0,False,,False,1,201.0,False,195.0
flow05,301,0,0.2,128.0,19,242.0147357864809,203.0,193.0,212.0,214.0,high_confidence,0.5074923270045256,high_confidence,0.5074923270045256,high_confidence,0.9383195130349115,strong_evidence,0.9252946894948016,True,True,241.0,44313.1875,15269.34765625,4003.9365234375,7.253821251595415,-1.0147357864809123,3.5275590551181097,16.0,226,260,0.017997500190858773,strong_evidence,0.9515276792767324,True,True,3.8692746829012137,48463.13421437997,3559.7716169950213,13.614113327666253,14239.086467980085,59,persistent_core_paired_edge_continuity_first_v2_1,192.0,251.0,3.97069821677493,2.224763183647894,-0.8264211541734217,0.03639349341392517,0.130147456804692,1.0,241.0,192.0,193.071650980768,-1.0147357864809123,-1.0716509807679984,0.0,7.253821251595415,241,244,214,230,255,271,True,True,,accepted,193.0,False,,False,1,200.0,False,193.0
flow05,302,0,0.2,128.0,19,242.03273328667177,209.0,193.0,212.0,214.0,model_assisted,0.3014138428288359,model_assisted,0.3014138428288359,model_assisted,0.8786008500350913,strong_evidence,0.9289233443592986,True,True,243.0,44332.3125,12642.0078125,3366.47265625,9.413504259024828,0.9672667133282289,3.5275590551181097,16.0,226,260,0.03315998842083445,weak_evidence,0.8310044724032751,True,False,3.8692746829012137,54302.13672851479,9735.099242732984,5.577974643561032,38940.396970931935,26,persistent_core_paired_edge_continuity_first_v2_1,196.0,222.0,3.747772054061026,2.512366667092772,0.5692481130835951,0.16538485884666443,0.07922035495897717,1.0,243.0,196.0,193.03833089758126,0.9672667133282289,2.961669102418739,1.0,9.413504259024828,241,244,214,230,255,271,True,True,UPPER_SEED_TRAJECTORY_OUTLIER;Z_EDGE_EVIDENCE_WEAK;Z_CONTINUITY_REJECTED_CONTINUITY,rejected_continuity,193.0,False,,True,1,200.0,False,193.0
flow05,303,0,0.2,128.0,19,242.0658932750926,198.0,193.0,212.0,214.0,high_confidence,0.5829659425352406,high_confidence,0.5829659425352406,high_confidence,0.992064291825174,strong_evidence,0.9852776512183221,True,True,242.0,47987.41015625,16890.12109375,5289.06298828125,5.8795459860094175,-0.06589327509260556,3.5275590551181097,16.0,226,260,0.05467157824568858,strong_evidence,0.9988976791441528,True,True,3.8692746829012137,62306.90832245385,1667.7210760129972,37.3605090315284,12461.381664490771,64,persistent_core_paired_edge_continuity_first_v2_1,193.0,257.0,24.36164571073199,17.23860977571395,3.5854317822886466,0.4399635083973408,0.047592692166843836,1.0,242.0,193.0,193.0255628938495,-0.06589327509260556,-0.025562893849496504,0.0,5.8795459860094175,241,244,214,230,255,271,True,True,,accepted,193.0,False,,False,1,200.0,False,193.0
flow05,304,0,0.2,128.0,19,242.1205648533383,201.0,193.0,212.0,214.0,model_assisted,0.18443430703068323,model_assisted,0.18443430703068323,model_assisted,0.7499002487996572,strong_evidence,0.9171531699136356,True,True,241.0,45365.73046875,17201.62890625,2429.491943359375,11.59258899354741,-1.1205648533382941,3.5275590551181097,16.0,226,260,0.08065919989877557,weak_evidence,0.6131477288605369,True,False,3.8692746829012137,58217.01832763771,12968.411380966656,4.489140313136662,51873.645523866624,3,persistent_core_paired_edge_continuity_first_v2_1,200.0,203.0,2.432495268051479,1.4677740944666273,0.5840323782479175,0.14670130610466003,0.014144674926797052,1.0,241.0,196.0,193.02985410373523,-1.1205648533382941,2.9701458962647678,1.0,11.59258899354741,241,244,214,230,255,271,True,True,UPPER_SEED_TRAJECTORY_OUTLIER;Z_EDGE_EVIDENCE_WEAK;Z_CONTINUITY_REJECTED_CONTINUITY,rejected_continuity,193.0,False,,True,1,200.0,False,193.0
flow05,305,0,0.2,128.0,19,242.20122405323707,198.0,193.0,212.0,214.0,high_confidence,0.5,high_confidence,0.5,high_confidence,0.871448330527598,strong_evidence,0.8415403516902173,True,True,244.0,47920.3359375,12570.0712890625,6198.275390625,5.7032420182403305,1.7987759467629303,3.5275590551181097,16.0,226,260,0.10648569402724206,strong_evidence,0.902419225951617,True,True,3.8692746829012137,60942.557382187835,1726.5904631589065,35.29647515293787,12188.511476437568,54,persistent_core_paired_edge_continuity_first_v2_1,192.0,246.0,14.465732295106378,8.281413292682858,8.104587185856236,0.3523028939962387,0.16099612556134665,1.0,244.0,191.0,193.05153172504646,1.7987759467629303,-2.051531725046459,0.0,5.7032420182403305,241,244,214,230,255,271,True,True,,accepted,193.0,False,,False,1,199.0,False,193.0
flow05,306,0,0.2,128.0,19,242.3077097472643,197.0,193.0,212.0,214.0,model_assisted,0.4469362774026542,model_assisted,0.4469362774026542,model_assisted,0.9306785736772668,strong_evidence,0.9779493293283357,True,True,242.0,48379.078125,12244.931640625,3593.246826171875,10.056127016153553,-0.3077097472643118,3.5275590551181097,16.0,226,260,0.12579798346030202,weak_evidence,0.8856927261219556,True,False,3.8692746829012137,60050.07136170657,10856.954764313903,5.531023446748366,43427.81905725561,19,persistent_core_paired_edge_continuity_first_v2_1,195.0,214.0,4.332738580511474,3.1442020296819586,0.8736640003433784,0.23577892780303955,0.04913341165119415,1.0,242.0,195.0,193.0939478779299,-0.3077097472643118,1.9060521220700934,1.0,10.056127016153553,241,244,214,230,255,271,True,True,UPPER_SEED_TRAJECTORY_OUTLIER;Z_EDGE_EVIDENCE_WEAK;Z_CONTINUITY_REJECTED_CONTINUITY,rejected_continuity,192.0,False,,True,1,198.0,False,192.0
flow05,307,0,0.2,128.0,19,242.4335077307246,198.0,193.0,212.0,214.0,high_confidence,0.5,high_confidence,0.5,high_confidence,0.8927569978372415,strong_evidence,0.8882187256435111,True,True,243.0,49296.890625,16237.955078125,6423.12255859375,5.146863576913092,0.5664922692753862,3.5275590551181097,16.0,226,260,0.1329845385507724,strong_evidence,0.8973184579169168,True,True,3.8692746829012137,58480.035843443155,10284.499407403826,5.686230659057969,41137.9976296153,15,persistent_core_paired_edge_continuity_first_v2_1,196.0,211.0,3.899638411362871,3.1021554188957445,-0.5941402715572421,0.13329574465751648,0.07722419373486614,1.0,243.0,195.0,193.16109915939634,0.5664922692753862,1.8389008406036567,0.0,5.146863576913092,241,244,214,230,255,271,True,True,,accepted,192.0,False,,False,1,198.0,False,192.0
flow05,308,0,0.2,128.0,19,242.5664922692754,199.0,193.0,212.0,214.0,high_confidence,0.5,high_confidence,0.5,high_confidence,0.8513502953042408,strong_evidence,0.7892602027593653,True,True,242.0,48088.9609375,14288.091796875,8317.34375,4.063901908662245,-0.5664922692753862,3.5275590551181097,16.0,226,260,0.1329845385507724,strong_evidence,0.9183249361625281,True,True,3.8692746829012137,55792.06861841529,9200.936684463675,6.063737914056456,36803.7467378547,23,persistent_core_paired_edge_continuity_first_v2_1,195.0,218.0,4.8717825542093385,3.385044347280526,0.6611905003548817,0.27272726595401764,0.02681702408554094,1.0,242.0,195.0,193.25451151159345,-0.5664922692753862,1.7454884884065507,0.0,4.063901908662245,242,245,215,231,256,272,True,True,,accepted,193.0,False,,False,1,198.0,False,193.0
flow05,309,0,0.2,128.0,19,242.6922902527357,201.0,193.0,212.0,214.0,high_confidence,0.5,high_confidence,0.5,high_confidence,0.9507036132525346,strong_evidence,0.9779493293283357,True,True,243.0,49965.9375,13159.5390625,4322.4306640625,8.51520852457283,0.3077097472643118,3.5275590551181097,16.0,226,260,0.12579798346030202,strong_evidence,0.9242169641572211,True,True,3.8692746829012137,53401.891824635626,4980.092811115152,10.723071607309619,19920.371244460606,56,persistent_core_paired_edge_continuity_first_v2_1,195.0,251.0,6.982532519681516,6.125965565591823,-2.862363754097481,0.36349600553512573,0.023024921733086724,1.0,243.0,195.0,193.37060873899446,0.3077097472643118,1.6293912610055372,0.0,8.51520852457283,242,245,215,231,256,272,True,True,,accepted,193.0,False,,False,1,198.0,False,193.0
flow05,310,0,0.2,128.0,19,242.79877594676293,206.0,194.0,213.0,215.0,high_confidence,0.5,high_confidence,0.5,high_confidence,0.9200161182084838,strong_evidence,0.9416903108105396,True,True,242.0,49848.2265625,13670.2177734375,4271.927734375,8.468778274957286,-0.7987759467629303,3.5275590551181097,16.0,226,260,0.10648569402724206,strong_evidence,0.8988407845407913,True,True,3.8692746829012137,56995.13400555237,12235.738915433802,4.658086806156053,48942.95566173521,14,persistent_core_paired_edge_continuity_first_v2_1,196.0,210.0,3.946655555623633,2.7923233770797515,-0.20198043201899873,0.2975265681743622,0.024733813017471556,1.0,242.0,194.0,193.5,-0.7987759467629303,0.5,0.0,8.468778274957286,242,245,215,231,256,272,True,True,,accepted,195.0,False,,False,1,198.0,False,195.0
flow05,311,0,0.2,128.0,19,242.8794351466617,205.0,194.0,213.0,215.0,model_assisted,0.23069625441609107,model_assisted,0.23069625441609107,model_assisted,0.8617933755356043,strong_evidence,0.9171531699136356,True,True,244.0,47783.5078125,15829.03125,4131.26416015625,7.734793836395937,1.1205648533382941,3.5275590551181097,16.0,226,260,0.08065919989877557,weak_evidence,0.8097751242434095,True,False,3.8692746829012137,55882.01911258351,3565.4610520482233,15.673153709106257,14261.844208192893,66,persistent_core_paired_edge_continuity_first_v2_1,190.0,256.0,6.3185754440279185,3.371178205912325,1.902873071430097,0.3626003712415695,0.14518675465990027,1.0,244.0,190.0,193.62939126100557,1.1205648533382941,-3.6293912610055656,1.0,7.734793836395937,242,245,215,231,256,272,True,True,UPPER_SEED_TRAJECTORY_OUTLIER;Z_EDGE_EVIDENCE_WEAK;Z_CONTINUITY_REJECTED_CONTINUITY,rejected_continuity,195.0,False,,True,1,198.0,False,195.0
flow05,312,0,0.2,128.0,19,242.9341067249074,203.0,194.0,213.0,215.0,high_confidence,0.564416931564408,high_confidence,0.564416931564408,high_confidence,0.992112713943099,strong_evidence,0.9953191531305104,True,True,243.0,49401.515625,15868.630859375,5457.99365234375,6.143811609459355,0.06589327509260556,3.5275590551181097,16.0,226,260,0.05467157824568858,strong_evidence,0.9889166043592426,True,True,3.8692746829012137,59462.48317004382,4638.542410731145,12.81921731112751,18554.16964292458,33,persistent_core_paired_edge_continuity_first_v2_1,194.0,227.0,8.316997574104224,5.7615220558055915,1.1484061059236284,0.3689141571521759,0.04176132035031275,1.0,243.0,194.0,193.74553309974934,0.06589327509260556,0.2544669002506623,0.0,6.143811609459355,242,245,215,231,256,272,True,True,,accepted,195.0,False,,False,1,199.0,False,195.0
flow05,313,0,0.2,128.0,19,242.96726671332829,209.0,194.0,213.0,215.0,model_assisted,0.17839470047585143,model_assisted,0.17839470047585143,model_assisted,0.8849539193595332,strong_evidence,0.9976774773822313,True,True,243.0,49719.3984375,14711.76171875,5019.65771484375,6.974108337153762,0.03273328667171427,3.5275590551181097,16.0,226,260,0.033159988420891295,weak_evidence,0.7849665419376408,True,False,3.8692746829012137,59273.56042036326,10291.991930695729,5.759192274877388,41167.967722782916,23,persistent_core_paired_edge_continuity_first_v2_1,196.0,219.0,3.049332689873438,1.8316815741737515,-0.179604861689188,0.2549995929002762,0.18063789752125403,1.0,243.0,190.0,193.83910554671235,0.03273328667171427,-3.8391055467123465,1.0,6.974108337153762,242,245,215,231,256,272,True,True,UPPER_SEED_TRAJECTORY_OUTLIER;Z_EDGE_EVIDENCE_WEAK;Z_CONTINUITY_REJECTED_CONTINUITY,rejected_continuity,195.0,False,,True,1,200.0,False,195.0
flow05,314,0,0.2,128.0,19,242.98526421351914,199.0,194.0,213.0,215.0,high_confidence,0.5,high_confidence,0.5,high_confidence,0.9534470186909217,strong_evidence,0.9989551210319014,True,True,243.0,47860.96875,8896.02734375,5624.31201171875,6.927948045034327,0.014735786480855495,3.5275590551181097,16.0,226,260,0.017997500190858773,strong_evidence,0.9100120699231855,True,True,3.8692746829012137,57058.008937571925,7016.847785523108,8.131572848892608,28067.39114209243,44,persistent_core_paired_edge_continuity_first_v2_1,193.0,237.0,4.455910441986127,2.915698491864564,-0.578830011127764,0.3473232388496399,0.0775858042279382,1.0,243.0,192.0,193.90677093578458,0.014735786480855495,-1.9067709357845786,0.0,6.927948045034327,242,245,215,231,256,272,True,True,,accepted,195.0,False,,False,1,201.0,False,195.0
flow05,315,0,0.2,128.0,19,242.9940050915668,200.0,194.0,213.0,215.0,high_confidence,0.5,high_confidence,0.5,high_confidence,0.9601342019370864,strong_evidence,0.9995750473353978,True,True,243.0,50038.6171875,16385.66796875,5317.7958984375,6.328364206049741,0.005994908433194723,3.5275590551181097,16.0,226,260,0.008740878047660772,strong_evidence,0.9222495981535295,True,True,3.8692746829012137,62012.150630534896,13091.932482125332,4.73666899177805,52367.72992850133,6,persistent_core_paired_edge_continuity_first_v2_1,197.0,203.0,3.0313034432575745,1.92810719345419,-0.1443287364511885,0.32744333148002625,0.021932997466203568,1.0,243.0,194.0,193.95068671911784,0.005994908433194723,0.049313280882159916,0.0,6.328364206049741,242,245,215,231,256,272,True,True,,accepted,194.0,False,,False,1,202.0,False,194.0
flow05,316,0,0.2,128.0,19,242.99780386150712,198.0,194.0,213.0,215.0,high_confidence,0.5,high_confidence,0.5,high_confidence,0.7994812379453553,strong_evidence,0.9998443463744814,True,True,243.0,47215.12109375,11828.4921875,4595.5703125,7.7001604806258745,0.002196138492877253,3.5275590551181097,16.0,226,260,0.00379876994031747,strong_evidence,0.6392697544816073,True,True,3.8692746829012137,52933.484186786,12572.795666008062,4.210160221556571,50291.18266403225,3,persistent_core_paired_edge_continuity_first_v2_1,197.0,200.0,3.6477968735759374,2.6153587081285017,0.8470443995313803,0.21781060099601746,0.042459603626337196,1.0,243.0,192.0,193.97626546342372,0.002196138492877253,-1.9762654634237151,0.0,7.7001604806258745,242,245,215,231,256,272,True,True,,accepted,194.0,False,,False,1,202.0,False,194.0
flow05,317,0,0.2,128.0,19,242.99928118628554,199.0,194.0,213.0,215.0,model_assisted,0.2829106561937665,model_assisted,0.2829106561937665,model_assisted,0.8889508936992876,strong_evidence,0.9264776381529525,True,True,242.0,47572.4140625,10929.53515625,4483.88330078125,8.17213037187331,-0.9992811862855433,3.5275590551181097,16.0,226,260,0.0014773247784205523,weak_evidence,0.8529441606212866,True,False,3.8692746829012137,51456.79113550297,10230.268979074395,5.029857107448081,40921.07591629758,19,persistent_core_paired_edge_continuity_first_v2_1,196.0,215.0,3.3138954001569823,2.293608206414064,0.3373172356425307,0.10323864221572876,0.05251244471005341,1.0,242.0,196.0,193.98963465254297,-0.9992811862855433,2.010365347457025,1.0,8.17213037187331,242,245,215,231,256,272,True,True,UPPER_SEED_TRAJECTORY_OUTLIER;Z_EDGE_EVIDENCE_WEAK;Z_CONTINUITY_REJECTED_CONTINUITY,rejected_continuity,194.0,False,,True,1,203.0,False,194.0
flow05,318,0,0.2,128.0,19,242.99979529389134,204.0,194.0,213.0,215.0,high_confidence,0.5344713643729964,high_confidence,0.5344713643729964,high_confidence,0.930059829047232,strong_evidence,0.926406991180582,True,True,244.0,48824.296875,15603.54296875,3873.361083984375,8.576725274493931,1.0002047061086614,3.5275590551181097,16.0,226,260,0.0005141076057952887,strong_evidence,0.9337270701131313,True,True,3.8692746829012137,61725.54560897086,10997.568123448928,5.612654080983607,43990.27249379571,18,persistent_core_paired_edge_continuity_first_v2_1,196.0,214.0,4.19757348396887,2.988315576717527,1.4845467308970106,0.21605956554412842,0.017629489586609953,1.0,244.0,195.0,193.99590447653696,1.0002047061086614,1.004095523463036,0.0,8.576725274493931,242,245,215,231,256,272,True,True,,accepted,194.0,False,,False,1,203.0,False,194.0
flow05,319,0,0.2,128.0,19,242.9999553886572,200.0,194.0,213.0,215.0,high_confidence,0.705932387802032,high_confidence,0.705932387802032,high_confidence,0.9771655159562532,strong_evidence,0.9999968383652398,True,True,243.0,48866.140625,11874.28125,3752.902099609375,9.856867670182588,4.461134278699319e-05,3.5275590551181097,16.0,226,260,0.00016009476587441895,strong_evidence,0.9548554644782781,True,True,3.8692746829012137,58420.91442555956,7280.457687522127,8.02434639867303,29121.83075008851,36,persistent_core_paired_edge_continuity_first_v2_1,195.0,231.0,6.4494932236915945,4.783610554149408,1.8542373953063271,0.2811333239078522,0.021741698870303743,1.0,243.0,195.0,193.99854252389633,4.461134278699319e-05,1.001457476103667,0.0,9.856867670182588,242,245,215,231,256,272,True,True,,accepted,194.0,False,,False,1,202.0,False,194.0
flow05,320,0,0.2,128.0,19,243.0,203.0,194.0,213.0,215.0,high_confidence,0.5,high_confidence,0.5,high_confidence,0.940576271929358,strong_evidence,0.9264226511541201,True,True,244.0,45791.9453125,15333.3427734375,4366.5791015625,6.9753923679439245,1.0,3.5275590551181097,16.0,227,260,4.461134278699319e-05,strong_evidence,0.954946127682011,True,True,3.8692746829012137,52271.46094777902,1955.059903550194,26.736500939362145,10454.292189555805,55,persistent_core_paired_edge_continuity_first_v2_1,193.0,248.0,12.417562155559018,9.421067095736007,-3.4026761176500835,0.30380044877529144,0.08904844343310228,1.0,244.0,193.0,193.99953824008844,1.0,-0.9995382400884409,0.0,6.9753923679439245,242,245,215,231,256,272,True,True,,accepted,194.0,False,,False,1,203.0,False,194.0
flow05,321,0,0.2,128.0,19,243.0,209.0,194.0,213.0,215.0,model_assisted,2.398487868841356e-145,model_assisted,2.398487868841356e-145,model_assisted,0.0,strong_evidence,1.0,True,True,243.0,50052.54296875,12627.6044921875,2174.823486328125,17.208264814055827,0.0,3.5275590551181097,16.0,227,260,0.0,unavailable,0.0,False,False,3.8692746829012137,55874.30734604373,5029.611550573632,11.109070110925607,20118.446202294526,43,persistent_core_paired_edge_continuity_first_v2_1,187.0,230.0,,,,,,,243.0,,193.99987534127428,0.0,,1.0,17.208264814055827,242,245,215,231,256,272,True,True,NO_VALID_UPPER_COMPONENT;Z_EDGE_EVIDENCE_UNAVAILABLE;Z_CONTINUITY_NO_CANDIDATE,no_candidate,,False,,True,1,203.0,False,194.0
flow05,322,0,0.2,128.0,19,243.0,199.0,194.0,213.0,215.0,high_confidence,0.5344663687710254,high_confidence,0.5344663687710254,high_confidence,0.9598555296575183,strong_evidence,1.0,True,True,243.0,46718.0625,12409.48828125,3621.1005859375,9.474626126649706,0.0,3.5275590551181097,16.0,227,260,0.0,strong_evidence,0.921322637814115,True,True,3.8692746829012137,59894.61731475099,12764.390004190793,4.692321160281568,51057.56001676317,12,persistent_core_paired_edge_continuity_first_v2_1,196.0,208.0,2.5283734097193955,1.8042247998626249,-0.5052709948808567,0.13640370965003967,0.052082411094506585,1.0,243.0,194.0,193.9999776943286,0.0,2.2305671393496596e-05,0.0,9.474626126649706,242,245,215,231,256,272,True,True,,accepted,194.0,False,,False,1,203.0,False,194.0
flow05,323,0,0.2,128.0,19,243.0,204.0,194.0,213.0,215.0,high_confidence,0.6737256042484719,high_confidence,0.6737256042484719,high_confidence,1.0,strong_evidence,1.0,True,True,243.0,48122.4375,14958.01171875,4922.5419921875,6.737256042484719,0.0,3.5275590551181097,16.0,227,260,0.0,strong_evidence,1.0,True,True,3.8692746829012137,53379.51477990595,8123.885918324936,6.5706873922858176,32495.543673299744,47,persistent_core_paired_edge_continuity_first_v2_1,194.0,241.0,4.008710622736467,3.1466977722666236,-0.9740797424853702,0.11664405465126038,0.029339701280925487,1.0,243.0,194.0,194.0,0.0,0.0,0.0,6.737256042484719,242,245,215,231,256,272,True,True,,accepted,194.0,False,,False,1,203.0,False,194.0
flow05,324,0,0.2,128.0,19,243.0,198.0,194.0,213.0,215.0,model_assisted,0.36787944117144233,model_assisted,0.36787944117144233,model_assisted,0.8869563034842308,strong_evidence,0.9264226511541201,True,True,244.0,49441.484375,15324.33203125,2733.654541015625,12.48041836737519,1.0,3.5275590551181097,16.0,227,260,4.461134278699319e-05,weak_evidence,0.849171253866003,True,False,3.8692746829012137,52091.3505046729,8474.930881423848,6.146522164428695,33899.72352569539,27,persistent_core_paired_edge_continuity_first_v2_1,193.0,220.0,3.7413771280952037,2.1929440517363186,-0.0012128598779429167,0.384151354432106,0.03513297100153965,1.0,244.0,191.0,194.0,1.0,-3.0,1.0,12.48041836737519,242,245,215,231,256,272,True,True,UPPER_SEED_TRAJECTORY_OUTLIER;Z_EDGE_EVIDENCE_WEAK;Z_CONTINUITY_REJECTED_CONTINUITY,rejected_continuity,194.0,False,,True,1,202.0,False,194.0
flow05,325,0,0.2,128.0,19,243.0000446113428,207.0,194.0,213.0,215.0,model_assisted,0.0644130953624566,model_assisted,0.0644130953624566,model_assisted,0.7499260052964531,strong_evidence,0.9999968383652398,True,True,243.0,47991.1875,11554.337890625,4467.00048828125,8.156894028770223,-4.461134278699319e-05,3.5275590551181097,16.0,227,261,0.00016009476587441895,weak_evidence,0.5623907914941711,True,False,3.8692746829012137,54143.3548110424,11397.425917973187,4.750489733445949,45589.70367189275,14,persistent_core_paired_edge_continuity_first_v2_1,197.0,211.0,1.9938243450078201,0.855394067959795,-0.15451180952813973,0.324395552277565,0.18970664393412717,1.0,243.0,188.0,194.0,-4.461134278699319e-05,-6.0,1.0,8.156894028770223,242,245,215,231,256,272,True,True,UPPER_SEED_TRAJECTORY_OUTLIER;Z_EDGE_EVIDENCE_WEAK;Z_CONTINUITY_REJECTED_CONTINUITY,rejected_continuity,194.0,False,,True,1,202.0,False,194.0
flow05,326,0,0.2,128.0,19,243.00020470610866,201.0,194.0,213.0,215.0,high_confidence,0.5,high_confidence,0.5,high_confidence,0.9474538087798596,strong_evidence,0.9264383108629511,True,True,244.0,48556.40234375,11562.20703125,6131.35888671875,6.033604621095303,0.9997952938913386,3.5275590551181097,16.0,227,261,0.0005141076058521321,strong_evidence,0.9689460261367104,True,True,3.8692746829012137,61846.602093257956,11330.937288904595,5.458207076463037,45323.74915561838,20,persistent_core_paired_edge_continuity_first_v2_1,195.0,215.0,3.515505026065872,2.324243528369848,0.3330013178636894,0.2147427201271057,0.037281757708414215,1.0,244.0,194.0,194.0,0.9997952938913386,0.0,0.0,6.033604621095303,242,245,215,231,256,272,True,True,,accepted,194.0,False,,False,1,202.0,False,194.0
flow05,327,0,0.2,128.0,19,243.0007188137145,204.0,194.0,213.0,215.0,high_confidence,0.5856512635290126,high_confidence,0.5856512635290126,high_confidence,0.9332292523097081,strong_evidence,0.9999490559893275,True,True,243.0,48199.8359375,13156.251953125,2611.652587890625,13.418164478254338,-0.0007188137145135443,3.5275590551181097,16.0,227,261,0.001477324778363709,strong_evidence,0.8709612076235933,True,True,3.8692746829012137,59945.23584315351,12601.601462215569,4.756953790587038,50406.405848862276,5,persistent_core_paired_edge_continuity_first_v2_1,202.0,207.0,3.990902892166067,2.75882815231271,0.2698464512269588,0.3510463684797287,0.017382636403947584,1.0,243.0,194.0,194.0,-0.0007188137145135443,0.0,0.0,13.418164478254338,242,245,215,231,256,272,True,True,,accepted,194.0,False,,False,1,201.0,False,194.0
flow05,328,0,0.2,128.0,19,243.00219613849288,199.0,194.0,213.0,215.0,high_confidence,0.513417119032592,high_confidence,0.513417119032592,high_confidence,0.9513126936709915,strong_evidence,0.9998443463744814,True,True,243.0,48945.875,13227.78125,3002.314208984375,11.896853981210295,-0.002196138492877253,3.5275590551181097,16.0,227,261,0.00379876994031747,strong_evidence,0.9051367289530091,True,True,3.8692746829012137,55301.346672498315,9068.993153667598,6.09784854122796,36275.97261467039,26,persistent_core_paired_edge_continuity_first_v2_1,196.0,222.0,3.444844405660058,2.1653960247845965,1.12097691333206,0.17048457264900208,0.0022720106767397546,1.0,243.0,196.0,194.0,-0.002196138492877253,2.0,0.0,11.896853981210295,242,245,215,231,256,272,True,True,,accepted,194.0,False,,False,1,201.0,False,194.0
flow05,329,0,0.2,128.0,19,243.0059949084332,204.0,194.0,213.0,215.0,high_confidence,0.6387696298949752,high_confidence,0.6387696298949752,high_confidence,0.9203127456238245,strong_evidence,0.8469755497576623,True,True,245.0,48625.671875,12082.3818359375,5720.88720703125,6.387696298949752,1.9940050915668053,3.5275590551181097,16.0,227,261,0.008740878047660772,strong_evidence,1.0,True,True,3.8692746829012137,64572.21540592735,9901.744804323054,6.521296668616973,39606.97921729222,16,persistent_core_paired_edge_continuity_first_v2_1,195.0,211.0,4.499954641492938,3.4179530764728283,-0.29404088458815053,0.15172100067138672,0.0023574249205586583,1.0,245.0,194.0,194.0,1.9940050915668053,0.0,0.0,6.387696298949752,242,245,215,231,256,272,True,True,,accepted,194.0,False,,False,1,202.0,False,194.0
flow05,330,0,0.2,128.0,19,243.01473578648086,202.0,194.0,213.0,215.0,high_confidence,0.5,high_confidence,0.5,high_confidence,0.9043594870115028,strong_evidence,0.925294689494806,True,True,242.0,47778.703125,16393.095703125,3367.875,9.319112918939984,-1.0147357864808555,3.5275590551181097,16.0,227,261,0.017997500190858773,strong_evidence,0.8838979527638363,True,True,3.8692746829012137,55912.65311345258,11750.541627911978,4.758304330469235,47002.16651164791,14,persistent_core_paired_edge_continuity_first_v2_1,197.0,211.0,3.0173576361683114,1.8164299446028263,0.760579974095732,0.25928160548210144,0.014340049544916599,1.0,242.0,195.0,193.9999776943286,-1.0147357864808555,1.0000223056713935,0.0,9.319112918939984,242,245,215,231,256,272,True,True,,accepted,194.0,False,,False,1,202.0,False,194.0
flow05,331,0,0.2,128.0,19,243.03273328667171,197.0,194.0,213.0,215.0,high_confidence,0.5075970350467823,high_confidence,0.5075970350467823,high_confidence,0.9392941751323433,strong_evidence,0.923915189531594,True,True,242.0,47681.08203125,14363.2138671875,4703.35888671875,7.083845601947329,-1.0327332866717143,3.5275590551181097,16.0,227,261,0.033159988420891295,strong_evidence,0.954929150894081,True,True,3.8692746829012137,53402.05848897597,6294.166703855792,8.484373071380839,25176.666815423167,33,persistent_core_paired_edge_continuity_first_v2_1,193.0,226.0,5.153199026502058,3.0943375124012595,0.3969862264545023,0.39359329640865326,0.044230918122483025,1.0,242.0,193.0,193.99989764694567,-1.0327332866717143,-0.9998976469456693,0.0,7.083845601947329,242,245,215,231,256,272,True,True,,accepted,194.0,False,,False,1,201.0,False,194.0
flow05,332,0,0.2,128.0,19,243.0658932750926,207.0,194.0,213.0,215.0,high_confidence,0.8414814539866872,high_confidence,0.8414814539866872,high_confidence,0.9976486294220963,strong_evidence,0.9953191531305104,True,True,243.0,49401.37109375,13745.8046875,4236.6982421875,8.415885288030392,-0.06589327509260556,3.5275590551181097,16.0,227,261,0.054671578245631736,strong_evidence,0.9999835576933573,True,True,3.8692746829012137,56071.56501611502,6244.0029979877545,8.980066959318425,24976.011991951018,42,persistent_core_paired_edge_continuity_first_v2_1,194.0,236.0,6.328141392169482,4.419712972542863,1.8670980383997722,0.21486303210258484,0.08668808587925157,1.0,243.0,194.0,193.99961828747138,-0.06589327509260556,0.000381712528621847,0.0,8.415885288030392,242,245,215,231,256,272,True,True,,accepted,194.0,False,,False,1,201.0,False,194.0
flow05,333,0,0.2,128.0,19,243.12056485333824,200.0,194.0,213.0,215.0,high_confidence,0.8600670219182499,high_confidence,0.8600670219182499,high_confidence,0.9254535277600413,strong_evidence,0.8565085222177579,True,True,245.0,47977.1875,11591.568359375,4228.86376953125,8.60411238658988,1.8794351466617627,3.5275590551181097,16.0,227,261,0.08065919989883241,strong_evidence,0.9999482898615677,True,True,3.8692746829012137,57212.99915988273,8316.335100848586,6.8795928093427605,33265.340403394344,36,persistent_core_paired_edge_continuity_first_v2_1,195.0,231.0,4.831248285786998,3.238779107450597,-0.03488429908103006,0.36154434084892273,0.03490255420776796,1.0,245.0,194.0,193.99879957769923,1.8794351466617627,0.0012004223007693327,0.0,8.60411238658988,242,245,215,231,256,272,True,True,,accepted,194.0,False,,False,1,202.0,False,194.0
flow05,334,0,0.2,128.0,19,243.20122405323707,201.0,194.0,213.0,215.0,high_confidence,0.7949653074450685,high_confidence,0.7949653074450685,high_confidence,0.9927202237373713,strong_evidence,0.9856359810279746,True,True,243.0,48269.4140625,10762.1005859375,4712.83056640625,7.95855334667029,-0.2012240532370697,3.5275590551181097,16.0,227,261,0.10648569402724206,strong_evidence,0.9998553843269303,True,True,3.8692746829012137,65271.44768540196,1746.0940832468211,37.3814036206063,13054.289537080393,72,persistent_core_paired_edge_continuity_first_v2_1,194.0,266.0,30.635755808724106,23.86598717931407,7.1394926806411085,0.38022778183221817,0.006518900045142872,1.0,243.0,194.0,193.99664313892617,-0.2012240532370697,0.003356861073825712,0.0,7.95855334667029,242,245,215,231,256,272,True,True,,accepted,194.0,False,,False,1,202.0,False,194.0
flow05,335,0,0.2,128.0,19,243.3077097472643,197.0,194.0,213.0,215.0,high_confidence,0.6877076405245489,high_confidence,0.6877076405245489,high_confidence,0.9665704932073144,strong_evidence,0.9779493293283357,True,True,243.0,47482.78515625,12455.2421875,3659.877685546875,9.570686776521612,-0.3077097472643118,3.5275590551181097,16.0,227,261,0.12579798346030202,strong_evidence,0.9553240544483915,True,True,3.8692746829012137,55216.52539791174,6648.7187074491785,8.304837041165168,26594.874829796714,33,persistent_core_paired_edge_continuity_first_v2_1,193.0,226.0,4.574279674064967,2.7328641320106946,0.2609579599902641,0.362580344080925,0.005360511634804473,1.0,243.0,193.0,193.99153403751313,-0.3077097472643118,-0.9915340375131336,0.0,9.570686776521612,242,245,215,231,256,272,True,True,,accepted,194.0,False,,False,1,201.0,False,194.0
flow05,336,0,0.2,128.0,19,243.4335077307246,198.0,194.0,213.0,215.0,model_assisted,0.035905002989833686,model_assisted,0.035905002989833686,model_assisted,0.0,strong_evidence,0.9687900442172827,True,True,243.0,47703.421875,13172.873046875,3089.167236328125,11.177947384023478,-0.4335077307246138,3.5275590551181097,16.0,227,261,0.1329845385507724,weak_evidence,0.0,True,False,3.8692746829012137,53498.93062242518,5590.8160922654,9.569073591320262,22363.2643690616,43,persistent_core_paired_edge_continuity_first_v2_1,193.0,236.0,5.845120196408185,4.775016540322712,-0.4967971988951196,0.10955016314983368,0.14986852518193783,1.0,243.0,184.0,193.98063590244755,-0.4335077307246138,-9.980635902447546,1.0,11.177947384023478,242,245,215,231,256,272,True,True,UPPER_SEED_TRAJECTORY_OUTLIER;Z_EDGE_EVIDENCE_WEAK;Z_CONTINUITY_REJECTED_CONTINUITY,rejected_continuity,194.0,False,,True,1,201.0,False,194.0
flow05,337,0,0.2,128.0,19,243.5664922692754,197.0,194.0,213.0,215.0,high_confidence,0.6204862487853431,high_confidence,0.6204862487853431,high_confidence,0.9834148601376387,strong_evidence,0.9687900442172827,True,True,244.0,49085.234375,16975.044921875,5105.9267578125,6.288807297126558,0.4335077307246138,3.5275590551181097,16.0,227,261,0.1329845385507724,strong_evidence,0.9982604516966185,True,True,3.8692746829012137,57426.60469950747,7688.223664472341,7.469424304716658,30752.894657889363,22,persistent_core_paired_edge_continuity_first_v2_1,194.0,216.0,4.985102707834292,3.495257772297845,0.7234148183919533,0.19319185614585876,0.04931724466873196,1.0,244.0,194.0,193.95968546921327,0.4335077307246138,0.04031453078673053,0.0,6.288807297126558,243,246,216,232,257,273,True,True,,accepted,194.0,False,,False,1,201.0,False,194.0
flow05,338,0,0.2,128.0,19,243.6922902527357,200.0,194.0,213.0,215.0,model_assisted,0.31970727470192645,model_assisted,0.31970727470192645,model_assisted,0.8778110571288692,strong_evidence,0.902576212463618,True,True,245.0,49590.1640625,13441.658203125,4267.1650390625,8.471316559932461,1.3077097472643118,3.5275590551181097,16.0,227,261,0.12579798346030202,weak_evidence,0.8537254155130564,True,False,3.8692746829012137,62756.520990339326,1214.1607660777956,51.687159347988924,12551.304198067866,77,persistent_core_paired_edge_continuity_first_v2_1,191.0,268.0,17.47882366103974,7.813931001428111,6.824874808948098,0.4070589914917946,0.11486036100372207,1.0,245.0,191.0,193.92335092999502,1.3077097472643118,-2.923350929995024,1.0,8.471316559932461,243,246,216,232,257,273,True,True,UPPER_SEED_TRAJECTORY_OUTLIER;Z_EDGE_EVIDENCE_WEAK;Z_CONTINUITY_REJECTED_CONTINUITY,rejected_continuity,194.0,False,,True,1,201.0,False,194.0
flow05,339,0,0.2,128.0,19,243.79877594676293,203.0,194.0,213.0,215.0,high_confidence,0.5297797997285031,high_confidence,0.5297797997285031,high_confidence,0.94844814465811,strong_evidence,0.9047893346197885,True,True,243.0,50460.77734375,16756.404296875,6084.939453125,5.538982483969611,-0.7987759467629303,3.5275590551181097,16.0,227,261,0.10648569402724206,strong_evidence,0.9942136237530061,True,True,3.8692746829012137,64185.24450974545,8084.531681426634,7.939265629597856,32338.126725706537,30,persistent_core_paired_edge_continuity_first_v2_1,194.0,224.0,6.393673112848981,5.245325832185268,-0.6804886575496125,0.22422483563423157,0.0195499076577903,1.0,243.0,194.0,193.8664413358352,-0.7987759467629303,0.13355866416480922,0.0,5.538982483969611,243,246,216,232,257,273,True,True,,accepted,194.0,False,,False,1,201.0,False,194.0
flow05,340,0,0.2,128.0,19,243.87943514666173,203.0,194.0,213.0,215.0,high_confidence,0.5,high_confidence,0.5,high_confidence,0.8842017166017822,strong_evidence,0.9171531699136378,True,True,245.0,47791.91796875,16430.498046875,3375.085205078125,9.292037983126727,1.1205648533382657,3.5275590551181097,16.0,227,261,0.08065919989880399,strong_evidence,0.8524341421784067,True,True,3.8692746829012137,61922.35330893021,11894.335992381062,5.206037003544769,47577.34396952425,14,persistent_core_paired_edge_continuity_first_v2_1,198.0,212.0,2.846776335551355,1.684259314028678,0.2596060238421996,0.23651421070098877,0.04371365543896014,1.0,245.0,196.0,193.78586269969873,1.1205648533382657,2.2141373003012745,0.0,9.292037983126727,243,246,216,232,257,273,True,True,,accepted,194.0,False,,False,1,202.0,False,194.0
flow05,341,0,0.2,128.0,19,243.93410672490737,198.0,194.0,213.0,215.0,model_assisted,0.49,model_assisted,0.49,model_assisted,0.9503757753126213,strong_evidence,0.9314497903714382,True,True,243.0,49459.5625,13746.33203125,5133.7939453125,6.956498614705522,-0.934106724907366,3.5275590551181097,16.0,227,261,0.054671578245631736,weak_evidence,0.9696863144291304,True,False,3.8692746829012137,61487.417934759156,2403.7584591051204,25.579699034174133,12297.483586951832,60,persistent_core_paired_edge_continuity_first_v2_1,193.0,253.0,19.092542840264407,15.181224258051895,-0.9751355105479228,0.19434815645217896,0.025803886531210345,1.0,243.0,193.0,193.6826341080192,-0.934106724907366,-0.6826341080191867,1.0,6.956498614705522,243,246,216,232,257,273,True,True,UPPER_SEED_TRAJECTORY_OUTLIER;Z_EDGE_EVIDENCE_WEAK;Z_CONTINUITY_REJECTED_CONTINUITY,rejected_continuity,194.0,False,,True,1,201.0,False,194.0
flow05,342,0,0.2,128.0,19,243.96726671332826,208.0,194.0,213.0,215.0,high_confidence,0.5,high_confidence,0.5,high_confidence,0.9503125665081427,strong_evidence,0.9976774773822293,True,True,244.0,50720.09765625,13964.2216796875,6053.28125,6.072058187708113,0.03273328667174269,3.5275590551181097,16.0,227,261,0.033159988420891295,strong_evidence,0.9051963129736971,True,True,3.8692746829012137,53650.60171633081,9620.954514729192,5.576432321158412,38483.81805891677,30,persistent_core_paired_edge_continuity_first_v2_1,195.0,225.0,2.821515730650301,1.4985166376327503,0.7847673601220654,0.24699226021766663,0.09866926560264826,1.0,244.0,192.0,193.56289899173018,0.03273328667174269,-1.5628989917301794,0.0,6.072058187708113,243,246,216,232,257,273,True,True,,accepted,194.0,False,,False,1,201.0,False,194.0
flow05,343,0,0.2,128.0,19,243.98526421351912,204.0,193.0,212.0,214.0,high_confidence,0.5,high_confidence,0.5,high_confidence,0.9067809317757306,strong_evidence,0.8383444412219907,True,True,243.0,48171.3671875,11354.681640625,7511.42626953125,4.901424073909274,-0.9852642135191161,3.5275590551181097,16.0,227,261,0.017997500190858773,strong_evidence,0.9808040917329024,True,True,3.8692746829012137,54258.305165060956,1922.4409059946242,28.223653063077652,10851.661033012191,68,persistent_core_paired_edge_continuity_first_v2_1,193.0,261.0,12.297451711722974,6.943030737422361,3.802725651699874,0.2717113047838211,0.0708127100085646,1.0,243.0,193.0,193.43714561961264,-0.9852642135191161,-0.437145619612636,0.0,4.901424073909274,243,246,216,232,257,273,True,True,,accepted,194.0,False,,False,1,201.0,False,194.0
flow05,344,0,0.2,128.0,19,243.99400509156678,205.0,193.0,212.0,214.0,high_confidence,0.5,high_confidence,0.5,high_confidence,0.8940667858096875,strong_evidence,0.8243363605810302,True,True,245.0,47453.296875,17625.451171875,6272.6328125,4.755235416248909,1.0059949084332231,3.5275590551181097,16.0,227,261,0.008740878047660772,strong_evidence,0.9696956918467639,True,True,3.8692746829012137,58600.031929036326,8459.880579603609,6.926815500246938,33839.522318414434,23,persistent_core_paired_edge_continuity_first_v2_1,194.0,217.0,5.696622777251111,3.9929594585081367,1.5543277613076896,0.32754363119602203,0.036244695126470106,1.0,245.0,194.0,193.3175705980895,1.0059949084332231,0.6824294019104968,0.0,4.755235416248909,243,246,216,232,257,273,True,True,,accepted,194.0,False,,False,1,201.0,False,194.0
flow05,345,0,0.2,128.0,19,243.9978038615071,206.0,193.0,212.0,214.0,model_assisted,0.10932684487365528,model_assisted,0.10932684487365528,model_assisted,0.8295878174551914,strong_evidence,0.9998443463744794,True,True,244.0,48362.3671875,10738.716796875,6050.71044921875,6.218055004678476,0.002196138492905675,3.5275590551181097,16.0,227,261,0.00379876994031747,weak_evidence,0.6883230868540663,True,False,3.8692746829012137,60069.17091703556,4335.85510618832,13.854054032225902,17343.42042475328,51,persistent_core_paired_edge_continuity_first_v2_1,193.0,244.0,4.560643045247316,2.0936525587860673,0.11438164048719761,0.2500201016664505,0.2671117194729265,1.0,244.0,188.0,193.21485611401576,0.002196138492905675,-5.21485611401576,1.0,6.218055004678476,243,246,216,232,257,273,True,True,UPPER_SEED_TRAJECTORY_OUTLIER;Z_EDGE_EVIDENCE_WEAK;Z_CONTINUITY_REJECTED_CONTINUITY,rejected_continuity,194.0,False,,True,1,200.0,False,194.0
flow05,346,0,0.2,128.0,19,243.99928118628551,207.0,193.0,212.0,214.0,high_confidence,0.5,high_confidence,0.5,high_confidence,0.9475739819560325,strong_evidence,0.9999490559893295,True,True,244.0,47791.33203125,15068.986328125,3694.01513671875,8.858205635884586,0.0007188137144851225,3.5275590551181097,16.0,227,261,0.0014773247784205523,strong_evidence,0.8979421960568287,True,True,3.8692746829012137,61341.61617325328,9386.9213029032,6.53479604162458,37547.6852116128,25,persistent_core_paired_edge_continuity_first_v2_1,192.0,217.0,4.471470846248026,3.0511239484503023,1.574700857110235,0.29348279535770416,0.0832740901185323,1.0,244.0,191.0,193.13575480265771,0.0007188137144851225,-2.135754802657715,0.0,8.858205635884586,243,246,216,232,257,273,True,True,,accepted,194.0,False,,False,1,200.0,False,194.0
flow05,347,0,0.2,128.0,19,243.9997952938913,199.0,193.0,212.0,214.0,model_assisted,0.08933342617952886,model_assisted,0.08933342617952886,model_assisted,0.7733798334489189,strong_evidence,0.9999854922631759,True,True,244.0,49320.4453125,15754.9091796875,4946.82666015625,6.785266280535551,0.00020470610868983385,3.5275590551181097,16.0,227,261,0.0005141076057952887,weak_evidence,0.5981250442262072,True,False,3.8692746829012137,60241.73743350123,9763.008368423425,6.170407231068403,39052.0334736937,29,persistent_core_paired_edge_continuity_first_v2_1,195.0,224.0,3.5046499623031853,2.065735320393705,0.08824627875184433,0.4007629305124283,0.15330465939699048,1.0,244.0,187.0,193.0826439784382,0.00020470610868983385,-6.082643978438199,1.0,6.785266280535551,243,246,216,232,257,273,True,True,UPPER_SEED_TRAJECTORY_OUTLIER;Z_EDGE_EVIDENCE_WEAK;Z_CONTINUITY_REJECTED_CONTINUITY,rejected_continuity,193.0,False,,True,1,200.0,False,193.0
flow05,348,0,0.2,128.0,19,243.99995538865724,205.0,193.0,212.0,214.0,high_confidence,0.5,high_confidence,0.5,high_confidence,0.9076277876861781,strong_evidence,0.9999968383652418,True,True,244.0,51038.453125,12281.904296875,4913.1357421875,7.888352950506763,4.461134275857148e-05,3.5275590551181097,16.0,227,261,0.00016009476593126237,strong_evidence,0.8237908055057501,True,True,3.8692746829012137,59971.64801998698,13079.858947674828,4.5850378249413755,52319.43579069931,5,persistent_core_paired_edge_continuity_first_v2_1,204.0,209.0,2.021427671246571,1.1478123280062005,-0.22200924436869593,0.1910998523235321,0.08549794211115257,1.0,244.0,194.0,193.05505031726761,4.461134275857148e-05,0.9449496827323856,0.0,7.888352950506763,243,246,216,232,257,273,True,True,,accepted,193.0,False,,False,1,200.0,False,193.0
flow05,349,0,0.2,128.0,19,244.0,197.0,193.0,212.0,214.0,high_confidence,0.7508843151454837,high_confidence,0.7508843151454837,high_confidence,0.9190048741551288,strong_evidence,0.8464737781779522,True,True,246.0,48015.93359375,15883.1669921875,4205.65087890625,7.640378986930832,2.0,3.5275590551181097,16.0,228,261,4.461134275857148e-05,strong_evidence,0.9977508819456096,True,True,3.8692746829012137,60229.57809314373,3487.862885722893,17.268333092933663,13951.451542891573,71,persistent_core_paired_edge_continuity_first_v2_1,193.0,264.0,9.931927214713925,8.011239260428676,-1.9699185726997488,0.3171257823705673,0.028282798801261545,1.0,246.0,193.0,193.05209738422423,2.0,-0.05209738422422561,0.0,7.640378986930832,243,246,216,232,257,273,True,True,,accepted,193.0,False,,False,1,199.0,False,193.0
flow05,350,0,0.2,128.0,19,244.0,196.0,193.0,212.0,214.0,high_confidence,0.5,high_confidence,0.5,high_confidence,0.9137300582908872,strong_evidence,0.9264226511541201,True,True,245.0,47829.1875,12253.60546875,5052.8671875,7.04067229775174,1.0,3.5275590551181097,16.0,228,261,0.0,strong_evidence,0.9012113622051036,True,True,3.8692746829012137,61714.14060316009,2013.0246894647503,30.657418622902966,12342.828120632019,39,persistent_core_paired_edge_continuity_first_v2_1,191.0,230.0,17.34427660681758,11.569680834330315,5.711265958334826,0.31419824063777924,0.07567721087515099,1.0,245.0,191.0,193.0743369319081,1.0,-2.074336931908107,0.0,7.04067229775174,243,246,216,232,257,273,True,True,,accepted,193.0,False,,False,1,198.0,False,193.0
flow05,351,0,0.2,128.0,19,244.0,203.0,193.0,212.0,214.0,model_assisted,0.025442811434669508,model_assisted,0.025442811434669508,model_assisted,0.0,strong_evidence,0.8728108906170164,True,True,243.0,47745.0234375,15564.966796875,6042.45703125,5.325657505580628,-1.0,3.5275590551181097,16.0,228,261,0.0,weak_evidence,0.0,True,False,3.8692746829012137,53169.09377605908,5120.23322356034,10.38411561633673,20480.93289424136,56,persistent_core_paired_edge_continuity_first_v2_1,190.0,246.0,4.977347946941803,4.106279461143067,-0.7074826975850833,0.010478019714355469,0.2330061086971622,1.0,243.0,184.0,193.12381936135776,-1.0,-9.12381936135776,1.0,5.325657505580628,243,246,216,232,257,273,True,True,UPPER_SEED_TRAJECTORY_OUTLIER;Z_EDGE_EVIDENCE_WEAK;Z_CONTINUITY_REJECTED_CONTINUITY,rejected_continuity,193.0,False,,True,1,198.0,False,193.0
flow05,352,0,0.2,128.0,19,244.0,205.0,193.0,212.0,214.0,high_confidence,0.5,high_confidence,0.5,high_confidence,0.8237062025278432,strong_evidence,1.0,True,True,244.0,49113.7421875,14048.046875,5226.396484375,6.7093446540715975,0.0,3.5275590551181097,16.0,228,261,0.0,strong_evidence,0.6784919080828402,True,True,3.8692746829012137,59902.47035863978,14334.014225272856,4.179043596386518,57336.056901091426,3,persistent_core_paired_edge_continuity_first_v2_1,204.0,207.0,3.9691009655616276,3.021804113009281,-0.14585188594883622,0.23964232206344604,0.03591165369673371,1.0,244.0,194.0,193.20206506868058,0.0,0.7979349313194177,0.0,6.7093446540715975,243,246,216,232,257,273,True,True,,accepted,193.0,False,,False,1,198.0,False,193.0
flow05,353,0,0.2,128.0,19,244.0,198.0,193.0,212.0,214.0,model_assisted,0.08606895570138516,model_assisted,0.08606895570138516,model_assisted,0.72654343713534,strong_evidence,0.9264226511541201,True,True,245.0,48141.140625,10307.787109375,5370.2470703125,7.0449930925474975,1.0,3.5275590551181097,16.0,228,261,0.0,weak_evidence,0.5697889245117537,True,False,3.8692746829012137,63546.69488718065,1278.2821738411567,49.71257222200547,12709.338977436131,85,persistent_core_paired_edge_continuity_first_v2_1,187.0,272.0,19.094189883708818,13.529814330853423,-4.270799112559201,0.274739146232605,0.1905664446491971,1.0,245.0,187.0,193.30701569621786,1.0,-6.30701569621786,1.0,7.0449930925474975,243,246,216,232,257,273,True,True,UPPER_SEED_TRAJECTORY_OUTLIER;Z_EDGE_EVIDENCE_WEAK;Z_CONTINUITY_REJECTED_CONTINUITY,rejected_continuity,193.0,False,,True,1,198.0,False,193.0
flow05,354,0,0.2,128.0,19,244.0,196.0,193.0,212.0,214.0,high_confidence,0.5,high_confidence,0.5,high_confidence,0.9052580115094381,strong_evidence,0.8406329490490836,True,True,245.0,46559.74609375,13931.83203125,6604.55517578125,4.940213715246986,1.0,3.5275590551181097,16.0,228,261,0.0,strong_evidence,0.974851233619886,True,True,3.8692746829012137,58918.75775048573,8531.390944509774,6.9061139190206555,34125.5637780391,19,persistent_core_paired_edge_continuity_first_v2_1,194.0,213.0,3.4117248119217893,2.1422133449057976,0.04712773337711763,0.2829847037792206,0.3101809964844799,1.0,245.0,194.0,193.43071498261668,1.0,0.5692850173833222,0.0,4.940213715246986,243,246,216,232,257,273,True,True,,accepted,193.0,False,,False,1,198.0,False,193.0
flow05,355,0,0.2,128.0,19,244.0,204.0,194.0,213.0,215.0,high_confidence,0.8146574201516328,high_confidence,0.8146574201516328,high_confidence,0.9505447513497252,strong_evidence,0.9264226511541201,True,True,243.0,49836.05859375,10277.0927734375,4029.7236328125,9.816793761785288,-1.0,3.5275590551181097,16.0,228,261,0.0,strong_evidence,0.9752949403740327,True,True,3.8692746829012137,61424.688460520294,10167.420218862148,6.041324853139042,40669.68087544859,31,persistent_core_paired_edge_continuity_first_v2_1,194.0,225.0,4.258158177351437,2.9424225978465994,0.8201686484123957,0.2292846143245697,0.028282419769117207,1.0,243.0,193.0,193.55949121811602,-1.0,-0.5594912181160225,0.0,9.816793761785288,243,246,216,232,257,273,True,True,,accepted,194.0,False,,False,1,197.0,False,194.0
flow05,356,0,0.2,128.0,19,244.0,204.0,194.0,213.0,215.0,high_confidence,0.5,high_confidence,0.5,high_confidence,0.9678106132177523,strong_evidence,0.9707987596671276,True,True,244.0,49703.32421875,14299.951171875,6260.8740234375,5.654701390627401,0.0,3.5275590551181097,16.0,228,261,0.0,strong_evidence,0.9648316643689241,True,True,3.8692746829012137,59440.1189205619,10065.076517099953,5.905580431462866,40260.30606839981,19,persistent_core_paired_edge_continuity_first_v2_1,194.0,213.0,5.174790734868892,3.690961664076902,1.001684021435176,0.3067881017923355,0.005588827551060891,1.0,244.0,193.0,193.67695344327672,0.0,-0.6769534432767159,0.0,5.654701390627401,243,246,216,232,257,273,True,True,,accepted,193.0,False,,False,1,197.0,False,193.0
flow05,357,0,0.2,128.0,19,244.0,206.0,194.0,213.0,215.0,high_confidence,0.5545884050139024,high_confidence,0.5545884050139024,high_confidence,0.9576761475046217,strong_evidence,1.0,True,True,244.0,49374.796875,16137.5234375,3216.142333984375,10.334515697980137,0.0,3.5275590551181097,16.0,228,261,0.0,strong_evidence,0.9171436034992939,True,True,3.8692746829012137,53503.04935223884,5214.985547687059,10.259481807378817,20859.942190748236,36,persistent_core_paired_edge_continuity_first_v2_1,192.0,228.0,7.296571497930089,5.288070107852068,-0.5962673304931727,0.4513171575963497,0.03501035871927702,1.0,244.0,192.0,193.76858715886175,0.0,-1.7685871588617488,0.0,10.334515697980137,243,246,216,232,257,273,True,True,,accepted,193.0,False,,False,1,197.0,False,193.0
flow05,358,0,0.2,128.0,19,244.0,206.0,194.0,213.0,215.0,high_confidence,0.6620888272244182,high_confidence,0.6620888272244182,high_confidence,0.9588628146443843,strong_evidence,0.9264226511541201,True,True,245.0,49291.8984375,11867.34765625,5333.6025390625,7.0167490935363555,1.0,3.5275590551181097,16.0,228,261,0.0,strong_evidence,0.9924389220863254,True,True,3.8692746829012137,59253.76400383873,6020.181894032456,9.842520549516022,24080.727576129822,29,persistent_core_paired_edge_continuity_first_v2_1,194.0,223.0,6.814213616903484,4.6739024396010596,0.34935960451388787,0.2830047309398651,0.01525913438266451,1.0,245.0,194.0,193.82578856706877,1.0,0.1742114329312301,0.0,7.0167490935363555,243,246,216,232,257,273,True,True,,accepted,193.0,False,,False,1,197.0,False,193.0
flow05,359,0,0.2,128.0,19,244.0,203.0,194.0,213.0,215.0,high_confidence,0.9102795476357209,high_confidence,0.9102795476357209,high_confidence,0.9966960660464593,strong_evidence,1.0,True,True,244.0,51491.5703125,15085.126953125,3801.7041015625,9.576348497088965,0.0,3.5275590551181097,16.0,228,261,0.0,strong_evidence,0.993403048072488,True,True,3.8692746829012137,55877.98986447204,4964.9418803032395,11.254510367210829,19859.767521212958,29,persistent_core_paired_edge_continuity_first_v2_1,194.0,223.0,9.284229362375392,7.366896344383869,-0.798859474471246,0.32941514253616333,0.024834504936955836,1.0,244.0,194.0,193.8478556035899,0.0,0.15214439641010813,0.0,9.576348497088965,243,246,216,232,257,273,True,True,,accepted,193.0,False,,False,1,197.0,False,193.0
flow05,360,0,0.2,128.0,19,244.0,197.0,194.0,213.0,215.0,high_confidence,0.5,high_confidence,0.5,high_confidence,0.9199665733707405,strong_evidence,0.9265813268368565,True,True,244.0,46152.078125,15782.615234375,5895.474609375,5.151317731456497,0.0,3.5275590551181097,16.0,228,261,0.0,strong_evidence,0.9133990418398721,True,True,3.8692746829012137,57323.71096344662,2819.5713873144064,20.330647140679943,11464.742192689324,60,persistent_core_paired_edge_continuity_first_v2_1,192.0,252.0,13.862746855921998,9.75617990742581,1.5355889335291504,0.41837257146835327,0.010646849767202806,1.0,244.0,192.0,193.84141243073068,0.0,-1.841412430730685,0.0,5.151317731456497,243,246,216,232,257,273,True,True,,accepted,193.0,False,,False,1,197.0,False,193.0
flow05,361,0,0.2,128.0,19,244.0,198.0,194.0,213.0,215.0,high_confidence,0.9410622006416612,high_confidence,0.9410622006416612,high_confidence,0.9960360258144709,strong_evidence,1.0,True,True,244.0,49910.3515625,11363.564453125,3759.53173828125,10.253081977437297,0.0,3.5275590551181097,16.0,228,261,0.0,strong_evidence,0.9920877647202854,True,True,3.8692746829012137,56479.196877038594,2341.007973889833,24.126016445468323,11295.839375407719,68,persistent_core_paired_edge_continuity_first_v2_1,194.0,262.0,15.312100648552807,12.4039668762948,-2.665526335896348,0.37283776700496674,0.00884206766206238,1.0,244.0,194.0,193.81776187698296,0.0,0.18223812301704356,0.0,10.253081977437297,243,246,216,232,257,273,True,True,,accepted,193.0,False,,False,1,197.0,False,193.0
flow05,362,0,0.2,128.0,19,244.0,197.0,194.0,213.0,215.0,high_confidence,0.5,high_confidence,0.5,high_confidence,0.9607818576331968,strong_evidence,1.0,True,True,244.0,47301.10546875,13175.0166015625,4764.248046875,7.162953845270867,0.0,3.5275590551181097,16.0,228,261,0.0,strong_evidence,0.9231017779570965,True,True,3.8692746829012137,61058.4198837478,12584.635900641948,4.85182252119294,50338.54360256779,6,persistent_core_paired_edge_continuity_first_v2_1,195.0,201.0,3.996353788439368,2.9703974054328017,-0.2332203230326189,0.3087799400091171,0.10833039734175025,1.0,244.0,194.0,193.78901822976326,0.0,0.21098177023674225,0.0,7.162953845270867,243,246,216,232,257,273,True,True,,accepted,194.0,False,,False,1,197.0,False,194.0
flow05,363,0,0.2,128.0,19,244.0,198.0,194.0,213.0,215.0,high_confidence,0.5,high_confidence,0.5,high_confidence,0.9388018049806539,strong_evidence,0.890485964021109,True,True,244.0,47619.19921875,16531.8359375,6533.990234375,4.757791512711623,0.0,3.5275590551181097,16.0,228,261,0.0,strong_evidence,0.9897391588914941,True,True,3.8692746829012137,53240.12156630616,8399.932593434654,6.338160571421534,33599.73037373862,12,persistent_core_paired_edge_continuity_first_v2_1,194.0,206.0,5.056053524524913,3.8571070268014345,-0.35484182799182007,0.2501002103090286,0.04118531319677519,1.0,244.0,194.0,193.76422381986544,0.0,0.23577618013456458,0.0,4.757791512711623,243,246,216,232,257,273,True,True,,accepted,194.0,False,,False,1,197.0,False,194.0
flow05,364,0,0.2,128.0,19,244.0,203.0,194.0,213.0,215.0,high_confidence,0.5162588491999818,high_confidence,0.5162588491999818,high_confidence,0.9582589099577148,strong_evidence,1.0,True,True,244.0,48816.734375,13777.376953125,3791.574951171875,9.241372746975571,0.0,3.5275590551181097,16.0,228,261,0.0,strong_evidence,0.9182601385133476,True,True,3.8692746829012137,56997.09940641616,630.8259730833105,90.35312723068363,11399.419881283233,68,persistent_core_paired_edge_continuity_first_v2_1,192.0,260.0,36.41319620334799,21.652967213236845,-5.083379430574568,0.2954746335744858,0.11710213427746315,1.0,244.0,192.0,193.74675702258327,0.0,-1.7467570225832674,0.0,9.241372746975571,243,246,216,232,257,273,True,True,,accepted,194.0,False,,False,1,197.0,False,194.0
flow05,365,0,0.2,128.0,19,244.0,198.0,194.0,213.0,215.0,high_confidence,0.5949496928168282,high_confidence,0.5949496928168282,high_confidence,0.9569180108264438,strong_evidence,0.9264226511541201,True,True,245.0,48661.15625,17601.0,4777.98681640625,6.500678516597878,1.0,3.5275590551181097,16.0,228,261,4.461134275857148e-05,strong_evidence,0.9884171963015864,True,True,3.8692746829012137,60117.25041921671,8491.247208953046,7.079908161881092,33964.98883581218,30,persistent_core_paired_edge_continuity_first_v2_1,194.0,224.0,4.121947146642388,2.488816181190214,0.3029186579406298,0.23761042952537537,0.008536520066723154,1.0,245.0,194.0,193.73420032241833,1.0,0.26579967758166845,0.0,6.500678516597878,243,246,216,232,257,273,True,True,,accepted,194.0,False,,False,1,198.0,False,194.0
flow05,366,0,0.2,128.0,19,244.00004461134276,197.0,194.0,213.0,215.0,high_confidence,0.6325006879892155,high_confidence,0.6325006879892155,high_confidence,0.9026877248572958,strong_evidence,0.9264260638771715,True,True,245.0,46262.01171875,7218.7958984375,3137.01220703125,12.445987852008242,0.9999553886572414,3.5275590551181097,16.0,228,262,0.00016009476590284066,strong_evidence,0.8795576467244941,True,True,3.8692746829012137,63486.86851681543,12490.683011756846,5.082737946120197,49962.732047027384,5,persistent_core_paired_edge_continuity_first_v2_1,195.0,200.0,3.0379600648065104,2.1402611020600784,0.1808721243157998,0.10025086998939514,0.12463273211493156,1.0,245.0,194.0,193.72056490893112,0.9999553886572414,0.2794350910688763,0.0,12.445987852008242,243,246,216,232,257,273,True,True,,accepted,194.0,False,,False,1,198.0,False,194.0
flow05,367,0,0.2,128.0,19,244.00020470610866,204.0,194.0,213.0,215.0,model_assisted,0.058465374751597535,model_assisted,0.058465374751597535,model_assisted,0.3986924868782153,strong_evidence,0.9264383108629511,True,True,245.0,46966.3125,11843.2431640625,4614.0517578125,7.612196650474762,0.9997952938913386,3.5275590551181097,16.0,228,262,0.0005141076058237104,weak_evidence,0.1715772083573197,True,False,3.8692746829012137,63534.47909571297,3245.4048541194675,19.576749882242638,12981.61941647787,48,persistent_core_paired_edge_continuity_first_v2_1,186.0,234.0,10.957975680948374,7.82054825002341,0.21922108339612537,0.3603077903389931,0.15400148722499366,1.0,245.0,186.0,193.69946182482872,0.9997952938913386,-7.699461824828717,1.0,7.612196650474762,243,246,216,232,257,273,True,True,UPPER_SEED_TRAJECTORY_OUTLIER;Z_EDGE_EVIDENCE_WEAK;Z_CONTINUITY_REJECTED_CONTINUITY,rejected_continuity,194.0,False,,True,1,198.0,False,194.0
flow05,368,0,0.2,128.0,19,244.00071881371449,207.0,194.0,213.0,215.0,high_confidence,0.8008156693629751,high_confidence,0.8008156693629751,high_confidence,0.9481432168116014,strong_evidence,0.926367660891387,True,True,243.0,47287.93359375,9698.9189453125,2595.18994140625,14.484109254858325,-1.0007188137144851,3.5275590551181097,16.0,228,262,0.0014773247783921306,strong_evidence,0.9704306373571181,True,True,3.8692746829012137,63199.67415029902,2872.3790741276302,22.002553465020412,12639.934830059805,68,persistent_core_paired_edge_continuity_first_v2_1,193.0,261.0,15.761355967572037,11.697672469467571,1.142444418999878,0.4709964953362942,0.08396824573765116,1.0,243.0,193.0,193.66637345210793,-1.0007188137144851,-0.6663734521079334,0.0,14.484109254858325,243,246,216,232,257,273,True,True,,accepted,194.0,False,,False,1,198.0,False,194.0
flow05,369,0,0.2,128.0,19,244.00219613849288,204.0,194.0,213.0,215.0,model_assisted,0.02674707793009374,model_assisted,0.02674707793009374,model_assisted,0.0,strong_evidence,0.8225886662190611,True,True,243.0,48007.1171875,12630.7734375,7475.7890625,4.732121713740502,-1.0021961384928773,3.5275590551181097,16.0,228,262,0.0037987699402890485,weak_evidence,0.0,True,False,3.8692746829012137,54554.03414052029,7407.5774225164005,7.364625575791544,29630.309690065602,36,persistent_core_paired_edge_continuity_first_v2_1,190.0,226.0,3.956348373654027,2.9387607362011408,-0.44374076877172597,0.13843561708927155,0.16195844933476541,1.0,243.0,185.0,193.61935586621695,-1.0021961384928773,-8.61935586621695,1.0,4.732121713740502,243,246,216,232,257,273,True,True,UPPER_SEED_TRAJECTORY_OUTLIER;Z_EDGE_EVIDENCE_WEAK;Z_CONTINUITY_REJECTED_CONTINUITY,rejected_continuity,194.0,False,,True,1,198.0,False,194.0
flow05,370,0,0.2,128.0,19,244.00599490843317,200.0,194.0,213.0,215.0,high_confidence,0.5,high_confidence,0.5,high_confidence,0.963012032571007,strong_evidence,0.9995750473353998,True,True,244.0,46897.6953125,18403.73828125,3789.63916015625,7.518910330785998,-0.005994908433166302,3.5275590551181097,16.0,228,262,0.008740878047717615,strong_evidence,0.9277864401964837,True,True,3.8692746829012137,47288.892860203065,2590.209204034747,18.256785122430095,10360.836816138988,48,persistent_core_paired_edge_continuity_first_v2_1,193.0,241.0,9.567318907997706,6.917162386878225,-1.7397417322109943,0.4070790261030197,0.10816462292240801,1.0,244.0,192.0,193.5583338481856,-0.005994908433166302,-1.5583338481856117,0.0,7.518910330785998,243,246,216,232,257,273,True,True,,accepted,194.0,False,,False,1,197.0,False,194.0
flow05,371,0,0.2,128.0,19,244.01473578648088,202.0,193.0,212.0,214.0,model_assisted,0.2723215804934075,model_assisted,0.2723215804934075,model_assisted,0.8608455259749038,strong_evidence,0.9252946894948039,True,True,243.0,47227.39453125,11288.02734375,4245.5625,8.465160314445965,-1.014735786480884,3.5275590551181097,16.0,228,262,0.017997500190858773,weak_evidence,0.8008854130521521,True,False,3.8692746829012137,58109.913120538986,12634.068377188032,4.59946166077918,50536.27350875213,5,persistent_core_paired_edge_continuity_first_v2_1,200.0,205.0,3.553742301531337,2.553559864126327,0.29718034951882943,0.1489136517047882,0.044461883761052354,1.0,243.0,195.0,193.48439906199036,-1.014735786480884,1.5156009380096407,1.0,8.465160314445965,243,246,216,232,257,273,True,True,UPPER_SEED_TRAJECTORY_OUTLIER;Z_EDGE_EVIDENCE_WEAK;Z_CONTINUITY_REJECTED_CONTINUITY,rejected_continuity,193.0,False,,True,1,198.0,False,193.0
flow05,372,0,0.2,128.0,19,244.03273328667174,200.0,193.0,212.0,214.0,high_confidence,0.5,high_confidence,0.5,high_confidence,0.873463284722359,strong_evidence,0.9976774773822293,True,True,244.0,45479.75,9252.447265625,5784.74169921875,6.262561859809164,-0.03273328667174269,3.5275590551181097,16.0,228,262,0.033159988420862874,strong_evidence,0.7647141757272291,True,True,3.8692746829012137,60342.053838507185,11891.797918375341,5.07425826209727,47567.191673501366,4,persistent_core_paired_edge_continuity_first_v2_1,198.0,202.0,3.71685583706658,2.405044963105492,1.378719140070901,0.3832757771015167,0.04066598679920437,1.0,244.0,195.0,193.39945117020704,-0.03273328667174269,1.600548829792956,0.0,6.262561859809164,243,246,216,232,257,273,True,True,,accepted,193.0,False,,False,1,198.0,False,193.0
flow05,373,0,0.2,128.0,19,244.0658932750926,201.0,193.0,212.0,214.0,model_assisted,0.03221601324026994,model_assisted,0.03221601324026994,model_assisted,0.0,strong_evidence,0.9953191531305104,True,True,244.0,47372.1875,15331.294921875,2773.712158203125,11.551628557911299,-0.06589327509260556,3.5275590551181097,16.0,228,262,0.05467157824566016,weak_evidence,0.0,True,False,3.8692746829012137,63096.435161921116,4055.705807542258,15.55744872928969,16222.823230169031,48,persistent_core_paired_edge_continuity_first_v2_1,190.0,238.0,5.323453287061108,3.889398705266444,1.2640970946722612,-0.07651001214981079,0.36737335320725306,1.0,244.0,183.0,193.30587493334633,-0.06589327509260556,-10.305874933346331,1.0,11.551628557911299,243,246,216,232,257,273,True,True,UPPER_SEED_TRAJECTORY_OUTLIER;Z_EDGE_EVIDENCE_WEAK;Z_CONTINUITY_REJECTED_CONTINUITY,rejected_continuity,194.0,False,,True,1,198.0,False,194.0
flow05,374,0,0.2,128.0,19,244.12056485333827,198.0,193.0,212.0,214.0,model_assisted,0.1739756309592038,model_assisted,0.1739756309592038,model_assisted,0.8029774877018837,strong_evidence,0.9356002993053298,True,True,245.0,47363.23828125,11457.591796875,3639.749755859375,9.864866788320557,0.8794351466617343,3.5275590551181097,16.0,228,262,0.08065919989877557,weak_evidence,0.6891541679013609,True,False,3.8692746829012137,63092.70712267563,3164.6925842076303,19.936441042494707,12658.770336830521,93,persistent_core_paired_edge_continuity_first_v2_1,189.0,282.0,9.008194805292945,6.068172888047958,-1.0588955782507328,0.307864286005497,0.15591779372008313,1.0,245.0,188.0,193.20570375337712,0.8794351466617343,-5.205703753377122,1.0,9.864866788320557,243,246,216,232,257,273,True,True,UPPER_SEED_TRAJECTORY_OUTLIER;Z_EDGE_EVIDENCE_WEAK;Z_CONTINUITY_REJECTED_CONTINUITY,rejected_continuity,194.0,False,,True,1,199.0,False,194.0
flow05,375,0,0.2,128.0,19,244.20122405323704,208.0,193.0,212.0,214.0,high_confidence,0.5,high_confidence,0.5,high_confidence,0.9492275969134516,strong_evidence,0.9856359810279767,True,True,244.0,49726.62890625,14110.498046875,4127.4814453125,8.629022645231645,-0.2012240532370413,3.5275590551181097,16.0,228,262,0.10648569402724206,strong_evidence,0.9141641012357795,True,True,3.8692746829012137,60720.68003442087,13076.724349528637,4.6434166853574155,52306.89739811455,6,persistent_core_paired_edge_continuity_first_v2_1,206.0,212.0,3.6919269892342674,2.64531958731144,0.05185691756150572,0.20056182146072388,0.03809877495928348,1.0,244.0,193.0,193.0993888002003,-0.2012240532370413,-0.09938880020030183,0.0,8.629022645231645,243,246,216,232,257,273,True,True,,accepted,194.0,False,,False,1,199.0,False,194.0
flow05,376,0,0.2,128.0,19,244.30770974726428,198.0,193.0,212.0,214.0,high_confidence,0.5,high_confidence,0.5,high_confidence,0.8224065504974574,strong_evidence,0.9496704890843366,True,True,245.0,49810.24609375,9447.806640625,3242.848388671875,12.446600832194823,0.6922902527357166,3.5275590551181097,16.0,228,262,0.12579798346033044,strong_evidence,0.712197064218832,True,True,3.8692746829012137,58168.43860226781,13233.060379546243,4.3956905609057895,52932.24151818497,4,persistent_core_paired_edge_continuity_first_v2_1,197.0,201.0,1.7760654646702936,1.2916148525090083,-0.7860182799137724,0.11361625790596008,0.09073521716394332,1.0,245.0,195.0,192.98513256838325,0.6922902527357166,2.01486743161675,0.0,12.446600832194823,243,246,216,232,257,273,True,True,,accepted,193.0,False,,False,1,199.0,False,193.0
flow05,377,0,0.2,128.0,19,244.4335077307246,205.0,193.0,212.0,214.0,model_assisted,0.16538446391520756,model_assisted,0.16538446391520756,model_assisted,0.8347102912610505,strong_evidence,0.9687900442172827,True,True,244.0,47841.734375,13448.958984375,4115.53662109375,8.35681432509881,-0.4335077307246138,3.5275590551181097,16.0,228,262,0.1329845385507724,weak_evidence,0.7191870668943836,True,False,3.8692746829012137,60105.1674977435,4926.82006328924,12.199586493040327,19707.28025315696,42,persistent_core_paired_edge_continuity_first_v2_1,192.0,234.0,5.327721732113461,2.9465648071455055,1.113367721571827,0.46585892140865326,0.22920564178511277,1.0,244.0,188.0,192.85992389321905,-0.4335077307246138,-4.859923893219047,1.0,8.35681432509881,243,246,216,232,257,273,True,True,UPPER_SEED_TRAJECTORY_OUTLIER;Z_EDGE_EVIDENCE_WEAK;Z_CONTINUITY_REJECTED_CONTINUITY,rejected_continuity,193.0,False,,True,1,199.0,False,193.0
flow05,378,0,0.2,128.0,19,244.5664922692754,197.0,193.0,212.0,214.0,high_confidence,0.5600114584092875,high_confidence,0.5600114584092875,high_confidence,0.9555652393209224,strong_evidence,0.9687900442172827,True,True,245.0,47495.62890625,13065.431640625,4129.96923828125,8.336671601930298,0.4335077307246138,3.5275590551181097,16.0,228,262,0.1329845385507724,strong_evidence,0.9425209642159145,True,True,3.8692746829012137,61246.844971509636,11753.64529689764,5.210880830960218,47014.58118759056,6,persistent_core_paired_edge_continuity_first_v2_1,194.0,200.0,3.6795697615934935,2.8419913210597305,-0.37602454171895844,0.17980629205703735,0.025501013383288147,1.0,245.0,193.0,192.72203289178088,0.4335077307246138,0.27796710821911574,0.0,8.336671601930298,244,247,217,233,258,274,True,True,,accepted,193.0,False,,False,1,198.0,False,193.0
flow05,379,0,0.2,128.0,19,244.6922902527357,196.0,193.0,212.0,214.0,high_confidence,0.5,high_confidence,0.5,high_confidence,0.793390654199923,strong_evidence,0.902576212463618,True,True,246.0,47997.0390625,12656.4609375,3352.14697265625,10.542669642254985,1.3077097472643118,3.5275590551181097,16.0,228,262,0.12579798346030202,strong_evidence,0.6974133834677758,True,True,3.8692746829012137,57333.30922462279,13041.048548596871,4.396372654466613,52164.194194387484,3,persistent_core_paired_edge_continuity_first_v2_1,195.0,198.0,3.5758224757796415,2.357409627886094,0.004672008989505634,0.38628343492746353,0.008070875145545199,1.0,246.0,192.0,192.573533812885,1.3077097472643118,-0.573533812884989,0.0,10.542669642254985,244,247,217,233,258,274,True,True,,accepted,193.0,False,,False,1,198.0,False,193.0
flow05,380,0,0.2,128.0,19,244.79877594676296,207.0,192.0,211.0,213.0,model_assisted,2.1680900626502314e-145,model_assisted,2.1680900626502314e-145,model_assisted,0.0,strong_evidence,0.9856359810279767,True,True,245.0,48532.42578125,14530.326171875,3761.542236328125,9.039403912839369,0.2012240532370413,3.5275590551181097,16.0,228,262,0.10648569402727048,unavailable,0.0,False,False,3.8692746829012137,57676.078578738045,4760.72097820055,12.114988221918091,19042.8839128022,50,persistent_core_paired_edge_continuity_first_v2_1,184.0,234.0,,,,,,,245.0,,192.42077297610896,0.2012240532370413,,1.0,9.039403912839369,244,247,217,233,258,274,True,True,NO_VALID_UPPER_COMPONENT;Z_EDGE_EVIDENCE_UNAVAILABLE;Z_CONTINUITY_NO_CANDIDATE,no_candidate,,False,,True,1,198.0,False,193.0
flow05,381,0,0.2,128.0,19,244.87943514666173,201.0,192.0,211.0,213.0,model_assisted,0.021498778457053298,model_assisted,0.021498778457053298,model_assisted,0.0,strong_evidence,0.991418684770065,True,True,245.0,46796.28125,14794.69140625,4350.65771484375,7.355575166156069,0.12056485333826572,3.5275590551181097,16.0,228,262,0.08065919989877557,weak_evidence,0.0,True,False,3.8692746829012137,58446.15806970018,13338.199711662943,4.381862570148411,53352.79884665177,5,persistent_core_paired_edge_continuity_first_v2_1,199.0,204.0,2.4137143118863476,1.601610565241634,0.41371510721389065,0.17345242202281952,0.16706931096041744,1.0,245.0,184.0,192.27235782736005,0.12056485333826572,-8.272357827360054,2.0,7.355575166156069,244,247,217,233,258,274,True,True,UPPER_SEED_TRAJECTORY_OUTLIER;Z_EDGE_EVIDENCE_WEAK;Z_CONTINUITY_REJECTED_CONTINUITY,rejected_continuity,193.0,False,,True,1,199.0,False,193.0
flow05,382,0,0.2,128.0,19,244.93410672490742,202.0,192.0,211.0,213.0,model_assisted,0.3515864600846528,model_assisted,0.3515864600846528,model_assisted,0.9148978087340804,strong_evidence,0.9953191531305124,True,True,245.0,47466.21484375,8919.2138671875,3597.535400390625,10.714835765723672,0.06589327509257714,3.5275590551181097,16.0,228,262,0.05467157824568858,weak_evidence,0.8409744731564153,True,False,3.8692746829012137,58982.927055712644,7571.774094189907,7.7898424229233605,30287.09637675963,31,persistent_core_paired_edge_continuity_first_v2_1,192.0,223.0,3.527661788615994,2.0843581650641467,0.8312905053282393,0.16964903473854065,0.11271902871155398,1.0,245.0,189.0,192.1358988700258,0.06589327509257714,-3.1358988700258124,2.0,10.714835765723672,244,247,217,233,258,274,True,True,UPPER_SEED_TRAJECTORY_OUTLIER;Z_EDGE_EVIDENCE_WEAK;Z_CONTINUITY_REJECTED_CONTINUITY,rejected_continuity,193.0,False,,True,1,200.0,False,193.0
flow05,383,0,0.2,128.0,19,244.96726671332826,200.0,192.0,211.0,213.0,model_assisted,0.049178133208042714,model_assisted,0.049178133208042714,model_assisted,0.645937400783002,strong_evidence,0.9196663944874669,True,True,245.0,46821.0859375,14011.4443359375,6435.31689453125,5.098372331818535,0.03273328667174269,3.5275590551181097,16.0,228,262,0.03315998842083445,weak_evidence,0.4536809523879875,True,False,3.8692746829012137,58228.93204387807,2515.5343644849836,23.147738653850407,11645.786408775615,78,persistent_core_paired_edge_continuity_first_v2_1,185.0,263.0,4.204400735523119,1.019416513964188,2.9127774836405798,0.1156482994556427,0.3476373924705501,1.0,245.0,185.0,192.0159273393312,0.03273328667174269,-7.015927339331199,1.0,5.098372331818535,244,247,217,233,258,274,True,True,UPPER_SEED_TRAJECTORY_OUTLIER;Z_EDGE_EVIDENCE_WEAK;Z_CONTINUITY_REJECTED_CONTINUITY,rejected_continuity,193.0,False,,True,1,200.0,False,193.0
flow05,384,0,0.2,128.0,19,244.98526421351912,200.0,192.0,211.0,213.0,high_confidence,0.5,high_confidence,0.5,high_confidence,0.9597291011610372,strong_evidence,0.9989551210318994,True,True,245.0,48850.8203125,13345.2802734375,4075.87353515625,8.711148599879555,0.014735786480883917,3.5275590551181097,16.0,228,262,0.017997500190858773,strong_evidence,0.9220433713417638,True,True,3.8692746829012137,60441.97957652497,11332.637665749386,5.333443224713579,45330.55066299754,21,persistent_core_paired_edge_continuity_first_v2_1,192.0,213.0,2.774747151550263,1.7548145427877484,-0.11304368899692785,0.17781448364257812,0.01941119946957614,1.0,245.0,191.0,191.91426396275656,0.014735786480883917,-0.9142639627565643,0.0,8.711148599879555,244,247,217,233,258,274,True,True,,accepted,193.0,False,,False,1,200.0,False,193.0
flow05,385,0,0.2,128.0,19,244.99400509156683,204.0,192.0,211.0,213.0,high_confidence,0.5,high_confidence,0.5,high_confidence,0.9505615131708548,strong_evidence,0.9995750473353998,True,True,245.0,48912.15625,12269.3798828125,2367.890869140625,15.474858594512089,0.005994908433166302,3.5275590551181097,16.0,228,262,0.008740878047717615,strong_evidence,0.9039513268466774,True,True,3.8692746829012137,62551.295347007326,12595.895552252563,4.966006195234057,50383.58220901025,10,persistent_core_paired_edge_continuity_first_v2_1,197.0,207.0,2.914983382999762,1.614975265838269,0.31827751606189114,0.3883153349161148,0.08889493599767057,1.0,245.0,191.0,191.83235669142914,0.005994908433166302,-0.8323566914291405,0.0,15.474858594512089,244,247,217,233,258,274,True,True,,accepted,193.0,False,,False,1,201.0,False,193.0
flow05,386,0,0.2,128.0,19,244.99780386150715,206.0,192.0,211.0,213.0,high_confidence,0.6644517390892534,high_confidence,0.6644517390892534,high_confidence,0.971577009020431,strong_evidence,0.9998443463744835,True,True,245.0,47561.171875,11860.8037109375,3110.402099609375,11.477734074493451,0.0021961384928488314,3.5275590551181097,16.0,228,262,0.00379876994031747,strong_evidence,0.9441088384206691,True,True,3.8692746829012137,59407.10010497502,8165.862299252972,7.2750553374393405,32663.449197011887,19,persistent_core_paired_edge_continuity_first_v2_1,194.0,213.0,4.108566155059938,2.604804362745967,1.5331015772621701,0.2303406298160553,0.053226352766019225,1.0,245.0,193.0,191.77362090738544,0.0021961384928488314,1.2263790926145646,0.0,11.477734074493451,244,247,217,233,258,274,True,True,,accepted,192.0,False,,False,1,202.0,False,192.0
flow05,387,0,0.2,128.0,19,244.99928118628551,198.0,192.0,211.0,213.0,high_confidence,0.5,high_confidence,0.5,high_confidence,0.8729756802324979,strong_evidence,0.7706776798161378,True,True,243.0,48143.52734375,12412.8984375,7185.0966796875,4.972880741780641,-1.9992811862855149,3.5275590551181097,16.0,228,262,0.001477324778363709,strong_evidence,0.9888524842956463,True,True,3.8692746829012137,63965.6049656885,1540.7917394467556,41.51476369457712,12793.120993137702,100,persistent_core_paired_edge_continuity_first_v2_1,192.0,292.0,20.546850375281334,13.175713255404968,8.855724840858214,0.44741372019052505,0.020031212860242488,1.0,243.0,192.0,191.7440774196826,-1.9992811862855149,0.2559225803173888,0.0,4.972880741780641,244,247,217,233,258,274,True,True,,accepted,192.0,False,,False,1,201.0,False,192.0
flow05,388,0,0.2,128.0,19,244.99983990523415,197.0,192.0,211.0,213.0,high_confidence,0.5,high_confidence,0.5,high_confidence,0.9710795711526938,strong_evidence,0.9999886539338129,True,True,245.0,47953.84375,13771.130859375,4978.671875,6.8658296326517805,0.00016009476584599724,3.5275590551181097,16.0,228,262,0.0005587189486391253,strong_evidence,0.9430062329212334,True,True,3.8692746829012137,57021.878823704006,5886.215716546093,9.687357985100016,23544.862866184372,45,persistent_core_paired_edge_continuity_first_v2_1,193.0,238.0,5.633745922403415,3.6006848582630977,-0.327578532293054,0.45663517713546753,0.056687688856120654,1.0,245.0,193.0,191.7508312502857,0.00016009476584599724,1.2491687497143005,0.0,6.8658296326517805,244,247,217,233,258,274,True,True,,accepted,192.0,False,,False,1,200.0,False,192.0
flow05,389,0,0.2,128.0,19,245.0001600947659,199.0,192.0,211.0,213.0,high_confidence,0.5,high_confidence,0.5,high_confidence,0.9193535831871792,strong_evidence,0.9999886539338089,True,True,245.0,48932.12890625,10365.60546875,5588.76904296875,6.900718770266716,-0.00016009476590284066,3.5275590551181097,16.0,229,263,0.0005587189486391253,strong_evidence,0.845220600847989,True,True,3.8692746829012137,61539.40516872363,12155.48397966465,5.062686543100639,48621.9359186586,10,persistent_core_paired_edge_continuity_first_v2_1,195.0,205.0,3.8633333288875034,2.71897575496472,0.00864355940222994,0.2376905381679535,0.04176313380486064,1.0,245.0,194.0,191.79928535776426,-0.00016009476590284066,2.200714642235738,0.0,6.900718770266716,244,247,217,233,258,274,True,True,,accepted,192.0,False,,False,1,200.0,False,192.0
flow05,390,0,0.2,128.0,19,245.00071881371454,197.0,192.0,211.0,213.0,model_assisted,0.19590574052760756,model_assisted,0.19590574052760756,model_assisted,0.8465261180262927,strong_evidence,0.9999490559893255,True,True,245.0,47709.890625,10997.2763671875,2886.71044921875,12.717802808296303,-0.000718813714541966,3.5275590551181097,16.0,229,263,0.001477324778363709,weak_evidence,0.7166429771681435,True,False,3.8692746829012137,56132.61685845777,2527.842685163051,22.205739774837728,11226.523371691554,78,persistent_core_paired_edge_continuity_first_v2_1,188.0,266.0,10.322801172772508,6.50976084282518,-0.2969619296179997,0.10321860760450363,0.16214581681814957,1.0,245.0,187.0,191.89036495331237,-0.000718813714541966,-4.890364953312371,1.0,12.717802808296303,244,247,217,233,258,274,True,True,UPPER_SEED_TRAJECTORY_OUTLIER;Z_EDGE_EVIDENCE_WEAK;Z_CONTINUITY_REJECTED_CONTINUITY,rejected_continuity,193.0,False,,True,1,200.0,False,193.0
flow05,391,0,0.2,128.0,19,245.0021961384929,203.0,192.0,211.0,213.0,high_confidence,0.5593521820979024,high_confidence,0.5593521820979024,high_confidence,0.9766670350551487,strong_evidence,0.9998443463744794,True,True,245.0,46075.421875,11372.234375,4417.45166015625,7.8559292030311685,-0.002196138492905675,3.5275590551181097,16.0,229,263,0.003754158597530477,strong_evidence,0.9540269951240509,True,True,3.8692746829012137,57873.94753647915,3999.5210686926566,14.4702194443988,15998.084274770627,68,persistent_core_paired_edge_continuity_first_v2_1,191.0,259.0,6.14989280636669,4.065562691114876,-1.234294699454264,0.41755709052085876,0.11005243267801222,1.0,245.0,191.0,192.01897834624612,-0.002196138492905675,-1.018978346246115,0.0,7.8559292030311685,244,247,217,233,258,274,True,True,,accepted,193.0,False,,False,1,201.0,False,193.0
flow05,392,0,0.2,128.0,19,245.00595029709044,199.0,192.0,211.0,213.0,high_confidence,0.5,high_confidence,0.5,high_confidence,0.9727395319679113,strong_evidence,0.999578210304268,True,True,245.0,48382.28125,18189.953125,4786.28515625,6.308092213347218,-0.005950297090436152,3.5275590551181097,16.0,229,263,0.008580783281843196,strong_evidence,0.9466214722358988,True,True,3.8692746829012137,55436.1855170659,5075.969867682019,10.92129917279853,20303.879470728076,56,persistent_core_paired_edge_continuity_first_v2_1,191.0,247.0,3.441899066428556,2.1576065707769696,-1.751888102564968,0.27577513456344604,0.05701148300373928,1.0,245.0,191.0,192.17424648484078,-0.005950297090436152,-1.1742464848407792,0.0,6.308092213347218,244,247,217,233,258,274,True,True,,accepted,193.0,False,,False,1,201.0,False,193.0
flow05,393,0,0.2,128.0,19,245.01453108037228,199.0,192.0,211.0,213.0,model_assisted,5.804471158447694e-146,model_assisted,5.804471158447694e-146,model_assisted,0.0,strong_evidence,0.9253103682929567,True,True,244.0,49318.0,12267.5400390625,4557.95263671875,8.128750540859055,-1.0145310803722793,3.5275590551181097,16.0,229,263,0.01748339258500664,unavailable,0.0,False,False,3.8692746829012137,57231.780711179395,14700.64998887821,3.8931462727483583,58802.59995551284,0,persistent_core_paired_edge_continuity_first_v2_1,,,,,,,,,244.0,,192.34140051970374,-1.0145310803722793,,1.0,8.128750540859055,244,247,217,233,258,274,True,True,NO_VALID_UPPER_COMPONENT;Z_EDGE_EVIDENCE_UNAVAILABLE;Z_CONTINUITY_NO_CANDIDATE,no_candidate,,False,,True,1,202.0,False,192.0
flow05,394,0,0.2,128.0,19,245.0320144729573,198.0,193.0,212.0,214.0,high_confidence,0.6599878239805803,high_confidence,0.6599878239805803,high_confidence,0.9407383233383155,strong_evidence,0.9239703257536153,True,True,244.0,48115.4375,13586.6083984375,3891.067626953125,8.873870210423476,-1.032014472957286,3.5275590551181097,16.0,229,263,0.03168266364247074,strong_evidence,0.9578106226253147,True,True,3.8692746829012137,61919.44059041908,10978.63489231407,5.639994516419129,43914.53956925628,12,persistent_core_paired_edge_continuity_first_v2_1,194.0,206.0,3.708036239907262,2.45677108165123,0.326325904148635,0.2903748154640198,0.03066095824613656,1.0,244.0,192.0,192.5046731341506,-1.032014472957286,-0.5046731341506074,0.0,8.873870210423476,244,247,217,233,258,274,True,True,,accepted,192.0,False,,False,1,201.0,False,192.0
flow05,395,0,0.2,128.0,19,245.06369713659976,208.0,193.0,212.0,214.0,high_confidence,0.5,high_confidence,0.5,high_confidence,0.8606277020271702,strong_evidence,0.8517900900641182,True,True,247.0,48351.765625,14483.033203125,5455.31640625,6.2083901097051974,1.9363028634002433,3.5275590551181097,16.0,229,263,0.050872808305314265,strong_evidence,0.8695570072208908,True,True,3.8692746829012137,61284.764377567226,2236.133171176265,27.406580774136017,12256.952875513445,60,persistent_core_paired_edge_continuity_first_v2_1,190.0,250.0,16.753810319555463,11.479969085707598,1.031318932484939,0.4409594386816025,0.1022239007969275,1.0,247.0,190.0,192.65047166528083,1.9363028634002433,-2.6504716652808327,0.0,6.2083901097051974,244,247,217,233,258,274,True,True,,accepted,192.0,False,,False,1,201.0,False,192.0
flow05,396,0,0.2,128.0,19,245.11456994490507,209.0,193.0,212.0,214.0,model_assisted,0.16756548555480485,model_assisted,0.16756548555480485,model_assisted,0.7864980709556514,strong_evidence,0.9351460823399657,True,True,246.0,44187.7265625,14338.3642578125,4451.4609375,6.705520440094281,0.885430055094929,3.5275590551181097,16.0,229,263,0.0719183218511148,weak_evidence,0.6614787008133781,True,False,3.8692746829012137,57311.530960383985,13877.849389986819,4.129712706187426,55511.397559947276,3,persistent_core_paired_edge_continuity_first_v2_1,209.0,212.0,2.73180994307414,1.8609101415519749,0.5244546569035087,0.11465239524841309,0.03739471170819654,1.0,246.0,194.0,192.76976553370244,0.885430055094929,1.23023446629756,1.0,6.705520440094281,244,247,217,233,258,274,True,True,UPPER_SEED_TRAJECTORY_OUTLIER;Z_EDGE_EVIDENCE_WEAK;Z_CONTINUITY_REJECTED_CONTINUITY,rejected_continuity,191.0,False,,True,1,200.0,False,191.0
flow05,397,0,0.2,128.0,19,245.1864882667562,204.0,193.0,212.0,214.0,high_confidence,0.5,high_confidence,0.5,high_confidence,0.9076416099756931,strong_evidence,0.9405806585882508,True,True,246.0,46124.72265625,13103.927734375,5412.8623046875,6.1004313546419295,0.8135117332438142,3.5275590551181097,16.0,229,263,0.08848819383638329,strong_evidence,0.8758560838320418,True,True,3.8692746829012137,63649.192250655906,12917.692358238428,4.927288132083653,51670.76943295371,5,persistent_core_paired_edge_continuity_first_v2_1,202.0,207.0,3.415515657475391,2.6318522672230227,-0.46875796978177253,0.2634657621383667,0.02521136016424395,1.0,246.0,193.0,192.85915424623474,0.8135117332438142,0.14084575376526232,0.0,6.1004313546419295,244,247,217,233,258,274,True,True,,accepted,191.0,False,,False,1,201.0,False,191.0
flow05,398,0,0.2,128.0,19,245.27497646059257,196.0,193.0,212.0,214.0,high_confidence,0.5,high_confidence,0.5,high_confidence,0.7947544522859463,strong_evidence,0.8928652682534408,True,True,244.0,45184.578125,14686.767578125,5223.71826171875,5.838333734492098,-1.274976460592569,3.5275590551181097,16.0,229,263,0.09263799503941073,strong_evidence,0.7074243582840813,True,True,3.8692746829012137,51316.764784807965,11954.905786899411,4.292527745475218,47819.623147597646,3,persistent_core_paired_edge_continuity_first_v2_1,195.0,198.0,3.3774422420408974,2.583559833569463,-0.6839091814988807,0.35114654898643494,0.05613500810169638,1.0,244.0,193.0,192.92037394638928,-1.274976460592569,0.07962605361072406,0.0,5.838333734492098,244,247,217,233,258,274,True,True,,accepted,191.0,False,,False,1,200.0,False,191.0
flow05,399,0,0.2,128.0,19,245.36761445563198,204.0,193.0,212.0,214.0,high_confidence,0.5,high_confidence,0.5,high_confidence,0.9520231654862531,strong_evidence,0.9510829562286747,True,True,245.0,45168.609375,19267.8828125,4523.59423828125,5.725696249082906,-0.3676144556319798,3.5275590551181097,16.0,229,263,0.09263799503941073,strong_evidence,0.952964304203709,True,True,3.8692746829012137,53507.62764373028,7762.39010907206,6.893189712430821,31049.56043628824,22,persistent_core_paired_edge_continuity_first_v2_1,194.0,216.0,6.701571964625525,5.103487523054911,0.16464763699712873,0.3987733721733093,0.02472769518040925,1.0,245.0,194.0,192.9585918611011,-0.3676144556319798,1.0414081388989018,0.0,5.725696249082906,244,247,217,233,258,274,True,True,,accepted,192.0,False,,False,1,200.0,False,192.0
flow05,400,0,0.2,128.0,19,245.44592741593712,198.0,193.0,212.0,214.0,model_assisted,0.22621541496284292,model_assisted,0.22621541496284292,model_assisted,0.872232886283447,strong_evidence,0.967881072387356,True,True,245.0,48319.109375,11885.0625,4273.47509765625,8.525625174458588,-0.4459274159371205,3.5275590551181097,16.0,229,263,0.07831296030514068,weak_evidence,0.7860368692176227,True,False,3.8692746829012137,64494.89417046979,1729.2777828898656,37.29585541930099,12898.97883409396,61,persistent_core_paired_edge_continuity_first_v2_1,189.0,250.0,17.52546168024687,12.365888215821577,-1.722451320489851,0.3057320863008499,0.07884688711039332,1.0,245.0,189.0,192.9802764955903,-0.4459274159371205,-3.9802764955902887,1.0,8.525625174458588,244,247,217,233,258,274,True,True,UPPER_SEED_TRAJECTORY_OUTLIER;Z_EDGE_EVIDENCE_WEAK;Z_CONTINUITY_REJECTED_CONTINUITY,rejected_continuity,193.0,False,,True,1,199.0,False,193.0
flow05,401,0,0.2,128.0,19,245.49106619949868,203.0,193.0,212.0,214.0,high_confidence,0.7498610992584761,high_confidence,0.7498610992584761,high_confidence,0.9819438579953227,strong_evidence,0.9645702414758094,True,True,245.0,46098.98046875,11580.05078125,4590.23388671875,7.520080793132584,-0.49106619949867536,3.5275590551181097,16.0,229,263,0.045138783561554874,strong_evidence,0.9996304040849058,True,True,3.8692746829012137,61553.59407729373,1550.547329051167,39.697978206805516,12310.718815458747,51,persistent_core_paired_edge_continuity_first_v2_1,193.0,244.0,17.839737734845265,10.687774068803959,-0.4663921797815523,0.38522741198539734,0.06816326421791903,1.0,245.0,193.0,192.99142276219024,-0.49106619949867536,0.008577237809760163,0.0,7.520080793132584,244,247,217,233,258,274,True,True,,accepted,193.0,False,,False,1,200.0,False,193.0
flow05,402,0,0.2,128.0,19,245.49106619949868,196.0,193.0,212.0,214.0,model_assisted,0.035029552831390316,model_assisted,0.035029552831390316,model_assisted,0.0,strong_evidence,0.9645702414758094,True,True,245.0,49718.7109375,11975.302734375,3848.162109375,9.808164814879667,-0.49106619949867536,3.5275590551181097,16.0,229,263,0.045138783561554874,weak_evidence,0.0,True,False,3.8692746829012137,65047.61256590647,1278.025771176761,50.8969490544881,13009.522513181295,56,persistent_core_paired_edge_continuity_first_v2_1,184.0,240.0,14.123851042747305,8.336283861135138,1.5261423274807526,-0.18271379172801971,0.27148782906635316,1.0,245.0,183.0,192.99657989203305,-0.49106619949867536,-9.996579892033054,1.0,9.808164814879667,244,247,217,233,258,274,True,True,UPPER_SEED_TRAJECTORY_OUTLIER;Z_EDGE_EVIDENCE_WEAK;Z_CONTINUITY_REJECTED_CONTINUITY,rejected_continuity,193.0,False,,True,1,199.0,False,193.0
flow05,403,0,0.2,128.0,19,245.44592741593712,202.0,193.0,212.0,214.0,high_confidence,0.8506310872399465,high_confidence,0.8506310872399465,high_confidence,0.9396641623396471,strong_evidence,0.8830198677590209,True,True,247.0,46033.90234375,18923.259765625,3185.693359375,8.510123078337905,1.5540725840628795,3.5275590551181097,16.0,229,263,0.07831296030514068,strong_evidence,0.9999420966895343,True,True,3.8692746829012137,45257.82931476894,4148.426040311073,10.909638709956427,16593.70416124429,42,persistent_core_paired_edge_continuity_first_v2_1,193.0,235.0,6.723931855120853,4.656845485387443,-0.6351949735064308,0.32943516969680786,0.07189087316913556,1.0,247.0,193.0,192.99865581495632,1.5540725840628795,0.0013441850436777258,0.0,8.510123078337905,244,247,217,233,258,274,True,True,,accepted,193.0,False,,False,1,199.0,False,193.0
flow05,404,0,0.2,128.0,19,245.36761445563198,199.0,193.0,212.0,214.0,model_assisted,0.192846686842027,model_assisted,0.192846686842027,model_assisted,0.839384289274953,strong_evidence,0.8978601571277793,True,True,244.0,48847.84375,14776.9736328125,4658.33349609375,7.313961129180138,-1.3676144556319798,3.5275590551181097,16.0,229,263,0.09263799503941073,weak_evidence,0.7847168397977452,True,False,3.8692746829012137,64542.68450871577,1690.7816452207355,38.17328197946552,12908.536901743155,58,persistent_core_paired_edge_continuity_first_v2_1,191.0,249.0,13.509523743000136,6.267233571960096,4.130009128051051,0.4307622089982033,0.17488442012914543,1.0,244.0,189.0,192.99917905977279,-1.3676144556319798,-3.9991790597727856,1.0,7.313961129180138,244,247,217,233,258,274,True,True,UPPER_SEED_TRAJECTORY_OUTLIER;Z_EDGE_EVIDENCE_WEAK;Z_CONTINUITY_REJECTED_CONTINUITY,rejected_continuity,193.0,False,,True,1,200.0,False,193.0
flow05,405,0,0.2,128.0,19,245.27497646059257,195.0,193.0,212.0,214.0,high_confidence,0.9995663158211862,high_confidence,0.9995663158211862,high_confidence,0.9732273482963223,strong_evidence,0.9472245703704353,True,True,246.0,49225.50390625,9898.8232421875,3629.191650390625,10.836209396610291,0.7250235394074309,3.5275590551181097,16.0,229,263,0.09263799503941073,strong_evidence,0.999943942650766,True,True,3.8692746829012137,62279.159290872514,8139.712223836608,7.651272867914436,32558.848895346433,22,persistent_core_paired_edge_continuity_first_v2_1,193.0,215.0,6.032381275915022,4.578067040929244,0.08701904229373188,0.16829228401184082,0.07913742755392593,1.0,246.0,193.0,192.998698665259,0.7250235394074309,0.0013013347409867038,0.0,10.836209396610291,244,247,217,233,258,274,True,True,,accepted,193.0,False,,False,1,199.0,False,193.0
flow05,406,0,0.2,128.0,19,245.1864882667562,204.0,193.0,212.0,214.0,high_confidence,0.6032278922252966,high_confidence,0.6032278922252966,high_confidence,0.9932616686947763,strong_evidence,0.9866949646476975,True,True,245.0,48728.01171875,19556.015625,4831.1982421875,6.038252754567431,-0.1864882667561858,3.5275590551181097,16.0,229,263,0.08848819383638329,strong_evidence,0.9998720758148281,True,True,3.8692746829012137,60445.41995213364,3575.6961790964187,16.904517868575805,14302.784716385675,57,persistent_core_paired_edge_continuity_first_v2_1,193.0,250.0,9.880964379426622,6.588601997052479,1.883268456922213,0.45663516223430634,0.05291306399152518,1.0,245.0,193.0,192.99703053703243,-0.1864882667561858,0.00296946296757028,0.0,6.038252754567431,244,247,217,233,258,274,True,True,,accepted,193.0,False,,False,1,199.0,False,193.0
flow05,407,0,0.2,128.0,19,245.11456994490507,197.0,193.0,212.0,214.0,high_confidence,0.5,high_confidence,0.5,high_confidence,0.8944251309459137,strong_evidence,0.9188560574012395,True,True,246.0,49504.7109375,16308.455078125,5730.62255859375,5.7927835099858855,0.885430055094929,3.5275590551181097,16.0,229,263,0.0719183218511148,strong_evidence,0.8706437841093517,True,True,3.8692746829012137,59275.57841830185,13022.302021275678,4.551850995427547,52089.20808510271,10,persistent_core_paired_edge_continuity_first_v2_1,195.0,205.0,3.88513044599931,2.8847311852508497,0.6187220301005458,0.1715206503868103,0.0959185426279987,1.0,246.0,194.0,192.99345334266565,0.885430055094929,1.0065466573343542,0.0,5.7927835099858855,244,247,217,233,258,274,True,True,,accepted,193.0,False,,False,1,199.0,False,193.0
flow05,408,0,0.2,128.0,19,245.06369713659976,196.0,193.0,212.0,214.0,model_assisted,9.130573789263109e-146,model_assisted,9.130573789263109e-146,model_assisted,0.0,strong_evidence,0.9954755143203766,True,True,245.0,48189.078125,9812.1015625,2744.705810546875,13.98218213953265,-0.06369713659975673,3.5275590551181097,16.0,229,263,0.050872808305314265,unavailable,0.0,False,False,3.8692746829012137,55232.48503840415,13334.60518870819,4.142041272071204,53338.42075483276,0,persistent_core_paired_edge_continuity_first_v2_1,,,,,,,,,245.0,,192.98682134498148,-0.06369713659975673,,1.0,13.98218213953265,244,247,217,233,258,274,True,True,NO_VALID_UPPER_COMPONENT;Z_EDGE_EVIDENCE_UNAVAILABLE;Z_CONTINUITY_NO_CANDIDATE,no_candidate,,False,,True,1,199.0,False,193.0
flow05,409,0,0.2,128.0,19,245.0320144729573,197.0,193.0,212.0,214.0,high_confidence,0.5321374296948703,high_confidence,0.5321374296948703,high_confidence,0.9423674691321178,strong_evidence,0.9288685021409733,True,True,246.0,49527.26171875,15559.51171875,4610.74169921875,7.367090202809569,0.967985527042714,3.5275590551181097,16.0,229,263,0.03168266364247074,strong_evidence,0.9560626125566412,True,True,3.8692746829012137,64234.34702563113,1546.0436317466706,41.54756418682778,12846.869405126226,69,persistent_core_paired_edge_continuity_first_v2_1,192.0,261.0,19.64857076777995,12.483170217180707,1.573002909133676,0.18263357877731323,0.015108382717360919,1.0,246.0,192.0,192.9758736459295,0.967985527042714,-0.9758736459295108,0.0,7.367090202809569,244,247,217,233,258,274,True,True,,accepted,193.0,False,,False,1,199.0,False,193.0
flow05,410,0,0.2,128.0,19,245.01453108037228,200.0,193.0,212.0,214.0,high_confidence,0.5,high_confidence,0.5,high_confidence,0.8425279218535936,strong_evidence,0.9989696437324902,True,True,245.0,50448.25390625,12912.521484375,3291.878662109375,11.402526117965355,-0.014531080372279348,3.5275590551181097,16.0,229,263,0.01748339258500664,strong_evidence,0.7105854552803845,True,True,3.8692746829012137,59077.89640116574,13662.102290177152,4.3242171041013115,54648.40916070861,4,persistent_core_paired_edge_continuity_first_v2_1,198.0,202.0,2.5928372920177662,1.6506239299801866,-0.21304250657941026,0.23870664834976196,0.06902813281510589,1.0,245.0,191.0,192.95967147184862,-0.014531080372279348,-1.9596714718486226,0.0,11.402526117965355,244,247,217,233,258,274,True,True,,accepted,193.0,False,,False,1,198.0,False,193.0
flow05,411,0,0.2,128.0,19,245.00595029709044,199.0,193.0,212.0,214.0,model_assisted,0.18873215478074126,model_assisted,0.18873215478074126,model_assisted,0.8817209533908996,strong_evidence,0.9268777319886077,True,True,246.0,46234.08984375,13853.7236328125,5253.6044921875,6.163457157669464,0.9940497029095638,3.5275590551181097,16.0,229,263,0.008580783281843196,weak_evidence,0.8387641787235347,True,False,3.8692746829012137,59831.38955854213,12396.34890671795,4.826533200119732,49585.3956268718,6,persistent_core_paired_edge_continuity_first_v2_1,197.0,203.0,3.0182390412133273,2.1598810782418574,0.2706942110189264,0.04647049307823181,0.007174714115266349,1.0,246.0,195.0,192.93814005337848,0.9940497029095638,2.0618599466215244,1.0,6.163457157669464,244,247,217,233,258,274,True,True,UPPER_SEED_TRAJECTORY_OUTLIER;Z_EDGE_EVIDENCE_WEAK;Z_CONTINUITY_REJECTED_CONTINUITY,rejected_continuity,193.0,False,,True,1,198.0,False,193.0
flow05,412,0,0.2,128.0,19,245.0022407498357,200.0,193.0,212.0,214.0,model_assisted,0.03104351836239076,model_assisted,0.03104351836239076,model_assisted,0.0,strong_evidence,0.9265940507330829,True,True,246.0,49990.23828125,12780.73828125,4402.91015625,8.451114985205985,0.9977592501643073,3.5275590551181097,16.0,229,263,0.003709547254743484,weak_evidence,0.0,True,False,3.8692746829012137,58008.87222802621,5136.9048121664355,11.292572930422196,20547.619248665742,68,persistent_core_paired_edge_continuity_first_v2_1,190.0,258.0,6.29090062738982,5.0758497058283485,2.004571475617895,0.07748348265886307,0.22153378974771362,1.0,246.0,183.0,192.91223559410722,0.9977592501643073,-9.912235594107216,2.0,8.451114985205985,244,247,217,233,258,274,True,True,UPPER_SEED_TRAJECTORY_OUTLIER;Z_EDGE_EVIDENCE_WEAK;Z_CONTINUITY_REJECTED_CONTINUITY,rejected_continuity,193.0,False,,True,1,198.0,False,193.0
flow05,413,0,0.2,128.0,19,245.0009235198232,204.0,193.0,212.0,214.0,model_assisted,5.956936391861934e-146,model_assisted,5.956936391861934e-146,model_assisted,0.0,strong_evidence,0.9263519999882346,True,True,244.0,43721.6953125,16285.962890625,3969.041748046875,6.912432310739953,-1.0009235198232034,3.5275590551181097,16.0,229,263,0.00131723001248929,unavailable,0.0,False,False,3.8692746829012137,58093.24006390983,14245.89483508156,4.0778933676283335,56983.57934032624,0,persistent_core_paired_edge_continuity_first_v2_1,,,,,,,,,244.0,,192.8836002982599,-1.0009235198232034,,2.0,6.912432310739953,244,247,217,233,258,274,True,True,NO_VALID_UPPER_COMPONENT;Z_EDGE_EVIDENCE_UNAVAILABLE;Z_CONTINUITY_NO_CANDIDATE,no_candidate,,False,,True,1,199.0,False,193.0
flow05,414,0,0.2,128.0,19,245.0009235198232,198.0,193.0,212.0,214.0,model_assisted,6.171368665849426e-146,model_assisted,6.171368665849426e-146,model_assisted,0.0,strong_evidence,0.9999345475133729,True,True,245.0,45566.3359375,12455.126953125,4642.95654296875,7.131492332082734,-0.0009235198232033781,3.5275590551181097,16.0,229,263,0.00131723001248929,unavailable,0.0,False,False,3.8692746829012137,55770.687366008286,13661.274973137579,4.082392564066768,54645.099892550315,0,persistent_core_paired_edge_continuity_first_v2_1,,,,,,,,,245.0,,192.85338263990616,-0.0009235198232033781,,1.0,7.131492332082734,244,247,217,233,258,274,True,True,NO_VALID_UPPER_COMPONENT;Z_EDGE_EVIDENCE_UNAVAILABLE;Z_CONTINUITY_NO_CANDIDATE,no_candidate,,False,,True,1,199.0,False,193.0
flow05,415,0,0.2,128.0,19,245.0022407498357,196.0,193.0,212.0,214.0,high_confidence,0.5,high_confidence,0.5,high_confidence,0.8450454315420222,strong_evidence,0.9337031996417511,True,True,245.0,46425.0625,15365.45703125,5935.93359375,5.232471856062027,-0.002240749835692668,3.5275590551181097,16.0,229,263,0.003754158597530477,strong_evidence,0.7648059700813208,True,True,3.8692746829012137,57363.45071533609,12076.397647458733,4.750046527940162,48305.59058983493,4,persistent_core_paired_edge_continuity_first_v2_1,194.0,198.0,2.825575949595707,1.654216967481953,1.1270086856156356,0.29025450348854065,0.042296991795045584,1.0,245.0,194.0,192.82075843985825,-0.002240749835692668,1.1792415601417474,0.0,5.232471856062027,244,247,217,233,258,274,True,True,,accepted,193.0,False,,False,1,199.0,False,193.0
flow05,416,0,0.2,128.0,19,245.00599490843322,201.0,193.0,212.0,214.0,model_assisted,0.3363469154464197,model_assisted,0.3363469154464197,model_assisted,0.9162780418036965,strong_evidence,0.9995750473353958,True,True,245.0,47129.72265625,10154.83984375,3316.224609375,11.14969194425843,-0.005994908433223145,3.5275590551181097,16.0,229,263,0.008740878047717615,weak_evidence,0.8399223771438445,True,False,3.8692746829012137,57800.80000262559,10414.009354586602,5.55029269079431,41656.03741834641,15,persistent_core_paired_edge_continuity_first_v2_1,196.0,211.0,3.8491871364920347,2.3881277068896805,0.5419110206462673,0.45034127682447433,0.10617549316830682,1.0,245.0,190.0,192.78162402951358,-0.005994908433223145,-2.78162402951358,1.0,11.14969194425843,244,247,217,233,258,274,True,True,UPPER_SEED_TRAJECTORY_OUTLIER;Z_EDGE_EVIDENCE_WEAK;Z_CONTINUITY_REJECTED_CONTINUITY,rejected_continuity,193.0,False,,True,1,199.0,False,193.0
flow05,417,0,0.2,128.0,19,245.01473578648094,200.0,193.0,212.0,214.0,high_confidence,0.5829721020780901,high_confidence,0.5829721020780901,high_confidence,0.8644942876324188,strong_evidence,0.9252946894947994,True,True,244.0,44795.453125,11382.04296875,3046.509765625,10.96776729005336,-1.0147357864809408,3.5275590551181097,16.0,229,263,0.017997500190858773,strong_evidence,0.8076890333793314,True,True,3.8692746829012137,58470.94348981453,11897.034465256731,4.914749441179564,47588.137861026924,4,persistent_core_paired_edge_continuity_first_v2_1,198.0,202.0,2.6670635673754832,1.801604311531398,1.655130940288928,0.07939749956130981,0.02681377955036025,1.0,244.0,193.0,192.7282287057434,-1.0147357864809408,0.2717712942566095,0.0,10.96776729005336,244,247,217,233,258,274,True,True,,accepted,193.0,False,,False,1,198.0,False,193.0
flow05,418,0,0.2,128.0,19,245.0327332866718,197.0,193.0,212.0,214.0,model_assisted,0.17895491636990213,model_assisted,0.17895491636990213,model_assisted,0.8247607566077617,strong_evidence,0.9239151895315875,True,True,244.0,45830.3046875,18091.859375,3289.712646484375,8.431874845404296,-1.0327332866717995,3.5275590551181097,16.0,229,263,0.033204599763621445,weak_evidence,0.7362475618406871,True,False,3.8692746829012137,51323.52848472682,6349.757359116186,8.08275428210543,25399.029436464745,60,persistent_core_paired_edge_continuity_first_v2_1,188.0,248.0,4.222226646338984,2.5656385008056546,0.9001201994482677,0.2540438622236252,0.12742672823641274,1.0,244.0,188.0,192.65016627380578,-1.0327332866717995,-4.65016627380578,1.0,8.431874845404296,244,247,217,233,258,274,True,True,UPPER_SEED_TRAJECTORY_OUTLIER;Z_EDGE_EVIDENCE_WEAK;Z_CONTINUITY_REJECTED_CONTINUITY,rejected_continuity,193.0,False,,True,1,198.0,False,193.0
flow05,419,0,0.2,128.0,19,245.06593788643542,203.0,193.0,212.0,214.0,high_confidence,0.5,high_confidence,0.5,high_confidence,0.9653576777052523,strong_evidence,0.9545153382875435,True,True,245.0,47278.34375,12501.978515625,6302.15478515625,5.518170597187702,-0.06593788643542098,3.5275590551181097,16.0,229,263,0.054831673011563,strong_evidence,0.9763231752528866,True,True,3.8692746829012137,49477.55350770551,6104.084600758297,8.105646750302089,24416.338403033187,55,persistent_core_paired_edge_continuity_first_v2_1,192.0,247.0,6.952637400738968,5.059691619300035,0.37666434760177897,0.33784112334251404,0.0007502883005911013,1.0,245.0,192.0,192.5367610381653,-0.06593788643542098,-0.5367610381653094,0.0,5.518170597187702,244,247,217,233,258,274,True,True,,accepted,193.0,False,,False,1,197.0,False,193.0
flow05,420,0,0.2,128.0,19,245.12076955944698,197.0,192.0,211.0,213.0,high_confidence,0.5,high_confidence,0.5,high_confidence,0.9279239620970011,strong_evidence,0.9193202347162377,True,True,245.0,47943.21875,12949.623046875,6782.73828125,5.159213617287911,-0.12076955944698398,3.5275590551181097,16.0,229,263,0.08117330750457086,strong_evidence,0.9366082099776373,True,True,3.8692746829012137,61912.747207048145,1341.6698421967149,46.146037765653624,12382.54944140963,64,persistent_core_paired_edge_continuity_first_v2_1,191.0,255.0,24.44348073875855,16.189770767744605,0.5831094395178982,0.43052157014608383,0.057087533171496535,1.0,245.0,191.0,192.380360292163,-0.12076955944698398,-1.3803602921630045,0.0,5.159213617287911,244,247,217,233,258,274,True,True,,accepted,192.0,False,,False,1,197.0,False,192.0
flow05,421,0,0.2,128.0,19,245.20194286695155,199.0,192.0,211.0,213.0,high_confidence,0.5,high_confidence,0.5,high_confidence,0.7971823412605566,strong_evidence,0.6596882844487924,True,True,248.0,44827.21875,10920.00390625,7835.53955078125,4.327361839475272,2.798057133048445,3.5275590551181097,16.0,229,263,0.10796301880566261,strong_evidence,0.9633332896743183,True,True,3.8692746829012137,51571.976840781426,7624.167710048382,6.764276285896937,30496.67084019353,42,persistent_core_paired_edge_continuity_first_v2_1,193.0,235.0,5.650181214280398,4.295049734688304,0.44653382332157077,0.124174565076828,0.009031945215000585,1.0,248.0,193.0,192.1795892964417,2.798057133048445,0.8204107035583093,0.0,4.327361839475272,244,247,217,233,258,274,True,True,,accepted,192.0,False,,False,1,197.0,False,192.0
flow05,422,0,0.2,128.0,19,245.30990588575722,206.0,192.0,211.0,213.0,high_confidence,0.5,high_confidence,0.5,high_confidence,0.9007892790578114,strong_evidence,0.9024037545811631,True,True,244.0,47290.09375,19565.609375,3759.12939453125,7.375240771262981,-1.3099058857572174,3.5275590551181097,16.0,229,263,0.12959675340056265,strong_evidence,0.8991776919657215,True,True,3.8692746829012137,62883.34273260513,12443.892694719167,5.053349805828126,49775.57077887667,8,persistent_core_paired_edge_continuity_first_v2_1,203.0,211.0,2.486145829495688,1.4961925212773557,0.8612836113882723,0.18179816007614136,0.10584503365939661,1.0,244.0,193.0,191.9413207314054,-1.3099058857572174,1.0586792685946023,0.0,7.375240771262981,244,247,217,233,258,274,True,True,,accepted,193.0,False,,False,1,197.0,False,193.0
flow05,423,0,0.2,128.0,19,245.43950263915778,200.0,192.0,211.0,213.0,high_confidence,0.5,high_confidence,0.5,high_confidence,0.8105192681764569,strong_evidence,0.7723107152893988,True,True,245.0,45819.796875,13183.916015625,8551.177734375,3.816536373484738,-0.4395026391577801,3.5275590551181097,16.0,229,263,0.14172541659849003,strong_evidence,0.8506181140308683,True,True,3.8692746829012137,57409.85773172096,12895.63342742744,4.4518835041958615,51582.53370970976,10,persistent_core_paired_edge_continuity_first_v2_1,195.0,205.0,4.341373689740922,3.3033223089906496,-0.5909153394804587,0.4171159863471985,0.007767084166127796,1.0,245.0,193.0,191.6805026803391,-0.4395026391577801,1.3194973196609112,0.0,3.816536373484738,244,247,217,233,258,274,True,True,,accepted,193.0,False,,False,1,197.0,False,193.0
flow05,424,0,0.2,128.0,19,245.58122805575627,204.0,191.0,210.0,212.0,high_confidence,0.51554075763493,high_confidence,0.51554075763493,high_confidence,0.9660537800334162,strong_evidence,0.9579228114168494,True,True,245.0,48716.0859375,13438.0517578125,5635.3623046875,6.260118209319602,-0.5812280557562701,3.5275590551181097,16.0,229,263,0.14375087230840222,strong_evidence,0.9742537653284207,True,True,3.8692746829012137,52542.61399404978,3504.25473260898,14.993948215325908,14017.01893043592,76,persistent_core_paired_edge_continuity_first_v2_1,192.0,268.0,6.089686634078507,3.1347338460024936,0.8473320035905706,0.3595123142004013,0.12332412398488582,1.0,245.0,192.0,191.41754133122748,-0.5812280557562701,0.5824586687725173,0.0,6.260118209319602,245,248,218,234,259,275,True,True,,accepted,193.0,False,,False,1,197.0,False,193.0
flow05,425,0,0.2,128.0,19,245.72497892806467,198.0,191.0,210.0,212.0,high_confidence,0.5,high_confidence,0.5,high_confidence,0.9346439060403113,strong_evidence,0.9803153669092678,True,True,246.0,49544.421875,14918.9296875,5151.84521484375,6.72098845045564,0.27502107193532765,3.5275590551181097,16.0,229,263,0.14375087230840222,strong_evidence,0.8911002118149411,True,True,3.8692746829012137,58267.511454122905,11642.35110875796,5.004789059341387,46569.40443503184,12,persistent_core_paired_edge_continuity_first_v2_1,195.0,207.0,3.29871532427433,2.283420031160616,0.535680248676846,0.15927138924598694,0.044817993753135374,1.0,246.0,190.0,191.17400374531553,0.27502107193532765,-1.174003745315531,0.0,6.72098845045564,245,248,218,234,259,275,True,True,,accepted,193.0,False,,False,1,196.0,False,193.0
flow05,426,0,0.2,128.0,19,245.86446451574687,200.0,191.0,210.0,212.0,model_assisted,0.1908939046198219,model_assisted,0.1908939046198219,model_assisted,0.8385752128797317,strong_evidence,0.9903479465548317,True,True,246.0,49542.953125,10082.37109375,3801.24365234375,10.380966241645575,0.13553548425312556,3.5275590551181097,16.0,229,263,0.1394855876822021,weak_evidence,0.7100619434841766,True,False,3.8692746829012137,58725.747662587295,9099.151909995602,6.453980353715809,36396.60763998241,36,persistent_core_paired_edge_continuity_first_v2_1,190.0,226.0,3.6803162443352075,2.1616125765846816,0.64420493188223,0.3842114582657814,0.14141652333601865,1.0,246.0,186.0,190.96811243538764,0.13553548425312556,-4.9681124353876385,1.0,10.380966241645575,245,248,218,234,259,275,True,True,UPPER_SEED_TRAJECTORY_OUTLIER;Z_EDGE_EVIDENCE_WEAK;Z_CONTINUITY_REJECTED_CONTINUITY,rejected_continuity,193.0,False,,True,1,196.0,False,193.0
flow05,427,0,0.2,128.0,19,245.99928118628554,198.0,191.0,210.0,212.0,model_assisted,0.3856471889308293,model_assisted,0.3856471889308293,model_assisted,0.9564984314123046,strong_evidence,0.9999490559893316,True,True,246.0,48206.8046875,11711.3046875,5173.61083984375,7.054164128259445,0.0007188137144567008,3.5275590551181097,16.0,229,263,0.13481667053866886,weak_evidence,0.9149358597964015,True,False,3.8692746829012137,58987.42659410301,2457.5047019586664,24.002976086714785,11797.485318820603,80,persistent_core_paired_edge_continuity_first_v2_1,191.0,271.0,7.598827042066363,2.833038426891722,1.509102635219507,0.4318583086133003,0.17173638303232433,1.0,246.0,189.0,190.81159605525784,0.0007188137144567008,-1.8115960552578372,1.0,7.054164128259445,245,248,218,234,259,275,True,True,UPPER_SEED_TRAJECTORY_OUTLIER;Z_EDGE_EVIDENCE_WEAK;Z_CONTINUITY_REJECTED_CONTINUITY,rejected_continuity,193.0,False,,True,1,196.0,False,193.0
flow05,428,0,0.2,128.0,19,246.1331346396516,199.0,191.0,210.0,212.0,high_confidence,0.576431519655242,high_confidence,0.576431519655242,high_confidence,0.9450244355002956,strong_evidence,0.9365519606727121,True,True,247.0,50542.609375,13309.38671875,4636.09228515625,8.031165120561255,0.8668653603484131,3.5275590551181097,16.0,230,264,0.1358469125078159,strong_evidence,0.9535735561870715,True,True,3.8692746829012137,64175.247614286716,11205.69741431403,5.727019501018293,44822.78965725612,12,persistent_core_paired_edge_continuity_first_v2_1,192.0,204.0,3.292750402123297,2.4757457821652533,-0.706331733075131,0.22739306092262268,0.0503669087832254,1.0,247.0,190.0,190.70872065808217,0.8668653603484131,-0.7087206580821714,0.0,8.031165120561255,245,248,218,234,259,275,True,True,,accepted,193.0,False,,False,1,196.0,False,193.0
flow05,429,0,0.2,128.0,19,246.2689815521594,199.0,191.0,210.0,212.0,model_assisted,0.135518985463833,model_assisted,0.135518985463833,model_assisted,0.8749590212694763,strong_evidence,0.980751888401142,True,True,246.0,49746.81640625,14535.064453125,5751.59814453125,6.122081388214705,-0.2689815521594028,3.5275590551181097,16.0,230,264,0.1358469125078159,weak_evidence,0.7805779402055224,True,False,3.8692746829012137,64216.557533698404,12782.963872370638,5.023604711306225,51131.85548948255,6,persistent_core_paired_edge_continuity_first_v2_1,196.0,202.0,3.044597488754417,2.016767763057422,0.19200244543541947,0.21388715505599976,0.057579592925653865,1.0,246.0,194.0,190.65731384263174,-0.2689815521594028,3.342686157368263,1.0,6.122081388214705,245,248,218,234,259,275,True,True,UPPER_SEED_TRAJECTORY_OUTLIER;Z_EDGE_EVIDENCE_WEAK;Z_CONTINUITY_REJECTED_CONTINUITY,rejected_continuity,192.0,False,,True,1,196.0,False,192.0
flow05,430,0,0.2,128.0,19,246.40403615776287,204.0,191.0,210.0,212.0,high_confidence,0.7158131924940727,high_confidence,0.7158131924940727,high_confidence,0.9307051668101222,strong_evidence,0.8796512803606041,True,True,248.0,48585.5390625,14176.158203125,4278.69873046875,8.042020022196166,1.5959638422371256,3.5275590551181097,16.0,230,264,0.1350546056034716,strong_evidence,0.9847221585034952,True,True,3.8692746829012137,61468.606079351295,5565.897347071781,11.043790829467945,22263.589388287124,34,persistent_core_paired_edge_continuity_first_v2_1,191.0,225.0,4.728509201846222,2.1491788022555496,1.6004746982748406,0.4637668989598751,0.11948717898051978,1.0,248.0,191.0,190.65070623325295,1.5959638422371256,0.3492937667470528,0.0,8.042020022196166,245,248,218,234,259,275,True,True,,accepted,192.0,False,,False,1,195.0,False,192.0
flow05,431,0,0.2,128.0,19,246.52776407417048,197.0,191.0,210.0,212.0,high_confidence,0.5,high_confidence,0.5,high_confidence,0.9082851879466934,strong_evidence,0.9618701339918859,True,True,246.0,49589.83984375,11163.546875,4072.678955078125,9.435139227175563,-0.5277640741704772,3.5275590551181097,16.0,230,264,0.12372791640760283,strong_evidence,0.8576854124990635,True,True,3.8692746829012137,61418.74372052553,12702.888471015853,4.835021881886511,50811.55388406341,12,persistent_core_paired_edge_continuity_first_v2_1,195.0,207.0,2.65689705052896,1.872061313350234,1.029197458645273,-0.025893062353134155,0.08771653702208489,1.0,246.0,189.0,190.67961239263627,-0.5277640741704772,-1.6796123926362725,0.0,9.435139227175563,246,249,219,235,260,276,True,True,,accepted,191.0,False,,False,1,195.0,False,191.0
flow05,432,0,0.2,128.0,19,246.6242008391502,203.0,191.0,210.0,212.0,high_confidence,0.5610755431073555,high_confidence,0.5610755431073555,high_confidence,0.9366613394002958,strong_evidence,0.9547382386142479,True,True,246.0,48522.046875,14507.265625,3136.081787109375,10.846267272051119,-0.6242008391502054,3.5275590551181097,16.0,230,264,0.0964367649797282,strong_evidence,0.9189267060263144,True,True,3.8692746829012137,49361.37009433948,2547.4417970393565,19.37683920853752,10189.767188157426,51,persistent_core_paired_edge_continuity_first_v2_1,189.0,240.0,9.066100380386604,5.425301059755077,-0.22017659567516448,0.23559852689504623,0.14154257460729455,1.0,246.0,189.0,190.7336991737389,-0.6242008391502054,-1.7336991737388985,0.0,10.846267272051119,246,249,219,235,260,276,True,True,,accepted,190.0,False,,False,1,195.0,False,190.0
flow05,433,0,0.2,128.0,19,246.67749227971018,198.0,191.0,210.0,212.0,model_assisted,0.16860007989653147,model_assisted,0.16860007989653147,model_assisted,0.7730639178413605,strong_evidence,0.8730581005641734,True,True,245.0,50127.1171875,12069.4921875,3063.258544921875,12.423902338602835,-1.6774922797101794,3.5275590551181097,16.0,230,264,0.053291440559974035,weak_evidence,0.6845223939644388,True,False,3.8692746829012137,64308.902731048074,10974.7461419658,5.859716653047707,43898.9845678632,15,persistent_core_paired_edge_continuity_first_v2_1,196.0,211.0,4.348875536927252,3.2720134680271724,0.30503886628632876,0.11377662420272827,0.11316100332827186,1.0,245.0,196.0,190.80299194471883,-1.6774922797101794,5.197008055281174,1.0,12.423902338602835,246,249,219,235,260,276,True,True,UPPER_SEED_TRAJECTORY_OUTLIER;Z_EDGE_EVIDENCE_WEAK;Z_CONTINUITY_REJECTED_CONTINUITY,rejected_continuity,190.0,False,,True,1,196.0,False,190.0
flow05,434,0,0.2,128.0,19,246.67800638731603,199.0,191.0,210.0,212.0,high_confidence,0.8410371166477053,high_confidence,0.8410371166477053,high_confidence,0.9858031299165366,strong_evidence,0.9769136504036668,True,True,247.0,49184.38671875,13699.22265625,4052.82666015625,8.755657973571445,0.3219936126839684,3.5275590551181097,16.0,230,264,0.051654021015679064,strong_evidence,0.9947734997373443,True,True,3.8692746829012137,57786.87704594589,7897.186014626653,7.3174010260005025,31588.74405850661,25,persistent_core_paired_edge_continuity_first_v2_1,191.0,216.0,3.6951539913598035,2.1421434440553484,1.4087874641566493,0.2520119398832321,0.05292563229374393,1.0,247.0,191.0,190.87929647002284,0.3219936126839684,0.12070352997716327,0.0,8.755657973571445,246,249,219,235,260,276,True,True,,accepted,190.0,False,,False,1,196.0,False,190.0
flow05,435,0,0.2,128.0,19,246.62635236630035,196.0,191.0,210.0,212.0,high_confidence,0.506123612869077,high_confidence,0.506123612869077,high_confidence,0.9373582293170172,strong_evidence,0.9731591771455795,True,True,247.0,46850.25390625,13229.716796875,2466.55419921875,13.63056896135665,0.3736476336996475,3.5275590551181097,16.0,230,264,0.09259338369668058,strong_evidence,0.9028743402960211,True,True,3.8692746829012137,45676.26265288125,3332.2659317193925,13.707268143906232,13329.06372687757,66,persistent_core_paired_edge_continuity_first_v2_1,193.0,259.0,11.533707112860808,9.12934015858099,-1.2555894819544955,0.39355311915278435,0.007730294205777299,1.0,247.0,193.0,190.95707696403406,0.3736476336996475,2.0429230359659414,0.0,13.63056896135665,246,249,219,235,260,276,True,True,,accepted,190.0,False,,False,1,196.0,False,190.0
flow05,436,0,0.2,128.0,19,246.53375898260367,200.0,191.0,210.0,212.0,high_confidence,0.5,high_confidence,0.5,high_confidence,0.8703742153166688,strong_evidence,0.890041250292213,True,True,248.0,49329.05859375,12490.52734375,3364.559326171875,10.948991436543967,1.466241017396328,3.5275590551181097,16.0,230,264,0.11498703835991364,strong_evidence,0.851141758249286,True,True,3.8692746829012137,55489.54049651991,9019.453778430374,6.152206315333718,36077.815113721495,20,persistent_core_paired_edge_continuity_first_v2_1,195.0,215.0,4.538679911095362,3.0756259508650405,1.1165059487813669,0.3379213660955429,0.04029701186691694,1.0,248.0,194.0,191.03306405976326,1.466241017396328,2.9669359402367377,0.0,10.948991436543967,246,249,219,235,260,276,True,True,,accepted,191.0,False,,False,1,197.0,False,191.0
flow05,437,0,0.2,128.0,19,246.41877194424376,197.0,191.0,210.0,212.0,high_confidence,0.5,high_confidence,0.5,high_confidence,0.9339623780288859,strong_evidence,0.9579228114168515,True,True,247.0,47854.59765625,13312.724609375,3985.8955078125,8.666025734786995,0.5812280557562417,3.5275590551181097,16.0,230,264,0.11705710541264125,strong_evidence,0.9106012647127433,True,True,3.8692746829012137,55576.03076065708,5573.506136197077,9.97146668588362,22294.024544788306,48,persistent_core_paired_edge_continuity_first_v2_1,193.0,241.0,6.539141083934896,5.0775687176643105,-1.3085690666885044,0.3491947501897812,0.01377306526241359,1.0,247.0,193.0,191.10456389842136,0.5812280557562417,1.895436101578639,0.0,8.666025734786995,245,248,218,234,259,275,True,True,,accepted,191.0,False,,False,1,198.0,False,191.0
flow05,438,0,0.2,128.0,19,246.30171483883112,205.0,191.0,210.0,212.0,model_assisted,2.1369897292473817e-145,model_assisted,2.1369897292473817e-145,model_assisted,0.0,strong_evidence,0.8713686026387906,True,True,248.0,47882.0,15646.99609375,3617.9521484375,8.90973749339705,1.698285161168883,3.5275590551181097,16.0,230,264,0.11705710541264125,unavailable,0.0,False,False,3.8692746829012137,53361.074267745804,1903.2267891083457,28.037160139357464,10672.214853549161,55,persistent_core_paired_edge_continuity_first_v2_1,182.0,237.0,,,,,,,248.0,,191.16744058448012,1.698285161168883,,1.0,8.90973749339705,245,248,218,234,259,275,True,True,NO_VALID_UPPER_COMPONENT;Z_EDGE_EVIDENCE_UNAVAILABLE;Z_CONTINUITY_NO_CANDIDATE,no_candidate,,False,,True,1,198.0,False,193.0
flow05,439,0,0.2,128.0,19,246.19907252608698,204.0,191.0,210.0,212.0,high_confidence,0.5,high_confidence,0.5,high_confidence,0.8892778079615665,strong_evidence,0.9415283754146708,True,True,247.0,47453.796875,11462.046875,2890.737548828125,12.450715221307684,0.8009274739130205,3.5275590551181097,16.0,230,264,0.1026423127441376,strong_evidence,0.8399269107366367,True,True,3.8692746829012137,60953.47259472184,13191.147515287132,4.620786214700675,52764.59006114853,6,persistent_core_paired_edge_continuity_first_v2_1,202.0,208.0,3.580757983595616,2.486989551931969,-0.011588701743675645,0.23738977313041687,0.005581520259212132,1.0,247.0,193.0,191.21559581472815,0.8009274739130205,1.7844041852718533,0.0,12.450715221307684,245,248,218,234,259,275,True,True,,accepted,193.0,False,,False,1,198.0,False,193.0
flow05,440,0,0.2,128.0,19,246.1200507457325,197.0,191.0,210.0,212.0,high_confidence,0.7768654433786669,high_confidence,0.7768654433786669,high_confidence,0.9787696489726326,strong_evidence,0.9914554345375675,True,True,246.0,48423.35546875,13230.158203125,2429.571533203125,14.485351340623673,-0.12005074573249885,3.5275590551181097,16.0,230,264,0.0790217803544806,strong_evidence,0.966246179483432,True,True,3.8692746829012137,60756.312884134786,4230.405240723701,14.361818650201256,16921.620962894805,51,persistent_core_paired_edge_continuity_first_v2_1,192.0,243.0,9.188993543314172,6.715387215909071,0.022773065113179523,0.3956252448260784,0.0219533730444105,1.0,246.0,192.0,191.2425356455327,-0.12005074573249885,0.7574643544672881,0.0,14.485351340623673,245,248,218,234,259,275,True,True,,accepted,193.0,False,,False,1,198.0,False,193.0
flow05,441,0,0.2,128.0,19,246.06640738269846,196.0,191.0,210.0,212.0,high_confidence,0.5,high_confidence,0.5,high_confidence,0.9492701325629017,strong_evidence,0.9553434027529963,True,True,246.0,47200.1953125,12441.42578125,6287.62890625,5.5281203852058205,-0.0664073826984577,3.5275590551181097,16.0,230,264,0.05364336303404116,strong_evidence,0.9432354711188302,True,True,3.8692746829012137,59111.35156779562,7778.20539879652,7.599613090307643,31112.82159518608,55,persistent_core_paired_edge_continuity_first_v2_1,191.0,246.0,3.081123513847009,1.6260333851624753,-0.36845563291387445,0.35222261399030685,0.05037867061592375,1.0,246.0,190.0,191.24443503050287,-0.0664073826984577,-1.2444350305028706,0.0,5.5281203852058205,245,248,218,234,259,275,True,True,,accepted,193.0,False,,False,1,198.0,False,193.0
flow05,442,0,0.2,128.0,19,246.03488481382186,201.0,191.0,210.0,212.0,high_confidence,0.6068493696153783,high_confidence,0.6068493696153783,high_confidence,0.9705430191143709,strong_evidence,0.9975246308298874,True,True,246.0,48601.45703125,10589.9609375,4167.1962890625,9.12159962167309,-0.03488481382186137,3.5275590551181097,16.0,230,264,0.031522568876596324,strong_evidence,0.9442912213285227,True,True,3.8692746829012137,58288.69332351127,8722.90424544196,6.682257615514841,34891.61698176784,17,persistent_core_paired_edge_continuity_first_v2_1,191.0,208.0,4.858403202270211,3.196152495950421,0.1932648301249564,0.40797464549541473,0.004615610464108948,1.0,246.0,190.0,191.22260430111135,-0.03488481382186137,-1.222604301111346,0.0,9.12159962167309,245,248,218,234,259,275,True,True,,accepted,193.0,False,,False,1,198.0,False,193.0
flow05,443,0,0.2,128.0,19,246.0207306949141,204.0,191.0,210.0,212.0,model_assisted,0.23230205643884266,model_assisted,0.23230205643884266,model_assisted,0.8910991442069652,strong_evidence,0.9233136292562392,True,True,247.0,49864.9375,12118.9228515625,6355.1240234375,5.939461528875183,0.9792693050858929,3.5275590551181097,16.0,230,264,0.01415411890775431,weak_evidence,0.8600086250714468,True,False,3.8692746829012137,59160.059120423175,7905.142911838913,7.483743150528473,31620.571647355653,30,persistent_core_paired_edge_continuity_first_v2_1,194.0,224.0,6.172032941869754,4.90609061721173,-0.4423625605195273,0.1611829698085785,0.00401543271996879,1.0,247.0,194.0,191.18374948610443,0.9792693050858929,2.816250513895568,1.0,5.939461528875183,245,248,218,234,259,275,True,True,UPPER_SEED_TRAJECTORY_OUTLIER;Z_EDGE_EVIDENCE_WEAK;Z_CONTINUITY_REJECTED_CONTINUITY,rejected_continuity,192.0,False,,True,1,199.0,False,192.0
flow05,444,0,0.2,128.0,19,246.0207306949141,206.0,191.0,210.0,212.0,high_confidence,0.955146821770363,high_confidence,0.955146821770363,high_confidence,0.996279528064,strong_evidence,0.9985297236894932,True,True,246.0,48547.3359375,16578.83984375,3039.956787109375,10.516102146355871,-0.020730694914107062,3.5275590551181097,16.0,230,264,0.014198730250541303,strong_evidence,0.9940344032743895,True,True,3.8692746829012137,50300.32124501097,2902.266072295133,17.331395534398094,11609.064289180533,51,persistent_core_paired_edge_continuity_first_v2_1,191.0,242.0,10.745807946399262,7.146479808485441,1.0018095374087863,0.4390278048813343,0.06039689875896221,1.0,246.0,191.0,191.13767063073357,-0.020730694914107062,-0.13767063073356667,0.0,10.516102146355871,245,248,218,234,259,275,True,True,,accepted,192.0,False,,False,1,199.0,False,192.0
flow05,445,0,0.2,128.0,19,246.03492942516465,205.0,191.0,210.0,212.0,model_assisted,0.3795841310058726,model_assisted,0.3795841310058726,model_assisted,0.9233790695222414,strong_evidence,0.9975214613494682,True,True,246.0,48193.3984375,13629.8837890625,1690.242919921875,20.448844506939313,-0.034929425164648364,3.5275590551181097,16.0,230,264,0.03168266364247074,weak_evidence,0.854747430574883,True,False,3.8692746829012137,59618.16143595631,9824.76387589848,6.06815208884643,39299.05550359392,23,persistent_core_paired_edge_continuity_first_v2_1,194.0,217.0,3.578082317869224,2.3584690274777302,0.13749380550147317,0.16219893097877502,0.022309364555487838,1.0,246.0,194.0,191.09396294709256,-0.034929425164648364,2.906037052907436,1.0,20.448844506939313,245,248,218,234,259,275,True,True,UPPER_SEED_TRAJECTORY_OUTLIER;Z_EDGE_EVIDENCE_WEAK;Z_CONTINUITY_REJECTED_CONTINUITY,rejected_continuity,191.0,False,,True,1,199.0,False,191.0
flow05,446,0,0.2,128.0,19,246.06661208880712,197.0,191.0,210.0,212.0,high_confidence,0.7308906457033524,high_confidence,0.7308906457033524,high_confidence,0.9445251811693435,strong_evidence,0.9315044806167305,True,True,247.0,48033.9140625,13782.552734375,3331.14794921875,10.282149532313007,0.9333879111928809,3.5275590551181097,16.0,230,264,0.05415747063983645,strong_evidence,0.9577278869043347,True,True,3.8692746829012137,64600.99815450414,3863.703279319808,16.719968766824383,15454.813117279233,90,persistent_core_paired_edge_continuity_first_v2_1,192.0,282.0,10.39517407882366,7.404425945493146,1.876825601992463,0.39863302558660507,0.002491721787237111,1.0,247.0,192.0,191.0595257222882,0.9333879111928809,0.940474277711786,0.0,10.282149532313007,245,248,218,234,259,275,True,True,,accepted,191.0,False,,False,1,199.0,False,191.0
flow05,447,0,0.2,128.0,19,246.12076955944696,198.0,191.0,210.0,212.0,high_confidence,0.686601183215071,high_confidence,0.686601183215071,high_confidence,0.9720754308000632,strong_evidence,0.9914040514583506,True,True,246.0,48811.40234375,14395.314453125,3546.370361328125,9.704594947532803,-0.12076955944695555,3.5275590551181097,16.0,230,264,0.08049910513290115,strong_evidence,0.9531236449711296,True,True,3.8692746829012137,62931.67540718644,2206.293625459096,28.523708123433174,12586.33508143729,77,persistent_core_paired_edge_continuity_first_v2_1,190.0,267.0,16.870555924039145,11.864819670293892,0.36473881622311327,0.2064370959997177,0.0862256658399115,1.0,246.0,190.0,191.03804818284175,-0.12076955944695555,-1.0380481828417487,0.0,9.704594947532803,245,248,218,234,259,275,True,True,,accepted,191.0,False,,False,1,199.0,False,191.0
flow05,448,0,0.2,128.0,19,246.20126866457986,206.0,191.0,210.0,212.0,high_confidence,0.8631865468649398,high_confidence,0.8631865468649398,high_confidence,0.9921165404893395,strong_evidence,0.9856327733174528,True,True,246.0,46627.65625,13500.7431640625,3797.70947265625,8.722866592206008,-0.2012686645798567,3.5275590551181097,16.0,230,264,0.10644108268445507,strong_evidence,0.9986429596893216,True,True,3.8692746829012137,57423.53610076628,4419.066172801271,12.994495636702624,17676.264691205084,49,persistent_core_paired_edge_continuity_first_v2_1,192.0,241.0,6.600098408529542,4.014422738255643,2.4497368881942405,0.32843923568725586,0.12092888654325107,1.0,246.0,191.0,191.031461836674,-0.2012686645798567,-0.03146183667399782,0.0,8.722866592206008,245,248,218,234,259,275,True,True,,accepted,190.0,False,,False,1,199.0,False,190.0
flow05,449,0,0.2,128.0,19,246.3077097472643,208.0,191.0,210.0,212.0,high_confidence,0.5,high_confidence,0.5,high_confidence,0.9512973423163098,strong_evidence,0.9496704890843387,True,True,247.0,45491.1328125,18502.765625,4077.962158203125,6.61810142921775,0.6922902527356882,3.5275590551181097,16.0,230,264,0.12579798346030202,strong_evidence,0.9529269824638151,True,True,3.8692746829012137,48669.21536097201,3861.0255632196454,12.605255925937863,15444.102252878582,61,persistent_core_paired_edge_continuity_first_v2_1,191.0,252.0,7.602126415739597,4.974657407564914,1.3880319346249956,0.42972613498568535,0.1067827597675815,1.0,247.0,190.0,191.04219496535075,0.6922902527356882,-1.0421949653507454,0.0,6.61810142921775,245,248,218,234,259,275,True,True,,accepted,191.0,False,,False,1,200.0,False,191.0
flow05,450,0,0.2,128.0,19,246.4335077307246,197.0,191.0,210.0,212.0,high_confidence,0.5,high_confidence,0.5,high_confidence,0.9551859791777547,strong_evidence,0.9590123976241933,True,True,247.0,45211.58984375,14963.9638671875,4370.3935546875,6.921030245461572,0.5664922692753862,3.5275590551181097,16.0,230,264,0.13298453855080083,strong_evidence,0.9513748279772489,True,True,3.8692746829012137,47956.39455303243,5458.685566581475,8.78533741650654,21834.7422663259,41,persistent_core_paired_edge_continuity_first_v2_1,190.0,231.0,4.161715399485815,2.6331582748940296,-1.0143406552745142,0.5001381896436214,0.040896067609325154,1.0,247.0,190.0,191.074863332071,0.5664922692753862,-1.0748633320710042,0.0,6.921030245461572,245,248,218,234,259,275,True,True,,accepted,191.0,False,,False,1,200.0,False,191.0
flow05,451,0,0.2,128.0,19,246.56649226927541,201.0,191.0,210.0,212.0,model_assisted,0.18391330396061223,model_assisted,0.18391330396061223,model_assisted,0.8610276340246077,strong_evidence,0.9687900442172848,True,True,247.0,47225.7890625,14078.435546875,4201.47998046875,7.889446973379799,0.43350773072458537,3.5275590551181097,16.0,230,264,0.13298453855080083,weak_evidence,0.7652520698155896,True,False,3.8692746829012137,55712.686772295,9644.764534275788,5.7764693554002235,38579.05813710315,20,persistent_core_paired_edge_continuity_first_v2_1,194.0,214.0,3.2729973303452855,1.9897601701707506,0.3525951285711687,0.2831452339887619,0.16327690968597308,1.0,247.0,187.0,191.1363987090656,0.43350773072458537,-4.136398709065588,1.0,7.889446973379799,246,249,219,235,260,276,True,True,UPPER_SEED_TRAJECTORY_OUTLIER;Z_EDGE_EVIDENCE_WEAK;Z_CONTINUITY_REJECTED_CONTINUITY,rejected_continuity,190.0,False,,True,1,199.0,False,190.0
flow05,452,0,0.2,128.0,19,246.69229025273572,200.0,191.0,210.0,212.0,model_assisted,0.39776479419642086,model_assisted,0.39776479419642086,model_assisted,0.9186485166914478,strong_evidence,0.9779493293283377,True,True,247.0,41067.890625,10625.3828125,2645.650390625,11.506625335068689,0.30770974726428335,3.5275590551181097,16.0,230,264,0.12579798346030202,weak_evidence,0.8629435819532735,True,False,3.8692746829012137,55326.627276791914,8642.87889617742,6.401411837583634,34571.51558470968,25,persistent_core_paired_edge_continuity_first_v2_1,195.0,220.0,4.5677543535556255,3.0415249418731456,0.9364557915551339,0.4181719943881035,0.031200194277881853,1.0,247.0,194.0,191.23431674676607,0.30770974726428335,2.765683253233931,1.0,11.506625335068689,246,249,219,235,260,276,True,True,UPPER_SEED_TRAJECTORY_OUTLIER;Z_EDGE_EVIDENCE_WEAK;Z_CONTINUITY_REJECTED_CONTINUITY,rejected_continuity,190.0,False,,True,1,199.0,False,190.0
flow05,453,0,0.2,128.0,19,246.79877594676296,201.0,191.0,210.0,212.0,high_confidence,0.5,high_confidence,0.5,high_confidence,0.9329915256604318,strong_evidence,0.9416903108105374,True,True,246.0,42191.05078125,10140.8974609375,3962.88916015625,8.087572481852815,-0.7987759467629587,3.5275590551181097,16.0,230,264,0.10648569402724206,strong_evidence,0.9243730948075074,True,True,3.8692746829012137,52450.96416289927,1467.2465641450024,35.74788685462939,10490.192832579854,76,persistent_core_paired_edge_continuity_first_v2_1,193.0,269.0,30.723339748484243,24.41447983350929,4.39870344498315,0.46368663012981415,0.008132455160113008,1.0,246.0,193.0,191.37370537541125,-0.7987759467629587,1.626294624588752,0.0,8.087572481852815,246,249,219,235,260,276,True,True,,accepted,190.0,False,,False,1,199.0,False,190.0
flow05,454,0,0.2,128.0,19,246.87943514666176,200.0,192.0,211.0,213.0,model_assisted,0.1699242877523075,model_assisted,0.1699242877523075,model_assisted,0.8166091761390329,strong_evidence,0.7621035923960287,True,True,246.0,45879.48046875,13896.8671875,8033.69580078125,3.981058540720424,-0.8794351466617627,3.5275590551181097,16.0,230,264,0.08065919989880399,weak_evidence,0.8750129945692999,True,False,3.8692746829012137,63501.61993916897,2176.977768527345,29.16962261039798,12700.323987833795,69,persistent_core_paired_edge_continuity_first_v2_1,189.0,258.0,10.478386874938256,6.270105953760233,-1.7910233609248518,0.23964232206344604,0.14373814368060253,1.0,246.0,189.0,191.55409488973424,-0.8794351466617627,-2.5540948897342446,1.0,3.981058540720424,246,249,219,235,260,276,True,True,UPPER_SEED_TRAJECTORY_OUTLIER;Z_EDGE_EVIDENCE_WEAK;Z_CONTINUITY_REJECTED_CONTINUITY,rejected_continuity,190.0,False,,True,1,199.0,False,190.0
flow05,455,0,0.2,128.0,19,246.9341067249074,201.0,192.0,211.0,213.0,model_assisted,0.33551853688356015,model_assisted,0.33551853688356015,model_assisted,0.9426434373000797,strong_evidence,0.9953191531305104,True,True,247.0,46616.734375,12121.232421875,4885.28369140625,7.061105174671099,0.06589327509260556,3.5275590551181097,16.0,230,264,0.054671578245631736,weak_evidence,0.8927555016801686,True,False,3.8692746829012137,62534.418457408756,8973.564819158755,6.96873758842154,35894.25927663502,17,persistent_core_paired_edge_continuity_first_v2_1,195.0,212.0,4.422204263824743,3.2117497170734057,-0.772766876795945,0.38211943209171295,0.048949019863405406,1.0,247.0,194.0,191.76771632251246,0.06589327509260556,2.232283677487544,1.0,7.061105174671099,246,249,219,235,260,276,True,True,UPPER_SEED_TRAJECTORY_OUTLIER;Z_EDGE_EVIDENCE_WEAK;Z_CONTINUITY_REJECTED_CONTINUITY,rejected_continuity,190.0,False,,True,1,200.0,False,190.0
flow05,456,0,0.2,128.0,19,246.96726671332829,206.0,192.0,211.0,213.0,high_confidence,0.5,high_confidence,0.5,high_confidence,0.9093347235251078,strong_evidence,0.9976774773822313,True,True,247.0,48509.515625,14265.1748046875,4508.80029296875,7.595000575588776,0.03273328667171427,3.5275590551181097,16.0,230,264,0.033159988420891295,strong_evidence,0.828814580016509,True,True,3.8692746829012137,56394.525929511576,12242.105489209283,4.606603494735454,48968.42195683713,12,persistent_core_paired_edge_continuity_first_v2_1,197.0,209.0,3.009468441896677,1.750443772031027,1.032073642355426,0.3461669608950615,0.1524894686350236,1.0,247.0,190.0,192.0,0.03273328667171427,-2.0,0.0,7.595000575588776,246,249,219,235,260,276,True,True,,accepted,190.0,False,,False,1,201.0,False,190.0
flow05,457,0,0.2,128.0,19,246.98530882486187,197.0,192.0,211.0,213.0,model_assisted,0.49,model_assisted,0.49,model_assisted,0.9822265307921791,strong_evidence,0.9989582859636218,True,True,247.0,47648.4921875,13863.2607421875,2637.0263671875,12.811867134019549,0.014691175138125345,3.5275590551181097,16.0,230,264,0.018042111533588923,weak_evidence,0.9657750191855086,True,False,3.8692746829012137,59043.96014185088,6068.179745716217,9.73009413301122,24272.71898286487,43,persistent_core_paired_edge_continuity_first_v2_1,193.0,236.0,7.27786620021333,5.387134860565995,1.0401314038685134,0.35845641791820526,0.020746443445973813,1.0,247.0,193.0,192.23232828883033,0.014691175138125345,0.7676717111696689,1.0,12.811867134019549,246,249,219,235,260,276,True,True,UPPER_SEED_TRAJECTORY_OUTLIER;Z_EDGE_EVIDENCE_WEAK;Z_CONTINUITY_REJECTED_CONTINUITY,rejected_continuity,190.0,False,,True,1,200.0,False,190.0
flow05,458,0,0.2,128.0,19,246.99420979767547,206.0,192.0,211.0,213.0,model_assisted,0.46057713194484223,model_assisted,0.46057713194484223,model_assisted,0.963134972436923,strong_evidence,0.9995895610292919,True,True,247.0,47084.3046875,10299.2109375,4757.99609375,7.7312156263264065,0.005790202324533311,3.5275590551181097,16.0,230,264,0.008900972813592034,weak_evidence,0.9280098665455044,True,False,3.8692746829012137,59808.14668577884,9719.675235208708,6.153307105275375,38878.70094083483,28,persistent_core_paired_edge_continuity_first_v2_1,195.0,223.0,5.845397044761509,4.505223622288613,-0.4308529463241672,0.3358694314956665,0.023400517252851888,1.0,247.0,194.0,192.4461321220458,0.005790202324533311,1.5538678779541897,1.0,7.7312156263264065,246,249,219,235,260,276,True,True,UPPER_SEED_TRAJECTORY_OUTLIER;Z_EDGE_EVIDENCE_WEAK;Z_CONTINUITY_REJECTED_CONTINUITY,rejected_continuity,190.0,False,,True,1,200.0,False,190.0
flow05,459,0,0.2,128.0,19,246.99852267522164,200.0,193.0,212.0,214.0,high_confidence,0.7489910442390674,high_confidence,0.7489910442390674,high_confidence,0.9917510409644912,strong_evidence,0.9998952957200402,True,True,247.0,48149.5625,12230.4970703125,4235.14111328125,8.481196840654636,0.001477324778363709,3.5275590551181097,16.0,230,264,0.004312877546169602,strong_evidence,0.9836731220401108,True,True,3.8692746829012137,64902.84874843125,2062.3748867404847,31.469956876272896,12980.56974968625,57,persistent_core_paired_edge_continuity_first_v2_1,193.0,250.0,22.410367848745004,17.569704948085004,-1.7521277587387831,0.41203630715608597,0.016385938023266756,1.0,247.0,193.0,192.6271157913576,0.001477324778363709,0.3728842086424038,0.0,8.481196840654636,246,249,219,235,260,276,True,True,,accepted,190.0,False,,False,1,200.0,False,190.0
flow05,460,0,0.2,128.0,19,247.00147732477842,198.0,193.0,212.0,214.0,model_assisted,0.288037862058167,model_assisted,0.288037862058167,model_assisted,0.8678446227298164,strong_evidence,0.9998952957200362,True,True,247.0,48913.4140625,10848.65234375,4599.63623046875,8.275602637139592,-0.0014773247784205523,3.5275590551181097,16.0,231,265,0.004312877546112759,weak_evidence,0.7532331559362946,True,False,3.8692746829012137,60369.750837583386,13197.531923630759,4.574321258468692,52790.127694523035,4,persistent_core_paired_edge_continuity_first_v2_1,196.0,200.0,3.2260911668080134,2.187521224386949,0.19479226308968514,0.2510761022567749,0.03742422951513977,1.0,247.0,194.0,192.76819418724133,-0.0014773247784205523,1.2318058127586653,1.0,8.275602637139592,246,249,219,235,260,276,True,True,UPPER_SEED_TRAJECTORY_OUTLIER;Z_EDGE_EVIDENCE_WEAK;Z_CONTINUITY_REJECTED_CONTINUITY,rejected_continuity,190.0,False,,True,1,200.0,False,190.0
flow05,461,0,0.2,128.0,19,247.00579020232453,204.0,193.0,212.0,214.0,model_assisted,0.24657222336035922,model_assisted,0.24657222336035922,model_assisted,0.9256903840326156,strong_evidence,0.9995895610292919,True,True,247.0,48852.94921875,12806.546875,4768.404296875,7.559426613085893,-0.005790202324533311,3.5275590551181097,16.0,231,265,0.008900972813592034,weak_evidence,0.8572545377605647,True,False,3.8692746829012137,57677.91199329739,13031.897462116425,4.425902840393459,52127.5898484657,11,persistent_core_paired_edge_continuity_first_v2_1,199.0,210.0,3.7159087192230107,2.7290084157275043,-0.2755060956132138,0.24798816442489624,0.01228598484010191,1.0,247.0,194.0,192.87048956250538,-0.005790202324533311,1.1295104374946163,1.0,7.559426613085893,246,249,219,235,260,276,True,True,UPPER_SEED_TRAJECTORY_OUTLIER;Z_EDGE_EVIDENCE_WEAK;Z_CONTINUITY_REJECTED_CONTINUITY,rejected_continuity,190.0,False,,True,1,201.0,False,190.0
flow05,462,0,0.2,128.0,19,247.01469117513813,200.0,193.0,212.0,214.0,high_confidence,0.9808944656065478,high_confidence,0.9808944656065478,high_confidence,0.9195566760259168,strong_evidence,0.8477028960947814,True,True,249.0,45934.1640625,15578.927734375,2954.594482421875,10.273909502207855,1.9853088248618747,3.5275590551181097,16.0,231,265,0.018042111533645766,strong_evidence,0.9975009927644373,True,True,3.8692746829012137,47695.301364375206,3795.6320625826343,12.565838990179211,15182.528250330537,61,persistent_core_paired_edge_continuity_first_v2_1,193.0,254.0,7.398524340784846,5.839670892587309,-1.7489206528946075,0.2820088416337967,0.019103854206380937,1.0,249.0,193.0,192.9421287892406,1.9853088248618747,0.05787121075940149,0.0,10.273909502207855,246,249,219,235,260,276,True,True,,accepted,190.0,False,,False,1,201.0,False,190.0
flow05,463,0,0.2,128.0,19,247.03273328667177,198.0,193.0,212.0,214.0,high_confidence,0.5,high_confidence,0.5,high_confidence,0.97596077899609,strong_evidence,0.9976774773822272,True,True,247.0,47179.87109375,14527.7548828125,4797.82958984375,6.8056014911527685,-0.03273328667177111,3.5275590551181097,16.0,231,265,0.03315998842083445,strong_evidence,0.9547167934850915,True,True,3.8692746829012137,63546.12219215612,2257.8145981381745,28.144969141645706,12709.224438431225,64,persistent_core_paired_edge_continuity_first_v2_1,194.0,258.0,17.53557303975395,12.053804859095615,3.078227413018333,0.3645320236682892,0.021219535989910367,1.0,247.0,194.0,192.99560772301422,-0.03273328667177111,1.004392276985783,0.0,6.8056014911527685,246,249,219,235,260,276,True,True,,accepted,193.0,False,,False,1,200.0,False,193.0
flow05,464,0,0.2,128.0,19,247.0658932750926,199.0,193.0,212.0,214.0,high_confidence,0.5,high_confidence,0.5,high_confidence,0.9367235936622101,strong_evidence,0.9953191531305104,True,True,247.0,46304.1640625,12652.89453125,2978.28564453125,11.298872421132845,-0.06589327509260556,3.5275590551181097,16.0,231,265,0.05467157824568858,strong_evidence,0.8815776207698378,True,True,3.8692746829012137,64250.03476927801,11679.720453986864,5.500990800455871,46718.881815947454,12,persistent_core_paired_edge_continuity_first_v2_1,196.0,208.0,3.7701661420403454,2.6901972216015397,0.7425560156980644,0.19012394547462463,0.1630387127381889,1.0,247.0,195.0,193.04442889601646,-0.06589327509260556,1.9555711039835444,0.0,11.298872421132845,246,249,219,235,260,276,True,True,,accepted,193.0,False,,False,1,200.0,False,193.0
flow05,465,0,0.2,128.0,19,247.1205648533383,202.0,193.0,212.0,214.0,high_confidence,0.6416539856182388,high_confidence,0.6416539856182388,high_confidence,0.9507940915854582,strong_evidence,0.9171531699136356,True,True,246.0,48984.25390625,12586.2080078125,5159.23583984375,7.054929650112648,-1.1205648533382941,3.5275590551181097,16.0,231,265,0.08065919989877557,strong_evidence,0.9856689528521648,True,True,3.8692746829012137,54864.905799897824,9425.978286654336,5.820606003047734,37703.91314661734,31,persistent_core_paired_edge_continuity_first_v2_1,194.0,225.0,4.757495854919713,3.31456994886658,0.9440027118973745,0.3171658515930176,0.04584960597156851,1.0,246.0,193.0,193.09956121694597,-1.1205648533382941,-0.09956121694597186,0.0,7.054929650112648,246,249,219,235,260,276,True,True,,accepted,193.0,False,,False,1,200.0,False,193.0
flow05,466,0,0.2,128.0,19,247.20122405323707,209.0,193.0,212.0,214.0,high_confidence,0.5,high_confidence,0.5,high_confidence,0.8951232230161946,strong_evidence,0.8322871546097492,True,True,246.0,45250.1484375,17349.62109375,5570.001953125,5.009069579966064,-1.2012240532370697,3.5275590551181097,16.0,231,265,0.10648569402724206,strong_evidence,0.9627032929020705,True,True,3.8692746829012137,46702.94713681629,3916.6527505983067,11.924199082924051,15666.611002393227,34,persistent_core_paired_edge_continuity_first_v2_1,194.0,228.0,8.65367053426321,5.9555215570883515,0.7978715560546897,0.48747000098228455,0.0814679365292842,1.0,246.0,194.0,193.16602528260574,-1.2012240532370697,0.8339747173942555,0.0,5.009069579966064,246,249,219,235,260,276,True,True,,accepted,193.0,False,,False,1,200.0,False,193.0
flow05,467,0,0.2,128.0,19,247.3077097472643,198.0,193.0,212.0,214.0,high_confidence,0.556258563380307,high_confidence,0.556258563380307,high_confidence,0.9472969507949797,strong_evidence,0.9779493293283357,True,True,247.0,42856.1875,5972.048828125,2794.47802734375,13.198936728421756,-0.3077097472643118,3.5275590551181097,16.0,231,265,0.12579798346030202,strong_evidence,0.9176053258319516,True,True,3.8692746829012137,58534.94806852221,6613.257687198926,8.85115185845948,26453.030748795703,39,persistent_core_paired_edge_continuity_first_v2_1,195.0,234.0,7.713998212186108,5.913907804466463,0.38074869333878875,0.2604178786277771,0.0051324530113441525,1.0,247.0,195.0,193.24043384766244,-0.3077097472643118,1.7595661523375554,0.0,13.198936728421756,246,249,219,235,260,276,True,True,,accepted,194.0,False,,False,1,200.0,False,194.0
flow05,468,0,0.2,128.0,19,247.4335077307246,198.0,193.0,212.0,214.0,model_assisted,0.20246232765109595,model_assisted,0.20246232765109595,model_assisted,0.8229026570985964,strong_evidence,0.7621630851678401,True,True,246.0,44788.9375,17452.09765625,6249.6787109375,4.374119232066773,-1.4335077307246138,3.5275590551181097,16.0,231,265,0.1329845385507724,weak_evidence,0.888482788314009,True,False,3.8692746829012137,46679.52790701183,2700.536252284493,17.285280976148247,10802.145009137972,48,persistent_core_paired_edge_continuity_first_v2_1,192.0,240.0,8.580529800597084,5.015729253970121,-0.0019087489344064613,0.4277544170618057,0.11586050965571291,1.0,246.0,191.0,193.31096460259056,-1.4335077307246138,-2.310964602590559,1.0,4.374119232066773,246,249,219,235,260,276,True,True,UPPER_SEED_TRAJECTORY_OUTLIER;Z_EDGE_EVIDENCE_WEAK;Z_CONTINUITY_REJECTED_CONTINUITY,rejected_continuity,194.0,False,,True,1,200.0,False,194.0
flow05,469,0,0.2,128.0,19,247.5664922692754,199.0,193.0,212.0,214.0,high_confidence,0.5,high_confidence,0.5,high_confidence,0.8764175627734078,strong_evidence,0.8671878833210327,True,True,246.0,44952.765625,14229.7939453125,5297.18212890625,5.799870748644829,-1.5664922692753862,3.5275590551181097,16.0,231,265,0.1329845385507724,strong_evidence,0.8857454758201769,True,True,3.8692746829012137,43817.25790286108,2290.7580473794806,19.127841961740987,9163.032189517922,72,persistent_core_paired_edge_continuity_first_v2_1,191.0,263.0,8.63629918913314,5.074966837337918,4.39314522112154,0.24693217873573303,0.1210481694267257,1.0,246.0,191.0,193.36097548666334,-1.5664922692753862,-2.3609754866633352,0.0,5.799870748644829,247,250,220,236,261,277,True,True,,accepted,194.0,False,,False,1,200.0,False,194.0
flow05,470,0,0.2,128.0,19,247.69229025273572,206.0,193.0,212.0,214.0,model_assisted,0.49,model_assisted,0.49,model_assisted,0.936808371670204,strong_evidence,0.9025762124636203,True,True,249.0,40879.9375,16692.88671875,3579.659423828125,6.756802231030156,1.3077097472642834,3.5275590551181097,16.0,231,265,0.12579798346033044,weak_evidence,0.97233885971347,True,False,3.8692746829012137,44364.76274367512,3254.5592694223697,13.631573147398582,13018.237077689479,48,persistent_core_paired_edge_continuity_first_v2_1,195.0,243.0,9.745752321896608,7.405387985355524,-0.7007020394282304,0.3656282424926758,0.07181239435800535,1.0,249.0,194.0,193.37542810815373,1.3077097472642834,0.6245718918462728,1.0,6.756802231030156,247,250,220,236,261,277,True,True,UPPER_SEED_TRAJECTORY_OUTLIER;Z_EDGE_EVIDENCE_WEAK;Z_CONTINUITY_REJECTED_CONTINUITY,rejected_continuity,194.0,False,,True,1,200.0,False,194.0
flow05,471,0,0.2,128.0,19,247.79877594676296,206.0,193.0,212.0,214.0,high_confidence,0.5,high_confidence,0.5,high_confidence,0.8275465077357349,strong_evidence,0.7299283737241795,True,True,250.0,36531.12109375,17055.541015625,4191.45361328125,4.6464978203298495,2.2012240532370413,3.5275590551181097,16.0,231,265,0.10648569402724206,strong_evidence,0.9382197584285044,True,True,3.8692746829012137,31855.957700393148,4356.77765250928,7.311816264492118,17427.11061003712,19,persistent_core_paired_edge_continuity_first_v2_1,193.0,212.0,3.4784817226932385,1.852706093380489,2.2966312104621416,0.3084390051662922,0.06626735223992634,1.0,250.0,192.0,193.34748367367013,2.2012240532370413,-1.3474836736701263,0.0,4.6464978203298495,247,250,220,236,261,277,True,True,,accepted,194.0,False,,False,1,200.0,False,194.0
flow05,472,0,0.2,128.0,19,247.87943514666176,208.0,193.0,212.0,214.0,high_confidence,0.7712356394646691,high_confidence,0.7712356394646691,high_confidence,0.9895661594545514,strong_evidence,0.9914186847700671,True,True,248.0,42271.0390625,16157.962890625,3082.445556640625,8.471544976883257,0.1205648533382373,3.5275590551181097,16.0,231,265,0.08065919989880399,strong_evidence,0.9877170956937726,True,True,3.8692746829012137,44696.5255684626,4514.5583340408775,9.900531184067296,18058.23333616351,29,persistent_core_paired_edge_continuity_first_v2_1,193.0,222.0,4.751987554713659,2.369124495334473,0.8771929496617809,0.49171191826462746,0.10561148668170672,1.0,248.0,193.0,193.28166738568643,0.1205648533382373,-0.2816673856864327,0.0,8.471544976883257,247,250,220,236,261,277,True,True,,accepted,193.0,False,,False,1,199.0,False,193.0
flow05,473,0,0.2,128.0,19,247.9341067249074,204.0,193.0,212.0,214.0,high_confidence,0.5,high_confidence,0.5,high_confidence,0.9232438892406412,strong_evidence,0.931449790371436,True,True,247.0,42112.3984375,12298.3671875,4873.08251953125,6.118105148128676,-0.9341067249073944,3.5275590551181097,16.0,231,265,0.054671578245631736,strong_evidence,0.915110280587728,True,True,3.8692746829012137,53097.55359811857,6875.862242089912,7.722312013915452,27503.448968359648,11,persistent_core_paired_edge_continuity_first_v2_1,196.0,207.0,7.190938914371925,5.6579879829240785,0.30156909044763597,0.3397327810525894,0.026024407830890908,1.0,247.0,195.0,193.19179428396325,-0.9341067249073944,1.8082057160367526,0.0,6.118105148128676,247,250,220,236,261,277,True,True,,accepted,193.0,False,,False,1,200.0,False,193.0
flow05,474,0,0.2,128.0,19,247.96726671332826,197.0,193.0,212.0,214.0,model_assisted,0.49,model_assisted,0.49,model_assisted,0.9370670434194126,strong_evidence,0.9239151895315918,True,True,249.0,45136.86328125,10210.923828125,1971.82470703125,17.71249712440665,1.0327332866717427,3.5275590551181097,16.0,231,265,0.033159988420862874,weak_evidence,0.9504061128251147,True,False,3.8692746829012137,52910.969515020435,3631.372704285885,14.570514740217352,14525.49081714354,34,persistent_core_paired_edge_continuity_first_v2_1,192.0,226.0,8.157956599099796,5.624836324628739,-0.04938973618343459,0.17253649234771729,0.004381129580493555,1.0,249.0,192.0,193.09519803969937,1.0327332866717427,-1.095198039699369,1.0,17.71249712440665,247,250,220,236,261,277,True,True,UPPER_SEED_TRAJECTORY_OUTLIER;Z_EDGE_EVIDENCE_WEAK;Z_CONTINUITY_REJECTED_CONTINUITY,rejected_continuity,193.0,False,,True,1,199.0,False,193.0
flow05,475,0,0.2,128.0,19,247.98526421351914,205.0,193.0,212.0,214.0,high_confidence,0.5,high_confidence,0.5,high_confidence,0.9768474162588621,strong_evidence,0.9989551210319014,True,True,248.0,41063.2265625,16829.658203125,3722.60302734375,6.509844907278973,0.014735786480855495,3.5275590551181097,16.0,231,265,0.017997500190887195,strong_evidence,0.9552289733155505,True,True,3.8692746829012137,37876.320119042095,2640.044338114469,14.346850002562276,10560.177352457877,36,persistent_core_paired_edge_continuity_first_v2_1,194.0,230.0,12.91558523806137,10.189630142817519,0.007598983715502008,0.3964005336165428,0.010278902134461388,1.0,248.0,194.0,193.00645161977826,0.014735786480855495,0.9935483802217391,0.0,6.509844907278973,247,250,220,236,261,277,True,True,,accepted,193.0,False,,False,1,199.0,False,193.0
flow05,476,0,0.2,128.0,19,247.99400509156683,200.0,193.0,212.0,214.0,high_confidence,0.5,high_confidence,0.5,high_confidence,0.8206842580246015,strong_evidence,0.9259639322495209,True,True,249.0,47443.19140625,10648.755859375,2624.54150390625,14.019376524285027,1.0059949084331663,3.5275590551181097,16.0,231,265,0.008740878047689193,strong_evidence,0.7273746070574763,True,True,3.8692746829012137,56384.082535985886,11932.223644340645,4.725362532299534,47728.89457736258,4,persistent_core_paired_edge_continuity_first_v2_1,199.0,203.0,3.0968669288861235,1.925732614491844,1.9115125201702772,0.24685189127922058,0.07790015614687275,1.0,249.0,195.0,192.93351747691253,1.0059949084331663,2.0664825230874726,0.0,14.019376524285027,247,250,220,236,261,277,True,True,,accepted,193.0,False,,False,1,198.0,False,193.0
flow05,477,0,0.2,128.0,19,247.99780386150712,201.0,193.0,212.0,214.0,model_assisted,8.935074875002455e-146,model_assisted,8.935074875002455e-146,model_assisted,0.0,strong_evidence,0.9998443463744814,True,True,248.0,46731.57421875,14988.166015625,3613.316162109375,8.785117819469717,0.002196138492877253,3.5275590551181097,16.0,231,265,0.0037987699402890485,unavailable,0.0,False,False,3.8692746829012137,58049.69145184603,13587.970969556676,4.272138318657298,54351.883878226705,0,persistent_core_paired_edge_continuity_first_v2_1,,,,,,,,,248.0,,192.87744122766765,0.002196138492877253,,1.0,8.785117819469717,247,250,220,236,261,277,True,True,NO_VALID_UPPER_COMPONENT;Z_EDGE_EVIDENCE_UNAVAILABLE;Z_CONTINUITY_NO_CANDIDATE,no_candidate,,False,,True,1,198.0,False,194.0
flow05,478,0,0.2,128.0,19,247.99928118628551,198.0,193.0,212.0,214.0,high_confidence,0.5817600014671706,high_confidence,0.5817600014671706,high_confidence,0.95908053488633,strong_evidence,0.9264776381529547,True,True,247.0,45802.4296875,11286.482421875,5615.05126953125,6.147040446971097,-0.9992811862855149,3.5275590551181097,16.0,231,265,0.0014773247783921306,strong_evidence,0.9928307327866566,True,True,3.8692746829012137,63091.92993290165,947.1879316229487,66.60972741153647,12618.385986580332,58,persistent_core_paired_edge_continuity_first_v2_1,193.0,251.0,48.590941949228174,36.984161937323364,-0.42374018485386866,0.4173164442181587,0.008284446727923535,1.0,247.0,193.0,192.83475121068008,-0.9992811862855149,0.16524878931991793,0.0,6.147040446971097,247,250,220,236,261,277,True,True,,accepted,194.0,False,,False,1,198.0,False,194.0
flow05,479,0,0.2,128.0,19,247.99979529389134,200.0,193.0,212.0,214.0,model_assisted,0.016015490676191596,model_assisted,0.016015490676191596,model_assisted,0.0,strong_evidence,0.9885197160776352,True,True,248.0,46652.87890625,13311.9609375,5686.4736328125,5.863197496663632,0.00020470610866141215,3.5275590551181097,16.0,231,265,0.0005141076058237104,weak_evidence,0.0,True,False,3.8692746829012137,63789.72442157607,413.3131338816833,154.33752085854783,12757.944884315215,72,persistent_core_paired_edge_continuity_first_v2_1,182.0,254.0,23.10185734044305,7.208470195444415,1.554729539666371,-0.011473864316940308,0.43376814533624647,1.0,248.0,182.0,192.8009266025901,0.00020470610866141215,-10.800926602590096,1.0,5.863197496663632,247,250,220,236,261,277,True,True,UPPER_SEED_TRAJECTORY_OUTLIER;Z_EDGE_EVIDENCE_WEAK;Z_CONTINUITY_REJECTED_CONTINUITY,rejected_continuity,194.0,False,,True,1,198.0,False,194.0
flow05,480,0,0.2,128.0,19,247.99995538865724,199.0,193.0,212.0,214.0,model_assisted,0.019753822453582866,model_assisted,0.019753822453582866,model_assisted,0.0,strong_evidence,0.9999968383652418,True,True,248.0,49824.0703125,11476.4609375,2456.141845703125,15.6129457433767,4.461134275857148e-05,3.5275590551181097,16.0,231,265,0.00016009476590284066,weak_evidence,0.0,True,False,3.8692746829012137,65333.30583759866,557.905659843517,117.1045761678122,13066.661167519733,62,persistent_core_paired_edge_continuity_first_v2_1,181.0,243.0,25.367374955450572,12.67889398162032,2.5928070057700205,-0.28412097692489624,0.3692372616319547,1.0,248.0,181.0,192.7732247932248,4.461134275857148e-05,-11.773224793224813,1.0,15.6129457433767,247,250,220,236,261,277,True,True,UPPER_SEED_TRAJECTORY_OUTLIER;Z_EDGE_EVIDENCE_WEAK;Z_CONTINUITY_REJECTED_CONTINUITY,rejected_continuity,194.0,False,,True,1,198.0,False,194.0
flow05,481,0,0.2,128.0,19,248.00000000000003,200.0,193.0,212.0,214.0,high_confidence,0.7782950618030431,high_confidence,0.7782950618030431,high_confidence,0.9831076158966079,strong_evidence,0.999999999999998,True,True,248.0,48929.18359375,13566.98828125,2424.330322265625,14.586376694514442,-2.842170943040401e-14,3.5275590551181097,16.0,232,265,4.461134278699319e-05,strong_evidence,0.9665005844339143,True,True,3.8692746829012137,64727.6814653465,3571.5035994807017,18.12337007717364,14286.014397922807,59,persistent_core_paired_edge_continuity_first_v2_1,192.0,251.0,6.84206664298586,3.3953892206025755,-0.27301643281572546,0.5701512806117535,0.01902833993519655,1.0,248.0,192.0,192.75194870966155,-2.842170943040401e-14,-0.7519487096615478,0.0,14.586376694514442,247,250,220,236,261,277,True,True,,accepted,194.0,False,,False,1,198.0,False,194.0
flow05,482,0,0.2,128.0,19,248.00000000000003,197.0,193.0,212.0,214.0,high_confidence,0.5599024051394887,high_confidence,0.5599024051394887,high_confidence,0.9584395084799573,strong_evidence,0.999999999999998,True,True,248.0,45306.90625,9936.8173828125,3456.875732421875,10.231808026957145,-2.842170943040401e-14,3.5275590551181097,16.0,232,265,0.0,strong_evidence,0.9186062914153039,True,True,3.8692746829012137,58856.767099616496,455.6651252867164,129.16671439926915,11771.3534199233,63,persistent_core_paired_edge_continuity_first_v2_1,191.0,254.0,77.3874547348491,53.05704373736019,23.551205590216394,0.4151441566646099,0.047638572704846935,1.0,248.0,191.0,192.73997836093247,-2.842170943040401e-14,-1.7399783609324686,0.0,10.231808026957145,247,250,220,236,261,277,True,True,,accepted,194.0,False,,False,1,198.0,False,194.0
flow05,483,0,0.2,128.0,19,248.00000000000003,201.0,193.0,212.0,214.0,high_confidence,0.5,high_confidence,0.5,high_confidence,0.7838660077131906,strong_evidence,0.999999999999998,True,True,248.0,47167.4609375,11496.640625,4754.24658203125,7.502938624874534,-2.842170943040401e-14,3.5275590551181097,16.0,232,265,0.0,strong_evidence,0.6144459180482169,True,True,3.8692746829012137,55362.0400121993,12842.616008240857,4.310807079856203,51370.46403296343,3,persistent_core_paired_edge_continuity_first_v2_1,200.0,203.0,2.709880552508487,1.4477484579032165,0.33872059141168903,0.41948869824409485,0.09853935133888196,1.0,248.0,190.0,192.74127486142635,-2.842170943040401e-14,-2.741274861426348,0.0,7.502938624874534,247,250,220,236,261,277,True,True,,accepted,193.0,False,,False,1,198.0,False,193.0
flow05,484,0,0.2,128.0,19,248.00000000000003,207.0,193.0,212.0,214.0,high_confidence,0.660016132694589,high_confidence,0.660016132694589,high_confidence,0.9460845007381916,strong_evidence,0.9264226511541179,True,True,247.0,47068.75,16606.66796875,3583.371826171875,8.500954829405108,-1.0000000000000284,3.5275590551181097,16.0,232,265,0.0,strong_evidence,0.9661636418560864,True,True,3.8692746829012137,53572.23123574905,8208.954580099873,6.52607231688414,32835.81832039949,20,persistent_core_paired_edge_continuity_first_v2_1,193.0,213.0,5.1514251860395905,3.6691058403194488,1.3844525182377188,0.2861328572034836,0.0434334699276573,1.0,247.0,192.0,192.7592531935449,-1.0000000000000284,-0.7592531935449074,0.0,8.500954829405108,247,250,220,236,261,277,True,True,,accepted,192.0,False,,False,1,198.0,False,192.0
flow05,485,0,0.2,128.0,19,248.00000000000003,203.0,193.0,212.0,214.0,high_confidence,0.5,high_confidence,0.5,high_confidence,0.9314631782620376,strong_evidence,0.9179434534751262,True,True,248.0,43639.234375,13608.423828125,5939.9658203125,5.055721102667067,-2.842170943040401e-14,3.5275590551181097,16.0,232,265,0.0,strong_evidence,0.9451820252907623,True,True,3.8692746829012137,49693.665631120326,3577.262658315341,13.891533940234297,14309.050633261364,75,persistent_core_paired_edge_continuity_first_v2_1,194.0,269.0,9.54776371500423,6.848786689189588,1.1827179786929074,0.3707457557320595,0.016168187787986642,1.0,248.0,194.0,192.79585369232143,-2.842170943040401e-14,1.2041463076785703,0.0,5.055721102667067,247,250,220,236,261,277,True,True,,accepted,192.0,False,,False,1,198.0,False,192.0
flow05,486,0,0.2,128.0,19,248.00000000000003,195.0,193.0,212.0,214.0,high_confidence,0.5,high_confidence,0.5,high_confidence,0.918613143970351,strong_evidence,0.9321621093742523,True,True,248.0,47158.02734375,16194.0849609375,5939.1201171875,5.213557188918353,-2.842170943040401e-14,3.5275590551181097,16.0,232,265,0.0,strong_evidence,0.9052611126208057,True,True,3.8692746829012137,49320.405113882094,9861.345292402653,5.001387097952991,39445.38116961061,24,persistent_core_paired_edge_continuity_first_v2_1,193.0,217.0,3.177492622150449,1.902226098218418,0.814033272592413,0.2624698281288147,0.03434349275577413,1.0,248.0,192.0,192.85136145336998,-2.842170943040401e-14,-0.8513614533699752,0.0,5.213557188918353,247,250,220,236,261,277,True,True,,accepted,192.0,False,,False,1,197.0,False,192.0
flow05,487,0,0.2,128.0,19,248.00000000000003,201.0,193.0,212.0,214.0,high_confidence,0.5,high_confidence,0.5,high_confidence,0.91808434595258,strong_evidence,0.9264226511541179,True,True,247.0,46910.0,10524.802734375,3964.32763671875,9.178150899692238,-1.0000000000000284,3.5275590551181097,16.0,232,265,0.0,strong_evidence,0.9098210900101976,True,True,3.8692746829012137,54300.20757151929,10580.376084612224,5.132162329323232,42321.504338448896,19,persistent_core_paired_edge_continuity_first_v2_1,196.0,215.0,3.447674427931994,1.948766131790837,0.13324131593299274,0.441955354064703,0.09611474936367347,1.0,247.0,192.0,192.92492131168854,-1.0000000000000284,-0.9249213116885358,0.0,9.178150899692238,247,250,220,236,261,277,True,True,,accepted,192.0,False,,False,1,197.0,False,192.0
flow05,488,0,0.2,128.0,19,248.00000000000003,197.0,193.0,212.0,214.0,high_confidence,0.5,high_confidence,0.5,high_confidence,0.8294698615534599,strong_evidence,0.999999999999998,True,True,248.0,46967.97265625,13033.78515625,3558.808837890625,9.53526560311496,-2.842170943040401e-14,3.5275590551181097,16.0,232,265,0.0,strong_evidence,0.6880202512255174,True,True,3.8692746829012137,58434.35205799083,13048.497599756993,4.478243691371723,52193.99039902797,3,persistent_core_paired_edge_continuity_first_v2_1,196.0,199.0,3.9066171876053084,2.7917045781804655,0.1250127317214306,0.2778848856687546,0.02496833112727652,1.0,248.0,194.0,193.01507256499437,-2.842170943040401e-14,0.9849274350056305,0.0,9.53526560311496,247,250,220,236,261,277,True,True,,accepted,192.0,False,,False,1,197.0,False,192.0
flow05,489,0,0.2,128.0,19,248.00000000000003,206.0,193.0,212.0,214.0,model_assisted,0.2666033555876109,model_assisted,0.2666033555876109,model_assisted,0.8713051442041485,strong_evidence,0.9264226511541223,True,True,249.0,47251.5078125,10370.015625,3988.476318359375,9.247012955230703,0.9999999999999716,3.5275590551181097,16.0,232,265,0.0,weak_evidence,0.8194668528137208,True,False,3.8692746829012137,57507.27714613851,10935.033395226308,5.258994194863943,43740.13358090523,11,persistent_core_paired_edge_continuity_first_v2_1,203.0,214.0,2.4363861463136307,1.4484041800510934,1.0824095091117627,0.04358300566673279,0.03012423537133875,1.0,249.0,196.0,193.11995156089,0.9999999999999716,2.8800484391099985,1.0,9.247012955230703,247,250,220,236,261,277,True,True,UPPER_SEED_TRAJECTORY_OUTLIER;Z_EDGE_EVIDENCE_WEAK;Z_CONTINUITY_REJECTED_CONTINUITY,rejected_continuity,192.0,False,,True,1,197.0,False,192.0
flow05,490,0,0.2,128.0,19,248.00000000000003,206.0,193.0,212.0,214.0,high_confidence,0.5419646932528508,high_confidence,0.5419646932528508,high_confidence,0.9521013493048769,strong_evidence,0.9159412261197883,True,True,247.0,46386.68359375,19708.970703125,4548.62841796875,5.865001587124209,-1.0000000000000284,3.5275590551181097,16.0,232,265,0.0,strong_evidence,0.9896890253410364,True,True,3.8692746829012137,56935.59859246121,3505.0135726207586,16.24404511218183,14020.054290483034,70,persistent_core_paired_edge_continuity_first_v2_1,193.0,263.0,8.151172783162865,5.380311492916627,-0.15963765582255715,0.2828844338655472,0.07156466858222195,1.0,247.0,193.0,193.23691624295492,-1.0000000000000284,-0.2369162429549192,0.0,5.865001587124209,247,250,220,236,261,277,True,True,,accepted,192.0,False,,False,1,197.0,False,192.0
flow05,491,0,0.2,128.0,19,248.00000000000003,206.0,193.0,212.0,214.0,high_confidence,0.5110975504243558,high_confidence,0.5110975504243558,high_confidence,0.9534904954351038,strong_evidence,0.999999999999998,True,True,248.0,42648.55078125,10072.123046875,3108.88623046875,10.478488217133378,-2.842170943040401e-14,3.5275590551181097,16.0,232,265,0.0,strong_evidence,0.9091441248850813,True,True,3.8692746829012137,52914.113641683616,11187.193300021723,4.72988284215853,44748.77320008689,13,persistent_core_paired_edge_continuity_first_v2_1,203.0,216.0,4.82990253016749,3.387072136555698,0.11970173896311549,0.46073906123638153,0.0440727566504596,1.0,248.0,193.0,193.36190860667296,-2.842170943040401e-14,-0.3619086066729551,0.0,10.478488217133378,247,250,220,236,261,277,True,True,,accepted,193.0,False,,False,1,197.0,False,193.0
flow05,492,0,0.2,128.0,19,248.00000000000003,200.0,193.0,212.0,214.0,high_confidence,0.8316410587329872,high_confidence,0.8316410587329872,high_confidence,0.9886808946665525,strong_evidence,0.999999999999998,True,True,248.0,46976.4921875,15971.6337890625,3144.357177734375,9.860475972000623,-2.842170943040401e-14,3.5275590551181097,16.0,232,265,0.0,strong_evidence,0.9774899114786566,True,True,3.8692746829012137,51181.89891606901,4469.649061137937,11.450988257910009,17878.596244551747,42,persistent_core_paired_edge_continuity_first_v2_1,194.0,236.0,9.511604044917188,6.983381464442364,0.2889051655284516,0.39259736984968185,0.032850471872911,1.0,248.0,194.0,193.48908890444278,-2.842170943040401e-14,0.5109110955572191,0.0,9.860475972000623,247,250,220,236,261,277,True,True,,accepted,193.0,False,,False,1,198.0,False,193.0
flow05,493,0,0.2,128.0,19,248.00000000000003,198.0,194.0,213.0,215.0,model_assisted,0.30006885820731,model_assisted,0.30006885820731,model_assisted,0.9005367097350307,strong_evidence,0.999999999999998,True,True,248.0,46129.83203125,11135.287109375,2624.77099609375,13.332418322952654,-2.842170943040401e-14,3.5275590551181097,16.0,232,265,0.0,weak_evidence,0.8109663655803967,True,False,3.8692746829012137,62952.95355080004,9880.868802969546,6.371196177797693,39523.47521187818,12,persistent_core_paired_edge_continuity_first_v2_1,195.0,207.0,2.2543140341276753,0.9238476352050073,0.45726203029280943,0.3832756355404854,0.09729662072147735,1.0,248.0,190.0,193.61122990991683,-2.842170943040401e-14,-3.6112299099168297,1.0,13.332418322952654,247,250,220,236,261,277,True,True,UPPER_SEED_TRAJECTORY_OUTLIER;Z_EDGE_EVIDENCE_WEAK;Z_CONTINUITY_REJECTED_CONTINUITY,rejected_continuity,193.0,False,,True,1,198.0,False,193.0
flow05,494,0,0.2,128.0,19,248.00000000000003,200.0,194.0,213.0,215.0,high_confidence,0.7090914132997166,high_confidence,0.7090914132997166,high_confidence,0.9051657194368505,strong_evidence,0.8464737781779499,True,True,246.0,47852.046875,15602.037109375,3576.491455078125,9.017219856581631,-2.0000000000000284,3.5275590551181097,16.0,232,265,0.0,strong_evidence,0.9679271830572744,True,True,3.8692746829012137,58486.64520193231,5313.593255285026,11.006985742418298,21254.373021140105,67,persistent_core_paired_edge_continuity_first_v2_1,193.0,260.0,9.58962584380024,7.1370017932320815,-0.040991685576376134,0.3614642024040222,0.01574896060922607,1.0,246.0,193.0,193.72096540515753,-2.0000000000000284,-0.7209654051575285,0.0,9.017219856581631,247,250,220,236,261,277,True,True,,accepted,193.0,False,,False,1,198.0,False,193.0
flow05,495,0,0.2,128.0,19,248.00000000000003,205.0,194.0,213.0,215.0,high_confidence,0.5,high_confidence,0.5,high_confidence,0.8714969993977807,strong_evidence,0.8462426703438212,True,True,246.0,47134.2421875,15542.2724609375,5268.20458984375,5.996724156739609,-2.0000000000000284,3.5275590551181097,16.0,232,265,0.0,strong_evidence,0.8975049906792743,True,True,3.8692746829012137,55174.735053223034,12411.498281494165,4.4454532242485065,49645.99312597666,8,persistent_core_paired_edge_continuity_first_v2_1,203.0,211.0,3.403643271355892,2.5782004287008276,-0.6212752995438645,0.25828567147254944,0.019441432040070452,1.0,246.0,194.0,193.81246644265727,-2.0000000000000284,0.18753355734273214,0.0,5.996724156739609,247,250,220,236,261,277,True,True,,accepted,193.0,False,,False,1,198.0,False,193.0
flow05,496,0,0.2,128.0,19,248.00000000000003,202.0,194.0,213.0,215.0,high_confidence,0.5,high_confidence,0.5,high_confidence,0.8973553294214117,strong_evidence,0.9264226511541179,True,True,247.0,49996.46875,13493.3056640625,4842.9560546875,7.537372355589737,-1.0000000000000284,3.5275590551181097,16.0,232,265,0.0,strong_evidence,0.869200020355559,True,True,3.8692746829012137,61884.7221987911,13914.562129923337,4.44747895197562,55658.24851969335,6,persistent_core_paired_edge_continuity_first_v2_1,200.0,206.0,2.1856817500549814,1.120955808846697,-0.0005914735149878901,0.3047161251306534,0.07977102895930138,1.0,247.0,193.0,193.88278172547413,-1.0000000000000284,-0.8827817254741319,0.0,7.537372355589737,247,250,220,236,261,277,True,True,,accepted,193.0,False,,False,1,199.0,False,193.0
flow05,497,0,0.2,128.0,19,248.00000000000003,198.0,194.0,213.0,215.0,high_confidence,0.5517826229661695,high_confidence,0.5517826229661695,high_confidence,0.8893704416785306,strong_evidence,0.8464737781779547,True,True,250.0,45547.9453125,13846.5439453125,3594.386962890625,8.819696291601577,1.9999999999999716,3.5275590551181097,16.0,232,265,0.0,strong_evidence,0.9344409749278454,True,True,3.8692746829012137,62994.256000493995,11092.117147247993,5.679191372056792,44368.46858899197,7,persistent_core_paired_edge_continuity_first_v2_1,195.0,202.0,2.858080234298443,1.9954535824391662,0.14264618173024726,0.0590205192565918,0.1833544555353647,1.0,250.0,195.0,193.9322814447209,1.9999999999999716,1.0677185552791002,0.0,8.819696291601577,247,250,220,236,261,277,True,True,,accepted,193.0,False,,False,1,199.0,False,193.0
flow05,498,0,0.2,128.0,19,248.00000000000003,204.0,194.0,213.0,215.0,high_confidence,0.5,high_confidence,0.5,high_confidence,0.9501199675332728,strong_evidence,0.999999999999998,True,True,248.0,46766.01953125,12307.525390625,3132.413818359375,11.000620013441548,-2.842170943040401e-14,3.5275590551181097,16.0,232,265,0.0,strong_evidence,0.902727952705429,True,True,3.8692746829012137,56261.73245686009,12687.277127405137,4.434500160427016,50749.10850962055,9,persistent_core_paired_edge_continuity_first_v2_1,198.0,207.0,2.927145888952849,1.7187144384561577,0.1734660390230137,0.33778102695941925,0.029544789736722744,1.0,248.0,194.0,193.9640410377895,-2.842170943040401e-14,0.035958962210486334,0.0,11.000620013441548,247,250,220,236,261,277,True,True,,accepted,194.0,False,,False,1,199.0,False,194.0
flow05,499,0,0.2,128.0,19,248.00000000000003,205.0,194.0,213.0,215.0,high_confidence,0.5,high_confidence,0.5,high_confidence,0.9495709827775018,strong_evidence,0.999999999999998,True,True,248.0,44912.87109375,13516.19921875,3566.428955078125,8.803391928022364,-2.842170943040401e-14,3.5275590551181097,16.0,232,265,0.0,strong_evidence,0.9016850513330326,True,True,3.8692746829012137,55558.49715265265,12602.403675788219,4.4085635234325835,50409.614703152874,9,persistent_core_paired_edge_continuity_first_v2_1,198.0,207.0,3.181703964194243,2.1444680027790146,-0.22221642524669813,0.28208906948566437,0.0346774675411349,1.0,248.0,194.0,193.9825352874177,-2.842170943040401e-14,0.01746471258229576,0.0,8.803391928022364,247,250,220,236,261,277,True,True,,accepted,194.0,False,,False,1,199.0,False,194.0
