scan_id,frame_index,coordinate_base,alpha,diameter_um,diameter_axial_px,x_center_px,z_peak_px,z_upper_px,z_lower_op_px,z_tail_start_px,tracking_class,tracking_confidence,old_tracking_class,old_tracking_confidence,new_tracking_class,overall_tracking_confidence,x_path_confidence_class,x_path_confidence,x_local_evidence_available,x_local_evidence_strong,x_local_peak_px,x_local_peak_score,x_local_baseline_score,x_local_noise_sigma,x_local_peak_snr,x_local_path_residual_px,x_alignment_tolerance_px,x_local_window_half_width_px,x_local_window_x0_px,x_local_window_x1_exclusive_px,x_local_path_change_px,z_edge_confidence_class,z_edge_confidence,z_candidate_present,z_candidate_accepted,z_residual_tolerance_px,peak_excess,background_sigma,peak_snr,upper_threshold,upper_component_width_px,seed_x_px,seed_z_upper_px,model_z_upper_px,residual_x_px,residual_z_px,distance_to_z_anchor_frames,x_robust_snr,central_x0_px,central_x1_exclusive_px,side_left_x0_px,side_left_x1_exclusive_px,side_right_x0_px,side_right_x1_exclusive_px,window_300_fits,qc_valid,qc_flags,valid_local_body,invalid_reason,x_anchor_px,z_upper_algorithm_px,expected_lateral_width_px,local_window_x0_px,local_window_x1_exclusive_px,local_window_half_width_px,x1_local_geometry_px,x2_robust_centroid_px,x3_local_high_signal_midaxis_px,x1_fallback,local_body_peak_cnr,local_body_peak_excess,local_body_background,local_body_sigma,local_body_run_width_px,local_body_axial_completeness,local_body_continuity_score,local_body_width_consistency,neighbor_peak_cnr,cnr_score,continuity_score,width_consistency_score,axial_completeness_score,neighbor_support_score,assessability_score,vessel_presence_prediction,x4_centroid_isolated_jump_corrected_px,x4_jump_corrected
flow05,0,0,0.15,128.0,19,233.0,202.0,199.0,218.0,220.0,model_assisted,5.936936403417885e-147,model_assisted,5.936936403417885e-147,model_assisted,0.0,strong_evidence,0.7295278705700711,True,True,234.0,48260.8125,18989.56640625,7867.2783203125,3.72063182488087,1.0,3.5275590551181097,16.0,217,250,0.0,unavailable,0.0,False,False,4.964177248034227,24390.591796875,7623.046875,3.19958570330515,22869.140625,1,234.0,,198.932547361068,1.0,,4.0,3.72063182488087,232,235,205,221,246,262,True,True,NO_VALID_UPPER_COMPONENT;Z_EDGE_EVIDENCE_UNAVAILABLE,True,ok,233.0,199,10,217,250,16,234.0,232.06101246346725,235.0,False,6.16473742909827,30506.5,27385.5,4948.54815,11,0.3684210526315789,1.0,0.9090909090909091,6.707107127851686,0.6941229048497117,1.0,0.9090909090909091,0.3684210526315789,0.7845178546419477,0.7584761418745125,assessable,232.06101246346725,False
flow05,1,0,0.15,128.0,19,233.0,202.0,199.0,218.0,220.0,model_assisted,0.0,model_assisted,0.0,model_assisted,0.0,strong_evidence,0.8071090864327216,True,True,233.0,51439.3984375,15352.087890625,9232.9140625,3.9085504644135747,0.0,3.5275590551181097,16.0,217,250,0.0,unavailable,0.0,False,False,4.964177248034227,23283.060546875,11555.56640625,2.0148783476578016,34666.69921875,0,233.0,,198.86523549677602,0.0,,3.0,3.9085504644135747,232,235,205,221,246,262,True,True,NO_VALID_UPPER_COMPONENT;LOW_PEAK_SNR;Z_EDGE_EVIDENCE_UNAVAILABLE,True,ok,233.0,199,10,217,250,16,233.5,233.8785639399596,232.0,False,6.707107127851686,27768.5,24834.5,4140.1605,10,0.2631578947368421,1.0,1.0,5.024651794161599,0.7845178546419477,1.0,1.0,0.2631578947368421,0.5041086323602665,0.7644657965712346,assessable,233.8785639399596,False
flow05,2,0,0.15,128.0,19,233.0,201.0,199.0,218.0,220.0,model_assisted,0.0,model_assisted,0.0,model_assisted,0.0,strong_evidence,0.9264226511541201,True,True,232.0,50078.5625,15646.93359375,4558.03955078125,7.554043470366202,-1.0,3.5275590551181097,16.0,217,250,4.461134278699319e-05,unavailable,0.0,False,False,4.964177248034227,22945.849609375,14722.9658203125,1.5585072932600184,44168.8974609375,0,232.0,,198.75280730516855,-1.0,,2.0,7.554043470366202,232,235,205,221,246,262,True,True,NO_VALID_UPPER_COMPONENT;LOW_PEAK_SNR;Z_EDGE_EVIDENCE_UNAVAILABLE,True,ok,233.0,199,10,217,250,16,232.5,235.61175547025817,232.5,False,3.8845661592249288,36237.25,23082.75,9328.519199999999,8,0.5789473684210527,1.0,0.8,5.46810087736257,0.31409435987082146,1.0,0.8,0.5789473684210527,0.5780168128937616,0.6145768125073215,assessable,235.61175547025817,False
flow05,3,0,0.15,128.0,19,233.0000446113428,201.0,199.0,218.0,220.0,model_assisted,0.0,model_assisted,0.0,model_assisted,0.0,strong_evidence,0.9264260638771736,True,True,234.0,47509.12109375,12536.03515625,3679.730712890625,9.50425144290702,0.999955388657213,3.5275590551181097,16.0,217,251,0.00016009476587441895,unavailable,0.0,False,False,4.964177248034227,23241.044921875,12138.0244140625,1.9147304478106917,36414.0732421875,0,234.0,,198.58238223737234,0.999955388657213,,1.0,9.50425144290702,232,235,205,221,246,262,True,True,NO_VALID_UPPER_COMPONENT;LOW_PEAK_SNR;Z_EDGE_EVIDENCE_UNAVAILABLE,True,ok,233.0000446113428,199,10,217,250,16,233.5,232.8622313056147,233.5,False,4.229094626873454,26456.5,24008.0,6255.8306999999995,8,0.47368421052631576,1.0,0.8,4.215450378674344,0.3715157711455757,1.0,0.8,0.47368421052631576,0.36924172977905734,0.5980073244578046,uncertain,232.8622313056147,False
flow05,4,0,0.15,128.0,19,233.00020470610866,201.0,198.0,217.0,219.0,high_confidence,0.5,high_confidence,0.5,high_confidence,0.9149702869921325,strong_evidence,0.9264383108629511,True,True,234.0,51499.06640625,14358.533203125,2996.467041015625,12.394774477658382,0.9997952938913386,3.5275590551181097,16.0,217,251,0.0005141076058521321,strong_evidence,0.903644221382279,True,True,4.964177248034227,22958.892578125,4845.24072265625,4.7384420903526365,14535.72216796875,93,234.0,199.0,198.34817170565864,0.9997952938913386,0.6518282943413567,0.0,12.394774477658382,232,235,205,221,246,262,True,True,,True,ok,233.00020470610866,198,10,217,250,16,233.5,232.9188660026524,233.0,False,4.546334598123758,29300.5,27473.5,6444.8622,8,0.47368421052631576,1.0,0.8,5.2435408142880835,0.42438909968729305,1.0,0.8,0.47368421052631576,0.5405901357146806,0.633647830040968,assessable,232.9188660026524,False
flow05,5,0,0.15,128.0,19,233.0007188137145,200.0,198.0,217.0,219.0,model_assisted,0.0,model_assisted,0.0,model_assisted,0.0,strong_evidence,0.8623952768867474,True,True,234.0,50923.3125,17230.4765625,6481.021484375,5.1986922152209445,0.9992811862854865,3.5275590551181097,16.0,217,251,0.001477324778363709,unavailable,0.0,False,False,4.964177248034227,22831.09765625,12131.4365234375,1.8819780833161133,36394.3095703125,0,234.0,,198.05626939690347,0.9992811862854865,,1.0,5.1986922152209445,232,235,205,221,246,262,True,True,NO_VALID_UPPER_COMPONENT;LOW_PEAK_SNR;Z_EDGE_EVIDENCE_UNAVAILABLE,True,ok,233.0007188137145,198,10,217,250,16,232.0,231.4236769374138,231.5,False,6.257987001702712,23821.5,23541.5,3806.5755,7,0.5789473684210527,1.0,0.7,4.590356008822676,0.7096645002837852,1.0,0.7,0.5789473684210527,0.431726001470446,0.7183972805095273,assessable,231.4236769374138,False
flow05,6,0,0.15,128.0,19,233.00219613849288,200.0,198.0,217.0,219.0,high_confidence,0.5,high_confidence,0.5,high_confidence,0.8225017223499304,strong_evidence,0.8909773874702429,True,True,234.0,50554.453125,14898.5302734375,6427.2158203125,5.54764673357878,0.9978038615071227,3.5275590551181097,16.0,217,251,0.00379876994031747,strong_evidence,0.759288723577394,True,True,4.964177248034227,22146.861328125,5467.28125,4.050799714780541,16401.84375,4,234.0,198.0,197.727703474727,0.9978038615071227,0.2722965252729921,0.0,5.54764673357878,232,235,205,221,246,262,True,True,,True,ok,233.00219613849288,198,10,217,250,16,233.0,234.0979868801933,233.5,False,4.634377419521594,33430.5,26980.5,7213.5903,7,0.47368421052631576,1.0,0.7,6.029983109811699,0.43906290325359904,1.0,0.7,0.47368421052631576,0.6716638516352832,0.6318910328812354,assessable,232.0150808118068,True
flow05,7,0,0.15,128.0,19,233.0059949084332,199.0,197.0,216.0,218.0,model_assisted,0.0,model_assisted,0.0,model_assisted,0.0,strong_evidence,0.9995750473353978,True,True,233.0,50314.5,13978.0439453125,3958.52880859375,9.179282963863503,-0.005994908433194723,3.5275590551181097,16.0,217,251,0.008740878047660772,unavailable,0.0,False,False,4.964177248034227,21436.12890625,13290.7138671875,1.612865126768859,39872.1416015625,0,233.0,,197.3968963857879,-0.005994908433194723,,1.0,9.179282963863503,232,235,205,221,246,262,True,True,NO_VALID_UPPER_COMPONENT;LOW_PEAK_SNR;Z_EDGE_EVIDENCE_UNAVAILABLE,True,ok,233.0059949084332,197,10,217,250,16,232.5,232.0150808118068,233.0,False,5.801979217920686,29892.0,25918.5,5152.035,4,0.3684210526315789,0.8,0.4,4.103456291942274,0.633663202986781,0.8,0.4,0.3684210526315789,0.3505760486570457,0.5521028838058147,uncertain,232.0150808118068,False
flow05,8,0,0.15,128.0,19,233.01473578648086,199.0,197.0,216.0,218.0,model_assisted,0.0,model_assisted,0.0,model_assisted,0.0,strong_evidence,0.9275492411379396,True,True,234.0,49577.4296875,12327.736328125,2711.364013671875,13.73835942778095,0.9852642135191445,3.5275590551181097,16.0,217,251,0.017997500190858773,unavailable,0.0,False,False,4.964177248034227,20328.04296875,11604.068359375,1.7518031038077129,34812.205078125,0,234.0,,197.10735791431415,0.9852642135191445,,2.0,13.73835942778095,232,235,205,221,246,262,True,True,NO_VALID_UPPER_COMPONENT;LOW_PEAK_SNR;Z_EDGE_EVIDENCE_UNAVAILABLE,True,ok,233.01473578648086,197,10,217,250,16,233.0,233.89085030068614,233.5,False,3.5725351643629555,21364.0,26066.0,5980.067099999999,7,0.42105263157894735,1.0,0.7,4.518552548667267,0.2620891940604926,1.0,0.7,0.42105263157894735,0.41975875811121116,0.5368649884691357,uncertain,233.89085030068614,False
flow05,9,0,0.15,128.0,19,233.03273328667171,199.0,197.0,216.0,218.0,model_assisted,0.0,model_assisted,0.0,model_assisted,0.0,strong_evidence,0.9976774773822313,True,True,233.0,51232.7109375,18978.89453125,4480.86474609375,7.198123182443226,-0.03273328667171427,3.5275590551181097,16.0,217,251,0.033159988420891295,unavailable,0.0,False,False,4.964177248034227,18576.86328125,12980.7822265625,1.4311050718681861,38942.3466796875,0,233.0,,196.90714076186674,-0.03273328667171427,,3.0,7.198123182443226,232,235,205,221,246,262,True,True,NO_VALID_UPPER_COMPONENT;LOW_PEAK_SNR;Z_EDGE_EVIDENCE_UNAVAILABLE,True,ok,233.03273328667171,197,10,217,250,16,233.5,237.2204479292833,233.5,False,3.235125879413847,21037.0,29054.0,6502.683599999999,6,0.10526315789473684,1.0,0.6,5.162021089750908,0.20585431323564118,1.0,0.6,0.10526315789473684,0.5270035149584847,0.46053883481253344,uncertain,237.2204479292833,False
flow05,10,0,0.15,128.0,19,233.0658932750926,200.0,197.0,216.0,218.0,model_assisted,6.176789758046085e-05,model_assisted,6.176789758046085e-05,model_assisted,0.0,strong_evidence,0.9953191531305104,True,True,233.0,50134.55078125,14766.3212890625,5329.0439453125,6.636880809229933,-0.06589327509260556,3.5275590551181097,16.0,217,251,0.054671578245631736,weak_evidence,0.0,True,False,4.964177248034227,16972.3671875,2007.5706787109375,8.454181647242411,6022.7120361328125,150,233.0,169.0,196.84655136270797,-0.06589327509260556,-27.84655136270797,4.0,6.636880809229933,232,235,205,221,246,262,True,True,UPPER_SEED_TRAJECTORY_OUTLIER;Z_EDGE_EVIDENCE_WEAK,True,ok,233.0658932750926,197,10,217,250,16,231.5,229.67672487171376,232.5,False,6.75150701513886,22507.0,26071.5,3333.6261,8,0.3157894736842105,1.0,0.8,3.2850712897371457,0.7919178358564767,1.0,0.8,0.3157894736842105,0.2141785482895243,0.7059575184313509,assessable,229.67672487171376,False
flow05,11,0,0.15,128.0,19,233.12056485333824,201.0,197.0,216.0,218.0,model_assisted,0.0,model_assisted,0.0,model_assisted,0.0,strong_evidence,0.91715316991364,True,True,232.0,48875.58984375,12027.2578125,5384.3759765625,6.843565938122834,-1.1205648533382373,3.5275590551181097,16.0,217,251,0.08065919989883241,unavailable,0.0,False,False,4.964177248034227,15064.8056640625,13150.48828125,1.1455700611164332,39451.46484375,0,232.0,,196.97707446522563,-1.1205648533382373,,5.0,6.843565938122834,232,235,205,221,246,262,True,True,NO_VALID_UPPER_COMPONENT;LOW_PEAK_SNR;Z_EDGE_EVIDENCE_UNAVAILABLE,True,ok,233.12056485333824,197,10,217,250,16,232.0,234.48673606139047,232.0,False,3.3350167000604443,29442.0,24214.5,8828.1417,3,0.631578947368421,0.6,0.3,5.63463077071305,0.22250278334340737,0.6,0.3,0.631578947368421,0.6057717951188417,0.4131899957873399,uncertain,234.48673606139047,False
flow05,12,0,0.15,128.0,19,233.20122405323707,202.0,197.0,216.0,218.0,model_assisted,0.0,model_assisted,0.0,model_assisted,0.0,strong_evidence,0.9108991248587334,True,True,232.0,50822.05078125,14040.5146484375,4120.1484375,8.927235678705447,-1.2012240532370697,3.5275590551181097,16.0,217,251,0.10648569402724206,unavailable,0.0,False,False,4.964177248034227,13749.5244140625,4615.556640625,2.978952591122499,13846.669921875,0,232.0,,197.34671248182454,-1.2012240532370697,,4.0,8.927235678705447,232,235,205,221,246,262,True,True,NO_VALID_UPPER_COMPONENT;LOW_PEAK_SNR;Z_EDGE_EVIDENCE_UNAVAILABLE,True,ok,233.20122405323707,197,10,217,250,16,234.5,233.0330365930311,234.0,False,4.5177545262872405,21681.5,23916.5,4799.1762,12,0.631578947368421,1.0,0.8333333333333334,6.104407832092966,0.41962575438120675,1.0,0.8333333333333334,0.631578947368421,0.6840679720154944,0.6766793200069016,assessable,233.0330365930311,False
flow05,13,0,0.15,128.0,19,233.3077097472643,202.0,198.0,217.0,219.0,model_assisted,0.0,model_assisted,0.0,model_assisted,0.0,strong_evidence,0.9496704890843387,True,True,234.0,48743.1328125,11656.10546875,3652.860595703125,10.152872350884572,0.6922902527356882,3.5275590551181097,16.0,217,251,0.12579798346030202,unavailable,0.0,False,False,4.964177248034227,15262.4130859375,11569.626953125,1.319179360559682,34708.880859375,0,234.0,,197.98762273895844,0.6922902527356882,,3.0,10.152872350884572,232,235,205,221,246,262,True,True,NO_VALID_UPPER_COMPONENT;LOW_PEAK_SNR;Z_EDGE_EVIDENCE_UNAVAILABLE,True,ok,233.3077097472643,198,10,217,250,16,233.5,234.14936802085762,233.5,False,8.873798964125488,32450.0,23819.5,3656.8329,10,0.5263157894736842,1.0,1.0,5.151005369902941,1.0,1.0,1.0,0.5263157894736842,0.5251675616504902,0.8814641245861017,assessable,234.14936802085762,False
flow05,14,0,0.15,128.0,19,233.4335077307246,201.0,199.0,218.0,220.0,model_assisted,0.041428123052818275,model_assisted,0.041428123052818275,model_assisted,0.7487064200836643,strong_evidence,0.9687900442172827,True,True,233.0,49553.30078125,14398.2421875,5455.8740234375,6.44352462002053,-0.4335077307246138,3.5275590551181097,16.0,217,251,0.1329845385507724,weak_evidence,0.5786200083500984,True,False,4.964177248034227,17190.89453125,3025.041748046875,5.682861911690752,9075.125244140625,121,233.0,191.0,198.89767322062121,-0.4335077307246138,-7.897673220621215,2.0,6.44352462002053,232,235,205,221,246,262,True,True,UPPER_SEED_TRAJECTORY_OUTLIER;Z_EDGE_EVIDENCE_WEAK,True,ok,233.4335077307246,199,10,217,250,16,233.5,231.65130511630844,233.0,False,5.784256213518641,40366.0,25169.0,6978.598199999999,8,0.631578947368421,1.0,0.8,7.699256441468898,0.6307093689197735,1.0,0.8,0.631578947368421,0.9498760735781496,0.7704727285849988,assessable,234.14936802085762,True
flow05,15,0,0.15,128.0,19,233.5664922692754,205.0,200.0,219.0,221.0,model_assisted,0.004637488831274742,model_assisted,0.004637488831274742,model_assisted,0.6492609673945963,strong_evidence,0.8926438698304903,True,True,235.0,49118.13671875,18558.390625,4501.4521484375,6.788863923469141,1.4335077307246138,3.5275590551181097,16.0,217,251,0.1329845385507724,weak_evidence,0.4722373815911779,True,False,4.964177248034227,14595.91015625,4426.37451171875,3.2974864909436787,13279.12353515625,15,235.0,192.0,200.02584607668047,1.4335077307246138,-8.025846076680466,1.0,6.788863923469141,233,236,206,222,247,263,True,True,UPPER_SEED_TRAJECTORY_OUTLIER;Z_EDGE_EVIDENCE_WEAK,True,ok,233.5664922692754,200,10,218,251,16,234.5,235.49542380310695,234.5,False,6.524713918812308,37291.5,28012.0,5715.423,10,0.6842105263157895,1.0,1.0,7.938053787443888,0.754118986468718,1.0,1.0,0.6842105263157895,0.989675631240648,0.8655407873354846,assessable,235.49542380310695,False
flow05,16,0,0.15,128.0,19,233.6922902527357,209.0,201.0,220.0,222.0,high_confidence,0.5,high_confidence,0.5,high_confidence,0.9278609043469015,strong_evidence,0.9779493293283357,True,True,234.0,50221.1484375,15699.3759765625,5353.927734375,6.4479339605743595,0.3077097472643118,3.5275590551181097,16.0,217,251,0.12579798346030202,strong_evidence,0.8803378989039661,True,True,4.964177248034227,21536.349609375,3816.25732421875,5.643316941103766,11448.77197265625,98,234.0,204.0,201.2734657993327,0.3077097472643118,2.726534200667288,0.0,6.4479339605743595,233,236,206,222,247,263,True,True,,True,ok,233.6922902527357,201,10,218,251,16,233.5,233.64251405910807,234.0,False,10.091851361369136,36395.5,29139.5,3606.4244999999996,8,0.42105263157894735,1.0,0.8,7.094002110795117,1.0,1.0,0.8,0.42105263157894735,0.8490003517991861,0.8580579299167608,assessable,233.64251405910807,False
flow05,17,0,0.15,128.0,19,233.79877594676293,211.0,203.0,222.0,224.0,model_assisted,7.528452861476964e-08,model_assisted,7.528452861476964e-08,model_assisted,0.0,strong_evidence,0.812835421784708,True,True,234.0,48481.1171875,19168.181640625,7183.4970703125,4.080594069985445,0.2012240532370697,3.5275590551181097,16.0,217,251,0.10648569402724206,weak_evidence,0.0,True,False,4.964177248034227,40048.04296875,1998.963134765625,20.03440797493525,6007.206445312499,161,234.0,156.0,202.51694603023645,0.2012240532370697,-46.516946030236454,1.0,4.080594069985445,233,236,206,222,247,263,True,True,UPPER_SEED_TRAJECTORY_OUTLIER;Z_EDGE_EVIDENCE_WEAK,True,ok,233.79877594676293,203,10,218,251,16,233.0,232.9276499926189,233.5,False,7.663290302777925,39197.5,26337.5,5114.969999999999,13,0.631578947368421,1.0,0.7692307692307693,8.553433338041504,0.9438817171296542,1.0,0.7692307692307693,0.631578947368421,1.0,0.8789415969467959,assessable,232.9276499926189,False
flow05,18,0,0.15,128.0,19,233.87943514666173,212.0,204.0,223.0,225.0,model_assisted,0.11997267127432491,model_assisted,0.11997267127432491,model_assisted,0.8157110609776655,strong_evidence,0.9356002993053298,True,True,233.0,50003.796875,13964.01171875,3609.271728515625,9.985334401816285,-0.8794351466617343,3.5275590551181097,16.0,217,251,0.08065919989880399,weak_evidence,0.7111846110944465,True,False,4.964177248034227,48336.36328125,7999.33203125,6.042549939472485,23997.99609375,68,233.0,210.0,203.6429290042576,-0.8794351466617343,6.35707099574239,1.0,9.985334401816285,233,236,206,222,247,263,True,True,UPPER_SEED_TRAJECTORY_OUTLIER;Z_EDGE_EVIDENCE_WEAK,True,ok,233.87943514666173,204,10,218,251,16,233.5,233.09674672161614,233.5,False,7.015015314713872,38294.5,27240.5,5458.9331999999995,10,0.631578947368421,1.0,1.0,6.710316737163643,0.8358358857856453,1.0,1.0,0.631578947368421,0.7850527895272738,0.8657846810829664,assessable,233.09674672161614,False
flow05,19,0,0.15,128.0,19,233.9341067249074,213.0,205.0,224.0,226.0,high_confidence,0.5,high_confidence,0.5,high_confidence,0.9723122673840184,strong_evidence,0.9953191531305104,True,True,234.0,50084.2421875,14567.05078125,4704.146484375,7.550188227390811,0.06589327509260556,3.5275590551181097,16.0,217,251,0.05467157824566016,strong_evidence,0.9498371877321719,True,True,4.964177248034227,51995.0,5279.083984375,9.84924660298917,15837.251953125,75,234.0,206.0,204.57959263022119,0.06589327509260556,1.4204073697788147,0.0,7.550188227390811,233,236,206,222,247,263,True,True,,True,ok,233.9341067249074,205,10,218,251,16,232.0,232.43252445102954,234.0,False,5.757343171549361,36025.5,29509.5,6257.3133,13,0.6842105263157895,1.0,0.7692307692307693,8.288017611311686,0.6262238619248935,1.0,0.7692307692307693,0.6842105263157895,1.0,0.775656084467235,assessable,232.43252445102954,False
flow05,20,0,0.15,128.0,19,233.96726671332826,215.0,205.0,224.0,226.0,model_assisted,0.0803456298033697,model_assisted,0.0803456298033697,model_assisted,0.8136271258064286,strong_evidence,0.9289233443592964,True,True,233.0,50371.52734375,14145.08203125,4707.705078125,7.695139077600924,-0.9672667133282573,3.5275590551181097,16.0,217,251,0.033159988420862874,weak_evidence,0.7126412570723173,True,False,4.964177248034227,57477.9765625,11296.927734375,5.087929914573358,33890.783203125,41,233.0,211.0,205.3090535780532,-0.9672667133282573,5.690946421946791,1.0,7.695139077600924,233,236,206,222,247,263,True,True,UPPER_SEED_TRAJECTORY_OUTLIER;Z_EDGE_EVIDENCE_WEAK,True,ok,233.96726671332826,205,10,218,251,16,232.5,233.3715773949143,234.5,False,9.5610199079095,43213.0,22322.0,4519.706099999999,16,0.8947368421052632,1.0,0.625,4.821196168423274,1.0,1.0,0.625,0.8947368421052632,0.470199361403879,0.8562304624561774,assessable,233.3715773949143,False
flow05,21,0,0.15,128.0,19,233.98526421351912,216.0,206.0,225.0,227.0,high_confidence,0.5,high_confidence,0.5,high_confidence,0.9425647855205663,strong_evidence,0.9519556492373391,True,True,234.0,50525.90625,18515.8359375,5874.81103515625,5.448697859547178,0.014735786480883917,3.5275590551181097,16.0,217,251,0.017997500190858773,strong_evidence,0.9332665609108965,True,True,4.964177248034227,59783.23828125,700.1636352539062,85.38466619959533,8967.4857421875,99,234.0,204.0,205.85796693392248,0.014735786480883917,-1.8579669339224836,0.0,5.448697859547178,233,236,206,222,247,263,True,True,,True,ok,233.98526421351912,206,10,218,251,16,233.5,235.0795149104979,233.5,False,3.8850491652971875,35300.0,30235.0,9086.114099999999,12,0.6842105263157895,1.0,0.8333333333333334,6.98350553558098,0.31417486088286456,1.0,0.8333333333333334,0.6842105263157895,0.8305842559301633,0.6623178725160541,assessable,235.0795149104979,False
flow05,22,0,0.15,128.0,19,233.9940050915668,216.0,206.0,225.0,227.0,high_confidence,0.5,high_confidence,0.5,high_confidence,0.8518531725330778,strong_evidence,0.9995750473353978,True,True,234.0,50816.95703125,18411.765625,5170.759765625,6.267007727119405,0.005994908433194723,3.5275590551181097,16.0,217,251,0.008740878047689193,strong_evidence,0.7259623271800055,True,True,4.964177248034227,59018.703125,13474.3720703125,4.380070760776552,40423.1162109375,28,234.0,211.0,206.2750747268472,0.005994908433194723,4.724925273152792,0.0,6.267007727119405,233,236,206,222,247,263,True,True,,True,ok,233.9940050915668,206,10,218,251,16,233.5,234.7876423049215,233.5,False,4.40599116325246,35973.5,29561.5,8164.678199999999,14,0.631578947368421,1.0,0.7142857142857143,8.994144674031023,0.4009985272087433,1.0,0.7142857142857143,0.631578947368421,1.0,0.6779434694854661,assessable,234.7876423049215,False
flow05,23,0,0.15,128.0,19,233.99780386150712,216.0,207.0,226.0,228.0,high_confidence,0.5,high_confidence,0.5,high_confidence,0.8359468529158668,strong_evidence,0.926590638628739,True,True,233.0,48446.265625,12209.48046875,1963.401123046875,18.456129382271353,-0.9978038615071227,3.5275590551181097,16.0,217,251,0.00379876994031747,strong_evidence,0.7541703010663978,True,True,4.964177248034227,57724.26953125,12507.7734375,4.615071564870596,37523.3203125,38,233.0,211.0,206.60843948438674,-0.9978038615071227,4.391560515613264,0.0,18.456129382271353,233,236,206,222,247,263,True,True,,True,ok,233.99780386150712,207,10,218,251,16,232.5,233.4872589865323,234.0,False,14.103240182764859,38222.5,27312.5,2710.1928,16,0.631578947368421,1.0,0.625,8.213292787029594,1.0,1.0,0.625,0.631578947368421,1.0,0.8697368421052631,assessable,233.4872589865323,False
flow05,24,0,0.15,128.0,19,233.99928118628551,216.0,207.0,226.0,228.0,high_confidence,0.5,high_confidence,0.5,high_confidence,0.8905162063720599,strong_evidence,0.9999490559893295,True,True,234.0,49438.7734375,13292.0166015625,4407.49462890625,8.201202696623039,0.0007188137144851225,3.5275590551181097,16.0,217,251,0.0014773247783921306,strong_evidence,0.7930595154437023,True,True,4.964177248034227,56569.55078125,11078.8271484375,5.1060956203498735,33236.4814453125,39,234.0,211.0,206.89076028091253,0.0007188137144851225,4.109239719087469,0.0,8.201202696623039,233,236,206,222,247,263,True,True,,True,ok,233.99928118628551,207,10,218,251,16,234.0,234.8245535762747,234.0,False,12.02059441080673,39689.0,25846.0,3301.7502,15,0.7894736842105263,1.0,0.6666666666666666,11.17949502039265,1.0,1.0,0.6666666666666666,0.7894736842105263,1.0,0.9017543859649123,assessable,234.8245535762747,False
flow05,25,0,0.15,128.0,19,233.99979529389134,217.0,207.0,226.0,228.0,high_confidence,0.5,high_confidence,0.5,high_confidence,0.9799687265766647,strong_evidence,0.9999854922631779,True,True,234.0,47066.453125,16494.73046875,4301.73974609375,7.106827576914909,0.00020470610866141215,3.5275590551181097,16.0,217,251,0.0005141076058237104,strong_evidence,0.9603526376116126,True,True,4.964177248034227,55272.69140625,4056.258056640625,13.626522433838097,12168.774169921875,97,234.0,206.0,207.13469842419175,0.00020470610866141215,-1.134698424191754,0.0,7.106827576914909,233,236,206,222,247,263,True,True,,True,ok,233.99979529389134,207,10,218,251,16,233.5,233.37399664804468,233.5,False,8.25574985802044,38764.0,26771.0,4695.3942,16,0.7894736842105263,1.0,0.625,9.6178847608457,1.0,1.0,0.625,0.7894736842105263,1.0,0.893421052631579,assessable,233.37399664804468,False
flow05,26,0,0.15,128.0,19,233.9999553886572,216.0,207.0,226.0,228.0,high_confidence,0.5149711177024111,high_confidence,0.5149711177024111,high_confidence,0.9335243909316615,strong_evidence,0.9264260638771736,True,True,233.0,48842.83984375,10973.6328125,4222.67138671875,8.968068685230199,-0.999955388657213,3.5275590551181097,16.0,217,251,0.00016009476587441895,strong_evidence,0.9406771057553811,True,True,4.964177248034227,56629.609375,9136.478515625,6.198187767656139,27409.435546875,42,233.0,209.0,207.33581085892172,-0.999955388657213,1.6641891410782819,0.0,8.968068685230199,233,236,206,222,247,263,True,True,,True,ok,233.9999553886572,207,10,218,251,16,233.5,233.36176689505123,234.0,False,7.215175110884668,37114.0,28421.0,5143.8807,16,0.6842105263157895,1.0,0.625,8.17213590278652,0.8691958518141113,1.0,0.625,0.6842105263157895,1.0,0.8318501270823073,assessable,233.36176689505123,False
flow05,27,0,0.15,128.0,19,234.0,216.0,207.0,226.0,228.0,high_confidence,0.5531404759296391,high_confidence,0.5531404759296391,high_confidence,0.9734636072569514,strong_evidence,1.0,True,True,234.0,51662.9921875,11732.48046875,4408.42626953125,9.057770115092756,0.0,3.5275590551181097,16.0,218,251,4.461134278699319e-05,strong_evidence,0.947631394653716,True,True,4.964177248034227,57220.85546875,4611.3681640625,12.40865041197228,13834.1044921875,84,234.0,206.0,207.47954347140467,0.0,-1.4795434714046678,0.0,9.057770115092756,233,236,206,222,247,263,True,True,,True,ok,234.0,207,10,218,251,16,232.0,232.80259995630325,233.5,False,8.0885219475526,39936.5,25598.5,4937.42865,13,0.8421052631578947,1.0,0.7692307692307693,6.507316502845006,1.0,1.0,0.7692307692307693,0.8421052631578947,0.7512194171408343,0.9052838850339215,assessable,232.80259995630325,False
flow05,28,0,0.15,128.0,19,234.0000446113428,217.0,208.0,227.0,229.0,high_confidence,0.5,high_confidence,0.5,high_confidence,0.8690170413875299,strong_evidence,0.9264192384184948,True,True,233.0,50467.6015625,13378.84375,1775.839111328125,20.885201579304017,-1.000044611342787,3.5275590551181097,16.0,218,252,0.00016009476587441895,strong_evidence,0.8151715626190296,True,True,4.964177248034227,57365.41015625,770.4825439453125,74.45387388337988,8604.8115234375,109,233.0,203.0,207.55031065834666,-1.000044611342787,-4.55031065834666,0.0,20.885201579304017,233,236,206,222,247,263,True,True,,True,ok,234.0000446113428,208,10,218,251,16,233.5,233.92548077217955,234.5,False,5.799457894805343,35915.0,29620.0,6192.820199999999,14,0.7894736842105263,1.0,0.7142857142857143,6.128282838569151,0.6332429824675572,1.0,0.7142857142857143,0.7894736842105263,0.6880471397615251,0.7517179533285194,assessable,233.92548077217955,False
flow05,29,0,0.15,128.0,19,234.00020470610866,216.0,208.0,227.0,229.0,high_confidence,0.5,high_confidence,0.5,high_confidence,0.8400493780919597,strong_evidence,0.926406991180582,True,True,233.0,48325.96875,13726.083984375,3269.964111328125,10.581120644645836,-1.0002047061086614,3.5275590551181097,16.0,218,252,0.0005141076058237104,strong_evidence,0.7617418309132031,True,True,4.964177248034227,56564.71484375,2603.87841796875,21.723254992787012,8484.7072265625,109,233.0,202.0,207.54001021890275,-1.0002047061086614,-5.540010218902751,0.0,10.581120644645836,233,236,206,222,247,263,True,True,,True,ok,234.00020470610866,208,10,218,251,16,233.5,233.53077036095297,233.5,False,4.168043729585702,34917.5,30617.5,8377.4313,10,0.6842105263157895,1.0,1.0,5.6015675663372075,0.361340621597617,1.0,1.0,0.6842105263157895,0.6002612610562013,0.6891269226121544,assessable,233.53077036095297,False
flow05,30,0,0.15,128.0,19,234.00071881371449,215.0,207.0,226.0,228.0,high_confidence,0.5,high_confidence,0.5,high_confidence,0.9548685546088873,strong_evidence,0.9348449726424399,True,True,234.0,50606.7578125,16480.23046875,6507.54833984375,5.244145039200646,-0.0007188137144851225,3.5275590551181097,16.0,218,252,0.0014773247783921306,strong_evidence,0.9753210246225514,True,True,4.964177248034227,55931.58984375,9587.3525390625,5.833893101965694,28762.0576171875,44,234.0,207.0,207.4548030582235,-0.0007188137144851225,-0.4548030582234901,0.0,5.244145039200646,233,236,206,222,247,263,True,True,,True,ok,234.00071881371449,207,10,218,251,16,234.5,234.02385402590832,234.0,False,5.403677237869072,38691.5,26843.5,7160.2167,14,0.8947368421052632,1.0,0.7142857142857143,4.938106225649372,0.5672795396448453,1.0,0.7142857142857143,0.8947368421052632,0.4896843709415621,0.7245839451427845,assessable,234.02385402590832,False
flow05,31,0,0.15,128.0,19,234.00219613849288,214.0,207.0,226.0,228.0,high_confidence,0.5,high_confidence,0.5,high_confidence,0.9212573225145269,strong_evidence,0.9998443463744814,True,True,234.0,47443.4375,11250.60546875,2146.08740234375,16.86456571699907,-0.002196138492877253,3.5275590551181097,16.0,218,252,0.00379876994031747,strong_evidence,0.8488471804277797,True,True,4.964177248034227,55981.515625,12666.580078125,4.419623551086159,37999.740234375,30,234.0,209.0,207.31552771473537,-0.002196138492877253,1.6844722852646328,0.0,16.86456571699907,233,236,206,222,247,263,True,True,,True,ok,234.00219613849288,207,10,218,251,16,233.0,232.8642542845453,234.0,False,5.708168721713043,41608.0,23927.0,7289.202899999999,17,0.9473684210526315,1.0,0.5882352941176471,5.557976027755351,0.6180281202855071,1.0,0.5882352941176471,0.9473684210526315,0.5929960046258919,0.7353617645439409,assessable,232.8642542845453,False
flow05,32,0,0.15,128.0,19,234.0059949084332,214.0,207.0,226.0,228.0,high_confidence,0.5,high_confidence,0.5,high_confidence,0.9794364885770752,strong_evidence,0.9995750473353978,True,True,234.0,51324.2890625,14313.162109375,5463.8505859375,6.773817543324082,-0.005994908433194723,3.5275590551181097,16.0,218,252,0.008740878047717615,strong_evidence,0.9597036637853453,True,True,4.964177248034227,56050.15234375,6644.771484375,8.435226474762965,19934.314453125,56,234.0,206.0,207.15251374569522,-0.005994908433194723,-1.1525137456952166,0.0,6.773817543324082,233,236,206,222,247,263,True,True,,True,ok,234.0059949084332,207,10,218,251,16,235.0,235.4322593235637,235.0,False,5.71227481764163,37928.5,27606.5,6639.8241,15,0.631578947368421,1.0,0.6666666666666666,4.4644391274855195,0.6187124696069383,1.0,0.6666666666666666,0.631578947368421,0.41073985458091994,0.6856935252591169,assessable,232.8642542845453,True
flow05,33,0,0.15,128.0,19,234.0147357864809,214.0,207.0,226.0,228.0,high_confidence,0.5,high_confidence,0.5,high_confidence,0.806704557934351,strong_evidence,0.8419474014397845,True,True,234.0,49287.45703125,14193.70703125,8233.8046875,4.2621547792209515,-0.014735786480912338,3.5275590551181097,16.0,218,252,0.017997500190858773,strong_evidence,0.7729369348716963,True,True,4.964177248034227,55886.17578125,14064.138671875,3.9736650132019338,42192.416015625,21,234.0,210.0,206.9942489634862,-0.014735786480912338,3.0057510365138,0.0,4.2621547792209515,233,236,206,222,247,263,True,True,,True,ok,234.0147357864809,207,10,218,251,16,233.0,232.4663382594417,233.0,False,3.2207095332579954,37376.5,28158.5,11605.0515,11,0.7368421052631579,1.0,0.9090909090909091,5.247108207965919,0.20345158887633255,1.0,0.9090909090909091,0.7368421052631579,0.5411847013276532,0.6176710238471371,assessable,232.4663382594417,False
flow05,34,0,0.15,128.0,19,234.03273328667177,215.0,207.0,226.0,228.0,high_confidence,0.5,high_confidence,0.5,high_confidence,0.912156311335886,strong_evidence,0.9976774773822272,True,True,234.0,49912.8984375,12290.625,2886.76123046875,13.032693192776087,-0.03273328667177111,3.5275590551181097,16.0,218,252,0.03315998842083445,strong_evidence,0.8339660413032712,True,True,4.964177248034227,55701.82421875,12545.6650390625,4.439925986013128,37636.9951171875,23,234.0,209.0,206.8537650067566,-0.03273328667177111,2.146234993243411,0.0,13.032693192776087,233,236,206,222,247,263,True,True,,True,ok,234.03273328667177,207,10,218,251,16,234.0,234.3995820339047,233.5,False,4.781941598290208,35643.5,29891.5,7453.7715,11,0.8947368421052632,1.0,0.9090909090909091,3.983530861854711,0.463656933048368,1.0,0.9090909090909091,0.8947368421052632,0.3305884769757852,0.7113674823984786,assessable,234.3995820339047,False
flow05,35,0,0.15,128.0,19,234.0658932750926,215.0,207.0,226.0,228.0,model_assisted,0.1486978456458161,model_assisted,0.1486978456458161,model_assisted,0.8647615796129198,strong_evidence,0.9953191531305104,True,True,234.0,49037.71875,21457.296875,2419.154296875,11.400852732141834,-0.06589327509260556,3.5275590551181097,16.0,218,252,0.05467157824568858,weak_evidence,0.7513294476677028,True,False,4.964177248034227,56269.94140625,4359.185546875,12.9083611608569,13077.556640625,98,234.0,201.0,206.71751674063262,-0.06589327509260556,-5.717516740632618,1.0,11.400852732141834,233,236,206,222,247,263,True,True,UPPER_SEED_TRAJECTORY_OUTLIER;Z_EDGE_EVIDENCE_WEAK,True,ok,234.0658932750926,207,10,218,251,16,233.5,234.46759077475565,233.5,False,4.746352190451427,34192.5,31342.5,7203.953399999999,12,0.6842105263157895,1.0,0.8333333333333334,3.79308512202397,0.4577253650752378,1.0,0.8333333333333334,0.6842105263157895,0.29884752033732837,0.6593868754241012,assessable,234.46759077475565,False
flow05,36,0,0.15,128.0,19,234.1205648533383,216.0,207.0,226.0,228.0,high_confidence,0.5,high_confidence,0.5,high_confidence,0.8422869744849393,strong_evidence,0.9139237172477407,True,True,234.0,50898.859375,23663.73828125,5341.6123046875,5.098670502509136,-0.12056485333829414,3.5275590551181097,16.0,218,252,0.08065919989877557,strong_evidence,0.7762653862660184,True,True,4.964177248034227,57227.625,13290.4384765625,4.305924526186258,39871.3154296875,20,234.0,210.0,206.54296402703636,-0.12056485333829414,3.457035972963638,0.0,5.098670502509136,233,236,206,222,247,263,True,True,,True,ok,234.1205648533383,207,10,218,251,16,234.5,233.19577653593453,234.5,False,2.8042286457577323,29146.5,36388.5,10393.7673,8,0.8421052631578947,1.0,0.8,5.989190919976628,0.13403810762628873,1.0,0.8,0.8421052631578947,0.664865153329438,0.5997156424758291,uncertain,233.19577653593453,False
flow05,37,0,0.15,128.0,19,234.20122405323707,216.0,206.0,225.0,227.0,high_confidence,0.5,high_confidence,0.5,high_confidence,0.956728864358905,strong_evidence,0.975700161576484,True,True,234.0,50629.85546875,17879.5703125,5570.115234375,5.879642301498055,-0.2012240532370697,3.5275590551181097,16.0,218,252,0.10648569402724206,strong_evidence,0.9381264408304892,True,True,4.964177248034227,57980.2890625,7999.708984375,7.247799785685563,23999.126953125,46,234.0,208.0,206.2687676244691,-0.2012240532370697,1.731232375530908,0.0,5.879642301498055,233,236,206,222,247,263,True,True,,True,ok,234.20122405323707,206,10,218,251,16,234.0,234.13632624717826,234.0,False,7.232029649501829,39543.5,25991.5,5467.828799999999,17,0.8421052631578947,1.0,0.5882352941176471,5.218216820145567,0.8720049415836382,1.0,0.5882352941176471,0.8421052631578947,0.5363694700242613,0.8028015248539131,assessable,234.13632624717826,False
flow05,38,0,0.15,128.0,19,234.3077097472643,216.0,206.0,225.0,227.0,model_assisted,0.05506255583827409,model_assisted,0.05506255583827409,model_assisted,0.780625813146488,strong_evidence,0.8990405029215919,True,True,235.0,46467.57421875,16431.455078125,5585.72998046875,5.37729522294316,0.6922902527356882,3.5275590551181097,16.0,218,252,0.12579798346030202,weak_evidence,0.6778077941653773,True,False,4.964177248034227,57998.984375,1963.126708984375,29.544187906753006,8699.84765625,100,235.0,199.0,205.83665730787783,0.6922902527356882,-6.836657307877829,1.0,5.37729522294316,233,236,206,222,247,263,True,True,UPPER_SEED_TRAJECTORY_OUTLIER;Z_EDGE_EVIDENCE_WEAK,True,ok,234.3077097472643,206,10,218,251,16,236.5,234.66552814354074,235.5,False,7.632204994533403,33748.5,31786.5,4421.8544999999995,12,0.5789473684210527,1.0,0.8333333333333334,6.0551969939468755,0.9387008324222338,1.0,0.8333333333333334,0.5789473684210527,0.6758661656578125,0.8496406798433876,assessable,234.66552814354074,False
flow05,39,0,0.15,128.0,19,234.4335077307246,215.0,205.0,224.0,226.0,high_confidence,0.5,high_confidence,0.5,high_confidence,0.7343931930352432,strong_evidence,0.6858076271497938,True,True,233.0,48869.7265625,20434.66015625,8028.87744140625,3.541599260141356,-1.4335077307246138,3.5275590551181097,16.0,218,252,0.1329845385507724,strong_evidence,0.7864207696522147,True,True,4.964177248034227,57869.31640625,12275.0576171875,4.714382466541057,36825.1728515625,23,233.0,209.0,205.2173070268447,-1.4335077307246138,3.7826929731552923,0.0,3.541599260141356,233,236,206,222,247,263,True,True,,True,ok,234.4335077307246,205,10,218,251,16,234.5,234.6768525978516,235.0,False,4.878364338391921,31288.5,34246.5,6413.727599999999,10,0.6842105263157895,1.0,1.0,6.739311611248436,0.47972738973198686,1.0,1.0,0.6842105263157895,0.789885268541406,0.7495246922077043,assessable,234.6768525978516,False
flow05,40,0,0.15,128.0,19,234.5664922692754,215.0,204.0,223.0,225.0,high_confidence,0.5,high_confidence,0.5,high_confidence,0.8582825225531242,strong_evidence,0.9590123976241933,True,True,234.0,50262.83984375,13287.361328125,4646.583984375,7.957561649582123,-0.5664922692753862,3.5275590551181097,16.0,218,252,0.1329845385507724,strong_evidence,0.7681328107385151,True,True,4.964177248034227,57079.5625,3080.87158203125,18.52708267131565,9242.61474609375,100,234.0,199.0,204.4286268873356,-0.5664922692753862,-5.428626887335611,0.0,7.957561649582123,234,237,207,223,248,264,True,True,,True,ok,234.5664922692754,204,10,219,252,16,233.5,233.53595823368997,234.0,False,5.846418227963468,37493.0,28042.0,6412.9863,10,0.7368421052631579,1.0,1.0,5.077108790727495,0.6410697046605781,1.0,1.0,0.7368421052631579,0.5128514651212491,0.7861858589328009,assessable,233.53595823368997,False
flow05,41,0,0.15,128.0,19,234.69229025273572,215.0,204.0,223.0,225.0,high_confidence,0.5,high_confidence,0.5,high_confidence,0.9414608457301805,strong_evidence,0.9779493293283377,True,True,235.0,49020.0234375,15640.109375,5520.8896484375,6.04611144001892,0.30770974726428335,3.5275590551181097,16.0,218,252,0.12579798346033044,strong_evidence,0.9063337920091802,True,True,4.964177248034227,55342.359375,3117.326416015625,17.753148688784155,9351.979248046875,98,235.0,201.0,203.53669770751318,0.30770974726428335,-2.5366977075131842,0.0,6.04611144001892,234,237,207,223,248,264,True,True,,True,ok,234.69229025273572,204,10,219,252,16,234.5,235.3352003597494,235.0,False,5.275853243063068,38754.0,26781.0,7345.5417,12,0.5789473684210527,1.0,0.8333333333333334,6.867523552778542,0.5459755405105113,1.0,0.8333333333333334,0.5789473684210527,0.8112539254630904,0.7257256036548125,assessable,235.3352003597494,False
flow05,42,0,0.15,128.0,19,234.79877594676296,214.0,203.0,222.0,224.0,high_confidence,0.5,high_confidence,0.5,high_confidence,0.9200781635219056,strong_evidence,0.9856359810279767,True,True,235.0,49247.29296875,12448.4912109375,1965.45263671875,18.72281278639547,0.2012240532370413,3.5275590551181097,16.0,218,252,0.10648569402724206,strong_evidence,0.8588808071991579,True,True,4.964177248034227,53039.9375,2942.811767578125,18.02355763435417,8828.435302734375,100,235.0,199.0,202.63798771237816,0.2012240532370413,-3.6379877123781625,0.0,18.72281278639547,234,237,207,223,248,264,True,True,,True,ok,234.79877594676296,203,10,219,252,16,234.5,235.29513020924608,235.0,False,7.888628877593616,35069.5,30465.5,4445.576099999999,12,0.5263157894736842,1.0,0.8333333333333334,9.94889465567545,0.9814381462656027,1.0,0.8333333333333334,0.5263157894736842,1.0,0.8891173862806804,assessable,235.29513020924608,False
flow05,43,0,0.15,128.0,19,234.87943514666173,213.0,202.0,221.0,223.0,model_assisted,0.08711437579606225,model_assisted,0.08711437579606225,model_assisted,0.7929200927639378,strong_evidence,0.9171531699136378,True,True,236.0,47636.5390625,13573.875,3508.15234375,9.709573794075629,1.1205648533382657,3.5275590551181097,16.0,218,252,0.08065919989877557,weak_evidence,0.6855150198826379,True,False,4.964177248034227,52006.92578125,10190.4482421875,5.103497367853379,30571.3447265625,34,236.0,208.0,201.8318507850304,1.1205648533382657,6.1681492149695885,1.0,9.709573794075629,234,237,207,223,248,264,True,True,UPPER_SEED_TRAJECTORY_OUTLIER;Z_EDGE_EVIDENCE_WEAK,True,ok,234.87943514666173,202,10,219,252,16,234.5,234.4514702941523,235.0,False,14.621936068287829,39140.5,26394.5,2676.8343,16,0.5789473684210527,1.0,0.625,8.440071606790298,1.0,1.0,0.625,0.5789473684210527,1.0,0.861842105263158,assessable,234.4514702941523,False
flow05,44,0,0.15,128.0,19,234.93410672490742,212.0,201.0,220.0,222.0,model_assisted,0.11037887948981899,model_assisted,0.11037887948981899,model_assisted,0.8617615957558984,strong_evidence,0.9953191531305124,True,True,235.0,49979.578125,16169.078125,4424.77783203125,7.641174604348183,0.06589327509257714,3.5275590551181097,16.0,218,252,0.05467157824568858,weak_evidence,0.7461255473523212,True,False,4.964177248034227,53070.21484375,8072.57568359375,6.574136548711079,24217.72705078125,53,235.0,207.0,201.19559185559496,0.06589327509257714,5.804408144405045,2.0,7.641174604348183,234,237,207,223,248,264,True,True,UPPER_SEED_TRAJECTORY_OUTLIER;Z_EDGE_EVIDENCE_WEAK,True,ok,234.93410672490742,201,10,219,252,16,235.0,234.7066916880625,234.5,False,8.991514335986977,37999.5,27535.5,4226.1512999999995,13,0.7368421052631579,1.0,0.7692307692307693,9.59699238915394,1.0,1.0,0.7692307692307693,0.7368421052631579,1.0,0.9143724696356276,assessable,234.7066916880625,False
flow05,45,0,0.15,128.0,19,234.96726671332826,212.0,201.0,220.0,222.0,model_assisted,0.04165871885108891,model_assisted,0.04165871885108891,model_assisted,0.7716767344577721,strong_evidence,0.9976774773822293,True,True,235.0,47784.42578125,11872.7265625,4366.9033203125,8.22360757374865,0.03273328667174269,3.5275590551181097,16.0,218,252,0.03315998842083445,weak_evidence,0.5968712294336671,True,False,4.964177248034227,54672.4296875,11654.8134765625,4.690974231157342,34964.4404296875,34,235.0,208.0,200.7719168925692,0.03273328667174269,7.228083107430791,1.0,8.22360757374865,234,237,207,223,248,264,True,True,UPPER_SEED_TRAJECTORY_OUTLIER;Z_EDGE_EVIDENCE_WEAK,True,ok,234.96726671332826,201,10,219,252,16,233.5,234.6076239989394,234.5,False,4.572048710020051,39098.5,26436.5,8551.6368,10,0.8947368421052632,1.0,1.0,7.396881809806753,0.4286747850033419,1.0,1.0,0.8947368421052632,0.8994803016344588,0.774194731230405,assessable,234.6076239989394,False
flow05,46,0,0.15,128.0,19,234.98526421351912,211.0,201.0,220.0,222.0,high_confidence,0.6208267659278299,high_confidence,0.6208267659278299,high_confidence,0.9384485805878829,strong_evidence,0.9275492411379418,True,True,234.0,47309.69140625,12293.7353515625,2272.44580078125,15.40892902380742,-0.9852642135191161,3.5275590551181097,16.0,218,252,0.017997500190858773,strong_evidence,0.9494759947482291,True,True,4.964177248034227,54359.5859375,7090.13623046875,7.6669310956111385,21270.40869140625,58,234.0,202.0,200.5698904125287,-0.9852642135191161,1.4301095874712928,0.0,15.40892902380742,234,237,207,223,248,264,True,True,,True,ok,234.98526421351912,201,10,219,252,16,235.5,234.70590280359062,234.5,False,5.802249283626528,40255.0,25280.0,6937.8267,12,0.631578947368421,1.0,0.8333333333333334,4.669298665549213,0.6337082139377547,1.0,0.8333333333333334,0.631578947368421,0.44488311092486876,0.7276896947426308,assessable,234.70590280359062,False
flow05,47,0,0.15,128.0,19,234.99400509156683,212.0,201.0,220.0,222.0,model_assisted,0.001362814724824959,model_assisted,0.001362814724824959,model_assisted,0.0,strong_evidence,0.6996398456548558,True,True,234.0,51816.1640625,14812.6015625,10824.087890625,3.4186310083503355,-0.9940050915668337,3.5275590551181097,16.0,218,252,0.008740878047717615,weak_evidence,0.0,True,False,4.964177248034227,58308.40625,2395.695556640625,24.338821386705423,8746.2609375,130,234.0,184.0,200.57457446617275,-0.9940050915668337,-16.57457446617275,1.0,3.4186310083503355,234,237,207,223,248,264,True,True,UPPER_SEED_TRAJECTORY_OUTLIER;Z_EDGE_EVIDENCE_WEAK,True,ok,234.99400509156683,201,10,219,252,16,234.5,232.6545715107897,234.5,False,4.766548621078374,35606.5,29928.5,7470.080099999999,8,0.631578947368421,1.0,0.8,6.438927541991708,0.46109143684639564,1.0,0.8,0.631578947368421,0.739821256998618,0.6901009707013634,assessable,234.70590280359062,True
flow05,48,0,0.15,128.0,19,234.99780386150715,213.0,201.0,220.0,222.0,model_assisted,0.003707594292885353,model_assisted,0.003707594292885353,model_assisted,0.0,strong_evidence,0.9998443463744835,True,True,235.0,50045.10546875,11917.515625,3855.319580078125,9.889605531217045,0.0021961384928488314,3.5275590551181097,16.0,218,252,0.00379876994031747,weak_evidence,0.0,True,False,4.964177248034227,59729.6875,2700.85546875,22.115099527204197,8959.453125,129,235.0,184.0,200.7588136524712,0.0021961384928488314,-16.75881365247119,1.0,9.889605531217045,234,237,207,223,248,264,True,True,UPPER_SEED_TRAJECTORY_OUTLIER;Z_EDGE_EVIDENCE_WEAK,True,ok,234.99780386150715,201,10,219,252,16,235.0,235.371207271427,235.0,False,7.075605800356887,40256.5,25278.5,5689.4775,13,0.7368421052631579,1.0,0.7692307692307693,7.3642998204897,0.8459343000594811,1.0,0.7692307692307693,0.7368421052631579,0.8940499700816167,0.8498544716646077,assessable,235.371207271427,False
flow05,49,0,0.15,128.0,19,234.99928118628551,213.0,201.0,220.0,222.0,high_confidence,0.5,high_confidence,0.5,high_confidence,0.8869933784290859,strong_evidence,0.9999490559893295,True,True,235.0,49272.734375,19835.236328125,3829.293701171875,7.687448481130155,0.0007188137144851225,3.5275590551181097,16.0,218,252,0.001477324778363709,strong_evidence,0.7867973359889237,True,True,4.964177248034227,60203.3984375,3870.7275390625,15.553509729098995,11612.1826171875,92,235.0,196.0,201.09258136614562,0.0007188137144851225,-5.092581366145623,0.0,7.687448481130155,234,237,207,223,248,264,True,True,,True,ok,234.99928118628551,201,10,219,252,16,232.5,234.79969710945062,234.5,False,9.962051019901027,35920.0,29615.0,3605.6832,12,0.42105263157894735,1.0,0.8333333333333334,7.019976643225181,1.0,1.0,0.8333333333333334,0.42105263157894735,0.8366627738708635,0.8634908387905952,assessable,234.79969710945062,False
flow05,50,0,0.15,128.0,19,234.99979529389137,213.0,202.0,221.0,223.0,model_assisted,0.002882032720681466,model_assisted,0.002882032720681466,model_assisted,0.0,strong_evidence,0.926438310862949,True,True,234.0,51157.0,13926.083984375,2505.76416015625,14.858108599216065,-0.999795293891367,3.5275590551181097,16.0,218,252,0.0005141076058521321,weak_evidence,0.0,True,False,4.964177248034227,59569.5703125,2201.197021484375,27.062352770370968,8935.435546875,131,234.0,184.0,201.54777828401762,-0.999795293891367,-17.547778284017625,1.0,14.858108599216065,234,237,207,223,248,264,True,True,UPPER_SEED_TRAJECTORY_OUTLIER;Z_EDGE_EVIDENCE_WEAK,True,ok,234.99979529389137,202,10,219,252,16,235.0,235.0515656511092,234.5,False,6.964347486093475,40052.0,25483.0,5751.0054,15,0.7894736842105263,1.0,0.6666666666666666,7.459972154218207,0.8273912476822458,1.0,0.6666666666666666,0.7894736842105263,0.9099953590363677,0.8323408585573351,assessable,235.0515656511092,False
flow05,51,0,0.15,128.0,19,234.99995538865724,215.0,202.0,221.0,223.0,high_confidence,0.5,high_confidence,0.5,high_confidence,0.8536072425931679,strong_evidence,0.9264260638771715,True,True,234.0,48344.08203125,15201.9521484375,3833.31298828125,8.645818899769127,-0.9999553886572414,3.5275590551181097,16.0,218,252,0.00016009476587441895,strong_evidence,0.7865121168526594,True,True,4.964177248034227,59674.75390625,5263.87255859375,11.33666388044018,15791.61767578125,77,234.0,197.0,202.0978384573065,-0.9999553886572414,-5.097838457306494,0.0,8.645818899769127,234,237,207,223,248,264,True,True,,True,ok,234.99995538865724,202,10,219,252,16,234.0,234.45692081415848,235.0,False,4.957893288535387,39796.0,25739.0,8026.796399999999,11,0.7894736842105263,1.0,0.9090909090909091,8.270497748805985,0.4929822147558978,1.0,0.9090909090909091,0.7894736842105263,1.0,0.772783009614325,assessable,234.45692081415848,False
flow05,52,0,0.15,128.0,19,235.00000000000003,216.0,203.0,222.0,224.0,high_confidence,0.5,high_confidence,0.5,high_confidence,0.8645646172890358,strong_evidence,0.9264226511541179,True,True,234.0,50705.22265625,8885.83203125,4947.546875,8.452550664312806,-1.0000000000000284,3.5275590551181097,16.0,219,253,4.461134278699319e-05,strong_evidence,0.8068368973242959,True,True,4.964177248034227,59733.12109375,5270.07958984375,11.334386905439695,15810.23876953125,76,234.0,198.0,202.71359207333072,-1.0000000000000284,-4.713592073330716,0.0,8.452550664312806,234,237,207,223,248,264,True,True,,True,ok,235.00000000000003,203,10,219,252,16,235.0,234.3509394772943,234.5,False,9.576648011518495,40160.0,25375.0,4193.5341,13,0.8421052631578947,1.0,0.7692307692307693,5.63062002210194,1.0,1.0,0.7692307692307693,0.8421052631578947,0.60510333701699,0.8906722770215371,assessable,234.3509394772943,False
flow05,53,0,0.15,128.0,19,235.00000000000003,216.0,203.0,222.0,224.0,model_assisted,0.0670695206201644,model_assisted,0.0670695206201644,model_assisted,0.8386788183758733,strong_evidence,0.999999999999998,True,True,235.0,48693.4296875,12316.912109375,5062.255859375,7.185831492645286,-2.842170943040401e-14,3.5275590551181097,16.0,219,253,0.0,weak_evidence,0.7033821603923526,True,False,4.964177248034227,59377.11328125,12277.685546875,4.8361813026204326,36833.056640625,21,235.0,209.0,203.35811759078814,-2.842170943040401e-14,5.64188240921186,1.0,7.185831492645286,234,237,207,223,248,264,True,True,UPPER_SEED_TRAJECTORY_OUTLIER;Z_EDGE_EVIDENCE_WEAK,True,ok,235.00000000000003,203,10,219,252,16,234.5,233.8155743268973,234.5,False,6.303346755668493,40727.0,24808.0,6461.1708,14,0.8421052631578947,1.0,0.7142857142857143,10.493194079930591,0.7172244592780821,1.0,0.7142857142857143,0.8421052631578947,1.0,0.8202014930781557,assessable,233.8155743268973,False
flow05,54,0,0.15,128.0,19,235.00000000000003,216.0,204.0,223.0,225.0,high_confidence,0.5,high_confidence,0.5,high_confidence,0.8417010700131988,strong_evidence,0.999999999999998,True,True,235.0,50190.515625,14223.599609375,4136.5986328125,8.694804405321495,-2.842170943040401e-14,3.5275590551181097,16.0,219,253,0.0,strong_evidence,0.7084606912613653,True,True,4.964177248034227,58619.47265625,13597.87890625,4.310927686619323,40793.63671875,20,235.0,209.0,203.98530506663806,-2.842170943040401e-14,5.0146949333619375,0.0,8.694804405321495,234,237,207,223,248,264,True,True,,True,ok,235.00000000000003,204,10,219,252,16,235.0,234.60188382588055,236.0,False,11.409740148342687,37291.5,28243.5,3268.3916999999997,15,0.7894736842105263,1.0,0.6666666666666666,6.703624231745522,1.0,1.0,0.6666666666666666,0.7894736842105263,0.783937371957587,0.880148123160671,assessable,234.60188382588055,False
flow05,55,0,0.15,128.0,19,235.00000000000003,216.0,205.0,224.0,226.0,model_assisted,0.0429568042127313,model_assisted,0.0429568042127313,model_assisted,0.7647181768534386,strong_evidence,0.940948578300777,True,True,235.0,49468.4453125,15660.046875,6364.1669921875,5.312305362037543,-2.842170943040401e-14,3.5275590551181097,16.0,219,253,0.0,weak_evidence,0.6214939939290878,True,False,4.964177248034227,57732.78515625,3464.06884765625,16.666177173502586,10392.20654296875,107,235.0,197.0,204.54500307270138,-2.842170943040401e-14,-7.545003072701377,1.0,5.312305362037543,234,237,207,223,248,264,True,True,UPPER_SEED_TRAJECTORY_OUTLIER;Z_EDGE_EVIDENCE_WEAK,True,ok,235.00000000000003,205,10,219,252,16,233.0,234.7066051314413,234.5,False,7.103901707822551,38053.0,27482.0,5356.6338,15,0.631578947368421,1.0,0.6666666666666666,9.032125604508757,0.8506502846370919,1.0,0.6666666666666666,0.631578947368421,1.0,0.8257977750615786,assessable,234.7066051314413,False
flow05,56,0,0.15,128.0,19,235.00000000000003,215.0,205.0,224.0,226.0,high_confidence,0.7150643219413174,high_confidence,0.7150643219413174,high_confidence,0.9823490505603624,strong_evidence,0.999999999999998,True,True,235.0,49638.01171875,15168.619140625,3396.12841796875,10.1496140121643,-2.842170943040401e-14,3.5275590551181097,16.0,219,253,0.0,strong_evidence,0.9650096571368472,True,True,4.964177248034227,55942.40625,7644.119140625,7.318358756693322,22932.357421875,48,235.0,206.0,204.9938516612682,-2.842170943040401e-14,1.0061483387318049,0.0,10.1496140121643,234,237,207,223,248,264,True,True,,True,ok,235.00000000000003,205,10,219,252,16,235.0,234.95661940681825,235.0,False,6.6545110606748255,39641.5,25893.5,5957.0868,15,0.8421052631578947,1.0,0.6666666666666666,6.4432201225075545,0.7757518434458043,1.0,0.6666666666666666,0.8421052631578947,0.7405366870845924,0.8052159367215082,assessable,234.95661940681825,False
flow05,57,0,0.15,128.0,19,235.00000000000003,212.0,205.0,224.0,226.0,high_confidence,0.5899261213052005,high_confidence,0.5899261213052005,high_confidence,0.9947944999206726,strong_evidence,0.999999999999998,True,True,235.0,46291.30859375,15571.65234375,4702.279296875,6.532928886298906,-2.842170943040401e-14,3.5275590551181097,16.0,219,253,0.0,strong_evidence,0.989616097072423,True,True,4.964177248034227,52891.14453125,3971.97216796875,13.316091426264528,11915.91650390625,94,235.0,205.0,205.30608473664813,-2.842170943040401e-14,-0.3060847366481312,0.0,6.532928886298906,234,237,207,223,248,264,True,True,,True,ok,235.00000000000003,205,10,219,252,16,234.5,234.30925329631432,234.5,False,5.782538537192559,37512.0,28023.0,6487.1163,12,0.631578947368421,1.0,0.8333333333333334,6.716955331314121,0.6304230895320931,1.0,0.8333333333333334,0.631578947368421,0.7861592218856868,0.7606675122967311,assessable,234.30925329631432,False
flow05,58,0,0.15,128.0,19,235.00000000000003,211.0,205.0,224.0,226.0,high_confidence,0.5,high_confidence,0.5,high_confidence,0.8906385745268655,strong_evidence,0.999999999999998,True,True,235.0,49501.32421875,17185.1640625,2223.338134765625,14.534973178812782,-2.842170943040401e-14,3.5275590551181097,16.0,219,253,0.0,strong_evidence,0.7932370704352484,True,True,4.964177248034227,52970.9296875,13196.4296875,4.014034927771065,39589.2890625,18,235.0,208.0,205.47888496077556,-2.842170943040401e-14,2.5211150392244406,0.0,14.534973178812782,234,237,207,223,248,264,True,True,,True,ok,235.00000000000003,205,10,219,252,16,234.5,235.28067481764833,235.0,False,6.779399601953416,38425.5,27109.5,5667.9798,12,0.7894736842105263,1.0,0.8333333333333334,5.350469971578317,0.7965666003255693,1.0,0.8333333333333334,0.7894736842105263,0.5584116619297195,0.8197271956051669,assessable,235.28067481764833,False
flow05,59,0,0.15,128.0,19,235.00000000000003,211.0,206.0,225.0,227.0,model_assisted,0.01530383450685758,model_assisted,0.01530383450685758,model_assisted,0.0,strong_evidence,0.9264226511541179,True,True,234.0,47589.46875,12007.044921875,3568.802001953125,9.970411305713105,-1.0000000000000284,3.5275590551181097,16.0,219,253,0.0,weak_evidence,0.0,True,False,4.964177248034227,53720.4921875,3991.689697265625,13.458083233348386,11975.069091796875,85,234.0,193.0,205.53006581525162,-1.0000000000000284,-12.530065815251618,1.0,9.970411305713105,234,237,207,223,248,264,True,True,UPPER_SEED_TRAJECTORY_OUTLIER;Z_EDGE_EVIDENCE_WEAK,True,ok,235.00000000000003,206,10,219,252,16,236.0,235.44637044462118,235.5,False,4.918401405964076,35920.5,29614.5,7303.2876,13,0.7894736842105263,1.0,0.7692307692307693,5.928311830401341,0.48640023432734597,1.0,0.7692307692307693,0.7894736842105263,0.6547186384002236,0.7079791523323263,assessable,235.44637044462118,False
flow05,60,0,0.15,128.0,19,235.00000000000003,210.0,205.0,224.0,226.0,high_confidence,0.5,high_confidence,0.5,high_confidence,0.8697481157659707,strong_evidence,0.9264226511541179,True,True,234.0,48298.23828125,11331.19921875,4314.630859375,8.567833556879277,-1.0000000000000284,3.5275590551181097,16.0,219,253,0.0,strong_evidence,0.8165406836027509,True,True,4.964177248034227,54866.05078125,12549.77734375,4.3718744387584065,37649.33203125,19,234.0,208.0,205.48977361880148,-1.0000000000000284,2.510226381198521,0.0,8.567833556879277,234,237,207,223,248,264,True,True,,True,ok,235.00000000000003,205,10,219,252,16,233.5,233.45912931856614,235.0,False,5.077224058849268,39564.5,25970.5,7792.5455999999995,12,0.6842105263157895,1.0,0.8333333333333334,4.911113527246423,0.5128706764748779,1.0,0.8333333333333334,0.6842105263157895,0.4851855878744038,0.6973215411676827,assessable,233.45912931856614,False
flow05,61,0,0.15,128.0,19,235.00000000000003,210.0,205.0,224.0,226.0,high_confidence,0.7220123358525607,high_confidence,0.7220123358525607,high_confidence,0.9894909832113491,strong_evidence,0.999999999999998,True,True,235.0,49649.625,13255.00390625,4113.5263671875,8.847547783833395,-2.842170943040401e-14,3.5275590551181097,16.0,219,253,0.0,strong_evidence,0.9790924058565644,True,True,4.964177248034227,55743.67578125,7942.5732421875,7.018339533233864,23827.7197265625,53,235.0,206.0,205.39019511312614,-2.842170943040401e-14,0.6098048868738601,0.0,8.847547783833395,234,237,207,223,248,264,True,True,,True,ok,235.00000000000003,205,10,219,252,16,235.5,235.23204803147024,234.0,False,4.903825648528769,34683.5,30851.5,7072.743299999999,16,0.7894736842105263,1.0,0.625,6.120853552925311,0.48397094142146146,1.0,0.625,0.7894736842105263,0.6868089254875519,0.6814917746778457,assessable,235.23204803147024,False
flow05,62,0,0.15,128.0,19,235.00000000000003,210.0,205.0,224.0,226.0,high_confidence,0.5,high_confidence,0.5,model_assisted,0.7838894849308604,weak_evidence,0.6306139278355212,True,False,235.0,48795.0,19571.58203125,12247.646484375,2.3860435558808732,-2.842170943040401e-14,3.5275590551181097,16.0,219,253,0.0,strong_evidence,0.97441984304768,True,True,4.964177248034227,55962.484375,9318.7998046875,6.005331753864914,27956.3994140625,35,235.0,206.0,205.25741690840584,-2.842170943040401e-14,0.742583091594156,0.0,2.3860435558808732,234,237,207,223,248,264,True,True,X_LOCAL_EVIDENCE_WEAK,True,ok,235.00000000000003,205,10,219,252,16,234.5,234.04354571013315,235.0,False,7.164483047001355,35483.0,30052.0,4952.6253,12,0.8421052631578947,1.0,0.8333333333333334,5.894228887096076,0.8607471745002259,1.0,0.8333333333333334,0.8421052631578947,0.649038147849346,0.8591477820003646,assessable,234.04354571013315,False
flow05,63,0,0.15,128.0,19,235.00000000000003,210.0,205.0,224.0,226.0,model_assisted,0.032723945392560363,model_assisted,0.032723945392560363,model_assisted,0.6352051351001958,strong_evidence,0.9264226511541223,True,True,236.0,48895.45703125,12243.16796875,5378.966796875,6.8140017305542315,0.9999999999999716,3.5275590551181097,16.0,219,253,0.0,weak_evidence,0.43553076250348827,True,False,4.964177248034227,55734.10546875,5030.53271484375,11.079165692391511,15091.59814453125,98,236.0,196.0,205.10812802282408,0.9999999999999716,-9.108128022824076,1.0,6.8140017305542315,234,237,207,223,248,264,True,True,UPPER_SEED_TRAJECTORY_OUTLIER;Z_EDGE_EVIDENCE_WEAK,True,ok,235.00000000000003,205,10,219,252,16,235.0,234.56667208705633,235.0,False,6.884632125663383,40083.5,25451.5,5822.1702,13,0.8421052631578947,1.0,0.7692307692307693,5.563227408596078,0.8141053542772304,1.0,0.7692307692307693,0.8421052631578947,0.593871234766013,0.8244859407934699,assessable,234.56667208705633,False
flow05,64,0,0.15,128.0,19,235.00000000000003,210.0,205.0,224.0,226.0,model_assisted,0.03624869199152407,model_assisted,0.03624869199152407,model_assisted,0.0,strong_evidence,0.999999999999998,True,True,235.0,51021.5703125,16176.0859375,3162.162109375,11.01951233673064,-2.842170943040401e-14,3.5275590551181097,16.0,219,253,0.0,weak_evidence,0.0,True,False,4.964177248034227,55248.6796875,4872.9736328125,11.337775217062381,14618.9208984375,100,235.0,195.0,204.9520559439747,-2.842170943040401e-14,-9.952055943974699,2.0,11.01951233673064,234,237,207,223,248,264,True,True,UPPER_SEED_TRAJECTORY_OUTLIER;Z_EDGE_EVIDENCE_WEAK,True,ok,235.00000000000003,205,10,219,252,16,234.5,234.14349400760437,235.0,False,3.961971770190801,38560.0,26975.0,9732.527699999999,14,0.8947368421052632,1.0,0.7142857142857143,6.503769257109701,0.3269952950318002,1.0,0.7142857142857143,0.8947368421052632,0.7506282095182835,0.6665788433858908,assessable,234.14349400760437,False
flow05,65,0,0.15,128.0,19,235.00000000000003,211.0,205.0,224.0,226.0,model_assisted,0.011039603548036,model_assisted,0.011039603548036,model_assisted,0.0,strong_evidence,0.999999999999998,True,True,235.0,50791.125,16076.38671875,4414.62890625,7.863568834087661,-2.842170943040401e-14,3.5275590551181097,16.0,219,253,0.0,weak_evidence,0.0,True,False,4.964177248034227,54532.75390625,3407.328857421875,16.004546725058916,10221.986572265625,119,235.0,192.0,204.79776482945354,-2.842170943040401e-14,-12.797764829453541,3.0,7.863568834087661,234,237,207,223,248,264,True,True,UPPER_SEED_TRAJECTORY_OUTLIER;Z_EDGE_EVIDENCE_WEAK,True,ok,235.00000000000003,205,10,219,252,16,235.0,234.25601093405578,235.0,False,6.122906388556018,33828.5,31706.5,5524.908899999999,9,0.631578947368421,1.0,0.9,5.187044505024936,0.6871510647593363,1.0,0.9,0.631578947368421,0.5311740841708227,0.7683571231881131,assessable,234.25601093405578,False
flow05,66,0,0.15,128.0,19,235.00000000000003,212.0,205.0,224.0,226.0,model_assisted,0.01226869220836284,model_assisted,0.01226869220836284,model_assisted,0.0,strong_evidence,0.9264226511541179,True,True,234.0,50915.609375,11175.8466796875,4764.42041015625,8.34094376109207,-1.0000000000000284,3.5275590551181097,16.0,219,253,0.0,weak_evidence,0.0,True,False,4.964177248034227,54375.81640625,3513.1025390625,15.478004357015047,10539.3076171875,117,234.0,192.0,204.6578876646065,-1.0000000000000284,-12.657887664606505,3.0,8.34094376109207,234,237,207,223,248,264,True,True,UPPER_SEED_TRAJECTORY_OUTLIER;Z_EDGE_EVIDENCE_WEAK,True,ok,235.00000000000003,205,10,219,252,16,235.0,235.02857005949178,235.0,False,6.412117239859072,35982.5,29552.5,5611.641,11,0.7368421052631579,1.0,0.9090909090909091,6.870803230618103,0.7353528733098452,1.0,0.9090909090909091,0.7368421052631579,0.8118005384363505,0.8308980571097364,assessable,235.02857005949178,False
flow05,67,0,0.15,128.0,19,235.00000000000003,211.0,205.0,224.0,226.0,model_assisted,0.03377321057766418,model_assisted,0.03377321057766418,model_assisted,0.6879129802453002,strong_evidence,0.9138036231437758,True,True,234.0,47687.234375,15789.419921875,5464.1455078125,5.837658314098388,-1.0000000000000284,3.5275590551181097,16.0,219,253,0.0,weak_evidence,0.5178621056041871,True,False,4.964177248034227,54186.34765625,4526.40673828125,11.971161848531851,13579.22021484375,86,234.0,196.0,204.5494960811107,-1.0000000000000284,-8.549496081110703,2.0,5.837658314098388,234,237,207,223,248,264,True,True,UPPER_SEED_TRAJECTORY_OUTLIER;Z_EDGE_EVIDENCE_WEAK,True,ok,235.00000000000003,205,10,219,252,16,235.0,235.49170516444875,234.0,False,7.618700072680187,34022.0,31513.0,4465.5912,15,0.6842105263157895,1.0,0.6666666666666666,5.935863622386,0.9364500121133644,1.0,0.6666666666666666,0.6842105263157895,0.6559772703976666,0.8293201435601459,assessable,235.49170516444875,False
flow05,68,0,0.15,128.0,19,235.00000000000003,211.0,204.0,223.0,225.0,model_assisted,0.00030271738137412746,model_assisted,0.00030271738137412746,model_assisted,0.0,strong_evidence,0.9533635706445059,True,True,235.0,50314.015625,13011.23828125,6840.26318359375,5.453412586992274,-2.842170943040401e-14,3.5275590551181097,16.0,219,253,0.0,weak_evidence,0.0,True,False,4.964177248034227,54357.84765625,1800.8782958984375,30.184076169973217,8153.677148437499,128,235.0,182.0,204.4891022148061,-2.842170943040401e-14,-22.48910221480611,1.0,5.453412586992274,234,237,207,223,248,264,True,True,UPPER_SEED_TRAJECTORY_OUTLIER;Z_EDGE_EVIDENCE_WEAK,True,ok,235.00000000000003,204,10,219,252,16,235.0,235.8150012952329,235.5,False,5.459610004912928,37121.0,28414.0,6799.2036,11,0.7894736842105263,1.0,0.9090909090909091,6.425576383574967,0.576601667485488,1.0,0.9090909090909091,0.7894736842105263,0.7375960639291611,0.7758094244625978,assessable,235.8150012952329,False
flow05,69,0,0.15,128.0,19,235.00000000000003,210.0,204.0,223.0,225.0,high_confidence,0.5,high_confidence,0.5,high_confidence,0.8900451087783465,strong_evidence,0.999999999999998,True,True,235.0,48342.4140625,13721.291015625,4041.19189453125,8.567057430191843,-2.842170943040401e-14,3.5275590551181097,16.0,219,253,0.0,strong_evidence,0.7921802956602603,True,True,4.964177248034227,54870.8671875,13736.126953125,3.9946389091152623,41208.380859375,24,235.0,207.0,204.48514231734111,-2.842170943040401e-14,2.514857682658885,0.0,8.567057430191843,234,237,207,223,248,264,True,True,,True,ok,235.00000000000003,204,10,219,252,16,234.5,235.59449886817129,234.5,False,5.232452694469748,38105.5,27429.5,7282.531199999999,12,0.8421052631578947,1.0,0.8333333333333334,8.710214290088597,0.538742115744958,1.0,0.8333333333333334,0.8421052631578947,1.0,0.7815421966510862,assessable,235.59449886817129,False
flow05,70,0,0.15,128.0,19,235.00000000000003,210.0,205.0,224.0,226.0,high_confidence,0.8371433673666854,high_confidence,0.8371433673666854,high_confidence,0.9536925926132847,strong_evidence,0.9264226511541179,True,True,234.0,48560.36328125,16936.875,2911.7958984375,10.860475591101524,-1.0000000000000284,3.5275590551181097,16.0,219,253,0.0,strong_evidence,0.9817652451312322,True,True,4.964177248034227,55357.875,8439.0908203125,6.559696557211609,25317.2724609375,57,234.0,204.0,204.53327980795257,-1.0000000000000284,-0.5332798079525674,0.0,10.860475591101524,234,237,207,223,248,264,True,True,,True,ok,235.00000000000003,205,10,219,252,16,235.0,235.50283799509415,236.0,False,11.960818575264266,39633.5,25901.5,3313.611,15,0.8421052631578947,1.0,0.6666666666666666,5.5037739715507925,1.0,1.0,0.6666666666666666,0.8421052631578947,0.5839623285917988,0.8680453556661973,assessable,235.50283799509415,False
flow05,71,0,0.15,128.0,19,235.00000000000003,210.0,205.0,224.0,226.0,high_confidence,0.5,high_confidence,0.5,high_confidence,0.87116187104386,strong_evidence,0.9264226511541179,True,True,234.0,50758.13671875,13652.791015625,2361.4140625,15.713189098163507,-1.0000000000000284,3.5275590551181097,16.0,219,253,0.0,strong_evidence,0.819197376721293,True,True,4.964177248034227,55490.140625,12785.7412109375,4.340001859065568,38357.2236328125,25,234.0,207.0,204.61742776224668,-1.0000000000000284,2.3825722377533225,0.0,15.713189098163507,234,237,207,223,248,264,True,True,,True,ok,235.00000000000003,205,10,219,252,16,235.0,234.1181152461115,235.0,False,5.775095248631838,38915.0,26620.0,6738.4169999999995,15,0.7894736842105263,1.0,0.6666666666666666,9.19430381659912,0.6291825414386397,1.0,0.6666666666666666,0.7894736842105263,1.0,0.7719682754684362,assessable,234.1181152461115,False
flow05,72,0,0.15,128.0,19,235.00000000000003,210.0,205.0,224.0,226.0,high_confidence,0.5,high_confidence,0.5,high_confidence,0.9067492139198697,strong_evidence,0.9264226511541179,True,True,234.0,50599.75390625,12583.890625,4731.4072265625,8.034789960125583,-1.0000000000000284,3.5275590551181097,16.0,219,253,0.0,strong_evidence,0.8874935602233274,True,True,4.964177248034227,55260.33984375,11471.2666015625,4.81728319662826,34413.7998046875,28,234.0,206.0,204.71578922293565,-1.0000000000000284,1.2842107770643452,0.0,8.034789960125583,234,237,207,223,248,264,True,True,,True,ok,235.00000000000003,205,10,219,252,16,236.0,234.75709170109448,236.0,False,6.427789057933975,39920.5,25614.5,6210.6114,11,1.0,1.0,0.9090909090909091,6.26846585536031,0.7379648429889958,1.0,0.9090909090909091,1.0,0.711410975893385,0.8612469744536689,assessable,234.75709170109448,False
flow05,73,0,0.15,128.0,19,235.00000000000003,210.0,205.0,224.0,226.0,high_confidence,0.5,high_confidence,0.5,high_confidence,0.9460909030564901,strong_evidence,0.999999999999998,True,True,235.0,50097.46875,12418.9921875,2915.91650390625,12.92165825462587,-2.842170943040401e-14,3.5275590551181097,16.0,219,253,0.0,strong_evidence,0.8950879968462468,True,True,4.964177248034227,54868.4375,5930.3701171875,9.252110140812183,17791.1103515625,78,235.0,202.0,204.80844496641072,-2.842170943040401e-14,-2.8084449664107183,0.0,12.92165825462587,234,237,207,223,248,264,True,True,,True,ok,235.00000000000003,205,10,219,252,16,234.0,233.88756635755448,235.5,False,6.761836462088782,39343.5,26191.5,5818.463699999999,13,0.7894736842105263,1.0,0.7692307692307693,6.002338948044687,0.7936394103481303,1.0,0.7692307692307693,0.7894736842105263,0.6670564913407812,0.8167466492336566,assessable,233.88756635755448,False
flow05,74,0,0.15,128.0,19,235.00000000000003,210.0,205.0,224.0,226.0,high_confidence,0.5,high_confidence,0.5,high_confidence,0.7572523891586443,strong_evidence,0.7247659222423106,True,True,235.0,49249.390625,20221.404296875,9210.22265625,3.1517138522624952,-2.842170943040401e-14,3.5275590551181097,16.0,219,253,0.0,strong_evidence,0.79119500971068,True,True,4.964177248034227,54500.7265625,14428.7470703125,3.777232097625204,43286.2412109375,24,235.0,207.0,204.88262454435005,-2.842170943040401e-14,2.117375455649949,0.0,3.1517138522624952,234,237,207,223,248,264,True,True,,True,ok,235.00000000000003,205,10,219,252,16,234.5,235.0894194261906,236.5,False,5.5768888381554,37228.0,28307.0,6675.4065,14,0.8947368421052632,1.0,0.7142857142857143,7.063833417371532,0.5961481396925666,1.0,0.7142857142857143,0.8947368421052632,0.8439722362285886,0.7701167416881896,assessable,235.0894194261906,False
flow05,75,0,0.15,128.0,19,235.00000000000003,209.0,205.0,224.0,226.0,high_confidence,0.5,high_confidence,0.5,high_confidence,0.8636284762278645,strong_evidence,0.9264226511541223,True,True,236.0,48316.875,14168.27734375,4890.93603515625,6.982016818618864,0.9999999999999716,3.5275590551181097,16.0,219,253,0.0,strong_evidence,0.80509057504422,True,True,4.964177248034227,54192.4296875,13706.1767578125,3.9538691675350237,41118.5302734375,25,236.0,207.0,204.9337798170697,0.9999999999999716,2.0662201829302944,0.0,6.982016818618864,234,237,207,223,248,264,True,True,,True,ok,235.00000000000003,205,10,219,252,16,233.0,234.46858940417977,236.0,False,7.3658303726542815,39532.5,26002.5,5367.012,17,0.6842105263157895,1.0,0.5882352941176471,5.5247910703421805,0.8943050621090469,1.0,0.5882352941176471,0.6842105263157895,0.5874651783903634,0.7920319273481005,assessable,234.46858940417977,False
flow05,76,0,0.15,128.0,19,235.00000000000003,209.0,205.0,224.0,226.0,high_confidence,0.7036050239007542,high_confidence,0.7036050239007542,high_confidence,0.9619122600251907,strong_evidence,0.9264226511541223,True,True,236.0,48230.0078125,15940.986328125,4533.0654296875,7.12299921216909,0.9999999999999716,3.5275590551181097,16.0,219,253,0.0,strong_evidence,0.9987614128757294,True,True,4.964177248034227,54133.50390625,8684.7236328125,6.233186707487566,26054.1708984375,53,236.0,205.0,204.96315427821116,0.9999999999999716,0.03684572178883627,0.0,7.12299921216909,234,237,207,223,248,264,True,True,,True,ok,235.00000000000003,205,10,219,252,16,235.5,235.22635728294546,235.0,False,5.472693302528961,38175.5,27359.5,6975.633,12,0.8947368421052632,1.0,0.8333333333333334,10.581928285741718,0.5787822170881601,1.0,0.8333333333333334,0.8947368421052632,1.0,0.8034509689633123,assessable,235.22635728294546,False
flow05,77,0,0.15,128.0,19,235.00000000000003,209.0,205.0,224.0,226.0,high_confidence,0.5,high_confidence,0.5,high_confidence,0.9103509143504861,strong_evidence,0.999999999999998,True,True,235.0,49844.35546875,10759.369140625,2679.801513671875,14.585030319865217,-2.842170943040401e-14,3.5275590551181097,16.0,219,253,4.461134273014977e-05,strong_evidence,0.8287387872587677,True,True,4.964177248034227,53965.07421875,12576.9365234375,4.290796420748761,37730.8095703125,31,235.0,207.0,204.97376536077547,-2.842170943040401e-14,2.0262346392245263,0.0,14.585030319865217,234,237,207,223,248,264,True,True,,True,ok,235.00000000000003,205,10,219,252,16,234.0,234.86709844009144,235.5,False,13.798026198829156,38612.5,26922.5,2798.4075,15,0.9473684210526315,1.0,0.6666666666666666,7.476560741168454,1.0,1.0,0.6666666666666666,0.9473684210526315,0.9127601235280757,0.9167146088440357,assessable,234.86709844009144,False
flow05,78,0,0.15,128.0,19,235.00004461134276,209.0,205.0,224.0,226.0,high_confidence,0.5,high_confidence,0.5,high_confidence,0.9049299008295666,strong_evidence,0.9999968383652418,True,True,235.0,50010.6640625,9005.896484375,4338.9990234375,9.45028273955214,-4.461134275857148e-05,3.5275590551181097,16.0,219,253,0.00016009476593126237,strong_evidence,0.8189007144803717,True,True,4.964177248034227,53695.32421875,12959.1181640625,4.143439664564126,38877.3544921875,25,235.0,207.0,204.9668113408623,-4.461134275857148e-05,2.033188659137693,0.0,9.45028273955214,234,237,207,223,248,264,True,True,,True,ok,235.00004461134276,205,10,219,252,16,235.0,234.7060645711952,235.0,False,9.480428179807946,39883.0,25652.0,4206.8775,13,0.8421052631578947,1.0,0.7692307692307693,9.601744013939317,1.0,1.0,0.7692307692307693,0.8421052631578947,1.0,0.930161943319838,assessable,234.7060645711952,False
flow05,79,0,0.15,128.0,19,235.0002047061087,209.0,205.0,224.0,226.0,high_confidence,0.8344275949969052,high_confidence,0.8344275949969052,high_confidence,0.9492281223798381,strong_evidence,0.9264069911805798,True,True,234.0,49413.93359375,13329.0830078125,3179.799072265625,11.348154322287678,-1.0002047061086898,3.5275590551181097,16.0,219,253,0.0005141076057952887,strong_evidence,0.9726114298516978,True,True,4.964177248034227,53365.05859375,9608.1630859375,5.554137467946923,28824.4892578125,41,234.0,205.0,204.93966521128084,-1.0002047061086898,0.060334788719160315,0.0,11.348154322287678,234,237,207,223,248,264,True,True,,True,ok,235.0002047061087,205,10,219,252,16,236.5,235.86671251391147,235.0,False,5.40546182904948,37129.5,28405.5,6868.8858,16,0.8421052631578947,1.0,0.625,9.718549837247057,0.5675769715082466,1.0,0.625,0.8421052631578947,1.0,0.7499677295015704,assessable,235.86671251391147,False
flow05,80,0,0.15,128.0,19,235.00071881371449,209.0,205.0,224.0,226.0,high_confidence,0.5,high_confidence,0.5,high_confidence,0.8502252743974323,strong_evidence,0.7825004044471844,True,True,234.0,45936.88671875,13253.173828125,7634.4501953125,4.281082730841911,-1.0007188137144851,3.5275590551181097,16.0,219,253,0.0014773247784205523,strong_evidence,0.9238116851005165,True,True,4.964177248034227,52994.92578125,11073.859375,4.785587750995799,33221.578125,34,234.0,205.0,204.8855899552712,-1.0007188137144851,0.11441004472879968,0.0,4.281082730841911,234,237,207,223,248,264,True,True,,True,ok,235.00071881371449,205,10,219,252,16,235.0,235.05024925120867,235.5,False,9.95667149468617,36712.5,28822.5,3687.2261999999996,15,0.7894736842105263,1.0,0.6666666666666666,7.187086771746257,1.0,1.0,0.6666666666666666,0.7894736842105263,0.8645144619577095,0.8882058321606833,assessable,235.05024925120867,False
flow05,81,0,0.15,128.0,19,235.0021961384929,208.0,205.0,224.0,226.0,model_assisted,0.0018000196958307872,model_assisted,0.0018000196958307872,model_assisted,0.0,strong_evidence,0.9998443463744794,True,True,235.0,48165.21875,14559.3046875,4954.0810546875,6.783480869918838,-0.002196138492905675,3.5275590551181097,16.0,219,253,0.00379876994031747,weak_evidence,0.0,True,False,4.964177248034227,51662.4609375,2128.685546875,24.269653642992346,7749.369140625,131,235.0,187.0,204.79558885560033,-0.002196138492905675,-17.79558885560033,1.0,6.783480869918838,234,237,207,223,248,264,True,True,UPPER_SEED_TRAJECTORY_OUTLIER;Z_EDGE_EVIDENCE_WEAK,True,ok,235.0021961384929,205,10,219,252,16,236.5,236.2217063167395,235.5,False,8.968711714443035,37158.5,28376.5,4143.1257,18,0.7894736842105263,1.0,0.5555555555555556,7.681370414786912,1.0,1.0,0.5555555555555556,0.7894736842105263,0.946895069131152,0.8742216706558054,assessable,236.2217063167395,False
flow05,82,0,0.15,128.0,19,235.00599490843322,206.0,205.0,224.0,226.0,high_confidence,0.5,high_confidence,0.5,high_confidence,0.9197825881096763,strong_evidence,0.9995750473353958,True,True,235.0,47680.3515625,15662.3759765625,3710.697998046875,8.628558724744012,-0.005994908433223145,3.5275590551181097,16.0,219,253,0.008740878047660772,strong_evidence,0.8463596721876441,True,True,4.964177248034227,42221.921875,8495.6005859375,4.969857215849886,25486.8017578125,43,235.0,202.0,204.66144921948973,-0.005994908433223145,-2.6614492194897252,0.0,8.628558724744012,234,237,207,223,248,264,True,True,,True,ok,235.00599490843322,205,10,219,252,16,235.5,235.6846046134724,236.5,False,5.406069334887655,37574.5,27960.5,6950.4288,14,0.7894736842105263,1.0,0.7142857142857143,7.672460496250139,0.5676782224812759,1.0,0.7142857142857143,0.7894736842105263,0.9454100827083565,0.7545065816280041,assessable,235.6846046134724,False
flow05,83,0,0.15,128.0,19,235.01473578648088,209.0,204.0,223.0,225.0,model_assisted,0.01602264813837186,model_assisted,0.01602264813837186,model_assisted,0.0,strong_evidence,0.7944332990516302,True,True,237.0,48999.90625,12554.53515625,6916.19775390625,5.269567526921241,1.985264213519116,3.5275590551181097,16.0,219,253,0.017997500190858773,weak_evidence,0.0,True,False,4.964177248034227,52557.40625,583.9098510742188,90.00945292036118,7883.6109375,113,237.0,194.0,204.4793457559134,1.985264213519116,-10.479345755913414,1.0,5.269567526921241,234,237,207,223,248,264,True,True,UPPER_SEED_TRAJECTORY_OUTLIER;Z_EDGE_EVIDENCE_WEAK,True,ok,235.01473578648088,204,10,219,252,16,236.0,235.75320964321907,235.5,False,6.376209278057243,41963.5,23571.5,6581.261399999999,15,0.8947368421052632,1.0,0.6666666666666666,4.8668233084208135,0.7293682130095406,1.0,0.6666666666666666,0.8947368421052632,0.47780388473680224,0.7706031226761423,assessable,235.75320964321907,False
flow05,84,0,0.15,128.0,19,235.03273328667174,208.0,204.0,223.0,225.0,model_assisted,0.06387514730705737,model_assisted,0.06387514730705737,model_assisted,0.7145681400749292,strong_evidence,0.9239151895315918,True,True,234.0,48293.5546875,16749.609375,2957.5068359375,10.66572186045375,-1.0327332866717427,3.5275590551181097,16.0,219,253,0.033159988420891295,weak_evidence,0.5526563829619604,True,False,4.964177248034227,53299.8125,3430.012451171875,15.539247527159834,10290.037353515625,110,234.0,196.0,204.2524747728517,-1.0327332866717427,-8.252474772851713,2.0,10.66572186045375,234,237,207,223,248,264,True,True,UPPER_SEED_TRAJECTORY_OUTLIER;Z_EDGE_EVIDENCE_WEAK,True,ok,235.03273328667174,204,10,219,252,16,235.5,235.62084358418608,235.5,False,4.327577281953972,39616.0,25919.0,9154.313699999999,16,0.7368421052631579,1.0,0.625,5.120051377927011,0.3879295469923287,1.0,0.625,0.7368421052631579,0.5200085629878352,0.6233025135355722,assessable,235.62084358418608,False
flow05,85,0,0.15,128.0,19,235.06589327509263,207.0,204.0,223.0,225.0,model_assisted,0.070518575186823,model_assisted,0.070518575186823,model_assisted,0.7936716512709535,strong_evidence,0.8574200360710845,True,True,234.0,45782.453125,14448.849609375,6030.28955078125,5.196036318283522,-1.065893275092634,3.5275590551181097,16.0,219,253,0.054671578245631736,weak_evidence,0.7346628997819906,True,False,4.964177248034227,51044.296875,6291.0146484375,8.11384168175127,18873.0439453125,70,234.0,198.0,203.99157036447798,-1.065893275092634,-5.99157036447798,1.0,5.196036318283522,234,237,207,223,248,264,True,True,UPPER_SEED_TRAJECTORY_OUTLIER;Z_EDGE_EVIDENCE_WEAK,True,ok,235.06589327509263,204,10,219,252,16,235.5,236.66270338595595,236.0,False,3.863893477796779,36454.0,29081.0,9434.525099999999,10,0.5263157894736842,1.0,1.0,4.473572956704489,0.31064891296612984,1.0,1.0,0.5263157894736842,0.4122621594507481,0.628900703904273,assessable,236.66270338595595,False
flow05,86,0,0.15,128.0,19,235.12056485333827,206.0,204.0,223.0,225.0,high_confidence,0.5,high_confidence,0.5,high_confidence,0.8705221286134597,strong_evidence,0.991418684770065,True,True,235.0,50165.36328125,13884.20703125,4231.54931640625,8.573965121789644,-0.12056485333826572,3.5275590551181097,16.0,219,253,0.08065919989877557,strong_evidence,0.7643680596774951,True,True,4.964177248034227,44938.7890625,12907.63671875,3.481565993968566,38722.91015625,27,235.0,206.0,203.71284410173487,-0.12056485333826572,2.2871558982651266,0.0,8.573965121789644,234,237,207,223,248,264,True,True,,True,ok,235.12056485333827,204,10,219,252,16,234.5,235.48826392183528,236.0,False,4.619568631455005,39159.0,26376.0,8476.7655,14,0.8421052631578947,1.0,0.7142857142857143,5.868064554798078,0.43659477190916746,1.0,0.7142857142857143,0.8421052631578947,0.6446774257996797,0.6864488450790037,assessable,235.48826392183528,False
flow05,87,0,0.15,128.0,19,235.20122405323704,205.0,203.0,222.0,224.0,model_assisted,0.0,model_assisted,0.0,model_assisted,0.0,strong_evidence,0.9856359810279767,True,True,235.0,50656.04296875,13827.736328125,5332.8759765625,6.905899706365201,-0.2012240532370413,3.5275590551181097,16.0,219,253,0.10648569402727048,unavailable,0.0,False,False,4.964177248034227,35564.4375,12960.953125,2.743967758929766,38882.859375,0,235.0,,203.43424143810762,-0.2012240532370413,,1.0,6.905899706365201,234,237,207,223,248,264,True,True,NO_VALID_UPPER_COMPONENT;LOW_PEAK_SNR;Z_EDGE_EVIDENCE_UNAVAILABLE,True,ok,235.20122405323704,203,10,219,252,16,236.0,235.7888020746444,235.0,False,7.872235631799376,40062.0,25473.0,5089.0244999999995,15,0.7894736842105263,1.0,0.6666666666666666,4.302351099439921,0.9787059386332294,1.0,0.6666666666666666,0.7894736842105263,0.38372518323998683,0.8326739828105413,assessable,235.7888020746444,False
flow05,88,0,0.15,128.0,19,235.3077097472643,205.0,203.0,222.0,224.0,model_assisted,0.004420329449557931,model_assisted,0.004420329449557931,model_assisted,0.0,strong_evidence,0.9779493293283357,True,True,235.0,49423.921875,15045.380859375,4949.765625,6.945488659500923,-0.3077097472643118,3.5275590551181097,16.0,219,253,0.12579798346030202,weak_evidence,0.0,True,False,4.964177248034227,34368.05078125,3446.738037109375,9.971181566810614,10340.214111328125,110,235.0,188.0,203.17114487494212,-0.3077097472643118,-15.171144874942115,2.0,6.945488659500923,234,237,207,223,248,264,True,True,UPPER_SEED_TRAJECTORY_OUTLIER;Z_EDGE_EVIDENCE_WEAK,True,ok,235.3077097472643,203,10,219,252,16,235.5,235.2698568427121,235.5,False,3.985133567424837,34493.0,31042.0,8655.4188,10,0.5263157894736842,1.0,1.0,8.589492850767053,0.3308555945708062,1.0,1.0,0.5263157894736842,1.0,0.6947468265208349,assessable,235.2698568427121,False
flow05,89,0,0.15,128.0,19,235.4335077307246,204.0,203.0,222.0,224.0,model_assisted,0.0,model_assisted,0.0,model_assisted,0.0,strong_evidence,0.9590123976241933,True,True,236.0,49007.625,12397.91015625,2572.976318359375,14.228547143058709,0.5664922692753862,3.5275590551181097,16.0,219,253,0.1329845385507724,unavailable,0.0,False,False,4.964177248034227,25722.427734375,9251.888671875,2.7802353277951903,27755.666015625,0,236.0,,202.9329061619396,0.5664922692753862,,1.0,14.228547143058709,234,237,207,223,248,264,True,True,NO_VALID_UPPER_COMPONENT;LOW_PEAK_SNR;Z_EDGE_EVIDENCE_UNAVAILABLE,True,ok,235.4335077307246,203,10,219,252,16,234.0,234.61568562413643,236.5,False,9.306750069734731,36544.5,28990.5,3926.6661,15,0.6842105263157895,1.0,0.6666666666666666,6.315617993140459,1.0,1.0,0.6666666666666666,0.6842105263157895,0.7192696655234099,0.8578918788330427,assessable,234.61568562413643,False
flow05,90,0,0.15,128.0,19,235.5664922692754,206.0,203.0,222.0,224.0,high_confidence,0.5,high_confidence,0.5,high_confidence,0.8700570639729709,strong_evidence,0.8820225095587598,True,True,234.0,48530.078125,15489.177734375,4159.35009765625,7.943765159187538,-1.5664922692753862,3.5275590551181097,16.0,219,253,0.1329845385507724,strong_evidence,0.8582539406482521,True,True,4.964177248034227,41570.3046875,8443.9365234375,4.923095356308631,25331.8095703125,45,234.0,205.0,202.72122736422054,-1.5664922692753862,2.278772635779461,0.0,7.943765159187538,235,238,208,224,249,265,True,True,,True,ok,235.5664922692754,203,10,220,253,16,236.0,235.56121908393723,235.0,False,8.646102418856081,37405.0,28130.0,4326.2267999999995,15,0.5789473684210527,1.0,0.6666666666666666,11.016701111610459,1.0,1.0,0.6666666666666666,0.5789473684210527,1.0,0.8701754385964913,assessable,235.56121908393723,False
flow05,91,0,0.15,128.0,19,235.6922902527357,205.0,203.0,222.0,224.0,model_assisted,0.0,model_assisted,0.0,model_assisted,0.0,strong_evidence,0.902576212463618,True,True,237.0,48591.484375,11856.357421875,3647.149658203125,10.072283946588481,1.3077097472643118,3.5275590551181097,16.0,219,253,0.12579798346030202,unavailable,0.0,False,False,4.964177248034227,34472.28515625,11663.94140625,2.9554576755485407,34991.82421875,0,237.0,,202.53105347029359,1.3077097472643118,,1.0,10.072283946588481,235,238,208,224,249,265,True,True,NO_VALID_UPPER_COMPONENT;LOW_PEAK_SNR;Z_EDGE_EVIDENCE_UNAVAILABLE,True,ok,235.6922902527357,203,10,220,253,16,236.0,236.68947863419396,236.0,False,12.726652153486187,39397.5,26137.5,3095.6688,13,0.8421052631578947,1.0,0.7692307692307693,10.128623188243445,1.0,1.0,0.7692307692307693,0.8421052631578947,1.0,0.930161943319838,assessable,236.68947863419396,False
flow05,92,0,0.15,128.0,19,235.79877594676293,207.0,202.0,221.0,223.0,high_confidence,0.5,high_confidence,0.5,high_confidence,0.824962638726767,strong_evidence,0.8432730499550511,True,True,236.0,48411.8125,16688.625,7223.07666015625,4.391921751985637,0.2012240532370697,3.5275590551181097,16.0,219,253,0.10648569402724206,strong_evidence,0.8070498106530337,True,True,4.964177248034227,51433.7421875,11961.30859375,4.300009633927099,35883.92578125,34,236.0,205.0,202.35380383200683,0.2012240532370697,2.6461961679931676,0.0,4.391921751985637,235,238,208,224,249,265,True,True,,True,ok,235.79877594676293,202,10,220,253,16,236.0,236.07228779429613,237.0,False,11.61114395763081,40334.0,25201.0,3473.7318,15,0.7368421052631579,1.0,0.6666666666666666,10.929929406470784,1.0,1.0,0.6666666666666666,0.7368421052631579,1.0,0.893859649122807,assessable,236.07228779429613,False
flow05,93,0,0.15,128.0,19,235.87943514666173,208.0,202.0,221.0,223.0,model_assisted,0.00017778037010111717,model_assisted,0.00017778037010111717,model_assisted,0.0,strong_evidence,0.991418684770065,True,True,236.0,49116.67578125,13545.1845703125,4526.78759765625,7.85799873388243,0.12056485333826572,3.5275590551181097,16.0,219,253,0.08065919989880399,weak_evidence,0.0,True,False,4.964177248034227,56796.22265625,2409.82861328125,23.568573442621556,8519.433398437499,135,236.0,177.0,202.1817255371331,0.12056485333826572,-25.181725537133104,1.0,7.85799873388243,235,238,208,224,249,265,True,True,UPPER_SEED_TRAJECTORY_OUTLIER;Z_EDGE_EVIDENCE_WEAK,True,ok,235.87943514666173,202,10,220,253,16,236.0,236.63496179695284,236.0,False,9.133206659455382,36425.0,29110.0,3988.194,15,0.7368421052631579,1.0,0.6666666666666666,9.137638031030317,1.0,1.0,0.6666666666666666,0.7368421052631579,1.0,0.893859649122807,assessable,236.63496179695284,False
flow05,94,0,0.15,128.0,19,235.9341067249074,208.0,202.0,221.0,223.0,model_assisted,0.0001210052172350395,model_assisted,0.0001210052172350395,model_assisted,0.0,strong_evidence,0.931449790371436,True,True,235.0,48331.64453125,7207.2744140625,4178.25390625,9.842477513315314,-0.9341067249073944,3.5275590551181097,16.0,219,253,0.05467157824566016,weak_evidence,0.0,True,False,4.964177248034227,58901.9921875,315.7852783203125,186.52545331056746,8835.298828125,135,235.0,175.0,202.01139778551845,-0.9341067249073944,-27.011397785518454,2.0,9.842477513315314,235,238,208,224,249,265,True,True,UPPER_SEED_TRAJECTORY_OUTLIER;Z_EDGE_EVIDENCE_WEAK,True,ok,235.9341067249074,202,10,220,253,16,235.5,235.79502281733537,236.0,False,6.6641321044298225,43231.0,22304.0,6487.1163,16,0.6842105263157895,1.0,0.625,7.844989739227469,0.7773553507383038,1.0,0.625,0.6842105263157895,0.9741649565379115,0.7971224473595658,assessable,235.79502281733537,False
flow05,95,0,0.15,128.0,19,235.96731132467104,208.0,202.0,221.0,223.0,model_assisted,0.00011347311100436153,model_assisted,0.00011347311100436153,model_assisted,0.0,strong_evidence,0.9976806463670091,True,True,236.0,47251.27734375,15429.021484375,3644.607177734375,8.731326671851892,0.032688675328955696,3.5275590551181097,16.0,219,253,0.03320459976364987,weak_evidence,0.0,True,False,4.964177248034227,60085.51171875,963.0243530273438,62.39251533968628,9012.8267578125,135,236.0,175.0,201.84483066659612,0.032688675328955696,-26.844830666596124,3.0,8.731326671851892,235,238,208,224,249,265,True,True,UPPER_SEED_TRAJECTORY_OUTLIER;Z_EDGE_EVIDENCE_WEAK,True,ok,235.96731132467104,202,10,220,253,16,236.0,236.02769002777887,235.0,False,6.556772818999556,36838.0,28697.0,5618.3126999999995,15,0.7368421052631579,1.0,0.6666666666666666,7.2551195681830745,0.759462136499926,1.0,0.6666666666666666,0.7368421052631579,0.8758532613638458,0.7972567230341657,assessable,236.02769002777887,False
flow05,96,0,0.15,128.0,19,235.98546891962778,208.0,202.0,221.0,223.0,model_assisted,9.811631402873408e-05,model_assisted,9.811631402873408e-05,model_assisted,0.0,strong_evidence,0.9989696437324943,True,True,236.0,49389.66796875,13020.1875,3198.291748046875,11.371533097616885,0.014531080372222505,3.5275590551181097,16.0,219,253,0.018157594956733192,weak_evidence,0.0,True,False,4.964177248034227,60329.6875,875.9653930664062,68.8722271193954,9049.453125,137,236.0,174.0,201.6880707156965,0.014531080372222505,-27.68807071569651,2.0,11.371533097616885,235,238,208,224,249,265,True,True,UPPER_SEED_TRAJECTORY_OUTLIER;Z_EDGE_EVIDENCE_WEAK,True,ok,235.98546891962778,202,10,220,253,16,236.5,235.6788383484287,236.5,False,7.846107031936326,40167.5,25367.5,5119.4178,12,0.8421052631578947,1.0,0.8333333333333334,8.836585091446128,0.9743511719893877,1.0,0.8333333333333334,0.8421052631578947,1.0,0.9340053663366364,assessable,235.6788383484287,False
flow05,97,0,0.15,128.0,19,235.9947239052813,208.0,202.0,221.0,223.0,model_assisted,0.00010058850153669353,model_assisted,0.00010058850153669353,model_assisted,0.0,strong_evidence,0.9268261799764922,True,True,235.0,49422.3515625,8756.857421875,4155.33251953125,9.78633934817143,-0.9947239052812904,3.5275590551181097,16.0,219,253,0.009254985653512904,weak_evidence,0.0,True,False,4.964177248034227,59787.06640625,329.302978515625,181.5564094674995,8968.0599609375,138,235.0,174.0,201.54862494553737,-0.9947239052812904,-27.54862494553737,1.0,9.78633934817143,235,238,208,224,249,265,True,True,UPPER_SEED_TRAJECTORY_OUTLIER;Z_EDGE_EVIDENCE_WEAK,True,ok,235.9947239052813,202,10,220,253,16,235.5,235.1837518554398,235.5,False,11.1163973638927,42233.0,23302.0,3799.1625,12,0.9473684210526315,1.0,0.8333333333333334,8.090062165438692,1.0,1.0,0.8333333333333334,0.9473684210526315,1.0,0.9587719298245615,assessable,235.1837518554398,False
flow05,98,0,0.15,128.0,19,236.0,208.0,201.0,220.0,222.0,high_confidence,0.6201627371960913,high_confidence,0.6201627371960913,high_confidence,0.9743492263209304,strong_evidence,1.0,True,True,236.0,49461.90625,10613.083984375,2525.5576171875,15.382275185979582,0.0,3.5275590551181097,16.0,220,253,0.005276094718709601,strong_evidence,0.9493564148321956,True,True,4.964177248034227,58747.390625,6480.79931640625,9.064837183938101,19442.39794921875,90,236.0,200.0,201.43332006810843,0.0,-1.4333200681084293,0.0,15.382275185979582,235,238,208,224,249,265,True,True,,True,ok,236.0,201,10,220,253,16,235.0,235.5471262732734,236.0,False,8.334017298941056,42220.5,23314.5,5066.044199999999,13,1.0,1.0,0.7692307692307693,10.103457054616792,1.0,1.0,0.7692307692307693,1.0,1.0,0.9538461538461539,assessable,235.5471262732734,False
flow05,99,0,0.15,128.0,19,236.0052760947187,208.0,201.0,220.0,222.0,model_assisted,6.243393260019934e-05,model_assisted,6.243393260019934e-05,model_assisted,0.0,strong_evidence,0.9726683078968132,True,True,236.0,51090.06640625,12033.314453125,6875.28076171875,5.680750111412354,-0.005276094718709601,3.5275590551181097,16.0,220,254,0.009254985653512904,weak_evidence,0.0,True,False,4.964177248034227,57499.73046875,2110.9609375,27.238652050495368,8624.9595703125,138,236.0,174.0,201.34769949482438,-0.005276094718709601,-27.347699494824383,1.0,5.680750111412354,235,238,208,224,249,265,True,True,UPPER_SEED_TRAJECTORY_OUTLIER;Z_EDGE_EVIDENCE_WEAK,True,ok,236.0052760947187,201,10,220,253,16,233.5,234.31389480717937,234.5,False,9.090516745340883,42569.0,22966.0,4682.7921,14,0.8947368421052632,1.0,0.7142857142857143,9.852275931763305,1.0,1.0,0.7142857142857143,0.8947368421052632,1.0,0.9270676691729324,assessable,234.31389480717937,False
flow05,100,0,0.15,128.0,19,236.01453108037222,208.0,201.0,220.0,222.0,high_confidence,0.5,high_confidence,0.5,high_confidence,0.9415488200307461,strong_evidence,0.9989696437324943,True,True,236.0,48125.3671875,14558.3447265625,4374.80126953125,7.672810807365915,-0.014531080372222505,3.5275590551181097,16.0,220,254,0.018157594956761614,strong_evidence,0.8874285480677555,True,True,4.964177248034227,56230.48828125,11108.85546875,5.0617715244770585,33326.56640625,34,236.0,203.0,201.29646118850417,-0.014531080372222505,1.7035388114958323,0.0,7.672810807365915,235,238,208,224,249,265,True,True,,True,ok,236.01453108037222,201,10,220,253,16,235.0,235.11887890152846,235.5,False,11.370534564585556,38571.0,26964.0,3392.1888,13,0.8947368421052632,1.0,0.7692307692307693,9.722366673731342,1.0,1.0,0.7692307692307693,0.8947368421052632,1.0,0.9380566801619433,assessable,235.11887890152846,False
flow05,101,0,0.15,128.0,19,236.03268867532898,208.0,201.0,220.0,222.0,model_assisted,0.00011226245354254863,model_assisted,0.00011226245354254863,model_assisted,0.0,strong_evidence,0.9289199408109072,True,True,237.0,49986.91796875,10884.9609375,1424.074951171875,27.45779426783183,0.9673113246710159,3.5275590551181097,16.0,220,254,0.03320459976364987,weak_evidence,0.0,True,False,4.964177248034227,55078.1484375,2973.990966796875,18.519944765273344,8921.972900390625,138,237.0,174.0,201.28401327838816,0.9673113246710159,-27.28401327838816,1.0,27.45779426783183,235,238,208,224,249,265,True,True,UPPER_SEED_TRAJECTORY_OUTLIER;Z_EDGE_EVIDENCE_WEAK,True,ok,236.03268867532898,201,10,220,253,16,234.0,234.54272517577004,236.0,False,10.3542166021218,42622.5,22912.5,4116.4389,13,0.7894736842105263,1.0,0.7692307692307693,10.080143207774164,1.0,1.0,0.7692307692307693,0.7894736842105263,1.0,0.9222672064777329,assessable,234.54272517577004,False
flow05,102,0,0.15,128.0,19,236.06589327509263,207.0,201.0,220.0,222.0,high_confidence,0.5,high_confidence,0.5,high_confidence,0.8624044856575942,strong_evidence,0.9314497903714382,True,True,237.0,49794.890625,16074.78515625,4899.0458984375,6.8829943968283045,0.934106724907366,3.5275590551181097,16.0,220,254,0.054671578245631736,strong_evidence,0.7984772819431896,True,True,4.964177248034227,53776.18359375,12842.7099609375,4.187292538515322,38528.1298828125,31,237.0,204.0,201.3140523058608,0.934106724907366,2.6859476941392018,0.0,6.8829943968283045,235,238,208,224,249,265,True,True,,True,ok,236.06589327509263,201,10,220,253,16,235.0,235.42147050047174,236.0,False,8.78975185096277,39688.0,25847.0,4515.2582999999995,13,0.7894736842105263,1.0,0.7692307692307693,9.930072500689967,1.0,1.0,0.7692307692307693,0.7894736842105263,1.0,0.9222672064777329,assessable,235.42147050047174,False
flow05,103,0,0.15,128.0,19,236.12056485333827,207.0,201.0,220.0,222.0,high_confidence,0.8155042506535634,high_confidence,0.8155042506535634,high_confidence,0.9570643985127656,strong_evidence,0.9356002993053298,True,True,237.0,49304.484375,10327.306640625,2216.286376953125,17.5867063659704,0.8794351466617343,3.5275590551181097,16.0,220,254,0.08065919989877557,strong_evidence,0.9790209169243516,True,True,4.964177248034227,53514.1875,7614.86376953125,7.027596175012621,22844.59130859375,69,237.0,202.0,201.38815406618033,0.8794351466617343,0.6118459338196658,0.0,17.5867063659704,235,238,208,224,249,265,True,True,,True,ok,236.12056485333827,201,10,220,253,16,234.5,235.7869324814155,236.0,False,9.505928399258135,39722.5,25812.5,4178.7081,14,0.7368421052631579,1.0,0.7142857142857143,7.433067444130066,1.0,1.0,0.7142857142857143,0.7368421052631579,0.9055112406883444,0.8939345827154511,assessable,235.7869324814155,False
flow05,104,0,0.15,128.0,19,236.20122405323704,207.0,202.0,221.0,223.0,model_assisted,0.0002835673052880521,model_assisted,0.0002835673052880521,model_assisted,0.0,strong_evidence,0.9416903108105374,True,True,237.0,49947.8359375,13788.220703125,2676.528076171875,13.509895732568802,0.7987759467629587,3.5275590551181097,16.0,220,254,0.10648569402724206,weak_evidence,0.0,True,False,4.964177248034227,53417.35546875,3983.86474609375,13.408425956510362,11951.59423828125,121,237.0,177.0,201.50418316364977,0.7987759467629587,-24.50418316364977,1.0,13.509895732568802,235,238,208,224,249,265,True,True,UPPER_SEED_TRAJECTORY_OUTLIER;Z_EDGE_EVIDENCE_WEAK,True,ok,236.20122405323704,202,10,220,253,16,236.0,235.4317648944251,235.5,False,6.076383037297363,39211.0,26324.0,6453.0165,13,0.8421052631578947,1.0,0.7692307692307693,9.56919669651546,0.6793971728828939,1.0,0.7692307692307693,0.8421052631578947,1.0,0.8179509538288509,assessable,235.4317648944251,False
flow05,105,0,0.15,128.0,19,236.30770974726428,207.0,202.0,221.0,223.0,high_confidence,0.5,high_confidence,0.5,high_confidence,0.8753649255294388,strong_evidence,0.8929998584146059,True,True,237.0,51231.82421875,13404.1015625,7130.20556640625,5.305277990086875,0.6922902527357166,3.5275590551181097,16.0,220,254,0.12579798346033044,strong_evidence,0.858078246739649,True,True,4.964177248034227,53177.5390625,5460.24365234375,9.739041414328483,16380.73095703125,85,237.0,198.0,201.65560488484775,0.6922902527357166,-3.6556048848477474,0.0,5.305277990086875,235,238,208,224,249,265,True,True,,True,ok,236.30770974726428,202,10,220,253,16,235.0,235.6493306117615,235.5,False,9.632464993772786,36859.5,28675.5,3826.5906,17,0.8421052631578947,1.0,0.5882352941176471,6.133865648317146,1.0,1.0,0.5882352941176471,0.8421052631578947,0.6889776080528577,0.8628606091024994,assessable,235.6493306117615,False
flow05,106,0,0.15,128.0,19,236.4335077307246,210.0,202.0,221.0,223.0,high_confidence,0.5,high_confidence,0.5,high_confidence,0.8461114173145875,strong_evidence,0.9590123976241933,True,True,237.0,49571.09765625,13549.3701171875,3039.416015625,11.851529160168386,0.5664922692753862,3.5275590551181097,16.0,220,254,0.13298453855080083,strong_evidence,0.7465018515752706,True,True,4.964177248034227,52332.6796875,14276.6904296875,3.6656030293041453,42830.0712890625,25,237.0,205.0,201.83209795918026,0.5664922692753862,3.1679020408197403,0.0,11.851529160168386,235,238,208,224,249,265,True,True,,True,ok,236.4335077307246,202,10,220,253,16,237.0,237.40690320226574,236.5,False,6.1913482593369285,39985.0,25550.0,6458.205599999999,15,0.9473684210526315,1.0,0.6666666666666666,7.197314153142507,0.6985580432228214,1.0,0.6666666666666666,0.9473684210526315,0.8662190255237512,0.8065558141715907,assessable,237.40690320226574,False
flow05,107,0,0.15,128.0,19,236.56649226927541,210.0,202.0,221.0,223.0,model_assisted,0.010402492640145006,model_assisted,0.010402492640145006,model_assisted,0.0,strong_evidence,0.9590123976241912,True,True,236.0,49216.34375,14416.1416015625,4359.8046875,7.98205530816855,-0.5664922692754146,3.5275590551181097,16.0,220,254,0.13298453855080083,weak_evidence,0.0,True,False,4.964177248034227,53398.41015625,4701.56201171875,11.357589248669537,14104.68603515625,105,236.0,189.0,202.02096200200734,-0.5664922692754146,-13.020962002007337,1.0,7.98205530816855,236,239,209,225,250,266,True,True,UPPER_SEED_TRAJECTORY_OUTLIER;Z_EDGE_EVIDENCE_WEAK,True,ok,236.56649226927541,202,10,221,254,16,237.0,237.52189551878385,236.0,False,4.762163312512229,37942.5,27592.5,7967.492399999999,13,0.7894736842105263,1.0,0.7692307692307693,7.97474134720513,0.46036055208537147,1.0,0.7692307692307693,0.7894736842105263,0.9957902245341884,0.7329724221610318,assessable,237.52189551878385,False
flow05,108,0,0.15,128.0,19,236.69229025273572,210.0,202.0,221.0,223.0,high_confidence,0.5,high_confidence,0.5,high_confidence,0.8995101368658098,strong_evidence,0.9496704890843366,True,True,236.0,49546.625,13840.83984375,4157.34912109375,8.588594346114531,-0.6922902527357166,3.5275590551181097,16.0,220,254,0.12579798346030202,strong_evidence,0.8519991887970453,True,True,4.964177248034227,54374.734375,12008.7119140625,4.5279406121255885,36026.1357421875,33,236.0,204.0,202.2082901163941,-0.6922902527357166,1.791709883605904,0.0,8.588594346114531,236,239,209,225,250,266,True,True,,True,ok,236.69229025273572,202,10,221,254,16,237.5,237.53534595580618,237.0,False,9.758134435073332,37622.5,27912.5,3855.5013,14,0.8421052631578947,1.0,0.7142857142857143,4.115373646617345,1.0,1.0,0.7142857142857143,0.8421052631578947,0.35256227443622423,0.8544291597744496,assessable,237.53534595580618,False
flow05,109,0,0.15,128.0,19,236.79877594676296,210.0,202.0,221.0,223.0,high_confidence,0.5,high_confidence,0.5,high_confidence,0.9030450899055992,strong_evidence,0.8571891353732831,True,True,236.0,49665.33984375,14334.5478515625,7106.6513671875,4.971510514124161,-0.7987759467629587,3.5275590551181097,16.0,220,254,0.10648569402724206,strong_evidence,0.951354141985814,True,True,4.964177248034227,54986.65625,7300.99267578125,7.53139452288467,21902.97802734375,52,236.0,201.0,202.37957893177662,-0.7987759467629587,-1.3795789317766207,0.0,4.971510514124161,236,239,209,225,250,266,True,True,,True,ok,236.79877594676296,202,10,221,254,16,236.5,237.07944206474798,236.0,False,3.468583980722462,31842.5,33692.5,9180.259199999999,10,0.8947368421052632,1.0,1.0,10.077617708581926,0.24476399678707703,1.0,1.0,0.8947368421052632,1.0,0.7198779251912665,assessable,237.07944206474798,False
flow05,110,0,0.15,128.0,19,236.87943514666176,209.0,203.0,222.0,224.0,high_confidence,0.6309015510698964,high_confidence,0.6309015510698964,high_confidence,0.9586249148663631,strong_evidence,0.9356002993053277,True,True,236.0,50774.31640625,14916.4716796875,4778.5625,7.50389782001648,-0.8794351466617627,3.5275590551181097,16.0,220,254,0.08065919989880399,strong_evidence,0.9822161537195535,True,True,4.964177248034227,55548.75,8186.38720703125,6.78550239503568,24559.16162109375,50,236.0,202.0,202.52032885295938,-0.8794351466617627,-0.5203288529593806,0.0,7.50389782001648,236,239,209,225,250,266,True,True,,True,ok,236.87943514666176,203,10,221,254,16,237.5,237.04113545149482,236.5,False,10.397100982090517,38375.0,27160.0,3690.9327,14,0.9473684210526315,1.0,0.7142857142857143,3.8352717603039466,1.0,1.0,0.7142857142857143,0.9473684210526315,0.3058786267173244,0.8655502686867701,assessable,237.04113545149482,False
flow05,111,0,0.15,128.0,19,236.93415133625018,207.0,203.0,222.0,224.0,model_assisted,2.0318919969454634e-05,model_assisted,2.0318919969454634e-05,model_assisted,0.0,strong_evidence,0.8916411662003851,True,True,236.0,46745.5859375,15761.8125,5635.31982421875,5.498139307789052,-0.9341513362501814,3.5275590551181097,16.0,220,254,0.05471618958841873,weak_evidence,0.0,True,False,4.964177248034227,55565.6796875,2066.061767578125,26.89449103578113,8334.851953125,122,236.0,172.0,202.61734816632037,-0.9341513362501814,-30.61734816632037,1.0,5.498139307789052,236,239,209,225,250,266,True,True,UPPER_SEED_TRAJECTORY_OUTLIER;Z_EDGE_EVIDENCE_WEAK,True,ok,236.93415133625018,203,10,221,254,16,236.0,237.05033581350224,236.0,False,4.201959539885431,33504.0,32031.0,7973.422799999999,9,0.7894736842105263,1.0,0.9,9.519671757511858,0.3669932566475718,1.0,0.9,0.7894736842105263,1.0,0.7268686924582292,assessable,237.05033581350224,False
flow05,112,0,0.15,128.0,19,236.96747141943695,207.0,203.0,222.0,224.0,model_assisted,0.009848550710357435,model_assisted,0.009848550710357435,model_assisted,0.0,strong_evidence,0.9289077265436467,True,True,236.0,50881.6171875,12023.5703125,5796.6826171875,6.703497403805349,-0.9674714194369471,3.5275590551181097,16.0,220,254,0.033320083186765714,weak_evidence,0.0,True,False,4.964177248034227,55923.765625,3491.1943359375,16.018519808345943,10473.5830078125,103,236.0,190.0,202.66142580521188,-0.9674714194369471,-12.661425805211877,1.0,6.703497403805349,236,239,209,225,250,266,True,True,UPPER_SEED_TRAJECTORY_OUTLIER;Z_EDGE_EVIDENCE_WEAK,True,ok,236.96747141943695,203,10,221,254,16,236.5,236.76017141998008,236.0,False,8.6422425329332,37683.0,27852.0,4360.326599999999,16,0.7894736842105263,1.0,0.625,4.117590738794228,1.0,1.0,0.625,0.7894736842105263,0.35293178979903805,0.8287142316114828,assessable,236.76017141998008,False
flow05,113,0,0.15,128.0,19,236.9859830272336,207.0,203.0,222.0,224.0,high_confidence,0.5,high_confidence,0.5,high_confidence,0.8799748186856928,strong_evidence,0.9253497435204345,True,True,238.0,47412.78515625,16790.650390625,3203.18408203125,9.559904763951762,1.0140169727663988,3.5275590551181097,16.0,220,254,0.01851160779665406,strong_evidence,0.8368248729123011,True,True,4.964177248034227,55890.54296875,13734.9609375,4.069217467969228,41204.8828125,23,238.0,204.0,202.65034324648005,1.0140169727663988,1.3496567535199517,0.0,9.559904763951762,236,239,209,225,250,266,True,True,,True,ok,236.9859830272336,203,10,221,254,16,237.0,237.1778729674262,237.5,False,4.033221937703026,37767.5,27767.5,9364.1016,13,0.7894736842105263,1.0,0.7692307692307693,6.654518692786486,0.3388703229505043,1.0,0.7692307692307693,0.7894736842105263,0.7757531154644144,0.6684471310568508,assessable,237.1778729674262,False
flow05,114,0,0.15,128.0,19,236.9962012300597,207.0,203.0,222.0,224.0,high_confidence,0.5,high_confidence,0.5,high_confidence,0.9016067344605841,strong_evidence,0.9997307428895806,True,True,237.0,49309.80078125,9713.0966796875,3570.137939453125,11.091085211017907,0.0037987699402890485,3.5275590551181097,16.0,220,254,0.010218202826109746,strong_evidence,0.8131136402538957,True,True,4.964177248034227,55663.86328125,5387.0517578125,10.33289928958344,16161.1552734375,90,237.0,198.0,202.5909389638573,0.0037987699402890485,-4.5909389638572975,0.0,11.091085211017907,236,239,209,225,250,266,True,True,,True,ok,236.9962012300597,203,10,221,254,16,237.0,236.72341212257817,237.0,False,4.666794852639773,42064.0,23471.0,9013.466699999999,13,1.0,1.0,0.7692307692307693,3.9983426855107913,0.44446580877329556,1.0,0.7692307692307693,1.0,0.33305711425179857,0.6927148983419873,assessable,236.72341212257817,False
flow05,115,0,0.15,128.0,19,237.00379876994032,207.0,202.0,221.0,223.0,high_confidence,0.5,high_confidence,0.5,high_confidence,0.9096337289136613,strong_evidence,0.9997307428895786,True,True,237.0,49691.08984375,9642.4794921875,4877.36962890625,8.211108322447032,-0.00379876994031747,3.5275590551181097,16.0,221,255,0.010218202826081324,strong_evidence,0.8276563731408262,True,True,4.964177248034227,55447.4140625,13835.0380859375,4.00775290375666,41505.1142578125,23,237.0,204.0,202.49873835492352,-0.00379876994031747,1.5012616450764824,0.0,8.211108322447032,236,239,209,225,250,266,True,True,,True,ok,237.00379876994032,202,10,221,254,16,237.0,236.4661476568446,236.5,False,3.9634634333185566,36700.0,28835.0,9259.5783,13,0.7894736842105263,1.0,0.7692307692307693,5.003471166391662,0.32724390555309274,1.0,0.7692307692307693,0.7894736842105263,0.5005785277319436,0.6368604261945097,assessable,236.4661476568446,False
flow05,116,0,0.15,128.0,19,237.0140169727664,207.0,202.0,221.0,223.0,high_confidence,0.5,high_confidence,0.5,high_confidence,0.9190729575618394,strong_evidence,0.9990061157279797,True,True,237.0,48954.19140625,13128.9013671875,3063.030517578125,11.696027784727661,-0.014016972766398794,3.5275590551181097,16.0,221,255,0.018511607796710905,strong_evidence,0.8455354657222832,True,True,4.964177248034227,55328.66796875,12787.91015625,4.3266387777762505,38363.73046875,24,237.0,204.0,202.39452053025934,-0.014016972766398794,1.6054794697406578,0.0,11.696027784727661,236,239,209,225,250,266,True,True,,True,ok,237.0140169727664,202,10,221,254,16,235.0,235.79162445544029,237.0,False,5.34014748014355,34753.0,30782.0,6507.8727,13,0.6842105263157895,1.0,0.7692307692307693,5.079571419112497,0.5566912466905917,1.0,0.7692307692307693,0.6842105263157895,0.5132619031854162,0.7026458594537709,assessable,235.79162445544029,False
flow05,117,0,0.15,128.0,19,237.0325285805631,207.0,202.0,221.0,223.0,high_confidence,0.5,high_confidence,0.5,high_confidence,0.8464411315669734,strong_evidence,0.9239308917393999,True,True,236.0,49569.08984375,16899.36328125,4189.23193359375,7.798500317091333,-1.0325285805631097,3.5275590551181097,16.0,221,255,0.03332008318673729,strong_evidence,0.7754504104301134,True,True,4.964177248034227,55263.99609375,5679.59130859375,9.730276896883485,17038.77392578125,78,236.0,197.0,202.29879823821284,-1.0325285805631097,-5.298798238212839,0.0,7.798500317091333,236,239,209,225,250,266,True,True,,True,ok,237.0325285805631,202,10,221,254,16,236.5,237.39026125465122,237.0,False,6.195679404906438,34079.0,31456.0,5500.446,14,0.8421052631578947,1.0,0.7142857142857143,4.873797859396168,0.6992799008177397,1.0,0.7142857142857143,0.8421052631578947,0.47896630989936134,0.761817528606972,assessable,237.39026125465122,False
flow05,118,0,0.15,128.0,19,237.06584866374985,207.0,202.0,221.0,223.0,high_confidence,0.5,high_confidence,0.5,high_confidence,0.9360871785407714,strong_evidence,0.9953223296239048,True,True,237.0,48445.0078125,13669.064453125,4721.27001953125,7.365802679260383,-0.06584866374984699,3.5275590551181097,16.0,221,255,0.05467157824566016,strong_evidence,0.8803773207414404,True,True,4.964177248034227,55158.8984375,12422.3935546875,4.440279419153178,37267.1806640625,24,237.0,203.0,202.22593756457363,-0.06584866374984699,0.774062435426373,0.0,7.365802679260383,236,239,209,225,250,266,True,True,,True,ok,237.06584866374985,202,10,221,254,16,236.5,236.84531286573477,236.5,False,4.4074482386487865,40363.5,25171.5,9158.020199999999,14,0.8947368421052632,1.0,0.7142857142857143,6.2033690826855885,0.40124137310813107,1.0,0.7142857142857143,0.8947368421052632,0.7005615137809315,0.6875583011388714,assessable,236.84531286573477,False
flow05,119,0,0.15,128.0,19,237.1205202419955,212.0,202.0,221.0,223.0,high_confidence,0.5,high_confidence,0.5,high_confidence,0.933297573682305,strong_evidence,0.9914218737604724,True,True,237.0,50497.3203125,14554.5458984375,3050.19677734375,11.783755946841929,-0.12052024199550715,3.5275590551181097,16.0,221,255,0.08049910513290115,strong_evidence,0.8785809392498052,True,True,4.964177248034227,59380.39453125,13388.3818359375,4.435218180875253,40165.1455078125,23,237.0,203.0,202.1803972983371,-0.12052024199550715,0.8196027016628875,0.0,11.783755946841929,236,239,209,225,250,266,True,True,,True,ok,237.1205202419955,202,10,221,254,16,236.5,236.69557170200508,237.0,False,6.21105876046474,34711.5,30823.5,5588.660699999999,16,0.7894736842105263,1.0,0.625,4.95145119396213,0.7018431267441233,1.0,0.625,0.7894736842105263,0.49190853232702175,0.7382570002247243,assessable,236.69557170200508,False
flow05,120,0,0.15,128.0,19,237.2010193471284,212.0,202.0,221.0,223.0,high_confidence,0.5,high_confidence,0.5,high_confidence,0.9443990372461539,strong_evidence,0.9416749047369167,True,True,238.0,50566.26171875,15203.8916015625,5358.744140625,6.599003271886596,0.7989806528715917,3.5275590551181097,16.0,221,255,0.10597158642141835,strong_evidence,0.9471310502860185,True,True,4.964177248034227,60346.32421875,11651.134765625,5.179437491083973,34953.404296875,25,238.0,202.0,202.15651886185006,0.7989806528715917,-0.15651886185005992,0.0,6.599003271886596,236,239,209,225,250,266,True,True,,True,ok,237.2010193471284,202,10,221,254,16,236.0,237.34350014653253,236.5,False,5.495454149275474,37988.0,27547.0,6912.6224999999995,15,0.8947368421052632,1.0,0.6666666666666666,6.582551817419462,0.5825756915459124,1.0,0.6666666666666666,0.8947368421052632,0.763758636236577,0.7478212153138498,assessable,237.34350014653253,False
flow05,121,0,0.15,128.0,19,237.30699093354983,212.0,202.0,221.0,223.0,high_confidence,0.5,high_confidence,0.5,high_confidence,0.9496878134470084,strong_evidence,0.9780014193035663,True,True,237.0,50276.953125,9939.306640625,5193.998046875,7.766203629715338,-0.30699093354982665,3.5275590551181097,16.0,221,255,0.12432065868190989,strong_evidence,0.9221938999352441,True,True,4.964177248034227,60224.21484375,9273.36328125,6.49432282735203,27820.08984375,56,237.0,200.0,202.14182360501437,-0.30699093354982665,-2.141823605014366,0.0,7.766203629715338,236,239,209,225,250,266,True,True,,True,ok,237.30699093354983,202,10,221,254,16,236.5,236.92678145493863,236.5,False,6.954044874374185,37740.0,27795.0,5427.0572999999995,16,0.8947368421052632,1.0,0.625,6.41992467306352,0.8256741457290309,1.0,0.625,0.8947368421052632,0.7366541121772534,0.8218618885386756,assessable,236.92678145493863,False
flow05,122,0,0.15,128.0,19,237.43131159223174,212.0,202.0,221.0,223.0,model_assisted,0.00011847595517496119,model_assisted,0.00011847595517496119,model_assisted,0.0,strong_evidence,0.8818460321084098,True,True,239.0,49524.81640625,13983.65234375,3346.50390625,10.620386247308,1.5686884077682635,3.5275590551181097,16.0,221,255,0.12918576861045494,weak_evidence,0.0,True,False,4.964177248034227,58993.63671875,859.1160278320312,68.66783392182744,8849.0455078125,139,239.0,175.0,202.1224015836821,1.5686884077682635,-27.12240158368209,1.0,10.620386247308,236,239,209,225,250,266,True,True,UPPER_SEED_TRAJECTORY_OUTLIER;Z_EDGE_EVIDENCE_WEAK,True,ok,237.43131159223174,202,10,221,254,16,238.0,238.3967296049847,237.5,False,7.344395196851567,40980.0,24555.0,5579.7651,15,0.7894736842105263,1.0,0.6666666666666666,7.380846497545107,0.8907325328085944,1.0,0.6666666666666666,0.7894736842105263,0.8968077495908512,0.8531915474070054,assessable,238.3967296049847,False
flow05,123,0,0.15,128.0,19,237.5604973608422,212.0,202.0,221.0,223.0,high_confidence,0.6687618770030019,high_confidence,0.6687618770030019,high_confidence,0.9508696824442138,strong_evidence,0.9594553160733131,True,True,237.0,48236.54296875,17069.48046875,2971.79638671875,10.48761706531735,-0.5604973608421915,3.5275590551181097,16.0,221,255,0.12918576861045494,strong_evidence,0.9423608768899379,True,True,4.964177248034227,57084.4375,11267.7568359375,5.0661758441515445,33803.2705078125,27,237.0,202.0,202.0882432380047,-0.5604973608421915,-0.08824323800470779,0.0,10.48761706531735,237,240,210,226,251,267,True,True,,True,ok,237.5604973608422,202,10,222,255,16,237.0,237.52483732707896,237.5,False,7.8076481207160295,39264.5,26270.5,5028.9792,15,0.9473684210526315,1.0,0.6666666666666666,7.978071423457263,0.9679413534526716,1.0,0.6666666666666666,0.9473684210526315,0.9963452372428772,0.9138525939239508,assessable,237.52483732707896,False
flow05,124,0,0.15,128.0,19,237.67755446625483,213.0,202.0,221.0,223.0,high_confidence,0.5028275035573814,high_confidence,0.5028275035573814,high_confidence,0.9504072567939755,strong_evidence,0.9768808650851968,True,True,238.0,48635.7578125,11616.640625,4268.99755859375,8.671618261523312,0.32244553374516727,3.5275590551181097,16.0,221,255,0.11705710541264125,strong_evidence,0.9246510869960305,True,True,4.964177248034227,55268.25,11608.9853515625,4.760816585280748,34826.9560546875,27,238.0,202.0,202.03643144721693,0.32244553374516727,-0.03643144721692693,0.0,8.671618261523312,237,240,210,226,251,267,True,True,,True,ok,237.67755446625483,202,10,222,255,16,238.0,236.99258533012284,236.5,False,8.61174765006296,39861.0,25674.0,4628.6772,15,0.8421052631578947,1.0,0.6666666666666666,7.533432750560543,1.0,1.0,0.6666666666666666,0.8421052631578947,0.9222387917600905,0.9018730019830266,assessable,236.99258533012284,False
flow05,125,0,0.15,128.0,19,237.76604266009122,210.0,202.0,221.0,223.0,high_confidence,0.5,high_confidence,0.5,high_confidence,0.9556872935591365,strong_evidence,0.983279530943643,True,True,238.0,50447.609375,11577.712890625,4319.0322265625,8.99967734561485,0.23395733990878398,3.5275590551181097,16.0,221,255,0.08848819383638329,strong_evidence,0.9288693340273912,True,True,4.964177248034227,54692.609375,7464.22900390625,7.327295203078275,22392.68701171875,65,238.0,200.0,201.97150486183463,0.23395733990878398,-1.9715048618346316,0.0,8.99967734561485,237,240,210,226,251,267,True,True,,True,ok,237.76604266009122,202,10,222,255,16,236.0,236.67715422587366,236.5,False,7.259217380405057,38589.0,26946.0,5315.8623,17,1.0,1.0,0.5882352941176471,6.688630315006169,0.8765362300675096,1.0,0.5882352941176471,1.0,0.7814383858343614,0.8525785779305939,assessable,236.67715422587366,False
flow05,126,0,0.15,128.0,19,237.8135418715691,210.0,202.0,221.0,223.0,high_confidence,0.5,high_confidence,0.5,high_confidence,0.885472443011998,strong_evidence,0.9119441140854553,True,True,237.0,49884.9296875,12908.849609375,6555.76171875,5.640241617136644,-0.8135418715691003,3.5275590551181097,16.0,221,255,0.04749921147788427,strong_evidence,0.8597691845622946,True,True,4.964177248034227,55194.53125,12875.0419921875,4.286939901515795,38625.1259765625,27,237.0,203.0,201.9029885821695,-0.8135418715691003,1.0970114178304868,0.0,5.640241617136644,237,240,210,226,251,267,True,True,,True,ok,237.8135418715691,202,10,222,255,16,237.0,237.69320118286666,237.0,False,4.765512979949379,37192.0,28343.0,7804.4064,13,0.8421052631578947,1.0,0.7692307692307693,8.04315278856081,0.46091882999156314,1.0,0.7692307692307693,0.8421052631578947,1.0,0.7414835338168851,assessable,237.69320118286666,False
flow05,127,0,0.15,128.0,19,237.8135418715691,210.0,202.0,221.0,223.0,model_assisted,0.05249926026229175,model_assisted,0.05249926026229175,model_assisted,0.6605916165854216,strong_evidence,0.9120472321492273,True,True,239.0,48344.03125,13842.76171875,3226.623291015625,10.69268595045387,1.1864581284308997,3.5275590551181097,16.0,221,255,0.04749921147788427,weak_evidence,0.47846347044397464,True,False,4.964177248034227,55633.69921875,1324.6307373046875,41.999402287728515,8345.0548828125,91,239.0,193.0,201.84086859917767,1.1864581284308997,-8.840868599177668,1.0,10.69268595045387,237,240,210,226,251,267,True,True,UPPER_SEED_TRAJECTORY_OUTLIER;Z_EDGE_EVIDENCE_WEAK,True,ok,237.8135418715691,202,10,222,255,16,236.5,236.78276003038206,236.5,False,8.827088196716565,37062.5,28472.5,4198.723199999999,16,0.8421052631578947,1.0,0.625,5.322245844866584,1.0,1.0,0.625,0.8421052631578947,0.5537076408110974,0.856686553554794,assessable,236.78276003038206,False
flow05,128,0,0.15,128.0,19,237.76604266009122,210.0,202.0,221.0,223.0,high_confidence,0.5,high_confidence,0.5,high_confidence,0.9025251232367772,strong_evidence,0.9441505666993364,True,True,237.0,49735.984375,13860.703125,3887.266357421875,9.228922834552895,-0.766042660091216,3.5275590551181097,16.0,221,255,0.08848819383638329,strong_evidence,0.8627348505664277,True,True,4.964177248034227,56052.4609375,12775.5693359375,4.387472641225092,38326.7080078125,31,237.0,203.0,201.7902329977503,-0.766042660091216,1.2097670022496914,0.0,9.228922834552895,237,240,210,226,251,267,True,True,,True,ok,237.76604266009122,202,10,222,255,16,237.5,237.89846366725678,237.5,False,5.878978709783791,38909.0,26626.0,6618.3264,16,0.8421052631578947,1.0,0.625,7.886196423320532,0.6464964516306319,1.0,0.625,0.8421052631578947,0.9810327372200888,0.7756928212664143,assessable,237.89846366725678,False
flow05,129,0,0.15,128.0,19,237.67755446625483,211.0,202.0,221.0,223.0,high_confidence,0.5,high_confidence,0.5,high_confidence,0.9150461932294087,strong_evidence,0.9768808650851968,True,True,238.0,50706.140625,13077.91796875,3914.295654296875,9.613025172215602,0.32244553374516727,3.5275590551181097,16.0,221,255,0.11705710541264125,strong_evidence,0.8571255366647068,True,True,4.964177248034227,56674.1640625,13106.630859375,4.324083333892151,39319.892578125,26,238.0,203.0,201.7466113556244,0.32244553374516727,1.2533886443756046,0.0,9.613025172215602,237,240,210,226,251,267,True,True,,True,ok,237.67755446625483,202,10,222,255,16,237.0,237.1971941179824,237.0,False,6.945304649924501,36148.0,29387.0,5204.6673,13,0.8947368421052632,1.0,0.7692307692307693,6.294569905439868,0.8242174416540835,1.0,0.7692307692307693,0.8947368421052632,0.7157616509066447,0.848108949831537,assessable,237.1971941179824,False
flow05,130,0,0.15,128.0,19,237.5604973608422,212.0,202.0,221.0,223.0,model_assisted,0.10736959328603678,model_assisted,0.10736959328603678,model_assisted,0.8162536787082465,strong_evidence,0.968351395429411,True,True,238.0,50573.18359375,11931.404296875,3558.519287109375,10.85894895577878,0.4395026391578085,3.5275590551181097,16.0,221,255,0.12918576861045494,weak_evidence,0.6880457560649158,True,False,4.964177248034227,57435.3984375,1497.921875,38.343387192673184,8615.309765625,112,238.0,195.0,201.6944347605293,0.4395026391578085,-6.694434760529305,1.0,10.85894895577878,237,240,210,226,251,267,True,True,UPPER_SEED_TRAJECTORY_OUTLIER;Z_EDGE_EVIDENCE_WEAK,True,ok,237.5604973608422,202,10,222,255,16,236.0,236.9486296955457,236.5,False,6.710161101095945,36113.0,29422.0,5381.838,17,0.8947368421052632,1.0,0.5882352941176471,5.855420519662071,0.7850268501826575,1.0,0.5882352941176471,0.8947368421052632,0.6425700866103452,0.7908739913642835,assessable,236.9486296955457,False
flow05,131,0,0.15,128.0,19,237.43131159223174,213.0,202.0,221.0,223.0,high_confidence,0.525587038549509,high_confidence,0.525587038549509,high_confidence,0.9370381735004228,strong_evidence,0.9588500903550659,True,True,238.0,50296.96484375,15836.712890625,3226.596435546875,10.680062611326955,0.5686884077682635,3.5275590551181097,16.0,221,255,0.12918576861045494,strong_evidence,0.9157224340166322,True,True,4.964177248034227,58095.8671875,12114.5693359375,4.795537140157379,36343.7080078125,35,238.0,202.0,201.6102057899641,0.5686884077682635,0.38979421003588755,0.0,10.680062611326955,236,239,209,225,250,266,True,True,,True,ok,237.43131159223174,202,10,221,254,16,238.0,237.89456577105997,238.0,False,4.765536389399641,37280.5,28254.5,7822.938899999999,15,0.8947368421052632,1.0,0.6666666666666666,4.582512818356354,0.4609227315666069,1.0,0.6666666666666666,0.8947368421052632,0.4304188030593923,0.6719086960033744,assessable,237.89456577105997,False
flow05,132,0,0.15,128.0,19,237.30699093354983,213.0,201.0,220.0,222.0,high_confidence,0.5,high_confidence,0.5,high_confidence,0.7505198811882015,strong_evidence,0.7355929743603992,True,True,238.0,48834.2421875,19832.294921875,8055.59423828125,3.600224441271372,0.6930090664501733,3.5275590551181097,16.0,221,255,0.12432065868190989,strong_evidence,0.7657496899675069,True,True,4.964177248034227,58148.62109375,4552.234375,12.773643952317371,13656.703125,99,238.0,196.0,201.47037810305378,0.6930090664501733,-5.4703781030537755,0.0,3.600224441271372,236,239,209,225,250,266,True,True,,True,ok,237.30699093354983,201,10,221,254,16,237.0,235.27188985273776,236.5,False,2.4548645356167618,29093.0,36442.0,11851.1631,7,0.6842105263157895,1.0,0.7,5.56382941214094,0.07581075593612696,1.0,0.7,0.6842105263157895,0.5939715686901567,0.5285625003940285,uncertain,235.27188985273776,False
flow05,133,0,0.15,128.0,19,237.2010193471284,213.0,201.0,220.0,222.0,high_confidence,0.5,high_confidence,0.5,high_confidence,0.9137148060185105,strong_evidence,0.8735537537337963,True,True,238.0,51068.09375,15526.6875,6883.44873046875,5.163313862233081,0.7989806528715917,3.5275590551181097,16.0,221,255,0.10597158642141835,strong_evidence,0.9557222359459532,True,True,4.964177248034227,57729.43359375,8877.3154296875,6.50302831424592,26631.9462890625,47,238.0,200.0,201.26128364441882,0.7989806528715917,-1.2612836444188247,0.0,5.163313862233081,236,239,209,225,250,266,True,True,,True,ok,237.2010193471284,201,10,221,254,16,237.0,236.8580536174901,237.5,False,6.362122434882238,35485.0,30050.0,5577.5412,13,0.8421052631578947,1.0,0.7692307692307693,4.59087480141045,0.7270204058137063,1.0,0.7692307692307693,0.8421052631578947,0.43181246690174174,0.7778003320448095,assessable,236.8580536174901,False
flow05,134,0,0.15,128.0,19,237.1205202419955,213.0,201.0,220.0,222.0,model_assisted,0.0760480038527419,model_assisted,0.0760480038527419,model_assisted,0.8067926675878418,strong_evidence,0.885666869146943,True,True,236.0,46712.15234375,17692.6875,5186.619140625,5.595063770241106,-1.1205202419955071,3.5275590551181097,16.0,221,255,0.08049910513290115,weak_evidence,0.7349427094415915,True,False,4.964177248034227,57128.5078125,3596.7802734375,15.883235413182852,10790.3408203125,111,236.0,195.0,200.98707046461897,-1.1205202419955071,-5.9870704646189665,1.0,5.595063770241106,236,239,209,225,250,266,True,True,UPPER_SEED_TRAJECTORY_OUTLIER;Z_EDGE_EVIDENCE_WEAK,True,ok,237.1205202419955,201,10,221,254,16,237.0,236.7937343064323,238.5,False,6.7268850672041385,36018.5,29516.5,5354.4099,15,0.7368421052631579,1.0,0.6666666666666666,8.11849515994048,0.7878141778673564,1.0,0.6666666666666666,0.7368421052631579,1.0,0.8195946113763818,assessable,236.7937343064323,False
flow05,135,0,0.15,128.0,19,237.0658932750926,212.0,201.0,220.0,222.0,high_confidence,0.5,high_confidence,0.5,high_confidence,0.9184031438829215,strong_evidence,0.9213680834280429,True,True,236.0,46517.12109375,10172.6552734375,5193.4130859375,6.9981850507375345,-1.0658932750926056,3.5275590551181097,16.0,221,255,0.054626966902901586,strong_evidence,0.9154477454394125,True,True,4.964177248034227,56947.2265625,11962.1787109375,4.760606569974654,35886.5361328125,31,236.0,201.0,200.67154999952186,-1.0658932750926056,0.3284500004781421,0.0,6.9981850507375345,236,239,209,225,250,266,True,True,,True,ok,237.0658932750926,201,10,221,254,16,238.0,237.60095621326943,237.0,False,9.87486788499872,41557.0,23978.0,4208.3601,17,0.8421052631578947,1.0,0.5882352941176471,6.274038177965979,1.0,1.0,0.5882352941176471,0.8421052631578947,0.7123396963276631,0.8651968179299799,assessable,237.60095621326943,False
flow05,136,0,0.15,128.0,19,237.03273328667177,212.0,200.0,219.0,221.0,model_assisted,0.00016518890531794846,model_assisted,0.00016518890531794846,model_assisted,0.0,strong_evidence,0.887590472502937,True,True,236.0,49090.4140625,15123.474609375,6134.0048828125,5.5374816456864036,-1.0327332866717711,3.5275590551181097,16.0,221,255,0.03315998842083445,weak_evidence,0.0,True,False,4.964177248034227,57162.6171875,2583.056884765625,22.129832883137098,8574.392578125,129,236.0,176.0,200.35212675814392,-1.0327332866717711,-24.352126758143925,1.0,5.5374816456864036,236,239,209,225,250,266,True,True,UPPER_SEED_TRAJECTORY_OUTLIER;Z_EDGE_EVIDENCE_WEAK,True,ok,237.03273328667177,200,10,221,254,16,239.5,237.11430114087207,238.0,False,5.821191288727819,38457.5,27077.5,6606.4655999999995,14,0.7368421052631579,1.0,0.7142857142857143,8.628405187327909,0.6368652147879699,1.0,0.7142857142857143,0.7368421052631579,1.0,0.776286283822406,assessable,237.11430114087207,False
flow05,137,0,0.15,128.0,19,237.0147357864809,212.0,200.0,219.0,221.0,high_confidence,0.5,high_confidence,0.5,high_confidence,0.9179363840678021,strong_evidence,0.9989551210318974,True,True,237.0,48025.984375,11243.8173828125,4475.2119140625,8.219089441688014,-0.014735786480912338,3.5275590551181097,16.0,221,255,0.017997500190858773,strong_evidence,0.8434885486397805,True,True,4.964177248034227,57410.3515625,12840.2685546875,4.471117665334315,38520.8056640625,26,237.0,202.0,200.06722598809333,-0.014735786480912338,1.9327740119066732,0.0,8.219089441688014,236,239,209,225,250,266,True,True,,True,ok,237.0147357864809,200,10,221,254,16,237.0,237.72429688725546,237.5,False,7.381942489657097,38825.5,26709.5,5259.523499999999,15,0.7894736842105263,1.0,0.6666666666666666,5.471168842963445,0.8969904149428495,1.0,0.6666666666666666,0.7894736842105263,0.5785281404939076,0.8235538452443004,assessable,237.72429688725546,False
flow05,138,0,0.15,128.0,19,237.0059949084332,209.0,200.0,219.0,221.0,model_assisted,0.00015731183546818255,model_assisted,0.00015731183546818255,model_assisted,0.0,strong_evidence,0.9995750473353978,True,True,237.0,49892.8203125,13463.498046875,5865.92724609375,6.210326302612104,-0.005994908433194723,3.5275590551181097,16.0,221,255,0.008740878047717615,weak_evidence,0.0,True,False,4.964177248034227,58697.48828125,794.0430297851562,73.92230153714937,8804.6232421875,129,237.0,175.0,199.84272656689348,-0.005994908433194723,-24.842726566893475,1.0,6.210326302612104,236,239,209,225,250,266,True,True,UPPER_SEED_TRAJECTORY_OUTLIER;Z_EDGE_EVIDENCE_WEAK,True,ok,237.0059949084332,200,10,221,254,16,237.0,237.50904456247662,238.0,False,5.121146397199071,36892.5,28642.5,7203.953399999999,13,1.0,1.0,0.7692307692307693,8.076762311240543,0.5201910661998452,1.0,0.7692307692307693,1.0,1.0,0.7859130270160997,assessable,237.50904456247662,False
flow05,139,0,0.15,128.0,19,237.00219613849288,209.0,200.0,219.0,221.0,high_confidence,0.5,high_confidence,0.5,high_confidence,0.9280391809924509,strong_evidence,0.9998443463744814,True,True,237.0,51211.5,12450.26953125,2184.5068359375,17.7436984087602,-0.002196138492877253,3.5275590551181097,16.0,221,255,0.00379876994031747,strong_evidence,0.8613908000581565,True,True,4.964177248034227,58868.57421875,11769.408203125,5.001829590983112,35308.224609375,27,237.0,202.0,199.6836725276178,-0.002196138492877253,2.3163274723821985,0.0,17.7436984087602,236,239,209,225,250,266,True,True,,True,ok,237.00219613849288,200,10,221,254,16,237.0,236.79805733034019,236.5,False,8.77158213282399,36979.0,28556.0,4215.773099999999,15,0.8421052631578947,1.0,0.6666666666666666,6.52606165076027,1.0,1.0,0.6666666666666666,0.8421052631578947,0.754343608460045,0.885083483653022,assessable,236.79805733034019,False
flow05,140,0,0.15,128.0,19,237.0007188137145,209.0,200.0,219.0,221.0,high_confidence,0.7386617875408391,high_confidence,0.7386617875408391,high_confidence,0.9900712230951233,strong_evidence,0.9999490559893275,True,True,237.0,46889.0,12504.5126953125,3842.366943359375,8.948777618471077,-0.0007188137145135443,3.5275590551181097,16.0,221,255,0.001477324778363709,strong_evidence,0.9802909667545459,True,True,4.964177248034227,58258.15234375,5895.80224609375,9.881293488489849,17687.40673828125,75,237.0,199.0,199.57554092842847,-0.0007188137145135443,-0.5755409284284667,0.0,8.948777618471077,236,239,209,225,250,266,True,True,,True,ok,237.0007188137145,200,10,221,254,16,238.0,237.00354473267151,237.5,False,7.930976904321469,39408.5,26126.5,4968.9339,15,0.631578947368421,1.0,0.6666666666666666,7.435403985059911,0.9884961507202448,1.0,0.6666666666666666,0.631578947368421,0.9059006641766518,0.8646338946083473,assessable,237.00354473267151,False
flow05,141,0,0.15,128.0,19,237.00020470610866,208.0,199.0,218.0,220.0,model_assisted,0.002102230599838311,model_assisted,0.002102230599838311,model_assisted,0.0,strong_evidence,0.9999854922631779,True,True,237.0,48227.984375,14485.888671875,2309.54248046875,14.609861471903573,-0.00020470610866141215,3.5275590551181097,16.0,221,255,0.0005141076058521321,weak_evidence,0.0,True,False,4.964177248034227,57550.19140625,2024.1876220703125,28.43125349585352,8632.5287109375,134,237.0,181.0,199.4942689227359,-0.00020470610866141215,-18.4942689227359,1.0,14.609861471903573,236,239,209,225,250,266,True,True,UPPER_SEED_TRAJECTORY_OUTLIER;Z_EDGE_EVIDENCE_WEAK,True,ok,237.00020470610866,199,10,221,254,16,237.0,236.48339259602852,238.0,False,6.0992258372958315,33874.0,31661.0,5553.8196,15,0.8421052631578947,1.0,0.6666666666666666,7.070484287895908,0.683204306215972,1.0,0.6666666666666666,0.8421052631578947,0.8450807146493181,0.7832787014475394,assessable,236.48339259602852,False
flow05,142,0,0.15,128.0,19,237.0000446113428,210.0,199.0,218.0,220.0,model_assisted,0.0020699953832533976,model_assisted,0.0020699953832533976,model_assisted,0.0,strong_evidence,0.9999968383652398,True,True,237.0,47272.5546875,15694.625,4589.35400390625,6.880691631245334,-4.461134278699319e-05,3.5275590551181097,16.0,221,255,0.00016009476587441895,weak_evidence,0.0,True,False,4.964177248034227,55036.08984375,795.5929565429688,69.1761904013005,8255.4134765625,133,237.0,182.0,199.41902895114688,-4.461134278699319e-05,-17.419028951146885,1.0,6.880691631245334,236,239,209,225,250,266,True,True,UPPER_SEED_TRAJECTORY_OUTLIER;Z_EDGE_EVIDENCE_WEAK,True,ok,237.0000446113428,199,10,221,254,16,238.0,238.58652663764167,237.5,False,6.209991671470347,38508.0,27027.0,6200.974499999999,13,0.7368421052631579,1.0,0.7692307692307693,6.259760594654807,0.7016652785783912,1.0,0.7692307692307693,0.7368421052631579,0.7099600991091345,0.780951327048978,assessable,238.58652663764167,False
flow05,143,0,0.15,128.0,19,237.0,215.0,199.0,218.0,220.0,high_confidence,0.5,high_confidence,0.5,high_confidence,0.9763910522704777,strong_evidence,0.9645134906783817,True,True,237.0,47594.4921875,13227.2080078125,6157.1162109375,5.5817176422035795,0.0,3.5275590551181097,16.0,221,254,4.461134278699319e-05,strong_evidence,0.9884148808362736,True,True,4.964177248034227,56044.96875,5361.841796875,10.452559190139525,16085.525390625,76,237.0,199.0,199.34108134549453,0.0,-0.34108134549452984,0.0,5.5817176422035795,236,239,209,225,250,266,True,True,,True,ok,237.0,199,10,221,254,16,237.5,237.94745100821692,237.5,False,6.420295352013784,39195.75,26339.25,6104.9761499999995,16,0.7894736842105263,1.0,0.625,5.4068800852805285,0.7367158920022973,1.0,0.625,0.7894736842105263,0.5678133475467547,0.7580529495870585,assessable,237.94745100821692,False
flow05,144,0,0.15,128.0,19,237.0,215.0,199.0,218.0,220.0,high_confidence,0.5,high_confidence,0.5,high_confidence,0.882821472879052,strong_evidence,0.815598049569433,True,True,239.0,48127.140625,15474.037109375,5862.02783203125,5.570274391602536,2.0,3.5275590551181097,16.0,221,254,0.0,strong_evidence,0.9555856017406886,True,True,4.964177248034227,56811.16796875,3798.01708984375,14.958112779605003,11394.05126953125,80,239.0,198.0,199.26500035938156,2.0,-1.2650003593815597,0.0,5.570274391602536,236,239,209,225,250,266,True,True,,True,ok,237.0,199,10,221,254,16,238.5,237.71374663377125,238.5,False,4.60376849909071,37110.5,28424.5,8060.896199999999,14,0.6842105263157895,1.0,0.7142857142857143,5.593286592937796,0.43396141651511827,1.0,0.7142857142857143,0.6842105263157895,0.5988810988229659,0.6572633274670994,assessable,237.71374663377125,False
flow05,145,0,0.15,128.0,19,237.0,215.0,199.0,218.0,220.0,high_confidence,0.5,high_confidence,0.5,high_confidence,0.8343272773406748,strong_evidence,0.7009256277381192,True,True,239.0,46382.42578125,17631.15625,6988.57958984375,4.114036216033538,2.0,3.5275590551181097,16.0,221,254,0.0,strong_evidence,0.9931182113586263,True,True,4.964177248034227,57722.2421875,5172.77099609375,11.158862866941009,15518.31298828125,77,239.0,199.0,199.20356715612704,2.0,-0.20356715612703624,0.0,4.114036216033538,236,239,209,225,250,266,True,True,,True,ok,237.0,199,10,221,254,16,238.0,237.57718790372437,237.5,False,4.766277833861808,32152.5,33382.5,6745.83,13,0.631578947368421,1.0,0.7692307692307693,5.65102013537791,0.46104630564363464,1.0,0.7692307692307693,0.631578947368421,0.6085033558963183,0.6707995385163209,assessable,237.57718790372437,False
flow05,146,0,0.15,128.0,19,237.0,215.0,199.0,218.0,220.0,model_assisted,0.009693572548590787,model_assisted,0.009693572548590787,model_assisted,0.0,strong_evidence,0.7577574633625115,True,True,236.0,49183.96875,14389.013671875,8668.080078125,4.014147857947746,-1.0,3.5275590551181097,16.0,221,254,4.461134278699319e-05,weak_evidence,0.0,True,False,4.964177248034227,58865.21484375,3173.1826171875,18.550843725446928,9519.5478515625,117,236.0,188.0,199.17059668767737,-1.0,-11.170596687677374,1.0,4.014147857947746,236,239,209,225,250,266,True,True,UPPER_SEED_TRAJECTORY_OUTLIER;Z_EDGE_EVIDENCE_WEAK,True,ok,237.0,199,10,221,254,16,237.0,237.16460159853196,237.5,False,6.69827177166511,43591.5,21943.5,6507.8727,15,0.9473684210526315,1.0,0.6666666666666666,4.241970041010049,0.7830452952775183,1.0,0.6666666666666666,0.9473684210526315,0.37366167350167484,0.786870617188527,assessable,237.16460159853196,False
flow05,147,0,0.15,128.0,19,237.0000446113428,216.0,199.0,218.0,220.0,high_confidence,0.5,high_confidence,0.5,high_confidence,0.9580948089089423,strong_evidence,0.9999968383652398,True,True,237.0,49749.546875,15719.111328125,3552.22412109375,9.580036165172155,-4.461134278699319e-05,3.5275590551181097,16.0,221,255,0.00016009476587441895,strong_evidence,0.9179485650763539,True,True,4.964177248034227,59892.83203125,10533.3310546875,5.6860295874396485,31599.9931640625,39,237.0,201.0,199.17517938892752,-4.461134278699319e-05,1.8248206110724823,0.0,9.580036165172155,236,239,209,225,250,266,True,True,,True,ok,237.0000446113428,199,10,221,254,16,238.0,236.47823926103774,238.0,False,3.717662248158291,34898.0,30637.0,9387.0819,11,0.6842105263157895,1.0,0.9090909090909091,5.147579953583635,0.28627704135971516,1.0,0.9090909090909091,0.6842105263157895,0.5245966589306058,0.6371063911345112,assessable,236.47823926103774,False
flow05,148,0,0.15,128.0,19,237.00020470610866,215.0,199.0,218.0,220.0,high_confidence,0.5,high_confidence,0.5,high_confidence,0.8004391697403839,strong_evidence,0.7956374197915206,True,True,237.0,51212.0546875,14972.6923828125,9540.8330078125,3.7983436325751576,-0.00020470610866141215,3.5275590551181097,16.0,221,255,0.0005141076058521321,strong_evidence,0.8052698987216529,True,True,4.964177248034227,60153.3671875,13820.49609375,4.3524752497635,41461.48828125,23,237.0,202.0,199.21852750238148,-0.00020470610866141215,2.781472497618523,0.0,3.7983436325751576,236,239,209,225,250,266,True,True,,True,ok,237.00020470610866,199,10,221,254,16,237.5,236.74733626130399,237.5,False,3.59688813550216,36340.0,29195.0,10103.1777,10,0.7894736842105263,1.0,1.0,4.56498678820485,0.26614802258369336,1.0,1.0,0.7894736842105263,0.4274977980341417,0.6543226403392859,assessable,236.74733626130399,False
flow05,149,0,0.15,128.0,19,237.0007188137145,215.0,199.0,218.0,220.0,high_confidence,0.6210240079557191,high_confidence,0.6210240079557191,high_confidence,0.9403541157367279,strong_evidence,0.9263676608913849,True,True,236.0,50826.8359375,11668.44140625,4097.53515625,9.556573168511177,-1.0007188137145135,3.5275590551181097,16.0,221,255,0.001477324778363709,strong_evidence,0.9545517404311485,True,True,4.964177248034227,59239.296875,6275.42138671875,9.439891478901092,18826.26416015625,69,236.0,198.0,199.293088956822,-1.0007188137145135,-1.2930889568220039,0.0,9.556573168511177,236,239,209,225,250,266,True,True,,True,ok,237.0007188137145,199,10,221,254,16,237.0,237.26900081818573,237.0,False,5.412311328251409,38151.5,27383.5,7049.021699999999,13,0.7894736842105263,1.0,0.7692307692307693,4.338416363447148,0.5687185547085681,1.0,0.7692307692307693,0.7894736842105263,0.38973606057452476,0.7102923066831842,assessable,237.26900081818573,False
flow05,150,0,0.15,128.0,19,237.00219613849288,215.0,199.0,218.0,220.0,high_confidence,0.5,high_confidence,0.5,high_confidence,0.8733677512853735,strong_evidence,0.9262546332129424,True,True,236.0,51287.76953125,17631.8984375,5536.48876953125,6.078919780162309,-1.0021961384928773,3.5275590551181097,16.0,221,255,0.00379876994031747,strong_evidence,0.8235005814107619,True,True,4.964177248034227,57042.7265625,5924.98486328125,9.627488994277329,17774.95458984375,73,236.0,195.0,199.38377000541357,-1.0021961384928773,-4.383770005413567,0.0,6.078919780162309,236,239,209,225,250,266,True,True,,True,ok,237.00219613849288,199,10,221,254,16,239.0,237.48423081245085,237.5,False,5.079944591392137,35835.0,29700.0,7054.2108,15,0.8421052631578947,1.0,0.6666666666666666,4.616095612028926,0.5133240985653562,1.0,0.6666666666666666,0.8421052631578947,0.4360159353381543,0.6829141508387075,assessable,237.48423081245085,False
flow05,151,0,0.15,128.0,19,237.0059949084332,216.0,199.0,218.0,220.0,high_confidence,0.5,high_confidence,0.5,high_confidence,0.9295880152525255,strong_evidence,0.9506653244265585,True,True,237.0,50437.1484375,21980.2109375,5243.39306640625,5.427198979668331,-0.005994908433194723,3.5275590551181097,16.0,221,255,0.008740878047717615,strong_evidence,0.9089780135005716,True,True,4.964177248034227,54316.87109375,6833.34521484375,7.948796582932771,20500.03564453125,60,237.0,197.0,199.47181347966355,-0.005994908433194723,-2.4718134796635525,0.0,5.427198979668331,236,239,209,225,250,266,True,True,,True,ok,237.0059949084332,199,10,221,254,16,238.0,236.5979549279068,237.5,False,3.819879895806443,33906.5,31628.5,8876.3262,13,0.6842105263157895,1.0,0.7692307692307693,4.411313553925226,0.3033133159677405,1.0,0.7692307692307693,0.6842105263157895,0.40188559232087107,0.6028259526143186,assessable,236.5979549279068,False
flow05,152,0,0.15,128.0,19,237.0147357864809,211.0,200.0,219.0,221.0,model_assisted,0.025336359638123477,model_assisted,0.025336359638123477,model_assisted,0.0,strong_evidence,0.927549241137944,True,True,238.0,47943.37890625,14140.265625,3974.039794921875,8.505982583376353,0.9852642135190877,3.5275590551181097,16.0,221,255,0.017997500190858773,weak_evidence,0.0,True,False,4.964177248034227,54301.04296875,5438.6025390625,9.98437421722499,16315.8076171875,69,238.0,189.0,199.54109829409532,0.9852642135190877,-10.54109829409532,1.0,8.505982583376353,236,239,209,225,250,266,True,True,UPPER_SEED_TRAJECTORY_OUTLIER;Z_EDGE_EVIDENCE_WEAK,True,ok,237.0147357864809,200,10,221,254,16,236.5,238.28831661703202,237.0,False,3.7426825164583155,35346.5,30188.5,9444.162,12,0.7894736842105263,1.0,0.8333333333333334,6.174168242711203,0.2904470860763859,1.0,0.8333333333333334,0.7894736842105263,0.6956947071185339,0.6563136701368341,assessable,238.28831661703202,False
flow05,153,0,0.15,128.0,19,237.03273328667177,211.0,200.0,219.0,221.0,high_confidence,0.5,high_confidence,0.5,high_confidence,0.8702848370732543,strong_evidence,0.9976774773822272,True,True,237.0,50338.4609375,13509.09765625,4079.3173828125,9.028315236373656,-0.03273328667177111,3.5275590551181097,16.0,221,255,0.03315998842083445,strong_evidence,0.7591588612653923,True,True,4.964177248034227,53219.23828125,6038.4619140625,8.813376492002359,18115.3857421875,63,237.0,194.0,199.5844999698228,-0.03273328667177111,-5.584499969822787,0.0,9.028315236373656,236,239,209,225,250,266,True,True,,True,ok,237.03273328667177,200,10,221,254,16,235.0,236.65521965050002,237.5,False,8.528456589615963,38141.5,27393.5,4472.2629,17,0.7894736842105263,1.0,0.5882352941176471,6.5768774270164645,1.0,1.0,0.5882352941176471,0.7894736842105263,0.7628129045027441,0.8623494019053829,assessable,236.65521965050002,False
flow05,154,0,0.15,128.0,19,237.0658932750926,212.0,200.0,219.0,221.0,high_confidence,0.5,high_confidence,0.5,high_confidence,0.8979054113604994,strong_evidence,0.931449790371436,True,True,238.0,48921.2265625,10829.185546875,1085.9951171875,35.07570191869316,0.9341067249073944,3.5275590551181097,16.0,221,255,0.05471618958844715,strong_evidence,0.8655690688694708,True,True,4.964177248034227,52579.6796875,11617.103515625,4.526057602635661,34851.310546875,37,238.0,201.0,199.60684417489617,0.9341067249073944,1.3931558251038325,0.0,35.07570191869316,236,239,209,225,250,266,True,True,,True,ok,237.0658932750926,200,10,221,254,16,237.5,237.4535740608763,238.5,False,9.411072337574614,38475.0,27060.0,4088.2695,14,0.7368421052631579,1.0,0.7142857142857143,6.7454295588217,1.0,1.0,0.7142857142857143,0.7368421052631579,0.7909049264702833,0.882473951293645,assessable,237.4535740608763,False
flow05,155,0,0.15,128.0,19,237.12060946468105,212.0,200.0,219.0,221.0,model_assisted,4.971325069845587e-05,model_assisted,4.971325069845587e-05,model_assisted,0.0,strong_evidence,0.8565122135096358,True,True,239.0,48072.19921875,12189.6171875,3716.9853515625,9.65367862323324,1.8793905353189473,3.5275590551181097,16.0,221,255,0.08081929466467841,weak_evidence,0.0,True,False,4.964177248034227,52495.48046875,2531.650146484375,20.73567729792715,7874.3220703125,141,239.0,170.0,199.62197900282834,1.8793905353189473,-29.62197900282834,1.0,9.65367862323324,236,239,209,225,250,266,True,True,UPPER_SEED_TRAJECTORY_OUTLIER;Z_EDGE_EVIDENCE_WEAK,True,ok,237.12060946468105,200,10,221,254,16,238.5,237.75850303882285,238.5,False,4.962402528027435,38798.5,26736.5,7818.491099999999,14,0.7368421052631579,1.0,0.7142857142857143,6.873304312765235,0.4937337546712392,1.0,0.7142857142857143,0.7368421052631579,0.8122173854608725,0.7074120113276375,assessable,237.75850303882285,False
flow05,156,0,0.15,128.0,19,237.20142875934573,212.0,200.0,219.0,221.0,model_assisted,0.021657187453313766,model_assisted,0.021657187453313766,model_assisted,0.0,strong_evidence,0.9856212618616789,True,True,237.0,47625.484375,16077.1953125,4191.017578125,7.5275964546572585,-0.20142875934573112,3.5275590551181097,16.0,221,255,0.10699980163306577,weak_evidence,0.0,True,False,4.964177248034227,52443.43359375,3763.966552734375,13.933023277173355,11291.899658203125,113,237.0,189.0,199.64522579272978,-0.20142875934573112,-10.645225792729775,1.0,7.5275964546572585,236,239,209,225,250,266,True,True,UPPER_SEED_TRAJECTORY_OUTLIER;Z_EDGE_EVIDENCE_WEAK,True,ok,237.20142875934573,200,10,221,254,16,238.5,239.09470295938704,238.0,False,4.335536287955857,32547.5,32987.5,7507.1451,10,0.5789473684210527,1.0,1.0,8.505404889972167,0.3892560479926428,1.0,1.0,0.5789473684210527,1.0,0.723081722060583,assessable,239.09470295938704,False
flow05,157,0,0.15,128.0,19,237.3084285609788,209.0,200.0,219.0,221.0,high_confidence,0.5,high_confidence,0.5,high_confidence,0.8919082927509564,strong_evidence,0.9778972365784111,True,True,237.0,47661.65234375,14628.375,3903.82177734375,8.461779053404072,-0.3084285609787969,3.5275590551181097,16.0,221,255,0.12727530823869415,strong_evidence,0.8134805712932801,True,True,4.964177248034227,53712.75,12752.7646484375,4.211851428355264,38258.2939453125,28,237.0,202.0,199.68536789183835,-0.3084285609787969,2.3146321081616463,0.0,8.461779053404072,236,239,209,225,250,266,True,True,,True,ok,237.3084285609788,200,10,221,254,16,238.0,237.27106399603272,238.0,False,12.0484072519169,35261.5,30273.5,2926.6524,13,0.7368421052631579,1.0,0.7692307692307693,4.175699015396031,1.0,1.0,0.7692307692307693,0.7368421052631579,0.36261650256600514,0.8506341198922281,assessable,237.27106399603272,False
flow05,158,0,0.15,128.0,19,237.4357038692175,209.0,200.0,219.0,221.0,high_confidence,0.9172460392863359,high_confidence,0.9172460392863359,high_confidence,0.9750671290874742,strong_evidence,0.9591746774284077,True,True,238.0,48387.19921875,17219.921875,2395.02880859375,13.01332043769861,0.564296130782509,3.5275590551181097,16.0,221,255,0.13678330849108988,strong_evidence,0.9912229008963314,True,True,4.964177248034227,55135.171875,8567.83203125,6.435136878722876,25703.49609375,40,238.0,200.0,199.74086139863968,0.564296130782509,0.25913860136031985,0.0,13.01332043769861,236,239,209,225,250,266,True,True,,True,ok,237.4357038692175,200,10,221,254,16,238.5,239.0119823227207,238.5,False,4.015861742836206,31847.5,33687.5,7930.4274,10,0.6842105263157895,1.0,1.0,9.656322431837781,0.33597695713936765,1.0,1.0,0.6842105263157895,1.0,0.7202235139461471,assessable,239.0119823227207,False
flow05,159,0,0.15,128.0,19,237.57248717770858,209.0,200.0,219.0,221.0,model_assisted,4.85054540315881e-05,model_assisted,4.85054540315881e-05,model_assisted,0.0,strong_evidence,0.8815406868794516,True,True,236.0,46035.6953125,10681.6982421875,2303.9755859375,15.344779383123008,-1.572487177708581,3.5275590551181097,16.0,221,255,0.13678330849108988,weak_evidence,0.0,True,False,4.964177248034227,56438.82421875,795.1159057617188,70.98188303085419,8465.8236328125,142,236.0,170.0,199.80150293625138,-1.572487177708581,-29.80150293625138,1.0,15.344779383123008,237,240,210,226,251,267,True,True,UPPER_SEED_TRAJECTORY_OUTLIER;Z_EDGE_EVIDENCE_WEAK,True,ok,237.57248717770858,200,10,222,255,16,239.0,238.60555946443293,238.5,False,7.26423761175866,40403.5,25131.5,5561.9739,15,0.8421052631578947,1.0,0.6666666666666666,4.577429512877259,0.87737293529311,1.0,0.6666666666666666,0.8421052631578947,0.4295715854795432,0.8096868087075603,assessable,238.60555946443293,False
flow05,160,0,0.15,128.0,19,237.7070260392166,209.0,200.0,219.0,221.0,high_confidence,0.5,high_confidence,0.5,high_confidence,0.9409710127333505,strong_evidence,0.9485701722453326,True,True,237.0,47335.65625,12057.455078125,3983.19677734375,8.856755802910836,-0.7070260392166006,3.5275590551181097,16.0,221,255,0.13453886150801964,strong_evidence,0.9334327314009467,True,True,4.964177248034227,57570.34375,4744.3095703125,12.1346094509191,14232.9287109375,70,237.0,198.0,199.8536553070873,-0.7070260392166006,-1.8536553070873083,0.0,8.856755802910836,237,240,210,226,251,267,True,True,,True,ok,237.7070260392166,200,10,222,255,16,239.0,239.0736898842522,239.0,False,5.1389972829183135,36583.0,28952.0,7118.7038999999995,13,0.8947368421052632,1.0,0.7692307692307693,6.345572022362555,0.523166213819719,1.0,0.7692307692307693,0.8947368421052632,0.7242620037270925,0.7435910553715541,assessable,239.0736898842522,False
flow05,161,0,0.15,128.0,19,237.8315092334347,209.0,200.0,219.0,221.0,high_confidence,0.5,high_confidence,0.5,high_confidence,0.8489813731065176,strong_evidence,0.8322474363817953,True,True,240.0,47381.82421875,14970.9677734375,4866.20166015625,6.6604014195893,2.1684907665652986,3.5275590551181097,16.0,221,255,0.12448319421810083,strong_evidence,0.8660517778407111,True,True,4.964177248034227,58363.8515625,13293.603515625,4.3903710151954245,39880.810546875,27,240.0,201.0,199.88535792439387,2.1684907665652986,1.1146420756061275,0.0,6.6604014195893,237,240,210,226,251,267,True,True,,True,ok,237.8315092334347,200,10,222,255,16,239.5,239.76033807837484,239.5,False,5.426906432966451,37574.5,27960.5,6923.741999999999,14,0.7894736842105263,1.0,0.7142857142857143,6.388839661867442,0.5711510721610752,1.0,0.7142857142857143,0.7894736842105263,0.731473276977907,0.734328398442889,assessable,239.76033807837484,False
flow05,162,0,0.15,128.0,19,237.94532842175437,209.0,200.0,219.0,221.0,high_confidence,0.7377661841208385,high_confidence,0.7377661841208385,high_confidence,0.9454312445673076,strong_evidence,0.9222308390496393,True,True,239.0,49564.3046875,13282.349609375,3656.60400390625,9.92230907130386,1.0546715782456317,3.5275590551181097,16.0,221,255,0.11381918831966686,strong_evidence,0.9692152987696576,True,True,4.964177248034227,58520.01171875,8724.7607421875,6.707348596481705,26174.2822265625,53,239.0,199.0,199.88898669629867,1.0546715782456317,-0.888986696298673,0.0,9.92230907130386,237,240,210,226,251,267,True,True,,True,ok,237.94532842175437,200,10,222,255,16,239.5,239.05851978253307,239.5,False,7.63868204081657,36036.5,29498.5,4717.633199999999,14,0.7368421052631579,1.0,0.7142857142857143,6.480406262986727,0.939780340136095,1.0,0.7142857142857143,0.7368421052631579,0.7467343771644545,0.8569800154106952,assessable,239.05851978253307,False
flow05,163,0,0.15,128.0,19,238.05467157824563,209.0,200.0,219.0,221.0,model_assisted,0.0002517281110486923,model_assisted,0.0002517281110486923,model_assisted,0.0,strong_evidence,0.9961178604576736,True,True,238.0,50576.828125,12321.47265625,3489.917236328125,10.961679856052953,-0.054671578245631736,3.5275590551181097,16.0,222,256,0.11381918831966686,weak_evidence,0.0,True,False,4.964177248034227,57921.23046875,3916.533203125,14.788903212293636,11749.599609375,121,238.0,175.0,199.8614829319622,-0.054671578245631736,-24.8614829319622,1.0,10.961679856052953,237,240,210,226,251,267,True,True,UPPER_SEED_TRAJECTORY_OUTLIER;Z_EDGE_EVIDENCE_WEAK,True,ok,238.05467157824563,200,10,222,255,16,238.5,238.42053853028642,238.5,False,7.533906093007003,37502.5,28032.5,4977.8295,14,0.7894736842105263,1.0,0.7142857142857143,7.730666106108456,0.9223176821678338,1.0,0.7142857142857143,0.7894736842105263,0.9551110176847426,0.8796004860159381,assessable,238.42053853028642,False
flow05,164,0,0.15,128.0,19,238.1684907665653,209.0,200.0,219.0,221.0,high_confidence,0.5219046163071236,high_confidence,0.5219046163071236,high_confidence,0.9292699031911141,strong_evidence,0.9392236104092653,True,True,239.0,49542.5625,14373.0771484375,3697.425537109375,9.5118846880302,0.8315092334347014,3.5275590551181097,16.0,222,256,0.12448319421810083,strong_evidence,0.9194216834056539,True,True,4.964177248034227,56723.9296875,11923.1630859375,4.757456496959413,35769.4892578125,30,239.0,200.0,199.803551955079,0.8315092334347014,0.19644804492099865,0.0,9.5118846880302,237,240,210,226,251,267,True,True,,True,ok,238.1684907665653,200,10,222,255,16,239.5,238.9526507517625,238.5,False,7.822650171400341,34161.5,31373.5,4366.9983,14,0.8421052631578947,1.0,0.7142857142857143,8.100801813306674,0.9704416952333902,1.0,0.7142857142857143,0.8421052631578947,1.0,0.9088275256625136,assessable,238.9526507517625,False
flow05,165,0,0.15,128.0,19,238.2929739607834,209.0,200.0,219.0,221.0,model_assisted,0.007399390624489757,model_assisted,0.007399390624489757,model_assisted,0.0,strong_evidence,0.9485701722453326,True,True,239.0,49086.1953125,13621.853515625,2364.42919921875,14.999113447166469,0.7070260392166006,3.5275590551181097,16.0,222,256,0.13453886150801964,weak_evidence,0.0,True,False,4.964177248034227,55111.33203125,5079.8515625,10.849004415421833,15239.5546875,101,239.0,185.0,199.71907289061417,0.7070260392166006,-14.719072890614171,1.0,14.999113447166469,237,240,210,226,251,267,True,True,UPPER_SEED_TRAJECTORY_OUTLIER;Z_EDGE_EVIDENCE_WEAK,True,ok,238.2929739607834,200,10,222,255,16,237.5,239.065340636583,238.0,False,8.667697533606344,37492.0,28043.0,4325.4855,12,0.8947368421052632,1.0,0.8333333333333334,5.745309253029683,1.0,1.0,0.8333333333333334,0.8947368421052632,0.6242182088382805,0.9132990138662843,assessable,239.065340636583,False
flow05,166,0,0.15,128.0,19,238.42751282229142,211.0,200.0,219.0,221.0,high_confidence,0.577712922112992,high_confidence,0.577712922112992,high_confidence,0.9589025122670436,strong_evidence,0.9692284944836083,True,True,238.0,47862.6953125,13183.9072265625,4099.85888671875,8.458532121258461,-0.42751282229141907,3.5275590551181097,16.0,222,256,0.13678330849108988,strong_evidence,0.9486865411668912,True,True,4.964177248034227,50554.8671875,9485.384765625,5.329764520540132,28456.154296875,49,238.0,200.0,199.61472897398284,-0.42751282229141907,0.3852710260171648,0.0,8.458532121258461,237,240,210,226,251,267,True,True,,True,ok,238.42751282229142,200,10,222,255,16,238.0,237.71062114831093,239.0,False,3.667968334659026,32917.0,32618.0,8974.1778,11,0.8947368421052632,1.0,0.9090909090909091,7.457030296817393,0.27799472244317097,1.0,0.9090909090909091,0.8947368421052632,0.9095050494695656,0.7042773659360377,assessable,237.71062114831093,False
flow05,167,0,0.15,128.0,19,238.5642961307825,211.0,199.0,218.0,220.0,high_confidence,0.5,high_confidence,0.5,high_confidence,0.8991966010917601,strong_evidence,0.9686293753296659,True,True,239.0,51018.8046875,12286.13671875,3323.0791015625,11.65565633106297,0.43570386921749105,3.5275590551181097,16.0,222,256,0.13678330849108988,strong_evidence,0.8347408699429423,True,True,4.964177248034227,49527.5625,12047.0966796875,4.1111617028448,36141.2900390625,29,239.0,201.0,199.4995382400884,0.43570386921749105,1.5004617599115875,0.0,11.65565633106297,238,241,211,227,252,268,True,True,,True,ok,238.5642961307825,199,10,223,256,16,238.0,238.71007171912228,238.5,False,6.246363060028444,34436.5,31098.5,5513.0481,13,0.8947368421052632,1.0,0.7692307692307693,4.560579411890339,0.7077271766714074,1.0,0.7692307692307693,0.8947368421052632,0.42676323531505655,0.7784375155284415,assessable,238.71007171912228,False
flow05,168,0,0.15,128.0,19,238.69157143902123,216.0,199.0,218.0,220.0,high_confidence,0.5940595289271918,high_confidence,0.5940595289271918,high_confidence,0.9681566620993136,strong_evidence,0.9497241300839585,True,True,238.0,47791.859375,11912.5849609375,5314.501953125,6.751201661138725,-0.6915714390212315,3.5275590551181097,16.0,222,256,0.12727530823872257,strong_evidence,0.9869469382487122,True,True,4.964177248034227,45916.03125,5959.35986328125,7.704859633148321,17878.07958984375,68,238.0,199.0,199.3837335025305,-0.6915714390212315,-0.38373350253050376,0.0,6.751201661138725,238,241,211,227,252,268,True,True,,True,ok,238.69157143902123,199,10,223,256,16,239.0,239.24705450479198,238.5,False,5.453190489121653,35044.0,30491.0,6426.329699999999,13,0.7368421052631579,1.0,0.7692307692307693,4.879450195502488,0.5755317481869421,1.0,0.7692307692307693,0.7368421052631579,0.47990836591708136,0.7137994180927654,assessable,239.24705450479198,False
flow05,169,0,0.15,128.0,19,238.7985712406543,216.0,199.0,218.0,220.0,high_confidence,0.5,high_confidence,0.5,high_confidence,0.9506013079597638,strong_evidence,0.985621261861681,True,True,239.0,46232.6640625,20144.640625,4097.99609375,6.366043998257532,0.2014287593457027,3.5275590551181097,16.0,222,256,0.10699980163306577,strong_evidence,0.9168256425272086,True,True,4.964177248034227,46791.23828125,3677.108642578125,12.725008377354698,11031.325927734375,100,239.0,197.0,199.27701398636006,0.2014287593457027,-2.2770139863600605,0.0,6.366043998257532,238,241,211,227,252,268,True,True,,True,ok,238.7985712406543,199,10,223,256,16,239.0,237.97925806357833,238.5,False,3.512537330976533,31431.0,34104.0,8948.2323,11,0.631578947368421,1.0,0.9090909090909091,7.795725797472252,0.2520895551627555,1.0,0.9090909090909091,0.631578947368421,0.9659542995787086,0.6613817981882802,assessable,237.97925806357833,False
flow05,170,0,0.15,128.0,19,238.87939053531895,215.0,199.0,218.0,220.0,high_confidence,0.5,high_confidence,0.5,high_confidence,0.9195176885311878,strong_evidence,0.8821648241324089,True,True,239.0,48866.68359375,14145.142578125,7309.02880859375,4.7504999535369725,0.12060946468105271,3.5275590551181097,16.0,222,256,0.08081929466464999,strong_evidence,0.9584521581364152,True,True,4.964177248034227,47268.45703125,4854.5244140625,9.73699027948517,14563.5732421875,97,239.0,198.0,199.18680151117846,0.12060946468105271,-1.1868015111784587,0.0,4.7504999535369725,238,241,211,227,252,268,True,True,,True,ok,238.87939053531895,199,10,223,256,16,238.0,238.2522359657469,238.5,False,10.138261105822851,37352.0,28183.0,3684.261,17,0.8947368421052632,1.0,0.5882352941176471,5.578118890195393,1.0,1.0,0.5882352941176471,0.8947368421052632,0.5963531483658988,0.8614928999759088,assessable,238.2522359657469,False
flow05,171,0,0.15,128.0,19,238.9341067249074,213.0,199.0,218.0,220.0,high_confidence,0.5,high_confidence,0.5,high_confidence,0.8363004062379351,strong_evidence,0.8302553976617846,True,True,238.0,48442.546875,13241.125,7384.216796875,4.767116519371051,-0.9341067249073944,3.5275590551181097,16.0,222,256,0.05471618958844715,strong_evidence,0.842389427931963,True,True,4.964177248034227,47962.65234375,12183.17578125,3.936793920150515,36549.52734375,31,238.0,200.0,199.11697866995442,-0.9341067249073944,0.8830213300455796,0.0,4.767116519371051,238,241,211,227,252,268,True,True,,True,ok,238.9341067249074,199,10,223,256,16,238.0,238.07002486258895,238.5,False,7.643700449414253,38593.0,26942.0,5048.994299999999,15,0.6842105263157895,1.0,0.6666666666666666,8.70287812784908,0.9406167415690422,1.0,0.6666666666666666,0.6842105263157895,1.0,0.8651807718298664,assessable,238.07002486258895,False
flow05,172,0,0.15,128.0,19,238.96726671332826,218.0,199.0,218.0,220.0,high_confidence,0.5,high_confidence,0.5,high_confidence,0.8768817215765887,strong_evidence,0.9289233443592964,True,True,238.0,48992.51171875,15013.7734375,3242.22900390625,10.480054999295943,-0.9672667133282573,3.5275590551181097,16.0,222,256,0.033159988420862874,strong_evidence,0.8277556574546721,True,True,4.964177248034227,48147.5,12820.01171875,3.7556517931712596,38460.03515625,30,238.0,200.0,199.06765031990957,-0.9672667133282573,0.9323496800904252,0.0,10.480054999295943,238,241,211,227,252,268,True,True,,True,ok,238.96726671332826,199,10,223,256,16,237.0,238.01282264405714,239.0,False,7.267495149875311,39446.5,26088.5,5427.7986,17,0.7368421052631579,1.0,0.5882352941176471,6.377090960271793,0.8779158583125518,1.0,0.5882352941176471,0.7368421052631579,0.7295151600452988,0.8083954410269261,assessable,238.01282264405714,False
flow05,173,0,0.15,128.0,19,238.98526421351912,219.0,199.0,218.0,220.0,model_assisted,0.08173237691813212,model_assisted,0.08173237691813212,model_assisted,0.8550599144500385,strong_evidence,0.9989551210318994,True,True,239.0,46637.7578125,16116.724609375,4993.587890625,6.112044860655286,0.014735786480883917,3.5275590551181097,16.0,222,256,0.017997500190858773,weak_evidence,0.7318921960618892,True,False,4.964177248034227,47936.765625,2492.8310546875,19.229849345329715,7478.4931640625,116,239.0,193.0,199.0359440917629,0.014735786480883917,-6.0359440917629,1.0,6.112044860655286,238,241,211,227,252,268,True,True,UPPER_SEED_TRAJECTORY_OUTLIER;Z_EDGE_EVIDENCE_WEAK,True,ok,238.98526421351912,199,10,223,256,16,238.5,238.64191438891456,238.0,False,5.110481471129332,35467.0,30068.0,6940.0506,14,0.7894736842105263,1.0,0.7142857142857143,5.852716835549618,0.5184135785215553,1.0,0.7142857142857143,0.7894736842105263,0.642119472591603,0.7069348952304266,assessable,238.64191438891456,False
flow05,174,0,0.15,128.0,19,238.9940050915668,219.0,199.0,218.0,220.0,high_confidence,0.5805060736198208,high_confidence,0.5805060736198208,high_confidence,0.9819325783290712,strong_evidence,0.9995750473353978,True,True,239.0,50126.15234375,14797.2646484375,4335.4091796875,8.14891656843773,0.005994908433194723,3.5275590551181097,16.0,222,256,0.008740878047689193,strong_evidence,0.9646014983609854,True,True,4.964177248034227,46756.84375,6472.17138671875,7.224290111653657,19416.51416015625,71,239.0,198.0,199.01746471258232,0.005994908433194723,-1.0174647125823242,0.0,8.14891656843773,238,241,211,227,252,268,True,True,,True,ok,238.9940050915668,199,10,223,256,16,237.5,238.9826899227509,238.0,False,4.437938521223926,33915.0,31620.0,7642.061699999999,12,0.7894736842105263,1.0,0.8333333333333334,5.937490237316524,0.4063230868706544,1.0,0.8333333333333334,0.7894736842105263,0.6562483728860874,0.6929256369915835,assessable,238.9826899227509,False
flow05,175,0,0.15,128.0,19,238.99780386150712,214.0,199.0,218.0,220.0,high_confidence,0.8000150029257428,high_confidence,0.8000150029257428,high_confidence,0.9825781839932067,strong_evidence,0.9998443463744814,True,True,239.0,48416.2890625,12005.771484375,3500.955078125,10.400167030313714,0.002196138492877253,3.5275590551181097,16.0,222,256,0.00379876994031747,strong_evidence,0.965610188386048,True,True,4.964177248034227,47732.33984375,8829.1279296875,5.4062349332658775,26487.3837890625,47,239.0,199.0,199.00772730009768,0.002196138492877253,-0.00772730009768452,0.0,10.400167030313714,238,241,211,227,252,268,True,True,,True,ok,238.99780386150712,199,10,223,256,16,239.5,239.29221451034937,239.5,False,6.764499003503717,35909.0,29626.0,5308.449299999999,16,0.7368421052631579,1.0,0.625,4.029689364400239,0.7940831672506196,1.0,0.625,0.7368421052631579,0.3382815607333732,0.7472835804005279,assessable,239.29221451034937,False
flow05,176,0,0.15,128.0,19,238.99928118628551,214.0,199.0,218.0,220.0,high_confidence,0.5,high_confidence,0.5,high_confidence,0.9229443926633972,strong_evidence,0.8826122626369763,True,True,240.0,47901.28125,20051.390625,5113.2744140625,5.446586349523385,1.0007188137144851,3.5275590551181097,16.0,222,256,0.0014773247783921306,strong_evidence,0.9651195525018084,True,True,4.964177248034227,47581.3359375,6953.3388671875,6.842947948651579,20860.0166015625,66,240.0,198.0,199.00309980727096,1.0007188137144851,-1.0030998072709565,0.0,5.446586349523385,238,241,211,227,252,268,True,True,,True,ok,238.99928118628551,199,10,223,256,16,239.0,239.63860013695242,239.0,False,3.6214402075765526,35605.5,29929.5,9831.8619,9,0.7368421052631579,1.0,0.9,6.3201587252148865,0.2702400345960921,1.0,0.9,0.7368421052631579,0.7200264542024811,0.657112973318354,assessable,239.63860013695242,False
flow05,177,0,0.15,128.0,19,238.99979529389134,213.0,199.0,218.0,220.0,high_confidence,0.5,high_confidence,0.5,high_confidence,0.8944795143405591,strong_evidence,0.9502018285882929,True,True,239.0,47110.296875,15183.09375,5893.3916015625,5.417458279292898,0.00020470610866141215,3.5275590551181097,16.0,222,256,0.0005141076058237104,strong_evidence,0.8420249019764727,True,True,4.964177248034227,47965.48828125,4426.3642578125,10.83631745774001,13279.0927734375,79,239.0,195.0,199.00112037491786,0.00020470610866141215,-4.0011203749178605,0.0,5.417458279292898,238,241,211,227,252,268,True,True,,True,ok,238.99979529389134,199,10,223,256,16,238.0,238.47132393070757,238.5,False,5.875818446926056,31810.0,33725.0,5413.7139,15,0.631578947368421,1.0,0.6666666666666666,10.109300069602323,0.6459697411543427,1.0,0.6666666666666666,0.631578947368421,1.0,0.7541595848426164,assessable,238.47132393070757,False
flow05,178,0,0.15,128.0,19,238.9999553886572,212.0,199.0,218.0,220.0,high_confidence,0.5,high_confidence,0.5,high_confidence,0.9238600084389237,strong_evidence,0.9264192384184948,True,True,240.0,48654.375,10308.533203125,4795.52978515625,7.996163826480248,1.000044611342787,3.5275590551181097,16.0,222,256,0.00016009476587441895,strong_evidence,0.9213078483234234,True,True,4.964177248034227,49708.1484375,10593.6904296875,4.692240986974577,31781.0712890625,45,240.0,199.0,199.00033710118586,1.000044611342787,-0.00033710118586327553,0.0,7.996163826480248,238,241,211,227,252,268,True,True,,True,ok,238.9999553886572,199,10,223,256,16,239.5,239.60454044911353,239.0,False,16.597159931628095,38596.0,26939.0,2325.4581,16,0.8421052631578947,1.0,0.625,4.869954834022401,1.0,1.0,0.625,0.8421052631578947,0.47832580567040023,0.8491483700407242,assessable,239.60454044911353,False
flow05,179,0,0.15,128.0,19,239.0,212.0,199.0,218.0,220.0,model_assisted,2.2630063940687053e-05,model_assisted,2.2630063940687053e-05,model_assisted,0.0,strong_evidence,0.9114609364215895,True,True,239.0,48135.3046875,15311.310546875,6585.12548828125,4.984566231735125,0.0,3.5275590551181097,16.0,223,256,4.461134278699319e-05,weak_evidence,0.0,True,False,4.964177248034227,51360.04296875,1526.5299072265625,33.64496347278397,7704.0064453125,148,239.0,169.0,198.99997769432863,0.0,-29.999977694328635,1.0,4.984566231735125,238,241,211,227,252,268,True,True,UPPER_SEED_TRAJECTORY_OUTLIER;Z_EDGE_EVIDENCE_WEAK,True,ok,239.0,199,10,223,256,16,239.0,238.51128993314296,239.0,False,3.8640912211187475,36928.5,28606.5,9556.8396,11,0.6842105263157895,1.0,0.9090909090909091,11.843041151848913,0.31068187018645793,1.0,0.9090909090909091,0.6842105263157895,1.0,0.6931884153308105,assessable,238.51128993314296,False
flow05,180,0,0.15,128.0,19,239.0,211.0,199.0,218.0,220.0,high_confidence,0.5,high_confidence,0.5,high_confidence,0.8804235020238163,strong_evidence,0.7982382897211738,True,True,238.0,47712.4921875,15576.982421875,7214.18310546875,4.454490452462248,-1.0,3.5275590551181097,16.0,223,256,0.0,strong_evidence,0.9710703594369554,True,True,4.964177248034227,52179.8359375,9496.8623046875,5.494429029653811,28490.5869140625,47,238.0,199.0,198.9995605457598,-1.0,0.0004394542401939816,0.0,4.454490452462248,238,241,211,227,252,268,True,True,,True,ok,239.0,199,10,223,256,16,240.0,239.31997307143632,238.5,False,7.088922372069731,38353.75,27181.25,5410.378049999999,17,0.8947368421052632,1.0,0.5882352941176471,4.8077528827162475,0.8481537286782884,1.0,0.5882352941176471,0.8947368421052632,0.46795881378604126,0.795507271555324,assessable,239.31997307143632,False
flow05,181,0,0.15,128.0,19,239.0,209.0,199.0,218.0,220.0,model_assisted,1.3698867778156294e-05,model_assisted,1.3698867778156294e-05,model_assisted,0.0,strong_evidence,0.9894604803908501,True,True,239.0,51484.43359375,16692.783203125,5922.79736328125,5.874192253531751,0.0,3.5275590551181097,16.0,223,256,0.0,weak_evidence,0.0,True,False,4.964177248034227,52547.87109375,1694.4053955078125,31.012573043655486,7882.1806640625,139,239.0,167.0,198.9985425238963,0.0,-31.998542523896305,1.0,5.874192253531751,238,241,211,227,252,268,True,True,UPPER_SEED_TRAJECTORY_OUTLIER;Z_EDGE_EVIDENCE_WEAK,True,ok,239.0,199,10,223,256,16,238.0,238.50480715004355,238.5,False,5.751414544313748,37122.5,28412.5,6454.4991,13,0.8947368421052632,1.0,0.7692307692307693,6.739267067329328,0.6252357573856248,1.0,0.7692307692307693,0.8947368421052632,0.789877844554888,0.7858769797024008,assessable,238.50480715004355,False
flow05,182,0,0.15,128.0,19,239.0,211.0,199.0,218.0,220.0,high_confidence,0.719843535008542,high_confidence,0.719843535008542,high_confidence,0.9386260084551069,strong_evidence,0.9264226511541201,True,True,238.0,50202.01953125,13997.021484375,3456.998291015625,10.472958040207304,-1.0,3.5275590551181097,16.0,223,256,0.0,strong_evidence,0.9509901152036919,True,True,4.964177248034227,51893.296875,10052.0078125,5.162480754389088,30156.0234375,47,238.0,199.0,198.995904476537,-1.0,0.0040955234630075665,0.0,10.472958040207304,238,241,211,227,252,268,True,True,,True,ok,239.0,199,10,223,256,16,238.5,238.55394215953277,239.5,False,6.389611762588924,38584.5,26950.5,6038.6298,16,0.8421052631578947,1.0,0.625,5.947659245493169,0.7316019604314873,1.0,0.625,0.8421052631578947,0.6579432075821948,0.7731707963829242,assessable,238.55394215953277,False
flow05,183,0,0.15,128.0,19,239.0,211.0,199.0,218.0,220.0,high_confidence,0.5,high_confidence,0.5,high_confidence,0.9091744497279848,strong_evidence,1.0,True,True,239.0,49211.84375,12755.33203125,3423.03369140625,10.650351414967506,0.0,3.5275590551181097,16.0,223,256,0.0,strong_evidence,0.8265981800381839,True,True,4.964177248034227,51513.51171875,13654.513671875,3.772636137518057,40963.541015625,27,239.0,200.0,198.98963465254297,0.0,1.010365347457025,0.0,10.650351414967506,238,241,211,227,252,268,True,True,,True,ok,239.0,199,10,223,256,16,239.0,239.12520877137632,238.0,False,6.14390394667259,37852.25,27682.75,6160.9443,15,0.8947368421052632,1.0,0.6666666666666666,7.96576423668021,0.690650657778765,1.0,0.6666666666666666,0.8947368421052632,0.9942940394467016,0.8087009938163606,assessable,239.12520877137632,False
flow05,184,0,0.15,128.0,19,239.0,211.0,199.0,218.0,220.0,model_assisted,2.1777923993207424e-06,model_assisted,2.1777923993207424e-06,model_assisted,0.0,strong_evidence,1.0,True,True,239.0,47450.40234375,14767.2724609375,3419.123779296875,9.558919767898434,0.0,3.5275590551181097,16.0,223,256,4.461134275857148e-05,weak_evidence,0.0,True,False,4.964177248034227,51597.2734375,3115.50439453125,16.56145102156506,9346.51318359375,150,239.0,160.0,198.9762654634237,0.0,-38.97626546342369,1.0,9.558919767898434,238,241,211,227,252,268,True,True,UPPER_SEED_TRAJECTORY_OUTLIER;Z_EDGE_EVIDENCE_WEAK,True,ok,239.0,199,10,223,256,16,238.0,238.97100646396538,238.0,False,9.541916710771496,36608.5,28926.5,3836.59815,15,0.6842105263157895,1.0,0.6666666666666666,7.139158727145519,1.0,1.0,0.6666666666666666,0.6842105263157895,0.8565264545242531,0.8716175577331271,assessable,238.97100646396538,False
flow05,185,0,0.15,128.0,19,239.00004461134276,211.0,199.0,218.0,220.0,model_assisted,0.07432087741719118,model_assisted,0.07432087741719118,model_assisted,0.818149132855032,strong_evidence,0.9999968383652418,True,True,239.0,48934.53125,15296.0341796875,4461.80712890625,7.53920913622246,-4.461134275857148e-05,3.5275590551181097,16.0,223,257,0.00016009476590284066,weak_evidence,0.669370119895278,True,False,4.964177248034227,52011.625,4950.82568359375,10.505646597972186,14852.47705078125,102,239.0,192.0,198.95068671911784,-4.461134275857148e-05,-6.95068671911784,1.0,7.53920913622246,238,241,211,227,252,268,True,True,UPPER_SEED_TRAJECTORY_OUTLIER;Z_EDGE_EVIDENCE_WEAK,True,ok,239.00004461134276,199,10,223,256,16,238.5,239.08445444436532,238.0,False,8.134413507618449,35529.0,30006.0,4367.7396,14,0.7368421052631579,1.0,0.7142857142857143,7.5364216889763505,1.0,1.0,0.7142857142857143,0.7368421052631579,0.9227369481627251,0.8956571534628892,assessable,239.08445444436532,False
flow05,186,0,0.15,128.0,19,239.00020470610866,211.0,199.0,218.0,220.0,high_confidence,0.5,high_confidence,0.5,high_confidence,0.854923352557891,strong_evidence,0.8777225944055722,True,True,240.0,48628.4375,15162.353515625,6214.01220703125,5.385583881941463,0.9997952938913386,3.5275590551181097,16.0,223,257,0.0005141076058237104,strong_evidence,0.8327163313413548,True,True,4.964177248034227,52392.7265625,13457.486328125,3.8932030310150614,40372.458984375,26,240.0,200.0,198.90677093578458,0.9997952938913386,1.0932290642154214,0.0,5.385583881941463,238,241,211,227,252,268,True,True,,True,ok,239.00020470610866,199,10,223,256,16,240.0,238.73404635253303,238.5,False,5.530926667181205,37794.5,27740.5,6833.3034,13,0.9473684210526315,1.0,0.7692307692307693,7.232913865251081,0.5884877778635342,1.0,0.7692307692307693,0.9473684210526315,0.8721523108751802,0.7891373703438036,assessable,238.73404635253303,False
flow05,187,0,0.15,128.0,19,239.00071881371449,211.0,199.0,218.0,220.0,high_confidence,0.5,high_confidence,0.5,high_confidence,0.8938110618139117,strong_evidence,0.8227639474495173,True,True,240.0,51158.8828125,18131.11328125,6979.87060546875,4.731859857885136,0.9992811862855149,3.5275590551181097,16.0,223,257,0.0014773247783921306,strong_evidence,0.9709932194980271,True,True,4.964177248034227,52694.11328125,7926.06640625,6.648204869908574,23778.19921875,56,240.0,198.0,198.83915015805513,0.9992811862855149,-0.8391501580551335,0.0,4.731859857885136,238,241,211,227,252,268,True,True,,True,ok,239.00071881371449,199,10,223,256,16,238.5,239.27725609587196,239.5,False,6.331414222883714,34107.5,31427.5,5387.027099999999,14,0.8421052631578947,1.0,0.7142857142857143,4.9069961877165245,0.721902370480619,1.0,0.7142857142857143,0.8421052631578947,0.4844993646194207,0.7702886984609858,assessable,239.27725609587196,False
flow05,188,0,0.15,128.0,19,239.00219613849288,209.0,199.0,218.0,220.0,high_confidence,0.5,high_confidence,0.5,high_confidence,0.8879185869000675,strong_evidence,0.9331140722501279,True,True,239.0,51448.08203125,12944.771484375,7367.873046875,5.225837945620649,-0.002196138492877253,3.5275590551181097,16.0,223,257,0.00379876994031747,strong_evidence,0.8449121499812475,True,True,4.964177248034227,54692.67578125,13203.4609375,4.142298450394457,39610.3828125,25,239.0,200.0,198.7456931945152,-0.002196138492877253,1.254306805484788,0.0,5.225837945620649,238,241,211,227,252,268,True,True,,True,ok,239.00219613849288,199,10,223,256,16,239.0,239.15206731489948,238.5,False,4.2830657082518435,36859.0,28676.0,8605.751699999999,13,0.7894736842105263,1.0,0.7692307692307693,6.47460002632338,0.38051095137530727,1.0,0.7692307692307693,0.7894736842105263,0.7457666710538966,0.68002270656448,assessable,239.15206731489948,False
flow05,189,0,0.15,128.0,19,239.0059949084332,209.0,199.0,218.0,220.0,model_assisted,0.028732900453475742,model_assisted,0.028732900453475742,model_assisted,0.5574935872097336,strong_evidence,0.9995750473353978,True,True,239.0,47128.609375,16380.5185546875,4318.83984375,7.11952559778514,-0.005994908433194723,3.5275590551181097,16.0,223,257,0.008740878047689193,weak_evidence,0.31093123083502827,True,False,4.964177248034227,55363.41015625,6414.40234375,8.631109679328805,19243.20703125,81,239.0,189.0,198.6299053686114,-0.005994908433194723,-9.62990536861139,1.0,7.11952559778514,238,241,211,227,252,268,True,True,UPPER_SEED_TRAJECTORY_OUTLIER;Z_EDGE_EVIDENCE_WEAK,True,ok,239.0059949084332,199,10,223,256,16,238.5,239.3162606787331,238.5,False,6.617785829763045,32849.0,32686.0,4963.7447999999995,12,0.7894736842105263,1.0,0.8333333333333334,5.122414527844503,0.7696309716271742,1.0,0.8333333333333334,0.7894736842105263,0.5204024213074172,0.8064988014984984,assessable,239.3162606787331,False
flow05,190,0,0.15,128.0,19,239.01473578648088,209.0,199.0,218.0,220.0,high_confidence,0.5,high_confidence,0.5,high_confidence,0.9725334630594706,strong_evidence,0.9989551210318994,True,True,239.0,50537.98828125,13615.75,5448.623046875,6.7764346998507,-0.014735786480883917,3.5275590551181097,16.0,223,257,0.017997500190858773,strong_evidence,0.9468106392942192,True,True,4.964177248034227,55843.99609375,8106.8232421875,6.888517786244636,24320.4697265625,67,239.0,197.0,198.50147732477842,-0.014735786480883917,-1.5014773247784206,0.0,6.7764346998507,238,241,211,227,252,268,True,True,,True,ok,239.01473578648088,199,10,223,256,16,238.0,239.33272897210142,239.0,False,5.961763347437164,41207.0,24328.0,6911.8812,15,0.8947368421052632,1.0,0.6666666666666666,6.070810940376685,0.6602938912395273,1.0,0.6666666666666666,0.8947368421052632,0.6784684900627808,0.7664935705892353,assessable,239.33272897210142,False
flow05,191,0,0.15,128.0,19,239.03273328667174,210.0,198.0,217.0,219.0,model_assisted,0.019432026572546047,model_assisted,0.019432026572546047,model_assisted,0.0,strong_evidence,0.9239151895315918,True,True,238.0,49862.5546875,17207.89453125,3791.516357421875,8.612559482257979,-1.0327332866717427,3.5275590551181097,16.0,223,257,0.03315998842083445,weak_evidence,0.0,True,False,4.964177248034227,56142.296875,4734.701171875,11.857622020265106,14204.103515625,97,238.0,187.0,198.37440750893478,-1.0327332866717427,-11.37440750893478,1.0,8.612559482257979,238,241,211,227,252,268,True,True,UPPER_SEED_TRAJECTORY_OUTLIER;Z_EDGE_EVIDENCE_WEAK,True,ok,239.03273328667174,198,10,223,256,16,238.5,238.82093934072662,238.5,False,5.523836050990324,35649.5,29885.5,6453.757799999999,12,0.8421052631578947,1.0,0.8333333333333334,4.462936059140245,0.5873060084983873,1.0,0.8333333333333334,0.8421052631578947,0.41048934319004077,0.7395884934337906,assessable,238.82093934072662,False
flow05,192,0,0.15,128.0,19,239.06589327509258,211.0,198.0,217.0,219.0,high_confidence,0.5,high_confidence,0.5,high_confidence,0.8417319439053121,strong_evidence,0.8043300598831375,True,True,240.0,50249.1015625,18078.9453125,7190.38623046875,4.474051214895975,0.9341067249074229,3.5275590551181097,16.0,223,257,0.05467157824568858,strong_evidence,0.8808730404699241,True,True,4.964177248034227,56327.15625,12715.6533203125,4.429749288620563,38146.9599609375,37,240.0,199.0,198.26320777829838,0.9341067249074229,0.7367922217016201,0.0,4.474051214895975,238,241,211,227,252,268,True,True,,True,ok,239.06589327509258,198,10,223,256,16,238.5,238.6019686751548,238.5,False,2.964108770843326,32559.5,32975.5,10984.5834,10,0.7894736842105263,1.0,1.0,6.297675914465621,0.16068479514055434,1.0,1.0,0.7894736842105263,0.7162793190776036,0.6462886628385334,assessable,238.6019686751548,False
flow05,193,0,0.15,128.0,19,239.12056485333827,211.0,198.0,217.0,219.0,model_assisted,0.00023027761598247903,model_assisted,0.00023027761598247903,model_assisted,0.0,strong_evidence,0.8727397050825171,True,True,240.0,49779.73828125,14605.23046875,6737.3330078125,5.220835569759164,0.8794351466617343,3.5275590551181097,16.0,223,257,0.08065919989877557,weak_evidence,0.0,True,False,4.964177248034227,56158.578125,1193.147705078125,47.06758256834836,8423.78671875,123,240.0,175.0,198.1788919534785,0.8794351466617343,-23.178891953478512,1.0,5.220835569759164,238,241,211,227,252,268,True,True,UPPER_SEED_TRAJECTORY_OUTLIER;Z_EDGE_EVIDENCE_WEAK,True,ok,239.12056485333827,198,10,223,256,16,240.0,239.2987833992246,240.0,False,7.071515777940919,38225.5,27309.5,5405.5596,13,0.8947368421052632,1.0,0.7692307692307693,5.600841797360132,0.8452526296568198,1.0,0.7692307692307693,0.8947368421052632,0.6001402995600219,0.8439091304978323,assessable,239.2987833992246,False
flow05,194,0,0.15,128.0,19,239.20122405323704,211.0,198.0,217.0,219.0,model_assisted,0.00023045313903897587,model_assisted,0.00023045313903897587,model_assisted,0.0,strong_evidence,0.9856359810279767,True,True,239.0,50290.57421875,11652.9140625,3501.14599609375,11.035718076126582,-0.2012240532370413,3.5275590551181097,16.0,223,257,0.10648569402724206,weak_evidence,0.0,True,False,4.964177248034227,56004.4765625,2166.81982421875,25.846392919490892,8400.671484375,126,239.0,173.0,198.1263890526363,-0.2012240532370413,-25.126389052636313,1.0,11.035718076126582,238,241,211,227,252,268,True,True,UPPER_SEED_TRAJECTORY_OUTLIER;Z_EDGE_EVIDENCE_WEAK,True,ok,239.20122405323704,198,10,223,256,16,239.0,240.0284432282032,240.0,False,8.237574823876937,40590.0,24945.0,4927.4211,15,1.0,1.0,0.6666666666666666,8.156287536432238,1.0,1.0,0.6666666666666666,1.0,1.0,0.9333333333333333,assessable,240.0284432282032,False
flow05,195,0,0.15,128.0,19,239.30770974726428,211.0,198.0,217.0,219.0,high_confidence,0.5,high_confidence,0.5,high_confidence,0.9299665658286933,strong_evidence,0.9779493293283377,True,True,239.0,49963.79296875,13348.0009765625,4809.25048828125,7.61361714916068,-0.30770974726428335,3.5275590551181097,16.0,223,257,0.12579798346033044,strong_evidence,0.8843380609025928,True,True,4.964177248034227,56252.60546875,12332.7353515625,4.5612432169496815,36998.2060546875,35,239.0,199.0,198.10398485912782,-0.30770974726428335,0.8960151408721799,0.0,7.61361714916068,238,241,211,227,252,268,True,True,,True,ok,239.30770974726428,198,10,223,256,16,239.0,239.23115356456015,240.0,False,9.241059294923557,37937.5,27597.5,4105.319399999999,17,0.8421052631578947,1.0,0.5882352941176471,11.778303690892763,1.0,1.0,0.5882352941176471,0.8421052631578947,1.0,0.8939628482972136,assessable,239.23115356456015,False
flow05,196,0,0.15,128.0,19,239.4335077307246,210.0,198.0,217.0,219.0,high_confidence,0.534489763995941,high_confidence,0.534489763995941,high_confidence,0.9420183595951542,strong_evidence,0.9687900442172827,True,True,239.0,50602.0625,11507.38671875,3872.646728515625,10.095079288638054,-0.4335077307246138,3.5275590551181097,16.0,223,257,0.1329845385507724,strong_evidence,0.9159864875895827,True,True,4.964177248034227,57308.05859375,12297.2099609375,4.660248851226496,36891.6298828125,35,239.0,198.0,198.1043937364751,-0.4335077307246138,-0.10439373647508887,0.0,10.095079288638054,238,241,211,227,252,268,True,True,,True,ok,239.4335077307246,198,10,223,256,16,239.0,239.10297280202403,239.0,False,15.319032557908589,38996.5,26538.5,2545.6241999999997,15,0.8947368421052632,1.0,0.6666666666666666,9.46355683540427,1.0,1.0,0.6666666666666666,0.8947368421052632,1.0,0.9175438596491228,assessable,239.10297280202403,False
flow05,197,0,0.15,128.0,19,239.5664922692754,210.0,198.0,217.0,219.0,model_assisted,0.0001449182655854532,model_assisted,0.0001449182655854532,model_assisted,0.0,strong_evidence,0.8926438698304903,True,True,241.0,49903.99609375,17160.84765625,5223.4892578125,6.26844372055093,1.4335077307246138,3.5275590551181097,16.0,223,257,0.1329845385507724,weak_evidence,0.0,True,False,4.964177248034227,58792.91796875,1920.4251708984375,30.61453206283729,8818.9376953125,141,241.0,173.0,198.11685104148427,1.4335077307246138,-25.116851041484267,1.0,6.26844372055093,239,242,212,228,253,269,True,True,UPPER_SEED_TRAJECTORY_OUTLIER;Z_EDGE_EVIDENCE_WEAK,True,ok,239.5664922692754,198,10,224,257,16,239.0,239.43897569689426,239.0,False,9.686054375884984,40109.0,25426.0,4140.9018,17,0.8421052631578947,1.0,0.5882352941176471,11.069031474928563,1.0,1.0,0.5882352941176471,0.8421052631578947,1.0,0.8939628482972136,assessable,239.43897569689426,False
flow05,198,0,0.15,128.0,19,239.6922902527357,210.0,198.0,217.0,219.0,model_assisted,0.0003138333081391123,model_assisted,0.0003138333081391123,model_assisted,0.0,strong_evidence,0.9779493293283357,True,True,240.0,48189.0078125,10925.4833984375,3814.389404296875,9.769197757335808,0.3077097472643118,3.5275590551181097,16.0,223,257,0.12579798346030202,weak_evidence,0.0,True,False,4.964177248034227,59775.640625,2077.85595703125,28.76794246623564,8966.34609375,140,240.0,174.0,198.12989350692334,0.3077097472643118,-24.129893506923338,2.0,9.769197757335808,239,242,212,228,253,269,True,True,UPPER_SEED_TRAJECTORY_OUTLIER;Z_EDGE_EVIDENCE_WEAK,True,ok,239.6922902527357,198,10,224,257,16,239.5,239.50573402978583,239.5,False,6.819030391948538,38316.5,27218.5,5619.054,14,0.9473684210526315,1.0,0.7142857142857143,8.321940631494467,0.803171731991423,1.0,0.7142857142857143,0.9473684210526315,1.0,0.8660725122120356,assessable,239.50573402978583,False
flow05,199,0,0.15,128.0,19,239.79877594676293,210.0,198.0,217.0,219.0,model_assisted,0.004991745392417451,model_assisted,0.004991745392417451,model_assisted,0.0,strong_evidence,0.8025456624713018,True,True,240.0,46644.82421875,12593.1005859375,8560.1513671875,3.977934755142121,0.2012240532370697,3.5275590551181097,16.0,223,257,0.10648569402724206,weak_evidence,0.0,True,False,4.964177248034227,59537.5,743.4580078125,80.08185986882981,8930.625,129,240.0,185.0,198.13444201465447,0.2012240532370697,-13.134442014654468,1.0,3.977934755142121,239,242,212,228,253,269,True,True,UPPER_SEED_TRAJECTORY_OUTLIER;Z_EDGE_EVIDENCE_WEAK,True,ok,239.79877594676293,198,10,224,257,16,239.0,238.46833383902398,238.0,False,6.957826887103948,40014.5,25520.5,5751.0054,13,0.7894736842105263,1.0,0.7692307692307693,6.176092524377931,0.8263044811839914,1.0,0.7692307692307693,0.7894736842105263,0.6960154207296552,0.8310753169650954,assessable,238.46833383902398,False
flow05,200,0,0.15,128.0,19,239.87943514666176,211.0,198.0,217.0,219.0,high_confidence,0.5,high_confidence,0.5,high_confidence,0.8951385625314086,strong_evidence,0.8046987503078311,True,True,241.0,46889.7109375,15286.412109375,6842.2392578125,4.618853220024454,1.1205648533382373,3.5275590551181097,16.0,223,257,0.08065919989883241,strong_evidence,0.9957428737453311,True,True,4.964177248034227,57761.9765625,9584.6845703125,6.026486958309649,28754.0537109375,50,241.0,198.0,198.12625974337186,1.1205648533382373,-0.12625974337186108,0.0,4.618853220024454,239,242,212,228,253,269,True,True,,True,ok,239.87943514666176,198,10,224,257,16,240.5,239.28556087690282,239.5,False,5.533154656807324,39413.5,26121.5,7123.151699999999,14,0.8947368421052632,1.0,0.7142857142857143,5.92720089333415,0.5888591094678873,1.0,0.7142857142857143,0.8947368421052632,0.6545334822223583,0.7486217057089287,assessable,239.28556087690282,False
flow05,201,0,0.15,128.0,19,239.9341067249074,211.0,198.0,217.0,219.0,model_assisted,0.015829724276462526,model_assisted,0.015829724276462526,model_assisted,0.0,strong_evidence,0.931449790371436,True,True,239.0,46712.5625,11917.634765625,3885.41748046875,8.955261026461748,-0.9341067249073944,3.5275590551181097,16.0,223,257,0.054671578245631736,weak_evidence,0.0,True,False,4.964177248034227,55330.25390625,3495.272216796875,15.830027097848063,10485.816650390625,118,239.0,186.0,198.10656574141018,-0.9341067249073944,-12.10656574141018,1.0,8.955261026461748,239,242,212,228,253,269,True,True,UPPER_SEED_TRAJECTORY_OUTLIER;Z_EDGE_EVIDENCE_WEAK,True,ok,239.9341067249074,198,10,224,257,16,239.0,239.49030646035283,239.5,False,4.896574899564351,39728.5,25806.5,8113.528499999999,11,0.7894736842105263,1.0,0.9090909090909091,7.242290359119821,0.4827624832607252,1.0,0.9090909090909091,0.7894736842105263,0.8737150598533034,0.756577609576345,assessable,239.49030646035283,False
flow05,202,0,0.15,128.0,19,239.96726671332829,214.0,198.0,217.0,219.0,model_assisted,0.03983857993945311,model_assisted,0.03983857993945311,model_assisted,0.7229291473138288,strong_evidence,0.9153618767816447,True,True,241.0,46856.953125,16369.3994140625,5176.6630859375,5.88942204752662,1.0327332866717143,3.5275590551181097,16.0,223,257,0.033159988420891295,weak_evidence,0.5709507521477977,True,False,4.964177248034227,46896.3515625,6502.8603515625,7.2116498013419275,19508.5810546875,84,241.0,190.0,198.0804767994615,1.0327332866717143,-8.080476799461508,1.0,5.88942204752662,239,242,212,228,253,269,True,True,UPPER_SEED_TRAJECTORY_OUTLIER;Z_EDGE_EVIDENCE_WEAK,True,ok,239.96726671332829,198,10,224,257,16,240.5,239.84472799190908,240.0,False,8.951426061432318,36383.5,29151.5,4064.5478999999996,14,0.9473684210526315,1.0,0.7142857142857143,9.986725102068778,1.0,1.0,0.7142857142857143,0.9473684210526315,1.0,0.9349624060150377,assessable,239.84472799190908,False
flow05,203,0,0.15,128.0,19,239.98526421351914,212.0,198.0,217.0,219.0,high_confidence,0.5,high_confidence,0.5,high_confidence,0.8550569452968271,strong_evidence,0.9989551210319014,True,True,240.0,48806.765625,16985.51953125,4258.69580078125,7.472063651015517,0.014735786480855495,3.5275590551181097,16.0,223,257,0.017997500190858773,strong_evidence,0.731887113151896,True,True,4.964177248034227,51401.625,15367.916015625,3.3447361989575226,46103.748046875,14,240.0,201.0,198.05395276453118,0.014735786480855495,2.946047235468825,0.0,7.472063651015517,239,242,212,228,253,269,True,True,,True,ok,239.98526421351914,198,10,224,257,16,239.0,239.86832319312416,239.5,False,15.076875304573205,38503.0,27032.0,2553.7785,17,0.8421052631578947,1.0,0.5882352941176471,7.260332909820445,1.0,1.0,0.5882352941176471,0.8421052631578947,0.8767221516367408,0.8816350634608877,assessable,239.86832319312416,False
flow05,204,0,0.15,128.0,19,239.9940050915668,212.0,198.0,217.0,219.0,high_confidence,0.5,high_confidence,0.5,high_confidence,0.8014121023000622,strong_evidence,0.8127215541840485,True,True,238.0,46451.125,15554.1552734375,5592.716796875,5.5245010338851,-1.9940050915668053,3.5275590551181097,16.0,223,257,0.008740878047660772,strong_evidence,0.790260027443002,True,True,4.964177248034227,50877.16796875,13774.0048828125,3.6937091573298066,41322.0146484375,21,238.0,200.0,198.03096384992799,-1.9940050915668053,1.9690361500720144,0.0,5.5245010338851,239,242,212,228,253,269,True,True,,True,ok,239.9940050915668,198,10,224,257,16,239.0,238.10304112989627,239.5,False,5.569239758208572,35765.0,29770.0,6421.881899999999,13,0.7368421052631579,1.0,0.7692307692307693,11.156179230368124,0.594873293034762,1.0,0.7692307692307693,0.7368421052631579,1.0,0.7725781221977942,assessable,238.10304112989627,False
flow05,205,0,0.15,128.0,19,239.99780386150712,208.0,198.0,217.0,219.0,high_confidence,0.5,high_confidence,0.5,high_confidence,0.9206151290189193,strong_evidence,0.9998443463744814,True,True,240.0,49380.41796875,14303.06640625,1750.8695068359375,20.03424665604555,0.002196138492877253,3.5275590551181097,16.0,223,257,0.00379876994031747,strong_evidence,0.8476641577779016,True,True,4.964177248034227,51480.03125,12685.09375,4.058309088176822,38055.28125,24,240.0,199.0,198.01200259175766,0.002196138492877253,0.987997408242336,0.0,20.03424665604555,239,242,212,228,253,269,True,True,,True,ok,239.99780386150712,198,10,224,257,16,241.0,240.0456111484528,240.0,False,7.235483156163043,35722.0,29813.0,4937.058,13,1.0,1.0,0.7692307692307693,5.497663798080784,0.8725805260271738,1.0,0.7692307692307693,1.0,0.5829439663467973,0.8675437345903444,assessable,240.0456111484528,False
flow05,206,0,0.15,128.0,19,239.99928118628554,210.0,198.0,217.0,219.0,high_confidence,0.5,high_confidence,0.5,high_confidence,0.9373342551289696,strong_evidence,0.9999490559893316,True,True,240.0,47280.609375,13780.697265625,2895.94921875,11.567852050884655,0.0007188137144567008,3.5275590551181097,16.0,223,257,0.0014773247784205523,strong_evidence,0.8786402672973311,True,True,4.964177248034227,52965.50390625,11695.2900390625,4.528789258696806,35085.8701171875,39,240.0,199.0,197.9940050915668,0.0007188137144567008,1.0059949084331947,0.0,11.567852050884655,239,242,212,228,253,269,True,True,,True,ok,239.99928118628554,198,10,224,257,16,241.0,240.26940525963786,240.0,False,5.426087837952996,41197.0,24338.0,7592.3946,15,0.7894736842105263,1.0,0.6666666666666666,8.364955543048763,0.5710146396588326,1.0,0.6666666666666666,0.7894736842105263,1.0,0.7516095098455037,assessable,240.26940525963786,False
flow05,207,0,0.15,128.0,19,239.99979529389134,210.0,198.0,217.0,219.0,model_assisted,0.05230102400627754,model_assisted,0.05230102400627754,model_assisted,0.7628862665113716,strong_evidence,0.9999854922631779,True,True,240.0,49105.4921875,16097.046875,4427.76904296875,7.454870611401256,0.00020470610866141215,3.5275590551181097,16.0,223,257,0.0005141076057952887,weak_evidence,0.5820038991910583,True,False,4.964177248034227,53899.69921875,6242.349609375,8.634521068445343,18727.048828125,86,240.0,190.0,197.97106548326855,0.00020470610866141215,-7.971065483268546,1.0,7.454870611401256,239,242,212,228,253,269,True,True,UPPER_SEED_TRAJECTORY_OUTLIER;Z_EDGE_EVIDENCE_WEAK,True,ok,239.99979529389134,198,10,224,257,16,239.5,240.12900207371445,240.5,False,9.494427929934483,39132.5,26402.5,4121.628,14,0.8947368421052632,1.0,0.7142857142857143,5.345400236596118,1.0,1.0,0.7142857142857143,0.8947368421052632,0.5575667060993531,0.8828243397828677,assessable,240.12900207371445,False
flow05,208,0,0.15,128.0,19,239.99995538865727,210.0,198.0,217.0,219.0,model_assisted,0.00960765902750648,model_assisted,0.00960765902750648,model_assisted,0.0,strong_evidence,0.9264192384184993,True,True,241.0,50925.609375,12984.177734375,2619.040283203125,14.486769021445546,1.0000446113427301,3.5275590551181097,16.0,223,257,0.00016009476593126237,weak_evidence,0.0,True,False,4.964177248034227,53803.3125,6199.43701171875,8.67874169836648,18598.31103515625,92,241.0,184.0,197.9355840496858,1.0000446113427301,-13.935584049685787,2.0,14.486769021445546,239,242,212,228,253,269,True,True,UPPER_SEED_TRAJECTORY_OUTLIER;Z_EDGE_EVIDENCE_WEAK,True,ok,239.99995538865727,198,10,224,257,16,240.5,239.9895122615934,240.0,False,5.264712635239242,36291.5,29243.5,6893.3487,14,0.7368421052631579,1.0,0.7142857142857143,8.32828453118244,0.5441187725398736,1.0,0.7142857142857143,0.7368421052631579,1.0,0.7438250290355723,assessable,239.9895122615934,False
flow05,209,0,0.15,128.0,19,240.0,210.0,198.0,217.0,219.0,model_assisted,0.0014542760741621335,model_assisted,0.0014542760741621335,model_assisted,0.0,strong_evidence,1.0,True,True,240.0,46584.68359375,18429.029296875,3579.036865234375,7.866824332090587,0.0,3.5275590551181097,16.0,224,257,4.461134273014977e-05,weak_evidence,0.0,True,False,4.964177248034227,52930.734375,4154.86181640625,12.739469256472763,12464.58544921875,100,240.0,179.0,197.87994925426756,0.0,-18.879949254267558,1.0,7.866824332090587,239,242,212,228,253,269,True,True,UPPER_SEED_TRAJECTORY_OUTLIER;Z_EDGE_EVIDENCE_WEAK,True,ok,240.0,198,10,224,257,16,240.0,239.2565429166722,240.5,False,7.162141132430396,36498.75,29036.25,5096.06685,15,0.7368421052631579,1.0,0.6666666666666666,5.349228268407131,0.8603568554050659,1.0,0.6666666666666666,0.7368421052631579,0.5582047114011885,0.800805019654699,assessable,239.2565429166722,False
flow05,210,0,0.15,128.0,19,240.0,208.0,198.0,217.0,219.0,high_confidence,0.5,high_confidence,0.5,high_confidence,0.9376584615315604,strong_evidence,0.9149570280313727,True,True,240.0,47453.0078125,15326.94140625,6395.94775390625,5.022878178864013,0.0,3.5275590551181097,16.0,224,257,0.0,strong_evidence,0.9609231510833162,True,True,4.964177248034227,51819.54296875,9536.54296875,5.433786974856176,28609.62890625,45,240.0,198.0,197.79893604152886,0.0,0.20106395847113845,0.0,5.022878178864013,239,242,212,228,253,269,True,True,,True,ok,240.0,198,10,224,257,16,238.5,239.07825568620743,241.0,False,5.4337439015750215,37285.5,28249.5,6861.843449999999,14,0.7368421052631579,1.0,0.7142857142857143,7.131363136182207,0.5722906502625036,1.0,0.7142857142857143,0.7368421052631579,0.8552271893637012,0.7392079051748629,assessable,239.07825568620743,False
flow05,211,0,0.15,128.0,19,240.0,205.0,198.0,217.0,219.0,model_assisted,0.000823744334706173,model_assisted,0.000823744334706173,model_assisted,0.0,strong_evidence,1.0,True,True,240.0,48462.015625,12397.103515625,4423.5419921875,8.15294896557327,0.0,3.5275590551181097,16.0,224,257,0.0,weak_evidence,0.0,True,False,4.964177248034227,52270.0625,3744.177978515625,13.960357333419926,11232.533935546875,133,240.0,177.0,197.69233486407848,0.0,-20.692334864078475,1.0,8.15294896557327,239,242,212,228,253,269,True,True,UPPER_SEED_TRAJECTORY_OUTLIER;Z_EDGE_EVIDENCE_WEAK,True,ok,240.0,198,10,224,257,16,240.0,240.47750460398885,240.0,False,7.10058513993402,39293.25,26241.75,5533.804499999999,13,0.8421052631578947,1.0,0.7692307692307693,10.354395978890688,0.8500975233223366,1.0,0.7692307692307693,0.8421052631578947,1.0,0.8776960764826558,assessable,240.47750460398885,False
flow05,212,0,0.15,128.0,19,240.0,203.0,198.0,217.0,219.0,model_assisted,0.007785459722528337,model_assisted,0.007785459722528337,model_assisted,0.0,strong_evidence,1.0,True,True,240.0,47812.9140625,17054.98828125,2467.425048828125,12.46559679527373,0.0,3.5275590551181097,16.0,224,257,0.0,weak_evidence,0.0,True,False,4.964177248034227,55544.8984375,4520.04345703125,12.28857619744694,13560.13037109375,105,240.0,183.0,197.56649226927541,0.0,-14.566492269275415,1.0,12.46559679527373,239,242,212,228,253,269,True,True,UPPER_SEED_TRAJECTORY_OUTLIER;Z_EDGE_EVIDENCE_WEAK,True,ok,240.0,198,10,224,257,16,239.5,239.9012551032452,240.5,False,15.275048056206355,37876.75,27658.25,2479.6485,16,0.7368421052631579,1.0,0.625,6.609588524891471,1.0,1.0,0.625,0.7368421052631579,0.7682647541485785,0.8623527912043316,assessable,239.9012551032452,False
flow05,213,0,0.15,128.0,19,240.0,204.0,197.0,216.0,218.0,high_confidence,0.6091872880229152,high_confidence,0.6091872880229152,high_confidence,0.9902560285737284,strong_evidence,1.0,True,True,240.0,48656.890625,12307.8408203125,4940.0810546875,7.357986519309625,0.0,3.5275590551181097,16.0,224,257,0.0,strong_evidence,0.9806070021266128,True,True,4.964177248034227,56524.9453125,8611.9453125,6.563551353543271,25835.8359375,46,240.0,198.0,197.4335077307246,0.0,0.5664922692753862,0.0,7.357986519309625,239,242,212,228,253,269,True,True,,True,ok,240.0,197,10,224,257,16,242.0,240.5358535795816,240.5,False,6.118591909848924,38515.0,27020.0,6294.748949999999,17,0.6842105263157895,1.0,0.5882352941176471,15.673917452275733,0.6864319849748206,1.0,0.5882352941176471,0.6842105263157895,1.0,0.7605298325120851,assessable,240.5358535795816,False
flow05,214,0,0.15,128.0,19,240.0,204.0,197.0,216.0,218.0,model_assisted,0.008707171046986388,model_assisted,0.008707171046986388,model_assisted,0.0,strong_evidence,1.0,True,True,240.0,48272.48828125,15297.5390625,4485.58154296875,7.351320871747159,0.0,3.5275590551181097,16.0,224,257,0.0,weak_evidence,0.0,True,False,4.964177248034227,57569.73828125,3934.6806640625,14.631362287431502,11804.0419921875,105,240.0,184.0,197.3077097472643,0.0,-13.307709747264312,1.0,7.351320871747159,239,242,212,228,253,269,True,True,UPPER_SEED_TRAJECTORY_OUTLIER;Z_EDGE_EVIDENCE_WEAK,True,ok,240.0,197,10,224,257,16,241.5,240.51209683038078,240.5,False,16.07278684834511,38472.75,27062.25,2393.6576999999997,18,0.7368421052631579,1.0,0.5555555555555556,7.731079576029568,1.0,1.0,0.5555555555555556,0.7368421052631579,0.9551799293382613,0.867155419834411,assessable,240.51209683038078,False
flow05,215,0,0.15,128.0,19,240.0,204.0,197.0,216.0,218.0,high_confidence,0.7214162322682642,high_confidence,0.7214162322682642,high_confidence,0.9812511127224463,strong_evidence,1.0,True,True,240.0,48329.27734375,13659.8349609375,2784.2265625,12.452090950415426,0.0,3.5275590551181097,16.0,224,257,4.461134278699319e-05,strong_evidence,0.962853746219039,True,True,4.964177248034227,58064.5703125,9969.01953125,5.824501610262105,29907.05859375,38,240.0,198.0,197.20122405323707,0.0,0.7987759467629303,0.0,12.452090950415426,239,242,212,228,253,269,True,True,,True,ok,240.0,197,10,224,257,16,240.5,239.59897092138024,239.5,False,9.343567242210213,40529.75,25005.25,4337.71695,14,0.9473684210526315,1.0,0.7142857142857143,11.136467136211214,1.0,1.0,0.7142857142857143,0.9473684210526315,1.0,0.9349624060150377,assessable,239.59897092138024,False
flow05,216,0,0.15,128.0,19,240.0000446113428,204.0,197.0,216.0,218.0,high_confidence,0.5,high_confidence,0.5,high_confidence,0.9607442300479545,strong_evidence,0.9999968383652398,True,True,240.0,49349.9921875,12942.681640625,3496.17626953125,10.413465380495907,-4.461134278699319e-05,3.5275590551181097,16.0,224,258,0.00016009476587441895,strong_evidence,0.9230323938617382,True,True,4.964177248034227,58030.58984375,4796.25,12.099158685170707,14388.75,84,240.0,195.0,197.1205648533383,-4.461134278699319e-05,-2.120564853338294,0.0,10.413465380495907,239,242,212,228,253,269,True,True,,True,ok,240.0000446113428,197,10,224,257,16,240.0,240.11189987823087,239.5,False,6.200147424077319,40074.0,25461.0,6463.3947,15,0.8947368421052632,1.0,0.6666666666666666,6.950260346620596,0.7000245706795533,1.0,0.6666666666666666,0.8947368421052632,0.8250433911034327,0.7950567984973097,assessable,240.11189987823087,False
flow05,217,0,0.15,128.0,19,240.00020470610866,204.0,197.0,216.0,218.0,high_confidence,0.9782823102572664,high_confidence,0.9782823102572664,high_confidence,0.9190106136347069,strong_evidence,0.8464566391019019,True,True,238.0,48272.9296875,11261.759765625,3582.43798828125,10.33127999506054,-2.0002047061086614,3.5275590551181097,16.0,224,258,0.0005141076058521321,strong_evidence,0.997783547269885,True,True,4.964177248034227,57546.71875,9232.328125,6.233175204656193,27696.984375,42,238.0,197.0,197.06587096942124,-2.0002047061086614,-0.06587096942124049,0.0,10.33127999506054,239,242,212,228,253,269,True,True,,True,ok,240.00020470610866,197,10,224,257,16,238.5,239.41514088445834,239.5,False,4.55695345103098,35628.5,29906.5,7818.491099999999,12,0.7368421052631579,1.0,0.8333333333333334,9.85834851827114,0.4261589085051633,1.0,0.8333333333333334,0.7368421052631579,1.0,0.7263486004329476,assessable,239.41514088445834,False
flow05,218,0,0.15,128.0,19,240.0007188137145,204.0,197.0,216.0,218.0,model_assisted,2.59481207961283e-06,model_assisted,2.59481207961283e-06,model_assisted,0.0,strong_evidence,0.9964750194088086,True,True,240.0,47175.33203125,13145.1337890625,5711.3154296875,5.958381858108911,-0.0007188137145135443,3.5275590551181097,16.0,224,258,0.001477324778363709,weak_evidence,0.0,True,False,4.964177248034227,56772.3046875,1019.025390625,55.712355364059945,8515.845703125,153,240.0,160.0,197.03263093361744,-0.0007188137145135443,-37.03263093361744,1.0,5.958381858108911,239,242,212,228,253,269,True,True,UPPER_SEED_TRAJECTORY_OUTLIER;Z_EDGE_EVIDENCE_WEAK,True,ok,240.0007188137145,197,10,224,257,16,242.0,240.854746187527,241.0,False,13.516549612464958,39688.5,25846.5,2936.2893,17,0.7894736842105263,1.0,0.5882352941176471,4.240937412846535,1.0,1.0,0.5882352941176471,0.7894736842105263,0.3734895688077559,0.823417068335884,assessable,240.854746187527,False
flow05,219,0,0.15,128.0,19,240.00219613849288,204.0,197.0,216.0,218.0,model_assisted,0.007435575279009002,model_assisted,0.007435575279009002,model_assisted,0.0,strong_evidence,0.9998443463744814,True,True,240.0,48397.078125,12791.876953125,4481.39599609375,7.94511380001022,-0.002196138492877253,3.5275590551181097,16.0,224,258,0.00379876994031747,weak_evidence,0.0,True,False,4.964177248034227,55937.09375,3697.556640625,15.128123565551364,11092.669921875,120,240.0,183.0,197.01435407395226,-0.002196138492877253,-14.014354073952262,2.0,7.94511380001022,239,242,212,228,253,269,True,True,UPPER_SEED_TRAJECTORY_OUTLIER;Z_EDGE_EVIDENCE_WEAK,True,ok,240.00219613849288,197,10,224,257,16,240.0,239.88981873177005,239.5,False,3.9249213746620915,37344.0,28191.0,9514.5855,13,0.7894736842105263,1.0,0.7692307692307693,9.636107138507265,0.3208202291103486,1.0,0.7692307692307693,0.7894736842105263,1.0,0.6845542866663548,assessable,239.88981873177005,False
flow05,220,0,0.15,128.0,19,240.0059949084332,204.0,197.0,216.0,218.0,model_assisted,0.0017732673114457885,model_assisted,0.0017732673114457885,model_assisted,0.0,strong_evidence,0.9268811430360776,True,True,241.0,46353.95703125,10410.212890625,2776.844482421875,12.94409693022348,0.9940050915668053,3.5275590551181097,16.0,224,258,0.008740878047717615,weak_evidence,0.0,True,False,4.964177248034227,55220.08203125,1806.34033203125,30.57014287509951,8283.0123046875,135,241.0,178.0,197.00479448613243,0.9940050915668053,-19.004794486132425,1.0,12.94409693022348,239,242,212,228,253,269,True,True,UPPER_SEED_TRAJECTORY_OUTLIER;Z_EDGE_EVIDENCE_WEAK,True,ok,240.0059949084332,197,10,224,257,16,240.0,240.15456695026543,240.0,False,5.755664664549571,37679.0,27856.0,6546.4203,15,0.7894736842105263,1.0,0.6666666666666666,4.245505075533355,0.6259441107582618,1.0,0.6666666666666666,0.7894736842105263,0.37425084592222585,0.7082599093225266,assessable,240.15456695026543,False
flow05,221,0,0.15,128.0,19,240.0147357864809,205.0,197.0,216.0,218.0,high_confidence,0.5000158993282893,high_confidence,0.5000158993282893,high_confidence,0.9168927802874478,strong_evidence,0.9252946894948016,True,True,239.0,50874.890625,10588.23828125,3424.110595703125,11.7655815189805,-1.0147357864809123,3.5275590551181097,16.0,224,258,0.017997500190858773,strong_evidence,0.9085671625352705,True,True,4.964177248034227,54747.77734375,12164.474609375,4.500628190021179,36493.423828125,31,239.0,197.0,196.99883927741905,-1.0147357864809123,0.001160722580948459,0.0,11.7655815189805,239,242,212,228,253,269,True,True,,True,ok,240.0147357864809,197,10,224,257,16,239.5,240.01136261000167,239.5,False,4.566088776404619,40283.0,25252.0,8822.211299999999,18,0.7368421052631579,1.0,0.5555555555555556,8.470833090457708,0.42768146273410323,1.0,0.5555555555555556,0.7368421052631579,1.0,0.6713259388575209,assessable,240.01136261000167,False
flow05,222,0,0.15,128.0,19,240.03273328667177,205.0,197.0,216.0,218.0,high_confidence,0.5,high_confidence,0.5,high_confidence,0.9419007546586377,strong_evidence,0.9976774773822272,True,True,240.0,48853.17578125,11241.783203125,1888.256103515625,19.918586524411978,-0.03273328667177111,3.5275590551181097,16.0,224,258,0.03315998842083445,strong_evidence,0.8892423170204717,True,True,4.964177248034227,54671.9765625,11663.3681640625,4.687494709371933,34990.1044921875,36,240.0,196.0,196.99225285122762,-0.03273328667177111,-0.9922528512276187,0.0,19.918586524411978,239,242,212,228,253,269,True,True,,True,ok,240.03273328667177,197,10,224,257,16,238.5,239.42244029936995,239.5,False,11.186001516365845,36809.0,28726.0,3290.6306999999997,16,0.8947368421052632,1.0,0.625,5.025777269640685,1.0,1.0,0.625,0.8947368421052632,0.5042962116067807,0.8596401474764676,assessable,239.42244029936995,False
flow05,223,0,0.15,128.0,19,240.0658932750926,206.0,197.0,216.0,218.0,high_confidence,0.5,high_confidence,0.5,high_confidence,0.9128051481494367,strong_evidence,0.9953191531305104,True,True,240.0,50191.36328125,13263.470703125,4756.78466796875,7.763204592125043,-0.06589327509260556,3.5275590551181097,16.0,224,258,0.05467157824568858,strong_evidence,0.8371317238972701,True,True,4.964177248034227,55121.36328125,14052.3349609375,3.9225768126418603,42157.0048828125,26,240.0,198.0,196.9808406085562,-0.06589327509260556,1.019159391443793,0.0,7.763204592125043,239,242,212,228,253,269,True,True,,True,ok,240.0658932750926,197,10,224,257,16,239.0,239.17232395110733,240.5,False,5.485465762876749,39606.5,25928.5,7220.262,17,0.6842105263157895,1.0,0.5882352941176471,9.98154068893005,0.5809109604794581,1.0,0.5882352941176471,0.6842105263157895,1.0,0.7235974739387081,assessable,239.17232395110733,False
flow05,224,0,0.15,128.0,19,240.1205648533383,206.0,197.0,216.0,218.0,high_confidence,0.5,high_confidence,0.5,high_confidence,0.945043842305784,strong_evidence,0.991418684770063,True,True,240.0,49480.84375,13311.21484375,5146.767578125,7.027639845245708,-0.12056485333829414,3.5275590551181097,16.0,224,258,0.08065919989877557,strong_evidence,0.9008382407955278,True,True,4.964177248034227,55015.1953125,12491.82421875,4.40409617915718,37475.47265625,31,240.0,197.0,196.95973008055603,-0.12056485333829414,0.04026991944397196,0.0,7.027639845245708,239,242,212,228,253,269,True,True,,True,ok,240.1205648533383,197,10,224,257,16,240.5,240.6498990565519,240.0,False,8.777079861494252,36319.0,29216.0,4137.9366,14,0.8421052631578947,1.0,0.7142857142857143,6.2259492985738305,1.0,1.0,0.7142857142857143,0.8421052631578947,0.7043248830956385,0.8896054206403909,assessable,240.6498990565519,False
flow05,225,0,0.15,128.0,19,240.20122405323707,207.0,197.0,216.0,218.0,high_confidence,0.5,high_confidence,0.5,high_confidence,0.904679298605811,strong_evidence,0.9416903108105396,True,True,241.0,48834.34765625,10719.51953125,2705.791259765625,14.086388958289968,0.7987759467629303,3.5275590551181097,16.0,224,258,0.10648569402724206,strong_evidence,0.8691229206993152,True,True,4.964177248034227,54272.10546875,12283.7646484375,4.4181980868262105,36851.2939453125,30,241.0,198.0,196.92335092999502,0.7987759467629303,1.0766490700049758,0.0,14.086388958289968,239,242,212,228,253,269,True,True,,True,ok,240.20122405323707,197,10,224,257,16,240.5,240.46239942417338,240.0,False,6.966432834270913,38995.0,26540.0,5597.556299999999,14,0.9473684210526315,1.0,0.7142857142857143,7.344127765270232,0.8277388057118188,1.0,0.7142857142857143,0.9473684210526315,0.8906879608783721,0.8637397841020115,assessable,240.46239942417338,False
flow05,226,0,0.15,128.0,19,240.3077097472643,203.0,197.0,216.0,218.0,high_confidence,0.5,high_confidence,0.5,high_confidence,0.8739773709988325,strong_evidence,0.902576212463618,True,True,239.0,48276.4140625,15669.3037109375,4146.5185546875,7.863731928728802,-1.3077097472643118,3.5275590551181097,16.0,224,258,0.12579798346030202,strong_evidence,0.8462847064549915,True,True,4.964177248034227,53350.4140625,12995.3212890625,4.105355525715423,38985.9638671875,25,239.0,198.0,196.86647107673036,-1.3077097472643118,1.1335289232696368,0.0,7.863731928728802,239,242,212,228,253,269,True,True,,True,ok,240.3077097472643,197,10,224,257,16,240.5,240.11124618734007,241.0,False,5.911175669046212,36230.0,29305.0,6129.0684,14,0.6842105263157895,1.0,0.7142857142857143,7.454549015528576,0.6518626115077021,1.0,0.7142857142857143,0.6842105263157895,0.909091502588096,0.7645497860910166,assessable,240.11124618734007,False
flow05,227,0,0.15,128.0,19,240.4335077307246,202.0,197.0,216.0,218.0,model_assisted,0.00025813970247994157,model_assisted,0.00025813970247994157,model_assisted,0.0,strong_evidence,0.9687900442172827,True,True,240.0,48505.98828125,10466.201171875,3148.1201171875,12.08333408299534,-0.4335077307246138,3.5275590551181097,16.0,224,258,0.1329845385507724,weak_evidence,0.0,True,False,4.964177248034227,53533.8515625,2288.423583984375,23.393331521820883,8030.077734375,138,240.0,172.0,196.786028911333,-0.4335077307246138,-24.786028911333005,1.0,12.08333408299534,239,242,212,228,253,269,True,True,UPPER_SEED_TRAJECTORY_OUTLIER;Z_EDGE_EVIDENCE_WEAK,True,ok,240.4335077307246,197,10,224,257,16,240.0,240.44094452411528,239.5,False,7.942665196786239,39602.0,25933.0,4985.9838,15,0.8947368421052632,1.0,0.6666666666666666,6.984803239578857,0.9904441994643731,1.0,0.6666666666666666,0.8947368421052632,0.8308005399298094,0.8972793834546342,assessable,240.44094452411528,False
flow05,228,0,0.15,128.0,19,240.5664922692754,202.0,197.0,216.0,218.0,high_confidence,0.5705906294378034,high_confidence,0.5705906294378034,high_confidence,0.9542627768727137,strong_evidence,0.9687900442172827,True,True,241.0,48353.0625,12120.24609375,3266.509521484375,11.092212089981908,0.4335077307246138,3.5275590551181097,16.0,224,258,0.1329845385507724,strong_evidence,0.9399533498102164,True,True,4.964177248034227,53280.31640625,7977.05224609375,6.679198626577959,23931.15673828125,54,241.0,195.0,196.68324978790127,0.4335077307246138,-1.6832497879012749,0.0,11.092212089981908,240,243,213,229,254,270,True,True,,True,ok,240.5664922692754,197,10,225,258,16,240.0,240.02705411069263,240.5,False,8.058430810111501,36021.5,29513.5,4470.039,15,0.8947368421052632,1.0,0.6666666666666666,6.181478559602328,1.0,1.0,0.6666666666666666,0.8947368421052632,0.6969130932670548,0.8872351689758282,assessable,240.02705411069263,False
flow05,229,0,0.15,128.0,19,240.6922902527357,202.0,197.0,216.0,218.0,model_assisted,0.00031637849953432886,model_assisted,0.00031637849953432886,model_assisted,0.0,strong_evidence,0.9779493293283357,True,True,241.0,49475.4453125,14941.7734375,4233.2861328125,8.157651241036383,0.3077097472643118,3.5275590551181097,16.0,224,258,0.12579798346030202,weak_evidence,0.0,True,False,4.964177248034227,52631.34765625,2920.792236328125,18.01954517737815,8762.376708984375,126,241.0,173.0,196.56482742275415,0.3077097472643118,-23.56482742275415,1.0,8.157651241036383,240,243,213,229,254,270,True,True,UPPER_SEED_TRAJECTORY_OUTLIER;Z_EDGE_EVIDENCE_WEAK,True,ok,240.6922902527357,197,10,225,258,16,240.0,240.15784201818255,240.0,False,4.420291922418418,33885.0,31650.0,7665.783299999999,11,0.7368421052631579,1.0,0.9090909090909091,12.753000847872869,0.4033819870697363,1.0,0.9090909090909091,0.7368421052631579,1.0,0.7335281930820632,assessable,240.15784201818255,False
flow05,230,0,0.15,128.0,19,240.798775946763,202.0,196.0,215.0,217.0,model_assisted,0.0007868304087021154,model_assisted,0.0007868304087021154,model_assisted,0.0,strong_evidence,0.9108991248587378,True,True,242.0,47371.01953125,11452.3359375,2693.325927734375,13.336181567882052,1.2012240532370129,3.5275590551181097,16.0,224,258,0.1064856940272989,weak_evidence,0.0,True,False,4.964177248034227,51726.8046875,2910.41259765625,17.77301428984863,8731.23779296875,134,242.0,175.0,196.44249347085102,1.2012240532370129,-21.44249347085102,2.0,13.336181567882052,240,243,213,229,254,270,True,True,UPPER_SEED_TRAJECTORY_OUTLIER;Z_EDGE_EVIDENCE_WEAK,True,ok,240.798775946763,196,10,225,258,16,238.5,239.6018287982018,241.0,False,17.44757088563424,39125.0,26410.0,2242.4325,18,1.0,1.0,0.5555555555555556,5.544286190116498,1.0,1.0,0.5555555555555556,1.0,0.5907143650194163,0.8701825476130529,assessable,239.6018287982018,False
flow05,231,0,0.15,128.0,19,240.87943514666176,208.0,196.0,215.0,217.0,model_assisted,0.0003377966649706256,model_assisted,0.0003377966649706256,model_assisted,0.0,strong_evidence,0.6943975252225493,True,True,243.0,45981.55078125,17157.755859375,6968.3046875,4.136414266382493,2.1205648533382373,3.5275590551181097,16.0,224,258,0.08065919989877557,weak_evidence,0.0,True,False,4.964177248034227,51460.87109375,1801.1678466796875,28.570835965462134,7719.1306640625,135,243.0,175.0,196.33093188023778,2.1205648533382373,-21.330931880237785,2.0,4.136414266382493,240,243,213,229,254,270,True,True,UPPER_SEED_TRAJECTORY_OUTLIER;Z_EDGE_EVIDENCE_WEAK,True,ok,240.87943514666176,196,10,225,258,16,241.5,241.02290058584921,241.0,False,6.668280457814579,31023.5,34511.5,4652.3988,16,0.7368421052631579,1.0,0.625,12.358019703846836,0.7780467429690966,1.0,0.625,0.7368421052631579,1.0,0.8078426758286574,assessable,241.02290058584921,False
flow05,232,0,0.15,128.0,19,240.9341067249074,203.0,196.0,215.0,217.0,model_assisted,0.0640345404935077,model_assisted,0.0640345404935077,model_assisted,0.7141120947100199,strong_evidence,0.9213680834280429,True,True,242.0,49054.0078125,13785.2197265625,2769.4423828125,12.734978096969966,1.0658932750926056,3.5275590551181097,16.0,224,258,0.054671578245631736,weak_evidence,0.5534770446071774,True,False,4.964177248034227,51734.28125,6056.60205078125,8.541799645450821,18169.80615234375,79,242.0,188.0,196.24499793798347,1.0658932750926056,-8.24499793798347,1.0,12.734978096969966,240,243,213,229,254,270,True,True,UPPER_SEED_TRAJECTORY_OUTLIER;Z_EDGE_EVIDENCE_WEAK,True,ok,240.9341067249074,196,10,225,258,16,241.0,240.8585566062259,240.0,False,7.268468522059434,34457.0,31078.0,4740.6134999999995,15,0.8421052631578947,1.0,0.6666666666666666,8.045483871747479,0.8780780870099058,1.0,0.6666666666666666,0.8421052631578947,1.0,0.8669764532604844,assessable,240.8585566062259,False
flow05,233,0,0.15,128.0,19,240.96726671332829,203.0,196.0,215.0,217.0,high_confidence,0.5,high_confidence,0.5,high_confidence,0.9022602505296524,strong_evidence,0.9976774773822313,True,True,241.0,45278.69140625,14526.8251953125,3524.187255859375,8.725945580731816,0.03273328667171427,3.5275590551181097,16.0,224,258,0.033159988420891295,strong_evidence,0.8159686653665355,True,True,4.964177248034227,53280.5625,13377.3359375,3.982897846696167,40132.0078125,17,241.0,198.0,196.19714003332805,0.03273328667171427,1.8028599666719458,0.0,8.725945580731816,240,243,213,229,254,270,True,True,,True,ok,240.96726671332829,196,10,225,258,16,241.0,240.59893640607154,240.5,False,9.422687285680379,38515.5,27019.5,4087.5281999999997,13,0.9473684210526315,1.0,0.7692307692307693,7.107865988798789,1.0,1.0,0.7692307692307693,0.9473684210526315,0.8513109981331315,0.9310825168173618,assessable,240.59893640607154,False
flow05,234,0,0.15,128.0,19,240.98526421351914,203.0,196.0,215.0,217.0,high_confidence,0.5,high_confidence,0.5,high_confidence,0.9215630972854277,strong_evidence,0.9989551210319014,True,True,241.0,46088.76171875,16628.265625,2732.015380859375,10.78342980795481,0.014735786480855495,3.5275590551181097,16.0,224,258,0.017997500190858773,strong_evidence,0.8501668637536213,True,True,4.964177248034227,55124.28125,12233.9501953125,4.505844830978726,36701.8505859375,29,241.0,198.0,196.19555011853916,0.014735786480855495,1.8044498814608403,0.0,10.78342980795481,240,243,213,229,254,270,True,True,,True,ok,240.98526421351914,196,10,225,258,16,240.5,240.6381615344538,241.0,False,6.9472634555381445,40237.0,25298.0,5791.7769,14,0.7894736842105263,1.0,0.7142857142857143,6.785417227172239,0.8245439092563575,1.0,0.7142857142857143,0.7894736842105263,0.7975695378620399,0.829625517514651,assessable,240.6381615344538,False
flow05,235,0,0.15,128.0,19,240.9940050915668,203.0,196.0,215.0,217.0,high_confidence,0.5,high_confidence,0.5,high_confidence,0.9309276676440907,strong_evidence,0.9995750473353978,True,True,241.0,49336.8828125,14755.1396484375,4966.33203125,6.963236236816501,0.005994908433194723,3.5275590551181097,16.0,224,258,0.008740878047660772,strong_evidence,0.8669947541162245,True,True,4.964177248034227,56521.171875,11896.23046875,4.7511833284900185,35688.69140625,30,241.0,198.0,196.2426631162996,0.005994908433194723,1.7573368837003898,0.0,6.963236236816501,240,243,213,229,254,270,True,True,,True,ok,240.9940050915668,196,10,225,258,16,240.0,239.29999460434888,240.0,False,4.148147168664099,35762.5,29772.5,8621.319,11,0.6842105263157895,1.0,0.9090909090909091,5.738491872730586,0.35802452811068325,1.0,0.9090909090909091,0.6842105263157895,0.6230819787884311,0.6720665434831326,assessable,239.29999460434888,False
flow05,236,0,0.15,128.0,19,240.99780386150712,203.0,196.0,215.0,217.0,model_assisted,0.0006698798602679223,model_assisted,0.0006698798602679223,model_assisted,0.0,strong_evidence,0.9171957550420532,True,True,242.0,48751.265625,14913.779296875,5751.5322265625,5.883212506721629,1.0021961384928773,3.5275590551181097,16.0,224,258,0.00379876994031747,weak_evidence,0.0,True,False,4.964177248034227,56912.9453125,1203.1168212890625,47.3045878051322,8536.941796875,114,242.0,176.0,196.33379011728752,1.0021961384928773,-20.33379011728752,1.0,5.883212506721629,240,243,213,229,254,270,True,True,UPPER_SEED_TRAJECTORY_OUTLIER;Z_EDGE_EVIDENCE_WEAK,True,ok,240.99780386150712,196,10,225,258,16,241.0,240.90806919024743,240.5,False,4.529720289923028,33763.5,31771.5,7453.7715,13,0.8947368421052632,1.0,0.7692307692307693,4.54361743139573,0.42162004832050465,1.0,0.7692307692307693,0.8947368421052632,0.423936238565955,0.6780173209307154,assessable,240.90806919024743,False
flow05,237,0,0.15,128.0,19,240.99923657494276,203.0,196.0,215.0,217.0,high_confidence,0.5,high_confidence,0.5,high_confidence,0.8755017598527683,strong_evidence,0.9999458941934962,True,True,241.0,51247.82421875,11426.177734375,4118.50146484375,9.668964992315663,0.000763425057243694,3.5275590551181097,16.0,224,258,0.0014327134356335591,strong_evidence,0.766544806030246,True,True,4.964177248034227,56114.5390625,4700.41357421875,11.938213133048984,14101.24072265625,82,241.0,191.0,196.4564768615584,0.000763425057243694,-5.4564768615584,0.0,9.668964992315663,240,243,213,229,254,270,True,True,,True,ok,240.99923657494276,196,10,225,258,16,240.0,241.6660864928036,240.5,False,4.939087694127361,39451.0,26084.0,7987.5075,13,1.0,1.0,0.7692307692307693,5.2284129668355135,0.4898479490212268,1.0,0.7692307692307693,1.0,0.5380688278059189,0.7290998187841751,assessable,241.6660864928036,False
flow05,238,0,0.15,128.0,19,240.99959058778268,203.0,197.0,216.0,218.0,high_confidence,0.5,high_confidence,0.5,high_confidence,0.8401853336694955,strong_evidence,0.720528577094843,True,True,241.0,46065.90625,15860.0673828125,9696.43359375,3.1151493562186805,0.0004094122173228243,3.5275590551181097,16.0,224,258,0.00035401283992086974,strong_evidence,0.9797132512905211,True,True,4.964177248034227,54337.12890625,6896.1962890625,7.879289774919796,20688.5888671875,71,241.0,196.0,196.59206688305648,0.0004094122173228243,-0.592066883056475,0.0,3.1151493562186805,240,243,213,229,254,270,True,True,,True,ok,240.99959058778268,197,10,225,258,16,240.0,242.0616927013429,240.0,False,5.927105643747998,34803.0,30732.0,5871.837299999999,9,0.5263157894736842,1.0,0.9,6.998415276177817,0.654517607291333,1.0,0.9,0.5263157894736842,0.8330692126963029,0.7713354522426494,assessable,242.0616927013429,False
flow05,239,0,0.15,128.0,19,240.99923657494276,202.0,197.0,216.0,218.0,high_confidence,0.5,high_confidence,0.5,high_confidence,0.9093572831715474,strong_evidence,0.9999458941934962,True,True,241.0,46494.9140625,14409.001953125,2443.565185546875,13.130778052967761,0.000763425057243694,3.5275590551181097,16.0,224,258,0.001388102092846566,strong_evidence,0.8269754126287969,True,True,4.964177248034227,52966.80859375,13596.7578125,3.8955469623100636,40790.2734375,25,241.0,198.0,196.720087436731,0.000763425057243694,1.2799125632689936,0.0,13.130778052967761,240,243,213,229,254,270,True,True,,True,ok,240.99923657494276,197,10,225,258,16,241.5,240.94504495020223,240.0,False,9.057742858228274,37218.5,28316.5,4109.0259,16,0.8947368421052632,1.0,0.625,9.091656366855432,1.0,1.0,0.625,0.8947368421052632,1.0,0.9092105263157895,assessable,240.94504495020223,False
flow05,240,0,0.15,128.0,19,240.9978484728499,207.0,197.0,216.0,218.0,high_confidence,0.7597485859180608,high_confidence,0.7597485859180608,high_confidence,0.948788455739312,strong_evidence,0.9265872265118326,True,True,240.0,47508.8984375,13536.837890625,2510.53125,13.531821421013978,-0.9978484728499097,3.5275590551181097,16.0,224,258,0.0036386751744430512,strong_evidence,0.9715216311938797,True,True,4.964177248034227,50806.60546875,6078.4150390625,8.358528521373579,18235.2451171875,70,240.0,196.0,196.82430312530005,-0.9978484728499097,-0.8243031253000481,0.0,13.531821421013978,240,243,213,229,254,270,True,True,,True,ok,240.9978484728499,197,10,225,258,16,240.0,240.53598066105062,241.5,False,12.256207089962867,36596.5,28938.5,2985.9564,17,0.7894736842105263,1.0,0.5882352941176471,6.26826916030606,1.0,1.0,0.5882352941176471,0.7894736842105263,0.7113781933843434,0.8572059307935428,assessable,240.53598066105062,False
flow05,241,0,0.15,128.0,19,240.99420979767547,211.0,197.0,216.0,218.0,high_confidence,0.5,high_confidence,0.5,high_confidence,0.9106661906538173,strong_evidence,0.9117095667705272,True,True,241.0,47782.39453125,12920.14453125,6984.48779296875,4.991382479771195,0.005790202324533311,3.5275590551181097,16.0,224,258,0.008226770441865483,strong_evidence,0.9096240085946896,True,True,4.964177248034227,53170.20703125,10466.72265625,5.079928911606389,31400.16796875,37,241.0,198.0,196.89749738691913,0.005790202324533311,1.1025026130808726,0.0,4.991382479771195,240,243,213,229,254,270,True,True,,True,ok,240.99420979767547,197,10,225,258,16,240.0,240.9605209739184,240.5,False,3.4787954623838475,36181.0,29354.0,10400.439,13,0.8421052631578947,1.0,0.7692307692307693,11.41171000409291,0.24646591039730792,1.0,0.7692307692307693,0.8421052631578947,1.0,0.6664250119588958,assessable,240.9605209739184,False
flow05,242,0,0.15,128.0,19,240.9859830272336,212.0,197.0,216.0,218.0,high_confidence,0.5,high_confidence,0.5,high_confidence,0.8864703470518138,strong_evidence,0.9253497435204345,True,True,242.0,48202.03515625,15187.6328125,5062.37548828125,6.521523822200488,1.0140169727663988,3.5275590551181097,16.0,224,258,0.01652017541243822,strong_evidence,0.8492245031727397,True,True,4.964177248034227,54039.53125,13139.3466796875,4.112801995973003,39418.0400390625,24,242.0,198.0,196.9423533080491,1.0140169727663988,1.0576466919509073,0.0,6.521523822200488,240,243,213,229,254,270,True,True,,True,ok,240.9859830272336,197,10,225,258,16,240.0,240.3328469775105,240.5,False,10.567212918222953,36880.0,28655.0,3490.0404,17,0.7894736842105263,1.0,0.5882352941176471,6.085018841604905,1.0,1.0,0.5882352941176471,0.7894736842105263,0.6808364736008174,0.8541517588151902,assessable,240.3328469775105,False
flow05,243,0,0.15,128.0,19,240.96946285182116,212.0,197.0,216.0,218.0,high_confidence,0.7242034403827866,high_confidence,0.7242034403827866,high_confidence,0.9819814683501122,strong_evidence,0.9978334690211381,True,True,241.0,49036.41015625,8760.40625,2995.444091796875,13.445753842158897,0.030537148178837015,3.5275590551181097,16.0,224,258,0.029361218480573825,strong_evidence,0.9663812992051632,True,True,4.964177248034227,53032.57421875,7579.732421875,6.9966288078585395,22739.197265625,68,241.0,196.0,196.96804879319282,0.030537148178837015,-0.9680487931928212,0.0,13.445753842158897,240,243,213,229,254,270,True,True,,True,ok,240.96946285182116,197,10,225,258,16,240.5,240.3962315956701,240.0,False,8.691242220825963,39829.5,25705.5,4582.7166,18,0.8421052631578947,1.0,0.5555555555555556,8.960522894451383,1.0,1.0,0.5555555555555556,0.8421052631578947,1.0,0.8874269005847953,assessable,240.3962315956701,False
flow05,244,0,0.15,128.0,19,240.9401016333406,212.0,197.0,216.0,218.0,model_assisted,0.021246287524492275,model_assisted,0.021246287524492275,model_assisted,0.0,strong_evidence,0.8514739666073082,True,True,239.0,46667.921875,10799.3046875,4337.24609375,8.26990592929161,-1.9401016333405892,3.5275590551181097,16.0,224,258,0.045930700197970964,weak_evidence,0.0,True,False,4.964177248034227,51098.078125,5439.58984375,9.393737320785474,16318.76953125,80,239.0,186.0,196.98483343393946,-1.9401016333405892,-10.984833433939457,1.0,8.26990592929161,240,243,213,229,254,270,True,True,UPPER_SEED_TRAJECTORY_OUTLIER;Z_EDGE_EVIDENCE_WEAK,True,ok,240.9401016333406,197,10,225,258,16,241.0,240.0253853031836,240.0,False,7.353832870679814,35723.0,29812.0,4857.738899999999,15,0.7894736842105263,1.0,0.6666666666666666,9.909564915475894,0.8923054784466357,1.0,0.6666666666666666,0.7894736842105263,1.0,0.8640613034212347,assessable,240.0253853031836,False
flow05,245,0,0.15,128.0,19,240.89417093314262,210.0,197.0,216.0,218.0,model_assisted,0.008897760166583939,model_assisted,0.008897760166583939,model_assisted,0.0,strong_evidence,0.9344834155275735,True,True,240.0,48528.10546875,13944.99609375,5101.66796875,6.778784818384306,-0.8941709331426182,3.5275590551181097,16.0,224,258,0.0626616997079168,weak_evidence,0.0,True,False,4.964177248034227,51682.37890625,1323.9595947265625,39.03622067629939,7752.356835937499,114,240.0,184.0,196.9995053894835,-0.8941709331426182,-12.999505389483488,1.0,6.778784818384306,240,243,213,229,254,270,True,True,UPPER_SEED_TRAJECTORY_OUTLIER;Z_EDGE_EVIDENCE_WEAK,True,ok,240.89417093314262,197,10,225,258,16,240.0,240.26043892374284,240.5,False,11.127887610125823,34489.5,31045.5,3099.3752999999997,15,0.6842105263157895,1.0,0.6666666666666666,6.519592673323849,1.0,1.0,0.6666666666666666,0.6842105263157895,0.7532654455539749,0.8612914568360992,assessable,240.26043892374284,False
flow05,246,0,0.15,128.0,19,240.8315092334347,208.0,197.0,216.0,218.0,high_confidence,0.5,high_confidence,0.5,high_confidence,0.8844902840836423,strong_evidence,0.9134423171676698,True,True,242.0,48252.5703125,13258.650390625,3707.093505859375,9.439718708622847,1.1684907665652986,3.5275590551181097,16.0,224,258,0.07332570560640761,strong_evidence,0.8564559008653421,True,True,4.964177248034227,53914.96875,12882.9091796875,4.1849995213043805,38648.7275390625,25,242.0,198.0,197.0139227582436,1.1684907665652986,0.9860772417563908,0.0,9.439718708622847,240,243,213,229,254,270,True,True,,True,ok,240.8315092334347,197,10,225,258,16,240.5,240.80192950922958,242.0,False,5.685352475967884,35073.5,30461.5,6169.098599999999,16,0.7894736842105263,1.0,0.625,8.609715098961075,0.6142254126613139,1.0,0.625,0.7894736842105263,1.0,0.7583999470630388,assessable,240.80192950922958,False
flow05,247,0,0.15,128.0,19,240.7581835278283,208.0,197.0,216.0,218.0,high_confidence,0.5,high_confidence,0.5,high_confidence,0.9544632537163124,strong_evidence,0.9447403105754107,True,True,240.0,45642.33984375,13126.111328125,5000.9560546875,6.502002449141073,-0.7581835278282938,3.5275590551181097,16.0,224,258,0.07332570560640761,strong_evidence,0.9642862620521284,True,True,4.964177248034227,52814.890625,7847.26123046875,6.730359685228058,23541.78369140625,57,240.0,196.0,197.0261982199506,-0.7581835278282938,-1.0261982199506008,0.0,6.502002449141073,240,243,213,229,254,270,True,True,,True,ok,240.7581835278283,197,10,225,258,16,241.5,240.07385743681212,240.5,False,6.0915425877963285,35755.0,29780.0,5869.613399999999,14,0.8421052631578947,1.0,0.7142857142857143,5.199009098104749,0.6819237646327214,1.0,0.7142857142857143,0.8421052631578947,0.5331681830174583,0.7611630682540254,assessable,240.07385743681212,False
flow05,248,0,0.15,128.0,19,240.68705712261362,208.0,197.0,216.0,218.0,high_confidence,0.5205929747325257,high_confidence,0.5205929747325257,high_confidence,0.9312629669622347,strong_evidence,0.9500609387339918,True,True,240.0,47200.9609375,15572.427734375,2357.888427734375,13.413922741677782,-0.6870571226136235,3.5275590551181097,16.0,224,258,0.07112640521467029,strong_evidence,0.9128369331665853,True,True,4.964177248034227,51315.6640625,11206.3798828125,4.579147289233349,33619.1396484375,31,240.0,197.0,197.0331785101961,-0.6870571226136235,-0.033178510196108846,0.0,13.413922741677782,240,243,213,229,254,270,True,True,,True,ok,240.68705712261362,197,10,225,258,16,240.0,240.86598115386485,241.0,False,4.712665720241614,36811.0,28724.0,7811.0781,11,0.8421052631578947,1.0,0.9090909090909091,6.958439198592293,0.45211095337360235,1.0,0.9090909090909091,0.8421052631578947,0.8264065330987155,0.7490134582824983,assessable,240.86598115386485,False
flow05,249,0,0.15,128.0,19,240.63473178396168,207.0,197.0,216.0,218.0,high_confidence,0.5,high_confidence,0.5,high_confidence,0.9260084234786143,strong_evidence,0.9737692189117122,True,True,241.0,47868.0625,13338.880859375,2079.81689453125,16.602029597613786,0.3652682160383165,3.5275590551181097,16.0,224,258,0.05232533865194,strong_evidence,0.8805901682861617,True,True,4.964177248034227,50290.28125,12234.630859375,4.110486195132254,36703.892578125,27,241.0,197.0,197.03241961751388,0.3652682160383165,-0.032419617513880894,0.0,16.602029597613786,240,243,213,229,254,270,True,True,,True,ok,240.63473178396168,197,10,225,258,16,239.5,240.57377110776048,241.0,False,7.825335809388259,35884.5,29650.5,4585.681799999999,16,0.7368421052631579,1.0,0.625,4.2393046832361145,0.9708893015647098,1.0,0.625,0.7368421052631579,0.37321744720601907,0.812659316057724,assessable,240.57377110776048,False
flow05,250,0,0.15,128.0,19,240.61541949452862,207.0,197.0,216.0,218.0,high_confidence,0.5,high_confidence,0.5,high_confidence,0.947862545106686,strong_evidence,0.9723626623353786,True,True,241.0,46340.8359375,19097.658203125,3152.750244140625,8.641083379505353,0.38458050547137645,3.5275590551181097,16.0,224,258,0.01931228943305996,strong_evidence,0.923979744613272,True,True,4.964177248034227,50166.5390625,9507.494140625,5.276525898463732,28522.482421875,50,241.0,196.0,197.0226597714079,0.38458050547137645,-1.0226597714078878,0.0,8.641083379505353,240,243,213,229,254,270,True,True,,True,ok,240.61541949452862,197,10,225,258,16,241.0,240.41719101293137,241.0,False,3.7659436462306153,34014.0,31521.0,9031.9992,11,0.631578947368421,1.0,0.9090909090909091,8.656539103136408,0.2943239410384359,1.0,0.9090909090909091,0.631578947368421,1.0,0.6795684032868975,assessable,240.41719101293137,False
flow05,251,0,0.15,128.0,19,240.63473178396168,201.0,197.0,216.0,218.0,high_confidence,0.5,high_confidence,0.5,high_confidence,0.9300118573217333,strong_evidence,0.9737692189117122,True,True,241.0,46786.46484375,10649.2734375,4753.9599609375,7.6014925879021495,0.3652682160383165,3.5275590551181097,16.0,224,258,0.05232533865194,strong_evidence,0.8882207795864198,True,True,4.964177248034227,52922.37109375,12583.41796875,4.205723057533243,37750.25390625,28,241.0,197.0,197.00289453683877,0.3652682160383165,-0.002894536838766726,0.0,7.6014925879021495,240,243,213,229,254,270,True,True,,True,ok,240.63473178396168,197,10,225,258,16,240.5,240.07689095743297,240.5,False,9.487742396884558,36896.5,28638.5,3888.8597999999997,14,0.8421052631578947,1.0,0.7142857142857143,3.9734588733930005,1.0,1.0,0.7142857142857143,0.8421052631578947,0.32890981223216675,0.8520639135540438,assessable,240.07689095743297,False
flow05,252,0,0.15,128.0,19,240.68705712261362,201.0,197.0,216.0,218.0,model_assisted,8.949185894212495e-05,model_assisted,8.949185894212495e-05,model_assisted,0.0,strong_evidence,0.9775700185988291,True,True,241.0,49568.26953125,11384.775390625,5316.51904296875,7.182047845972408,0.3129428773863765,3.5275590551181097,16.0,224,258,0.07112640521467029,weak_evidence,0.0,True,False,4.964177248034227,53753.125,785.9104614257812,68.39599119533577,8062.96875,144,241.0,170.0,196.97108708923292,0.3129428773863765,-26.971087089232924,1.0,7.182047845972408,240,243,213,229,254,270,True,True,UPPER_SEED_TRAJECTORY_OUTLIER;Z_EDGE_EVIDENCE_WEAK,True,ok,240.68705712261362,197,10,225,258,16,240.5,241.4132411122951,240.0,False,4.180974100555385,38026.0,27509.0,9095.009699999999,14,0.8421052631578947,1.0,0.7142857142857143,10.401872592873355,0.36349568342589755,1.0,0.7142857142857143,0.8421052631578947,1.0,0.6963964215298912,assessable,241.4132411122951,False
flow05,253,0,0.15,128.0,19,240.7581835278283,201.0,197.0,216.0,218.0,model_assisted,0.0014873083344834807,model_assisted,0.0014873083344834807,model_assisted,0.0,strong_evidence,0.9827129154261203,True,True,241.0,48284.57421875,11140.626953125,4550.048828125,8.163417288190159,0.2418164721717062,3.5275590551181097,16.0,224,258,0.07332570560640761,weak_evidence,0.0,True,False,4.964177248034227,54253.3046875,3719.654296875,14.58557714169296,11158.962890625,111,241.0,178.0,196.9235951597415,0.2418164721717062,-18.923595159741495,1.0,8.163417288190159,240,243,213,229,254,270,True,True,UPPER_SEED_TRAJECTORY_OUTLIER;Z_EDGE_EVIDENCE_WEAK,True,ok,240.7581835278283,197,10,225,258,16,241.5,241.53977961242524,241.5,False,11.316002788862152,37446.5,28088.5,3309.1632,14,0.7894736842105263,1.0,0.7142857142857143,4.999638318419903,1.0,1.0,0.7142857142857143,0.7894736842105263,0.49993971973665047,0.861272167462387,assessable,241.53977961242524,False
flow05,254,0,0.15,128.0,19,240.8315092334347,200.0,197.0,216.0,218.0,high_confidence,0.5,high_confidence,0.5,high_confidence,0.8754283044622055,strong_evidence,0.9392236104092653,True,True,240.0,49043.4921875,12472.474609375,4963.00830078125,7.3687198089852455,-0.8315092334347014,3.5275590551181097,16.0,224,258,0.07332570560640761,strong_evidence,0.8159661956534774,True,True,4.964177248034227,54492.69921875,14791.1337890625,3.6841461916222644,44373.4013671875,21,240.0,198.0,196.85596597337565,-0.8315092334347014,1.1440340266243538,0.0,7.3687198089852455,240,243,213,229,254,270,True,True,,True,ok,240.8315092334347,197,10,225,258,16,240.5,240.71245324727113,240.5,False,5.818302536284421,35932.5,29602.5,6175.770299999999,12,1.0,1.0,0.8333333333333334,8.087071079066444,0.6363837560474036,1.0,0.8333333333333334,1.0,1.0,0.8394009812832579,assessable,240.71245324727113,False
flow05,255,0,0.15,128.0,19,240.89417093314262,200.0,197.0,216.0,218.0,model_assisted,0.0026808632487153945,model_assisted,0.0026808632487153945,model_assisted,0.0,strong_evidence,0.9924714981677554,True,True,241.0,48244.328125,15217.26953125,3174.75537109375,10.403024716317494,0.1058290668573818,3.5275590551181097,16.0,224,258,0.0626616997079168,weak_evidence,0.0,True,False,4.964177248034227,54910.89453125,3769.398193359375,14.567549437463953,11308.194580078125,110,241.0,179.0,196.7648492857859,0.1058290668573818,-17.764849285785914,1.0,10.403024716317494,240,243,213,229,254,270,True,True,UPPER_SEED_TRAJECTORY_OUTLIER;Z_EDGE_EVIDENCE_WEAK,True,ok,240.89417093314262,197,10,225,258,16,242.5,241.5792894541077,242.0,False,4.858139369270738,36586.0,28949.0,7530.8667,12,0.7368421052631579,1.0,0.8333333333333334,7.021088146527507,0.476356561545123,1.0,0.8333333333333334,0.7368421052631579,0.8368480244212512,0.7276025814390585,assessable,241.5792894541077,False
flow05,256,0,0.15,128.0,19,240.9400570219978,200.0,197.0,216.0,218.0,high_confidence,0.5,high_confidence,0.5,high_confidence,0.9163375959549724,strong_evidence,0.9309969444085622,True,True,240.0,48842.45703125,14184.603515625,3338.24169921875,10.382068357643483,-0.9400570219978022,3.5275590551181097,16.0,224,258,0.04588608885518397,strong_evidence,0.9019090715640978,True,True,4.964177248034227,55183.125,12094.2763671875,4.562747147875266,36282.8291015625,28,240.0,197.0,196.64998859106765,-0.9400570219978022,0.35001140893234606,0.0,10.382068357643483,240,243,213,229,254,270,True,True,,True,ok,240.9400570219978,197,10,225,258,16,241.0,240.98644240197203,241.0,False,8.223873756770594,36822.0,28713.0,4477.451999999999,15,0.9473684210526315,1.0,0.6666666666666666,4.272692137022958,1.0,1.0,0.6666666666666666,0.9473684210526315,0.3787820228371596,0.863316798774944,assessable,240.98644240197203,False
flow05,257,0,0.15,128.0,19,240.9692581457125,200.0,197.0,216.0,218.0,model_assisted,0.0022065501671894106,model_assisted,0.0022065501671894106,model_assisted,0.0,strong_evidence,0.948950879768302,True,True,241.0,47455.7890625,11432.0693359375,6638.24560546875,5.426692814270878,0.030741854287498427,3.5275590551181097,16.0,224,258,0.029201123714699406,weak_evidence,0.0,True,False,4.964177248034227,55181.734375,3792.607177734375,14.549815414304106,11377.821533203125,99,241.0,180.0,196.51520937202577,0.030741854287498427,-16.515209372025765,1.0,5.426692814270878,240,243,213,229,254,270,True,True,UPPER_SEED_TRAJECTORY_OUTLIER;Z_EDGE_EVIDENCE_WEAK,True,ok,240.9692581457125,197,10,225,258,16,241.0,240.42390066698573,241.0,False,3.6872449047751776,34197.0,31338.0,9274.4043,11,0.7894736842105263,1.0,0.9090909090909091,8.16988285708244,0.2812074841291963,1.0,0.9090909090909091,0.7894736842105263,1.0,0.6986618538949795,assessable,240.42390066698573,False
flow05,258,0,0.15,128.0,19,240.98526421351914,200.0,196.0,215.0,217.0,model_assisted,0.0029882048895520747,model_assisted,0.0029882048895520747,model_assisted,0.0,strong_evidence,0.8452391324227233,True,True,243.0,44910.3984375,10798.662109375,4875.03466796875,6.997229486849602,2.0147357864808555,3.5275590551181097,16.0,224,258,0.016006067806642932,weak_evidence,0.0,True,False,4.964177248034227,54839.2734375,1212.4815673828125,45.228954330310074,8225.891015625,126,243.0,180.0,196.36803490015694,2.0147357864808555,-16.368034900156943,1.0,6.997229486849602,240,243,213,229,254,270,True,True,UPPER_SEED_TRAJECTORY_OUTLIER;Z_EDGE_EVIDENCE_WEAK,True,ok,240.98526421351914,196,10,225,258,16,241.0,241.42333645141215,241.0,False,8.115891957394286,41127.5,24407.5,5067.5268,15,0.9473684210526315,1.0,0.6666666666666666,5.41575124716514,1.0,1.0,0.6666666666666666,0.9473684210526315,0.5692918745275234,0.8823677839439804,assessable,241.42333645141215,False
flow05,259,0,0.15,128.0,19,240.9920136591826,201.0,196.0,215.0,217.0,high_confidence,0.6662818693245385,high_confidence,0.6662818693245385,high_confidence,0.9414270070179076,strong_evidence,0.9258115013690287,True,True,242.0,48073.34375,13924.2783203125,2588.943115234375,13.190349849226413,1.0079863408174106,3.5275590551181097,16.0,224,258,0.006749445663444931,strong_evidence,0.9573058967534063,True,True,4.964177248034227,54795.26171875,7555.9765625,7.251909963656667,22667.9296875,64,242.0,195.0,196.2181274122893,1.0079863408174106,-1.2181274122893058,0.0,13.190349849226413,240,243,213,229,254,270,True,True,,True,ok,240.9920136591826,196,10,225,258,16,240.5,241.12139658669497,241.0,False,7.144257589555102,36092.5,29442.5,5051.9595,14,0.7894736842105263,1.0,0.7142857142857143,7.277967507772541,0.8573762649258504,1.0,0.7142857142857143,0.7894736842105263,0.8796612512954235,0.849326013342312,assessable,241.12139658669497,False
flow05,260,0,0.15,128.0,19,240.99185356441672,201.0,196.0,215.0,217.0,model_assisted,0.03478978418711262,model_assisted,0.03478978418711262,model_assisted,0.0,strong_evidence,0.9994224909877211,True,True,241.0,46503.33203125,11694.109375,2740.197265625,12.703181297537173,0.008146435583284983,3.5275590551181097,16.0,224,258,0.007308164612084056,weak_evidence,0.0,True,False,4.964177248034227,54679.5,4951.6767578125,11.042623069797418,14855.0302734375,93,241.0,186.0,196.0752944794195,0.008146435583284983,-10.075294479419512,1.0,12.703181297537173,240,243,213,229,254,270,True,True,UPPER_SEED_TRAJECTORY_OUTLIER;Z_EDGE_EVIDENCE_WEAK,True,ok,240.99185356441672,196,10,225,258,16,240.5,241.0706200864899,241.0,False,6.4400430581507955,36545.0,28990.0,5674.6515,14,0.7894736842105263,1.0,0.7142857142857143,6.307214204035558,0.7400071763584659,1.0,0.7142857142857143,0.7894736842105263,0.7178690340059264,0.7920676106147776,assessable,241.0706200864899,False
flow05,261,0,0.15,128.0,19,240.98454539980463,201.0,196.0,215.0,217.0,high_confidence,0.7291443101903368,high_confidence,0.7291443101903368,high_confidence,0.9459451658290067,strong_evidence,0.9252396321933236,True,True,242.0,49513.9453125,15596.55078125,3310.1396484375,10.246514689270038,1.015454600195369,3.5275590551181097,16.0,224,258,0.01748339258500664,strong_evidence,0.9671140595588981,True,True,4.964177248034227,54433.78125,6991.95166015625,7.785205604351041,20975.85498046875,71,242.0,195.0,195.94765083059673,1.015454600195369,-0.9476508305967286,0.0,10.246514689270038,240,243,213,229,254,270,True,True,,True,ok,240.98454539980463,196,10,225,258,16,241.0,240.89233571818247,242.0,False,5.4701708185160145,36102.0,29433.0,6599.7939,13,0.9473684210526315,1.0,0.7692307692307693,7.1167404466181505,0.5783618030860024,1.0,0.7692307692307693,0.9473684210526315,0.8527900744363585,0.7836570555277852,assessable,240.89233571818247,False
flow05,262,0,0.15,128.0,19,240.96706200721962,200.0,196.0,215.0,217.0,high_confidence,0.5,high_confidence,0.5,high_confidence,0.903947477876884,strong_evidence,0.9359100643425439,True,True,241.0,48208.203125,15173.08203125,6256.39404296875,5.280217465023088,0.03293799278037568,3.5275590551181097,16.0,224,258,0.03299989365496003,strong_evidence,0.8730764566935063,True,True,4.964177248034227,54350.609375,12021.4501953125,4.521135844009304,36064.3505859375,30,241.0,197.0,195.84039778352434,0.03293799278037568,1.1596022164756619,0.0,5.280217465023088,240,243,213,229,254,270,True,True,,True,ok,240.96706200721962,196,10,225,258,16,240.0,240.75991274261986,241.5,False,7.793437835085506,38338.0,27197.0,4919.266799999999,15,0.8947368421052632,1.0,0.6666666666666666,6.809222406902787,0.9655729725142509,1.0,0.6666666666666666,0.8947368421052632,0.8015370678171312,0.8856481068108237,assessable,240.75991274261986,False
flow05,263,0,0.15,128.0,19,240.93406211356466,200.0,196.0,215.0,217.0,model_assisted,0.010261181446094166,model_assisted,0.010261181446094166,model_assisted,0.0,strong_evidence,0.9314531846757026,True,True,240.0,47768.453125,16223.7021484375,4377.18896484375,7.2066230701759375,-0.9340621135646643,3.5275590551181097,16.0,224,258,0.054626966902901586,weak_evidence,0.0,True,False,4.964177248034227,54805.875,3029.319580078125,18.091810240300422,9087.958740234375,123,240.0,183.0,195.75540802872365,-0.9340621135646643,-12.75540802872365,1.0,7.2066230701759375,240,243,213,229,254,270,True,True,UPPER_SEED_TRAJECTORY_OUTLIER;Z_EDGE_EVIDENCE_WEAK,True,ok,240.93406211356466,196,10,225,258,16,240.0,240.98910075758457,240.5,False,8.148273995289559,34460.0,31075.0,4229.1165,13,0.9473684210526315,1.0,0.7692307692307693,5.928983654539456,1.0,1.0,0.7692307692307693,0.9473684210526315,0.6548306090899093,0.9114344779130396,assessable,240.98910075758457,False
flow05,264,0,0.15,128.0,19,240.87943514666176,200.0,196.0,215.0,217.0,model_assisted,0.00045179228505897356,model_assisted,0.00045179228505897356,model_assisted,0.0,strong_evidence,0.7219270292095619,True,True,243.0,47142.375,12191.326171875,7817.46435546875,4.470893276753453,2.1205648533382373,3.5275590551181097,16.0,224,258,0.08065919989877557,weak_evidence,0.0,True,False,4.964177248034227,54746.6640625,1212.786376953125,45.141226107799525,8211.999609375,131,243.0,175.0,195.69187349185552,2.1205648533382373,-20.691873491855517,1.0,4.470893276753453,240,243,213,229,254,270,True,True,UPPER_SEED_TRAJECTORY_OUTLIER;Z_EDGE_EVIDENCE_WEAK,True,ok,240.87943514666176,196,10,225,258,16,240.0,241.5574699544492,240.0,False,4.0645294739934075,35364.0,30171.0,8700.6381,13,0.7368421052631579,1.0,0.7692307692307693,6.0340440912371545,0.3440882456655679,1.0,0.7692307692307693,0.7368421052631579,0.6723406818728591,0.6520374238058623,assessable,241.5574699544492,False
flow05,265,0,0.15,128.0,19,240.798775946763,200.0,196.0,215.0,217.0,high_confidence,0.5,high_confidence,0.5,high_confidence,0.9428414969002755,strong_evidence,0.9091600515015396,True,True,242.0,47238.671875,12797.9765625,5762.0966796875,5.9771116708107455,1.2012240532370129,3.5275590551181097,16.0,224,258,0.1064856940272989,strong_evidence,0.9777707311369331,True,True,4.964177248034227,53848.07421875,7933.42724609375,6.78749203192903,23800.28173828125,38,242.0,195.0,195.64749123818527,1.2012240532370129,-0.6474912381852675,0.0,5.9771116708107455,240,243,213,229,254,270,True,True,,True,ok,240.798775946763,196,10,225,258,16,240.5,240.23698529999248,241.0,False,3.9198141871847505,33608.0,31927.0,8573.8758,12,0.7894736842105263,1.0,0.8333333333333334,4.144306815795321,0.3199690311974584,1.0,0.8333333333333334,0.7894736842105263,0.35738446929922024,0.6328153271472781,assessable,240.23698529999248,False
flow05,266,0,0.15,128.0,19,240.6922902527357,200.0,196.0,215.0,217.0,model_assisted,0.0007327851811326407,model_assisted,0.0007327851811326407,model_assisted,0.0,strong_evidence,0.8203064963028139,True,True,243.0,46327.3359375,12350.11328125,4799.73046875,7.078985555015703,2.3077097472643118,3.5275590551181097,16.0,224,258,0.12579798346030202,weak_evidence,0.0,True,False,4.964177248034227,52241.48828125,2607.650146484375,20.03393298433143,7836.2232421875,129,243.0,175.0,195.61961046495404,2.3077097472643118,-20.619610464954036,1.0,7.078985555015703,240,243,213,229,254,270,True,True,UPPER_SEED_TRAJECTORY_OUTLIER;Z_EDGE_EVIDENCE_WEAK,True,ok,240.6922902527357,196,10,225,258,16,240.5,241.1657435013056,241.0,False,4.224084157597234,34779.5,30755.5,8233.6191,12,0.7894736842105263,1.0,0.8333333333333334,6.738236954547354,0.37068069293287237,1.0,0.8333333333333334,0.7894736842105263,0.7897061590912257,0.6937965777338735,assessable,241.1657435013056,False
flow05,267,0,0.15,128.0,19,240.5664922692754,201.0,196.0,215.0,217.0,high_confidence,0.8768948670103677,high_confidence,0.8768948670103677,high_confidence,0.9328418985761955,strong_evidence,0.8820225095587598,True,True,239.0,45118.1640625,11492.7890625,2599.33154296875,12.93616241104656,-1.5664922692753862,3.5275590551181097,16.0,224,258,0.1329845385507724,strong_evidence,0.9865893424585771,True,True,4.964177248034227,50463.87890625,7089.03271484375,7.118584570865854,21267.09814453125,37,239.0,196.0,195.6058954846683,-1.5664922692753862,0.39410451533169066,0.0,12.93616241104656,240,243,213,229,254,270,True,True,,True,ok,240.5664922692754,196,10,225,258,16,240.0,241.1394563045186,240.5,False,9.556659721909957,38255.5,27279.5,4003.02,13,0.5789473684210527,1.0,0.7692307692307693,5.793326362301105,1.0,1.0,0.7692307692307693,0.5789473684210527,0.6322210603835176,0.8539103651476636,assessable,241.1394563045186,False
flow05,268,0,0.15,128.0,19,240.4335077307246,201.0,196.0,215.0,217.0,high_confidence,0.5,high_confidence,0.5,high_confidence,0.8399459624437922,strong_evidence,0.8683966338659261,True,True,239.0,45893.76953125,12702.490234375,5845.11328125,5.678466387186412,-1.4335077307246138,3.5275590551181097,16.0,224,258,0.1329845385507724,strong_evidence,0.8124274004665863,True,True,4.964177248034227,50035.91015625,3547.0712890625,14.1062600885799,10641.2138671875,93,239.0,191.0,195.6044413441755,-1.4335077307246138,-4.6044413441755125,0.0,5.678466387186412,239,242,212,228,253,269,True,True,,True,ok,240.4335077307246,196,10,224,257,16,242.0,241.33767734322575,238.5,False,7.362568567004975,35498.0,30037.0,4821.4151999999995,15,0.5789473684210527,1.0,0.6666666666666666,7.999400565463334,0.8937614278341625,1.0,0.6666666666666666,0.5789473684210527,0.9999000942438889,0.8329819477628371,assessable,241.33767734322575,False
flow05,269,0,0.15,128.0,19,240.3077097472643,201.0,196.0,215.0,217.0,high_confidence,0.5088995272453241,high_confidence,0.5088995272453241,high_confidence,0.9353400397276683,strong_evidence,0.8865103297958787,True,True,239.0,45063.453125,12255.5654296875,5667.96533203125,5.788300699354315,-1.3077097472643118,3.5275590551181097,16.0,224,258,0.12579798346030202,strong_evidence,0.9868593297939292,True,True,4.964177248034227,49492.41796875,6179.48681640625,8.009146946854864,18538.46044921875,55,239.0,196.0,195.61372497702789,-1.3077097472643118,0.38627502297211436,0.0,5.788300699354315,239,242,212,228,253,269,True,True,,True,ok,240.3077097472643,196,10,224,257,16,238.5,240.08624197119426,238.5,False,6.44214140901671,35640.0,29895.0,5532.3219,8,0.47368421052631576,1.0,0.8,5.8494911838839645,0.740356901502785,1.0,0.8,0.47368421052631576,0.6415818639806607,0.7543357335029882,assessable,240.08624197119426,False
flow05,270,0,0.15,128.0,19,240.20122405323707,201.0,196.0,215.0,217.0,high_confidence,0.5,high_confidence,0.5,high_confidence,0.7904350937739718,strong_evidence,0.7676044438748689,True,True,239.0,36915.20703125,10529.9384765625,6192.640625,4.26074596484234,-1.2012240532370697,3.5275590551181097,16.0,224,258,0.10648569402724206,strong_evidence,0.8139447894745608,True,True,4.964177248034227,48908.97265625,11511.8330078125,4.248582534428527,34535.4990234375,26,239.0,198.0,195.6324726325825,-1.2012240532370697,2.3675273674174946,0.0,4.26074596484234,239,242,212,228,253,269,True,True,,True,ok,240.20122405323707,196,10,224,257,16,238.0,239.9389615843268,238.5,False,4.336413800762953,30837.5,29137.5,7111.2909,7,0.47368421052631576,1.0,0.7,7.832661423806966,0.3894023001271589,1.0,0.7,0.47368421052631576,0.9721102373011611,0.6445544603535691,assessable,239.9389615843268,False
flow05,271,0,0.15,128.0,19,240.12060946468102,201.0,196.0,215.0,217.0,high_confidence,0.7941576676619831,high_confidence,0.7941576676619831,high_confidence,0.982664450639039,strong_evidence,0.9914154957694,True,True,240.0,44516.41015625,14484.6435546875,3084.022216796875,9.737856763157197,-0.12060946468102429,3.5275590551181097,16.0,224,258,0.08061458855604542,strong_evidence,0.973990649400064,True,True,4.964177248034227,48549.18359375,8456.5625,5.741006891836961,25369.6875,36,240.0,196.0,195.65913321350837,-0.12060946468102429,0.34086678649163105,0.0,9.737856763157197,239,242,212,228,253,269,True,True,,True,ok,240.12060946468102,196,10,224,257,16,240.5,241.47604398234154,242.0,False,9.223181438597223,37973.5,27561.5,4117.1802,16,0.8421052631578947,1.0,0.625,4.838491725409093,1.0,1.0,0.625,0.8421052631578947,0.47308195423484883,0.8486239848971691,assessable,241.47604398234154,False
flow05,272,0,0.15,128.0,19,240.06614259254405,202.0,196.0,215.0,217.0,model_assisted,0.0006469076006745392,model_assisted,0.0006469076006745392,model_assisted,0.0,strong_evidence,0.9953014006147798,True,True,240.0,46246.10546875,12777.2578125,5229.85986328125,6.399568732469136,-0.06614259254405397,3.5275590551181097,16.0,224,258,0.054466872136970323,weak_evidence,0.0,True,False,4.964177248034227,47867.0625,2845.814453125,16.820162835084695,8537.443359375,129,240.0,175.0,195.69085778545534,-0.06614259254405397,-20.690857785455336,1.0,6.399568732469136,239,242,212,228,253,269,True,True,UPPER_SEED_TRAJECTORY_OUTLIER;Z_EDGE_EVIDENCE_WEAK,True,ok,240.06614259254405,196,10,224,257,16,242.0,241.41788521875452,241.5,False,5.340569650055233,34249.0,31286.0,6412.9863,15,0.6842105263157895,1.0,0.6666666666666666,8.37704619470549,0.5567616083425388,1.0,0.6666666666666666,0.6842105263157895,1.0,0.7308314752005903,assessable,241.41788521875452,False
flow05,273,0,0.15,128.0,19,240.0336568064949,200.0,196.0,215.0,217.0,high_confidence,0.563193326270344,high_confidence,0.563193326270344,high_confidence,0.9675857626035975,strong_evidence,0.9976118725168373,True,True,240.0,48151.3359375,10285.689453125,2188.22705078125,17.30425847302091,-0.033656806494889224,3.5275590551181097,16.0,224,258,0.032485786049164744,strong_evidence,0.9384633781785554,True,True,4.964177248034227,48029.16796875,4702.6962890625,10.213112864731649,14108.0888671875,80,240.0,194.0,195.72239697161163,-0.033656806494889224,-1.72239697161163,0.0,17.30425847302091,239,242,212,228,253,269,True,True,,True,ok,240.0336568064949,196,10,224,257,16,241.0,240.9562803767141,241.0,False,7.530910950813759,37549.0,27986.0,4985.9838,15,0.8421052631578947,1.0,0.6666666666666666,6.061440411650626,0.9218184918022931,1.0,0.6666666666666666,0.8421052631578947,0.6769067352751043,0.8499762684653305,assessable,240.9562803767141,False
flow05,274,0,0.15,128.0,19,240.01765073868825,199.0,196.0,215.0,217.0,high_confidence,0.5,high_confidence,0.5,high_confidence,0.8916288435374896,strong_evidence,0.8479502884933968,True,True,242.0,47166.19140625,11999.3671875,5008.32470703125,7.021674167687022,1.9823492613117537,3.5275590551181097,16.0,224,258,0.016006067806642932,strong_evidence,0.9375573136964526,True,True,4.964177248034227,47556.9375,3796.766357421875,12.52564235537861,11390.299072265625,92,242.0,194.0,195.74614201280218,1.9823492613117537,-1.7461420128021814,0.0,7.021674167687022,239,242,212,228,253,269,True,True,,True,ok,240.01765073868825,196,10,224,257,16,242.5,241.3845667577586,240.5,False,6.782311173246018,38713.5,26821.5,5708.009999999999,16,0.6842105263157895,1.0,0.625,5.94890083983627,0.7970518622076698,1.0,0.625,0.6842105263157895,0.6581501399727117,0.7724147447173241,assessable,241.3845667577586,False
flow05,275,0,0.15,128.0,19,240.01418595535927,199.0,196.0,215.0,217.0,model_assisted,0.0006247459192288032,model_assisted,0.0006247459192288032,model_assisted,0.0,strong_evidence,0.9253368014185799,True,True,239.0,42603.453125,10213.5859375,5131.642578125,6.311793289261898,-1.0141859553592667,3.5275590551181097,16.0,224,258,0.008740878047717615,weak_evidence,0.0,True,False,4.964177248034227,46865.45703125,1175.5606689453125,39.86647245802862,7029.8185546875,141,239.0,175.0,195.75400078384288,-1.0141859553592667,-20.754000783842883,1.0,6.311793289261898,239,242,212,228,253,269,True,True,UPPER_SEED_TRAJECTORY_OUTLIER;Z_EDGE_EVIDENCE_WEAK,True,ok,240.01418595535927,196,10,224,257,16,239.5,241.02092518982238,241.5,False,4.366890728858782,36729.0,28797.5,8410.789799999999,12,0.5789473684210527,1.0,0.8333333333333334,7.567602800080155,0.39448178814313034,1.0,0.8333333333333334,0.5789473684210527,0.9279338000133591,0.6843707777812562,assessable,241.02092518982238,False
flow05,276,0,0.15,128.0,19,240.02292683340698,198.0,196.0,215.0,217.0,high_confidence,0.5,high_confidence,0.5,high_confidence,0.9396861101625764,strong_evidence,0.9983738408374038,True,True,240.0,43591.1796875,12742.904296875,2293.139892578125,13.452417574029026,-0.022926833406984315,3.5275590551181097,16.0,224,258,0.025261053460155836,strong_evidence,0.8844482392405569,True,True,4.964177248034227,44900.203125,10533.66015625,4.262545255777888,31600.98046875,35,240.0,196.0,195.74053925448908,-0.022926833406984315,0.25946074551092124,0.0,13.452417574029026,239,242,212,228,253,269,True,True,,True,ok,240.02292683340698,196,10,224,257,16,242.5,241.44812571508578,240.5,False,8.352894426914292,38780.5,25343.5,4642.7618999999995,14,0.5789473684210527,1.0,0.7142857142857143,5.2386339800434705,1.0,1.0,0.7142857142857143,0.5789473684210527,0.5397723300072451,0.8336764811210254,assessable,241.44812571508578,False
flow05,277,0,0.15,128.0,19,240.04818788686714,198.0,196.0,215.0,217.0,high_confidence,0.5,high_confidence,0.5,high_confidence,0.9460719006969597,strong_evidence,0.9600334041160997,True,True,240.0,41684.5,14085.46484375,4956.70947265625,5.568015496671819,-0.04818788686714015,3.5275590551181097,16.0,224,258,0.050643381005897936,strong_evidence,0.9323134356063685,True,True,4.964177248034227,44174.59375,8815.70703125,5.010896300592736,26447.12109375,36,240.0,196.0,195.70547463647486,-0.04818788686714015,0.29452536352513903,0.0,5.568015496671819,239,242,212,228,253,269,True,True,,True,ok,240.04818788686714,196,10,224,257,16,239.0,240.22948353919833,239.5,False,6.110377231228158,36010.5,29524.5,5893.335,9,0.7368421052631579,1.0,0.9,6.3731954878978785,0.6850628718713597,1.0,0.9,0.7368421052631579,0.7288659146496465,0.8031849124094143,assessable,240.22948353919833,False
flow05,278,0,0.15,128.0,19,240.09883126787304,197.0,196.0,215.0,217.0,high_confidence,0.5,high_confidence,0.5,high_confidence,0.9321686879025111,strong_evidence,0.9929710721874185,True,True,240.0,46619.26953125,15310.689453125,3759.9140625,8.326940338978824,-0.09883126787303809,3.5275590551181097,16.0,224,258,0.08767147190059177,strong_evidence,0.875089402948771,True,True,4.964177248034227,38528.20703125,9248.126953125,4.16605516192996,27744.380859375,35,240.0,196.0,195.65374737893546,-0.09883126787303809,0.34625262106453647,0.0,8.326940338978824,239,242,212,228,253,269,True,True,,True,ok,240.09883126787304,196,10,224,257,16,240.5,242.4837871121123,240.0,False,4.3934965488814655,36822.5,28712.5,8381.1378,6,0.5263157894736842,1.0,0.6,5.554411891383056,0.39891609148024426,1.0,0.6,0.5263157894736842,0.5924019818971761,0.5978081986288557,uncertain,242.4837871121123,False
flow05,279,0,0.15,128.0,19,240.18650273977363,188.0,196.0,215.0,217.0,model_assisted,0.0,model_assisted,0.0,model_assisted,0.0,strong_evidence,0.912043765622873,True,True,239.0,44643.3046875,11886.9033203125,5171.1787109375,6.334416812535373,-1.1865027397736299,3.5275590551181097,16.0,224,258,0.13528616680167715,unavailable,0.0,False,False,4.964177248034227,13291.171875,5658.9970703125,2.3486797589499435,16976.9912109375,0,239.0,,195.59289236963798,-1.1865027397736299,,1.0,6.334416812535373,239,242,212,228,253,269,True,True,NO_VALID_UPPER_COMPONENT;LOW_PEAK_SNR;Z_EDGE_EVIDENCE_UNAVAILABLE,True,ok,240.18650273977363,196,10,224,257,16,239.0,240.76653721401087,239.5,False,4.998446551537954,37965.0,27570.0,7595.359799999999,7,0.5789473684210527,1.0,0.7,4.389794234293388,0.4997410919229924,1.0,0.7,0.5789473684210527,0.3982990390488981,0.6415813913410952,assessable,240.76653721401087,False
flow05,280,0,0.15,128.0,19,240.3217889065753,195.0,196.0,215.0,217.0,high_confidence,0.5,high_confidence,0.5,high_confidence,0.8492214187355585,strong_evidence,0.9014700350980148,True,True,239.0,44363.140625,15374.75,4480.3427734375,6.470127865408596,-1.321788906575307,3.5275590551181097,16.0,224,258,0.18714489392607447,strong_evidence,0.8000010981627611,True,True,4.964177248034227,20979.45703125,6465.14794921875,3.2450080332322733,19395.44384765625,49,239.0,195.0,195.52929282912737,-1.321788906575307,-0.5292928291273711,0.0,6.470127865408596,239,242,212,228,253,269,True,True,,True,ok,240.3217889065753,196,10,224,257,16,239.0,241.06213980507812,239.5,False,4.3860919197053105,36897.0,28638.0,8412.2724,7,0.5263157894736842,1.0,0.7,7.5931735930378,0.3976819866175518,1.0,0.7,0.5263157894736842,0.9321955988396334,0.6513556236211592,assessable,241.06213980507812,False
flow05,281,0,0.15,128.0,19,240.50893380050138,198.0,195.0,214.0,216.0,high_confidence,0.5,high_confidence,0.5,high_confidence,0.858104263825498,strong_evidence,0.886635272478006,True,True,239.0,45018.81640625,10266.796875,2440.893798828125,14.237415633541481,-1.5089338005013815,3.5275590551181097,16.0,224,258,0.23228367748754408,strong_evidence,0.8304913536064692,True,True,4.964177248034227,43879.38671875,10794.423828125,4.065004989374397,32383.271484375,22,239.0,197.0,195.4657194110814,-1.5089338005013815,1.534280588918591,0.0,14.237415633541481,240,243,213,229,254,270,True,True,,True,ok,240.50893380050138,195,10,225,258,16,239.0,239.63468714303846,240.5,False,10.187900634537646,39068.0,26467.0,3834.7448999999997,17,0.8421052631578947,1.0,0.5882352941176471,4.548474343515075,1.0,1.0,0.5882352941176471,0.8421052631578947,0.42474572391917914,0.8364374206891315,assessable,239.63468714303846,False
flow05,282,0,0.15,128.0,19,240.74121747798893,201.0,195.0,214.0,216.0,high_confidence,0.5,high_confidence,0.5,high_confidence,0.91312691647938,strong_evidence,0.9600308576638776,True,True,241.0,48105.6953125,14108.271484375,5922.361328125,5.7405183413367435,0.25878252201107443,3.5275590551181097,16.0,224,258,0.25878252201107443,strong_evidence,0.8685145471553871,True,True,4.964177248034227,49935.5,10658.2734375,4.685139698546977,31974.8203125,24,241.0,197.0,195.4014972514198,0.25878252201107443,1.598502748580188,0.0,5.7405183413367435,240,243,213,229,254,270,True,True,,True,ok,240.74121747798893,195,10,225,258,16,242.0,241.18888015137196,241.5,False,4.71085676732484,38075.0,27460.0,8082.393899999999,15,0.7894736842105263,1.0,0.6666666666666666,7.137935997073677,0.4518094612208066,1.0,0.6666666666666666,0.7894736842105263,0.8563226661789461,0.6955199640100892,assessable,241.18888015137196,False
flow05,283,0,0.15,128.0,19,241.0,202.0,195.0,214.0,216.0,model_assisted,0.0011382530587176357,model_assisted,0.0011382530587176357,model_assisted,0.0,strong_evidence,1.0,True,True,241.0,47038.5546875,16774.845703125,2344.728271484375,12.907128451697297,0.0,3.5275590551181097,16.0,225,258,0.25878252201110286,weak_evidence,0.0,True,False,4.964177248034227,52023.67578125,2832.896728515625,18.36412716975717,8498.690185546875,141,241.0,175.0,195.33478178962673,0.0,-20.33478178962673,1.0,12.907128451697297,240,243,213,229,254,270,True,True,UPPER_SEED_TRAJECTORY_OUTLIER;Z_EDGE_EVIDENCE_WEAK,True,ok,241.0,195,10,225,258,16,242.5,242.5743251326556,242.0,False,4.087971359609707,32308.75,33226.25,7903.369949999999,12,0.6842105263157895,1.0,0.8333333333333334,8.151295421398498,0.3479952266016178,1.0,0.8333333333333334,0.6842105263157895,1.0,0.6910965749246013,assessable,242.5743251326556,False
flow05,284,0,0.15,128.0,19,241.2587825220111,202.0,195.0,214.0,216.0,model_assisted,0.005295568008205775,model_assisted,0.005295568008205775,model_assisted,0.0,strong_evidence,0.9460121777801119,True,True,242.0,49944.1953125,13960.20703125,4191.53759765625,8.584913636793068,0.7412174779888971,3.5275590551181097,16.0,225,259,0.25878252201110286,weak_evidence,0.0,True,False,4.964177248034227,53861.2890625,3704.309326171875,14.54017046631513,11112.927978515625,121,242.0,180.0,195.26491912394175,0.7412174779888971,-15.264919123941752,2.0,8.584913636793068,240,243,213,229,254,270,True,True,UPPER_SEED_TRAJECTORY_OUTLIER;Z_EDGE_EVIDENCE_WEAK,True,ok,241.2587825220111,195,10,225,258,16,242.0,242.05036888341368,242.0,False,11.591734075472154,36700.5,28834.5,3166.0923,13,0.7894736842105263,1.0,0.7692307692307693,4.250078980543423,1.0,1.0,0.7692307692307693,0.7894736842105263,0.3750131634239038,0.8597685228201233,assessable,242.05036888341368,False
flow05,285,0,0.15,128.0,19,241.49106619949865,203.0,195.0,214.0,216.0,model_assisted,0.00014395755300969558,model_assisted,0.00014395755300969558,model_assisted,0.0,strong_evidence,0.9645702414758114,True,True,241.0,48536.8671875,13355.1435546875,5507.88134765625,6.387523879355763,-0.49106619949864694,3.5275590551181097,16.0,225,259,0.23228367748754408,weak_evidence,0.0,True,False,4.964177248034227,55652.6953125,2584.863037109375,21.53022984720143,8347.904296875,144,241.0,170.0,195.19326102076252,-0.49106619949864694,-25.19326102076252,2.0,6.387523879355763,240,243,213,229,254,270,True,True,UPPER_SEED_TRAJECTORY_OUTLIER;Z_EDGE_EVIDENCE_WEAK,True,ok,241.49106619949865,195,10,225,258,16,242.0,242.1028945642041,241.5,False,4.412186601477138,35183.5,30351.5,7974.1641,13,0.7894736842105263,1.0,0.7692307692307693,8.184846578357496,0.4020311002461896,1.0,0.7692307692307693,0.7894736842105263,1.0,0.7129780915638991,assessable,242.1028945642041,False
flow05,286,0,0.15,128.0,19,241.6782110934247,203.0,195.0,214.0,216.0,model_assisted,0.004635719025076917,model_assisted,0.004635719025076917,model_assisted,0.0,strong_evidence,0.9769285007656331,True,True,242.0,47434.51953125,14067.2431640625,3229.9482421875,10.330591658208533,0.321788906575307,3.5275590551181097,16.0,225,259,0.18714489392604605,weak_evidence,0.0,True,False,4.964177248034227,56725.08984375,4465.90673828125,12.701807979443215,13397.72021484375,119,242.0,179.0,195.12189188758765,0.321788906575307,-16.12189188758765,1.0,10.330591658208533,241,244,214,230,255,271,True,True,UPPER_SEED_TRAJECTORY_OUTLIER;Z_EDGE_EVIDENCE_WEAK,True,ok,241.6782110934247,195,10,226,259,16,243.0,242.29747853701986,242.0,False,4.777959081242837,36517.0,29018.0,7642.803,15,0.7894736842105263,1.0,0.6666666666666666,6.583731969000452,0.4629931802071396,1.0,0.6666666666666666,0.7894736842105263,0.7639553281667419,0.6901975318540854,assessable,242.29747853701986,False
flow05,287,0,0.15,128.0,19,241.81354187156913,203.0,195.0,214.0,216.0,high_confidence,0.5,high_confidence,0.5,high_confidence,0.9557327895005386,strong_evidence,0.9866971293662722,True,True,242.0,46624.75390625,13943.7880859375,4640.787109375,7.042117005171957,0.18645812843087128,3.5275590551181097,16.0,225,259,0.13533077814443573,strong_evidence,0.9257401666032496,True,True,4.964177248034227,56985.51953125,8724.3955078125,6.5317441741632125,26173.1865234375,60,242.0,193.0,195.05164917508017,0.18645812843087128,-2.051649175080172,0.0,7.042117005171957,241,244,214,230,255,271,True,True,,True,ok,241.81354187156913,195,10,226,259,16,242.0,242.05702168320818,242.0,False,8.755277336523767,37754.0,27781.0,4312.1421,13,0.8947368421052632,1.0,0.7692307692307693,5.563857687476658,1.0,1.0,0.7692307692307693,0.8947368421052632,0.5939762812461097,0.8974543082865543,assessable,242.05702168320818,False
flow05,288,0,0.15,128.0,19,241.90137343823565,203.0,195.0,214.0,216.0,high_confidence,0.5,high_confidence,0.5,high_confidence,0.8914678107605559,strong_evidence,0.992985682406451,True,True,242.0,50257.1796875,15129.021484375,5463.55224609375,6.42954558149241,0.09862656176434825,3.5275590551181097,16.0,225,259,0.08783156666652303,strong_evidence,0.8003286167190917,True,True,4.964177248034227,56515.1015625,14638.3447265625,3.860757662029138,43915.0341796875,22,242.0,197.0,194.98136389251704,0.09862656176434825,2.018636107482962,0.0,6.42954558149241,241,244,214,230,255,271,True,True,,True,ok,241.90137343823565,195,10,226,259,16,241.5,241.47050976962964,242.0,False,6.349756293710479,39257.0,26278.0,6182.442,14,0.8421052631578947,1.0,0.7142857142857143,8.039902189973462,0.7249593822850798,1.0,0.7142857142857143,0.8421052631578947,1.0,0.8229087161306049,assessable,241.47050976962964,False
flow05,289,0,0.15,128.0,19,241.95253092684737,203.0,195.0,214.0,216.0,high_confidence,0.7688648422910296,high_confidence,0.7688648422910296,high_confidence,0.9927406828562811,strong_evidence,0.9966301634566482,True,True,242.0,49445.34375,12641.7978515625,4420.22607421875,8.326168227705937,0.047469073152626606,3.5275590551181097,16.0,225,259,0.051157488611721647,strong_evidence,0.9888663814667139,True,True,4.964177248034227,55517.40234375,9481.6064453125,5.855273857226651,28444.8193359375,49,242.0,195.0,194.90935855451113,0.047469073152626606,0.09064144548887043,0.0,8.326168227705937,241,244,214,230,255,271,True,True,,True,ok,241.95253092684737,195,10,226,259,16,241.0,241.49926941925665,242.0,False,7.324527043423157,38062.0,27473.0,5196.513,17,0.8421052631578947,1.0,0.5882352941176471,7.448310322745971,0.8874211739038596,1.0,0.5882352941176471,0.8421052631578947,0.9080517204576618,0.8453654312093307,assessable,241.49926941925665,False
flow05,290,0,0.15,128.0,19,241.97926930508595,202.0,195.0,214.0,216.0,high_confidence,0.7980948241205881,high_confidence,0.7980948241205881,high_confidence,0.9829986896791226,strong_evidence,0.9985297236894972,True,True,242.0,49337.83984375,15583.49609375,3155.285400390625,10.69771493438318,0.02073069491405022,3.5275590551181097,16.0,225,259,0.026738378238576388,strong_evidence,0.9677092238581657,True,True,4.964177248034227,54855.6796875,9922.646484375,5.528331556896658,29767.939453125,45,242.0,195.0,194.8365744173243,0.02073069491405022,0.16342558267569984,0.0,10.69771493438318,241,244,214,230,255,271,True,True,,True,ok,241.97926930508595,195,10,226,259,16,239.5,240.94676847965542,241.0,False,8.546864351781462,37387.5,28147.5,4374.4113,18,0.8947368421052632,1.0,0.5555555555555556,9.226064514932872,1.0,1.0,0.5555555555555556,0.8947368421052632,1.0,0.8953216374269006,assessable,240.94676847965542,False
flow05,291,0,0.15,128.0,19,241.99180895307393,199.0,195.0,214.0,216.0,high_confidence,0.5,high_confidence,0.5,high_confidence,0.9863666901894202,strong_evidence,0.9994193275260275,True,True,242.0,47963.40625,13619.330078125,5713.68115234375,6.010849267951725,0.008191046926071976,3.5275590551181097,16.0,225,259,0.012539647987978242,strong_evidence,0.9734845231816818,True,True,4.964177248034227,54699.89453125,8867.703125,6.168439984987657,26603.109375,57,242.0,194.0,194.76900924751467,0.008191046926071976,-0.7690092475146741,0.0,6.010849267951725,241,244,214,230,255,271,True,True,,True,ok,241.99180895307393,195,10,226,259,16,239.5,240.9504076320254,241.5,False,11.127601986442587,37202.5,28332.5,3343.263,16,0.7368421052631579,1.0,0.625,7.295704295114668,1.0,1.0,0.625,0.7368421052631579,0.8826173825191113,0.8737880540413849,assessable,240.9504076320254,False
flow05,292,0,0.15,128.0,19,241.99708504779267,199.0,195.0,214.0,216.0,model_assisted,0.00026414025227215136,model_assisted,0.00026414025227215136,model_assisted,0.0,strong_evidence,0.9261996329746617,True,True,243.0,48324.9453125,9807.619140625,2781.689208984375,13.846739616874055,1.002914952207334,3.5275590551181097,16.0,225,259,0.0052760947187380225,weak_evidence,0.0,True,False,4.964177248034227,55310.37109375,1826.177978515625,30.287503049789272,8296.5556640625,144,243.0,170.0,194.71709101183765,1.002914952207334,-24.717091011837653,1.0,13.846739616874055,241,244,214,230,255,271,True,True,UPPER_SEED_TRAJECTORY_OUTLIER;Z_EDGE_EVIDENCE_WEAK,True,ok,241.99708504779267,195,10,226,259,16,242.5,242.0288783878924,242.0,False,6.044544238447874,38548.5,26986.5,6377.403899999999,12,1.0,1.0,0.8333333333333334,7.5974348759834385,0.674090706407979,1.0,0.8333333333333334,1.0,0.9329058126639064,0.84588899517585,assessable,242.0288783878924,False
flow05,293,0,0.15,128.0,19,241.99907648017688,200.0,195.0,214.0,216.0,model_assisted,0.00018918722714253842,model_assisted,0.00018918722714253842,model_assisted,0.0,strong_evidence,0.8531093350550689,True,True,243.0,49355.42578125,12684.884765625,7206.24072265625,5.08871996189826,1.0009235198231181,3.5275590551181097,16.0,225,259,0.001991432384215841,weak_evidence,0.0,True,False,4.964177248034227,55073.50390625,2950.623046875,18.66504227457257,8851.869140625,143,243.0,171.0,194.6916439152647,1.0009235198231181,-23.691643915264706,1.0,5.08871996189826,241,244,214,230,255,271,True,True,UPPER_SEED_TRAJECTORY_OUTLIER;Z_EDGE_EVIDENCE_WEAK,True,ok,241.99907648017688,195,10,226,259,16,241.5,241.4537567660842,242.5,False,4.067267765524291,35623.0,29912.0,8758.459499999999,14,0.8421052631578947,1.0,0.7142857142857143,4.789441678210255,0.34454462758738186,1.0,0.7142857142857143,0.8421052631578947,0.4649069463683759,0.6362542466232484,assessable,241.4537567660842,False
flow05,294,0,0.15,128.0,19,241.9997506825486,198.0,195.0,214.0,216.0,high_confidence,0.5,high_confidence,0.5,high_confidence,0.9835328556474787,strong_evidence,0.9911378026884159,True,True,242.0,49008.33984375,14419.97265625,5868.0712890625,5.894333160534241,0.0002493174513915619,3.5275590551181097,16.0,225,259,0.0006742023717265511,strong_evidence,0.9759862609560721,True,True,4.964177248034227,56389.90625,8688.4482421875,6.490216052182254,26065.3447265625,58,242.0,194.0,194.69821238276018,0.0002493174513915619,-0.6982123827601754,0.0,5.894333160534241,241,244,214,230,255,271,True,True,,True,ok,241.9997506825486,195,10,226,259,16,241.5,241.25173013654052,241.5,False,3.5343391179726367,37508.0,28027.0,10612.450799999999,10,0.9473684210526315,1.0,1.0,5.82407230488751,0.2557231863287728,1.0,1.0,0.9473684210526315,0.6373453841479183,0.6953429167877571,assessable,241.25173013654052,False
flow05,295,0,0.15,128.0,19,241.99995538865727,199.0,195.0,214.0,216.0,high_confidence,0.5,high_confidence,0.5,high_confidence,0.8985554812526401,strong_evidence,0.9264192384184993,True,True,243.0,48507.765625,13714.59765625,4163.50341796875,8.356704552850964,1.0000446113427301,3.5275590551181097,16.0,225,259,0.00020470610866141215,strong_evidence,0.8715297776711637,True,True,4.964177248034227,56068.578125,12315.3662109375,4.552733322311153,36946.0986328125,26,243.0,196.0,194.7333428476378,1.0000446113427301,1.2666571523621997,0.0,8.356704552850964,241,244,214,230,255,271,True,True,,True,ok,241.99995538865727,195,10,226,259,16,242.0,242.08455772212656,242.0,False,7.580876844250728,38731.0,26804.0,5109.0396,15,0.8421052631578947,1.0,0.6666666666666666,4.667504870809182,0.9301461407084547,1.0,0.6666666666666666,0.8421052631578947,0.4445841451348637,0.8296586865684631,assessable,242.08455772212656,False
flow05,296,0,0.15,128.0,19,242.0000446113428,199.0,195.0,214.0,216.0,high_confidence,0.7076667177101781,high_confidence,0.7076667177101781,high_confidence,0.9753753457197696,strong_evidence,0.9999968383652398,True,True,242.0,47773.66796875,12818.791015625,2391.669677734375,14.615261161916683,-4.461134278699319e-05,3.5275590551181097,16.0,226,260,0.00016009476587441895,strong_evidence,0.951360072891036,True,True,4.964177248034227,54964.796875,10408.568359375,5.280725934368601,31225.705078125,37,242.0,195.0,194.78500941087964,-4.461134278699319e-05,0.21499058912036162,0.0,14.615261161916683,241,244,214,230,255,271,True,True,,True,ok,242.0000446113428,195,10,226,259,16,241.0,241.80461883551237,241.5,False,5.800670623645727,34740.0,30795.0,5988.9627,15,0.7368421052631579,1.0,0.6666666666666666,7.957932422043127,0.6334451039409545,1.0,0.6666666666666666,0.7368421052631579,0.9929887370071878,0.7648643092028599,assessable,241.80461883551237,False
flow05,297,0,0.15,128.0,19,242.00020470610866,201.0,195.0,214.0,216.0,high_confidence,0.5,high_confidence,0.5,high_confidence,0.9148255052750515,strong_evidence,0.9999854922631779,True,True,242.0,46855.47265625,11451.6640625,5329.5419921875,6.64293641848548,-0.00020470610866141215,3.5275590551181097,16.0,226,260,0.0005141076058521321,strong_evidence,0.8369178468856175,True,True,4.964177248034227,53453.1640625,13416.8857421875,3.9840217088846543,40250.6572265625,25,242.0,196.0,194.83671405134913,-0.00020470610866141215,1.1632859486508664,0.0,6.64293641848548,241,244,214,230,255,271,True,True,,True,ok,242.00020470610866,195,10,226,259,16,240.5,240.95741776633886,242.5,False,8.334987999835526,36973.5,28561.5,4435.9392,16,0.8947368421052632,1.0,0.625,4.798336629136219,1.0,1.0,0.625,0.8947368421052632,0.4663894381893698,0.8558494701347265,assessable,240.95741776633886,False
flow05,298,0,0.15,128.0,19,242.0007188137145,202.0,195.0,214.0,216.0,model_assisted,0.0064412174514154215,model_assisted,0.0064412174514154215,model_assisted,0.0,strong_evidence,0.9999490559893275,True,True,242.0,49864.0390625,17215.51953125,3563.60205078125,9.161662572310073,-0.0007188137145135443,3.5275590551181097,16.0,226,260,0.001477324778363709,weak_evidence,0.0,True,False,4.964177248034227,51980.68359375,2830.037109375,18.36749186841217,8490.111328125,127,242.0,180.0,194.87244085269407,-0.0007188137145135443,-14.87244085269407,1.0,9.161662572310073,241,244,214,230,255,271,True,True,UPPER_SEED_TRAJECTORY_OUTLIER;Z_EDGE_EVIDENCE_WEAK,True,ok,242.0007188137145,195,10,226,259,16,243.0,241.29226514937145,243.0,False,3.7960026346267104,29535.5,35999.5,7780.6848,9,0.631578947368421,1.0,0.9,8.42413307909093,0.2993337724377851,1.0,0.9,0.631578947368421,1.0,0.6795036624584879,assessable,241.29226514937145,False
flow05,299,0,0.15,128.0,19,242.00219613849288,203.0,195.0,214.0,216.0,high_confidence,0.5261328652597178,high_confidence,0.5261328652597178,high_confidence,0.9782856124672753,strong_evidence,0.9998443463744814,True,True,242.0,47961.04296875,11682.380859375,4754.43017578125,7.630496351418953,-0.002196138492877253,3.5275590551181097,16.0,226,260,0.00379876994031747,strong_evidence,0.9571917299235511,True,True,4.964177248034227,50991.26953125,8831.490234375,5.773801270002608,26494.470703125,47,242.0,194.0,194.88012708744827,-0.002196138492877253,-0.8801270874482725,0.0,7.630496351418953,241,244,214,230,255,271,True,True,,True,ok,242.00219613849288,195,10,226,259,16,243.5,241.9370788909482,241.0,False,8.513278158346335,37310.0,28225.0,4382.5656,16,0.7368421052631579,1.0,0.625,3.396833689653878,1.0,1.0,0.625,0.7368421052631579,0.232805614942313,0.808806877283705,assessable,241.9370788909482,False
flow05,300,0,0.15,128.0,19,242.0059949084332,203.0,195.0,214.0,216.0,high_confidence,0.5,high_confidence,0.5,high_confidence,0.8602406455598337,strong_evidence,0.871657398867711,True,True,242.0,45042.40625,14517.765625,6690.1904296875,4.562596677300531,-0.005994908433194723,3.5275590551181097,16.0,226,260,0.008740878047717615,strong_evidence,0.8489734260668041,True,True,4.964177248034227,50146.9765625,5344.52685546875,9.382865484376312,16033.58056640625,82,242.0,191.0,194.85316869283128,-0.005994908433194723,-3.853168692831275,0.0,4.562596677300531,241,244,214,230,255,271,True,True,,True,ok,242.0059949084332,195,10,226,259,16,242.5,242.18823003477922,242.5,False,2.997664744681046,34712.5,30822.5,11579.8473,8,0.5263157894736842,1.0,0.8,6.394917617050638,0.166277457446841,1.0,0.8,0.5263157894736842,0.7324862695084396,0.570393105478291,uncertain,242.18823003477922,False
flow05,301,0,0.15,128.0,19,242.0147357864809,203.0,195.0,214.0,216.0,high_confidence,0.5,high_confidence,0.5,high_confidence,0.8878200527406991,strong_evidence,0.9252946894948016,True,True,241.0,44313.1875,15269.34765625,4003.9365234375,7.253821251595415,-1.0147357864809123,3.5275590551181097,16.0,226,260,0.017997500190858773,strong_evidence,0.851863146949279,True,True,4.964177248034227,49386.37109375,4460.7900390625,11.07121623328617,13382.3701171875,82,241.0,191.0,194.79092146358232,-1.0147357864809123,-3.790921463582322,0.0,7.253821251595415,241,244,214,230,255,271,True,True,,True,ok,242.0147357864809,195,10,226,259,16,242.0,242.49225624267538,241.5,False,4.2765570757549405,33534.5,32000.5,7841.471399999999,9,0.7368421052631579,1.0,0.9,3.8648543598724774,0.37942617929249006,1.0,0.9,0.7368421052631579,0.31080905997874625,0.6544063845397199,assessable,242.49225624267538,False
flow05,302,0,0.15,128.0,19,242.03273328667177,204.0,195.0,214.0,216.0,high_confidence,0.5,high_confidence,0.5,high_confidence,0.8890672446107489,strong_evidence,0.9289233443592986,True,True,243.0,44332.3125,12642.0078125,3366.47265625,9.413504259024828,0.9672667133282289,3.5275590551181097,16.0,226,260,0.03315998842083445,strong_evidence,0.8509211984385382,True,True,4.964177248034227,48960.91796875,11509.2802734375,4.254038202696991,34527.8408203125,29,243.0,196.0,194.69934816296268,0.9672667133282289,1.3006518370373215,0.0,9.413504259024828,241,244,214,230,255,271,True,True,,True,ok,242.03273328667177,195,10,226,259,16,242.5,242.10463493412135,242.5,False,4.732043975063909,36576.5,28958.5,7729.535099999999,12,0.631578947368421,1.0,0.8333333333333334,3.900449669764804,0.4553406625106515,1.0,0.8333333333333334,0.631578947368421,0.31674161162746733,0.6524469018134046,assessable,242.10463493412135,False
flow05,303,0,0.15,128.0,19,242.0658932750926,201.0,195.0,214.0,216.0,model_assisted,0.004539989378800982,model_assisted,0.004539989378800982,model_assisted,0.0,strong_evidence,0.9852776512183221,True,True,242.0,47987.41015625,16890.12109375,5289.06298828125,5.8795459860094175,-0.06589327509260556,3.5275590551181097,16.0,226,260,0.05467157824568858,weak_evidence,0.0,True,False,4.964177248034227,50470.65234375,2907.251953125,17.360260877802208,8721.755859375,120,242.0,180.0,194.59117517722336,-0.06589327509260556,-14.591175177223363,1.0,5.8795459860094175,241,244,214,230,255,271,True,True,UPPER_SEED_TRAJECTORY_OUTLIER;Z_EDGE_EVIDENCE_WEAK,True,ok,242.0658932750926,195,10,226,259,16,242.0,241.34520313927135,242.5,False,3.5243422637746677,29932.5,35602.5,8493.0741,9,0.7894736842105263,1.0,0.9,6.247456384743407,0.2540570439624446,1.0,0.9,0.7894736842105263,0.7079093974572345,0.6581319577641581,assessable,241.34520313927135,False
flow05,304,0,0.15,128.0,19,242.1205648533383,199.0,194.0,213.0,215.0,model_assisted,0.011168502669809685,model_assisted,0.011168502669809685,model_assisted,0.0,strong_evidence,0.9171531699136356,True,True,241.0,45365.73046875,17201.62890625,2429.491943359375,11.59258899354741,-1.1205648533382941,3.5275590551181097,16.0,226,260,0.08065919989877557,weak_evidence,0.0,True,False,4.964177248034227,53606.44140625,3396.685791015625,15.78198417647027,10190.057373046875,118,241.0,181.0,194.4839731724275,-1.1205648533382941,-13.483973172427511,2.0,11.59258899354741,241,244,214,230,255,271,True,True,UPPER_SEED_TRAJECTORY_OUTLIER;Z_EDGE_EVIDENCE_WEAK,True,ok,242.1205648533383,194,10,226,259,16,243.0,242.89700226089255,242.5,False,7.762868794422905,35540.5,29994.5,4578.2688,15,0.5789473684210527,1.0,0.6666666666666666,5.82854226592077,0.9604781324038175,1.0,0.6666666666666666,0.5789473684210527,0.6380903776534618,0.8201518227031735,assessable,242.89700226089255,False
flow05,305,0,0.15,128.0,19,242.20122405323707,198.0,194.0,213.0,215.0,model_assisted,0.0033683604242927406,model_assisted,0.0033683604242927406,model_assisted,0.0,strong_evidence,0.8415403516902173,True,True,244.0,47920.3359375,12570.0712890625,6198.275390625,5.7032420182403305,1.7987759467629303,3.5275590551181097,16.0,226,260,0.10648569402724206,weak_evidence,0.0,True,False,4.964177248034227,56122.67578125,1927.8555908203125,29.111452148430637,8418.4013671875,121,244.0,179.0,194.39533660782217,1.7987759467629303,-15.395336607822173,1.0,5.7032420182403305,241,244,214,230,255,271,True,True,UPPER_SEED_TRAJECTORY_OUTLIER;Z_EDGE_EVIDENCE_WEAK,True,ok,242.20122405323707,194,10,226,259,16,242.5,242.5440850326209,242.5,False,8.132742268066874,39247.5,26287.5,4825.862999999999,12,0.7894736842105263,1.0,0.8333333333333334,7.4727129651981326,1.0,1.0,0.8333333333333334,0.7894736842105263,0.9121188275330221,0.9262996020515479,assessable,242.5440850326209,False
flow05,306,0,0.15,128.0,19,242.3077097472643,197.0,194.0,213.0,215.0,high_confidence,0.5795364387326097,high_confidence,0.5795364387326097,high_confidence,0.9535873814553956,strong_evidence,0.9779493293283357,True,True,242.0,48379.078125,12244.931640625,3593.246826171875,10.056127016153553,-0.3077097472643118,3.5275590551181097,16.0,226,260,0.12579798346030202,strong_evidence,0.9298323203467949,True,True,4.964177248034227,56226.3203125,10877.6806640625,5.168962212529329,32633.0419921875,31,242.0,195.0,194.33651022003875,-0.3077097472643118,0.6634897799612531,0.0,10.056127016153553,241,244,214,230,255,271,True,True,,True,ok,242.3077097472643,194,10,226,259,16,242.5,242.57834328238042,242.5,False,7.182557135973359,38272.0,27263.0,5328.4644,14,0.8421052631578947,1.0,0.7142857142857143,5.667713735151807,0.8637595226622264,1.0,0.7142857142857143,0.8421052631578947,0.6112856225253012,0.8326173275151364,assessable,242.57834328238042,False
flow05,307,0,0.15,128.0,19,242.4335077307246,197.0,194.0,213.0,215.0,high_confidence,0.5,high_confidence,0.5,high_confidence,0.9375212339947635,strong_evidence,0.8882187256435111,True,True,243.0,49296.890625,16237.955078125,6423.12255859375,5.146863576913092,0.5664922692753862,3.5275590551181097,16.0,226,260,0.1329845385507724,strong_evidence,0.9895603850890118,True,True,4.964177248034227,55871.828125,8853.93359375,6.310396111897651,26561.80078125,45,243.0,194.0,194.3077097472643,0.5664922692753862,-0.3077097472643118,0.0,5.146863576913092,241,244,214,230,255,271,True,True,,True,ok,242.4335077307246,194,10,226,259,16,243.0,240.4687612554821,243.0,False,3.202685202236741,36683.0,28852.0,11453.826299999999,9,0.3157894736842105,1.0,0.9,8.089528527441027,0.20044753370612348,1.0,0.9,0.3157894736842105,1.0,0.5975250578497748,uncertain,242.57834328238042,True
flow05,308,0,0.15,128.0,19,242.5664922692754,198.0,194.0,213.0,215.0,model_assisted,0.003459952204104242,model_assisted,0.003459952204104242,model_assisted,0.0,strong_evidence,0.7892602027593653,True,True,242.0,48088.9609375,14288.091796875,8317.34375,4.063901908662245,-0.5664922692753862,3.5275590551181097,16.0,226,260,0.1329845385507724,weak_evidence,0.0,True,False,4.964177248034227,54143.80078125,2730.773193359375,19.827278557192344,8192.319580078125,125,242.0,180.0,194.29817695258018,-0.5664922692753862,-14.298176952580178,1.0,4.063901908662245,242,245,215,231,256,272,True,True,UPPER_SEED_TRAJECTORY_OUTLIER;Z_EDGE_EVIDENCE_WEAK,True,ok,242.5664922692754,194,10,227,260,16,242.0,243.10004482794426,242.5,False,8.996499918908697,36006.5,29528.5,4002.2787,15,0.8947368421052632,1.0,0.6666666666666666,4.424058689014899,1.0,1.0,0.6666666666666666,0.8947368421052632,0.4040097815024832,0.8579448377993711,assessable,243.10004482794426,False
flow05,309,0,0.15,128.0,19,242.6922902527357,199.0,194.0,213.0,215.0,high_confidence,0.5,high_confidence,0.5,high_confidence,0.9465959812934568,strong_evidence,0.9779493293283357,True,True,243.0,49965.9375,13159.5390625,4322.4306640625,8.51520852457283,0.3077097472643118,3.5275590551181097,16.0,226,260,0.12579798346030202,strong_evidence,0.9162478309753875,True,True,4.964177248034227,51918.7890625,4980.09228515625,10.425266458866645,14940.27685546875,94,243.0,192.0,194.29147119734006,0.3077097472643118,-2.2914711973400586,0.0,8.51520852457283,242,245,215,231,256,272,True,True,,True,ok,242.6922902527357,194,10,227,260,16,243.5,242.57345450335725,242.5,False,5.645432175793058,35614.0,29921.0,6308.463,14,0.7368421052631579,1.0,0.7142857142857143,9.17100140199775,0.607572029298843,1.0,0.7142857142857143,0.7368421052631579,1.0,0.7660336689012116,assessable,242.57345450335725,False
flow05,310,0,0.15,128.0,19,242.79877594676293,205.0,194.0,213.0,215.0,high_confidence,0.7731221356395895,high_confidence,0.7731221356395895,high_confidence,0.9659022777515427,strong_evidence,0.9416903108105396,True,True,242.0,49848.2265625,13670.2177734375,4271.927734375,8.468778274957286,-0.7987759467629303,3.5275590551181097,16.0,226,260,0.10648569402724206,strong_evidence,0.9907367628775822,True,True,4.964177248034227,53720.20703125,8892.326171875,6.041187198143764,26676.978515625,43,242.0,194.0,194.27335821372608,-0.7987759467629303,-0.27335821372608393,0.0,8.468778274957286,242,245,215,231,256,272,True,True,,True,ok,242.79877594676293,194,10,227,260,16,243.0,243.12272225376012,242.5,False,9.345502885086802,38920.5,26614.5,4164.6233999999995,17,0.8947368421052632,1.0,0.5882352941176471,6.546305539439725,1.0,1.0,0.5882352941176471,0.8947368421052632,0.7577175899066209,0.8776293441299811,assessable,243.12272225376012,False
flow05,311,0,0.15,128.0,19,242.8794351466617,205.0,194.0,213.0,215.0,model_assisted,0.006719256600860922,model_assisted,0.006719256600860922,model_assisted,0.0,strong_evidence,0.9171531699136356,True,True,244.0,47783.5078125,15829.03125,4131.26416015625,7.734793836395937,1.1205648533382941,3.5275590551181097,16.0,226,260,0.08065919989877557,weak_evidence,0.0,True,False,4.964177248034227,54790.8359375,3565.4619140625,15.367107336471623,10696.3857421875,124,244.0,180.0,194.23776447831494,1.1205648533382941,-14.237764478314944,1.0,7.734793836395937,242,245,215,231,256,272,True,True,UPPER_SEED_TRAJECTORY_OUTLIER;Z_EDGE_EVIDENCE_WEAK,True,ok,242.8794351466617,194,10,227,260,16,242.5,243.60838349696616,242.5,False,7.447178903086392,35519.5,30015.5,4769.5242,14,0.7894736842105263,1.0,0.7142857142857143,6.518623110479059,0.9078631505143987,1.0,0.7142857142857143,0.7894736842105263,0.7531038517465097,0.8543406833434124,assessable,243.60838349696616,False
flow05,312,0,0.15,128.0,19,242.9341067249074,205.0,194.0,213.0,215.0,high_confidence,0.5,high_confidence,0.5,high_confidence,0.8820073128513164,strong_evidence,0.9953191531305104,True,True,243.0,49401.515625,15868.630859375,5457.99365234375,6.143811609459355,0.06589327509260556,3.5275590551181097,16.0,226,260,0.05467157824568858,strong_evidence,0.7815954284376094,True,True,4.964177248034227,55422.65625,4638.54296875,11.948289931425462,13915.62890625,100,243.0,189.0,194.18786370764053,0.06589327509260556,-5.187863707640531,0.0,6.143811609459355,242,245,215,231,256,272,True,True,,True,ok,242.9341067249074,194,10,227,260,16,242.5,241.3620792683719,242.5,False,3.691743335871316,32999.0,32536.0,8938.5954,10,0.6842105263157895,1.0,1.0,8.082256332163482,0.28195722264521933,1.0,1.0,0.6842105263157895,1.0,0.7013166068731952,assessable,241.3620792683719,False
flow05,313,0,0.15,128.0,19,242.96726671332829,205.0,194.0,213.0,215.0,high_confidence,0.5,high_confidence,0.5,high_confidence,0.940521680663958,strong_evidence,0.9976774773822313,True,True,243.0,49719.3984375,14711.76171875,5019.65771484375,6.974108337153762,0.03273328667171427,3.5275590551181097,16.0,226,260,0.033159988420891295,strong_evidence,0.8866402738888879,True,True,4.964177248034227,55401.8984375,12089.5732421875,4.58261820559313,36268.7197265625,27,243.0,195.0,194.13225082191863,0.03273328667171427,0.8677491780813682,0.0,6.974108337153762,242,245,215,231,256,272,True,True,,True,ok,242.96726671332829,194,10,227,260,16,243.0,242.7446421106919,243.5,False,8.71733376124057,39619.5,25915.5,4544.9103,15,0.9473684210526315,1.0,0.6666666666666666,5.290640970759892,1.0,1.0,0.6666666666666666,0.9473684210526315,0.5484401617933153,0.8802826126705596,assessable,242.7446421106919,False
flow05,314,0,0.15,128.0,19,242.98526421351914,200.0,194.0,213.0,215.0,high_confidence,0.5,high_confidence,0.5,high_confidence,0.9610877521659947,strong_evidence,0.9989551210319014,True,True,243.0,47860.96875,8896.02734375,5624.31201171875,6.927948045034327,0.014735786480855495,3.5275590551181097,16.0,226,260,0.017997500190858773,strong_evidence,0.9246558207833511,True,True,4.964177248034227,54171.17578125,7016.84765625,7.7201584579079485,21050.54296875,61,243.0,192.0,194.07929539472752,0.014735786480855495,-2.0792953947275237,0.0,6.927948045034327,242,245,215,231,256,272,True,True,,True,ok,242.98526421351914,194,10,227,260,16,243.5,242.76915847889165,242.5,False,6.889538605648468,37941.5,27593.5,5507.1177,14,0.8421052631578947,1.0,0.7142857142857143,6.3789870324678715,0.8149231009414114,1.0,0.7142857142857143,0.8421052631578947,0.7298311720779785,0.8273791348681189,assessable,242.76915847889165,False
flow05,315,0,0.15,128.0,19,242.9940050915668,200.0,194.0,213.0,215.0,high_confidence,0.5,high_confidence,0.5,high_confidence,0.902102148031557,strong_evidence,0.9995750473353978,True,True,243.0,50038.6171875,16385.66796875,5317.7958984375,6.328364206049741,0.005994908433194723,3.5275590551181097,16.0,226,260,0.008740878047660772,strong_evidence,0.814134254003732,True,True,4.964177248034227,54305.7578125,13450.158203125,4.0375553203443095,40350.474609375,24,243.0,196.0,194.03320459976365,0.005994908433194723,1.9667954002363501,0.0,6.328364206049741,242,245,215,231,256,272,True,True,,True,ok,242.9940050915668,194,10,227,260,16,243.0,243.1988526950093,243.0,False,4.040640303695174,31406.0,34129.0,7772.5305,9,0.8947368421052632,1.0,0.9,6.580982289087275,0.34010671728252895,1.0,0.9,0.8947368421052632,0.7634970481812124,0.7095975821827958,assessable,243.1988526950093,False
flow05,316,0,0.15,128.0,19,242.99780386150712,200.0,194.0,213.0,215.0,high_confidence,0.5,high_confidence,0.5,high_confidence,0.9287476870961555,strong_evidence,0.9998443463744814,True,True,243.0,47215.12109375,11828.4921875,4595.5703125,7.7001604806258745,0.002196138492877253,3.5275590551181097,16.0,226,260,0.00379876994031747,strong_evidence,0.8627065496886761,True,True,4.964177248034227,53646.74609375,12513.6650390625,4.287053067689361,37540.9951171875,26,243.0,195.0,193.99357838981769,0.002196138492877253,1.006421610182315,0.0,7.7001604806258745,242,245,215,231,256,272,True,True,,True,ok,242.99780386150712,194,10,227,260,16,243.0,242.3858137646547,242.5,False,6.272425972526081,37105.0,28430.0,5915.574,15,0.8421052631578947,1.0,0.6666666666666666,6.0504150141191895,0.7120709954210135,1.0,0.6666666666666666,0.8421052631578947,0.6750691690198649,0.7763808881063587,assessable,242.3858137646547,False
flow05,317,0,0.15,128.0,19,242.99928118628554,199.0,194.0,213.0,215.0,high_confidence,0.5,high_confidence,0.5,high_confidence,0.9213574213788804,strong_evidence,0.9264776381529525,True,True,242.0,47572.4140625,10929.53515625,4483.88330078125,8.17213037187331,-0.9992811862855433,3.5275590551181097,16.0,226,260,0.0014773247784205523,strong_evidence,0.9162655016934091,True,True,4.964177248034227,52755.11328125,10230.2685546875,5.156767195234347,30690.8056640625,42,242.0,195.0,193.9578234583996,-0.9992811862855433,1.042176541600412,0.0,8.17213037187331,242,245,215,231,256,272,True,True,,True,ok,242.99928118628554,194,10,227,260,16,242.0,241.77203078315225,243.0,False,8.060189724543205,40062.5,25472.5,4970.416499999999,15,0.9473684210526315,1.0,0.6666666666666666,5.555439163707501,1.0,1.0,0.6666666666666666,0.9473684210526315,0.5925731939512501,0.8846959158863531,assessable,241.77203078315225,False
flow05,318,0,0.15,128.0,19,242.99979529389134,199.0,194.0,213.0,215.0,high_confidence,0.6302300810675504,high_confidence,0.6302300810675504,high_confidence,0.9469494946252908,strong_evidence,0.926406991180582,True,True,244.0,48824.296875,15603.54296875,3873.361083984375,8.576725274493931,1.0002047061086614,3.5275590551181097,16.0,226,260,0.0005141076057952887,strong_evidence,0.9679475154093473,True,True,4.964177248034227,52007.83984375,5268.0712890625,9.872273359650237,15804.2138671875,72,244.0,193.0,193.92441218871124,1.0002047061086614,-0.9244121887112442,0.0,8.576725274493931,242,245,215,231,256,272,True,True,,True,ok,242.99979529389134,194,10,227,260,16,243.0,242.37999075957688,243.0,False,4.838452354888921,38288.5,27246.5,7913.3775,17,0.631578947368421,1.0,0.5882352941176471,7.518541037676476,0.47307539248148683,1.0,0.5882352941176471,0.631578947368421,0.919756839612746,0.6699359722585876,assessable,242.37999075957688,False
flow05,319,0,0.15,128.0,19,242.9999553886572,199.0,194.0,213.0,215.0,high_confidence,0.9517168827606781,high_confidence,0.9517168827606781,high_confidence,0.9982243670724327,strong_evidence,0.9999968383652398,True,True,243.0,48866.140625,11874.28125,3752.902099609375,9.856867670182588,4.461134278699319e-05,3.5275590551181097,16.0,226,260,0.00016009476587441895,strong_evidence,0.9964550374440422,True,True,4.964177248034227,51506.15625,6497.466796875,7.927113421306321,19492.400390625,71,243.0,194.0,193.89478692464252,4.461134278699319e-05,0.10521307535748292,0.0,9.856867670182588,242,245,215,231,256,272,True,True,,True,ok,242.9999553886572,194,10,227,260,16,243.0,242.77440552556956,243.0,False,6.976892350809746,39007.0,26528.0,5590.884599999999,15,0.8947368421052632,1.0,0.6666666666666666,6.769153622937129,0.829482058468291,1.0,0.6666666666666666,0.8947368421052632,0.7948589371561882,0.8373484738286434,assessable,242.77440552556956,False
flow05,320,0,0.15,128.0,19,243.0,203.0,194.0,213.0,215.0,model_assisted,4.6112651625919735e-05,model_assisted,4.6112651625919735e-05,model_assisted,0.0,strong_evidence,0.9264226511541201,True,True,244.0,45791.9453125,15333.3427734375,4366.5791015625,6.9753923679439245,1.0,3.5275590551181097,16.0,227,260,4.461134278699319e-05,weak_evidence,0.0,True,False,4.964177248034227,51442.35546875,2177.18798828125,23.62788870122347,7716.3533203125,151,244.0,165.0,193.87268008041855,1.0,-28.872680080418547,1.0,6.9753923679439245,242,245,215,231,256,272,True,True,UPPER_SEED_TRAJECTORY_OUTLIER;Z_EDGE_EVIDENCE_WEAK,True,ok,243.0,194,10,227,260,16,243.5,243.4529950545356,243.0,False,8.699854890985335,33961.5,31573.5,3903.6857999999997,14,0.8421052631578947,1.0,0.7142857142857143,5.812355590291091,1.0,1.0,0.7142857142857143,0.8421052631578947,0.6353925983818485,0.882712192169012,assessable,243.4529950545356,False
flow05,321,0,0.15,128.0,19,243.0,203.0,194.0,213.0,215.0,high_confidence,0.824405080806133,high_confidence,0.824405080806133,high_confidence,0.9859658948092582,strong_evidence,1.0,True,True,243.0,50052.54296875,12627.6044921875,2174.823486328125,17.208264814055827,0.0,3.5275590551181097,16.0,227,260,0.0,strong_evidence,0.9721287457270212,True,True,4.964177248034227,51601.9609375,9230.609375,5.590309246240853,27691.828125,43,243.0,194.0,193.8612252591247,0.0,0.13877474087530572,0.0,17.208264814055827,242,245,215,231,256,272,True,True,,True,ok,243.0,194,10,227,260,16,244.0,243.13498179011245,243.5,False,4.6478188297724365,34345.75,31189.25,7389.64905,15,0.9473684210526315,1.0,0.6666666666666666,7.69197265840655,0.44130313829540607,1.0,0.6666666666666666,0.9473684210526315,0.9486621097344251,0.7247609058680626,assessable,243.13498179011245,False
flow05,322,0,0.15,128.0,19,243.0,203.0,194.0,213.0,215.0,high_confidence,0.5,high_confidence,0.5,high_confidence,0.9194314654288475,strong_evidence,1.0,True,True,243.0,46718.0625,12409.48828125,3621.1005859375,9.474626126649706,0.0,3.5275590551181097,16.0,227,260,0.0,strong_evidence,0.8453542196206378,True,True,4.964177248034227,51627.140625,12607.1455078125,4.095069783481699,37821.4365234375,32,243.0,195.0,193.85951084140157,0.0,1.1404891585984274,0.0,9.474626126649706,242,245,215,231,256,272,True,True,,True,ok,243.0,194,10,227,260,16,243.5,243.03780140144644,243.5,False,6.684090425827766,39483.25,26051.75,5907.04905,20,0.8421052631578947,1.0,0.5,5.183284271142531,0.780681737637961,1.0,0.5,0.8421052631578947,0.5305473785237552,0.752609135499346,assessable,243.03780140144644,False
flow05,323,0,0.15,128.0,19,243.0,203.0,194.0,213.0,215.0,high_confidence,0.5,high_confidence,0.5,high_confidence,0.9660010734374458,strong_evidence,1.0,True,True,243.0,48122.4375,14958.01171875,4922.5419921875,6.737256042484719,0.0,3.5275590551181097,16.0,227,260,0.0,strong_evidence,0.9331580738822975,True,True,4.964177248034227,51613.53125,8123.88623046875,6.3533055222293395,24371.65869140625,81,243.0,192.0,193.86078101930104,0.0,-1.8607810193010437,0.0,6.737256042484719,242,245,215,231,256,272,True,True,,True,ok,243.0,194,10,227,260,16,241.5,242.41679604289274,242.0,False,5.7187497125126265,35837.0,29698.0,6266.5795499999995,12,0.6842105263157895,1.0,0.8333333333333334,8.230042725513025,0.6197916187521044,1.0,0.8333333333333334,0.6842105263157895,1.0,0.7862253121772717,assessable,242.41679604289274,False
flow05,324,0,0.15,128.0,19,243.0,203.0,194.0,213.0,215.0,model_assisted,0.00506965501366496,model_assisted,0.00506965501366496,model_assisted,0.0,strong_evidence,0.9264226511541201,True,True,244.0,49441.484375,15324.33203125,2733.654541015625,12.48041836737519,1.0,3.5275590551181097,16.0,227,260,4.461134278699319e-05,weak_evidence,0.0,True,False,4.964177248034227,51719.453125,5158.20849609375,10.026630983250586,15474.62548828125,99,244.0,178.0,193.85344752500862,1.0,-15.853447525008619,1.0,12.48041836737519,242,245,215,231,256,272,True,True,UPPER_SEED_TRAJECTORY_OUTLIER;Z_EDGE_EVIDENCE_WEAK,True,ok,243.0,194,10,227,260,16,244.0,243.32498208130167,243.0,False,9.775995025198284,36176.75,29358.25,3700.5696,19,0.8421052631578947,1.0,0.5263157894736843,5.097361738931964,1.0,1.0,0.5263157894736843,0.8421052631578947,0.5162269564886607,0.833201643017287,assessable,243.32498208130167,False
flow05,325,0,0.15,128.0,19,243.0000446113428,198.0,194.0,213.0,215.0,high_confidence,0.5,high_confidence,0.5,high_confidence,0.9546433814954133,strong_evidence,0.9999968383652398,True,True,243.0,47991.1875,11554.337890625,4467.00048828125,8.156894028770223,-4.461134278699319e-05,3.5275590551181097,16.0,227,261,0.00016009476587441895,strong_evidence,0.9113468671789311,True,True,4.964177248034227,52866.96875,10673.76171875,4.952983788005269,32021.28515625,36,243.0,193.0,193.8247635684161,-4.461134278699319e-05,-0.8247635684161025,0.0,8.156894028770223,242,245,215,231,256,272,True,True,,True,ok,243.0000446113428,194,10,227,260,16,242.5,241.67595085284174,243.5,False,4.4759737653513,38111.0,27424.0,8514.5718,12,0.7368421052631579,1.0,0.8333333333333334,7.572306891406807,0.4126622942252167,1.0,0.8333333333333334,0.7368421052631579,0.9287178152344678,0.714496566958413,assessable,241.67595085284174,False
flow05,326,0,0.15,128.0,19,243.00020470610866,198.0,194.0,213.0,215.0,model_assisted,0.008561791708194138,model_assisted,0.008561791708194138,model_assisted,0.0,strong_evidence,0.9264383108629511,True,True,244.0,48556.40234375,11562.20703125,6131.35888671875,6.033604621095303,0.9997952938913386,3.5275590551181097,16.0,227,261,0.0005141076058521321,weak_evidence,0.0,True,False,4.964177248034227,52860.48046875,5037.09521484375,10.49423888454126,15111.28564453125,96,244.0,181.0,193.7656159583421,0.9997952938913386,-12.765615958342096,1.0,6.033604621095303,242,245,215,231,256,272,True,True,UPPER_SEED_TRAJECTORY_OUTLIER;Z_EDGE_EVIDENCE_WEAK,True,ok,243.00020470610866,194,10,227,260,16,241.5,242.84258059809713,243.5,False,5.368618757615329,36371.0,29164.0,6774.740699999999,14,0.8947368421052632,1.0,0.7142857142857143,5.0996841426694335,0.5614364596025548,1.0,0.7142857142857143,0.8947368421052632,0.516614023778239,0.7252318324116505,assessable,242.84258059809713,False
flow05,327,0,0.15,128.0,19,243.0007188137145,197.0,194.0,213.0,215.0,model_assisted,0.0019797904942710515,model_assisted,0.0019797904942710515,model_assisted,0.0,strong_evidence,0.9999490559893275,True,True,243.0,48199.8359375,13156.251953125,2611.652587890625,13.418164478254338,-0.0007188137145135443,3.5275590551181097,16.0,227,261,0.001477324778363709,weak_evidence,0.0,True,False,4.964177248034227,52994.59375,3633.716552734375,14.584129769318832,10901.149658203125,115,243.0,175.0,193.67429275254486,-0.0007188137145135443,-18.674292752544858,1.0,13.418164478254338,242,245,215,231,256,272,True,True,UPPER_SEED_TRAJECTORY_OUTLIER;Z_EDGE_EVIDENCE_WEAK,True,ok,243.0007188137145,194,10,227,260,16,243.0,243.34021913207008,243.0,False,5.7233945199875675,36441.0,29094.0,6367.025699999999,13,0.9473684210526315,1.0,0.7692307692307693,6.461779857389677,0.6205657533312613,1.0,0.7692307692307693,0.9473684210526315,0.7436299762316129,0.7875124282931514,assessable,243.34021913207008,False
flow05,328,0,0.15,128.0,19,243.00219613849288,202.0,194.0,213.0,215.0,high_confidence,0.8303424022659426,high_confidence,0.8303424022659426,high_confidence,0.9903329803841731,strong_evidence,0.9998443463744814,True,True,243.0,48945.875,13227.78125,3002.314208984375,11.896853981210295,-0.002196138492877253,3.5275590551181097,16.0,227,261,0.00379876994031747,strong_evidence,0.9809120945604323,True,True,4.964177248034227,53561.09375,7296.0166015625,7.341141978559844,21888.0498046875,80,243.0,193.0,193.55775139122773,-0.002196138492877253,-0.5577513912277254,0.0,11.896853981210295,242,245,215,231,256,272,True,True,,True,ok,243.00219613849288,194,10,227,260,16,242.5,243.56835036437056,243.0,False,7.5549409571640265,36341.5,29193.5,4810.2957,16,1.0,1.0,0.625,5.295870459751801,0.9258234928606711,1.0,0.625,1.0,0.5493117432919669,0.8539693968304316,assessable,243.56835036437056,False
flow05,329,0,0.15,128.0,19,243.0059949084332,202.0,193.0,212.0,214.0,high_confidence,0.5,high_confidence,0.5,high_confidence,0.8863199430778793,strong_evidence,0.8469755497576623,True,True,245.0,48625.671875,12082.3818359375,5720.88720703125,6.387696298949752,1.9940050915668053,3.5275590551181097,16.0,227,261,0.008740878047660772,strong_evidence,0.9274919939806308,True,True,4.964177248034227,53717.0625,10576.4326171875,5.078939605090069,31729.2978515625,33,245.0,194.0,193.4297089607843,1.9940050915668053,0.5702910392157037,0.0,6.387696298949752,242,245,215,231,256,272,True,True,,True,ok,243.0059949084332,193,10,227,260,16,243.0,243.7706306702154,243.0,False,4.868346399516034,34447.0,31088.0,7075.7085,11,0.8421052631578947,1.0,0.9090909090909091,6.934755303515048,0.47805773325267237,1.0,0.9090909090909091,0.8421052631578947,0.8224592172525079,0.7577000996555522,assessable,243.7706306702154,False
flow05,330,0,0.15,128.0,19,243.01473578648086,201.0,193.0,212.0,214.0,high_confidence,0.5,high_confidence,0.5,high_confidence,0.8886176694699591,strong_evidence,0.925294689494806,True,True,242.0,47778.703125,16393.095703125,3367.875,9.319112918939984,-1.0147357864808555,3.5275590551181097,16.0,227,261,0.017997500190858773,strong_evidence,0.8533944606613395,True,True,4.964177248034227,52831.63671875,11750.5419921875,4.49610211630032,35251.6259765625,25,242.0,195.0,193.30623242248592,-1.0147357864808555,1.6937675775140804,0.0,9.319112918939984,242,245,215,231,256,272,True,True,,True,ok,243.01473578648086,193,10,227,260,16,243.5,243.4541199878991,243.5,False,6.314569649866069,33932.5,31602.5,5373.6837,14,0.7368421052631579,1.0,0.7142857142857143,6.09364006222914,0.7190949416443448,1.0,0.7142857142857143,0.7368421052631579,0.6822733437048566,0.7732940225926229,assessable,243.4541199878991,False
flow05,331,0,0.15,128.0,19,243.03273328667171,199.0,193.0,212.0,214.0,high_confidence,0.5427002231355211,high_confidence,0.5427002231355211,high_confidence,0.9478527762333956,strong_evidence,0.923915189531594,True,True,242.0,47681.08203125,14363.2138671875,4703.35888671875,7.083845601947329,-1.0327332866717143,3.5275590551181097,16.0,227,261,0.033159988420891295,strong_evidence,0.9724105584505417,True,True,4.964177248034227,52253.984375,8473.5146484375,6.166742673258438,25420.5439453125,58,242.0,194.0,193.20070994563122,-1.0327332866717143,0.7992900543687824,0.0,7.083845601947329,242,245,215,231,256,272,True,True,,True,ok,243.03273328667171,193,10,227,260,16,244.0,242.70438429357696,243.0,False,7.318933724942246,36389.0,29146.0,4971.8991,15,0.6842105263157895,1.0,0.6666666666666666,6.335187548125978,0.886488954157041,1.0,0.6666666666666666,0.6842105263157895,0.7225312580209963,0.8184891720377657,assessable,242.70438429357696,False
flow05,332,0,0.15,128.0,19,243.0658932750926,199.0,193.0,212.0,214.0,high_confidence,0.5,high_confidence,0.5,high_confidence,0.9132629820264179,strong_evidence,0.9953191531305104,True,True,243.0,49401.37109375,13745.8046875,4236.6982421875,8.415885288030392,-0.06589327509260556,3.5275590551181097,16.0,227,261,0.054671578245631736,strong_evidence,0.8379716915087045,True,True,4.964177248034227,52941.578125,12156.51953125,4.354994699667649,36469.55859375,24,243.0,195.0,193.12040475857236,-0.06589327509260556,1.8795952414276371,0.0,8.415885288030392,242,245,215,231,256,272,True,True,,True,ok,243.0658932750926,193,10,227,260,16,243.5,243.14682275969224,243.0,False,6.3558054463858875,36034.0,29501.0,5669.462399999999,14,0.7368421052631579,1.0,0.7142857142857143,6.667127910034036,0.7259675743976479,1.0,0.7142857142857143,0.7368421052631579,0.7778546516723394,0.7852575748530273,assessable,243.14682275969224,False
flow05,333,0,0.15,128.0,19,243.12056485333824,199.0,193.0,212.0,214.0,high_confidence,0.5,high_confidence,0.5,high_confidence,0.8085161243523237,strong_evidence,0.8565085222177579,True,True,245.0,47977.1875,11591.568359375,4228.86376953125,8.60411238658988,1.8794351466617627,3.5275590551181097,16.0,227,261,0.08065919989883241,strong_evidence,0.7632128652323048,True,True,4.964177248034227,53525.1640625,14136.134765625,3.786407313593087,42408.404296875,18,245.0,196.0,193.06584866374985,1.8794351466617627,2.934151336250153,0.0,8.60411238658988,242,245,215,231,256,272,True,True,,True,ok,243.12056485333824,193,10,227,260,16,243.0,243.2243333603267,243.0,False,6.015322095125827,37613.0,27922.0,6252.8655,11,0.8421052631578947,1.0,0.9090909090909091,6.473994289406491,0.6692203491876377,1.0,0.9090909090909091,0.8421052631578947,0.7456657149010818,0.8169276649976472,assessable,243.2243333603267,False
flow05,334,0,0.15,128.0,19,243.20122405323707,199.0,193.0,212.0,214.0,model_assisted,0.0007178471443946985,model_assisted,0.0007178471443946985,model_assisted,0.0,strong_evidence,0.9856359810279746,True,True,243.0,48269.4140625,10762.1005859375,4712.83056640625,7.95855334667029,-0.2012240532370697,3.5275590551181097,16.0,227,261,0.10648569402724206,weak_evidence,0.0,True,False,4.964177248034227,53709.34375,3095.811279296875,17.349036780497336,9287.433837890625,117,243.0,172.0,193.03274815711933,-0.2012240532370697,-21.03274815711933,1.0,7.95855334667029,242,245,215,231,256,272,True,True,UPPER_SEED_TRAJECTORY_OUTLIER;Z_EDGE_EVIDENCE_WEAK,True,ok,243.20122405323707,193,10,227,260,16,243.0,243.78501984860276,243.5,False,6.592183132427094,38977.0,26558.0,5912.6088,13,0.8947368421052632,1.0,0.7692307692307693,5.463589580899714,0.7653638554045156,1.0,0.7692307692307693,0.8947368421052632,0.5772649301499523,0.813660522568519,assessable,243.78501984860276,False
flow05,335,0,0.15,128.0,19,243.3077097472643,198.0,193.0,212.0,214.0,high_confidence,0.9523574894291272,high_confidence,0.9523574894291272,high_confidence,0.9886672943752939,strong_evidence,0.9779493293283357,True,True,243.0,47482.78515625,12455.2421875,3659.877685546875,9.570686776521612,-0.3077097472643118,3.5275590551181097,16.0,227,261,0.12579798346030202,strong_evidence,0.9995027243780559,True,True,4.964177248034227,54068.890625,5886.06103515625,9.185920822440927,17658.18310546875,83,243.0,193.0,193.01480402185044,-0.3077097472643118,-0.01480402185043772,0.0,9.570686776521612,242,245,215,231,256,272,True,True,,True,ok,243.3077097472643,193,10,227,260,16,244.0,243.83314725467523,243.5,False,4.911857066673601,33094.5,32440.5,6737.6757,15,0.7368421052631579,1.0,0.6666666666666666,6.186139268838299,0.4853095111122669,1.0,0.6666666666666666,0.7368421052631579,0.6976898781397165,0.683486965826072,assessable,243.83314725467523,False
flow05,336,0,0.15,128.0,19,243.4335077307246,198.0,193.0,212.0,214.0,high_confidence,0.9979239869007006,high_confidence,0.9979239869007006,high_confidence,0.9841682873180723,strong_evidence,0.9687900442172827,True,True,243.0,47703.421875,13172.873046875,3089.167236328125,11.177947384023478,-0.4335077307246138,3.5275590551181097,16.0,227,261,0.1329845385507724,strong_evidence,0.9997906394105661,True,True,4.964177248034227,54689.30078125,7026.9287109375,7.782817078551749,21080.7861328125,60,243.0,193.0,193.0062345130047,-0.4335077307246138,-0.006234513004699238,0.0,11.177947384023478,242,245,215,231,256,272,True,True,,True,ok,243.4335077307246,193,10,227,260,16,244.5,242.90624224295505,243.5,False,5.780095405249504,35229.5,30305.5,6094.968599999999,12,0.8421052631578947,1.0,0.8333333333333334,5.085463694481011,0.6300159008749174,1.0,0.8333333333333334,0.8421052631578947,0.5142439490801686,0.7649124163545888,assessable,242.90624224295505,False
flow05,337,0,0.15,128.0,19,243.5664922692754,198.0,193.0,212.0,214.0,high_confidence,0.6282672028800275,high_confidence,0.6282672028800275,high_confidence,0.9842229384713417,strong_evidence,0.9687900442172827,True,True,244.0,49085.234375,16975.044921875,5105.9267578125,6.288807297126558,0.4335077307246138,3.5275590551181097,16.0,227,261,0.1329845385507724,strong_evidence,0.9999016798276481,True,True,4.964177248034227,55022.05078125,7688.2236328125,7.156666274173125,23064.6708984375,59,244.0,193.0,193.00292818465718,0.4335077307246138,-0.0029281846571791448,0.0,6.288807297126558,243,246,216,232,257,273,True,True,,True,ok,243.5664922692754,193,10,228,261,16,243.0,242.86173964308426,243.5,False,5.259070322288421,29820.0,35715.0,5670.2037,13,1.0,1.0,0.7692307692307693,6.408694858281892,0.5431783870480702,1.0,0.7692307692307693,1.0,0.7347824763803154,0.76743683695101,assessable,242.86173964308426,False
flow05,338,0,0.15,128.0,19,243.6922902527357,198.0,193.0,212.0,214.0,model_assisted,0.0010771123910637097,model_assisted,0.0010771123910637097,model_assisted,0.0,strong_evidence,0.902576212463618,True,True,245.0,49590.1640625,13441.658203125,4267.1650390625,8.471316559932461,1.3077097472643118,3.5275590551181097,16.0,227,261,0.12579798346030202,weak_evidence,0.0,True,False,4.964177248034227,55045.33984375,1444.0140380859375,38.119670856325904,8256.8009765625,136,245.0,173.0,193.00271711652556,1.3077097472643118,-20.00271711652556,1.0,8.471316559932461,243,246,216,232,257,273,True,True,UPPER_SEED_TRAJECTORY_OUTLIER;Z_EDGE_EVIDENCE_WEAK,True,ok,243.6922902527357,193,10,228,261,16,244.0,242.9251497473108,243.5,False,7.03729431131428,36042.5,29492.5,5121.6417,13,0.9473684210526315,1.0,0.7692307692307693,6.165883909428041,0.8395490518857134,1.0,0.7692307692307693,0.9473684210526315,0.6943139849046736,0.8592249836545156,assessable,242.9251497473108,False
flow05,339,0,0.15,128.0,19,243.79877594676293,198.0,193.0,212.0,214.0,model_assisted,0.0009821017568051424,model_assisted,0.0009821017568051424,model_assisted,0.0,strong_evidence,0.9047893346197885,True,True,243.0,50460.77734375,16756.404296875,6084.939453125,5.538982483969611,-0.7987759467629303,3.5275590551181097,16.0,227,261,0.10648569402724206,weak_evidence,0.0,True,False,4.964177248034227,54880.79296875,3231.268798828125,16.98428585967638,9693.806396484375,130,243.0,174.0,193.0051240701594,-0.7987759467629303,-19.00512407015941,2.0,5.538982483969611,243,246,216,232,257,273,True,True,UPPER_SEED_TRAJECTORY_OUTLIER;Z_EDGE_EVIDENCE_WEAK,True,ok,243.79877594676293,193,10,228,261,16,244.0,243.1988571506889,242.5,False,7.0726974965676614,40392.0,25143.0,5710.9752,17,1.0,1.0,0.5882352941176471,6.899749336591536,0.8454495827612769,1.0,0.5882352941176471,1.0,0.8166248894319227,0.8452169017331687,assessable,243.1988571506889,False
flow05,340,0,0.15,128.0,19,243.87943514666173,198.0,193.0,212.0,214.0,model_assisted,0.001178212131961569,model_assisted,0.001178212131961569,model_assisted,0.0,strong_evidence,0.9171531699136378,True,True,245.0,47791.91796875,16430.498046875,3375.085205078125,9.292037983126727,1.1205648533382657,3.5275590551181097,16.0,227,261,0.08065919989880399,weak_evidence,0.0,True,False,4.964177248034227,54675.29296875,2677.1904296875,20.422638734418335,8201.2939453125,132,245.0,173.0,193.01098982458478,1.1205648533382657,-20.010989824584783,2.0,9.292037983126727,243,246,216,232,257,273,True,True,UPPER_SEED_TRAJECTORY_OUTLIER;Z_EDGE_EVIDENCE_WEAK,True,ok,243.87943514666173,193,10,228,261,16,243.0,244.0658132375097,243.5,False,6.7622043618687915,40659.0,24876.0,6012.6843,17,0.8947368421052632,1.0,0.5882352941176471,8.61446156364877,0.7937007269781319,1.0,0.5882352941176471,0.8947368421052632,1.0,0.829652839581665,assessable,244.0658132375097,False
flow05,341,0,0.15,128.0,19,243.93410672490737,198.0,193.0,212.0,214.0,model_assisted,0.001226487259679445,model_assisted,0.001226487259679445,model_assisted,0.0,strong_evidence,0.9314497903714382,True,True,243.0,49459.5625,13746.33203125,5133.7939453125,6.956498614705522,-0.934106724907366,3.5275590551181097,16.0,227,261,0.054671578245631736,weak_evidence,0.0,True,False,4.964177248034227,54467.23046875,3159.68408203125,17.238188709592425,9479.05224609375,130,243.0,174.0,193.02207679209283,-0.934106724907366,-19.022076792092832,1.0,6.956498614705522,243,246,216,232,257,273,True,True,UPPER_SEED_TRAJECTORY_OUTLIER;Z_EDGE_EVIDENCE_WEAK,True,ok,243.93410672490737,193,10,228,261,16,244.5,243.86216671355734,243.5,False,10.156225630729882,40113.5,25421.5,3949.6463999999996,18,0.9473684210526315,1.0,0.5555555555555556,5.081114368169867,1.0,1.0,0.5555555555555556,0.9473684210526315,0.5135190613616446,0.8545682804051704,assessable,243.86216671355734,False
flow05,342,0,0.15,128.0,19,243.96726671332826,198.0,193.0,212.0,214.0,high_confidence,0.5,high_confidence,0.5,high_confidence,0.9612624354443604,strong_evidence,0.9976774773822293,True,True,244.0,50720.09765625,13964.2216796875,6053.28125,6.072058187708113,0.03273328667174269,3.5275590551181097,16.0,227,261,0.033159988420891295,strong_evidence,0.9261765357487481,True,True,4.964177248034227,54250.37109375,4056.089599609375,13.375042577702088,12168.268798828125,99,244.0,191.0,193.04050531939586,0.03273328667174269,-2.040505319395862,0.0,6.072058187708113,243,246,216,232,257,273,True,True,,True,ok,243.96726671332826,193,10,228,261,16,244.0,244.10563375742396,244.0,False,3.400024374470944,32680.0,32855.0,9611.6958,11,0.8947368421052632,1.0,0.9090909090909091,8.351164217450004,0.23333739574515736,1.0,0.9090909090909091,0.8947368421052632,1.0,0.6976967966447764,assessable,244.10563375742396,False
flow05,343,0,0.15,128.0,19,243.98526421351912,204.0,193.0,212.0,214.0,model_assisted,0.0008510656945419687,model_assisted,0.0008510656945419687,model_assisted,0.0,strong_evidence,0.8383444412219907,True,True,243.0,48171.3671875,11354.681640625,7511.42626953125,4.901424073909274,-0.9852642135191161,3.5275590551181097,16.0,227,261,0.017997500190858773,weak_evidence,0.0,True,False,4.964177248034227,53041.26171875,1948.5504150390625,27.220882410520893,7956.1892578125,131,243.0,174.0,193.0678857981626,-0.9852642135191161,-19.067885798162592,1.0,4.901424073909274,243,246,216,232,257,273,True,True,UPPER_SEED_TRAJECTORY_OUTLIER;Z_EDGE_EVIDENCE_WEAK,True,ok,243.98526421351912,193,10,228,261,16,242.5,243.63866083336794,243.0,False,6.5461028041701255,36681.0,28854.0,5603.4866999999995,16,0.8947368421052632,1.0,0.625,3.579926575242443,0.757683800695021,1.0,0.625,0.8947368421052632,0.2633210958737405,0.7507319661464208,assessable,243.63866083336794,False
flow05,344,0,0.15,128.0,19,243.99400509156678,204.0,193.0,212.0,214.0,high_confidence,0.5,high_confidence,0.5,high_confidence,0.906331185136945,strong_evidence,0.8243363605810302,True,True,245.0,47453.296875,17625.451171875,6272.6328125,4.755235416248909,1.0059949084332231,3.5275590551181097,16.0,227,261,0.008740878047660772,strong_evidence,0.9964818445867816,True,True,4.964177248034227,52845.98828125,8115.52294921875,6.511716941954711,24346.56884765625,59,245.0,193.0,193.10442025251461,1.0059949084332231,-0.10442025251461473,0.0,4.755235416248909,243,246,216,232,257,273,True,True,,True,ok,243.99400509156678,193,10,228,261,16,244.0,243.37147898702625,243.5,False,3.7598287760139417,34538.5,30996.5,9186.1896,9,0.631578947368421,1.0,0.9,4.9864091365188346,0.2933047960023236,1.0,0.9,0.631578947368421,0.49773485608647244,0.6271670063147237,assessable,243.37147898702625,False
flow05,345,0,0.15,128.0,19,243.9978038615071,198.0,193.0,212.0,214.0,high_confidence,0.5,high_confidence,0.5,high_confidence,0.9116044549776496,strong_evidence,0.9998443463744794,True,True,244.0,48362.3671875,10738.716796875,6050.71044921875,6.218055004678476,0.002196138492905675,3.5275590551181097,16.0,227,261,0.00379876994031747,strong_evidence,0.8311520541656874,True,True,4.964177248034227,53946.33203125,12738.5361328125,4.2348925707634955,38215.6083984375,31,244.0,195.0,193.14822692711704,0.002196138492905675,1.8517730728829633,0.0,6.218055004678476,243,246,216,232,257,273,True,True,,True,ok,243.9978038615071,193,10,228,261,16,243.0,243.6644895953234,243.5,False,3.426715468867543,35807.0,29728.0,10449.3648,11,0.9473684210526315,1.0,0.9090909090909091,7.365122589163607,0.23778591147792386,1.0,0.9090909090909091,0.9473684210526315,0.8941870981939345,0.6965672238127434,assessable,243.6644895953234,False
flow05,346,0,0.15,128.0,19,243.99928118628551,199.0,193.0,212.0,214.0,model_assisted,0.00400707482622151,model_assisted,0.00400707482622151,model_assisted,0.0,strong_evidence,0.9999490559893295,True,True,244.0,47791.33203125,15068.986328125,3694.01513671875,8.858205635884586,0.0007188137144851225,3.5275590551181097,16.0,227,261,0.0014773247784205523,weak_evidence,0.0,True,False,4.964177248034227,53920.21484375,4389.71044921875,12.28331924565693,13169.13134765625,100,244.0,177.0,193.19535870171606,0.0007188137144851225,-16.19535870171606,1.0,8.858205635884586,243,246,216,232,257,273,True,True,UPPER_SEED_TRAJECTORY_OUTLIER;Z_EDGE_EVIDENCE_WEAK,True,ok,243.99928118628551,193,10,228,261,16,244.0,244.02788273256294,243.5,False,10.970416402313273,35725.5,29809.5,3256.5308999999997,17,0.7894736842105263,1.0,0.5882352941176471,3.984422006528175,1.0,1.0,0.5882352941176471,0.7894736842105263,0.3307370010880291,0.8191418115639114,assessable,244.02788273256294,False
flow05,347,0,0.15,128.0,19,243.9997952938913,199.0,193.0,212.0,214.0,high_confidence,0.5,high_confidence,0.5,high_confidence,0.9046393172163512,strong_evidence,0.9999854922631759,True,True,244.0,49320.4453125,15754.9091796875,4946.82666015625,6.785266280535551,0.00020470610868983385,3.5275590551181097,16.0,227,261,0.0005141076057952887,strong_evidence,0.8183841671557841,True,True,4.964177248034227,53710.24609375,13437.47265625,3.997049703298815,40312.41796875,31,244.0,195.0,193.24049008319605,0.00020470610868983385,1.7595099168039496,0.0,6.785266280535551,243,246,216,232,257,273,True,True,,True,ok,243.9997952938913,193,10,228,261,16,243.0,244.0316494991198,244.0,False,4.542128544188807,34223.0,31312.0,7534.5732,11,0.7368421052631579,1.0,0.9090909090909091,8.753624786097436,0.42368809069813446,1.0,0.9090909090909091,0.7368421052631579,1.0,0.7406353293520025,assessable,244.0316494991198,False
flow05,348,0,0.15,128.0,19,243.99995538865724,199.0,193.0,212.0,214.0,high_confidence,0.5,high_confidence,0.5,high_confidence,0.9310695970158929,strong_evidence,0.9999968383652418,True,True,244.0,51038.453125,12281.904296875,4913.1357421875,7.888352950506763,4.461134275857148e-05,3.5275590551181097,16.0,227,261,0.00016009476593126237,strong_evidence,0.8668933352874377,True,True,4.964177248034227,52915.08984375,12552.69921875,4.21543517626158,37658.09765625,34,244.0,194.0,193.2779026830545,4.461134275857148e-05,0.7220973169455078,0.0,7.888352950506763,243,246,216,232,257,273,True,True,,True,ok,243.99995538865724,193,10,228,261,16,244.0,243.62685772269978,244.0,False,6.536833169881602,39662.5,25872.5,6067.5405,17,0.9473684210526315,1.0,0.5882352941176471,4.165029065517475,0.7561388616469337,1.0,0.5882352941176471,0.9473684210526315,0.36083817758624576,0.7604847413164755,assessable,243.62685772269978,False
flow05,349,0,0.15,128.0,19,244.0,198.0,193.0,212.0,214.0,high_confidence,0.5,high_confidence,0.5,high_confidence,0.8858640588765989,strong_evidence,0.8464737781779522,True,True,246.0,48015.93359375,15883.1669921875,4205.65087890625,7.640378986930832,2.0,3.5275590551181097,16.0,228,261,4.461134275857148e-05,strong_evidence,0.9270873487640925,True,True,4.964177248034227,52402.5,10626.900390625,4.931118018780832,31880.701171875,37,246.0,193.0,193.30237143951072,2.0,-0.302371439510722,0.0,7.640378986930832,243,246,216,232,257,273,True,True,,True,ok,244.0,193,10,228,261,16,243.5,243.59243716355618,243.5,False,3.787929586846142,35292.25,30242.75,9317.02905,10,0.7894736842105263,1.0,1.0,6.675047360501912,0.297988264474357,1.0,1.0,0.7894736842105263,0.779174560083652,0.7006344012059692,assessable,243.59243716355618,False
flow05,350,0,0.15,128.0,19,244.0,199.0,193.0,212.0,214.0,model_assisted,0.0011277701054398094,model_assisted,0.0011277701054398094,model_assisted,0.0,strong_evidence,0.9264226511541201,True,True,245.0,47829.1875,12253.60546875,5052.8671875,7.04067229775174,1.0,3.5275590551181097,16.0,228,261,0.0,weak_evidence,0.0,True,False,4.964177248034227,50938.3125,1166.728759765625,43.65908706170284,7640.746875,132,245.0,174.0,193.30989457010432,1.0,-19.30989457010432,1.0,7.04067229775174,243,246,216,232,257,273,True,True,UPPER_SEED_TRAJECTORY_OUTLIER;Z_EDGE_EVIDENCE_WEAK,True,ok,244.0,193,10,228,261,16,244.0,243.86590322502835,244.0,False,6.813261551122221,38400.25,27134.75,5636.1039,17,0.9473684210526315,1.0,0.5882352941176471,5.669612174618031,0.8022102585203702,1.0,0.5882352941176471,0.9473684210526315,0.6116020291030052,0.8016861153738543,assessable,243.86590322502835,False
flow05,351,0,0.15,128.0,19,244.0,204.0,193.0,212.0,214.0,model_assisted,0.0011950629201473225,model_assisted,0.0011950629201473225,model_assisted,0.0,strong_evidence,0.8728108906170164,True,True,243.0,47745.0234375,15564.966796875,6042.45703125,5.325657505580628,-1.0,3.5275590551181097,16.0,228,261,0.0,weak_evidence,0.0,True,False,4.964177248034227,51493.69140625,4516.529296875,11.401164040246266,13549.587890625,128,243.0,175.0,193.29852258504172,-1.0,-18.298522585041724,1.0,5.325657505580628,243,246,216,232,257,273,True,True,UPPER_SEED_TRAJECTORY_OUTLIER;Z_EDGE_EVIDENCE_WEAK,True,ok,244.0,193,10,228,261,16,242.0,242.82313149325478,243.0,False,7.5512947623899205,35596.25,29938.75,4713.9267,13,0.7894736842105263,1.0,0.7692307692307693,11.574014392840757,0.9252157937316534,1.0,0.7692307692307693,0.7894736842105263,1.0,0.8960927342838114,assessable,242.82313149325478,False
flow05,352,0,0.15,128.0,19,244.0,203.0,193.0,212.0,214.0,high_confidence,0.5,high_confidence,0.5,high_confidence,0.9144780855002917,strong_evidence,1.0,True,True,244.0,49113.7421875,14048.046875,5226.396484375,6.7093446540715975,0.0,3.5275590551181097,16.0,228,261,0.0,strong_evidence,0.8362701688602789,True,True,4.964177248034227,51830.50390625,13683.236328125,3.7878834117419853,41049.708984375,26,244.0,194.0,193.26918661519548,0.0,0.7308133848045202,0.0,6.7093446540715975,243,246,216,232,257,273,True,True,,True,ok,244.0,193,10,228,261,16,245.5,244.4364834340731,243.5,False,16.334767234559294,37422.75,28112.25,2290.98765,20,0.7368421052631579,1.0,0.5,7.634127775514868,1.0,1.0,0.5,0.7368421052631579,0.9390212959191446,0.8544284453813882,assessable,244.4364834340731,False
flow05,353,0,0.15,128.0,19,244.0,197.0,193.0,212.0,214.0,model_assisted,0.0011603622950450798,model_assisted,0.0011603622950450798,model_assisted,0.0,strong_evidence,0.9264226511541201,True,True,245.0,48141.140625,10307.787109375,5370.2470703125,7.0449930925474975,1.0,3.5275590551181097,16.0,228,261,0.0,weak_evidence,0.0,True,False,4.964177248034227,56508.48828125,3022.7666015625,18.694294244233134,9068.2998046875,136,245.0,174.0,193.22626521357648,1.0,-19.226265213576482,1.0,7.0449930925474975,243,246,216,232,257,273,True,True,UPPER_SEED_TRAJECTORY_OUTLIER;Z_EDGE_EVIDENCE_WEAK,True,ok,244.0,193,10,228,261,16,244.5,243.46639524430424,244.5,False,7.716960788639815,40424.5,25110.5,5238.396449999999,14,0.6842105263157895,1.0,0.7142857142857143,10.358486739034664,0.9528267981066358,1.0,0.7142857142857143,0.6842105263157895,1.0,0.8789781011418338,assessable,243.46639524430424,False
flow05,354,0,0.15,128.0,19,244.0,197.0,193.0,212.0,214.0,high_confidence,0.5,high_confidence,0.5,high_confidence,0.9141131996184372,strong_evidence,0.8406329490490836,True,True,245.0,46559.74609375,13931.83203125,6604.55517578125,4.940213715246986,1.0,3.5275590551181097,16.0,228,261,0.0,strong_evidence,0.994016404736316,True,True,4.964177248034227,56841.08203125,8275.447265625,6.868641682650744,24826.341796875,55,245.0,193.0,193.17715748489115,1.0,-0.17715748489115413,0.0,4.940213715246986,243,246,216,232,257,273,True,True,,True,ok,244.0,193,10,228,261,16,244.0,243.82925363451017,244.0,False,4.382206243510033,31203.75,34331.25,7120.55715,11,0.8421052631578947,1.0,0.9090909090909091,9.197867871234624,0.3970343739183388,1.0,0.9090909090909091,0.8421052631578947,1.0,0.7470960021632845,assessable,243.82925363451017,False
flow05,355,0,0.15,128.0,19,244.0,197.0,193.0,212.0,214.0,model_assisted,0.001669133513806397,model_assisted,0.001669133513806397,model_assisted,0.0,strong_evidence,0.9264226511541201,True,True,243.0,49836.05859375,10277.0927734375,4029.7236328125,9.816793761785288,-1.0,3.5275590551181097,16.0,228,261,0.0,weak_evidence,0.0,True,False,4.964177248034227,56567.26171875,1822.147216796875,31.044287309665755,8485.0892578125,144,243.0,174.0,193.1308803493072,-1.0,-19.130880349307205,1.0,9.816793761785288,243,246,216,232,257,273,True,True,UPPER_SEED_TRAJECTORY_OUTLIER;Z_EDGE_EVIDENCE_WEAK,True,ok,244.0,193,10,228,261,16,243.5,242.9995464764603,244.0,False,10.678774953829436,38979.25,26555.75,3650.1612,14,0.8947368421052632,1.0,0.7142857142857143,4.883937309532238,1.0,1.0,0.7142857142857143,0.8947368421052632,0.4806562182553729,0.8751332909984697,assessable,242.9995464764603,False
flow05,356,0,0.15,128.0,19,244.0,197.0,193.0,212.0,214.0,high_confidence,0.5,high_confidence,0.5,high_confidence,0.9750005820277028,strong_evidence,0.9707987596671276,True,True,244.0,49703.32421875,14299.951171875,6260.8740234375,5.654701390627401,0.0,3.5275590551181097,16.0,228,261,0.0,strong_evidence,0.9792205907641607,True,True,4.964177248034227,55854.765625,9818.17578125,5.688914811615733,29454.52734375,52,244.0,193.0,193.0963808299681,0.0,-0.09638082996809771,0.0,5.654701390627401,243,246,216,232,257,273,True,True,,True,ok,244.0,193,10,228,261,16,243.5,243.62527815522185,244.0,False,5.385668375554442,35833.75,29701.25,6653.538149999999,12,0.8421052631578947,1.0,0.8333333333333334,8.414279011426217,0.564278062592407,1.0,0.8333333333333334,0.8421052631578947,1.0,0.7904797780476932,assessable,243.62527815522185,False
flow05,357,0,0.15,128.0,19,244.0,197.0,193.0,212.0,214.0,high_confidence,0.5,high_confidence,0.5,high_confidence,0.9615466058452838,strong_evidence,1.0,True,True,244.0,49374.796875,16137.5234375,3216.142333984375,10.334515697980137,0.0,3.5275590551181097,16.0,228,261,0.0,strong_evidence,0.9245718752125855,True,True,4.964177248034227,55099.953125,3763.469970703125,14.640731440380202,11290.409912109375,103,244.0,191.0,193.0814329487722,0.0,-2.0814329487722034,0.0,10.334515697980137,243,246,216,232,257,273,True,True,,True,ok,244.0,193,10,228,261,16,243.5,244.46186332875388,244.5,False,6.149783069022996,37735.75,27799.25,6136.11075,14,0.7894736842105263,1.0,0.7142857142857143,8.17331629319062,0.6916305115038327,1.0,0.7142857142857143,0.7894736842105263,1.0,0.8033488745150633,assessable,244.46186332875388,False
flow05,358,0,0.15,128.0,19,244.0,198.0,193.0,212.0,214.0,high_confidence,0.5,high_confidence,0.5,high_confidence,0.8709253823408638,strong_evidence,0.9264226511541201,True,True,245.0,49291.8984375,11867.34765625,5333.6025390625,7.0167490935363555,1.0,3.5275590551181097,16.0,228,261,0.0,strong_evidence,0.8187526726172345,True,True,4.964177248034227,54042.40234375,13257.404296875,4.076393925505367,39772.212890625,25,245.0,195.0,193.09231409649658,1.0,1.9076859035034204,0.0,7.0167490935363555,243,246,216,232,257,273,True,True,,True,ok,244.0,193,10,228,261,16,245.0,244.42693920043646,244.5,False,10.960964210826797,39196.75,26338.25,3576.0312,17,1.0,1.0,0.5882352941176471,7.10749969196356,1.0,1.0,0.5882352941176471,1.0,0.8512499486605933,0.9027720536895889,assessable,244.42693920043646,False
flow05,359,0,0.15,128.0,19,244.0,204.0,193.0,212.0,214.0,high_confidence,0.6562955687571745,high_confidence,0.6562955687571745,high_confidence,0.9799968692522111,strong_evidence,1.0,True,True,244.0,51491.5703125,15085.126953125,3801.7041015625,9.576348497088965,0.0,3.5275590551181097,16.0,228,261,0.0,strong_evidence,0.9603938637441354,True,True,4.964177248034227,52090.93359375,5021.72119140625,10.373123398984003,15065.16357421875,69,244.0,192.0,193.13356589022683,0.0,-1.1335658902268335,0.0,9.576348497088965,243,246,216,232,257,273,True,True,,True,ok,244.0,193,10,228,261,16,245.0,243.33972402568475,244.5,False,8.065216314904124,35582.5,29952.5,4411.84695,13,0.8947368421052632,1.0,0.7692307692307693,7.96109279697285,1.0,1.0,0.7692307692307693,0.8947368421052632,0.9935154661621417,0.9374082267781575,assessable,243.33972402568475,False
flow05,360,0,0.15,128.0,19,244.0,198.0,193.0,212.0,214.0,high_confidence,0.5,high_confidence,0.5,high_confidence,0.9230906050836313,strong_evidence,0.9265813268368565,True,True,244.0,46152.078125,15782.615234375,5895.474609375,5.151317731456497,0.0,3.5275590551181097,16.0,228,261,0.0,strong_evidence,0.9196130339713757,True,True,4.964177248034227,54687.4765625,3327.516845703125,16.43492102320047,9982.550537109375,104,244.0,191.0,193.2070153311838,0.0,-2.207015331183811,0.0,5.151317731456497,243,246,216,232,257,273,True,True,,True,ok,244.0,193,10,228,261,16,243.0,243.63851952998485,243.5,False,4.961221383118904,37733.75,27801.25,7605.737999999999,13,0.7894736842105263,1.0,0.7692307692307693,8.061736454085668,0.49353689718648397,1.0,0.7692307692307693,0.7894736842105263,1.0,0.7450051204930023,assessable,243.63851952998485,False
flow05,361,0,0.15,128.0,19,244.0,197.0,193.0,212.0,214.0,model_assisted,0.0031197159639796052,model_assisted,0.0031197159639796052,model_assisted,0.0,strong_evidence,1.0,True,True,244.0,49910.3515625,11363.564453125,3759.53173828125,10.253081977437297,0.0,3.5275590551181097,16.0,228,261,0.0,weak_evidence,0.0,True,False,4.964177248034227,55845.84765625,2632.935302734375,21.21048990389265,8376.8771484375,134,244.0,176.0,193.31003995547272,0.0,-17.310039955472718,1.0,10.253081977437297,243,246,216,232,257,273,True,True,UPPER_SEED_TRAJECTORY_OUTLIER;Z_EDGE_EVIDENCE_WEAK,True,ok,244.0,193,10,228,261,16,244.0,244.44392685536747,243.5,False,8.058256593267213,39858.75,25676.25,4946.32425,15,0.7894736842105263,1.0,0.6666666666666666,6.790659808725478,1.0,1.0,0.6666666666666666,0.7894736842105263,0.7984433014542464,0.8815987161103369,assessable,244.44392685536747,False
flow05,362,0,0.15,128.0,19,244.0,197.0,193.0,212.0,214.0,high_confidence,0.5,high_confidence,0.5,high_confidence,0.9254111875995467,strong_evidence,1.0,True,True,244.0,47301.10546875,13175.0166015625,4764.248046875,7.162953845270867,0.0,3.5275590551181097,16.0,228,261,0.0,strong_evidence,0.8563858661344033,True,True,4.964177248034227,56302.8984375,12584.634765625,4.473939807239514,37753.904296875,28,244.0,195.0,193.4343521439509,0.0,1.565647856049111,0.0,7.162953845270867,243,246,216,232,257,273,True,True,,True,ok,244.0,193,10,228,261,16,245.0,244.45408961505137,244.0,False,8.620098234332053,37292.5,28242.5,4326.2267999999995,15,0.8947368421052632,1.0,0.6666666666666666,7.058671689132545,1.0,1.0,0.6666666666666666,0.8947368421052632,0.8431119481887576,0.9018550544679985,assessable,244.45408961505137,False
flow05,363,0,0.15,128.0,19,244.0,198.0,194.0,213.0,215.0,high_confidence,0.5,high_confidence,0.5,high_confidence,0.9344561312105409,strong_evidence,0.890485964021109,True,True,244.0,47619.19921875,16531.8359375,6533.990234375,4.757791512711623,0.0,3.5275590551181097,16.0,228,261,0.0,strong_evidence,0.9805974450331396,True,True,4.964177248034227,56762.48046875,6297.63134765625,9.013306326651676,18892.89404296875,64,244.0,193.0,193.56676599153167,0.0,-0.5667659915316676,0.0,4.757791512711623,243,246,216,232,257,273,True,True,,True,ok,244.0,194,10,228,261,16,243.5,244.3383844469656,244.5,False,6.059086784997878,36498.75,29036.25,6023.8038,16,0.8421052631578947,1.0,0.625,6.438012989024271,0.676514464166313,1.0,0.625,0.8421052631578947,0.7396688315040452,0.7620627350822983,assessable,244.3383844469656,False
flow05,364,0,0.15,128.0,19,244.0,198.0,194.0,213.0,215.0,high_confidence,0.5,high_confidence,0.5,high_confidence,0.9271631122624503,strong_evidence,1.0,True,True,244.0,48816.734375,13777.376953125,3791.574951171875,9.241372746975571,0.0,3.5275590551181097,16.0,228,261,0.0,strong_evidence,0.8596314367401929,True,True,4.964177248034227,56831.93359375,12947.009765625,4.389579881575575,38841.029296875,24,244.0,195.0,193.69234361765768,0.0,1.3076563823423157,0.0,9.241372746975571,243,246,216,232,257,273,True,True,,True,ok,244.0,194,10,228,261,16,245.0,243.5761206542312,245.0,False,4.25592774371649,39747.25,25787.75,9339.268049999999,13,1.0,1.0,0.7692307692307693,5.332511199081002,0.37598795728608164,1.0,0.7692307692307693,1.0,0.555418533180167,0.6909837922142992,assessable,243.5761206542312,False
flow05,365,0,0.15,128.0,19,244.0,197.0,194.0,213.0,215.0,high_confidence,0.5,high_confidence,0.5,high_confidence,0.9491489289248952,strong_evidence,0.9264226511541201,True,True,245.0,48661.15625,17601.0,4777.98681640625,6.500678516597878,1.0,3.5275590551181097,16.0,228,261,4.461134275857148e-05,strong_evidence,0.9724327100130504,True,True,4.964177248034227,56360.9375,8197.703125,6.875210853649937,24593.109375,61,245.0,193.0,193.79866615848482,1.0,-0.7986661584848207,0.0,6.500678516597878,243,246,216,232,257,273,True,True,,True,ok,244.0,194,10,228,261,16,244.0,243.5528363747088,244.5,False,4.605935613164125,38512.5,27022.5,8361.493349999999,13,0.8421052631578947,1.0,0.7692307692307693,5.336080896264766,0.4343226021940209,1.0,0.7692307692307693,0.8421052631578947,0.5560134827107944,0.6877762023588248,assessable,243.5528363747088,False
flow05,366,0,0.15,128.0,19,244.00004461134276,198.0,194.0,213.0,215.0,high_confidence,0.5,high_confidence,0.5,high_confidence,0.9125045937540419,strong_evidence,0.9264260638771715,True,True,245.0,46262.01171875,7218.7958984375,3137.01220703125,12.445987852008242,0.9999553886572414,3.5275590551181097,16.0,228,262,0.00016009476590284066,strong_evidence,0.8987923225491488,True,True,4.964177248034227,55086.109375,12490.68359375,4.410175709083176,37472.05078125,27,245.0,194.0,193.87897338675018,0.9999553886572414,0.12102661324982478,0.0,12.445987852008242,243,246,216,232,257,273,True,True,,True,ok,244.00004461134276,194,10,228,261,16,242.5,243.01797512586072,244.5,False,6.416234048813044,37052.0,28483.0,5774.727,16,0.631578947368421,1.0,0.625,5.307295039702501,0.7360390081355073,1.0,0.625,0.631578947368421,0.5512158399504168,0.7324720789477323,assessable,243.01797512586072,False
flow05,367,0,0.15,128.0,19,244.00020470610866,198.0,194.0,213.0,215.0,model_assisted,1.8146193824387626e-05,model_assisted,1.8146193824387626e-05,model_assisted,0.0,strong_evidence,0.9264383108629511,True,True,245.0,46966.3125,11843.2431640625,4614.0517578125,7.612196650474762,0.9997952938913386,3.5275590551181097,16.0,228,262,0.0005141076058237104,weak_evidence,0.0,True,False,4.964177248034227,53120.20703125,1913.1396484375,27.76598513058592,7968.0310546875,149,245.0,162.0,193.93264924880373,0.9997952938913386,-31.932649248803727,1.0,7.612196650474762,243,246,216,232,257,273,True,True,UPPER_SEED_TRAJECTORY_OUTLIER;Z_EDGE_EVIDENCE_WEAK,True,ok,244.00020470610866,194,10,228,261,16,244.5,243.9905552671369,244.0,False,6.008654466240877,36823.0,28712.0,6128.3270999999995,16,0.8421052631578947,1.0,0.625,7.870797781794118,0.6681090777068128,1.0,0.625,0.8421052631578947,0.9784662969656863,0.7830005963676373,assessable,243.9905552671369,False
flow05,368,0,0.15,128.0,19,244.00071881371449,198.0,194.0,213.0,215.0,model_assisted,1.690799907521099e-05,model_assisted,1.690799907521099e-05,model_assisted,0.0,strong_evidence,0.926367660891387,True,True,243.0,47287.93359375,9698.9189453125,2595.18994140625,14.484109254858325,-1.0007188137144851,3.5275590551181097,16.0,228,262,0.0014773247783921306,weak_evidence,0.0,True,False,4.964177248034227,50795.43359375,793.134521484375,64.04390707730742,7619.3150390625,155,243.0,161.0,193.96317118986525,-1.0007188137144851,-32.96317118986525,1.0,14.484109254858325,243,246,216,232,257,273,True,True,UPPER_SEED_TRAJECTORY_OUTLIER;Z_EDGE_EVIDENCE_WEAK,True,ok,244.00071881371449,194,10,228,261,16,245.5,244.1434996688461,245.0,False,9.325361514775192,40274.5,25260.5,4318.8138,14,0.7894736842105263,1.0,0.7142857142857143,7.126282470884595,1.0,1.0,0.7142857142857143,0.7894736842105263,0.8543804118140992,0.8967162366701319,assessable,244.1434996688461,False
flow05,369,0,0.15,128.0,19,244.00219613849288,200.0,194.0,213.0,215.0,high_confidence,0.5,high_confidence,0.5,high_confidence,0.866882945163037,strong_evidence,0.8225886662190611,True,True,243.0,48007.1171875,12630.7734375,7475.7890625,4.732121713740502,-1.0021961384928773,3.5275590551181097,16.0,228,262,0.0037987699402890485,strong_evidence,0.9135623568321996,True,True,4.964177248034227,49566.9140625,10807.53515625,4.586329199571046,32422.60546875,29,243.0,194.0,193.9748988660621,-1.0021961384928773,0.025101133937909026,0.0,4.732121713740502,243,246,216,232,257,273,True,True,,True,ok,244.00219613849288,194,10,228,261,16,242.5,243.61435011361283,244.0,False,8.243910475528313,37449.5,28085.5,4542.6864,16,0.7368421052631579,1.0,0.625,9.643652689590969,1.0,1.0,0.625,0.7368421052631579,1.0,0.8855263157894737,assessable,243.61435011361283,False
flow05,370,0,0.15,128.0,19,244.00599490843317,200.0,194.0,213.0,215.0,model_assisted,0.013908514765286498,model_assisted,0.013908514765286498,model_assisted,0.0,strong_evidence,0.9995750473353998,True,True,244.0,46897.6953125,18403.73828125,3789.63916015625,7.518910330785998,-0.005994908433166302,3.5275590551181097,16.0,228,262,0.008740878047717615,weak_evidence,0.0,True,False,4.964177248034227,51318.19140625,2590.209228515625,19.812373008824075,7770.627685546875,135,244.0,182.0,193.97027055499052,-0.005994908433166302,-11.97027055499052,1.0,7.518910330785998,243,246,216,232,257,273,True,True,UPPER_SEED_TRAJECTORY_OUTLIER;Z_EDGE_EVIDENCE_WEAK,True,ok,244.00599490843317,194,10,228,261,16,244.5,244.69345176303975,245.0,False,9.961943864406747,32722.0,32813.0,3284.7003,14,0.7368421052631579,1.0,0.7142857142857143,8.467441174405483,1.0,1.0,0.7142857142857143,0.7368421052631579,1.0,0.9033834586466166,assessable,244.69345176303975,False
flow05,371,0,0.15,128.0,19,244.01473578648088,200.0,194.0,213.0,215.0,high_confidence,0.5,high_confidence,0.5,high_confidence,0.8902448160319316,strong_evidence,0.9252946894948039,True,True,243.0,47227.39453125,11288.02734375,4245.5625,8.465160314445965,-1.014735786480884,3.5275590551181097,16.0,228,262,0.017997500190858773,strong_evidence,0.8565226208143912,True,True,4.964177248034227,53607.99609375,12712.857421875,4.216832952244613,38138.572265625,26,243.0,195.0,193.94849058062493,-1.014735786480884,1.0515094193750656,0.0,8.465160314445965,243,246,216,232,257,273,True,True,,True,ok,244.01473578648088,194,10,228,261,16,244.5,243.88893842688194,244.0,False,8.69097187328265,38398.0,27137.0,4418.148,18,0.7894736842105263,1.0,0.5555555555555556,7.429328581198329,1.0,1.0,0.5555555555555556,0.7894736842105263,0.9048880968663883,0.870020973429329,assessable,243.88893842688194,False
flow05,372,0,0.15,128.0,19,244.03273328667174,200.0,194.0,213.0,215.0,high_confidence,0.5,high_confidence,0.5,high_confidence,0.9466295580753538,strong_evidence,0.9976774773822293,True,True,244.0,45479.75,9252.447265625,5784.74169921875,6.262561859809164,-0.03273328667174269,3.5275590551181097,16.0,228,262,0.033159988420862874,strong_evidence,0.8981935951618396,True,True,4.964177248034227,55579.4296875,11375.0439453125,4.8860848322615515,34125.1318359375,32,244.0,195.0,193.9060521220701,-0.03273328667174269,1.0939478779299066,0.0,6.262561859809164,243,246,216,232,257,273,True,True,,True,ok,244.03273328667174,194,10,228,261,16,244.0,244.15162743215913,245.5,False,4.896713297989912,37156.0,28379.0,7587.9468,15,0.7894736842105263,1.0,0.6666666666666666,6.989164337986336,0.4827855496649853,1.0,0.6666666666666666,0.7894736842105263,0.8315273896643894,0.7038820673140961,assessable,244.15162743215913,False
flow05,373,0,0.15,128.0,19,244.0658932750926,201.0,194.0,213.0,215.0,high_confidence,0.5417411650493106,high_confidence,0.5417411650493106,high_confidence,0.9641727062235835,strong_evidence,0.9953191531305104,True,True,244.0,47372.1875,15331.294921875,2773.712158203125,11.551628557911299,-0.06589327509260556,3.5275590551181097,16.0,228,262,0.05467157824566016,strong_evidence,0.9340009227217312,True,True,4.964177248034227,55668.03125,6064.35791015625,9.179542512946057,18193.07373046875,83,244.0,192.0,193.83890084060369,-0.06589327509260556,-1.838900840603685,0.0,11.551628557911299,243,246,216,232,257,273,True,True,,True,ok,244.0658932750926,194,10,228,261,16,245.0,244.47934063454244,245.0,False,5.287356802690021,31850.0,33685.0,6023.8038,13,0.5263157894736842,1.0,0.7692307692307693,8.810170568093632,0.5478928004483369,1.0,0.7692307692307693,0.5263157894736842,1.0,0.7245560024241244,assessable,244.47934063454244,False
flow05,374,0,0.15,128.0,19,244.12056485333827,208.0,194.0,213.0,215.0,high_confidence,0.5,high_confidence,0.5,high_confidence,0.9053757645056445,strong_evidence,0.9356002993053298,True,True,245.0,47363.23828125,11457.591796875,3639.749755859375,9.864866788320557,0.8794351466617343,3.5275590551181097,16.0,228,262,0.08065919989877557,strong_evidence,0.8761276322408191,True,True,4.964177248034227,51641.6875,12470.0673828125,4.141251680097396,37410.2021484375,32,245.0,194.0,193.74548848840658,0.8794351466617343,0.2545115115934209,0.0,9.864866788320557,243,246,216,232,257,273,True,True,,True,ok,244.12056485333827,194,10,228,261,16,244.5,244.23157450899163,245.0,False,12.723627838197352,37256.5,28278.5,2928.1349999999998,14,0.7368421052631579,1.0,0.7142857142857143,5.631812787210081,1.0,1.0,0.7142857142857143,0.7368421052631579,0.6053021312016802,0.8639136717667847,assessable,244.23157450899163,False
flow05,375,0,0.15,128.0,19,244.20122405323704,208.0,194.0,213.0,215.0,high_confidence,0.5,high_confidence,0.5,high_confidence,0.8906209388730408,strong_evidence,0.9856359810279767,True,True,244.0,49726.62890625,14110.498046875,4127.4814453125,8.629022645231645,-0.2012240532370413,3.5275590551181097,16.0,228,262,0.10648569402724206,strong_evidence,0.8047653210993949,True,True,4.964177248034227,51971.96875,14324.921875,3.628080432375831,42974.765625,28,244.0,195.0,193.62939126100557,-0.2012240532370413,1.3706087389944344,0.0,8.629022645231645,243,246,216,232,257,273,True,True,,True,ok,244.20122405323704,194,10,228,261,16,243.0,243.3996129442206,244.5,False,5.976268771730141,31516.5,34018.5,5273.6082,13,0.8421052631578947,1.0,0.7692307692307693,9.964070820837566,0.6627114619550235,1.0,0.7692307692307693,0.8421052631578947,1.0,0.8121109550040962,assessable,243.3996129442206,False
flow05,376,0,0.15,128.0,19,244.30770974726428,207.0,194.0,213.0,215.0,model_assisted,0.05881647164242988,model_assisted,0.05881647164242988,model_assisted,0.7054175491977336,strong_evidence,0.9496704890843366,True,True,245.0,49810.24609375,9447.806640625,3242.848388671875,12.446600832194823,0.6922902527357166,3.5275590551181097,16.0,228,262,0.12579798346033044,weak_evidence,0.5239858713477887,True,False,4.964177248034227,51976.10546875,5011.75390625,10.370841513972232,15035.26171875,106,245.0,185.0,193.5,0.6922902527357166,-8.5,1.0,12.446600832194823,243,246,216,232,257,273,True,True,UPPER_SEED_TRAJECTORY_OUTLIER;Z_EDGE_EVIDENCE_WEAK,True,ok,244.30770974726428,194,10,228,261,16,245.0,245.62333119913566,244.5,False,7.204513803477779,37668.0,27867.0,5228.3889,13,0.8947368421052632,1.0,0.7692307692307693,5.934806124741726,0.8674189672462965,1.0,0.7692307692307693,0.8947368421052632,0.6558010207902877,0.8572334207771759,assessable,245.62333119913566,False
flow05,377,0,0.15,128.0,19,244.4335077307246,207.0,193.0,212.0,214.0,model_assisted,0.07162025315108667,model_assisted,0.07162025315108667,model_assisted,0.7851359254309094,strong_evidence,0.9687900442172827,True,True,244.0,47841.734375,13448.958984375,4115.53662109375,8.35681432509881,-0.4335077307246138,3.5275590551181097,16.0,228,262,0.1329845385507724,weak_evidence,0.6362972298092631,True,False,4.964177248034227,51429.36328125,5341.27783203125,9.628662821625172,16023.83349609375,104,244.0,186.0,193.37060873899446,-0.4335077307246138,-7.370608738994463,1.0,8.35681432509881,243,246,216,232,257,273,True,True,UPPER_SEED_TRAJECTORY_OUTLIER;Z_EDGE_EVIDENCE_WEAK,True,ok,244.4335077307246,193,10,228,261,16,243.0,244.8988414990115,245.0,False,5.893343477753311,35828.0,29707.0,6079.4012999999995,15,0.7894736842105263,1.0,0.6666666666666666,6.991069440379324,0.6488905796255519,1.0,0.6666666666666666,0.7894736842105263,0.8318449067298873,0.7620505795068442,assessable,244.8988414990115,False
flow05,378,0,0.15,128.0,19,244.5664922692754,207.0,193.0,212.0,214.0,high_confidence,0.626829309846771,high_confidence,0.626829309846771,high_confidence,0.9646009355505148,strong_evidence,0.9687900442172827,True,True,245.0,47495.62890625,13065.431640625,4129.96923828125,8.336671601930298,0.4335077307246138,3.5275590551181097,16.0,228,262,0.1329845385507724,strong_evidence,0.9604299408512952,True,True,4.964177248034227,50645.3828125,9283.533203125,5.4553995450193336,27850.599609375,42,245.0,193.0,193.25451151159345,0.4335077307246138,-0.2545115115934493,0.0,8.336671601930298,244,247,217,233,258,274,True,True,,True,ok,244.5664922692754,193,10,229,262,16,245.0,244.5199953573535,245.0,False,6.777625077280868,35838.0,29697.0,5287.6929,15,0.7368421052631579,1.0,0.6666666666666666,5.897162467970642,0.7962708462134781,1.0,0.6666666666666666,0.7368421052631579,0.6495270779951069,0.787507153097035,assessable,244.5199953573535,False
flow05,379,0,0.15,128.0,19,244.6922902527357,207.0,193.0,212.0,214.0,high_confidence,0.6835671246579222,high_confidence,0.6835671246579222,high_confidence,0.9240482621212414,strong_evidence,0.902576212463618,True,True,246.0,47997.0390625,12656.4609375,3352.14697265625,10.542669642254985,1.3077097472643118,3.5275590551181097,16.0,228,262,0.12579798346030202,strong_evidence,0.9460311261678691,True,True,4.964177248034227,49959.94140625,9674.970703125,5.1638338698134785,29024.912109375,42,246.0,193.0,193.16109915939634,1.3077097472643118,-0.16109915939634334,0.0,10.542669642254985,244,247,217,233,258,274,True,True,,True,ok,244.6922902527357,193,10,229,262,16,245.5,245.25539153624692,245.0,False,5.900981458187972,37213.0,28322.0,6306.2391,14,0.8947368421052632,1.0,0.7142857142857143,5.967127305093639,0.6501635763646619,1.0,0.7142857142857143,0.8947368421052632,0.6611878841822731,0.7707437093187913,assessable,245.25539153624692,False
flow05,380,0,0.15,128.0,19,244.79877594676296,207.0,193.0,212.0,214.0,model_assisted,0.00041015538363538067,model_assisted,0.00041015538363538067,model_assisted,0.0,strong_evidence,0.9856359810279767,True,True,245.0,48532.42578125,14530.326171875,3761.542236328125,9.039403912839369,0.2012240532370413,3.5275590551181097,16.0,228,262,0.10648569402727048,weak_evidence,0.0,True,False,4.964177248034227,49348.109375,2668.096435546875,18.495624340086945,8004.289306640625,127,245.0,170.0,193.0939478779299,0.2012240532370413,-23.093947877929907,1.0,9.039403912839369,244,247,217,233,258,274,True,True,UPPER_SEED_TRAJECTORY_OUTLIER;Z_EDGE_EVIDENCE_WEAK,True,ok,244.79877594676296,193,10,229,262,16,245.0,244.70794971240142,245.0,False,5.156629532906409,34220.0,31315.0,6636.1176,13,0.7894736842105263,1.0,0.7692307692307693,5.295448964555979,0.5261049221510682,1.0,0.7692307692307693,0.7894736842105263,0.5492414940926631,0.711328078639873,assessable,244.70794971240142,False
flow05,381,0,0.15,128.0,19,244.87943514666173,204.0,193.0,212.0,214.0,high_confidence,0.5,high_confidence,0.5,high_confidence,0.9029281782550593,strong_evidence,0.991418684770065,True,True,245.0,46796.28125,14794.69140625,4350.65771484375,7.355575166156069,0.12056485333826572,3.5275590551181097,16.0,228,262,0.08065919989877557,strong_evidence,0.8223360196969498,True,True,4.964177248034227,49211.41796875,13340.1025390625,3.68898348604511,40020.3076171875,21,245.0,194.0,193.05150941937507,0.12056485333826572,0.9484905806249344,0.0,7.355575166156069,244,247,217,233,258,274,True,True,,True,ok,244.87943514666173,193,10,229,262,16,245.0,244.12370358094034,244.5,False,4.6899164709239844,37422.5,28112.5,7979.3532,13,0.7894736842105263,1.0,0.7692307692307693,6.429160053284576,0.4483194118206641,1.0,0.7692307692307693,0.7894736842105263,0.738193342214096,0.7029983348363749,assessable,244.12370358094034,False
flow05,382,0,0.15,128.0,19,244.93410672490742,204.0,193.0,212.0,214.0,high_confidence,0.5,high_confidence,0.5,high_confidence,0.9481285126163955,strong_evidence,0.9953191531305124,True,True,245.0,47466.21484375,8919.2138671875,3597.535400390625,10.714835765723672,0.06589327509257714,3.5275590551181097,16.0,228,262,0.05467157824568858,strong_evidence,0.9031753017198322,True,True,4.964177248034227,49730.84375,11216.56640625,4.4336958342518615,33649.69921875,33,245.0,193.0,193.02964022232396,0.06589327509257714,-0.029640222323962462,0.0,10.714835765723672,244,247,217,233,258,274,True,True,,True,ok,244.93410672490742,193,10,229,262,16,244.5,245.11345909057485,245.5,False,7.701690573662742,37350.0,28185.0,4849.5846,16,0.7368421052631579,1.0,0.625,7.741302643356298,0.9502817622771237,1.0,0.625,0.7368421052631579,0.9568837738927164,0.8638133099757386,assessable,245.11345909057485,False
flow05,383,0,0.15,128.0,19,244.96726671332826,203.0,193.0,212.0,214.0,model_assisted,0.002441292511580423,model_assisted,0.002441292511580423,model_assisted,0.0,strong_evidence,0.9196663944874669,True,True,245.0,46821.0859375,14011.4443359375,6435.31689453125,5.098372331818535,0.03273328667174269,3.5275590551181097,16.0,228,262,0.03315998842083445,weak_evidence,0.0,True,False,4.964177248034227,52350.19140625,4949.13427734375,10.577646204892803,14847.40283203125,103,245.0,177.0,193.0246917217206,0.03273328667174269,-16.024691721720586,1.0,5.098372331818535,244,247,217,233,258,274,True,True,UPPER_SEED_TRAJECTORY_OUTLIER;Z_EDGE_EVIDENCE_WEAK,True,ok,244.96726671332826,193,10,229,262,16,246.5,245.78291504142814,245.5,False,10.792688815788612,38699.0,26836.0,3585.6681,16,0.8421052631578947,1.0,0.625,7.592719095206307,1.0,1.0,0.625,0.8421052631578947,0.9321198492010511,0.8945277743937893,assessable,245.78291504142814,False
flow05,384,0,0.15,128.0,19,244.98526421351912,203.0,193.0,212.0,214.0,high_confidence,0.5,high_confidence,0.5,high_confidence,0.958025132021158,strong_evidence,0.9989551210318994,True,True,245.0,48850.8203125,13345.2802734375,4075.87353515625,8.711148599879555,0.014735786480883917,3.5275590551181097,16.0,228,262,0.017997500190858773,strong_evidence,0.9187721592898757,True,True,4.964177248034227,52924.23828125,11332.63671875,4.67007278135777,33997.91015625,33,245.0,193.0,193.03534657136305,0.014735786480883917,-0.03534657136304986,0.0,8.711148599879555,244,247,217,233,258,274,True,True,,True,ok,244.98526421351912,193,10,229,262,16,244.5,245.51504277980396,245.0,False,7.483747616749871,36576.0,28959.0,4887.390899999999,12,1.0,1.0,0.8333333333333334,8.681184631165795,0.9139579361249784,1.0,0.8333333333333334,1.0,1.0,0.9365519443104091,assessable,245.51504277980396,False
flow05,385,0,0.15,128.0,19,244.99400509156683,202.0,193.0,212.0,214.0,high_confidence,0.5027890455648293,high_confidence,0.5027890455648293,high_confidence,0.9617233045453449,strong_evidence,0.9995750473353998,True,True,245.0,48912.15625,12269.3798828125,2367.890869140625,15.474858594512089,0.005994908433166302,3.5275590551181097,16.0,228,262,0.008740878047717615,strong_evidence,0.9253049252991918,True,True,4.964177248034227,54748.94921875,8249.7880859375,6.636406735352932,24749.3642578125,54,245.0,191.0,193.06275376810186,0.005994908433166302,-2.0627537681018566,0.0,15.474858594512089,244,247,217,233,258,274,True,True,,True,ok,244.99400509156683,193,10,229,262,16,246.0,245.32572107253924,246.0,False,6.5696804465429794,39292.0,26243.0,5980.8084,15,0.7894736842105263,1.0,0.6666666666666666,7.169386248852961,0.7616134077571632,1.0,0.6666666666666666,0.7894736842105263,0.8615643748088267,0.804475516160802,assessable,245.32572107253924,False
flow05,386,0,0.15,128.0,19,244.99780386150715,200.0,193.0,212.0,214.0,high_confidence,0.5,high_confidence,0.5,high_confidence,0.9383405762661694,strong_evidence,0.9998443463744835,True,True,245.0,47561.171875,11860.8037109375,3110.402099609375,11.477734074493451,0.0021961384928488314,3.5275590551181097,16.0,228,262,0.00379876994031747,strong_evidence,0.8806201087801613,True,True,4.964177248034227,56756.01953125,12607.41796875,4.5017956628336675,37822.25390625,20,245.0,194.0,193.10831798266898,0.0021961384928488314,0.8916820173310214,0.0,11.477734074493451,244,247,217,233,258,274,True,True,,True,ok,244.99780386150715,193,10,229,262,16,244.5,244.60604075594117,245.5,False,6.8550248809560514,38285.0,27250.0,5584.9542,14,1.0,1.0,0.7142857142857143,6.386682492663443,0.8091708134926753,1.0,0.7142857142857143,1.0,0.7311137487772404,0.8491783024573033,assessable,244.60604075594117,False
flow05,387,0,0.15,128.0,19,244.99928118628551,199.0,193.0,212.0,214.0,model_assisted,0.0011648696015911916,model_assisted,0.0011648696015911916,model_assisted,0.0,strong_evidence,0.7706776798161378,True,True,243.0,48143.52734375,12412.8984375,7185.0966796875,4.972880741780641,-1.9992811862855149,3.5275590551181097,16.0,228,262,0.001477324778363709,weak_evidence,0.0,True,False,4.964177248034227,56734.48828125,2763.565673828125,20.529451794304816,8510.1732421875,133,243.0,175.0,193.16968100050812,-1.9992811862855149,-18.16968100050812,1.0,4.972880741780641,244,247,217,233,258,274,True,True,UPPER_SEED_TRAJECTORY_OUTLIER;Z_EDGE_EVIDENCE_WEAK,True,ok,244.99928118628551,193,10,229,262,16,246.0,245.60262141037538,245.5,False,6.2036845387839055,36146.5,29388.5,5826.6179999999995,17,0.5789473684210527,1.0,0.5882352941176471,6.20943667784275,0.7006140897973175,1.0,0.5882352941176471,0.5789473684210527,0.7015727796404584,0.7198613734797943,assessable,245.60262141037538,False
flow05,388,0,0.15,128.0,19,244.99983990523415,198.0,193.0,212.0,214.0,high_confidence,0.5,high_confidence,0.5,high_confidence,0.9407910631809793,strong_evidence,0.9999886539338129,True,True,245.0,47953.84375,13771.130859375,4978.671875,6.8658296326517805,0.00016009476584599724,3.5275590551181097,16.0,228,262,0.0005587189486391253,strong_evidence,0.8850978669401777,True,True,4.964177248034227,56468.19140625,12528.9931640625,4.5070015337082605,37586.9794921875,33,245.0,194.0,193.236270571159,0.00016009476584599724,0.7637294288410033,0.0,6.8658296326517805,244,247,217,233,258,274,True,True,,True,ok,244.99983990523415,193,10,229,262,16,246.0,244.9248647719996,244.5,False,5.563848474729449,37739.0,27796.0,6782.8949999999995,15,0.631578947368421,1.0,0.6666666666666666,6.624302282734986,0.5939747457882415,1.0,0.6666666666666666,0.631578947368421,0.7707170471224977,0.7130330411767307,assessable,244.9248647719996,False
flow05,389,0,0.15,128.0,19,245.0001600947659,200.0,193.0,212.0,214.0,high_confidence,0.5,high_confidence,0.5,high_confidence,0.9362831817973392,strong_evidence,0.9999886539338089,True,True,245.0,48932.12890625,10365.60546875,5588.76904296875,6.900718770266716,-0.00016009476590284066,3.5275590551181097,16.0,229,263,0.0005587189486391253,strong_evidence,0.8766361428882519,True,True,4.964177248034227,54342.65625,12478.591796875,4.35487089685945,37435.775390625,33,245.0,194.0,193.28698539405855,-0.00016009476590284066,0.7130146059414528,0.0,6.900718770266716,244,247,217,233,258,274,True,True,,True,ok,245.0001600947659,193,10,229,262,16,245.0,244.97333449872485,245.5,False,7.044920026686065,42620.0,22915.0,6049.7492999999995,19,0.7894736842105263,1.0,0.5263157894736843,6.904361699818863,0.8408200044476776,1.0,0.5263157894736843,0.7894736842105263,0.8173936166364771,0.7997105737466507,assessable,244.97333449872485,False
flow05,390,0,0.15,128.0,19,245.00071881371454,202.0,193.0,212.0,214.0,model_assisted,0.08795970867577761,model_assisted,0.08795970867577761,model_assisted,0.8016646746294266,strong_evidence,0.9999490559893255,True,True,245.0,47709.890625,10997.2763671875,2886.71044921875,12.717802808296303,-0.000718813714541966,3.5275590551181097,16.0,229,263,0.001477324778363709,weak_evidence,0.6426989922130242,True,False,4.964177248034227,54184.765625,3335.68408203125,16.24397403725488,10007.05224609375,118,245.0,186.0,193.29262927592714,-0.000718813714541966,-7.2926292759271405,1.0,12.717802808296303,244,247,217,233,258,274,True,True,UPPER_SEED_TRAJECTORY_OUTLIER;Z_EDGE_EVIDENCE_WEAK,True,ok,245.00071881371454,193,10,229,262,16,244.5,245.34937392038438,245.0,False,8.244874924908277,40846.0,24689.0,4954.1079,16,0.8947368421052632,1.0,0.625,5.636236249689171,1.0,1.0,0.625,0.8947368421052632,0.6060393749481952,0.869814463810609,assessable,245.34937392038438,False
flow05,391,0,0.15,128.0,19,245.0021961384929,202.0,193.0,212.0,214.0,high_confidence,0.5,high_confidence,0.5,high_confidence,0.9365839231602656,strong_evidence,0.9998443463744794,True,True,245.0,46075.421875,11372.234375,4417.45166015625,7.8559292030311685,-0.002196138492905675,3.5275590551181097,16.0,229,263,0.003754158597530477,strong_evidence,0.8773260040955753,True,True,4.964177248034227,53916.09375,6021.47412109375,8.953969188562517,18064.42236328125,74,245.0,190.0,193.223948871169,-0.002196138492905675,-3.223948871169,0.0,7.8559292030311685,244,247,217,233,258,274,True,True,,True,ok,245.0021961384929,193,10,229,262,16,245.5,245.1581569955677,245.5,False,4.2275524726922775,36948.5,28586.5,8739.927,14,0.7894736842105263,1.0,0.7142857142857143,6.410840712671628,0.3712587454487129,1.0,0.7142857142857143,0.7894736842105263,0.7351401187786046,0.6647327682736318,assessable,245.1581569955677,False
flow05,392,0,0.15,128.0,19,245.00595029709044,204.0,193.0,212.0,214.0,model_assisted,0.00213700704674578,model_assisted,0.00213700704674578,model_assisted,0.0,strong_evidence,0.999578210304268,True,True,245.0,48382.28125,18189.953125,4786.28515625,6.308092213347218,-0.005950297090436152,3.5275590551181097,16.0,229,263,0.008580783281843196,weak_evidence,0.0,True,False,4.964177248034227,51342.07421875,3486.1181640625,14.727577151004892,10458.3544921875,128,245.0,176.0,193.06279159889613,-0.005950297090436152,-17.062791598896126,1.0,6.308092213347218,244,247,217,233,258,274,True,True,UPPER_SEED_TRAJECTORY_OUTLIER;Z_EDGE_EVIDENCE_WEAK,True,ok,245.00595029709044,193,10,229,262,16,244.0,244.80172831183978,244.5,False,4.576806500434978,34382.5,31152.5,7512.334199999999,13,0.7368421052631579,1.0,0.7692307692307693,5.506854074254651,0.4294677500724964,1.0,0.7692307692307693,0.7368421052631579,0.5844756790424418,0.6731337500652456,assessable,244.80172831183978,False
flow05,393,0,0.15,128.0,19,245.01453108037228,203.0,193.0,212.0,214.0,high_confidence,0.6202848876632012,high_confidence,0.6202848876632012,high_confidence,0.9483618796543443,strong_evidence,0.9253103682929567,True,True,244.0,49318.0,12267.5400390625,4557.95263671875,8.128750540859055,-1.0145310803722793,3.5275590551181097,16.0,229,263,0.01748339258500664,strong_evidence,0.9719876547376705,True,True,4.964177248034227,52210.3125,7803.8779296875,6.690303586295426,23411.6337890625,53,244.0,192.0,192.8111956319755,-1.0145310803722793,-0.8111956319754938,0.0,8.128750540859055,244,247,217,233,258,274,True,True,,True,ok,245.01453108037228,193,10,229,262,16,244.0,244.85347769774364,245.5,False,6.7861556758170245,38086.5,27448.5,5612.382299999999,17,0.9473684210526315,1.0,0.5882352941176471,5.480864370642997,0.7976926126361708,1.0,0.5882352941176471,0.9473684210526315,0.5801440617738328,0.7969591425814672,assessable,244.85347769774364,False
flow05,394,0,0.15,128.0,19,245.0320144729573,202.0,192.0,211.0,213.0,high_confidence,0.5,high_confidence,0.5,high_confidence,0.8800895882999885,strong_evidence,0.9239703257536153,True,True,244.0,48115.4375,13586.6083984375,3891.067626953125,8.873870210423476,-1.032014472957286,3.5275590551181097,16.0,229,263,0.03168266364247074,strong_evidence,0.8382928129237193,True,True,4.964177248034227,51713.88671875,12410.6533203125,4.166894794660806,37231.9599609375,32,244.0,194.0,192.4934124390923,-1.032014472957286,1.5065875609076897,0.0,8.873870210423476,244,247,217,233,258,274,True,True,,True,ok,245.0320144729573,192,10,229,262,16,245.0,245.0669839364317,245.0,False,6.384922240851015,33132.0,32403.0,5189.099999999999,11,0.7368421052631579,1.0,0.9090909090909091,5.189713184498814,0.7308203734751691,1.0,0.9090909090909091,0.7368421052631579,0.5316188640831356,0.8012935147322783,assessable,245.0669839364317,False
flow05,395,0,0.15,128.0,19,245.06369713659976,205.0,192.0,211.0,213.0,model_assisted,7.290089577552732e-05,model_assisted,7.290089577552732e-05,model_assisted,0.0,strong_evidence,0.8517900900641182,True,True,247.0,48351.765625,14483.033203125,5455.31640625,6.2083901097051974,1.9363028634002433,3.5275590551181097,16.0,229,263,0.050872808305314265,weak_evidence,0.0,True,False,4.964177248034227,51241.0703125,1315.2188720703125,38.96010877021587,7686.160546874999,148,247.0,165.0,192.14917847713224,1.9363028634002433,-27.14917847713224,1.0,6.2083901097051974,244,247,217,233,258,274,True,True,UPPER_SEED_TRAJECTORY_OUTLIER;Z_EDGE_EVIDENCE_WEAK,True,ok,245.06369713659976,192,10,229,262,16,246.0,245.29232659467945,245.0,False,3.5932706931806027,36410.0,29125.0,10132.8297,13,0.8421052631578947,1.0,0.7692307692307693,5.210176797494203,0.26554511553010046,1.0,0.7692307692307693,0.8421052631578947,0.5350294662490338,0.6266056803802766,assessable,245.29232659467945,False
flow05,396,0,0.15,128.0,19,245.11456994490507,205.0,192.0,211.0,213.0,high_confidence,0.5,high_confidence,0.5,high_confidence,0.8614196022092412,strong_evidence,0.9351460823399657,True,True,246.0,44187.7265625,14338.3642578125,4451.4609375,6.705520440094281,0.885430055094929,3.5275590551181097,16.0,229,263,0.0719183218511148,strong_evidence,0.7935056833190717,True,True,4.964177248034227,51053.44140625,13293.15234375,3.8405819843216977,39879.45703125,30,246.0,194.0,191.82128696773196,0.885430055094929,2.1787130322680355,0.0,6.705520440094281,244,247,217,233,258,274,True,True,,True,ok,245.11456994490507,192,10,229,262,16,245.5,244.73558955921004,245.5,False,4.03543135413739,37504.0,28031.0,9293.6781,12,0.7368421052631579,1.0,0.8333333333333334,5.62341706279033,0.3392385590228983,1.0,0.8333333333333334,0.7368421052631579,0.6039028437983883,0.6563167624939936,assessable,244.73558955921004,False
flow05,397,0,0.15,128.0,19,245.1864882667562,204.0,192.0,211.0,213.0,high_confidence,0.5,high_confidence,0.5,high_confidence,0.8787778809487719,strong_evidence,0.9405806585882508,True,True,246.0,46124.72265625,13103.927734375,5412.8623046875,6.1004313546419295,0.8135117332438142,3.5275590551181097,16.0,229,263,0.08848819383638329,strong_evidence,0.8210359813308417,True,True,4.964177248034227,51064.3671875,11572.103515625,4.412712616902481,34716.310546875,40,246.0,194.0,191.54317391034203,0.8135117332438142,2.456826089657966,0.0,6.1004313546419295,244,247,217,233,258,274,True,True,,True,ok,245.1864882667562,192,10,229,262,16,245.0,245.12802116845847,244.5,False,7.653563432400057,38535.0,27000.0,5034.9096,15,0.8421052631578947,1.0,0.6666666666666666,5.987343817139428,0.9422605720666762,1.0,0.6666666666666666,0.8421052631578947,0.6645573028565713,0.8558960533160113,assessable,245.12802116845847,False
flow05,398,0,0.15,128.0,19,245.27497646059257,203.0,191.0,210.0,212.0,high_confidence,0.5226701672836207,high_confidence,0.5226701672836207,high_confidence,0.9395743887143243,strong_evidence,0.8928652682534408,True,True,244.0,45184.578125,14686.767578125,5223.71826171875,5.838333734492098,-1.274976460592569,3.5275590551181097,16.0,229,263,0.09263799503941073,strong_evidence,0.9887270379043487,True,True,4.964177248034227,51651.19140625,4490.87353515625,11.501368498111784,13472.62060546875,86,244.0,191.0,191.33199503855548,-1.274976460592569,-0.3319950385554762,0.0,5.838333734492098,244,247,217,233,258,274,True,True,,True,ok,245.27497646059257,191,10,229,262,16,245.5,245.92755098727966,245.5,False,7.939256280141467,38661.0,26874.0,4869.5997,16,0.8421052631578947,1.0,0.625,6.518101649926351,0.9898760466902444,1.0,0.625,0.8421052631578947,0.7530169416543918,0.873074099980709,assessable,245.92755098727966,False
flow05,399,0,0.15,128.0,19,245.36761445563198,203.0,191.0,210.0,212.0,high_confidence,0.5,high_confidence,0.5,high_confidence,0.961481337663319,strong_evidence,0.9510829562286747,True,True,245.0,45168.609375,19267.8828125,4523.59423828125,5.725696249082906,-0.3676144556319798,3.5275590551181097,16.0,229,263,0.09263799503941073,strong_evidence,0.9719934066956141,True,True,4.964177248034227,52318.7265625,7501.4228515625,6.974507049899517,22504.2685546875,57,245.0,192.0,191.18896622756387,-0.3676144556319798,0.811033772436133,0.0,5.725696249082906,244,247,217,233,258,274,True,True,,True,ok,245.36761445563198,191,10,229,262,16,244.5,245.17244802559927,245.5,False,5.382639867452644,31195.0,34340.0,5795.4834,12,0.5789473684210527,1.0,0.8333333333333334,7.467378929321304,0.5637733112421074,1.0,0.8333333333333334,0.5789473684210527,0.9112298215535507,0.7419524130199173,assessable,245.17244802559927,False
flow05,400,0,0.15,128.0,19,245.44592741593712,202.0,191.0,210.0,212.0,high_confidence,0.5,high_confidence,0.5,high_confidence,0.9241911035587547,strong_evidence,0.967881072387356,True,True,245.0,48319.109375,11885.0625,4273.47509765625,8.525625174458588,-0.4459274159371205,3.5275590551181097,16.0,229,263,0.07831296030514068,strong_evidence,0.8824732916724686,True,True,4.964177248034227,52734.55859375,3879.0048828125,13.594867804217467,11637.0146484375,101,245.0,188.0,191.10525057384194,-0.4459274159371205,-3.1052505738419427,0.0,8.525625174458588,244,247,217,233,258,274,True,True,,True,ok,245.44592741593712,191,10,229,262,16,247.5,246.30687177658163,245.5,False,6.995501578501142,37742.0,27793.0,5395.1813999999995,14,0.9473684210526315,1.0,0.7142857142857143,4.748922670631218,0.832583596416857,1.0,0.7142857142857143,0.9473684210526315,0.4581537784385364,0.8221820426047912,assessable,246.30687177658163,False
flow05,401,0,0.15,128.0,19,245.49106619949868,202.0,191.0,210.0,212.0,model_assisted,0.0003439773473909561,model_assisted,0.0003439773473909561,model_assisted,0.0,strong_evidence,0.9645702414758094,True,True,245.0,46098.98046875,11580.05078125,4590.23388671875,7.520080793132584,-0.49106619949867536,3.5275590551181097,16.0,229,263,0.045138783561554874,weak_evidence,0.0,True,False,4.964177248034227,52931.4609375,1964.914794921875,26.938298329421738,7939.719140624999,144,245.0,168.0,191.06977962613328,-0.49106619949867536,-23.069779626133283,1.0,7.520080793132584,244,247,217,233,258,274,True,True,UPPER_SEED_TRAJECTORY_OUTLIER;Z_EDGE_EVIDENCE_WEAK,True,ok,245.49106619949868,191,10,229,262,16,246.5,245.2195775528801,245.0,False,4.115205473809794,37257.0,28278.0,9053.4969,12,0.5263157894736842,1.0,0.8333333333333334,6.035347810690533,0.3525342456349656,1.0,0.8333333333333334,0.5263157894736842,0.6725579684484222,0.6362568179047995,assessable,245.2195775528801,False
flow05,402,0,0.15,128.0,19,245.49106619949868,197.0,191.0,210.0,212.0,model_assisted,0.0004477680498995927,model_assisted,0.0004477680498995927,model_assisted,0.0,strong_evidence,0.9645702414758094,True,True,245.0,49718.7109375,11975.302734375,3848.162109375,9.808164814879667,-0.49106619949867536,3.5275590551181097,16.0,229,263,0.045138783561554874,weak_evidence,0.0,True,False,4.964177248034227,55026.40625,1487.896240234375,36.98269056808167,8253.9609375,129,245.0,168.0,191.07559588671472,-0.49106619949867536,-23.075595886714723,1.0,9.808164814879667,244,247,217,233,258,274,True,True,UPPER_SEED_TRAJECTORY_OUTLIER;Z_EDGE_EVIDENCE_WEAK,True,ok,245.49106619949868,191,10,229,262,16,246.5,245.92595092780218,245.5,False,5.075194042879924,36727.0,28808.0,7236.5706,14,0.8947368421052632,1.0,0.7142857142857143,4.180531263304511,0.5125323404799874,1.0,0.7142857142857143,0.8947368421052632,0.3634218772174185,0.6927961760626697,assessable,245.92595092780218,False
flow05,403,0,0.15,128.0,19,245.44592741593712,203.0,191.0,210.0,212.0,high_confidence,0.5,high_confidence,0.5,high_confidence,0.8593069325562959,strong_evidence,0.8830198677590209,True,True,247.0,46033.90234375,18923.259765625,3185.693359375,8.510123078337905,1.5540725840628795,3.5275590551181097,16.0,229,263,0.07831296030514068,strong_evidence,0.836230793100144,True,True,4.964177248034227,52825.84375,4031.099609375,13.104574153202421,12093.298828125,101,247.0,187.0,191.12263909183696,1.5540725840628795,-4.122639091836959,0.0,8.510123078337905,244,247,217,233,258,274,True,True,,True,ok,245.44592741593712,191,10,229,262,16,245.5,245.31178495203832,246.0,False,4.245857052799227,28122.5,37412.5,6623.5154999999995,12,0.6842105263157895,1.0,0.8333333333333334,6.0329955155343455,0.3743095087998712,1.0,0.8333333333333334,0.6842105263157895,0.6721659192557242,0.6675231656195625,assessable,245.31178495203832,False
flow05,404,0,0.15,128.0,19,245.36761445563198,204.0,191.0,210.0,212.0,model_assisted,0.04728321492571972,model_assisted,0.04728321492571972,model_assisted,0.7069253074650714,strong_evidence,0.8978601571277793,True,True,244.0,48847.84375,14776.9736328125,4658.33349609375,7.313961129180138,-1.3676144556319798,3.5275590551181097,16.0,229,263,0.09263799503941073,weak_evidence,0.5565937928833438,True,False,4.964177248034227,53846.87890625,4341.849609375,12.401829577418537,13025.548828125,105,244.0,183.0,191.21639946826392,-1.3676144556319798,-8.216399468263916,1.0,7.313961129180138,244,247,217,233,258,274,True,True,UPPER_SEED_TRAJECTORY_OUTLIER;Z_EDGE_EVIDENCE_WEAK,True,ok,245.36761445563198,191,10,229,262,16,244.5,245.62316821269604,245.5,False,6.990796988188767,38950.0,26585.0,5571.6107999999995,16,0.8421052631578947,1.0,0.625,5.794545015443715,0.8317994980314611,1.0,0.625,0.8421052631578947,0.6324241692406192,0.8056880307087575,assessable,245.62316821269604,False
flow05,405,0,0.15,128.0,19,245.27497646059257,204.0,191.0,210.0,212.0,model_assisted,0.04411411347385981,model_assisted,0.04411411347385981,model_assisted,0.6036842018007342,strong_evidence,0.9472245703704353,True,True,246.0,49225.50390625,9898.8232421875,3629.191650390625,10.836209396610291,0.7250235394074309,3.5275590551181097,16.0,229,263,0.09263799503941073,weak_evidence,0.3847394027809779,True,False,4.964177248034227,54553.30859375,3190.3349609375,17.099555144428837,9571.0048828125,107,246.0,182.0,191.36292654292475,0.7250235394074309,-9.362926542924754,2.0,10.836209396610291,244,247,217,233,258,274,True,True,UPPER_SEED_TRAJECTORY_OUTLIER;Z_EDGE_EVIDENCE_WEAK,True,ok,245.27497646059257,191,10,229,262,16,244.5,245.3390864450159,244.5,False,7.343232978088204,40396.5,25138.5,5501.1873,16,0.8947368421052632,1.0,0.625,6.537500973885936,0.8905388296813673,1.0,0.625,0.8947368421052632,0.7562501623143226,0.8465241329357003,assessable,245.3390864450159,False
flow05,406,0,0.15,128.0,19,245.1864882667562,204.0,192.0,211.0,213.0,model_assisted,0.03478400863433249,model_assisted,0.03478400863433249,model_assisted,0.7137053245185024,strong_evidence,0.9866949646476975,True,True,245.0,48728.01171875,19556.015625,4831.1982421875,6.038252754567431,-0.1864882667561858,3.5275590551181097,16.0,229,263,0.08848819383638329,weak_evidence,0.5162439340388596,True,False,4.964177248034227,54796.0546875,3575.6953125,15.324587219705958,10727.0859375,106,245.0,183.0,191.5623813536236,-0.1864882667561858,-8.562381353623607,1.0,6.038252754567431,244,247,217,233,258,274,True,True,UPPER_SEED_TRAJECTORY_OUTLIER;Z_EDGE_EVIDENCE_WEAK,True,ok,245.1864882667562,192,10,229,262,16,246.0,244.65761335819,246.0,False,6.084204959583105,35080.5,30454.5,5765.8314,13,0.7368421052631579,1.0,0.7692307692307693,7.574523479715609,0.6807008265971842,1.0,0.7692307692307693,0.7368421052631579,0.9290872466192681,0.7955264836065687,assessable,244.65761335819,False
flow05,407,0,0.15,128.0,19,245.11456994490507,204.0,192.0,211.0,213.0,high_confidence,0.5,high_confidence,0.5,high_confidence,0.8695698193955438,strong_evidence,0.9188560574012395,True,True,246.0,49504.7109375,16308.455078125,5730.62255859375,5.7927835099858855,0.885430055094929,3.5275590551181097,16.0,229,263,0.0719183218511148,strong_evidence,0.8229272307810533,True,True,4.964177248034227,54336.30859375,12656.0478515625,4.2933077711966545,37968.1435546875,26,246.0,194.0,191.8041610810618,0.885430055094929,2.1958389189381933,0.0,5.7927835099858855,244,247,217,233,258,274,True,True,,True,ok,245.11456994490507,192,10,229,262,16,245.5,246.16683402668195,245.5,False,7.805813981343013,39330.5,26204.5,5038.616099999999,18,0.8947368421052632,1.0,0.5555555555555556,6.132458456794824,0.9676356635571688,1.0,0.5555555555555556,0.8947368421052632,0.6887430761324707,0.8528684272851568,assessable,246.16683402668195,False
flow05,408,0,0.15,128.0,19,245.06369713659976,204.0,192.0,211.0,213.0,model_assisted,0.0006390694506101643,model_assisted,0.0006390694506101643,model_assisted,0.0,strong_evidence,0.9954755143203766,True,True,245.0,48189.078125,9812.1015625,2744.705810546875,13.98218213953265,-0.06369713659975673,3.5275590551181097,16.0,229,263,0.050872808305314265,weak_evidence,0.0,True,False,4.964177248034227,53240.671875,2834.726806640625,18.781588317533284,8504.180419921875,145,245.0,170.0,192.0664922692754,-0.06369713659975673,-22.066492269275386,1.0,13.98218213953265,244,247,217,233,258,274,True,True,UPPER_SEED_TRAJECTORY_OUTLIER;Z_EDGE_EVIDENCE_WEAK,True,ok,245.06369713659976,192,10,229,262,16,245.5,245.37543217575558,245.5,False,6.180711954006543,37657.5,27877.5,6092.744699999999,14,0.9473684210526315,1.0,0.7142857142857143,7.079923939671757,0.6967853256677571,1.0,0.7142857142857143,0.9473684210526315,0.8466539899452928,0.8135026689932819,assessable,245.37543217575558,False
flow05,409,0,0.15,128.0,19,245.0320144729573,200.0,192.0,211.0,213.0,high_confidence,0.5,high_confidence,0.5,high_confidence,0.9411030141639767,strong_evidence,0.9288685021409733,True,True,246.0,49527.26171875,15559.51171875,4610.74169921875,7.367090202809569,0.967985527042714,3.5275590551181097,16.0,229,263,0.03168266364247074,strong_evidence,0.9534986720155834,True,True,4.964177248034227,56623.61328125,6161.79833984375,9.189462257326301,18485.39501953125,70,246.0,191.0,192.32163690239847,0.967985527042714,-1.3216369023984669,0.0,7.367090202809569,244,247,217,233,258,274,True,True,,True,ok,245.0320144729573,192,10,229,262,16,244.5,245.72786182072568,246.0,False,6.354033898000502,37055.5,28479.5,5831.8071,12,1.0,1.0,0.8333333333333334,7.516184690901934,0.725672316333417,1.0,0.8333333333333334,1.0,0.9193641151503223,0.862588388898395,assessable,245.72786182072568,False
flow05,410,0,0.15,128.0,19,245.01453108037228,199.0,193.0,212.0,214.0,high_confidence,0.5,high_confidence,0.5,high_confidence,0.8963233519726163,strong_evidence,0.9989696437324902,True,True,245.0,50448.25390625,12912.521484375,3291.878662109375,11.402526117965355,-0.014531080372279348,3.5275590551181097,16.0,229,263,0.01748339258500664,strong_evidence,0.804224188724762,True,True,4.964177248034227,56651.828125,13662.1025390625,4.146640530842296,40986.3076171875,24,245.0,195.0,192.5441043404036,-0.014531080372279348,2.4558956595963934,0.0,11.402526117965355,244,247,217,233,258,274,True,True,,True,ok,245.01453108037228,193,10,229,262,16,247.0,246.33801822924173,246.0,False,8.851657427797326,38530.5,27004.5,4352.9136,15,0.7894736842105263,1.0,0.6666666666666666,5.900880308367505,1.0,1.0,0.6666666666666666,0.7894736842105263,0.6501467180612508,0.8667690577710374,assessable,246.33801822924173,False
flow05,411,0,0.15,128.0,19,245.00595029709044,198.0,193.0,212.0,214.0,high_confidence,0.5,high_confidence,0.5,high_confidence,0.881935151769539,strong_evidence,0.9268777319886077,True,True,246.0,46234.08984375,13853.7236328125,5253.6044921875,6.163457157669464,0.9940497029095638,3.5275590551181097,16.0,229,263,0.008580783281843196,strong_evidence,0.8391717538169531,True,True,4.964177248034227,56147.26953125,12195.2822265625,4.604015592927881,36585.8466796875,30,246.0,195.0,192.7178218796596,0.9940497029095638,2.2821781203404043,0.0,6.163457157669464,244,247,217,233,258,274,True,True,,True,ok,245.00595029709044,193,10,229,262,16,244.5,244.79362038846244,245.0,False,5.447726718734508,35231.0,30304.0,6467.1012,12,0.7894736842105263,1.0,0.8333333333333334,7.286398626852501,0.5746211197890846,1.0,0.8333333333333334,0.7894736842105263,0.8810664378087502,0.7743117550053003,assessable,244.79362038846244,False
flow05,412,0,0.15,128.0,19,245.0022407498357,198.0,193.0,212.0,214.0,high_confidence,0.8008557738040061,high_confidence,0.8008557738040061,high_confidence,0.9599722420263683,strong_evidence,0.9265940507330829,True,True,246.0,49990.23828125,12780.73828125,4402.91015625,8.451114985205985,0.9977592501643073,3.5275590551181097,16.0,229,263,0.003709547254743484,strong_evidence,0.99455279767018,True,True,4.964177248034227,55065.16796875,8047.64990234375,6.842391087702901,24142.94970703125,58,246.0,193.0,192.83863691085628,0.9977592501643073,0.16136308914371966,0.0,8.451114985205985,244,247,217,233,258,274,True,True,,True,ok,245.0022407498357,193,10,229,262,16,247.0,246.3112828029067,245.0,False,5.7211398259076764,35782.0,29753.0,6254.348099999999,15,0.6842105263157895,1.0,0.6666666666666666,5.691453320619783,0.6201899709846127,1.0,0.6666666666666666,0.6842105263157895,0.6152422201032972,0.7145556241356459,assessable,246.3112828029067,False
flow05,413,0,0.15,128.0,19,245.0009235198232,198.0,193.0,212.0,214.0,high_confidence,0.5,high_confidence,0.5,high_confidence,0.8672229622084897,strong_evidence,0.9263519999882346,True,True,244.0,43721.6953125,16285.962890625,3969.041748046875,6.912432310739953,-1.0009235198232034,3.5275590551181097,16.0,229,263,0.00131723001248929,strong_evidence,0.8118681302477024,True,True,4.964177248034227,53579.24609375,13177.369140625,4.06600479367073,39532.107421875,19,244.0,195.0,192.91166459521867,-1.0009235198232034,2.0883354047813327,0.0,6.912432310739953,244,247,217,233,258,274,True,True,,True,ok,245.0009235198232,193,10,229,262,16,245.5,245.56676902849952,245.0,False,5.935179922505059,33288.5,32246.5,5608.6758,12,0.6842105263157895,1.0,0.8333333333333334,9.32539236183544,0.6558633204175098,1.0,0.8333333333333334,0.6842105263157895,1.0,0.7988504077601636,assessable,245.56676902849952,False
flow05,414,0,0.15,128.0,19,245.0009235198232,197.0,193.0,212.0,214.0,high_confidence,0.5,high_confidence,0.5,high_confidence,0.8911518004467153,strong_evidence,0.9999345475133729,True,True,245.0,45566.3359375,12455.126953125,4642.95654296875,7.131492332082734,-0.0009235198232033781,3.5275590551181097,16.0,229,263,0.00131723001248929,strong_evidence,0.7942035140343038,True,True,4.964177248034227,52275.3125,13793.3330078125,3.7898970807412122,41379.9990234375,18,245.0,195.0,192.9456656645301,-0.0009235198232033781,2.054334335469889,0.0,7.131492332082734,244,247,217,233,258,274,True,True,,True,ok,245.0009235198232,193,10,229,262,16,245.5,245.1877170052772,245.0,False,12.929644897763206,32799.0,32736.0,2536.7286,16,0.7368421052631579,1.0,0.625,4.673212087791628,1.0,1.0,0.625,0.7368421052631579,0.4455353479652713,0.8300798505860009,assessable,245.1877170052772,False
flow05,415,0,0.15,128.0,19,245.0022407498357,197.0,193.0,212.0,214.0,high_confidence,0.5,high_confidence,0.5,high_confidence,0.8949505664184527,strong_evidence,0.9337031996417511,True,True,245.0,46425.0625,15365.45703125,5935.93359375,5.232471856062027,-0.002240749835692668,3.5275590551181097,16.0,229,263,0.003754158597530477,strong_evidence,0.8578063314338191,True,True,4.964177248034227,51160.48046875,12076.3974609375,4.236402506147589,36229.1923828125,20,245.0,194.0,192.94727269151616,-0.002240749835692668,1.0527273084838384,0.0,5.232471856062027,244,247,217,233,258,274,True,True,,True,ok,245.0022407498357,193,10,229,262,16,245.0,244.754031281589,245.0,False,3.411244253078196,32406.0,33129.0,9499.7595,7,0.5263157894736842,1.0,0.7,9.718955939541937,0.2352073755130327,1.0,0.7,0.5263157894736842,1.0,0.6012699498506141,assessable,244.754031281589,False
flow05,416,0,0.15,128.0,19,245.00599490843322,197.0,193.0,212.0,214.0,high_confidence,0.6291533484827795,high_confidence,0.6291533484827795,high_confidence,0.9665724554335422,strong_evidence,0.9995750473353958,True,True,245.0,47129.72265625,10154.83984375,3316.224609375,11.14969194425843,-0.005994908433223145,3.5275590551181097,16.0,229,263,0.008740878047717615,strong_evidence,0.9346594976468496,True,True,4.964177248034227,50266.45703125,10175.1240234375,4.940132121777155,30525.3720703125,45,245.0,193.0,192.9174278775325,-0.005994908433223145,0.08257212246749646,0.0,11.14969194425843,244,247,217,233,258,274,True,True,,True,ok,245.00599490843322,193,10,229,262,16,244.5,245.05453902638618,246.0,False,6.508266981320669,40044.0,25491.0,6152.79,16,0.7368421052631579,1.0,0.625,7.3719278980169625,0.7513778302201115,1.0,0.625,0.7368421052631579,0.8953213163361604,0.7880406880001287,assessable,245.05453902638618,False
flow05,417,0,0.15,128.0,19,245.01473578648094,196.0,193.0,212.0,214.0,high_confidence,0.5,high_confidence,0.5,high_confidence,0.9129841659136967,strong_evidence,0.9252946894947994,True,True,244.0,44795.453125,11382.04296875,3046.509765625,10.96776729005336,-1.0147357864809408,3.5275590551181097,16.0,229,263,0.017997500190858773,strong_evidence,0.900837426900431,True,True,4.964177248034227,49304.20703125,11071.4287109375,4.453283159610847,33214.2861328125,43,244.0,193.0,192.85048864215352,-1.0147357864809408,0.14951135784647818,0.0,10.96776729005336,244,247,217,233,258,274,True,True,,True,ok,245.01473578648094,193,10,229,262,16,245.5,245.91898942032452,245.5,False,11.332611542955728,37879.5,27655.5,3342.5217,14,0.5789473684210527,1.0,0.7142857142857143,5.705682273906644,1.0,1.0,0.7142857142857143,0.5789473684210527,0.6176137123177741,0.8414606193520783,assessable,245.91898942032452,False
flow05,418,0,0.15,128.0,19,245.0327332866718,197.0,193.0,212.0,214.0,high_confidence,0.5,high_confidence,0.5,high_confidence,0.9309091129188436,strong_evidence,0.9239151895315875,True,True,244.0,45830.3046875,18091.859375,3289.712646484375,8.431874845404296,-1.0327332866717995,3.5275590551181097,16.0,229,263,0.033204599763621445,strong_evidence,0.9379559794386525,True,True,4.964177248034227,50317.2265625,6349.7568359375,7.924276135697249,19049.2705078125,76,244.0,191.0,192.73569991500054,-1.0327332866717995,-1.7356999150005379,0.0,8.431874845404296,244,247,217,233,258,274,True,True,,True,ok,245.0327332866718,193,10,229,262,16,245.0,246.28632659764253,246.0,False,4.903097566492619,32995.5,32539.5,6729.5214,11,0.7894736842105263,1.0,0.9090909090909091,7.4819211624531015,0.48384959441543646,1.0,0.9090909090909091,0.7894736842105263,0.913653527075517,0.7609519452027154,assessable,246.28632659764253,False
flow05,419,0,0.15,128.0,19,245.06593788643542,196.0,193.0,212.0,214.0,high_confidence,0.5,high_confidence,0.5,high_confidence,0.9675842762037757,strong_evidence,0.9545153382875435,True,True,245.0,47278.34375,12501.978515625,6302.15478515625,5.518170597187702,-0.06593788643542098,3.5275590551181097,16.0,229,263,0.054831673011563,strong_evidence,0.9808321501008217,True,True,4.964177248034227,49827.2421875,7575.82958984375,6.577133447444358,22727.48876953125,65,245.0,192.0,192.56004232051663,-0.06593788643542098,-0.5600423205166294,0.0,5.518170597187702,244,247,217,233,258,274,True,True,,True,ok,245.06593788643542,193,10,229,262,16,245.5,245.71965108396398,246.5,False,3.631230781950475,32821.5,32713.5,9038.6709,12,0.631578947368421,1.0,0.8333333333333334,5.869734441249324,0.27187179699174585,1.0,0.8333333333333334,0.631578947368421,0.6449557402082208,0.621054211739863,assessable,245.71965108396398,False
flow05,420,0,0.15,128.0,19,245.12076955944698,196.0,192.0,211.0,213.0,model_assisted,0.00021768930197607457,model_assisted,0.00021768930197607457,model_assisted,0.0,strong_evidence,0.9193202347162377,True,True,245.0,47943.21875,12949.623046875,6782.73828125,5.159213617287911,-0.12076955944698398,3.5275590551181097,16.0,229,263,0.08117330750457086,weak_evidence,0.0,True,False,4.964177248034227,50063.18359375,1872.4462890625,26.736779520023365,7509.4775390625,135,245.0,169.0,192.31192242158767,-0.12076955944698398,-23.311922421587667,1.0,5.159213617287911,244,247,217,233,258,274,True,True,UPPER_SEED_TRAJECTORY_OUTLIER;Z_EDGE_EVIDENCE_WEAK,True,ok,245.12076955944698,192,10,229,262,16,245.0,245.8277190087437,247.0,False,6.836371316006031,39427.5,26107.5,5767.313999999999,15,0.8947368421052632,1.0,0.6666666666666666,6.241276722031825,0.8060618860010051,1.0,0.6666666666666666,0.8947368421052632,0.7068794536719708,0.8203534651166717,assessable,245.8277190087437,False
flow05,421,0,0.15,128.0,19,245.20194286695155,197.0,192.0,211.0,213.0,high_confidence,0.5,high_confidence,0.5,high_confidence,0.8120088854553072,strong_evidence,0.6596882844487924,True,True,248.0,44827.21875,10920.00390625,7835.53955078125,4.327361839475272,2.798057133048445,3.5275590551181097,16.0,229,263,0.10796301880566261,strong_evidence,0.9994999844650906,True,True,4.964177248034227,51758.7265625,5195.45166015625,9.962315107161134,15586.35498046875,76,248.0,192.0,191.98511445103506,2.798057133048445,0.014885548964940654,0.0,4.327361839475272,244,247,217,233,258,274,True,True,,True,ok,245.20194286695155,192,10,229,262,16,243.0,245.15388758317468,245.5,False,8.851322662113175,40018.5,25516.5,4521.1887,15,0.631578947368421,1.0,0.6666666666666666,5.989142483497664,1.0,1.0,0.6666666666666666,0.631578947368421,0.664857080582944,0.8445558834968909,assessable,245.15388758317468,False
flow05,422,0,0.15,128.0,19,245.30990588575722,198.0,192.0,211.0,213.0,high_confidence,0.5,high_confidence,0.5,high_confidence,0.8503791753700476,strong_evidence,0.9024037545811631,True,True,244.0,47290.09375,19565.609375,3759.12939453125,7.375240771262981,-1.3099058857572174,3.5275590551181097,16.0,229,263,0.12959675340056265,strong_evidence,0.8013538709606531,True,True,4.964177248034227,51910.26171875,12718.8388671875,4.081367981842265,38156.5166015625,25,244.0,194.0,191.58261140093634,-1.3099058857572174,2.4173885990636563,0.0,7.375240771262981,244,247,217,233,258,274,True,True,,True,ok,245.30990588575722,192,10,229,262,16,245.5,244.6161737555059,246.0,False,5.141913650989299,34271.0,31264.0,6665.0283,12,0.631578947368421,1.0,0.8333333333333334,8.724489706664393,0.5236522751648831,1.0,0.8333333333333334,0.631578947368421,1.0,0.7446818050796389,assessable,244.6161737555059,False
flow05,423,0,0.15,128.0,19,245.43950263915778,198.0,191.0,210.0,212.0,high_confidence,0.5,high_confidence,0.5,high_confidence,0.7831006275971821,strong_evidence,0.7723107152893988,True,True,245.0,45819.796875,13183.916015625,8551.177734375,3.816536373484738,-0.4395026391577801,3.5275590551181097,16.0,229,263,0.14172541659849003,strong_evidence,0.7940412852012624,True,True,4.964177248034227,52091.72265625,12309.1337890625,4.2319568175087205,36927.4013671875,30,245.0,194.0,191.1188447275976,-0.4395026391577801,2.8811552724023954,0.0,3.816536373484738,244,247,217,233,258,274,True,True,,True,ok,245.43950263915778,191,10,229,262,16,247.5,246.72678918813213,246.5,False,8.597656751215613,38374.5,27160.5,4463.3673,16,0.7894736842105263,1.0,0.625,6.38734111410405,1.0,1.0,0.625,0.7894736842105263,0.7312235190173416,0.8665434045333131,assessable,246.72678918813213,False
flow05,424,0,0.15,128.0,19,245.58122805575627,198.0,191.0,210.0,212.0,high_confidence,0.5,high_confidence,0.5,high_confidence,0.9501245524775255,strong_evidence,0.9579228114168494,True,True,245.0,48716.0859375,13438.0517578125,5635.3623046875,6.260118209319602,-0.5812280557562701,3.5275590551181097,16.0,229,263,0.14375087230840222,strong_evidence,0.942389777612033,True,True,4.964177248034227,52975.25390625,4700.1025390625,11.271084719104158,14100.3076171875,87,245.0,189.0,190.61896770902817,-0.5812280557562701,-1.618967709028169,0.0,6.260118209319602,245,248,218,234,259,275,True,True,,True,ok,245.58122805575627,191,10,230,263,16,245.5,245.4643298071199,245.5,False,7.632768577218801,39296.0,26239.0,5148.3285,14,0.8421052631578947,1.0,0.7142857142857143,6.952439617099329,0.9387947628698002,1.0,0.7142857142857143,0.8421052631578947,0.8254066028498882,0.880291759620246,assessable,245.4643298071199,False
flow05,425,0,0.15,128.0,19,245.72497892806467,198.0,190.0,209.0,211.0,high_confidence,0.5,high_confidence,0.5,high_confidence,0.8734222871976547,strong_evidence,0.9803153669092678,True,True,246.0,49544.421875,14918.9296875,5151.84521484375,6.72098845045564,0.27502107193532765,3.5275590551181097,16.0,229,263,0.14375087230840222,strong_evidence,0.7781847735170602,True,True,4.964177248034227,54617.0546875,11755.8916015625,4.645930443952097,35267.6748046875,31,246.0,194.0,190.11396949934914,0.27502107193532765,3.886030500650861,0.0,6.72098845045564,245,248,218,234,259,275,True,True,,True,ok,245.72497892806467,190,10,230,263,16,246.0,245.87032718685327,246.5,False,5.307222482983045,40176.5,25358.5,7570.155599999999,13,0.9473684210526315,1.0,0.7692307692307693,8.224827989987176,0.5512037471638408,1.0,0.7692307692307693,0.9473684210526315,1.0,0.7888727285113929,assessable,245.87032718685327,False
flow05,426,0,0.15,128.0,19,245.86446451574687,198.0,190.0,209.0,211.0,high_confidence,0.5,high_confidence,0.5,high_confidence,0.8961831203247809,strong_evidence,0.9903479465548317,True,True,246.0,49542.953125,10082.37109375,3801.24365234375,10.380966241645575,0.13553548425312556,3.5275590551181097,16.0,229,263,0.1394855876822021,strong_evidence,0.8109717276124968,True,True,4.964177248034227,56650.57421875,2930.487060546875,19.331453457493893,8791.461181640625,128,246.0,185.0,189.63300758250213,0.13553548425312556,-4.633007582502131,0.0,10.380966241645575,245,248,218,234,259,275,True,True,,True,ok,245.86446451574687,190,10,230,263,16,246.5,246.4943249785186,246.5,False,8.81688740275555,41078.5,24456.5,4659.0705,12,0.8421052631578947,1.0,0.8333333333333334,6.3604532565074035,1.0,1.0,0.8333333333333334,0.8421052631578947,0.7267422094179006,0.915656677082141,assessable,246.4943249785186,False
flow05,427,0,0.15,128.0,19,245.99928118628554,196.0,189.0,208.0,210.0,high_confidence,0.5,high_confidence,0.5,high_confidence,0.9372856595442873,strong_evidence,0.9999490559893316,True,True,246.0,48206.8046875,11711.3046875,5173.61083984375,7.054164128259445,0.0007188137144567008,3.5275590551181097,16.0,229,263,0.13481667053866886,strong_evidence,0.8785491644053739,True,True,4.964177248034227,55503.04296875,2971.596435546875,18.677853528430266,8914.789306640625,126,246.0,186.0,189.19586808492824,0.0007188137144567008,-3.195868084928236,0.0,7.054164128259445,245,248,218,234,259,275,True,True,,True,ok,245.99928118628554,189,10,230,263,16,247.0,247.333250179625,246.5,False,7.413684030031762,36975.5,28559.5,4987.466399999999,13,0.6842105263157895,1.0,0.7692307692307693,9.098851998741967,0.9022806716719604,1.0,0.7692307692307693,0.6842105263157895,1.0,0.8722759678787084,assessable,247.333250179625,False
flow05,428,0,0.15,128.0,19,246.1331346396516,195.0,189.0,208.0,210.0,high_confidence,0.5,high_confidence,0.5,high_confidence,0.9358465442612817,strong_evidence,0.9365519606727121,True,True,247.0,50542.609375,13309.38671875,4636.09228515625,8.031165120561255,0.8668653603484131,3.5275590551181097,16.0,230,264,0.1358469125078159,strong_evidence,0.9351416591736158,True,True,4.964177248034227,51932.08984375,3177.682373046875,16.342756684632285,9533.047119140625,125,247.0,187.0,188.80922460739936,0.8668653603484131,-1.8092246073993579,0.0,8.031165120561255,245,248,218,234,259,275,True,True,,True,ok,246.1331346396516,189,10,230,263,16,245.0,245.3447941908367,246.0,False,9.380816594728387,42252.5,23282.5,4504.1388,15,0.8947368421052632,1.0,0.6666666666666666,7.379746321135846,1.0,1.0,0.6666666666666666,0.8947368421052632,0.8966243868559743,0.9072062983347202,assessable,245.3447941908367,False
flow05,429,0,0.15,128.0,19,246.2689815521594,194.0,188.0,207.0,209.0,high_confidence,0.523838086939935,high_confidence,0.523838086939935,high_confidence,0.9823972344701766,strong_evidence,0.980751888401142,True,True,246.0,49746.81640625,14535.064453125,5751.59814453125,6.122081388214705,-0.2689815521594028,3.5275590551181097,16.0,230,264,0.1358469125078159,strong_evidence,0.9840453408333475,True,True,4.964177248034227,44506.828125,4926.80078125,9.033616356963389,14780.40234375,90,246.0,188.0,188.4676690358698,-0.2689815521594028,-0.4676690358697897,0.0,6.122081388214705,245,248,218,234,259,275,True,True,,True,ok,246.2689815521594,188,10,230,263,16,247.5,246.40752472380723,245.5,False,7.34580861223993,37383.0,28152.0,5089.0244999999995,16,0.8421052631578947,1.0,0.625,7.07506931266841,0.8909681020399883,1.0,0.625,0.8421052631578947,0.845844885444735,0.8477391137321536,assessable,246.40752472380723,False
flow05,430,0,0.15,128.0,19,246.40403615776287,193.0,188.0,207.0,209.0,model_assisted,0.0009709684721286075,model_assisted,0.0009709684721286075,model_assisted,0.0,strong_evidence,0.8796512803606041,True,True,248.0,48585.5390625,14176.158203125,4278.69873046875,8.042020022196166,1.5959638422371256,3.5275590551181097,16.0,230,264,0.1350546056034716,weak_evidence,0.0,True,False,4.964177248034227,36307.39453125,2713.534423828125,13.380112009056166,8140.603271484375,148,248.0,168.0,188.15793529460433,1.5959638422371256,-20.15793529460433,1.0,8.042020022196166,245,248,218,234,259,275,True,True,UPPER_SEED_TRAJECTORY_OUTLIER;Z_EDGE_EVIDENCE_WEAK,True,ok,246.40403615776287,188,10,230,263,16,247.0,245.7447764278489,246.5,False,4.769322030608434,39191.0,26344.0,8217.3105,13,0.631578947368421,1.0,0.7692307692307693,8.141198724906337,0.4615536717680723,1.0,0.7692307692307693,0.631578947368421,1.0,0.7101267810702423,assessable,245.7447764278489,False
flow05,431,0,0.15,128.0,19,246.52776407417048,192.0,188.0,207.0,209.0,model_assisted,0.0,model_assisted,0.0,model_assisted,0.0,strong_evidence,0.9618701339918859,True,True,246.0,49589.83984375,11163.546875,4072.678955078125,9.435139227175563,-0.5277640741704772,3.5275590551181097,16.0,230,264,0.12372791640760283,unavailable,0.0,False,False,4.964177248034227,31819.107421875,13747.64453125,2.314513395334485,41242.93359375,0,246.0,,187.8637189201329,-0.5277640741704772,,1.0,9.435139227175563,246,249,219,235,260,276,True,True,NO_VALID_UPPER_COMPONENT;LOW_PEAK_SNR;Z_EDGE_EVIDENCE_UNAVAILABLE,True,ok,246.52776407417048,188,10,231,264,16,246.0,245.76970333904006,246.0,False,8.936588837572744,37800.5,27734.5,4229.8578,15,0.9473684210526315,1.0,0.6666666666666666,5.350566447484718,1.0,1.0,0.6666666666666666,0.9473684210526315,0.5584277412474531,0.8812813706159734,assessable,245.76970333904006,False
flow05,432,0,0.15,128.0,19,246.6242008391502,193.0,188.0,207.0,209.0,high_confidence,0.866321129138121,high_confidence,0.866321129138121,high_confidence,0.9699146964822132,strong_evidence,0.9547382386142479,True,True,246.0,48522.046875,14507.265625,3136.081787109375,10.846267272051119,-0.6242008391502054,3.5275590551181097,16.0,230,264,0.0964367649797282,strong_evidence,0.9853323983520449,True,True,4.964177248034227,33556.65625,4185.30419921875,8.017734112675456,12555.91259765625,90,246.0,188.0,187.5695011391305,-0.6242008391502054,0.4304988608695055,0.0,10.846267272051119,246,249,219,235,260,276,True,True,,True,ok,246.6242008391502,188,10,231,264,16,246.0,246.515245926554,246.5,False,5.931810864361002,33916.0,31619.0,5717.6469,11,0.7368421052631579,1.0,0.9090909090909091,8.528970219295243,0.6553018107268337,1.0,0.9090909090909091,0.7368421052631579,1.0,0.8217001313620473,assessable,246.515245926554,False
flow05,433,0,0.15,128.0,19,246.67749227971018,193.0,187.0,206.0,208.0,model_assisted,0.0007003925811606945,model_assisted,0.0007003925811606945,model_assisted,0.721571678426574,strong_evidence,0.8730581005641734,True,True,245.0,50127.1171875,12069.4921875,3063.258544921875,12.423902338602835,-1.6774922797101794,3.5275590551181097,16.0,230,264,0.053291440559974035,weak_evidence,0.5963700316976464,True,False,4.964177248034227,32325.91015625,10724.4677734375,3.014220457290685,32173.4033203125,43,245.0,193.0,187.26344930685514,-1.6774922797101794,5.7365506931448635,1.0,12.423902338602835,246,249,219,235,260,276,True,True,UPPER_SEED_TRAJECTORY_OUTLIER;Z_EDGE_EVIDENCE_WEAK,True,ok,246.67749227971018,187,10,231,264,16,246.0,245.78301700725314,246.0,False,8.121351601017743,40366.5,25168.5,4970.416499999999,13,0.8421052631578947,1.0,0.7692307692307693,7.83227108289625,1.0,1.0,0.7692307692307693,0.8421052631578947,0.9720451804827084,0.927366461368109,assessable,245.78301700725314,False
flow05,434,0,0.15,128.0,19,246.67800638731603,192.0,187.0,206.0,208.0,model_assisted,0.016360202138678847,model_assisted,0.016360202138678847,model_assisted,0.0,strong_evidence,0.9769136504036668,True,True,247.0,49184.38671875,13699.22265625,4052.82666015625,8.755657973571445,0.3219936126839684,3.5275590551181097,16.0,230,264,0.051654021015679064,weak_evidence,0.0,True,False,4.964177248034227,26343.123046875,3064.309814453125,8.596755759690163,9192.929443359375,116,247.0,175.0,186.94005584851953,0.3219936126839684,-11.940055848519535,2.0,8.755657973571445,246,249,219,235,260,276,True,True,UPPER_SEED_TRAJECTORY_OUTLIER;Z_EDGE_EVIDENCE_WEAK,True,ok,246.67800638731603,187,10,231,264,16,246.0,246.88918193158605,246.0,False,9.732731301431498,38563.5,26971.5,3962.2484999999997,11,0.8421052631578947,1.0,0.9090909090909091,9.078487839402088,1.0,1.0,0.9090909090909091,0.8421052631578947,1.0,0.9581339712918661,assessable,246.88918193158605,False
flow05,435,0,0.15,128.0,19,246.62635236630035,191.0,187.0,206.0,208.0,model_assisted,0.0,model_assisted,0.0,model_assisted,0.0,strong_evidence,0.9731591771455795,True,True,247.0,46850.25390625,13229.716796875,2466.55419921875,13.63056896135665,0.3736476336996475,3.5275590551181097,16.0,230,264,0.09259338369668058,unavailable,0.0,False,False,4.964177248034227,19222.908203125,7112.5009765625,2.7026932251354863,21337.5029296875,0,247.0,,186.6026289659356,0.3736476336996475,,2.0,13.63056896135665,246,249,219,235,260,276,True,True,NO_VALID_UPPER_COMPONENT;LOW_PEAK_SNR;Z_EDGE_EVIDENCE_UNAVAILABLE,True,ok,246.62635236630035,187,10,231,264,16,246.0,245.4505146781914,246.0,False,10.035624077786434,39719.0,25816.0,3957.8007,11,0.47368421052631576,1.0,0.9090909090909091,8.286059876935777,1.0,1.0,0.9090909090909091,0.47368421052631576,1.0,0.9028708133971293,assessable,245.4505146781914,False
flow05,436,0,0.15,128.0,19,246.53375898260367,191.0,186.0,205.0,207.0,model_assisted,0.0,model_assisted,0.0,model_assisted,0.0,strong_evidence,0.890041250292213,True,True,248.0,49329.05859375,12490.52734375,3364.559326171875,10.948991436543967,1.466241017396328,3.5275590551181097,16.0,230,264,0.11498703835991364,unavailable,0.0,False,False,4.964177248034227,16357.142578125,11951.2734375,1.3686526932603285,35853.8203125,0,248.0,,186.26499638815616,1.466241017396328,,1.0,10.948991436543967,246,249,219,235,260,276,True,True,NO_VALID_UPPER_COMPONENT;LOW_PEAK_SNR;Z_EDGE_EVIDENCE_UNAVAILABLE,True,ok,246.53375898260367,186,10,231,264,16,246.0,247.38619712971612,246.0,False,6.839388452440058,39343.5,26191.5,5752.487999999999,11,0.5789473684210527,1.0,0.9090909090909091,7.552656194281468,0.806564742073343,1.0,0.9090909090909091,0.5789473684210527,0.9254426990469113,0.843502216711701,assessable,247.38619712971612,False
flow05,437,0,0.15,128.0,19,246.41877194424376,186.0,186.0,205.0,207.0,high_confidence,0.5,high_confidence,0.5,high_confidence,0.8131351187376532,strong_evidence,0.9579228114168515,True,True,247.0,47854.59765625,13312.724609375,3985.8955078125,8.666025734786995,0.5812280557562417,3.5275590551181097,16.0,230,264,0.11705710541264125,strong_evidence,0.6902317320813578,True,True,4.964177248034227,15388.7216796875,4701.77490234375,3.2729601053458555,14105.32470703125,4,247.0,185.0,185.95068037380838,0.5812280557562417,-0.9506803738083818,0.0,8.666025734786995,245,248,218,234,259,275,True,True,,True,ok,246.41877194424376,186,10,230,263,16,246.5,246.94300342226887,247.0,False,5.0696883107765025,38111.5,27423.5,7517.5233,10,0.6842105263157895,1.0,1.0,8.587966005985788,0.5116147184627504,1.0,1.0,0.6842105263157895,1.0,0.7816967304093311,assessable,246.94300342226887,False
flow05,438,0,0.15,128.0,19,246.30171483883112,186.0,186.0,205.0,207.0,model_assisted,0.003418266816100466,model_assisted,0.003418266816100466,model_assisted,0.0,strong_evidence,0.8713686026387906,True,True,248.0,47882.0,15646.99609375,3617.9521484375,8.90973749339705,1.698285161168883,3.5275590551181097,16.0,230,264,0.11705710541264125,weak_evidence,0.0,True,False,4.964177248034227,17047.51953125,2359.29150390625,7.225694452349203,7077.87451171875,144,248.0,169.0,185.68954396394673,1.698285161168883,-16.689543963946733,1.0,8.90973749339705,245,248,218,234,259,275,True,True,UPPER_SEED_TRAJECTORY_OUTLIER;Z_EDGE_EVIDENCE_WEAK,True,ok,246.30171483883112,186,10,230,263,16,247.0,245.74902002233983,246.0,False,10.336543559531517,37822.0,27713.0,3659.0568,13,0.6842105263157895,1.0,0.7692307692307693,7.7893042396630525,1.0,1.0,0.7692307692307693,0.6842105263157895,0.9648840399438421,0.9029661367879065,assessable,245.74902002233983,False
flow05,439,0,0.15,128.0,19,246.19907252608698,186.0,186.0,205.0,207.0,model_assisted,0.0,model_assisted,0.0,model_assisted,0.0,strong_evidence,0.9415283754146708,True,True,247.0,47453.796875,11462.046875,2890.737548828125,12.450715221307684,0.8009274739130205,3.5275590551181097,16.0,230,264,0.1026423127441376,unavailable,0.0,False,False,4.964177248034227,17610.37890625,8268.51171875,2.1298124142844252,24805.53515625,0,247.0,,185.51369533201773,0.8009274739130205,,1.0,12.450715221307684,245,248,218,234,259,275,True,True,NO_VALID_UPPER_COMPONENT;LOW_PEAK_SNR;Z_EDGE_EVIDENCE_UNAVAILABLE,True,ok,246.19907252608698,186,10,230,263,16,246.5,245.6183452080296,246.5,False,10.508920168549603,41841.5,23693.5,3981.5222999999996,12,0.8947368421052632,1.0,0.8333333333333334,11.831598936913784,1.0,1.0,0.8333333333333334,0.8947368421052632,1.0,0.9508771929824562,assessable,245.6183452080296,False
flow05,440,0,0.15,128.0,19,246.1200507457325,186.0,185.0,204.0,206.0,high_confidence,0.5,high_confidence,0.5,high_confidence,0.9383341833278751,strong_evidence,0.9914554345375675,True,True,246.0,48423.35546875,13230.158203125,2429.571533203125,14.485351340623673,-0.12005074573249885,3.5275590551181097,16.0,230,264,0.0790217803544806,strong_evidence,0.8880591188773479,True,True,4.964177248034227,17208.673828125,3495.0673828125,4.923703020076564,10485.2021484375,113,246.0,184.0,185.45486471264078,-0.12005074573249885,-1.4548647126407843,0.0,14.485351340623673,245,248,218,234,259,275,True,True,,True,ok,246.1200507457325,185,10,230,263,16,247.5,246.04999964511518,247.0,False,13.32665431429605,38429.5,27105.5,2883.6569999999997,12,0.5263157894736842,1.0,0.8333333333333334,10.706196697198644,1.0,1.0,0.8333333333333334,0.5263157894736842,1.0,0.8956140350877194,assessable,246.04999964511518,False
flow05,441,0,0.15,128.0,19,246.06640738269846,186.0,186.0,205.0,207.0,model_assisted,0.0,model_assisted,0.0,model_assisted,0.0,strong_evidence,0.9553434027529963,True,True,246.0,47200.1953125,12441.42578125,6287.62890625,5.5281203852058205,-0.0664073826984577,3.5275590551181097,16.0,230,264,0.05364336303404116,unavailable,0.0,False,False,4.964177248034227,16553.837890625,7762.8125,2.132453655247373,23288.4375,0,246.0,,185.5433924854599,-0.0664073826984577,,1.0,5.5281203852058205,245,248,218,234,259,275,True,True,NO_VALID_UPPER_COMPONENT;LOW_PEAK_SNR;Z_EDGE_EVIDENCE_UNAVAILABLE,True,ok,246.06640738269846,186,10,230,263,16,246.0,246.78824104113164,246.5,False,10.903473225847685,40050.0,25485.0,3673.1414999999997,11,0.7368421052631579,1.0,0.9090909090909091,10.162760164466802,1.0,1.0,0.9090909090909091,0.7368421052631579,1.0,0.9423444976076556,assessable,246.78824104113164,False
flow05,442,0,0.15,128.0,19,246.03488481382186,186.0,186.0,205.0,207.0,model_assisted,0.0,model_assisted,0.0,model_assisted,0.0,strong_evidence,0.9975246308298874,True,True,246.0,48601.45703125,10589.9609375,4167.1962890625,9.12159962167309,-0.03488481382186137,3.5275590551181097,16.0,230,264,0.031522568876596324,unavailable,0.0,False,False,4.964177248034227,16188.1630859375,11530.640625,1.4039257325251606,34591.921875,0,246.0,,185.80653048508077,-0.03488481382186137,,2.0,9.12159962167309,245,248,218,234,259,275,True,True,NO_VALID_UPPER_COMPONENT;LOW_PEAK_SNR;Z_EDGE_EVIDENCE_UNAVAILABLE,True,ok,246.03488481382186,186,10,230,263,16,247.5,246.1275359687741,247.0,False,6.998866014637554,39285.5,26249.5,5613.1236,12,0.6842105263157895,1.0,0.8333333333333334,10.571358946379533,0.8331443357729257,1.0,0.8333333333333334,0.6842105263157895,1.0,0.860898763134559,assessable,246.1275359687741,False
flow05,443,0,0.15,128.0,19,246.0207306949141,186.0,186.0,205.0,207.0,model_assisted,0.0,model_assisted,0.0,model_assisted,0.0,strong_evidence,0.9233136292562392,True,True,247.0,49864.9375,12118.9228515625,6355.1240234375,5.939461528875183,0.9792693050858929,3.5275590551181097,16.0,230,264,0.01415411890775431,unavailable,0.0,False,False,4.964177248034227,16050.005859375,12326.34375,1.3020897506103544,36979.03125,0,247.0,,186.26280572904432,0.9792693050858929,,1.0,5.939461528875183,245,248,218,234,259,275,True,True,NO_VALID_UPPER_COMPONENT;LOW_PEAK_SNR;Z_EDGE_EVIDENCE_UNAVAILABLE,True,ok,246.0207306949141,186,10,230,263,16,246.0,246.60981764764028,247.0,False,10.239244666911379,39022.0,26513.0,3811.0233,13,0.7368421052631579,1.0,0.7692307692307693,9.662630243180814,1.0,1.0,0.7692307692307693,0.7368421052631579,1.0,0.9143724696356276,assessable,246.60981764764028,False
flow05,444,0,0.15,128.0,19,246.0207306949141,186.0,187.0,206.0,208.0,high_confidence,0.5,high_confidence,0.5,high_confidence,0.8845936363033684,strong_evidence,0.9985297236894932,True,True,246.0,48547.3359375,16578.83984375,3039.956787109375,10.516102146355871,-0.020730694914107062,3.5275590551181097,16.0,230,264,0.014198730250541303,strong_evidence,0.783658095321504,True,True,4.964177248034227,15687.0205078125,3838.949462890625,4.0862795041851365,11516.848388671875,106,246.0,184.0,186.9125039440116,-0.020730694914107062,-2.912503944011604,0.0,10.516102146355871,245,248,218,234,259,275,True,True,,True,ok,246.0207306949141,187,10,230,263,16,246.5,246.2674204958891,246.5,False,12.326394471724075,36568.5,28966.5,2966.6825999999996,12,0.6842105263157895,1.0,0.8333333333333334,7.735508954585853,1.0,1.0,0.8333333333333334,0.6842105263157895,0.9559181590976422,0.9148900615237994,assessable,246.2674204958891,False
flow05,445,0,0.15,128.0,19,246.03492942516465,190.0,188.0,207.0,209.0,model_assisted,0.0,model_assisted,0.0,model_assisted,0.0,strong_evidence,0.9975214613494682,True,True,246.0,48193.3984375,13629.8837890625,1690.242919921875,20.448844506939313,-0.034929425164648364,3.5275590551181097,16.0,230,264,0.03168266364247074,unavailable,0.0,False,False,4.964177248034227,17396.66015625,6163.9267578125,2.8223340152769523,18491.7802734375,0,246.0,,187.72841777356336,-0.034929425164648364,,1.0,20.448844506939313,245,248,218,234,259,275,True,True,NO_VALID_UPPER_COMPONENT;LOW_PEAK_SNR;Z_EDGE_EVIDENCE_UNAVAILABLE,True,ok,246.03492942516465,188,10,230,263,16,246.5,246.7173536981562,246.5,False,5.231773242260328,37162.0,28373.0,7103.1366,10,0.5789473684210527,1.0,1.0,10.773191835879233,0.5386288737100546,1.0,1.0,0.5789473684210527,1.0,0.7753622110616771,assessable,246.7173536981562,False
flow05,446,0,0.15,128.0,19,246.06661208880712,192.0,189.0,208.0,210.0,high_confidence,0.8909128126820923,high_confidence,0.8909128126820923,high_confidence,0.9594470078009532,strong_evidence,0.9315044806167305,True,True,247.0,48033.9140625,13782.552734375,3331.14794921875,10.282149532313007,0.9333879111928809,3.5275590551181097,16.0,230,264,0.05415747063983645,strong_evidence,0.9882277325909715,True,True,4.964177248034227,29186.6015625,3689.875,7.9099160710051155,11069.625,103,247.0,189.0,188.6534738711092,0.9333879111928809,0.3465261288907868,0.0,10.282149532313007,245,248,218,234,259,275,True,True,,True,ok,246.06661208880712,189,10,230,263,16,246.5,246.55337516720584,247.0,False,9.21998920003439,38637.0,26898.0,4190.5689,12,0.7368421052631579,1.0,0.8333333333333334,7.623697554964921,1.0,1.0,0.8333333333333334,0.7368421052631579,0.9372829258274868,0.9209212750388892,assessable,246.55337516720584,False
flow05,447,0,0.15,128.0,19,246.12076955944696,193.0,190.0,209.0,211.0,high_confidence,0.5,high_confidence,0.5,high_confidence,0.8395915861029358,strong_evidence,0.9914040514583506,True,True,246.0,48811.40234375,14395.314453125,3546.370361328125,9.704594947532803,-0.12076955944695555,3.5275590551181097,16.0,230,264,0.08049910513290115,strong_evidence,0.71102597414033,True,True,4.964177248034227,33632.25,10267.814453125,3.275502313909077,30803.443359375,38,246.0,193.0,189.60907492656344,-0.12076955944695555,3.390925073436563,0.0,9.704594947532803,245,248,218,234,259,275,True,True,,True,ok,246.12076955944696,190,10,230,263,16,248.5,247.33891193123156,246.5,False,10.015621867669514,40263.5,25271.5,4020.0699,14,0.9473684210526315,1.0,0.7142857142857143,8.030802426257855,1.0,1.0,0.7142857142857143,0.9473684210526315,1.0,0.9349624060150377,assessable,247.33891193123156,False
flow05,448,0,0.15,128.0,19,246.20126866457986,194.0,191.0,210.0,212.0,model_assisted,0.0,model_assisted,0.0,model_assisted,0.0,strong_evidence,0.9856327733174528,True,True,246.0,46627.65625,13500.7431640625,3797.70947265625,8.722866592206008,-0.2012686645798567,3.5275590551181097,16.0,230,264,0.10644108268445507,unavailable,0.0,False,False,4.964177248034227,37222.1875,13488.0068359375,2.759650699525526,40464.0205078125,0,246.0,,190.51256758578427,-0.2012686645798567,,1.0,8.722866592206008,245,248,218,234,259,275,True,True,NO_VALID_UPPER_COMPONENT;LOW_PEAK_SNR;Z_EDGE_EVIDENCE_UNAVAILABLE,True,ok,246.20126866457986,191,10,230,263,16,246.5,246.34492713708664,247.0,False,6.8416156524813205,37459.5,28075.5,5475.2418,14,0.8421052631578947,1.0,0.7142857142857143,6.571305573324265,0.8069359420802201,1.0,0.7142857142857143,0.8421052631578947,0.7618842622207108,0.8277889382809752,assessable,246.34492713708664,False
flow05,449,0,0.15,128.0,19,246.3077097472643,194.0,191.0,210.0,212.0,high_confidence,0.5,high_confidence,0.5,high_confidence,0.9427994231824554,strong_evidence,0.9496704890843387,True,True,247.0,45491.1328125,18502.765625,4077.962158203125,6.61810142921775,0.6922902527356882,3.5275590551181097,16.0,230,264,0.12579798346030202,strong_evidence,0.9359780708887873,True,True,4.964177248034227,36147.96875,6387.54736328125,5.659131227393511,19162.64208984375,61,247.0,190.0,191.29706303125207,0.6922902527356882,-1.2970630312520655,0.0,6.61810142921775,245,248,218,234,259,275,True,True,,True,ok,246.3077097472643,191,10,230,263,16,245.5,244.96439768006897,245.5,False,3.1269892789790164,35688.5,29846.5,11413.0548,10,0.7368421052631579,1.0,1.0,8.137826982126546,0.18783154649650272,1.0,1.0,0.7368421052631579,1.0,0.6762673570632496,assessable,244.96439768006897,False
flow05,450,0,0.15,128.0,19,246.4335077307246,194.0,192.0,211.0,213.0,high_confidence,0.5,high_confidence,0.5,high_confidence,0.8865525946300202,strong_evidence,0.9590123976241933,True,True,247.0,45211.58984375,14963.9638671875,4370.3935546875,6.921030245461572,0.5664922692753862,3.5275590551181097,16.0,230,264,0.13298453855080083,strong_evidence,0.8195676145505055,True,True,4.964177248034227,35796.63671875,9665.25,3.703643125501151,28995.75,34,247.0,193.0,191.9259358647469,0.5664922692753862,1.07406413525311,0.0,6.921030245461572,245,248,218,234,259,275,True,True,,True,ok,246.4335077307246,192,10,230,263,16,246.5,246.18372106106114,246.5,False,9.434038311771772,37918.5,27616.5,4019.3286,14,0.7368421052631579,1.0,0.7142857142857143,5.2964763424549375,1.0,1.0,0.7142857142857143,0.7368421052631579,0.5494127237424896,0.8583247310208656,assessable,246.18372106106114,False
flow05,451,0,0.15,128.0,19,246.56649226927541,197.0,192.0,211.0,213.0,high_confidence,0.5,high_confidence,0.5,high_confidence,0.9408785256555996,strong_evidence,0.9687900442172848,True,True,247.0,47225.7890625,14078.435546875,4201.47998046875,7.889446973379799,0.43350773072458537,3.5275590551181097,16.0,230,264,0.13298453855080083,strong_evidence,0.9137711574596924,True,True,4.964177248034227,47008.62109375,9644.7646484375,4.874003960414486,28934.2939453125,39,247.0,193.0,192.39677744385452,0.43350773072458537,0.6032225561454823,0.0,7.889446973379799,246,249,219,235,260,276,True,True,,True,ok,246.56649226927541,192,10,231,264,16,245.5,245.86807087632874,245.5,False,7.465963405930858,37197.5,28337.5,4982.2773,14,0.7894736842105263,1.0,0.7142857142857143,9.405533366007042,0.9109939009884763,1.0,0.7142857142857143,0.7894736842105263,1.0,0.8801260608346886,assessable,245.86807087632874,False
flow05,452,0,0.15,128.0,19,246.69229025273572,200.0,193.0,212.0,214.0,high_confidence,0.5,high_confidence,0.5,high_confidence,0.9183103628621592,strong_evidence,0.9779493293283377,True,True,247.0,41067.890625,10625.3828125,2645.650390625,11.506625335068689,0.30770974726428335,3.5275590551181097,16.0,230,264,0.12579798346030202,strong_evidence,0.8623084011103218,True,True,4.964177248034227,53096.3515625,12042.7861328125,4.40897571184383,36128.3583984375,19,247.0,194.0,192.73485209731967,0.30770974726428335,1.2651479026803258,0.0,11.506625335068689,246,249,219,235,260,276,True,True,,True,ok,246.69229025273572,193,10,231,264,16,245.0,246.36828561871783,246.0,False,9.377028420242311,35889.0,27262.0,3827.3318999999997,13,0.631578947368421,1.0,0.7692307692307693,6.261874044673558,1.0,1.0,0.7692307692307693,0.631578947368421,0.7103123407789264,0.8696142300293097,assessable,246.36828561871783,False
flow05,453,0,0.15,128.0,19,246.79877594676296,201.0,193.0,212.0,214.0,model_assisted,0.010686774470673803,model_assisted,0.010686774470673803,model_assisted,0.0,strong_evidence,0.9416903108105374,True,True,246.0,42191.05078125,10140.8974609375,3962.88916015625,8.087572481852815,-0.7987759467629587,3.5275590551181097,16.0,230,264,0.10648569402724206,weak_evidence,0.0,True,False,4.964177248034227,55417.16015625,2082.197265625,26.614750230985333,8312.574023437499,129,246.0,180.0,192.97947558542634,-0.7987759467629587,-12.979475585426343,1.0,8.087572481852815,246,249,219,235,260,276,True,True,UPPER_SEED_TRAJECTORY_OUTLIER;Z_EDGE_EVIDENCE_WEAK,True,ok,246.79877594676296,193,10,231,264,16,246.0,245.9295447410583,245.5,False,5.0577846834162585,36691.0,26868.0,7254.3618,13,0.6842105263157895,1.0,0.7692307692307693,9.509410312747974,0.5096307805693764,1.0,0.7692307692307693,0.6842105263157895,1.0,0.7348485059928039,assessable,245.9295447410583,False
flow05,454,0,0.15,128.0,19,246.87943514666176,200.0,193.0,212.0,214.0,model_assisted,0.003538267339478522,model_assisted,0.003538267339478522,model_assisted,0.0,strong_evidence,0.7621035923960287,True,True,246.0,45879.48046875,13896.8671875,8033.69580078125,3.981058540720424,-0.8794351466617627,3.5275590551181097,16.0,230,264,0.08065919989880399,weak_evidence,0.0,True,False,4.964177248034227,56526.5703125,2028.7520751953125,27.862729509251672,8478.985546875,130,246.0,179.0,193.1692423391809,-0.8794351466617627,-14.169242339180897,1.0,3.981058540720424,246,249,219,235,260,276,True,True,UPPER_SEED_TRAJECTORY_OUTLIER;Z_EDGE_EVIDENCE_WEAK,True,ok,246.87943514666176,193,10,231,264,16,246.0,245.43637761498508,246.5,False,9.641792205253637,37152.5,28382.5,3853.2774,11,0.8421052631578947,1.0,0.9090909090909091,5.677756173186376,1.0,1.0,0.9090909090909091,0.8421052631578947,0.6129593621977293,0.919429907511639,assessable,245.43637761498508,False
flow05,455,0,0.15,128.0,19,246.9341067249074,200.0,193.0,212.0,214.0,high_confidence,0.5649915334386602,high_confidence,0.5649915334386602,high_confidence,0.9861265858947091,strong_evidence,0.9953191531305104,True,True,247.0,46616.734375,12121.232421875,4885.28369140625,7.061105174671099,0.06589327509260556,3.5275590551181097,16.0,230,264,0.054671578245631736,strong_evidence,0.9770189193584664,True,True,4.964177248034227,56765.27734375,9287.8173828125,6.1117994684947785,27863.4521484375,39,247.0,194.0,193.33111694121823,0.06589327509260556,0.6688830587817733,0.0,7.061105174671099,246,249,219,235,260,276,True,True,,True,ok,246.9341067249074,193,10,231,264,16,247.0,246.9881108229263,246.0,False,6.297727662956494,37236.0,28299.0,5912.6088,15,0.7894736842105263,1.0,0.6666666666666666,8.082444347987286,0.7162879438260824,1.0,0.6666666666666666,0.7894736842105263,1.0,0.8024551663040411,assessable,246.9881108229263,False
flow05,456,0,0.15,128.0,19,246.96726671332829,200.0,193.0,212.0,214.0,high_confidence,0.5,high_confidence,0.5,high_confidence,0.9184316458423669,strong_evidence,0.9976774773822313,True,True,247.0,48509.515625,14265.1748046875,4508.80029296875,7.595000575588776,0.03273328667171427,3.5275590551181097,16.0,230,264,0.033159988420891295,strong_evidence,0.8454803352862998,True,True,4.964177248034227,56249.01171875,13130.546875,4.283828560548816,39391.640625,17,247.0,195.0,193.47605058615358,0.03273328667171427,1.5239494138464238,0.0,7.595000575588776,246,249,219,235,260,276,True,True,,True,ok,246.96726671332829,193,10,231,264,16,247.0,246.75570267566394,246.0,False,6.523096490720935,33849.0,31686.0,5189.099999999999,13,0.7368421052631579,1.0,0.7692307692307693,8.88471792073177,0.7538494151201558,1.0,0.7692307692307693,0.7368421052631579,1.0,0.8282197649276821,assessable,246.75570267566394,False
flow05,457,0,0.15,128.0,19,246.98530882486187,200.0,194.0,213.0,215.0,high_confidence,0.5,high_confidence,0.5,high_confidence,0.9009758792301081,strong_evidence,0.9989582859636218,True,True,247.0,47648.4921875,13863.2607421875,2637.0263671875,12.811867134019549,0.014691175138125345,3.5275590551181097,16.0,230,264,0.018042111533588923,strong_evidence,0.8126040359847693,True,True,4.964177248034227,55619.140625,3885.413818359375,14.31485633838748,11656.241455078125,104,247.0,189.0,193.6009680616526,0.014691175138125345,-4.600968061652594,0.0,12.811867134019549,246,249,219,235,260,276,True,True,,True,ok,246.98530882486187,194,10,231,264,16,246.0,246.04656899263307,246.5,False,11.471708178507047,37417.5,28117.5,3261.72,17,0.8947368421052632,1.0,0.5882352941176471,6.378261512975813,1.0,1.0,0.5882352941176471,0.8947368421052632,0.7297102521626355,0.8748286103555825,assessable,246.04656899263307,False
flow05,458,0,0.15,128.0,19,246.99420979767547,197.0,194.0,213.0,215.0,model_assisted,3.885855532230636e-05,model_assisted,3.885855532230636e-05,model_assisted,0.0,strong_evidence,0.9995895610292919,True,True,247.0,47084.3046875,10299.2109375,4757.99609375,7.7312156263264065,0.005790202324533311,3.5275590551181097,16.0,230,264,0.008900972813592034,weak_evidence,0.0,True,False,4.964177248034227,56641.234375,2604.85205078125,21.74451111648053,8496.18515625,147,247.0,164.0,193.69478992778966,0.005790202324533311,-29.694789927789657,1.0,7.7312156263264065,246,249,219,235,260,276,True,True,UPPER_SEED_TRAJECTORY_OUTLIER;Z_EDGE_EVIDENCE_WEAK,True,ok,246.99420979767547,194,10,231,264,16,247.0,247.3849229467577,247.5,False,6.233426535230692,36786.5,28748.5,5901.489299999999,13,0.7894736842105263,1.0,0.7692307692307693,10.075350939446265,0.7055710892051154,1.0,0.7692307692307693,0.7894736842105263,1.0,0.8192170876995232,assessable,247.3849229467577,False
flow05,459,0,0.15,128.0,19,246.99852267522164,197.0,194.0,213.0,215.0,model_assisted,0.0031937238719089533,model_assisted,0.0031937238719089533,model_assisted,0.0,strong_evidence,0.9998952957200402,True,True,247.0,48149.5625,12230.4970703125,4235.14111328125,8.481196840654636,0.001477324778363709,3.5275590551181097,16.0,230,264,0.004312877546169602,weak_evidence,0.0,True,False,4.964177248034227,56820.8125,1730.9912109375,32.82559272454423,8523.121874999999,134,247.0,177.0,193.74550250631975,0.001477324778363709,-16.745502506319752,1.0,8.481196840654636,246,249,219,235,260,276,True,True,UPPER_SEED_TRAJECTORY_OUTLIER;Z_EDGE_EVIDENCE_WEAK,True,ok,246.99852267522164,194,10,231,264,16,248.0,246.84474433756208,247.5,False,8.678993700385483,37624.5,27910.5,4335.1224,13,0.8421052631578947,1.0,0.7692307692307693,5.099684354915853,1.0,1.0,0.7692307692307693,0.8421052631578947,0.5166140591526421,0.8818233492351023,assessable,246.84474433756208,False
flow05,460,0,0.15,128.0,19,247.00147732477842,197.0,194.0,213.0,215.0,high_confidence,0.5,high_confidence,0.5,high_confidence,0.9237567704257018,strong_evidence,0.9998952957200362,True,True,247.0,48913.4140625,10848.65234375,4599.63623046875,8.275602637139592,-0.0014773247784205523,3.5275590551181097,16.0,231,265,0.004312877546112759,strong_evidence,0.8534159272074906,True,True,4.964177248034227,56334.96875,13197.53125,4.268599004075099,39592.59375,22,247.0,195.0,193.74576495414,-0.0014773247784205523,1.254235045860014,0.0,8.275602637139592,246,249,219,235,260,276,True,True,,True,ok,247.00147732477842,194,10,231,264,16,247.0,247.3928272771914,247.5,False,3.965942174601014,38728.0,26807.0,9765.1449,11,0.8947368421052632,1.0,0.9090909090909091,6.601647997301221,0.32765702910016903,1.0,0.9090909090909091,0.8947368421052632,0.7669413328835368,0.7074028016073842,assessable,247.3928272771914,False
flow05,461,0,0.15,128.0,19,247.00579020232453,198.0,194.0,213.0,215.0,model_assisted,0.004038851990753141,model_assisted,0.004038851990753141,model_assisted,0.0,strong_evidence,0.9995895610292919,True,True,247.0,48852.94921875,12806.546875,4768.404296875,7.559426613085893,-0.005790202324533311,3.5275590551181097,16.0,231,265,0.008900972813592034,weak_evidence,0.0,True,False,4.964177248034227,55855.69921875,1377.2362060546875,40.556368597626076,8378.3548828125,134,247.0,178.0,193.69601511275852,-0.005790202324533311,-15.696015112758516,1.0,7.559426613085893,246,249,219,235,260,276,True,True,UPPER_SEED_TRAJECTORY_OUTLIER;Z_EDGE_EVIDENCE_WEAK,True,ok,247.00579020232453,194,10,231,264,16,246.0,245.53449796084627,246.5,False,4.524302294216959,36399.5,29135.5,8045.3288999999995,11,0.7368421052631579,1.0,0.9090909090909091,3.910416225287754,0.4207170490361598,1.0,0.9090909090909091,0.7368421052631579,0.31840270421462563,0.6714357351917739,assessable,245.53449796084627,False
flow05,462,0,0.15,128.0,19,247.01469117513813,200.0,194.0,213.0,215.0,high_confidence,0.5856814115327641,high_confidence,0.5856814115327641,high_confidence,0.8940446858940146,strong_evidence,0.8477028960947814,True,True,249.0,45934.1640625,15578.927734375,2954.594482421875,10.273909502207855,1.9853088248618747,3.5275590551181097,16.0,231,265,0.018042111533645766,strong_evidence,0.9429198650348318,True,True,4.964177248034227,54381.87890625,3795.631103515625,14.327493221319614,11386.893310546875,108,249.0,192.0,193.60493791071477,1.9853088248618747,-1.6049379107147672,0.0,10.273909502207855,246,249,219,235,260,276,True,True,,True,ok,247.01469117513813,194,10,231,264,16,246.5,246.94033263712046,247.0,False,3.8548902759744936,31834.0,33701.0,8258.082,10,0.7368421052631579,1.0,1.0,4.730802303374074,0.3091483793290823,1.0,1.0,0.7368421052631579,0.45513371722901236,0.6642416202775537,assessable,246.94033263712046,False
flow05,463,0,0.15,128.0,19,247.03273328667177,207.0,193.0,212.0,214.0,high_confidence,0.5,high_confidence,0.5,high_confidence,0.9111220495832002,strong_evidence,0.9976774773822272,True,True,247.0,47179.87109375,14527.7548828125,4797.82958984375,6.8056014911527685,-0.03273328667177111,3.5275590551181097,16.0,231,265,0.03315998842083445,strong_evidence,0.8320759043442348,True,True,4.964177248034227,49819.15234375,12217.265625,4.077766160850743,36651.796875,22,247.0,195.0,193.4874385140501,-0.03273328667177111,1.5125614859499024,0.0,6.8056014911527685,246,249,219,235,260,276,True,True,,True,ok,247.03273328667177,193,10,231,264,16,246.0,245.8053934130505,248.0,False,4.937302312531189,36263.5,29271.5,7344.800399999999,13,0.7894736842105263,1.0,0.7692307692307693,4.672274555643148,0.48955038542186485,1.0,0.7692307692307693,0.7894736842105263,0.4453790926071914,0.6881477506361047,assessable,245.8053934130505,False
flow05,464,0,0.15,128.0,19,247.0658932750926,207.0,193.0,212.0,214.0,high_confidence,0.7965815167608185,high_confidence,0.7965815167608185,high_confidence,0.9854797442253902,strong_evidence,0.9953191531305104,True,True,247.0,46304.1640625,12652.89453125,2978.28564453125,11.298872421132845,-0.06589327509260556,3.5275590551181097,16.0,231,265,0.05467157824568858,strong_evidence,0.9757376045904307,True,True,4.964177248034227,49198.1953125,8258.18359375,5.957508059003971,24774.55078125,52,247.0,194.0,193.36051830709823,-0.06589327509260556,0.6394816929017679,0.0,11.298872421132845,246,249,219,235,260,276,True,True,,True,ok,247.0658932750926,193,10,231,264,16,247.0,247.18149561546704,247.5,False,5.489658835311803,39913.5,25621.5,7270.6704,13,0.8947368421052632,1.0,0.7692307692307693,6.54252771638268,0.5816098058853005,1.0,0.7692307692307693,0.8947368421052632,0.7570879527304467,0.7673289074948432,assessable,247.18149561546704,False
flow05,465,0,0.15,128.0,19,247.1205648533383,208.0,193.0,212.0,214.0,high_confidence,0.5,high_confidence,0.5,high_confidence,0.8529392614107743,strong_evidence,0.9171531699136356,True,True,246.0,48984.25390625,12586.2080078125,5159.23583984375,7.054929650112648,-1.1205648533382941,3.5275590551181097,16.0,231,265,0.08065919989877557,strong_evidence,0.7932212497553306,True,True,4.964177248034227,46755.22265625,12842.8486328125,3.6405647993696637,38528.5458984375,22,246.0,195.0,193.2382736376661,-1.1205648533382941,1.7617263623338886,0.0,7.054929650112648,246,249,219,235,260,276,True,True,,True,ok,247.1205648533383,193,10,231,264,16,246.5,246.07417174351272,246.5,False,8.14775312023417,35925.5,29609.5,4409.252399999999,12,0.9473684210526315,1.0,0.8333333333333334,6.491444910082787,1.0,1.0,0.8333333333333334,0.9473684210526315,0.7485741516804646,0.933629344992608,assessable,246.07417174351272,False
flow05,466,0,0.15,128.0,19,247.20122405323707,212.0,193.0,212.0,214.0,high_confidence,0.5,high_confidence,0.5,high_confidence,0.9103324141514381,strong_evidence,0.8322871546097492,True,True,246.0,45250.1484375,17349.62109375,5570.001953125,5.009069579966064,-1.2012240532370697,3.5275590551181097,16.0,231,265,0.10648569402724206,strong_evidence,0.9956961364414624,True,True,4.964177248034227,41357.765625,4230.67724609375,9.77568441629204,12692.03173828125,81,246.0,193.0,193.12763992491398,-1.2012240532370697,-0.12763992491397858,0.0,5.009069579966064,246,249,219,235,260,276,True,True,,True,ok,247.20122405323707,193,10,231,264,16,248.0,248.00829421120432,247.5,False,7.493230984853772,35978.0,29557.0,4801.4001,15,0.8947368421052632,1.0,0.6666666666666666,7.792076193635591,0.9155384974756288,1.0,0.6666666666666666,0.8947368421052632,0.9653460322725985,0.8845169369928526,assessable,248.00829421120432,False
flow05,467,0,0.15,128.0,19,247.3077097472643,214.0,193.0,212.0,214.0,high_confidence,0.5,high_confidence,0.5,high_confidence,0.9307548620747325,strong_evidence,0.9779493293283357,True,True,247.0,42856.1875,5972.048828125,2794.47802734375,13.198936728421756,-0.3077097472643118,3.5275590551181097,16.0,231,265,0.12579798346030202,strong_evidence,0.8858379338229516,True,True,4.964177248034227,40295.3515625,1078.7166748046875,37.35489818936551,6044.302734375,111,247.0,190.0,193.0269084480237,-0.3077097472643118,-3.026908448023704,0.0,13.198936728421756,246,249,219,235,260,276,True,True,,True,ok,247.3077097472643,193,10,231,264,16,246.0,246.46996106277805,247.0,False,7.436399267037011,40898.0,24637.0,5499.704699999999,15,0.631578947368421,1.0,0.6666666666666666,6.371553627708562,0.9060665445061685,1.0,0.6666666666666666,0.631578947368421,0.7285922712847603,0.8180526931442315,assessable,246.46996106277805,False
flow05,468,0,0.15,128.0,19,247.4335077307246,220.0,193.0,212.0,214.0,high_confidence,0.5,high_confidence,0.5,high_confidence,0.8497837924842584,strong_evidence,0.7621630851678401,True,True,246.0,44788.9375,17452.09765625,6249.6787109375,4.374119232066773,-1.4335077307246138,3.5275590551181097,16.0,231,265,0.1329845385507724,strong_evidence,0.9474776567142509,True,True,4.964177248034227,39859.4921875,6966.8212890625,5.721331226061024,20900.4638671875,47,246.0,194.0,192.9276609737426,-1.4335077307246138,1.0723390262573957,0.0,4.374119232066773,246,249,219,235,260,276,True,True,,True,ok,247.4335077307246,193,10,231,264,16,246.0,246.29522615310916,246.0,False,5.249876270563352,38462.0,27073.0,7326.2679,13,0.7368421052631579,1.0,0.7692307692307693,6.39911931679503,0.5416460450938919,1.0,0.7692307692307693,0.7368421052631579,0.7331865527991717,0.727267240698407,assessable,246.29522615310916,False
flow05,469,0,0.15,128.0,19,247.5664922692754,220.0,193.0,212.0,214.0,high_confidence,0.5,high_confidence,0.5,high_confidence,0.9117847349020495,strong_evidence,0.8671878833210327,True,True,246.0,44952.765625,14229.7939453125,5297.18212890625,5.799870748644829,-1.5664922692753862,3.5275590551181097,16.0,231,265,0.1329845385507724,strong_evidence,0.9586750677564928,True,True,4.964177248034227,38932.83984375,6206.87744140625,6.272532398340582,18620.63232421875,56,246.0,194.0,192.81929904206856,-1.5664922692753862,1.1807009579314354,0.0,5.799870748644829,247,250,220,236,261,277,True,True,,True,ok,247.5664922692754,193,10,232,265,16,247.0,248.37797683444123,248.0,False,5.361839366553048,31460.0,34075.0,5867.389499999999,11,0.5789473684210527,1.0,0.9090909090909091,5.341584339613378,0.5603065610921747,1.0,0.9090909090909091,0.5789473684210527,0.5569307232688964,0.7204606557904907,assessable,248.37797683444123,False
flow05,470,0,0.15,128.0,19,247.69229025273572,220.0,193.0,212.0,214.0,high_confidence,0.5361362010250725,high_confidence,0.5361362010250725,high_confidence,0.9386352465533357,strong_evidence,0.9025762124636203,True,True,249.0,40879.9375,16692.88671875,3579.659423828125,6.756802231030156,1.3077097472642834,3.5275590551181097,16.0,231,265,0.12579798346033044,strong_evidence,0.976134883576663,True,True,4.964177248034227,37159.80859375,3932.03759765625,9.450522196405156,11796.11279296875,75,249.0,192.0,192.69399505858388,1.3077097472642834,-0.6939950585838801,0.0,6.756802231030156,247,250,220,236,261,277,True,True,,True,ok,247.69229025273572,193,10,232,265,16,248.0,249.22949514014778,248.5,False,5.433292408663406,28645.0,36100.5,5272.125599999999,11,0.10526315789473684,1.0,0.9090909090909091,5.470405959199322,0.572215401443901,1.0,0.9090909090909091,0.10526315789473684,0.578400993199887,0.6557231453277464,assessable,249.22949514014778,False
flow05,471,0,0.15,128.0,19,247.79877594676296,219.0,193.0,212.0,214.0,high_confidence,0.5,high_confidence,0.5,high_confidence,0.8477727567848671,strong_evidence,0.7299283737241795,True,True,250.0,36531.12109375,17055.541015625,4191.45361328125,4.6464978203298495,2.2012240532370413,3.5275590551181097,16.0,231,265,0.10648569402724206,strong_evidence,0.9846427033376264,True,True,4.964177248034227,34853.44921875,5067.5556640625,6.877763468079813,15202.6669921875,58,250.0,193.0,192.54957068853173,2.2012240532370413,0.4504293114682696,0.0,4.6464978203298495,247,250,220,236,261,277,True,True,,True,ok,247.79877594676296,193,10,232,265,16,248.0,246.21478355682152,247.0,False,5.578972551845597,28284.0,34647.0,5069.7507,11,0.5789473684210527,1.0,0.9090909090909091,6.422944766311453,0.5964954253075995,1.0,0.9090909090909091,0.5789473684210527,0.7371574610519088,0.7511494320441905,assessable,246.21478355682152,False
flow05,472,0,0.15,128.0,19,247.87943514666176,213.0,192.0,211.0,213.0,model_assisted,0.10070239270257589,model_assisted,0.10070239270257589,model_assisted,0.8384299937111654,strong_evidence,0.9914186847700671,True,True,248.0,42271.0390625,16157.962890625,3082.445556640625,8.471544976883257,0.1205648533382373,3.5275590551181097,16.0,231,265,0.08065919989880399,weak_evidence,0.7090494310358278,True,False,4.964177248034227,34579.78125,3563.973388671875,9.702592437954834,10691.920166015625,81,248.0,186.0,192.3891405709392,0.1205648533382373,-6.38914057093919,1.0,8.471544976883257,247,250,220,236,261,277,True,True,UPPER_SEED_TRAJECTORY_OUTLIER;Z_EDGE_EVIDENCE_WEAK,True,ok,247.87943514666176,192,10,232,265,16,247.0,247.676869941655,247.0,False,7.412597123959499,34876.5,29007.5,4705.0311,15,0.5263157894736842,1.0,0.6666666666666666,6.489816170319466,0.9020995206599166,1.0,0.6666666666666666,0.5263157894736842,0.7483026950532444,0.8028458034906812,assessable,247.676869941655,False
flow05,473,0,0.15,128.0,19,247.9341067249074,213.0,192.0,211.0,213.0,model_assisted,0.07698323548251974,model_assisted,0.07698323548251974,model_assisted,0.8190798285753278,strong_evidence,0.931449790371436,True,True,247.0,42112.3984375,12298.3671875,4873.08251953125,6.118105148128676,-0.9341067249073944,3.5275590551181097,16.0,231,265,0.054671578245631736,weak_evidence,0.720266161970422,True,False,4.964177248034227,36054.72265625,3914.201416015625,9.211258906791544,11742.604248046875,81,247.0,186.0,192.218504823329,-0.9341067249073944,-6.218504823328999,2.0,6.118105148128676,247,250,220,236,261,277,True,True,UPPER_SEED_TRAJECTORY_OUTLIER;Z_EDGE_EVIDENCE_WEAK,True,ok,247.9341067249074,192,10,232,265,16,248.5,248.56476661267487,248.5,False,7.400659788793336,37914.5,27620.5,5123.1242999999995,12,0.631578947368421,1.0,0.8333333333333334,6.537936403960105,0.9001099647988893,1.0,0.8333333333333334,0.631578947368421,0.7563227339933508,0.8520742698508762,assessable,248.56476661267487,False
flow05,474,0,0.15,128.0,19,247.96726671332826,210.0,192.0,211.0,213.0,model_assisted,0.006639553823611503,model_assisted,0.006639553823611503,model_assisted,0.0,strong_evidence,0.9239151895315918,True,True,249.0,45136.86328125,10210.923828125,1971.82470703125,17.71249712440665,1.0327332866717427,3.5275590551181097,16.0,231,265,0.033159988420862874,weak_evidence,0.0,True,False,4.964177248034227,38574.98828125,2752.181884765625,14.016147876990708,8256.545654296875,125,249.0,177.0,192.04413153897218,1.0327332866717427,-15.04413153897218,2.0,17.71249712440665,247,250,220,236,261,277,True,True,UPPER_SEED_TRAJECTORY_OUTLIER;Z_EDGE_EVIDENCE_WEAK,True,ok,247.96726671332826,192,10,232,265,16,248.0,248.45181933881403,247.0,False,5.663275683960709,41201.0,24121.0,7275.1182,13,0.7894736842105263,1.0,0.7692307692307693,6.472199501410058,0.6105459473267848,1.0,0.7692307692307693,0.7894736842105263,0.7453665835683431,0.7604949463989419,assessable,248.45181933881403,False
flow05,475,0,0.15,128.0,19,247.98526421351914,212.0,192.0,211.0,213.0,model_assisted,0.006383685069709819,model_assisted,0.006383685069709819,model_assisted,0.0,strong_evidence,0.9989551210319014,True,True,248.0,41063.2265625,16829.658203125,3722.60302734375,6.509844907278973,0.014735786480855495,3.5275590551181097,16.0,231,265,0.017997500190887195,weak_evidence,0.0,True,False,4.964177248034227,41144.41015625,2795.031005859375,14.720555897232174,8385.093017578125,124,248.0,178.0,191.8742208712397,0.014735786480855495,-13.874220871239686,1.0,6.509844907278973,247,250,220,236,261,277,True,True,UPPER_SEED_TRAJECTORY_OUTLIER;Z_EDGE_EVIDENCE_WEAK,True,ok,247.98526421351914,192,10,232,265,16,249.0,247.70425655930345,248.0,False,5.54373921402678,29704.0,35831.0,5358.1164,11,0.42105263157894735,1.0,0.9090909090909091,7.545715077304049,0.5906232023377966,1.0,0.9090909090909091,0.42105263157894735,0.9242858462173414,0.7441227819949869,assessable,247.70425655930345,False
flow05,476,0,0.15,128.0,19,247.99400509156683,207.0,192.0,211.0,213.0,high_confidence,0.5,high_confidence,0.5,high_confidence,0.8310020918966108,strong_evidence,0.9259639322495209,True,True,249.0,47443.19140625,10648.755859375,2624.54150390625,14.019376524285027,1.0059949084331663,3.5275590551181097,16.0,231,265,0.008740878047689193,strong_evidence,0.7457790230110775,True,True,4.964177248034227,45400.54296875,12220.107421875,3.715232722707436,36660.322265625,20,249.0,195.0,191.7224317989362,1.0059949084331663,3.2775682010637865,0.0,14.019376524285027,247,250,220,236,261,277,True,True,,True,ok,247.99400509156683,192,10,232,265,16,249.0,248.74205967348962,248.5,False,9.428154470647389,38440.0,27095.0,4077.1499999999996,17,0.5789473684210527,1.0,0.5882352941176471,4.780331215146358,1.0,1.0,0.5882352941176471,0.5789473684210527,0.4633885358577263,0.80082801767246,assessable,248.74205967348962,False
flow05,477,0,0.15,128.0,19,247.99780386150712,207.0,192.0,211.0,213.0,high_confidence,0.5,high_confidence,0.5,high_confidence,0.9333845084737842,strong_evidence,0.9998443463744814,True,True,248.0,46731.57421875,14988.166015625,3613.316162109375,8.785117819469717,0.002196138492877253,3.5275590551181097,16.0,231,265,0.0037987699402890485,strong_evidence,0.8713422682419671,True,True,4.964177248034227,48357.73046875,9250.58984375,5.227529410075625,27751.76953125,38,248.0,194.0,191.61037892923108,0.002196138492877253,2.389621070768925,0.0,8.785117819469717,247,250,220,236,261,277,True,True,,True,ok,247.99780386150712,192,10,232,265,16,248.5,247.8600315642444,248.5,False,4.016923216265936,35524.5,30010.5,8843.708999999999,12,0.631578947368421,1.0,0.8333333333333334,7.3141413509139905,0.336153869377656,1.0,0.8333333333333334,0.631578947368421,0.8856902251523318,0.6676263855693427,assessable,247.8600315642444,False
flow05,478,0,0.15,128.0,19,247.99928118628551,207.0,192.0,211.0,213.0,high_confidence,0.5,high_confidence,0.5,high_confidence,0.8393010713198207,strong_evidence,0.9264776381529547,True,True,247.0,45802.4296875,11286.482421875,5615.05126953125,6.147040446971097,-0.9992811862855149,3.5275590551181097,16.0,231,265,0.0014773247783921306,strong_evidence,0.7603273509363461,True,True,4.964177248034227,50488.61328125,5010.68603515625,10.076187756927698,15032.05810546875,84,247.0,186.0,191.56441102946116,-0.9992811862855149,-5.564411029461155,0.0,6.147040446971097,247,250,220,236,261,277,True,True,,True,ok,247.99928118628551,192,10,232,265,16,246.0,248.44120062508517,247.5,False,5.200128231180593,38032.0,27503.0,7313.6658,13,0.7368421052631579,1.0,0.7692307692307693,7.531728438864356,0.5333547051967655,1.0,0.7692307692307693,0.7368421052631579,0.921954739810726,0.7432420904355681,assessable,248.44120062508517,False
flow05,479,0,0.15,128.0,19,247.99979529389134,205.0,192.0,211.0,213.0,model_assisted,0.00031304603841282927,model_assisted,0.00031304603841282927,model_assisted,0.0,strong_evidence,0.9885197160776352,True,True,248.0,46652.87890625,13311.9609375,5686.4736328125,5.863197496663632,0.00020470610866141215,3.5275590551181097,16.0,231,265,0.0005141076058237104,weak_evidence,0.0,True,False,4.964177248034227,52213.640625,846.1531372070312,61.70708153059144,7832.046093749999,139,248.0,169.0,191.60581090101257,0.00020470610866141215,-22.605810901012575,1.0,5.863197496663632,247,250,220,236,261,277,True,True,UPPER_SEED_TRAJECTORY_OUTLIER;Z_EDGE_EVIDENCE_WEAK,True,ok,247.99979529389134,192,10,232,265,16,245.0,245.79544946509625,246.0,False,11.046533661462776,39904.0,25631.0,3612.3549,17,0.47368421052631576,1.0,0.5882352941176471,6.372361043011022,1.0,1.0,0.5882352941176471,0.47368421052631576,0.728726840501837,0.8115723744526605,assessable,248.08863535753258,True
flow05,480,0,0.15,128.0,19,247.99995538865724,205.0,192.0,211.0,213.0,model_assisted,0.0007127496570223018,model_assisted,0.0007127496570223018,model_assisted,0.0,strong_evidence,0.9999968383652418,True,True,248.0,49824.0703125,11476.4609375,2456.141845703125,15.6129457433767,4.461134275857148e-05,3.5275590551181097,16.0,231,265,0.00016009476590284066,weak_evidence,0.0,True,False,4.964177248034227,53634.2578125,3092.49951171875,17.343335903290455,9277.49853515625,138,248.0,170.0,191.73914093412492,4.461134275857148e-05,-21.73914093412492,1.0,15.6129457433767,247,250,220,236,261,277,True,True,UPPER_SEED_TRAJECTORY_OUTLIER;Z_EDGE_EVIDENCE_WEAK,True,ok,247.99995538865724,192,10,232,265,16,248.0,248.08863535753258,248.5,False,7.544593854841452,38568.0,26967.0,5112.0048,11,0.8947368421052632,1.0,0.9090909090909091,10.155363265469335,0.9240989758069086,1.0,0.9090909090909091,0.8947368421052632,1.0,0.9394633496663893,assessable,248.08863535753258,False
flow05,481,0,0.15,128.0,19,248.00000000000003,205.0,192.0,211.0,213.0,high_confidence,0.5,high_confidence,0.5,high_confidence,0.947032517982882,strong_evidence,0.999999999999998,True,True,248.0,48929.18359375,13566.98828125,2424.330322265625,14.586376694514442,-2.842170943040401e-14,3.5275590551181097,16.0,232,265,4.461134278699319e-05,strong_evidence,0.8968705901169995,True,True,4.964177248034227,53799.40234375,11110.0986328125,4.8423874640373725,33330.2958984375,39,248.0,193.0,191.94644067181738,-2.842170943040401e-14,1.0535593281826152,0.0,14.586376694514442,247,250,220,236,261,277,True,True,,True,ok,248.00000000000003,192,10,232,265,16,248.0,247.98800463078933,249.0,False,9.264192869475893,39042.0,26493.0,4214.2905,13,0.9473684210526315,1.0,0.7692307692307693,8.437980846294863,1.0,1.0,0.7692307692307693,0.9473684210526315,1.0,0.9459514170040486,assessable,247.98800463078933,False
flow05,482,0,0.15,128.0,19,248.00000000000003,205.0,192.0,211.0,213.0,high_confidence,0.5,high_confidence,0.5,high_confidence,0.8839514993836011,strong_evidence,0.999999999999998,True,True,248.0,45306.90625,9936.8173828125,3456.875732421875,10.231808026957145,-2.842170943040401e-14,3.5275590551181097,16.0,232,265,0.0,strong_evidence,0.781370253262518,True,True,4.964177248034227,52818.20703125,4024.57080078125,13.123935357528541,12073.71240234375,110,248.0,187.0,192.19195968865964,-2.842170943040401e-14,-5.191959688659637,0.0,10.231808026957145,247,250,220,236,261,277,True,True,,True,ok,248.00000000000003,192,10,232,265,16,245.5,247.70061508586514,248.5,False,9.331367837748273,39207.5,26327.5,4201.6884,14,0.7894736842105263,1.0,0.7142857142857143,8.056182849118391,1.0,1.0,0.7142857142857143,0.7894736842105263,1.0,0.9112781954887219,assessable,247.70061508586514,False
flow05,483,0,0.15,128.0,19,248.00000000000003,207.0,192.0,211.0,213.0,high_confidence,0.5,high_confidence,0.5,high_confidence,0.9389562953241184,strong_evidence,0.999999999999998,True,True,248.0,47167.4609375,11496.640625,4754.24658203125,7.502938624874534,-2.842170943040401e-14,3.5275590551181097,16.0,232,265,0.0,strong_evidence,0.8816389245287948,True,True,4.964177248034227,49215.6796875,11288.841796875,4.359674851774784,33866.525390625,33,248.0,193.0,192.43532831329065,-2.842170943040401e-14,0.564671686709346,0.0,7.502938624874534,247,250,220,236,261,277,True,True,,True,ok,248.00000000000003,192,10,232,265,16,246.5,247.5388523679655,248.5,False,6.848172828760889,37734.0,27801.0,5510.082899999999,18,0.5263157894736842,1.0,0.5555555555555556,8.451251330393212,0.8080288047934815,1.0,0.5555555555555556,0.5263157894736842,1.0,0.7728685612098822,assessable,247.5388523679655,False
flow05,484,0,0.15,128.0,19,248.00000000000003,209.0,193.0,212.0,214.0,high_confidence,0.5,high_confidence,0.5,high_confidence,0.8936624950556653,strong_evidence,0.9264226511541179,True,True,247.0,47068.75,16606.66796875,3583.371826171875,8.500954829405108,-1.0000000000000284,3.5275590551181097,16.0,232,265,0.0,strong_evidence,0.8620608035373456,True,True,4.964177248034227,43059.37109375,10802.736328125,3.9859689050860774,32408.208984375,34,247.0,193.0,192.64597382413902,-1.0000000000000284,0.3540261758609802,0.0,8.500954829405108,247,250,220,236,261,277,True,True,,True,ok,248.00000000000003,193,10,232,265,16,248.5,247.92397664196474,248.0,False,7.571134823038152,31609.5,33925.5,4175.0016,14,0.7368421052631579,1.0,0.7142857142857143,5.850732620194477,0.9285224705063587,1.0,0.7142857142857143,0.7368421052631579,0.6417887700324129,0.8425452003270835,assessable,247.92397664196474,False
flow05,485,0,0.15,128.0,19,248.00000000000003,209.0,193.0,212.0,214.0,high_confidence,0.5,high_confidence,0.5,high_confidence,0.9063786117137301,strong_evidence,0.9179434534751262,True,True,248.0,43639.234375,13608.423828125,5939.9658203125,5.055721102667067,-2.842170943040401e-14,3.5275590551181097,16.0,232,265,0.0,strong_evidence,0.8949594712637381,True,True,4.964177248034227,43936.109375,4371.38818359375,10.050836834828932,13114.16455078125,93,248.0,190.0,192.8115115670069,-2.842170943040401e-14,-2.811511567006903,0.0,5.055721102667067,247,250,220,236,261,277,True,True,,True,ok,248.00000000000003,193,10,232,265,16,247.5,246.8928686007608,248.0,False,4.853292411628065,31120.5,34414.5,6412.245,10,0.7368421052631579,1.0,1.0,7.353629240333664,0.4755487352713441,1.0,1.0,0.7368421052631579,0.8922715400556106,0.7661955271400052,assessable,246.8928686007608,False
flow05,486,0,0.15,128.0,19,248.00000000000003,207.0,193.0,212.0,214.0,model_assisted,0.05161956568708931,model_assisted,0.05161956568708931,model_assisted,0.7904900656631089,strong_evidence,0.9321621093742523,True,True,248.0,47158.02734375,16194.0849609375,5939.1201171875,5.213557188918353,-2.842170943040401e-14,3.5275590551181097,16.0,232,265,0.0,weak_evidence,0.6703496501606743,True,False,4.964177248034227,48051.1171875,2613.712158203125,18.384242134961863,7841.136474609375,126,248.0,186.0,192.93759536990046,-2.842170943040401e-14,-6.937595369900464,1.0,5.213557188918353,247,250,220,236,261,277,True,True,UPPER_SEED_TRAJECTORY_OUTLIER;Z_EDGE_EVIDENCE_WEAK,True,ok,248.00000000000003,193,10,232,265,16,246.5,246.9818011234754,246.5,False,7.136123657629176,37485.0,28050.0,5252.8517999999995,14,0.7894736842105263,1.0,0.7142857142857143,5.404978443240479,0.8560206096048627,1.0,0.7142857142857143,0.7894736842105263,0.5674964072067464,0.8176350495710984,assessable,246.9818011234754,False
flow05,487,0,0.15,128.0,19,248.00000000000003,206.0,193.0,212.0,214.0,high_confidence,0.5,high_confidence,0.5,high_confidence,0.8604416430556439,strong_evidence,0.9264226511541179,True,True,247.0,46910.0,10524.802734375,3964.32763671875,9.178150899692238,-1.0000000000000284,3.5275590551181097,16.0,232,265,0.0,strong_evidence,0.7991598868852907,True,True,4.964177248034227,49589.0859375,12998.861328125,3.8148792179363067,38996.583984375,21,247.0,195.0,193.04147010572117,-1.0000000000000284,1.9585298942788256,0.0,9.178150899692238,247,250,220,236,261,277,True,True,,True,ok,248.00000000000003,193,10,232,265,16,248.0,246.94861736961244,248.5,False,5.956664474852893,39719.0,25816.0,6667.9935,13,0.8947368421052632,1.0,0.7692307692307693,8.789218579647539,0.6594440791421489,1.0,0.7692307692307693,0.8947368421052632,1.0,0.8188621078616953,assessable,246.94861736961244,False
flow05,488,0,0.15,128.0,19,248.00000000000003,206.0,193.0,212.0,214.0,high_confidence,0.5,high_confidence,0.5,high_confidence,0.9396299607973174,strong_evidence,0.999999999999998,True,True,248.0,46967.97265625,13033.78515625,3558.808837890625,9.53526560311496,-2.842170943040401e-14,3.5275590551181097,16.0,232,265,0.0,strong_evidence,0.8829044632279701,True,True,4.964177248034227,50857.0625,11253.1787109375,4.5193508257866375,33759.5361328125,37,248.0,194.0,193.14344842228834,-2.842170943040401e-14,0.8565515777116559,0.0,9.53526560311496,247,250,220,236,261,277,True,True,,True,ok,248.00000000000003,193,10,232,265,16,246.5,247.6718309927431,248.0,False,10.442313501665902,38224.5,27310.5,3660.5393999999997,14,0.8421052631578947,1.0,0.7142857142857143,6.796222543633325,1.0,1.0,0.7142857142857143,0.8421052631578947,0.7993704239388876,0.8991099747247159,assessable,247.6718309927431,False
flow05,489,0,0.15,128.0,19,248.00000000000003,206.0,193.0,212.0,214.0,high_confidence,0.8479361311595384,high_confidence,0.8479361311595384,high_confidence,0.9582610258708893,strong_evidence,0.9264226511541223,True,True,249.0,47251.5078125,10370.015625,3988.476318359375,9.247012955230703,0.9999999999999716,3.5275590551181097,16.0,232,265,0.0,strong_evidence,0.991193590268082,True,True,4.964177248034227,51722.99609375,7654.9111328125,6.7568382174995145,22964.7333984375,63,249.0,193.0,193.25999633702767,0.9999999999999716,-0.25999633702767255,0.0,9.247012955230703,247,250,220,236,261,277,True,True,,True,ok,248.00000000000003,193,10,232,265,16,249.0,248.32077476367192,248.0,False,7.635780612413757,35853.0,29682.0,4695.3942,11,0.8947368421052632,1.0,0.9090909090909091,7.077077834336475,0.9392967687356261,1.0,0.9090909090909091,0.8947368421052632,0.8461796390560791,0.9294005410970484,assessable,248.32077476367192,False
flow05,490,0,0.15,128.0,19,248.00000000000003,206.0,193.0,212.0,214.0,high_confidence,0.5,high_confidence,0.5,high_confidence,0.9139101304983454,strong_evidence,0.9159412261197883,True,True,247.0,46386.68359375,19708.970703125,4548.62841796875,5.865001587124209,-1.0000000000000284,3.5275590551181097,16.0,232,265,0.0,strong_evidence,0.9118835388224675,True,True,4.964177248034227,51701.19140625,3806.416259765625,13.582642537743213,11419.248779296875,92,247.0,191.0,193.4000807390434,-1.0000000000000284,-2.4000807390434034,0.0,5.865001587124209,247,250,220,236,261,277,True,True,,True,ok,248.00000000000003,193,10,232,265,16,248.5,247.57583455849053,248.5,False,3.711842167007047,30311.5,35223.5,8166.1608,10,0.6842105263157895,1.0,1.0,8.28652818577792,0.28530702783450784,1.0,1.0,0.6842105263157895,1.0,0.7024890386894462,assessable,247.57583455849053,False
flow05,491,0,0.15,128.0,19,248.00000000000003,205.0,194.0,213.0,215.0,high_confidence,0.5,high_confidence,0.5,high_confidence,0.9279847977950157,strong_evidence,0.999999999999998,True,True,248.0,42648.55078125,10072.123046875,3108.88623046875,10.478488217133378,-2.842170943040401e-14,3.5275590551181097,16.0,232,265,0.0,strong_evidence,0.861155784938658,True,True,4.964177248034227,51692.42578125,11540.5341796875,4.479205639565096,34621.6025390625,27,248.0,195.0,193.56487177900476,-2.842170943040401e-14,1.4351282209952387,0.0,10.478488217133378,247,250,220,236,261,277,True,True,,True,ok,248.00000000000003,194,10,232,265,16,247.0,247.59765177442728,248.0,False,8.937275759142082,36803.0,28732.0,4117.9214999999995,15,0.7894736842105263,1.0,0.6666666666666666,4.500588346857954,1.0,1.0,0.6666666666666666,0.7894736842105263,0.41676472447632573,0.843430858412545,assessable,247.59765177442728,False
flow05,492,0,0.15,128.0,19,248.00000000000003,205.0,194.0,213.0,215.0,high_confidence,0.7680135050126667,high_confidence,0.7680135050126667,high_confidence,0.9869997018877495,strong_evidence,0.999999999999998,True,True,248.0,46976.4921875,15971.6337890625,3144.357177734375,9.860475972000623,-2.842170943040401e-14,3.5275590551181097,16.0,232,265,0.0,strong_evidence,0.9741684115265086,True,True,4.964177248034227,51669.02734375,7238.76953125,7.137819089376054,21716.30859375,63,248.0,193.0,193.7496919264448,-2.842170943040401e-14,-0.7496919264447968,0.0,9.860475972000623,247,250,220,236,261,277,True,True,,True,ok,248.00000000000003,194,10,232,265,16,246.5,247.7327514077294,247.5,False,5.2893345267088625,32924.5,32610.5,6224.696099999999,14,0.5789473684210527,1.0,0.7142857142857143,8.079665683948217,0.5482224211181438,1.0,0.7142857142857143,0.5789473684210527,1.0,0.7215770955116512,assessable,247.7327514077294,False
flow05,493,0,0.15,128.0,19,248.00000000000003,204.0,194.0,213.0,215.0,high_confidence,0.5226181582341902,high_confidence,0.5226181582341902,high_confidence,0.9642785239652648,strong_evidence,0.999999999999998,True,True,248.0,46129.83203125,11135.287109375,2624.77099609375,13.332418322952654,-2.842170943040401e-14,3.5275590551181097,16.0,232,265,0.0,strong_evidence,0.9298330717806316,True,True,4.964177248034227,52074.19140625,4912.77001953125,10.599761682151495,14738.31005859375,78,248.0,192.0,193.94671254164362,-2.842170943040401e-14,-1.9467125416436204,0.0,13.332418322952654,247,250,220,236,261,277,True,True,,True,ok,248.00000000000003,194,10,232,265,16,248.5,247.6547976446938,249.0,False,7.222055608754352,35645.0,29890.0,4935.5754,14,0.6842105263157895,1.0,0.7142857142857143,7.297892978573691,0.8703426014590586,1.0,0.7142857142857143,0.6842105263157895,0.8829821630956151,0.8384068486247434,assessable,247.6547976446938,False
flow05,494,0,0.15,128.0,19,248.00000000000003,204.0,194.0,213.0,215.0,model_assisted,0.011268762170634782,model_assisted,0.011268762170634782,model_assisted,0.0,strong_evidence,0.8464737781779499,True,True,246.0,47852.046875,15602.037109375,3576.491455078125,9.017219856581631,-2.0000000000000284,3.5275590551181097,16.0,232,265,0.0,weak_evidence,0.0,True,False,4.964177248034227,52896.92578125,3409.059814453125,15.516573090617838,10227.179443359375,92,246.0,181.0,194.14681529397666,-2.0000000000000284,-13.146815293976658,1.0,9.017219856581631,247,250,220,236,261,277,True,True,UPPER_SEED_TRAJECTORY_OUTLIER;Z_EDGE_EVIDENCE_WEAK,True,ok,248.00000000000003,194,10,232,265,16,247.0,247.39120183657008,247.0,False,9.306451430438518,39158.0,26377.0,4207.6188,17,0.6842105263157895,1.0,0.5882352941176471,5.631558234801034,1.0,1.0,0.5882352941176471,0.6842105263157895,0.6052597058001723,0.8308046083509151,assessable,247.39120183657008,False
flow05,495,0,0.15,128.0,19,248.00000000000003,204.0,194.0,213.0,215.0,high_confidence,0.5,high_confidence,0.5,high_confidence,0.8576703767684895,strong_evidence,0.8462426703438212,True,True,246.0,47134.2421875,15542.2724609375,5268.20458984375,5.996724156739609,-2.0000000000000284,3.5275590551181097,16.0,232,265,0.0,strong_evidence,0.8692524035538591,True,True,4.964177248034227,53608.44140625,12699.3837890625,4.221341940419261,38098.1513671875,31,246.0,195.0,194.34027866650916,-2.0000000000000284,0.6597213334908361,0.0,5.996724156739609,247,250,220,236,261,277,True,True,,True,ok,248.00000000000003,194,10,232,265,16,246.5,245.7891333498486,247.0,False,4.0410608608477165,35028.0,30507.0,8668.0209,14,0.7368421052631579,1.0,0.7142857142857143,6.982457537274353,0.3401768101412861,1.0,0.7142857142857143,0.7368421052631579,0.8304095895457255,0.6554863011506392,assessable,245.7891333498486,False
flow05,496,0,0.15,128.0,19,248.00000000000003,205.0,195.0,214.0,216.0,high_confidence,0.5,high_confidence,0.5,high_confidence,0.9015417113747694,strong_evidence,0.9264226511541179,True,True,247.0,49996.46875,13493.3056640625,4842.9560546875,7.537372355589737,-1.0000000000000284,3.5275590551181097,16.0,232,265,0.0,strong_evidence,0.8773289991733328,True,True,4.964177248034227,54057.33984375,12693.0263671875,4.258821992483416,38079.0791015625,31,247.0,195.0,194.5171789883932,-1.0000000000000284,0.48282101160680213,0.0,7.537372355589737,247,250,220,236,261,277,True,True,,True,ok,248.00000000000003,195,10,232,265,16,247.0,247.04746347100485,247.0,False,4.658463644110188,35583.0,29952.0,7638.3552,15,0.7368421052631579,1.0,0.6666666666666666,5.779827577744298,0.4430772740183646,1.0,0.6666666666666666,0.7368421052631579,0.6299712629573829,0.6619338213249729,assessable,247.04746347100485,False
flow05,497,0,0.15,128.0,19,248.00000000000003,205.0,195.0,214.0,216.0,high_confidence,0.5,high_confidence,0.5,high_confidence,0.8756642213872463,strong_evidence,0.8464737781779547,True,True,250.0,45547.9453125,13846.5439453125,3594.386962890625,8.819696291601577,1.9999999999999716,3.5275590551181097,16.0,232,265,0.0,strong_evidence,0.9058612899601599,True,True,4.964177248034227,54391.0390625,11374.0537109375,4.782027625752863,34122.1611328125,33,250.0,194.0,194.6685557161594,1.9999999999999716,-0.6685557161594033,0.0,8.819696291601577,247,250,220,236,261,277,True,True,,True,ok,248.00000000000003,195,10,232,265,16,248.0,248.553185123503,248.5,False,7.51859429464088,36116.5,29418.5,4803.624,15,0.7894736842105263,1.0,0.6666666666666666,6.174412764831431,0.91976571577348,1.0,0.6666666666666666,0.7894736842105263,0.6957354608052385,0.8432459325661541,assessable,248.553185123503,False
flow05,498,0,0.15,128.0,19,248.00000000000003,205.0,195.0,214.0,216.0,high_confidence,0.614057663419278,high_confidence,0.614057663419278,high_confidence,0.9690127887327507,strong_evidence,0.999999999999998,True,True,248.0,46766.01953125,12307.525390625,3132.413818359375,11.000620013441548,-2.842170943040401e-14,3.5275590551181097,16.0,232,265,0.0,strong_evidence,0.9389857847276244,True,True,4.964177248034227,54648.16796875,10127.763671875,5.395877089876124,30383.291015625,39,248.0,194.0,194.7884105993059,-2.842170943040401e-14,-0.7884105993059052,0.0,11.000620013441548,247,250,220,236,261,277,True,True,,True,ok,248.00000000000003,195,10,232,265,16,249.0,248.16609622817222,248.5,False,7.690361885552675,36896.0,28639.0,4797.6936,15,0.8947368421052632,1.0,0.6666666666666666,6.586191081602715,0.9483936475921125,1.0,0.6666666666666666,0.8947368421052632,0.7643651802671192,0.8759181543330741,assessable,248.16609622817222,False
flow05,499,0,0.15,128.0,19,248.00000000000003,205.0,195.0,214.0,216.0,high_confidence,0.5,high_confidence,0.5,high_confidence,0.9472050919373193,strong_evidence,0.999999999999998,True,True,248.0,44912.87109375,13516.19921875,3566.428955078125,8.803391928022364,-2.842170943040401e-14,3.5275590551181097,16.0,232,265,0.0,strong_evidence,0.8971974861919871,True,True,4.964177248034227,54927.1640625,12516.5390625,4.388366767221121,37549.6171875,24,248.0,195.0,194.87533962319873,-2.842170943040401e-14,0.12466037680127329,0.0,8.803391928022364,247,250,220,236,261,277,True,True,,True,ok,248.00000000000003,195,10,232,265,16,248.0,247.7973676502664,248.5,False,5.65378786856455,34061.5,31473.5,6024.545099999999,15,0.7894736842105263,1.0,0.6666666666666666,7.690361885552675,0.6089646447607584,1.0,0.6666666666666666,0.7894736842105263,0.9483936475921125,0.759731376390389,assessable,247.7973676502664,False
