scan_id,diameter_um,flow_mm_s,source_bin,tail_bin,in_C16,real_matched_rho,left_rho,right_rho,control_rho,excess_cell,real_minus_L,real_minus_R,n_common,status
D128_F01_V01,128,1,1,3,False,-0.032380115329101483,0.020007294149043519,-0.0056963484222519525,0.0071554728633957832,-0.039535588192497265,-0.052387409478145006,-0.026683766906849531,486,ok
D128_F01_V01,128,1,1,9,False,0.0098693113482565473,0.035434030745599199,0.0075621513481138837,0.02149809104685654,-0.011628779698599993,-0.025564719397342651,0.0023071600001426636,486,ok
D128_F01_V01,128,1,1,10,False,-0.034798866649712781,-0.013667019840503314,0.034155289959276192,0.010244135059386438,-0.045043001709099223,-0.021131846809209466,-0.068954156608988973,486,ok
D128_F01_V01,128,1,1,11,False,-0.032032740280115005,0.014835873096836026,0.035967151284564548,0.025401512190700287,-0.057434252470815295,-0.046868613376951029,-0.06799989156467956,486,ok
D128_F01_V01,128,1,1,13,False,0.011411426888067266,0.0016712001404993581,0.028582001884402346,0.015126601012450853,-0.0037151741243835867,0.009740226747567908,-0.017170574996335078,486,ok
D128_F01_V01,128,1,1,16,False,0.0010662361091764308,0.10684642702249843,0.017674733070924466,0.06226058004671145,-0.06119434393753502,-0.105780190913322,-0.016608496961748036,486,ok
D128_F01_V01,128,1,1,17,False,-0.00040989369003110879,0.0074351206703725066,0.12382534146205228,0.065630231066212394,-0.066040124756243504,-0.0078450143604036158,-0.12423523515208339,486,ok
D128_F01_V01,128,1,1,18,False,-0.041719097944289116,0.035812582397316543,0.0098643053649245197,0.022838443881120531,-0.064557541825409653,-0.077531680341605652,-0.051583403309213634,486,ok
D128_F01_V01,128,1,1,19,False,-0.051238911909331844,0.018017954918344081,-0.0040322068490860705,0.006992874034629005,-0.058231785943960848,-0.069256866827675928,-0.047206705060245775,486,ok
D128_F01_V01,128,1,2,13,False,-0.02094256819466633,0.090654800842790456,0.075881854616940733,0.083268327729865588,-0.10421089592453192,-0.11159736903745679,-0.096824422811607067,486,ok
D128_F01_V01,128,1,2,19,False,-0.0043913910441435097,-0.031493358569782227,0.096852930256079245,0.032679785843148512,-0.037071176887292022,0.027101967525638718,-0.10124432130022276,486,ok
D128_F01_V01,128,1,2,20,False,-0.028785679166453644,0.022391063625176566,-0.01795199014002587,0.0022195367425753478,-0.031005215909028994,-0.05117674279163021,-0.010833689026427774,486,ok
D128_F01_V01,128,1,3,13,False,-0.0046239809431252556,0.052451609606905224,-0.058591868210821935,-0.0030701293019583555,-0.0015538516411669001,-0.057075590550030482,0.053967887267696676,486,ok
D128_F01_V01,128,1,3,20,False,-0.062672881635222263,0.014280802858388333,0.053293239308168171,0.033787021083278253,-0.096459902718500523,-0.076953684493610591,-0.11596612094339043,486,ok
D128_F01_V01,128,1,4,13,False,-0.010360198926652941,0.013094211970482522,0.0050881406884953542,0.009091176329488939,-0.019451375256141878,-0.023454410897135465,-0.015448339615148295,486,ok
D128_F01_V01,128,1,4,20,False,0.001823878200437388,0.022543537673325748,0.077862306901184494,0.05020292228725512,-0.04837904408681773,-0.020719659472888362,-0.076038428700747104,486,ok
D128_F01_V01,128,1,5,13,False,0.024936423689489725,0.12954121106385869,0.0057976476245805751,0.067669429344219628,-0.0427330056547299,-0.10460478737436896,0.019138776064909151,486,ok
D128_F01_V01,128,1,5,14,False,0.02267861366403091,-0.0039742836900520488,0.089059844673698652,0.0425427804918233,-0.019864166827792389,0.026652897354082959,-0.066381231009667738,486,ok
D128_F01_V01,128,1,5,20,False,0.022192048361630242,0.063926563537756137,0.14119193310676473,0.10255924832226043,-0.080367199960630187,-0.041734515176125891,-0.11899988474513448,486,ok
D128_F01_V01,128,1,6,17,False,0.030439018444324752,0.11292378440480047,-0.035052214843143421,0.038935784780828528,-0.0084967663365037756,-0.082484765960475714,0.06549123328746817,486,ok
D128_F01_V01,128,1,6,18,False,-0.034050703821923746,0.010085679429724081,-0.0060178500664571912,0.0020339146816334449,-0.036084618503557188,-0.044136383251647829,-0.028032853755466554,486,ok
D128_F01_V01,128,1,6,19,False,0.0094184072991389048,0.054304459777450229,0.018539182733918472,0.036421821255684349,-0.027003413956545444,-0.044886052478311324,-0.0091207754347795676,486,ok
D128_F03_V01,128,3,1,5,False,-0.012486922059394225,0.036599764460030396,0.112836484919018,0.074718124689524199,-0.087205046748918422,-0.049086686519424619,-0.12532340697841224,468,ok
D128_F03_V01,128,3,1,11,False,0.0087579344034966564,0.022000920878278468,0.061433740377594782,0.041717330627936623,-0.032959396224439969,-0.013242986474781811,-0.052675805974098128,468,ok
D128_F03_V01,128,3,1,12,False,-0.039289696449554302,0.017269669425652032,0.0023310648236386095,0.0098003671246453209,-0.049090063574199622,-0.056559365875206338,-0.041620761273192912,468,ok
D128_F03_V01,128,3,1,14,False,0.014209420442828144,0.018421835464992407,0.058728665656932549,0.038575250560962476,-0.024365830118134334,-0.0042124150221642623,-0.044519245214104407,468,ok
D128_F03_V01,128,3,1,15,False,0.039168777763473682,0.057240130876439949,0.064055689625590009,0.060647910251014979,-0.021479132487541297,-0.018071353112966267,-0.024886911862116327,468,ok
D128_F03_V01,128,3,1,19,False,-0.0467337513352728,0.093120625174857155,-0.011818416865773883,0.040651104154541637,-0.087384855489814436,-0.13985437651012994,-0.034915334469498918,468,ok
D128_F03_V01,128,3,2,7,False,0.081791257583502891,0.086973812514445914,0.14623521194855993,0.11660451223150292,-0.03481325464800003,-0.005182554930943023,-0.064443954365057038,468,ok
D128_F03_V01,128,3,2,8,False,0.041990510294173972,0.036076209145043961,0.092825199504585121,0.064450704324814534,-0.022460194030640562,0.0059143011491300107,-0.050834689210411149,468,ok
D128_F03_V01,128,3,2,10,False,0.057675030204014786,0.079704550119394132,0.054297453815607327,0.067001001967500723,-0.0093259717634859365,-0.022029519915379346,0.0033775763884074592,468,ok
D128_F03_V01,128,3,2,11,False,0.018599610812589366,-0.017408437923763145,0.065252565860685299,0.023922063968461076,-0.0053224531558717092,0.036008048736352508,-0.046652955048095933,468,ok
D128_F03_V01,128,3,2,17,False,-0.015359964166833497,0.016927646278238159,0.025610851560082686,0.021269248919160422,-0.036629213085993921,-0.032287610445071654,-0.040970815726916181,468,ok
D128_F03_V01,128,3,2,19,False,-0.028089164333303714,0.079636867472412595,0.049844635748250619,0.064740751610331604,-0.092829915943635322,-0.10772603180571631,-0.07793380008155433,468,ok
D128_F03_V01,128,3,2,20,False,-0.044301301744574709,-0.02778324919007014,0.12113833328266337,0.046677542046296615,-0.090978843790871317,-0.016518052554504569,-0.16543963502723807,468,ok
D128_F03_V01,128,3,3,17,False,-0.024368153123106209,0.10406009837202924,-0.043947598759699558,0.030056249806164843,-0.054424402929271053,-0.12842825149513545,0.019579445636593348,468,ok
D128_F03_V01,128,3,3,20,False,-0.02953132144973581,0.062826680846271077,0.0071510548387318457,0.034988867842501464,-0.064520189292237268,-0.09235800229600688,-0.036682376288467655,468,ok
D128_F03_V01,128,3,4,5,False,0.050396804004601767,0.1889654415086591,0.047406436851500894,0.11818593918008,-0.06778913517547823,-0.13856863750405735,0.002990367153100873,468,ok
D128_F03_V01,128,3,4,6,False,0.12825917280500168,0.17402146634266141,0.17493677814499592,0.17447912224382867,-0.046219949438826985,-0.045762293537659732,-0.046677605339994238,468,ok
D128_F03_V01,128,3,4,7,False,0.12239175468280244,0.19414392059090108,0.053230136365118627,0.12368702847800986,-0.0012952737952074134,-0.071752165908098631,0.069161618317683818,468,ok
D128_F03_V01,128,3,4,8,False,-0.014284883085215024,0.076723516548593107,0.066902082329365092,0.0718127994389791,-0.086097682524194127,-0.091008399633808135,-0.08118696541458012,468,ok
D128_F03_V01,128,3,4,9,False,-0.008985316479397213,0.03325551267407699,0.075772393246404987,0.054513952960240988,-0.063499269439638198,-0.042240829153474199,-0.084757709725802197,468,ok
D128_F03_V01,128,3,4,11,False,0.0038634750180454938,0.036804895019109073,0.047911216547415238,0.042358055783262155,-0.038494580765216661,-0.032941420001063579,-0.044047741529369744,468,ok
D128_F03_V01,128,3,4,12,False,-0.0085396911545728565,0.036173845936790294,0.018165594339975534,0.027169720138382914,-0.035709411292955767,-0.044713537091363151,-0.026705285494548391,468,ok
D128_F03_V01,128,3,4,13,False,0.034975768653201816,0.064405232738578358,0.024796994161250745,0.044601113449914548,-0.0096253447967127315,-0.029429464085376542,0.010178774491951072,468,ok
D128_F03_V01,128,3,4,16,False,0.020698262714027568,0.04633426343886058,0.0145970784770535,0.03046567095795704,-0.0097674082439294721,-0.025636000724833012,0.0061011842369740679,468,ok
D128_F03_V01,128,3,4,17,False,-0.0017557165714017207,0.045940420841141118,0.011320110167817156,0.028630265504479138,-0.03038598207588086,-0.04769613741254284,-0.013075826739218876,468,ok
D128_F03_V01,128,3,4,19,False,0.02138731578665885,0.079145367429119984,0.11787816999446916,0.098511768711794567,-0.077124452925135714,-0.057758051642461131,-0.096490854207810312,468,ok
D128_F03_V01,128,3,4,20,False,0.0095739179777670561,0.018285293568027151,0.050670963693955309,0.034478128630991228,-0.024904210653224172,-0.0087113755902600946,-0.041097045716188253,468,ok
D128_F03_V01,128,3,5,3,True,0.06979584912856894,-0.0068295703643978679,0.19079848430597066,0.091984456970786388,-0.022188607842217448,0.076625419492966806,-0.12100263517740172,468,ok
D128_F03_V01,128,3,5,4,True,0.012577106953993325,0.083305333987222577,0.11851372642407297,0.10090953020564777,-0.088332423251654454,-0.070728227033229257,-0.10593661947007965,468,ok
D128_F03_V01,128,3,5,8,False,0.025069182808159615,0.070319168452214489,0.15030763736135355,0.11031340290678401,-0.085244220098624396,-0.045249985644054871,-0.12523845455319393,468,ok
D128_F03_V01,128,3,5,9,False,0.066636838736753717,0.093571986998083473,0.064572275098269849,0.079072131048176661,-0.012435292311422944,-0.026935148261329755,0.0020645636384838684,468,ok
D128_F03_V01,128,3,5,13,False,0.083301724175222996,0.062670711229914591,0.10817968586931476,0.085425198549614667,-0.0021234743743916706,0.020631012945308405,-0.02487796169409176,468,ok
D128_F03_V01,128,3,5,15,False,-0.010338085536857146,0.038427844637524883,0.1048513542963608,0.071639599466942844,-0.081977685003799983,-0.048765930174382029,-0.11518943983321794,468,ok
D128_F03_V01,128,3,5,19,False,0.014809066219993073,0.013079364291787661,0.037891984940981109,0.025485674616384384,-0.010676608396391311,0.001729701928205412,-0.023082918720988034,468,ok
D128_F03_V01,128,3,5,20,False,0.014855441787656918,0.020768358009064573,0.079315444758369047,0.050041901383716808,-0.035186459596059892,-0.0059129162214076551,-0.064460002970712124,468,ok
D128_F03_V01,128,3,6,4,True,0.053198258941946401,-0.0034620569359554792,0.15608324008659724,0.076310591575320885,-0.023112332633374484,0.056660315877901879,-0.10288498114465083,468,ok
D128_F03_V01,128,3,6,5,False,0.062427751958204367,0.05574015466733756,0.14165192848289593,0.098696041575116744,-0.036268289616912378,0.0066875972908668063,-0.079224176524691561,468,ok
D128_F03_V01,128,3,6,9,False,0.031361805202953265,-0.0033470370834210073,0.12998465371332299,0.063318808314950986,-0.031957003111997721,0.034708842286374275,-0.098622848510369732,468,ok
D128_F03_V01,128,3,6,15,False,-0.029274142249962526,0.0089583969232530491,0.07983689894759001,0.04439764793542153,-0.073671790185384056,-0.038232539173215577,-0.10911104119755254,468,ok
D128_F03_V01,128,3,6,16,False,-0.0015191229968101122,0.015664983578132712,-0.00014288434498624481,0.0077610496165732333,-0.0092801726133833456,-0.017184106574942824,-0.0013762386518238673,468,ok
D128_F03_V01,128,3,6,19,False,0.019828655643308157,0.11101276140029674,0.0020892439409478827,0.056551002670622311,-0.036722347027314153,-0.091184105756988584,0.017739411702360274,468,ok
D128_F05_V01,128,5,1,3,False,-0.058088953897564861,0.16275859741178297,0.016891114778644672,0.089824856095213818,-0.14791380999277867,-0.22084755130934783,-0.07498006867620953,491,ok
D128_F05_V01,128,5,1,4,False,-0.021704712865216538,0.048806309416421979,-0.039275027993035783,0.0047656407116930984,-0.026470353576909637,-0.070511022281638525,0.017570315127819244,491,ok
D128_F05_V01,128,5,1,6,False,-0.017064453104371435,-0.01970947489690493,0.060592365417061332,0.020441445260078201,-0.037505898364449633,0.0026450217925334946,-0.077656818521432774,491,ok
D128_F05_V01,128,5,1,12,False,0.045351716332825989,0.15173206771521328,-0.02661160493426655,0.06256023139047337,-0.017208515057647381,-0.10638035138238729,0.071963321267092539,491,ok
D128_F05_V01,128,5,1,14,False,0.013894101405468505,0.079675631091606386,-0.031835853745240006,0.02391988867318319,-0.010025787267714685,-0.065781529686137874,0.045729955150708511,491,ok
D128_F05_V01,128,5,1,19,False,-0.037971524170098123,0.0067648470649555687,0.010752909458523091,0.0087588782617393293,-0.046730402431837452,-0.044736371235053689,-0.048724433628621215,491,ok
D128_F05_V01,128,5,1,20,False,-0.036361359060344677,0.0099596468222594558,0.0058377772195599194,0.0078987120209096876,-0.044260071081254362,-0.046321005882604134,-0.042199136279904598,491,ok
D128_F05_V01,128,5,2,13,False,0.034845769672046945,-0.015243609280141861,0.092086445659411126,0.038421418189634633,-0.0035756485175876887,0.050089378952188804,-0.057240675987364181,491,ok
D128_F05_V01,128,5,2,16,False,0.022390294574802582,0.015698114776146473,0.048081848899513634,0.031889981837830053,-0.009499687263027471,0.0066921797986561095,-0.025691554324711052,491,ok
D128_F05_V01,128,5,2,20,False,-0.013604827016974054,-0.04129813815625575,0.054365313659121901,0.0065335877514330759,-0.02013841476840713,0.027693311139281696,-0.067970140676095955,491,ok
D128_F05_V01,128,5,3,18,False,0.0005075442784615692,0.036497998302942071,0.074154605362841616,0.055326301832891847,-0.054818757554430275,-0.035990454024480499,-0.073647061084380044,491,ok
D128_F05_V01,128,5,3,20,False,0.024850977870456006,0.040450232589879037,0.0211975956483514,0.030823914119115219,-0.0059729362486592129,-0.015599254719423031,0.0036533822221046057,491,ok
D128_F05_V01,128,5,4,20,False,-0.010834407089119872,0.048455689930038424,0.059448545597575946,0.053952117763807185,-0.06478652485292706,-0.0592900970191583,-0.070282952686695821,491,ok
D128_F05_V01,128,5,5,5,False,0.0093771443670034298,0.0047709067802850762,0.060969999381597771,0.032870453080941421,-0.02349330871393799,0.0046062375867183536,-0.05159285501459434,491,ok
D128_F05_V01,128,5,5,14,False,0.06654710633748559,0.066813908135942887,0.16029776498900089,0.1135558365624719,-0.047008730224986306,-0.00026680179845729735,-0.093750658651515301,491,ok
D128_F05_V01,128,5,6,4,True,0.060178798893584844,0.16107290289616466,-0.029693242080142901,0.06568983040801088,-0.0055110315144260361,-0.10089410400257981,0.089872040973727751,491,ok
D128_F05_V01,128,5,6,5,False,-0.0042531703880658049,0.022735692267748152,0.0081199254267735731,0.015427808847260863,-0.019680979235326669,-0.026988862655813958,-0.012373095814839377,491,ok
D128_F05_V01,128,5,6,9,False,0.019213291870401831,0.045496686271333235,0.041906985443895359,0.043701835857614293,-0.024488543987212463,-0.026283394400931404,-0.022693693573493528,491,ok
D128_F05_V01,128,5,6,18,False,-0.039222150548704093,-0.060646455000420339,0.053035609975834529,-0.0038054225122929053,-0.035416728036411188,0.021424304451716246,-0.092257760524538629,491,ok
D128_F05_V01,128,5,6,19,False,-0.005108492743732311,-0.054033096309808452,0.071016892896853062,0.0084918982935223049,-0.013600391037254616,0.048924603566076141,-0.07612538564058538,491,ok
D128_F05_V01,128,5,6,20,False,-0.016922296162305343,0.010851752528271365,0.049634185000860566,0.030242968764565965,-0.047165264926871307,-0.027774048690576709,-0.066556481163165912,491,ok
D128_F07_V01,128,7,1,7,False,0.0051732325090663419,0.063723960716597389,-0.034802439860264663,0.014460760428166363,-0.0092875279191000221,-0.058550728207531044,0.039975672369331007,493,ok
D128_F07_V01,128,7,1,8,False,0.032278898690775,0.087047318716408861,-0.018045621206856228,0.034500848754776318,-0.0022219500640013184,-0.054768420025633861,0.050324519897631231,493,ok
D128_F07_V01,128,7,1,9,False,-0.0090450894201660609,0.060384821278266387,0.019404489018534383,0.039894655148400383,-0.048939744568566444,-0.069429910698432448,-0.028449578438700444,493,ok
D128_F07_V01,128,7,1,14,False,0.0057544030570791591,0.068866530572848597,-0.023819283504730102,0.022523623534059248,-0.016769220476980089,-0.063112127515769445,0.029573686561809261,493,ok
D128_F07_V01,128,7,1,18,False,0.036912114321733226,0.13694100371917994,0.061798915908869018,0.099369959814024481,-0.062457845492291254,-0.10002888939744672,-0.024886801587135791,493,ok
D128_F07_V01,128,7,4,8,False,0.093824610303880771,0.09533779707235393,0.10495527199193282,0.10014653453214337,-0.0063219242282625959,-0.0015131867684731598,-0.011130661688052046,493,ok
D128_F07_V01,128,7,4,18,False,0.020523460354920402,0.022442749796464736,0.03580287213947396,0.029122810967969349,-0.0085993506130489471,-0.0019192894415443335,-0.015279411784553557,493,ok
D128_F07_V01,128,7,5,14,False,0.01171178849247336,0.064396524472814326,0.020312395587744933,0.04235446003027963,-0.030642671537806268,-0.052684735980340965,-0.0086006070952715733,493,ok
D128_F07_V01,128,7,6,12,False,0.046796745450780039,0.08418584652967491,0.021795595208223637,0.052990720868949272,-0.0061939754181692327,-0.037389101078894871,0.025001150242556402,493,ok
D128_F07_V01,128,7,6,14,False,0.0014245083792395997,0.046775093190147818,0.053863949265344102,0.05031952122774596,-0.048895012848506357,-0.045350584810908215,-0.052439440886104499,493,ok
D128_F07_V01,128,7,6,16,False,0.013745086542794391,0.02953025961706246,0.012702544081642664,0.02111640184935256,-0.0073713153065581693,-0.01578517307426807,0.0010425424611517266,493,ok
D128_F07_V01,128,7,6,20,False,-0.0087312790597562709,0.059574596787459022,-0.0033106107116461629,0.028131993037906429,-0.0368632720976627,-0.068305875847215286,-0.0054206683481101085,493,ok
D128_F10_V01,128,10,1,2,False,-0.03046313790515914,0.025999610507860534,-0.0085019290573642211,0.0087488407252481575,-0.039211978630407297,-0.056462748413019674,-0.02196120884779492,484,ok
D128_F10_V01,128,10,1,3,False,-0.030180881867649507,-0.028002239247755939,0.07516319790903464,0.023580479330639351,-0.053761361198288858,-0.0021786426198935685,-0.10534407977668414,484,ok
D128_F10_V01,128,10,1,4,False,-0.063279018605135712,0.019481403998931009,0.057073616897126582,0.038277510448028795,-0.10155652905316451,-0.082760422604066713,-0.1203526355022623,484,ok
D128_F10_V01,128,10,1,6,False,-0.068800000846717599,-0.0066579881173301787,0.085291225342696605,0.039316618612683214,-0.10811661945940082,-0.062142012729387422,-0.1540912261894142,484,ok
D128_F10_V01,128,10,1,7,False,-0.022345052520758388,0.056389977537655886,0.032258877090429544,0.044324427314042715,-0.066669479834801107,-0.078735030058414271,-0.054603929611187929,484,ok
D128_F10_V01,128,10,1,9,False,-0.041293744609632241,0.015169128608073125,-0.0022998906599389457,0.0064346189740670896,-0.047728363583699328,-0.056462873217705364,-0.038993853949693298,484,ok
D128_F10_V01,128,10,1,12,False,0.057288484594151576,0.062455550394646904,0.09270223350471396,0.077578891949680429,-0.020290407355528853,-0.0051670658004953282,-0.035413748910562384,484,ok
D128_F10_V01,128,10,1,13,False,-0.02449318927315456,0.045259670646130817,0.014858683430309097,0.030059177038219958,-0.054552366311374514,-0.06975285991928537,-0.039351872703463658,484,ok
D128_F10_V01,128,10,1,14,False,-0.031270860480483546,-0.029933493854919582,0.047824667440837576,0.0089455867929589972,-0.040216447273442542,-0.0013373666255639648,-0.079095527921321129,484,ok
D128_F10_V01,128,10,1,15,False,-0.025262399192870211,0.012925792218908801,-0.032625102251201341,-0.0098496550161462706,-0.01541274417672394,-0.03818819141177901,0.0073627030583311298,484,ok
D128_F10_V01,128,10,1,16,False,-0.014370255875529075,0.059684130099340017,0.034686821676507842,0.047185475887923933,-0.061555731763453012,-0.074054385974869089,-0.049057077552036921,484,ok
D128_F10_V01,128,10,1,18,False,0.0083275738893737392,0.057567787542112447,0.0042849125514280795,0.030926350046770263,-0.022598776157396524,-0.049240213652738708,0.0040426613379456596,484,ok
D128_F10_V01,128,10,1,19,False,-0.072194199443613188,-0.092364316430502719,-0.023885119679348622,-0.058124718054925667,-0.014069481388687521,0.02017011698688953,-0.048309079764264566,484,ok
D128_F10_V01,128,10,1,20,False,-0.060402120915692838,0.013217386021782521,0.063887994028683018,0.038552690025232768,-0.098954810940925605,-0.073619506937475362,-0.12429011494437586,484,ok
D128_F10_V01,128,10,2,7,False,0.057479118390638698,0.086257545685301446,0.035429008545746613,0.060843277115524029,-0.0033641587248853314,-0.028778427294662748,0.022050109844892085,484,ok
D128_F10_V01,128,10,2,9,False,0.0077057482870218977,0.043378847065431693,0.067838571912923001,0.055608709489177344,-0.047902961202155446,-0.035673098778409795,-0.060132823625901104,484,ok
D128_F10_V01,128,10,2,15,False,0.073443065047487363,0.14293064905153746,0.069842167799306562,0.10638640842542202,-0.032943343377934656,-0.069487584004050099,0.003600897248180801,484,ok
D128_F10_V01,128,10,2,16,False,-0.077801154201240036,-0.016586758144014863,0.011539306727673445,-0.0025237257081707088,-0.075277428493069329,-0.061214396057225173,-0.089340460928913484,484,ok
D128_F10_V01,128,10,2,20,False,-0.042715193324922365,-0.034559546204957547,0.13756568844755579,0.051503071121299121,-0.094218264446221486,-0.0081556471199648178,-0.18028088177247814,484,ok
D128_F10_V01,128,10,4,15,False,-0.0028597809801503404,0.066949816373323562,0.025974640393998303,0.046462228383660931,-0.049322009363811273,-0.069809597353473904,-0.028834421374148642,484,ok
D128_F10_V01,128,10,4,19,False,-0.020522485556439554,0.010921152761309495,-0.03993130915614751,-0.014505078197419008,-0.0060174073590205466,-0.031443638317749045,0.019408823599707956,484,ok
D128_F10_V01,128,10,5,13,False,-0.053499955851608279,-0.040080302642064032,0.068909455022052021,0.014414576189993995,-0.067914532041602277,-0.013419653209544247,-0.12240941087366031,484,ok
D128_F10_V01,128,10,5,20,False,0.030475765303548383,0.020729346369498969,0.088682965899848254,0.054706156134673611,-0.024230390831125229,0.009746418934049414,-0.058207200596299871,484,ok
D128_F10_V01,128,10,6,9,False,0.032971113899601917,0.078629464471172236,0.023649426354929004,0.05113944541305062,-0.018168331513448703,-0.045658350571570319,0.0093216875446729131,484,ok
D128_F10_V01,128,10,6,19,False,-0.055474347101330285,-0.040045070641969181,-0.041905567697309271,-0.040975319169639229,-0.014499027931691055,-0.015429276459361103,-0.013568779404021014,484,ok
D235_F01_V01,235,1,1,1,False,-0.083312900028371689,0.0073966619364153321,-0.026159844876685621,-0.0093815914701351442,-0.073931308558236541,-0.090709561964787022,-0.057153055151686068,448,ok
D235_F01_V01,235,1,1,2,False,-0.18393272452988629,0.035567625359290526,0.014328644490195903,0.024948134924743216,-0.2088808594546295,-0.21950034988917683,-0.19826136902008221,448,ok
D235_F01_V01,235,1,1,3,False,-0.20519780622497502,0.020312216711157665,0.017409051040960997,0.018860633876059331,-0.22405844010103435,-0.22551002293613268,-0.22260685726593601,448,ok
D235_F01_V01,235,1,1,4,False,-0.14485795540714289,0.039747918545020515,0.027688761974625744,0.033718340259823128,-0.17857629566696601,-0.18460587395216341,-0.17254671738176863,448,ok
D235_F01_V01,235,1,1,5,False,-0.12896478130360195,0.14811910340433526,-0.023276048625021584,0.062421527389656839,-0.19138630869325879,-0.27708388470793721,-0.10568873267858037,448,ok
D235_F01_V01,235,1,1,7,False,-0.05556194493900303,0.06167624411039288,0.025713579044298204,0.043694911577345542,-0.099256856516348579,-0.11723818904939591,-0.081275523983301234,448,ok
D235_F01_V01,235,1,1,8,False,0.0086220975975495329,0.030958170639065346,0.072004006995778261,0.051481088817421805,-0.042858991219872272,-0.022336073041515813,-0.063381909398228728,448,ok
D235_F01_V01,235,1,1,11,False,-0.077497489874025355,-0.060419356300494775,-0.043577515842781231,-0.051998436071638003,-0.025499053802387352,-0.017078133573530579,-0.033919974031244124,448,ok
D235_F01_V01,235,1,1,12,False,-0.034389369991813815,0.045760734966936653,0.031728655497768522,0.038744695232352591,-0.073134065224166406,-0.080150104958750468,-0.066118025489582344,448,ok
D235_F01_V01,235,1,1,13,False,-0.041226957396987736,0.059373406201344764,0.029289502710860685,0.044331454456102724,-0.08555841185309046,-0.10060036359833249,-0.070516460107848428,448,ok
D235_F01_V01,235,1,1,14,False,-0.045646111792979338,0.089822548177896783,-0.027600587437360567,0.031110980370268108,-0.076757092163247442,-0.13546865997087612,-0.018045524355618771,448,ok
D235_F01_V01,235,1,1,16,False,-0.015049601860861307,0.032791865931068934,0.059063136728112781,0.045927501329590857,-0.060977103190452166,-0.047841467791930242,-0.074112738588974089,448,ok
D235_F01_V01,235,1,1,19,False,-0.0070145754348134364,0.044079568877465128,0.040498362749134487,0.042288965813299807,-0.049303541248113245,-0.051094144312278565,-0.047512938183947924,448,ok
D235_F01_V01,235,1,2,12,False,-0.031981558246960487,0.10868033914727389,0.02365623083815277,0.066168284992713322,-0.098149843239673809,-0.14066189739423438,-0.055637789085113257,448,ok
D235_F01_V01,235,1,2,13,False,0.045285628128041627,0.10262755057781289,-0.010679735424923693,0.045973907576444602,-0.00068827944840297445,-0.057341922449771265,0.055965363552965317,448,ok
D235_F01_V01,235,1,2,14,False,0.018419235033915005,0.092562654408500228,-0.0057447226212333103,0.04340896589363346,-0.024989730859718454,-0.074143419374585226,0.024163957655148317,448,ok
D235_F01_V01,235,1,2,16,False,-0.011311248101631716,0.071090412353271001,-0.018311425898483599,0.026389493227393701,-0.037700741329025414,-0.082401660454902714,0.0070001777968518829,448,ok
D235_F01_V01,235,1,2,18,False,-0.030120829646235657,0.0039640848110644826,-0.0011582319549529763,0.0014029264280557533,-0.031523756074291413,-0.034084914457300136,-0.02896259769128268,448,ok
D235_F01_V01,235,1,2,20,False,-0.0060595327219241258,-0.069089979727502401,0.09645769333760687,0.013683856805052234,-0.019743389526976358,0.063030447005578277,-0.10251722605953099,448,ok
D235_F01_V01,235,1,3,7,False,0.060061343355977521,0.0023534250064487028,0.17032302209534059,0.086338223550894641,-0.02627688019491712,0.057707918349528819,-0.11026167873936307,448,ok
D235_F01_V01,235,1,3,10,False,0.015533525782497089,0.043044909005276591,0.09432779006977253,0.06868634953752456,-0.053152823755027473,-0.027511383222779504,-0.078794264287275442,448,ok
D235_F01_V01,235,1,3,12,False,-0.04280057494520037,0.020345036910567244,0.0026426325590321619,0.011493834734799703,-0.054294409680000072,-0.063145611855767614,-0.04544320750423253,448,ok
D235_F01_V01,235,1,3,14,False,0.0037622271130008508,0.12704608505083542,0.016064283827279022,0.071555184439057229,-0.067792957326056377,-0.12328385793783457,-0.01230205671427817,448,ok
D235_F01_V01,235,1,3,15,False,-0.035657102987055891,-0.033723655021066161,0.096202619323935895,0.031239482151434867,-0.066896585138490755,-0.0019334479659897305,-0.1318597223109918,448,ok
D235_F01_V01,235,1,3,16,False,-0.012655051844452515,0.021997951521989658,-0.022217273839658304,-0.00010966115883432291,-0.012545390685618192,-0.03465300336644217,0.0095622219952057885,448,ok
D235_F01_V01,235,1,3,17,False,0.021002654509396215,0.032510106316313445,0.061633021736423529,0.047071564026368487,-0.026068909516972272,-0.011507451806917229,-0.040630367227027314,448,ok
D235_F01_V01,235,1,3,18,False,-0.080024759419120614,-0.014547036406432838,-0.063974590894629271,-0.039260813650531051,-0.040763945768589563,-0.065477723012687783,-0.016050168524491343,448,ok
D235_F01_V01,235,1,3,20,False,-0.03765334838046016,0.0059552308692947331,-0.0091349088994800102,-0.0015898390150926385,-0.036063509365367521,-0.043608579249754892,-0.028518439480980151,448,ok
D235_F01_V01,235,1,4,8,False,0.029975969257305113,-0.0081622719834027989,0.085142259491455555,0.038489993754026376,-0.0085140244967212633,0.038138241240707915,-0.055166290234150442,448,ok
D235_F01_V01,235,1,4,15,False,-0.045910304604676481,0.053602420454846388,0.034250571600847317,0.043926496027846852,-0.089836800632523334,-0.099512725059522869,-0.080160876205523798,448,ok
D235_F01_V01,235,1,4,16,False,-0.044084307623268919,0.036278765354016612,0.053508238413254958,0.044893501883635785,-0.088977809506904704,-0.080363072977285538,-0.09759254603652387,448,ok
D235_F01_V01,235,1,4,18,False,-0.08012476340942401,0.047936248357079103,-0.011332197124124919,0.018302025616477091,-0.098426789025901101,-0.12806101176650311,-0.068792566285299089,448,ok
D235_F01_V01,235,1,5,7,False,0.018498830760724845,0.00035980673200264009,0.11389397954257645,0.057126893137289546,-0.038628062376564701,0.018139024028722205,-0.095395148781851596,448,ok
D235_F01_V01,235,1,5,11,False,0.015525146209913323,0.030797526308639273,0.02965961802564553,0.030228572167142399,-0.014703425957229076,-0.01527238009872595,-0.014134471815732207,448,ok
D235_F01_V01,235,1,5,18,False,-0.0078081855023949768,0.034873733184610574,0.043215565878213812,0.039044649531412193,-0.046852835033807168,-0.042681918687005549,-0.051023751380608787,448,ok
D235_F01_V01,235,1,5,20,False,-0.057010591084428505,-0.082176475944278807,0.0078879985351469964,-0.037144238704565902,-0.019866352379862603,0.025165884859850302,-0.064898589619575509,448,ok
D235_F01_V01,235,1,6,7,False,0.012670716874999023,0.0014785976197567888,0.073085380184728932,0.037281988902242859,-0.024611272027243836,0.011192119255242234,-0.060414663309729909,448,ok
D235_F01_V01,235,1,6,14,False,-0.012674193166528527,0.098459029627816053,-0.014049708820858904,0.042204660403478575,-0.054878853570007102,-0.11113322279434458,0.0013755156543303771,448,ok
D235_F01_V01,235,1,6,15,False,0.016825399759420483,0.040466229223818075,0.027992208879211174,0.034229219051514624,-0.017403819292094141,-0.023640829464397592,-0.011166809119790691,448,ok
D235_F01_V01,235,1,6,16,False,0.04247221977645909,0.025776600482704394,0.05918896513950609,0.042482782811105242,-1.0563034646152158e-05,0.016695619293754696,-0.016716745363047,448,ok
D235_F01_V01,235,1,6,18,False,-0.054446560408626735,-0.033073633117278768,0.029546886657905801,-0.0017633732296864837,-0.052683187178940251,-0.021372927291347966,-0.083993447066532528,448,ok
D235_F01_V01,235,1,6,19,False,0.031256828333016032,0.029022384639555199,0.06396809676137713,0.046495240700466164,-0.015238412367450133,0.002234443693460833,-0.032711268428361098,448,ok
D235_F03_V01,235,3,1,3,False,0.061517664382888512,0.060823883103739637,0.064296654186530855,0.062560268645135253,-0.0010426042622467407,0.00069378127914887511,-0.0027789898036423427,448,ok
D235_F03_V01,235,3,1,7,False,0.017185957235596124,0.062160572459225759,0.069973855144957811,0.066067213802091782,-0.048881256566495654,-0.044974615223629638,-0.052787897909361683,448,ok
D235_F03_V01,235,3,1,8,False,-0.023563362416410046,0.043523019132024172,0.043267426173629588,0.04339522265282688,-0.066958585069236923,-0.067086381548434215,-0.06683078859003963,448,ok
D235_F03_V01,235,3,1,9,False,0.043184454020955922,0.034041652478425402,0.056635520679344048,0.045338586578884725,-0.0021541325579288034,0.0091428015425305195,-0.013451066658388126,448,ok
D235_F03_V01,235,3,1,11,False,-0.00028380252949328845,-0.0074950331283902393,0.043023542597703336,0.017764254734656548,-0.018048057264149837,0.007211230598896951,-0.043307345127196625,448,ok
D235_F03_V01,235,3,1,12,False,0.005628165705598728,0.048319604393548918,-0.010477799620744422,0.018920902386402247,-0.013292736680803519,-0.042691438687950188,0.01610596532634315,448,ok
D235_F03_V01,235,3,1,18,False,0.009834816298694626,0.019006708325044322,0.059342781871298982,0.039174745098171648,-0.029339928799477021,-0.0091718920263496959,-0.049507965572604354,448,ok
D235_F03_V01,235,3,2,7,False,0.064148434859000486,0.046693947832541813,0.097837811145795942,0.072265879489168877,-0.0081174446301683911,0.017454487026458673,-0.033689376286795455,448,ok
D235_F03_V01,235,3,2,14,False,-0.05747875537284023,0.0075885125721278264,-0.015689090789579665,-0.0040502891087259192,-0.053428466264114308,-0.06506726794496806,-0.041789664583260569,448,ok
D235_F03_V01,235,3,2,15,False,0.016652696220491564,0.098671329921942871,-0.043926793071279766,0.027372268425331553,-0.010719572204839989,-0.082018633701451307,0.06057948929177133,448,ok
D235_F03_V01,235,3,2,16,False,-0.049821934634205776,0.024245330425343478,-0.026324182526725762,-0.0010394260506911418,-0.048782508583514635,-0.074067265059549248,-0.023497752107480015,448,ok
D235_F03_V01,235,3,2,17,False,-0.010015150012214487,-0.0058836204267044495,0.0088479970441399363,0.0014821883087177434,-0.01149733832093223,-0.0041315295855100373,-0.018863147056354425,448,ok
D235_F03_V01,235,3,2,18,False,-0.0085304623598062568,0.023122036843094905,-0.031835064534684307,-0.004356513845794701,-0.0041739485140115558,-0.031652499202901162,0.02330460217487805,448,ok
D235_F03_V01,235,3,2,20,False,-0.0054375417564587816,-0.020035217310883306,0.02597989822324423,0.0029723404561804619,-0.0084098822126392435,0.014597675554424525,-0.031417439979703012,448,ok
D235_F03_V01,235,3,3,9,False,0.036863422396358252,0.074587275315547014,0.046256098946061294,0.060421687130804154,-0.023558264734445902,-0.037723852919188762,-0.0093926765497030426,448,ok
D235_F03_V01,235,3,3,12,False,0.025268053374844966,0.020832103001049863,0.051540946045378878,0.036186524523214372,-0.010918471148369406,0.0044359503737951035,-0.026272892670533912,448,ok
D235_F03_V01,235,3,3,15,False,0.011291853819425475,0.088170641756383977,-0.032558054803262682,0.027806293476560648,-0.016514439657135171,-0.076878787936958501,0.043849908622688158,448,ok
D235_F03_V01,235,3,3,16,False,-0.018435317853609162,0.046597960763701957,0.064599847115065639,0.055598903939383798,-0.07403422179299296,-0.065033278617311119,-0.083035164968674802,448,ok
D235_F03_V01,235,3,3,18,False,-0.06669481790738685,0.025454339076416414,0.017758065426678973,0.021606202251547694,-0.08830102015893454,-0.092149156983803271,-0.084452883334065823,448,ok
D235_F03_V01,235,3,4,12,False,0.022071249804173635,0.036968380714136259,0.027534234536562688,0.032251307625349473,-0.010180057821175838,-0.014897130909962624,-0.0054629847323890528,448,ok
D235_F03_V01,235,3,4,18,False,-0.00284776634917582,0.044422040886269012,-0.016584859096779401,0.013918590894744806,-0.016766357243920626,-0.047269807235444834,0.013737092747603581,448,ok
D235_F03_V01,235,3,4,20,False,-0.048515190058554647,0.075735451815723567,-0.010455780838089181,0.032639835488817194,-0.081155025547371834,-0.12425064187427821,-0.038059409220465468,448,ok
D235_F03_V01,235,3,5,14,False,0.016062542955259679,0.026197309001699875,0.014651487898887964,0.02042439845029392,-0.0043618554950342406,-0.010134766046440195,0.0014110550563717159,448,ok
D235_F03_V01,235,3,5,16,False,-0.11590441655872062,0.034154157145305286,-0.061306925095698267,-0.01357638397519649,-0.10232803258352413,-0.15005857370402592,-0.054597491463022355,448,ok
D235_F03_V01,235,3,5,17,False,-0.066923870083980819,0.013988491410656974,0.019097372885904476,0.016542932148280724,-0.08346680223226155,-0.080912361494637791,-0.086021242969885295,448,ok
D235_F03_V01,235,3,5,18,False,-0.036828199441527487,0.058889839648004816,-0.0025334727902257418,0.028178183428889537,-0.065006382870417018,-0.095718039089532303,-0.034294726651301746,448,ok
D235_F03_V01,235,3,5,20,False,-0.037586753773520616,-0.068481418130224098,0.052022607604551643,-0.0082294052628362271,-0.029357348510684389,0.030894664356703481,-0.089609361378072266,448,ok
D235_F03_V01,235,3,6,9,False,-0.0057391295527877834,-0.05235497247788945,0.077913564226850848,0.012779295874480699,-0.018518425427268483,0.046615842925101666,-0.083652693779638632,448,ok
D235_F03_V01,235,3,6,12,False,-0.0082343936110038825,0.053019319654025607,0.073075474012364527,0.063047396833195074,-0.071281790444198953,-0.061253713265029486,-0.081309867623368406,448,ok
D235_F03_V01,235,3,6,14,False,-0.063131256090833018,-0.034050669519853909,-0.067577830045042378,-0.05081424978244814,-0.012317006308384879,-0.02908058657097911,0.0044465739542093596,448,ok
D235_F03_V01,235,3,6,16,False,-0.033947391276240114,0.015896429013871397,0.088566569965005545,0.05223149948943847,-0.086178890765678584,-0.049843820290111515,-0.12251396124124567,448,ok
D235_F05_V01,235,5,1,1,False,-0.014059336032466237,0.052465656314293063,0.030167788615940706,0.041316722465116883,-0.055376058497583119,-0.066524992346759293,-0.044227124648406946,424,ok
D235_F05_V01,235,5,1,2,False,-0.02651595774835459,0.067940484833662523,-0.048152846548301716,0.0098938191426804038,-0.036409776891034994,-0.094456442582017117,0.021636888799947126,424,ok
D235_F05_V01,235,5,1,3,False,-0.032439499751261015,0.098339689222316562,-0.057770731922343055,0.020284478649986754,-0.052723978401247769,-0.13077918897357757,0.02533123217108204,424,ok
D235_F05_V01,235,5,1,7,False,0.0049286598255001311,0.0039407758008784448,0.065344676670801821,0.034642726235840131,-0.029714066410339999,0.00098788402462168627,-0.060416016845301693,424,ok
D235_F05_V01,235,5,1,9,False,0.0082461697344475161,0.025928816071399064,0.027573415969548546,0.026751116020473805,-0.018504946286026287,-0.017682646336951546,-0.019327246235101028,424,ok
D235_F05_V01,235,5,1,10,False,-0.040835227737860594,-0.040518866298285931,0.12706233477747572,0.043271734239594892,-0.084106961977455486,-0.00031636143957466251,-0.16789756251533633,424,ok
D235_F05_V01,235,5,1,13,False,0.0085903057346597127,0.065348820743914196,0.019117795227989749,0.042233307985951971,-0.033643002251292256,-0.056758515009254482,-0.010527489493330036,424,ok
D235_F05_V01,235,5,1,14,False,0.014208889192732031,0.071116627445064251,0.0082480556450943224,0.039682341545079283,-0.025473452352347253,-0.056907738252332224,0.0059608335476377082,424,ok
D235_F05_V01,235,5,1,15,False,0.00018175274109939177,-0.0042788567103309418,0.019669478578858701,0.0076953109342638801,-0.0075135581931644888,0.0044606094514303331,-0.019487725837759311,424,ok
D235_F05_V01,235,5,1,16,False,-0.036024856405500606,-0.06642101101632808,0.031540103651740231,-0.017440453682293924,-0.018584402723206682,0.030396154610827474,-0.06756496005724083,424,ok
D235_F05_V01,235,5,1,19,False,0.02847933673004089,0.095453218931924017,-0.026098874986746005,0.034677171972589002,-0.0061978352425481123,-0.066973882201883134,0.054578211716786895,424,ok
D235_F05_V01,235,5,2,14,False,0.017092616373240856,0.10704261361455611,0.041875802449788078,0.074459208032172097,-0.057366591658931237,-0.089949997241315249,-0.024783186076547222,424,ok
D235_F05_V01,235,5,2,16,False,0.0080041202504904374,0.037294032542405091,-0.013280004458429858,0.012007014041987616,-0.004002893791497179,-0.029289912291914653,0.021284124708920295,424,ok
D235_F05_V01,235,5,2,17,False,0.0099317758144108516,0.071960018748369839,0.010562448451537365,0.041261233599953602,-0.031329457785542747,-0.062028242933958991,-0.00063067263712651353,424,ok
D235_F05_V01,235,5,2,19,False,-0.088464962104170888,0.088950548918761196,0.015062750242457269,0.052006649580609229,-0.14047161168478012,-0.17741551102293207,-0.10352771234662816,424,ok
D235_F05_V01,235,5,2,20,False,-0.064611643234887328,-0.039381597807963596,-0.044781425027725072,-0.042081511417844331,-0.022530131817042998,-0.025230045426923732,-0.019830218207162256,424,ok
D235_F05_V01,235,5,3,19,False,-0.15571469761753595,-0.033954096526214977,0.071925203512508237,0.01898555349314663,-0.17470025111068258,-0.12176060109132097,-0.22763990113004418,424,ok
D235_F05_V01,235,5,4,13,False,0.055021873659144301,0.10640272952748225,0.087004613083121338,0.096703671305301803,-0.041681797646157502,-0.051380855868337953,-0.031982739423977037,424,ok
D235_F05_V01,235,5,4,15,False,-0.010800784236404921,-0.056221736464398472,0.066252399923360655,0.0050153317294810915,-0.015816115965886012,0.045420952227993555,-0.077053184159765573,424,ok
D235_F05_V01,235,5,4,19,False,-0.1061516945759164,-0.048759246331085367,-0.065263691913120134,-0.057011469122102754,-0.049140225453813649,-0.057392448244831036,-0.040888002662796269,424,ok
D235_F05_V01,235,5,5,13,False,-0.036603650730386329,0.066012068658798273,-0.027947535006451467,0.019032266826173403,-0.055635917556559736,-0.1026157193891846,-0.0086561157239348624,424,ok
D235_F05_V01,235,5,5,17,False,-0.037611224110679402,0.076380453514265256,0.074917290415944388,0.075648871965104822,-0.11326009607578422,-0.11399167762494467,-0.1125285145266238,424,ok
D235_F05_V01,235,5,5,19,False,-0.062350008910529983,0.05041011369823313,-0.014342869703512463,0.018033621997360333,-0.080383630907890316,-0.11276012260876311,-0.048007139207017518,424,ok
D235_F05_V01,235,5,6,7,False,0.0054592125490920684,0.031515569419944829,0.14572850160858225,0.088622035514263536,-0.083162822965171468,-0.026056356870852761,-0.14026928905949018,424,ok
D235_F05_V01,235,5,6,10,False,0.035709090519922403,0.10536919532267885,0.024134729233893263,0.064751962278286057,-0.029042871758363654,-0.069660104802756445,0.01157436128602914,424,ok
D235_F05_V01,235,5,6,14,False,0.023345769648915903,0.031428373066850646,0.038101179186714004,0.034764776126782325,-0.011419006477866422,-0.0080826034179347431,-0.014755409537798102,424,ok
D235_F05_V01,235,5,6,16,False,0.010475235963054327,-0.0095718931019944525,0.06853383437934317,0.029480970638674359,-0.019005734675620032,0.020047129065048779,-0.05805859841628884,424,ok
D235_F05_V01,235,5,6,19,False,-0.027776404638152504,0.023633056178108968,0.061170966104851517,0.042402011141480241,-0.070178415779632741,-0.051409460816261472,-0.088947370743004017,424,ok
D235_F07_V01,235,7,1,3,False,0.0064868496141517627,0.0196861388622688,0.10208192506863009,0.060884031965449448,-0.054397182351297688,-0.013199289248117037,-0.095595075454478332,444,ok
D235_F07_V01,235,7,1,7,False,0.0043549247007866809,0.074892132848554879,-0.041460899111988657,0.016715616868283111,-0.012360692167496429,-0.070537208147768204,0.045815823812775339,444,ok
D235_F07_V01,235,7,1,8,False,-0.043369918247762887,-0.018089683817153174,0.044192518784031236,0.013051417483439031,-0.056421335731201921,-0.025280234430609713,-0.087562437031794116,444,ok
D235_F07_V01,235,7,1,10,False,-0.00092692782925668537,0.027923596984903529,0.019925113648435668,0.023924355316669598,-0.024851283145926283,-0.028850524814160214,-0.020852041477692353,444,ok
D235_F07_V01,235,7,1,12,False,-0.015778675320366493,0.065995415541683894,0.028903558595267009,0.047449487068475453,-0.063228162388841949,-0.081774090862050383,-0.044682233915633501,444,ok
D235_F07_V01,235,7,1,13,False,-0.00056875592097055242,0.00091746738557342436,0.078251591232500584,0.039584529309037005,-0.040153285230007559,-0.0014862233065439769,-0.078820347153471138,444,ok
D235_F07_V01,235,7,1,15,False,-0.036312716466818121,0.089053758318071996,-0.00083013506832248544,0.044111811624874757,-0.080424528091692871,-0.1253664747848901,-0.035482581398495638,444,ok
D235_F07_V01,235,7,1,17,False,-0.068489454642223072,-0.032273481536139022,0.03389028827114695,0.00080840336750396397,-0.069297858009727042,-0.03621597310608405,-0.10237974291337001,444,ok
D235_F07_V01,235,7,2,14,False,-0.038146376323710582,-0.07609028937170316,0.019691430003931126,-0.028199429683886015,-0.0099469466398245665,0.037943913047992578,-0.057837806327641711,444,ok
D235_F07_V01,235,7,2,20,False,0.035695031760178839,0.019830699065560155,0.092108670792527492,0.05596968492904382,-0.020274653168864981,0.015864332694618684,-0.056413639032348653,444,ok
D235_F07_V01,235,7,3,8,False,0.061030677664312714,0.061747859326038268,0.10139634309458201,0.081572101210310138,-0.020541423545997424,-0.00071718166172555359,-0.040365665430269294,444,ok
D235_F07_V01,235,7,3,11,False,-0.036684864756450858,-0.0084508560963798395,0.070627597348879703,0.031088370626249931,-0.067773235382700789,-0.028234008660071017,-0.10731246210533056,444,ok
D235_F07_V01,235,7,3,13,False,0.024155991492994792,0.070126252494432231,0.042156348555233904,0.056141300524833071,-0.031985309031838279,-0.045970261001437439,-0.018000357062239111,444,ok
D235_F07_V01,235,7,3,14,False,0.021902716023573698,0.01880849270164861,0.10805819832947736,0.063433345515562983,-0.041530629491989282,0.0030942233219250874,-0.086155482305903655,444,ok
D235_F07_V01,235,7,3,16,False,-0.059303638784687446,-0.03026896219590202,0.096211553132610983,0.032971295468354478,-0.092274934253041924,-0.029034676588785426,-0.15551519191729843,444,ok
D235_F07_V01,235,7,3,18,False,0.046366012543211974,0.077089127699584106,0.054812406429454529,0.065950767064519314,-0.01958475452130734,-0.030723115156372133,-0.008446393886242555,444,ok
D235_F07_V01,235,7,4,13,False,0.030971926554628795,0.025637166645981656,0.089682541450718217,0.057659854048349939,-0.026687927493721144,0.0053347599086471381,-0.058710614896089419,444,ok
D235_F07_V01,235,7,4,19,False,-0.063550654871118564,-0.015797273916323188,0.015793226778587514,-2.0235688678368197e-06,-0.063548631302250733,-0.04775338095479538,-0.079343881649706072,444,ok
D235_F07_V01,235,7,4,20,False,-0.0099322232750373128,-0.029144582244582194,0.018945678564414151,-0.0050994518400840211,-0.0048327714349532917,0.019212358969544881,-0.028877901839451464,444,ok
D235_F07_V01,235,7,5,12,False,-0.032279513898529358,0.0058032685252097172,0.095236260717135451,0.050519764621172587,-0.082799278519701952,-0.038082782423739074,-0.12751577461566482,444,ok
D235_F07_V01,235,7,5,13,False,-0.0098742231876746116,0.01711675445293611,-0.0042702294184082208,0.0064232625172639442,-0.016297485704938556,-0.026990977640610724,-0.0056039937692663909,444,ok
D235_F07_V01,235,7,5,14,False,-0.053014708248857276,-0.048590130657542925,0.062326524351849696,0.0068681968471533857,-0.059882905096010658,-0.0044245775913143506,-0.11534123260070697,444,ok
D235_F07_V01,235,7,5,16,False,-0.04180276327440284,0.055663368837005518,0.10165770094890395,0.078660534892954728,-0.12046329816735757,-0.097466132111408366,-0.14346046422330677,444,ok
D235_F07_V01,235,7,5,18,False,-0.029173062915234999,-0.036413190226504327,-0.0012723525422197884,-0.018842771384362057,-0.010330291530872941,0.0072401273112693287,-0.027900710373015211,444,ok
D235_F07_V01,235,7,5,19,False,-0.036095188759132167,0.015667549996277758,-0.044044784846692171,-0.014188617425207207,-0.02190657133392496,-0.051762738755409925,0.0079495960875600041,444,ok
D235_F07_V01,235,7,5,20,False,-0.038778800656357193,0.024681679842577312,0.069434845596843667,0.047058262719710489,-0.085837063376067682,-0.063460480498934504,-0.10821364625320086,444,ok
D235_F07_V01,235,7,6,7,False,-0.027327858936938832,0.038327142420299873,-0.02008903025967821,0.0091190560803108313,-0.036446915017249663,-0.065655001357238701,-0.0072388286772606218,444,ok
D235_F07_V01,235,7,6,8,False,0.025845999409240331,0.019906459642678197,0.032799447792308895,0.026352953717493546,-0.00050695430825321505,0.0059395397665621338,-0.0069534483830685639,444,ok
D235_F07_V01,235,7,6,13,False,-0.026765866124193335,0.046975137904642333,0.058106450551825055,0.052540794228233698,-0.079306660352427033,-0.073741004028835669,-0.084872316676018383,444,ok
D235_F07_V01,235,7,6,14,False,-0.048695670175669808,0.087946846450685651,-0.021946984817369914,0.03299993081665787,-0.081695600992327672,-0.13664251662635546,-0.026748685358299894,444,ok
D235_F07_V01,235,7,6,16,False,-0.02197425099823648,-0.026615583304698723,0.065493625935786087,0.019439021315543682,-0.041413272313780163,0.0046413323064622425,-0.087467876934022568,444,ok
D235_F07_V01,235,7,6,20,False,-0.050815978823128168,0.071322671732971507,0.0021865250432933376,0.036754598388132421,-0.087570577211260589,-0.12213865055609968,-0.053002503866421503,444,ok
D235_F10_V01,235,10,1,1,False,0.043400244999308911,0.098800430875545103,0.15901870719708408,0.12890956903631459,-0.085509324037005674,-0.055400185876236192,-0.11561846219777516,461,ok
D235_F10_V01,235,10,1,2,False,-0.080443354387597379,0.057305040427186232,0.13248727639670518,0.094896158411945708,-0.17533951279954307,-0.13774839481478363,-0.21293063078430258,461,ok
D235_F10_V01,235,10,1,3,False,-0.077952916147870088,0.14677368701608168,0.14163935008533235,0.14420651855070701,-0.2221594346985771,-0.22472660316395177,-0.21959226623320244,461,ok
D235_F10_V01,235,10,1,4,False,0.018729453628425461,0.13945146473861794,0.055003030111054591,0.097227247424836266,-0.078497793796410809,-0.12072201111019248,-0.036273576482629133,461,ok
D235_F10_V01,235,10,1,5,False,-0.039309026558037745,0.072390336082372192,0.0090898832829599766,0.040740109682666087,-0.080049136240703839,-0.11169936264040994,-0.04839890984099772,461,ok
D235_F10_V01,235,10,1,6,False,-0.030992895722374493,0.073167780131664834,0.092772926031625486,0.08297035308164516,-0.11396324880401965,-0.10416067585403932,-0.12376582175399997,461,ok
D235_F10_V01,235,10,1,7,False,0.042560251279104122,0.025003348416672431,0.071292066897328615,0.048147707657000521,-0.0055874563778963993,0.017556902862431691,-0.028731815618224493,461,ok
D235_F10_V01,235,10,1,8,False,0.0087706190264361297,0.026061755874313402,0.12764584577637172,0.076853800825342558,-0.068083181798906434,-0.017291136847877274,-0.1188752267499356,461,ok
D235_F10_V01,235,10,1,9,False,-0.090668843296389856,-0.03320991809716145,0.016266558186201784,-0.0084716799554798335,-0.082197163340910026,-0.057458925199228406,-0.10693540148259165,461,ok
D235_F10_V01,235,10,1,10,False,-0.0014557880696909407,0.11330268284831978,0.046468390900510824,0.079885536874415297,-0.081341324944106244,-0.11475847091801072,-0.047924178970201764,461,ok
D235_F10_V01,235,10,1,12,False,0.00096591209734484982,0.039192397413378342,-0.023241292430897131,0.0079755524912406058,-0.0070096403938957556,-0.038226485316033496,0.024207204528241981,461,ok
D235_F10_V01,235,10,1,14,False,-0.035089457717404252,-0.0065834109960626157,0.028216612218264735,0.01081660061110106,-0.045906058328505313,-0.028506046721341636,-0.063306069935668979,461,ok
D235_F10_V01,235,10,1,15,False,-0.023982257403002118,0.057009118225329079,0.0099697573249225742,0.033489437775125828,-0.057471695178127946,-0.080991375628331197,-0.033952014727924695,461,ok
D235_F10_V01,235,10,1,17,False,-0.0047016919403388363,0.034790823668092871,0.033003600680103599,0.033897212174098232,-0.038598904114437067,-0.039492515608431707,-0.037705292620442435,461,ok
D235_F10_V01,235,10,1,18,False,-0.070806871349086392,0.050525611825702393,0.054702162248400389,0.052613887037051388,-0.12342075838613778,-0.12133248317478879,-0.12550903359748677,461,ok
D235_F10_V01,235,10,1,19,False,0.022911186449189685,0.079596829854975085,-0.013963475129527333,0.032816677362723874,-0.0099054909135341887,-0.056685643405785399,0.036874661578717022,461,ok
D235_F10_V01,235,10,1,20,False,-0.018004351626301231,0.03872685841837422,0.048581384809475402,0.043654121613924811,-0.061658473240226039,-0.056731210044675448,-0.06658573643577663,461,ok
D235_F10_V01,235,10,2,13,False,0.04537472735729934,0.042023281677478007,0.10107998762662988,0.071551634652053941,-0.026176907294754602,0.0033514456798213327,-0.055705260269330543,461,ok
D235_F10_V01,235,10,2,14,False,0.032889163798488538,0.095794422930000928,-0.011138851781226186,0.042327785574387371,-0.0094386217758988325,-0.062905259131512389,0.044028015579714724,461,ok
D235_F10_V01,235,10,2,16,False,0.016597555352159402,0.060448359814746909,0.028702167545186025,0.044575263679966469,-0.027977708327807067,-0.043850804462587503,-0.012104612193026623,461,ok
D235_F10_V01,235,10,2,20,False,-0.024897664221059979,-0.016352422346347019,0.057310100893496037,0.020478839273574509,-0.045376503494634485,-0.0085452418747129603,-0.08220776511455602,461,ok
D235_F10_V01,235,10,3,10,False,0.028958537563628078,-0.018453257007580569,0.076873805202591336,0.029210274097505384,-0.00025173653387730588,0.047411794571208643,-0.047915267638963255,461,ok
D235_F10_V01,235,10,3,12,False,-0.018118168497434729,0.049420426163497261,0.033858117745484993,0.041639271954491131,-0.05975744045192586,-0.067538594660931983,-0.051976286242919723,461,ok
D235_F10_V01,235,10,3,15,False,-0.00031858237335570804,0.031434890224571597,0.032014414968814658,0.031724652596693131,-0.032043234970048837,-0.031753472597927303,-0.032332997342170364,461,ok
D235_F10_V01,235,10,3,16,False,0.017681439332988973,0.036999865267077395,0.055493962895179501,0.046246914081128451,-0.028565474748139478,-0.019318425934088421,-0.037812523562190531,461,ok
D235_F10_V01,235,10,3,18,False,0.049872410882877242,0.051279529355366484,0.090494993295512346,0.070887261325439418,-0.021014850442562176,-0.001407118472489241,-0.040622582412635104,461,ok
D235_F10_V01,235,10,4,12,False,-0.059077691902551355,-0.003093287017827938,0.092409902662920484,0.044658307822546275,-0.10373599972509763,-0.055984404884723414,-0.15148759456547184,461,ok
D235_F10_V01,235,10,4,14,False,0.016095929840892666,0.012297439793076518,0.046349549772007621,0.029323494782542071,-0.013227564941649405,0.0037984900478161485,-0.030253619931114955,461,ok
D235_F10_V01,235,10,4,16,False,-0.046422385200658285,0.069029036029903915,0.10065588546926967,0.08484246074958679,-0.13126484595024507,-0.11545142123056221,-0.14707827066992796,461,ok
D235_F10_V01,235,10,4,19,False,-0.0022859264287021083,0.044086273422101162,0.067159552118596491,0.055622912770348823,-0.057908839199050932,-0.046372199850803271,-0.0694454785472986,461,ok
D235_F10_V01,235,10,4,20,False,0.045855002878385162,0.029227612005095906,0.10166157458126249,0.065444593293179198,-0.019589590414794036,0.016627390873289256,-0.055806571702877325,461,ok
D235_F10_V01,235,10,5,7,False,0.065351589684644482,0.073134925881901763,0.11892987001438939,0.096032397948145581,-0.0306808082635011,-0.0077833361972572818,-0.053578280329744904,461,ok
D235_F10_V01,235,10,5,8,False,0.035875106810342769,0.022021150713436397,0.080803671986169737,0.051412411349803067,-0.015537304539460298,0.013853956096906372,-0.044928565175826968,461,ok
D235_F10_V01,235,10,5,10,False,0.045676243780289068,0.11475748977727872,0.057913241812404592,0.086335365794841662,-0.040659122014552594,-0.069081245996989643,-0.012236998032115524,461,ok
D235_F10_V01,235,10,5,12,False,0.051262409788234251,0.085657630431871995,0.019367834494520505,0.052512732463196252,-0.0012503226749620011,-0.034395220643637744,0.031894575293713742,461,ok
D235_F10_V01,235,10,5,13,False,0.024546566231430315,0.16782623289975049,-0.1101613164739763,0.028832458212887095,-0.0042858919814567804,-0.14327966666832018,0.13470788270540662,461,ok
D235_F10_V01,235,10,5,14,False,-0.060100587359265871,0.086230462682711909,-0.049699859770737077,0.018265301455987416,-0.07836588881525329,-0.14633105004197777,-0.010400727588528794,461,ok
D235_F10_V01,235,10,5,16,False,0.016954053996793481,0.03478097485748273,0.039017088681959161,0.036899031769720946,-0.019944977772927464,-0.017826920860689249,-0.02206303468516568,461,ok
D235_F10_V01,235,10,5,19,False,0.0034391186704183516,0.023630124486145872,0.049523690305664843,0.036576907395905356,-0.033137788725487005,-0.020191005815727522,-0.046084571635246492,461,ok
D235_F10_V01,235,10,6,10,False,0.052206235621477769,0.098448304477118831,0.0325333817391599,0.065490843108139365,-0.013284607486661597,-0.046242068855641062,0.019672853882317869,461,ok
D235_F10_V01,235,10,6,12,False,-0.088610168661122202,0.042409274612437424,0.075713449846154121,0.059061362229295769,-0.14767153089041796,-0.13101944327355963,-0.16432361850727634,461,ok
D235_F10_V01,235,10,6,16,False,0.018129712759684169,0.020213880176502805,0.029826415752520329,0.025020147964511567,-0.0068904352048273984,-0.0020841674168186365,-0.01169670299283616,461,ok
D235_F10_V01,235,10,6,17,False,-0.0024661051400559132,0.045719563048673917,0.006076948468920206,0.025898255758797062,-0.028364360898852976,-0.048185668188729831,-0.0085430536089761196,461,ok
D235_F10_V01,235,10,6,19,False,0.02722136260286433,0.052701388805531213,0.032429831128291127,0.042565609966911166,-0.015344247364046836,-0.025480026202666883,-0.0052084685254267966,461,ok
D235_F10_V01,235,10,6,20,False,0.0096365885623997151,0.038868757192188949,0.018210247928055819,0.028539502560122384,-0.018902913997722669,-0.029232168629789234,-0.0085736593656561035,461,ok
D285_F01_V01,285,1,1,1,False,0.016456903592635578,-0.0010458236375993617,0.080418554924823235,0.039686365643611936,-0.023229462050976358,0.017502727230234938,-0.063961651332187661,453,ok
D285_F01_V01,285,1,1,2,False,-0.075989802216815214,0.064655459529294038,0.10535359542595805,0.085004527477626046,-0.16099432969444127,-0.14064526174610925,-0.18134339764277327,453,ok
D285_F01_V01,285,1,1,3,False,-0.050245731067091091,0.13612682640065454,0.10833569620788763,0.12223126130427109,-0.17247699237136219,-0.18637255746774564,-0.15858142727497873,453,ok
D285_F01_V01,285,1,1,4,False,0.059544807366767614,0.13188157850929044,0.070163731035415192,0.10102265477235281,-0.041477847405585196,-0.072336771142522821,-0.010618923668647577,453,ok
D285_F01_V01,285,1,1,5,False,-0.043276315646912519,-0.045097627963849071,0.015685989499251408,-0.014705819232298831,-0.028570496414613688,0.0018213123169365519,-0.058962305146163928,453,ok
D285_F01_V01,285,1,1,6,False,-0.0078088113713278067,0.078839690147608332,-0.028854774345833622,0.024992457900887353,-0.032801269272215161,-0.086648501518936133,0.021045962974505814,453,ok
D285_F01_V01,285,1,1,7,False,-0.075575313908804079,-0.010250772337103645,0.11550444643995729,0.052626837051426824,-0.12820215096023091,-0.065324541571700437,-0.19107976034876137,453,ok
D285_F01_V01,285,1,1,8,False,0.03181320514453323,0.027615855021860217,0.042303517610169629,0.034959686316014926,-0.0031464811714816965,0.0041973501226730131,-0.010490312465636399,453,ok
D285_F01_V01,285,1,1,9,False,-0.072860553856339216,0.12765205154930001,0.10436790120227907,0.11600997637578954,-0.18887053023212874,-0.20051260540563923,-0.17722845505861828,453,ok
D285_F01_V01,285,1,1,11,False,0.050322791269407231,0.035827672946902034,0.07907685099599282,0.057452261971447427,-0.0071294707020401957,0.014495118322505197,-0.028754059726585589,453,ok
D285_F01_V01,285,1,1,12,False,0.016323096307442508,0.065366113918665161,0.0098419127992386626,0.037604013358951915,-0.021280917051509408,-0.04904301761122265,0.0064811835082038451,453,ok
D285_F01_V01,285,1,1,14,False,-0.042094971347793081,0.054696581702745446,-0.0086332436033081834,0.02303166904971863,-0.065126640397511704,-0.09679155305053852,-0.033461727744484901,453,ok
D285_F01_V01,285,1,1,16,False,-0.053437912098072367,0.0062834560958665965,-0.0074291126463943554,-0.00057282827526387945,-0.052865083822808488,-0.059721368193938966,-0.04600879945167801,453,ok
D285_F01_V01,285,1,2,7,False,0.066171858969926112,0.012406681062858138,0.13705015977516891,0.074728420419013522,-0.0085565614490874103,0.053765177907067974,-0.070878300805242794,453,ok
D285_F01_V01,285,1,2,11,False,0.022066917264227059,0.054072916878975696,0.032706545391516247,0.043389731135245968,-0.021322813871018909,-0.032005999614748634,-0.010639628127289188,453,ok
D285_F01_V01,285,1,2,12,False,-0.014060709082025474,0.1261346874014509,0.092044103401258431,0.10908939540135466,-0.12315010448338014,-0.14019539648347637,-0.10610481248328391,453,ok
D285_F01_V01,285,1,2,17,False,0.0064882859214325413,0.029030634346913171,-0.0098292212743047742,0.0096007065363041995,-0.0031124206148716582,-0.02254234842548063,0.016317507195737317,453,ok
D285_F01_V01,285,1,2,18,False,-0.015393905349575627,-0.024338118430194396,-0.0039384403043171536,-0.014138279367255775,-0.001255625982319852,0.0089442130806187698,-0.011455465045258472,453,ok
D285_F01_V01,285,1,2,19,False,-0.025739423074526379,-0.014769708362691343,-0.0092128269458436572,-0.011991267654267501,-0.013748155420258878,-0.010969714711835036,-0.016526596128682722,453,ok
D285_F01_V01,285,1,3,10,False,0.070825502445176561,0.025566351742010197,0.12741647030030068,0.076491411021155434,-0.005665908575978873,0.045259150703166363,-0.056590967855124116,453,ok
D285_F01_V01,285,1,3,11,False,-0.046159339412518791,0.03943852096728305,0.088074470791832601,0.063756495879557826,-0.10991583529207662,-0.085597860379801841,-0.13423381020435138,453,ok
D285_F01_V01,285,1,3,12,False,-0.019979325011228229,0.10729765235144795,0.075981735018444574,0.091639693684946261,-0.11161901869617449,-0.12727697736267618,-0.095961060029672807,453,ok
D285_F01_V01,285,1,3,17,False,-0.0037248681128207719,-0.038971899200353877,0.038070872027388875,-0.00045051358648250106,-0.0032743545263382709,0.035247031087533104,-0.041795740140209647,453,ok
D285_F01_V01,285,1,3,18,False,-0.04509390386732056,0.095274652037958318,0.035921483246352137,0.065598067642155228,-0.11069197150947579,-0.14036855590527889,-0.081015387113672704,453,ok
D285_F01_V01,285,1,3,19,False,0.030908321303347801,0.021222820379770309,0.071350267210209151,0.046286543794989726,-0.015378222491641926,0.0096855009235774919,-0.04044194590686135,453,ok
D285_F01_V01,285,1,4,6,False,0.06674143527096485,0.13575926237204231,0.04232444827929855,0.089041855325670424,-0.022300420054705575,-0.069017827101077456,0.024416986991666299,453,ok
D285_F01_V01,285,1,4,11,False,-0.012186043185386712,0.12203993072032888,0.08968060510541051,0.1058602679128697,-0.11804631109825642,-0.13422597390571558,-0.10186664829079722,453,ok
D285_F01_V01,285,1,4,12,False,-0.019323398351912466,0.11026549804980483,0.045916058054233377,0.078090778052019111,-0.097414176403931574,-0.12958889640171731,-0.06523945640614584,453,ok
D285_F01_V01,285,1,4,13,False,0.047291732502305721,0.071247906577757147,0.049352214188984396,0.060300060383370768,-0.013008327881065047,-0.023956174075451427,-0.0020604816866786752,453,ok
D285_F01_V01,285,1,4,15,False,0.0026116000429608271,-0.046079079603447926,0.069783361993889015,0.011852141195220545,-0.0092405411522597167,0.048690679646408754,-0.067171761950928194,453,ok
D285_F01_V01,285,1,4,16,False,-0.029408639982225204,-0.011470102783501456,0.063928591991399747,0.026229244603949146,-0.055637884586174351,-0.01793853719872375,-0.093337231973624951,453,ok
D285_F01_V01,285,1,4,18,False,-0.018117266010622992,0.099140727179700169,0.084052471414156518,0.091596599296928344,-0.10971386530755134,-0.11725799319032316,-0.10216973742477951,453,ok
D285_F01_V01,285,1,5,1,True,0.084331868561124318,0.068459161227693327,0.14335468941606247,0.1059069253218779,-0.02157505676075358,0.015872707333430991,-0.059022820854938152,453,ok
D285_F01_V01,285,1,5,2,True,0.054059753164857137,0.053620810154642332,0.10801920745394931,0.080820008804295823,-0.026760255639438686,0.00043894301021480536,-0.053959454289092178,453,ok
D285_F01_V01,285,1,5,7,False,0.018992210386057258,0.037792908986341162,0.031095818213912201,0.034444363600126683,-0.015452153214069425,-0.018800698600283904,-0.012103607827854943,453,ok
D285_F01_V01,285,1,5,8,False,0.1046795466059366,0.095778740045169466,0.1439588167957366,0.11986877842045304,-0.015189231814516438,0.0089008065607671383,-0.0392792701898,453,ok
D285_F01_V01,285,1,5,11,False,0.026174876505177889,0.081403293849140773,0.01567675508603476,0.048540024467587768,-0.022365147962409879,-0.055228417343962888,0.010498121419143129,453,ok
D285_F01_V01,285,1,5,13,False,0.029425313381985351,0.08173769877911978,0.076987402976689615,0.079362550877904697,-0.049937237495919343,-0.052312385397134425,-0.04756208959470426,453,ok
D285_F01_V01,285,1,5,16,False,0.043274187367984281,0.044826114587292895,0.046154714031174889,0.045490414309233895,-0.0022162269412496147,-0.0015519272193086145,-0.0028805266631906079,453,ok
D285_F01_V01,285,1,5,18,False,-0.065099669812835298,0.058506651119218142,0.066644144934959793,0.062575398027088974,-0.12767506783992427,-0.12360632093205344,-0.13174381474779509,453,ok
D285_F01_V01,285,1,5,19,False,0.026520672266673411,0.066970707350968217,0.030571716523080696,0.048771211937024453,-0.022250539670351042,-0.040450035084294803,-0.0040510442564072845,453,ok
D285_F01_V01,285,1,5,20,False,-0.02895862484696142,0.05809869154824851,-0.012607649298135367,0.02274552112505657,-0.051704145972017987,-0.08705731639520993,-0.016350975548826051,453,ok
D285_F01_V01,285,1,6,6,False,0.045340177841756549,0.062561231038876466,0.057507724092799029,0.060034477565837747,-0.014694299724081199,-0.017221053197119918,-0.01216754625104248,453,ok
D285_F01_V01,285,1,6,7,False,0.0021346843642063595,0.0031165478525429732,0.033733237338389663,0.018424892595466317,-0.016290208231259956,-0.00098186348833661369,-0.031598552974183305,453,ok
D285_F01_V01,285,1,6,12,False,0.017352754793725715,0.10974087390703881,-0.038779781538025491,0.035480546184506662,-0.018127791390780947,-0.0923881191133131,0.056132536331751207,453,ok
D285_F01_V01,285,1,6,14,False,0.028706935723727692,0.072269125117794222,0.032098243976189787,0.052183684546992001,-0.02347674882326431,-0.043562189394066531,-0.0033913082524620955,453,ok
D285_F01_V01,285,1,6,15,False,-0.0065970436487177049,0.028810063013094297,-0.00067216871680411661,0.01406894714814509,-0.020665990796862793,-0.035407106661812002,-0.0059248749319135881,453,ok
D285_F01_V01,285,1,6,18,False,-0.044996094885765225,-0.020202020202197996,0.050859784534928391,0.015328882166365198,-0.060324977052130427,-0.02479407468356723,-0.095855879420693624,453,ok
D285_F01_V01,285,1,6,19,False,-0.072617335650296627,0.022254736418645442,0.056003363803420282,0.039129050111032862,-0.11174638576132949,-0.094872072068942076,-0.1286206994537169,453,ok
D285_F01_V01,285,1,6,20,False,-0.049557215850029146,0.10680710700578627,0.11727117315382811,0.1120391400798072,-0.16159635592983634,-0.15636432285581542,-0.16682838900385727,453,ok
D285_F03_V01,285,3,1,2,False,0.018057395037785966,0.034825280473685639,0.056734995597477501,0.04578013803558157,-0.027722742997795605,-0.016767885435899674,-0.038677600559691536,474,ok
D285_F03_V01,285,3,1,3,False,-0.056383720450593762,0.073924156040838143,0.023829408073114965,0.048876782056976556,-0.10526050250757032,-0.13030787649143191,-0.080213128523708724,474,ok
D285_F03_V01,285,3,1,4,False,-0.11812596854745418,0.063512823535697718,0.0066328537311216686,0.035072838633409695,-0.15319880718086387,-0.1816387920831519,-0.12475882227857585,474,ok
D285_F03_V01,285,3,1,5,False,0.02271829341521249,0.057769971761754205,0.032430206225567158,0.045100088993660678,-0.022381795578448188,-0.035051678346541715,-0.0097119128103546684,474,ok
D285_F03_V01,285,3,1,8,False,0.0050269874255039438,0.013377392978314428,0.039760827849204296,0.02656911041375936,-0.021542122988255415,-0.0083504055528104831,-0.034733840423700355,474,ok
D285_F03_V01,285,3,1,10,False,-0.032761057973132543,-0.015704136163799665,0.071382911528442256,0.027839387682321297,-0.06060044565545384,-0.017056921809332878,-0.1041439695015748,474,ok
D285_F03_V01,285,3,1,12,False,0.014755092635369787,0.081855400726843122,0.073335657960394249,0.077595529343618685,-0.062840436708248903,-0.06710030809147334,-0.05858056532502446,474,ok
D285_F03_V01,285,3,1,14,False,-0.0053281858046121946,0.12449726814183269,0.048589565467057165,0.086543416804444925,-0.091871602609057121,-0.12982545394644487,-0.05391775127166936,474,ok
D285_F03_V01,285,3,1,16,False,0.044215388511590917,0.075179198168096997,0.067256397449891731,0.071217797808994371,-0.027002409297403454,-0.030963809656506081,-0.023041008938300814,474,ok
D285_F03_V01,285,3,1,19,False,-0.038801212482882978,0.03728366790014867,0.038876549858154572,0.038080108879151621,-0.076881321362034599,-0.076084880383031656,-0.077677762341037543,474,ok
D285_F03_V01,285,3,1,20,False,0.0059269938967510824,0.019952632463500201,0.080535864967370058,0.050244248715435133,-0.044317254818684051,-0.01402563856674912,-0.074608871070618976,474,ok
D285_F03_V01,285,3,2,1,False,0.034195018779774024,0.028257146995815698,0.04315769677709632,0.035707421886456009,-0.0015124031066819851,0.0059378717839583262,-0.0089626779973222964,474,ok
D285_F03_V01,285,3,2,6,False,-0.031939528746703909,0.11465782582707307,-0.029659617626234511,0.04249910410041928,-0.074438632847123182,-0.14659735457377698,-0.0022799111204693974,474,ok
D285_F03_V01,285,3,2,7,False,0.053120213502587076,0.10260832287642668,0.062870620885796605,0.082739471881111637,-0.029619258378524561,-0.049488109373839607,-0.0097504073832095292,474,ok
D285_F03_V01,285,3,2,14,False,0.042600763969104269,0.085796514428948922,0.043262743998437797,0.06452962921369336,-0.021928865244589091,-0.043195750459844653,-0.00066198002933352817,474,ok
D285_F03_V01,285,3,2,16,False,-0.07891805066840675,0.021159631626302685,-0.002709109914755376,0.0092252608557736541,-0.088143311524180409,-0.10007768229470944,-0.07620894075365138,474,ok
D285_F03_V01,285,3,2,17,False,-0.0095276476380095603,0.024069650797579525,-0.030902223431962052,-0.0034162863171912639,-0.0061113613208182965,-0.033597298435589083,0.021374575793952494,474,ok
D285_F03_V01,285,3,2,18,False,-0.038345988357335867,0.089455213701308225,-0.016643301036489633,0.036405956332409298,-0.074751944689745164,-0.12780120205864409,-0.021702687320846233,474,ok
D285_F03_V01,285,3,2,19,False,0.004964962518486187,0.067416541268046387,0.089675177819458038,0.078545859543752206,-0.073580897025266018,-0.062451578749560199,-0.08471021530097185,474,ok
D285_F03_V01,285,3,3,9,False,-0.094714800834078447,-0.024526001464930468,0.028635024291201058,0.0020545114131352953,-0.096769312247213746,-0.070188799369147986,-0.12334982512527951,474,ok
D285_F03_V01,285,3,3,13,False,0.039115028089002739,0.0043668092748803209,0.093437689226373286,0.048902249250626806,-0.009787221161624067,0.03474821881412242,-0.054322661137370547,474,ok
D285_F03_V01,285,3,3,14,False,0.0043552312806460431,0.09280661595487244,0.070576365908153679,0.081691490931513067,-0.077336259650867017,-0.088451384674226391,-0.06622113462750763,474,ok
D285_F03_V01,285,3,3,15,False,-0.04339655048288911,0.14890453777597604,0.047564413283153847,0.098234475529564935,-0.14163102601245403,-0.19230108825886516,-0.090960963766042957,474,ok
D285_F03_V01,285,3,3,16,False,0.0056332487713512836,0.052847667814225015,0.049210783635190734,0.051029225724707875,-0.045395976953356593,-0.047214419042873733,-0.043577534863839452,474,ok
D285_F03_V01,285,3,3,17,False,-0.057798318397205409,0.079299334082458706,-0.044813894482182398,0.017242719800138154,-0.075041038197343563,-0.1370976524796641,-0.012984423915023011,474,ok
D285_F03_V01,285,3,4,3,True,0.089285993981588693,0.12158526620963533,0.11059273739557342,0.11608900180260437,-0.026803007821015676,-0.032299272228046641,-0.021306743413984724,474,ok
D285_F03_V01,285,3,4,5,False,0.072978867105990344,0.10240864088524618,0.06019815693844012,0.081303398911843155,-0.0083245318058528112,-0.029429773779255833,0.012780710167550224,474,ok
D285_F03_V01,285,3,4,9,False,-0.029361137863410821,0.040081779923772071,0.015218178418836563,0.027649979171304316,-0.057011117034715134,-0.069442917787182895,-0.044579316282247386,474,ok
D285_F03_V01,285,3,4,10,False,0.0057344912144257172,0.089518370137524575,0.11201510175093102,0.1007667359442278,-0.095032244729802082,-0.083783878923098853,-0.1062806105365053,474,ok
D285_F03_V01,285,3,4,17,False,-0.0023934775849902188,0.037289819220062963,-0.023906385811529585,0.0066917167042666887,-0.0090851942892569079,-0.039683296805053184,0.021512908226539368,474,ok
D285_F03_V01,285,3,4,19,False,0.018872581699814629,-0.037220746928951519,0.084591761354668032,0.023685507212858257,-0.0048129255130436276,0.056093328628766148,-0.06571917965485341,474,ok
D285_F03_V01,285,3,4,20,False,-0.032104479199869085,0.0193760123864423,0.1114376153314746,0.065406813858958454,-0.097511293058827539,-0.051480491586311385,-0.1435420945313437,474,ok
D285_F03_V01,285,3,5,5,False,0.029830772037650156,0.086334634136578201,-0.0055107157564102029,0.040411959190084001,-0.010581187152433846,-0.056503862098928048,0.035341487794060357,474,ok
D285_F03_V01,285,3,5,11,False,0.027009639690765797,0.0859909507171287,0.035700097970504163,0.060845524343816432,-0.033835884653050638,-0.058981311026362906,-0.008690458279738366,474,ok
D285_F03_V01,285,3,5,12,False,0.026962848361780627,0.075534015897786716,-0.012586509399120923,0.031473753249332895,-0.0045109048875522674,-0.048571167536006085,0.03954935776090155,474,ok
D285_F03_V01,285,3,5,17,False,0.021243592517558071,0.10197404840631694,-0.030930030584505001,0.035522008910905969,-0.014278416393347898,-0.080730455888758865,0.052173623102063069,474,ok
D285_F03_V01,285,3,5,18,False,0.027393618932384411,0.028888574944504929,0.027450414772305434,0.028169494858405184,-0.00077587592602077274,-0.0014949560121205185,-5.6795839921023467e-05,474,ok
D285_F03_V01,285,3,5,19,False,-0.03695760036559833,0.013685124800628166,0.069775088552676987,0.041730106676652577,-0.078687707042250907,-0.050642725166226497,-0.10673268891827531,474,ok
D285_F03_V01,285,3,5,20,False,-0.0032040700913923211,0.061085561262417369,0.14208659510889429,0.10158607818565583,-0.10479014827704816,-0.06428963135380969,-0.14529066520028661,474,ok
D285_F03_V01,285,3,6,8,False,0.071786243455395499,0.092823602992375839,0.079184592906362747,0.086004097949369293,-0.014217854493973794,-0.021037359536980341,-0.0073983494509672482,474,ok
D285_F03_V01,285,3,6,13,False,0.051872609458552814,0.084509687871432718,0.075135354330025717,0.07982252110072921,-0.027949911642176396,-0.032637078412879904,-0.023262744871472903,474,ok
D285_F03_V01,285,3,6,14,False,0.0079237577628289112,-0.019077632671729457,0.091237245426433258,0.036079806377351899,-0.028156048614522988,0.027001390434558369,-0.083313487663604344,474,ok
D285_F03_V01,285,3,6,15,False,0.02377716444136535,0.03814854317850129,0.04995644034673833,0.044052491762619814,-0.020275327321254463,-0.01437137873713594,-0.02617927590537298,474,ok
D285_F03_V01,285,3,6,19,False,-0.035798348789344576,0.091131248936222112,0.08110407440823135,0.086117661672226731,-0.1219160104615713,-0.1269295977255667,-0.11690242319757593,474,ok
D285_F03_V01,285,3,6,20,False,-0.039003635994596525,0.025370191593964933,-0.0020046588133430117,0.011682766390310961,-0.050686402384907486,-0.064373827588561458,-0.036998977181253515,474,ok
D285_F05_V01,285,5,1,1,False,-0.031819445098340164,0.082756470675455912,0.024793221674686217,0.053774846175071063,-0.085594291273411227,-0.11457591577379608,-0.056612666773026385,492,ok
D285_F05_V01,285,5,1,2,False,-0.080360456255652163,0.064025955022255943,0.069919535539492941,0.066972745280874435,-0.1473332015365266,-0.14438641127790811,-0.15027999179514512,492,ok
D285_F05_V01,285,5,1,3,False,-0.10829232788220615,0.035155775718800686,0.059726284088141401,0.047441029903471044,-0.15573335778567721,-0.14344810360100685,-0.16801861197034756,492,ok
D285_F05_V01,285,5,1,4,False,-0.12770867041304509,0.045908690249683241,-0.0037132202384388678,0.021097735005622186,-0.14880640541866727,-0.17361736066272834,-0.12399545017460623,492,ok
D285_F05_V01,285,5,1,5,False,-0.11884797922086987,0.051457993182974268,0.0016410699603916546,0.026549531571682963,-0.14539751079255284,-0.17030597240384415,-0.12048904918126152,492,ok
D285_F05_V01,285,5,1,6,False,-0.04457142848554637,-0.056176149607321889,0.11988958537510276,0.03185671788389044,-0.076428146369436817,0.011604721121775519,-0.16446101386064912,492,ok
D285_F05_V01,285,5,1,7,False,0.01367007671700305,-0.0082968942593716778,0.062782239091668704,0.027242672416148514,-0.013572595699145464,0.021966970976374726,-0.049112162374665654,492,ok
D285_F05_V01,285,5,1,8,False,-0.0072231106491745627,0.099580927722501225,0.021776164859189786,0.060678546290845507,-0.067901656940020066,-0.10680403837167579,-0.028999275508364349,492,ok
D285_F05_V01,285,5,1,9,False,-0.058824379948470146,-0.032555118355188421,0.015020083985501429,-0.0087675171848434971,-0.050056862763626649,-0.026269261593281724,-0.07384446393397158,492,ok
D285_F05_V01,285,5,1,11,False,-0.032158339339665783,-0.0063322266750100026,-0.029328774464152357,-0.01783050056958118,-0.014327838770084603,-0.02582611266465578,-0.0028295648755134253,492,ok
D285_F05_V01,285,5,1,12,False,-0.010551792965725688,0.044815921563052606,0.030532460914113532,0.037674191238583066,-0.04822598420430875,-0.055367714528778297,-0.041084253879839217,492,ok
D285_F05_V01,285,5,1,13,False,-0.018663033661272123,-0.004383373429199075,-0.0069849572071942088,-0.0056841653181966423,-0.012978868343075481,-0.014279660232073048,-0.011678076454077913,492,ok
D285_F05_V01,285,5,1,14,False,0.0044373250693909745,0.097684360118165461,0.0044743722259931226,0.051079366172079289,-0.046642041102688311,-0.09324703504877449,-3.7047156602148038e-05,492,ok
D285_F05_V01,285,5,1,15,False,-0.047933341483190936,-0.0041675012988035111,0.015223821967876361,0.0055281603345364253,-0.05346150181772736,-0.043765840184387422,-0.063157163451067297,492,ok
D285_F05_V01,285,5,1,17,False,-0.020133720835109444,0.071948806843962848,0.032681355835989453,0.052315081339976151,-0.072448802175085592,-0.092082527679072296,-0.052815076671098901,492,ok
D285_F05_V01,285,5,2,16,False,-0.042524991526093597,0.10332821360690234,-0.014111597403288899,0.044608308101806715,-0.087133299627900312,-0.14585320513299593,-0.028413394122804699,492,ok
D285_F05_V01,285,5,2,20,False,-0.02552695171128138,0.020645153229536216,-0.024104359592314824,-0.0017296031813893043,-0.023797348529892078,-0.046172104940817596,-0.0014225921189665557,492,ok
D285_F05_V01,285,5,3,13,False,-0.0051288501232806417,0.062394938445080893,0.047644142043448558,0.055019540244264725,-0.060148390367545365,-0.06752378856836154,-0.052772992166729198,492,ok
D285_F05_V01,285,5,3,14,False,-0.010738433291474647,0.024922747111584806,0.089501848513849736,0.057212297812717271,-0.067950731104191919,-0.035661180403059455,-0.10024028180532438,492,ok
D285_F05_V01,285,5,3,16,False,0.056751452133014128,0.10142443531296606,0.05230878300847603,0.07686660916072105,-0.020115157027706922,-0.044672983179951935,0.0044426691245380984,492,ok
D285_F05_V01,285,5,3,18,False,-0.055747296629130576,0.022547848318223224,0.028486393872712887,0.025517121095468054,-0.081264417724598637,-0.078295144947353804,-0.084233690501843456,492,ok
D285_F05_V01,285,5,4,9,False,0.047886454779613327,0.022349892004235969,0.084176311789849995,0.053263101897042982,-0.0053766471174296546,0.025536562775377358,-0.036289857010236667,492,ok
D285_F05_V01,285,5,4,11,False,0.020650883112942723,0.017439224243770229,0.049504426242968677,0.033471825243369453,-0.01282094213042673,0.0032116588691724936,-0.028853543130025954,492,ok
D285_F05_V01,285,5,4,14,False,-0.033415162264288582,0.05696524075744186,0.053319140905357741,0.055142190831399804,-0.088557353095688379,-0.090380403021730449,-0.086734303169646323,492,ok
D285_F05_V01,285,5,4,18,False,-0.026717099024992381,-0.0054764863554749932,-0.0138308306528952,-0.0096536585041850972,-0.017063440520807285,-0.021240612669517388,-0.012886268372097181,492,ok
D285_F05_V01,285,5,4,20,False,-0.060776073284987804,0.087935054869680368,0.12436575337933262,0.10615040412450649,-0.16692647740949429,-0.14871112815466817,-0.18514182666432041,492,ok
D285_F05_V01,285,5,5,9,False,0.039038900229029276,0.049720253795539966,0.047866703182519378,0.048793478489029672,-0.0097545782600003961,-0.01068135356651069,-0.008827802953490102,492,ok
D285_F05_V01,285,5,5,11,False,-0.0015217334955307351,0.038807437278565678,0.021705325283918813,0.030256381281242244,-0.031778114776772975,-0.040329170774096409,-0.023227058779449548,492,ok
D285_F05_V01,285,5,5,14,False,-0.040257184093947532,-0.03001903338228732,0.00018721332959016537,-0.014915910026348577,-0.025341274067598955,-0.010238150711660211,-0.040444397423537698,492,ok
D285_F05_V01,285,5,5,16,False,-0.043128746008406618,0.017163735343657848,-0.048253731898502392,-0.015544998277422272,-0.027583747730984348,-0.06029248135206447,0.0051249858900957734,492,ok
D285_F05_V01,285,5,5,17,False,-0.027146392829501136,0.057424400058295029,0.10306969682529489,0.080247048441794963,-0.1073934412712961,-0.084570792887796162,-0.13021608965479603,492,ok
D285_F05_V01,285,5,5,19,False,-0.010841541844148794,0.018953761570843768,-0.031664119774800215,-0.0063551791019782235,-0.0044863627421705705,-0.029795303414992563,0.020822577930651419,492,ok
D285_F05_V01,285,5,5,20,False,0.0038075707920525313,0.023789674616457531,0.065173345110327324,0.044481509863392429,-0.040673939071339898,-0.019982103824405,-0.061365774318274793,492,ok
D285_F05_V01,285,5,6,8,False,-0.0091814696366834779,0.032783011762501195,0.03751048412158408,0.035146747942042637,-0.044328217578726112,-0.041964481399184669,-0.046691953758267554,492,ok
D285_F05_V01,285,5,6,9,False,0.017152248619464527,0.019142272473319098,0.032359640861329052,0.025750956667324076,-0.0085987080478595497,-0.0019900238538545709,-0.015207392241864525,492,ok
D285_F05_V01,285,5,6,10,False,0.033224855459872436,-0.0053218583439676405,0.077346380643377177,0.036012261149704766,-0.0027874056898323299,0.038546713803840074,-0.044121525183504741,492,ok
D285_F05_V01,285,5,6,13,False,-0.086086947366146194,0.072097949250850404,0.051259655227776653,0.061678802239313532,-0.14776574960545974,-0.15818489661699658,-0.13734660259392284,492,ok
D285_F05_V01,285,5,6,16,False,0.044983147938871232,0.056412534756795106,0.081010268292785056,0.068711401524790078,-0.023728253585918846,-0.011429386817923874,-0.036027120353913825,492,ok
D285_F05_V01,285,5,6,17,False,-0.033453316868030346,-0.00025890445680568634,-0.039328036218969922,-0.019793470337887805,-0.013659846530142541,-0.033194412411224658,0.0058747193509395765,492,ok
D285_F05_V01,285,5,6,18,False,-0.025837666510115181,0.0022640783961598407,-0.024963290021809637,-0.011349605812824898,-0.014488060697290283,-0.028101744906275022,-0.00087437648830554493,492,ok
D285_F05_V01,285,5,6,20,False,0.020527313476724027,0.053694983675379143,0.037472523522402892,0.045583753598891018,-0.025056440122166991,-0.033167670198655116,-0.016945210045678866,492,ok
D285_F07_V01,285,7,1,1,False,-0.0099198758123185023,-0.017625672366473607,0.052791275002049429,0.017582801317787909,-0.027502677130106411,0.0077057965541551046,-0.062711150814367927,458,ok
D285_F07_V01,285,7,1,2,False,0.035139815439699226,0.12162942287153765,0.11158448622703401,0.11660695454928582,-0.081467139109586598,-0.086489607431838422,-0.076444670787334787,458,ok
D285_F07_V01,285,7,1,3,False,-0.012474236709784663,0.039180829594727989,0.064648592252857101,0.051914710923792545,-0.064388947633577207,-0.051655066304512651,-0.077122828962641762,458,ok
D285_F07_V01,285,7,1,4,False,-0.083668849481118149,0.076616579819751923,0.08955668978901439,0.083086634804383164,-0.1667554842855013,-0.16028542930087009,-0.17322553927013254,458,ok
D285_F07_V01,285,7,1,5,False,-0.071906025641017113,0.0070936394507913432,0.078418532826679099,0.042756086138735223,-0.11466211177975233,-0.07899966509180846,-0.15032455846769621,458,ok
D285_F07_V01,285,7,1,6,False,-0.05249280706355134,0.089274933721758043,-0.021020515296721182,0.034127209212518432,-0.086620016276069772,-0.14176774078530938,-0.031472291766830154,458,ok
D285_F07_V01,285,7,1,7,False,-0.032110035735500121,0.00026555417869045944,0.084944805425246267,0.04260517980196836,-0.074715215537468488,-0.032375589914190581,-0.11705484116074638,458,ok
D285_F07_V01,285,7,1,8,False,-0.01094817390122671,-0.033085756306656181,0.08682125527592835,0.026867749484636085,-0.037815923385862794,0.022137582405429471,-0.097769429177155059,458,ok
D285_F07_V01,285,7,1,10,False,-0.064167099912656275,0.10395533989389656,0.057991498375759391,0.080973419134827973,-0.14514051904748426,-0.16812243980655284,-0.12215859828841566,458,ok
D285_F07_V01,285,7,1,11,False,-0.011846523120259954,0.06830319529728876,0.065347503178840347,0.066825349238064546,-0.078671872358324499,-0.080149718417548713,-0.077194026299100299,458,ok
D285_F07_V01,285,7,1,12,False,-0.010193047743134445,0.035409056989964646,0.1607419465351578,0.098075501762561218,-0.10826854950569566,-0.045602104733099093,-0.17093499427829226,458,ok
D285_F07_V01,285,7,1,13,False,-0.033185382391278773,0.0097726575870766465,0.01825069714636797,0.014011677366722309,-0.047197059758001078,-0.042958039978355421,-0.051436079537646742,458,ok
D285_F07_V01,285,7,1,14,False,-0.011263573240909869,0.060196571168688179,0.047644042443108277,0.053920306805898224,-0.065183880046808099,-0.071460144409598053,-0.058907615684018144,458,ok
D285_F07_V01,285,7,1,15,False,-0.002600829206381855,0.029112431512304599,0.073993141159296352,0.051552786335800474,-0.054153615542182329,-0.031713260718686451,-0.076593970365678207,458,ok
D285_F07_V01,285,7,1,16,False,-0.0050048420255594936,0.064275409152758228,0.029199923981512461,0.046737666567135343,-0.051742508592694837,-0.069280251178317723,-0.034204766007071952,458,ok
D285_F07_V01,285,7,1,17,False,-0.066165647288711535,0.12974520451988242,-0.064328302573914739,0.032708450972983839,-0.098874098261695381,-0.19591085180859397,-0.0018373447147967958,458,ok
D285_F07_V01,285,7,1,19,False,0.01822545180484408,0.17088577257604717,-0.012762599431355628,0.079061586572345771,-0.060836134767501687,-0.15266032077120309,0.030988051236199708,458,ok
D285_F07_V01,285,7,1,20,False,0.002305106865000326,0.081584972691765414,-0.033657361269840251,0.023963805710962582,-0.021658698845962256,-0.079279865826765092,0.035962468134840581,458,ok
D285_F07_V01,285,7,2,6,False,0.042645016796840796,0.16644154693079771,0.042858858558115123,0.10465020274445641,-0.062005185947615615,-0.12379653013395692,-0.00021384176127432764,458,ok
D285_F07_V01,285,7,2,8,False,0.020090681948955129,-0.0028692500513481456,0.097139159688505256,0.047134954818578552,-0.027044272869623423,0.022959932000303274,-0.07704847773955012,458,ok
D285_F07_V01,285,7,2,10,False,-0.0046674099585419472,0.075862316842374891,-0.01536224340732926,0.030250036717522816,-0.034917446676064764,-0.080529726800916843,0.010694833448787314,458,ok
D285_F07_V01,285,7,2,11,False,0.03361201889872116,0.11203143219403448,-0.021303854901967564,0.045363788646033458,-0.011751769747312298,-0.078419413295313323,0.054915873800688728,458,ok
D285_F07_V01,285,7,2,12,False,-0.0073203140227893551,-0.039534691930285221,0.11493487704814813,0.037700092558931454,-0.045020406581720809,0.032214377907495866,-0.12225519107093749,458,ok
D285_F07_V01,285,7,2,14,False,0.028162844288937342,0.035753653819659087,0.037070486918128136,0.036412070368893615,-0.0082492260799562726,-0.0075908095307217448,-0.0089076426291907936,458,ok
D285_F07_V01,285,7,2,17,False,0.035567991764791237,0.10159095702511835,0.10005345442556031,0.10082220572533933,-0.065254213960548091,-0.06602296526032711,-0.064485462660769072,458,ok
D285_F07_V01,285,7,2,19,False,0.016458545439287313,0.095435145240086505,-0.027162829146488755,0.034136158046798877,-0.017677612607511564,-0.078976599800799185,0.043621374585776071,458,ok
D285_F07_V01,285,7,3,12,False,0.00061554270947417739,0.021704089069695835,0.099015019709728105,0.060359554389711967,-0.059744011680237789,-0.021088546360221658,-0.098399477000253935,458,ok
D285_F07_V01,285,7,3,14,False,0.016740139224178257,0.086415407528993196,0.038031091752452346,0.062223249640722775,-0.045483110416544514,-0.069675268304814936,-0.02129095252827409,458,ok
D285_F07_V01,285,7,3,15,False,-0.010890961789603965,-0.043684323289200855,0.037724063012627145,-0.0029801301382868552,-0.0079108316513171097,0.032793361499596892,-0.048615024802231108,458,ok
D285_F07_V01,285,7,3,19,False,0.06253175971802645,0.1276552213038453,0.065565334130809103,0.096610277717327192,-0.034078517999300742,-0.065123461585818845,-0.0030335744127826525,458,ok
D285_F07_V01,285,7,3,20,False,-0.039282951485107478,0.10623228143765739,0.10268391887323483,0.10445810015544611,-0.14374105164055359,-0.14551523292276486,-0.14196687035834232,458,ok
D285_F07_V01,285,7,4,8,False,-0.025050031459149569,0.04039175468537419,0.1016167793336703,0.071004267009522254,-0.09605429846867182,-0.065441786144523756,-0.12666681079281988,458,ok
D285_F07_V01,285,7,4,9,False,0.091079157147648027,0.12930016752284063,0.10939355560599064,0.11934686156441562,-0.028267704416767597,-0.038221010375192599,-0.018314398458342609,458,ok
D285_F07_V01,285,7,4,10,False,0.073664923277271213,0.14010192571695337,0.066084656814976134,0.10309329126596475,-0.029428367988693541,-0.066437002439682161,0.0075802664622950794,458,ok
D285_F07_V01,285,7,4,11,False,0.045315557200655165,0.053721954167663698,0.11093420078944774,0.082328077478555722,-0.037012520277900557,-0.0084063969670085323,-0.065618643588792575,458,ok
D285_F07_V01,285,7,4,12,False,0.038030058879767667,0.078884921421542104,0.10328030996509059,0.091082615693316354,-0.053052556813548687,-0.040854862541774437,-0.065250251085322925,458,ok
D285_F07_V01,285,7,4,14,False,0.027471879252389513,0.085987583657807551,0.085316049162597149,0.08565181641020235,-0.058179937157812833,-0.058515704405418034,-0.057844169910207632,458,ok
D285_F07_V01,285,7,4,15,False,0.049202737342616702,0.11717772449016103,0.087317984354106301,0.10224785442213366,-0.053045117079516958,-0.067974987147544325,-0.038115247011489599,458,ok
D285_F07_V01,285,7,4,17,False,0.11353474246381576,0.21449964780917938,0.034208345530027037,0.1243539966696032,-0.010819254205787443,-0.10096490534536362,0.07932639693378872,458,ok
D285_F07_V01,285,7,4,19,False,0.0042481019179551457,0.07610247555303111,0.085872696932703538,0.080987586242867324,-0.076739484324912177,-0.071854373635075963,-0.081624595014748391,458,ok
D285_F07_V01,285,7,4,20,False,-0.014694451777596299,-0.039176720112503255,0.097229179296104293,0.029026229591800519,-0.043720681369396816,0.024482268334906958,-0.1119236310737006,458,ok
D285_F07_V01,285,7,5,2,True,0.11658813594516604,0.19746422916506901,0.084807067416015222,0.14113564829054212,-0.024547512345376082,-0.080876093219902967,0.031781068529150816,458,ok
D285_F07_V01,285,7,5,3,True,0.063433424469865302,0.070630331020979806,0.11641814134522899,0.093524236183104403,-0.030090811713239102,-0.0071969065511145042,-0.052984716875363685,458,ok
D285_F07_V01,285,7,5,5,False,0.042467361437590077,0.082428578909734637,0.059094144470539629,0.070761361690137137,-0.028294000252547059,-0.03996121747214456,-0.016626783032949552,458,ok
D285_F07_V01,285,7,5,6,False,0.053499459136023081,0.074441920268301709,0.05083806047403544,0.062639990371168575,-0.0091405312351454937,-0.020942461132278628,0.0026613986619876406,458,ok
D285_F07_V01,285,7,5,8,False,0.084981741533105087,0.10850212264997899,0.091700634166868911,0.10010137840842395,-0.015119636875318865,-0.023520381116873906,-0.0067188926337638233,458,ok
D285_F07_V01,285,7,5,11,False,0.03130041671914751,0.075197233746883183,0.069408735302633751,0.072302984524758473,-0.041002567805610964,-0.043896817027735673,-0.038108318583486241,458,ok
D285_F07_V01,285,7,5,14,False,-0.017914049286173499,-0.023228765671350796,0.041693463165642812,0.0092323487471460079,-0.027146398033319509,0.0053147163851772969,-0.059607512451816308,458,ok
D285_F07_V01,285,7,5,15,False,-0.029610395677584375,-0.018238473142118853,-0.030475041687005686,-0.02435675741456227,-0.0052536382630221055,-0.011371922535465522,0.00086464600942131112,458,ok
D285_F07_V01,285,7,5,16,False,0.039945199461674602,0.088756903101301687,0.024738114942215336,0.056747509021758513,-0.016802309560083911,-0.048811703639627085,0.015207084519459266,458,ok
D285_F07_V01,285,7,5,18,False,-0.011704679520433591,-0.016680277526974201,0.060061817200633603,0.021690769836829701,-0.033395449357263296,0.0049755980065406095,-0.071766496721067191,458,ok
D285_F07_V01,285,7,5,19,False,-0.0030588630663626786,0.08498154337450671,-0.035158493575724085,0.024911524899391312,-0.02797038796575399,-0.088040406440869384,0.032099630509361404,458,ok
D285_F07_V01,285,7,6,3,True,0.00083631645662637889,0.10289045730676882,0.0070262443047168083,0.054958350805742816,-0.054122034349116437,-0.10205414085014244,-0.0061899278480904291,458,ok
D285_F07_V01,285,7,6,4,True,0.011309278344722215,0.12819925112976949,-0.017972028363148936,0.055113611383310279,-0.043804333038588064,-0.11688997278504727,0.029281306707871151,458,ok
D285_F07_V01,285,7,6,6,False,-0.026087802632156643,0.051371688941283446,0.010233941914190671,0.030802815427737058,-0.056890618059893705,-0.077459491573440092,-0.036321744546347318,458,ok
D285_F07_V01,285,7,6,7,False,0.0019347586203175365,-0.04567658380884855,0.085524193991610153,0.019923805091380802,-0.017989046471063266,0.047611342429166086,-0.083589435371292611,458,ok
D285_F07_V01,285,7,6,8,False,-0.039709168696722009,0.019874770770182796,0.050448640750502073,0.035161705760342436,-0.074870874457064446,-0.059583939466904809,-0.090157809447224083,458,ok
D285_F07_V01,285,7,6,10,False,-0.040285147001623188,0.071871687786067312,0.055706608929045838,0.063789148357556572,-0.10407429535917975,-0.11215683478769051,-0.095991755930669026,458,ok
D285_F07_V01,285,7,6,11,False,-0.10430692328217329,0.0023644480051892114,0.010174480740908626,0.0062694643730489188,-0.11057638765522221,-0.10667137128736251,-0.11448140402308192,458,ok
D285_F07_V01,285,7,6,12,False,0.031429823355064959,0.068342810307422702,0.029710370463268583,0.049026590385345639,-0.01759676703028068,-0.036912986952357743,0.0017194528917963761,458,ok
D285_F07_V01,285,7,6,14,False,0.031587231019668455,0.030120945630443926,0.099152117079159094,0.064636531354801505,-0.03304930033513305,0.0014662853892245288,-0.067564886059490639,458,ok
D285_F07_V01,285,7,6,16,False,-0.082610152178128615,-0.0092892991069837821,0.034319446139822282,0.012515073516419249,-0.095125225694547871,-0.073320853071144831,-0.1169295983179509,458,ok
D285_F07_V01,285,7,6,17,False,0.025873961529461014,0.042553713713392623,0.061887801049066424,0.052220757381229527,-0.026346795851768513,-0.016679752183931609,-0.036013839519605406,458,ok
D285_F07_V01,285,7,6,20,False,0.042489123204606107,0.078127908504177043,0.015299441800280145,0.046713675152228594,-0.0042245519476224874,-0.035638785299570937,0.027189681404325962,458,ok
D285_F10_V01,285,10,1,1,False,-0.068371388626792665,0.075675905698464371,0.080801253151355154,0.078238579424909763,-0.14660996805170243,-0.14404729432525704,-0.14917264177814782,494,ok
D285_F10_V01,285,10,1,2,False,-0.037470427953759981,0.081515196686304026,0.019467455901139536,0.050491326293721779,-0.08796175424748176,-0.11898562464006401,-0.056937883854899521,494,ok
D285_F10_V01,285,10,1,3,False,0.0091715151576801657,0.099385912991181977,0.063654882611694857,0.08152039780143841,-0.072348882643758244,-0.090214397833501811,-0.054483367454014692,494,ok
D285_F10_V01,285,10,1,4,False,-0.073082950160679963,0.07646600167778897,0.013735215129938945,0.045100608403863957,-0.11818355856454392,-0.14954895183846895,-0.086818165290618907,494,ok
D285_F10_V01,285,10,1,5,False,-0.072103650805813949,0.054527855847156866,0.033894604326156604,0.044211230086656735,-0.11631488089247069,-0.12663150665297082,-0.10599825513197056,494,ok
D285_F10_V01,285,10,1,6,False,0.019375517774927648,0.090910955053227008,0.036355953556729291,0.063633454304978146,-0.044257936530050501,-0.071535437278299363,-0.016980435781801643,494,ok
D285_F10_V01,285,10,1,8,False,0.0089208571437747186,0.10350644431146322,0.038976557108597015,0.071241500710030117,-0.062320643566255399,-0.094585587167688501,-0.030055699964822297,494,ok
D285_F10_V01,285,10,1,9,False,0.034273606832529301,0.049297028384077464,0.041502740702225524,0.045399884543151497,-0.011126277710622197,-0.015023421551548163,-0.0072291338696962235,494,ok
D285_F10_V01,285,10,1,10,False,0.035422565464218243,0.034969823446193343,0.066401294879855827,0.050685559163024585,-0.015262993698806342,0.00045274201802490005,-0.030978729415637583,494,ok
D285_F10_V01,285,10,1,12,False,0.030444944357195618,0.13027926694805703,0.083210959226063266,0.10674511308706014,-0.076300168729864518,-0.099834322590861405,-0.052766014868867644,494,ok
D285_F10_V01,285,10,1,15,False,-0.11152687026351697,-0.032496230780182114,0.054583874326366952,0.011043821773092419,-0.12257069203660939,-0.079030639483334858,-0.16611074458988392,494,ok
D285_F10_V01,285,10,1,16,False,-0.034267252567333685,0.0045710587310285652,-0.040919989152169628,-0.018174465210570531,-0.016092787356763154,-0.038838311298362252,0.0066527365848359429,494,ok
D285_F10_V01,285,10,1,17,False,0.04659376509942792,0.087675106959557769,0.038571950276854658,0.063123528618206221,-0.016529763518778301,-0.04108134186012985,0.0080218148225732616,494,ok
D285_F10_V01,285,10,1,18,False,-0.058398742067348346,0.060549091067595033,-0.011430483768705847,0.024559303649444593,-0.082958045716792939,-0.11894783313494338,-0.046968258298642498,494,ok
D285_F10_V01,285,10,1,19,False,0.013461904374468375,0.12420345011618905,0.021830759738435623,0.073017104927312337,-0.059555200552843961,-0.11074154574172068,-0.0083688553639672484,494,ok
D285_F10_V01,285,10,2,1,False,0.097137785938469917,0.1061119198887122,0.095385808048414344,0.10074886396856328,-0.003611078030093362,-0.0089741339502422829,0.0017519778900555727,494,ok
D285_F10_V01,285,10,2,3,False,-0.0020131762031613274,0.057628216135237567,0.088468535341859167,0.07304837573854836,-0.075061551941709687,-0.059641392338398894,-0.090481711545020493,494,ok
D285_F10_V01,285,10,2,7,False,0.026724297305006209,0.066411341799368404,0.078592125547625957,0.072501733673497187,-0.045777436368490979,-0.039687044494362195,-0.051867828242619748,494,ok
D285_F10_V01,285,10,2,9,False,0.0067955957484051839,0.06690025609842494,0.020440500701230286,0.043670378399827611,-0.036874782651422425,-0.060104660350019753,-0.013644904952825103,494,ok
D285_F10_V01,285,10,2,12,False,-0.0091174581787427482,0.1486500775540246,0.069607786194112606,0.10912893187406861,-0.11824639005281136,-0.15776753573276733,-0.078725244372855357,494,ok
D285_F10_V01,285,10,2,15,False,-0.046144497696892245,0.020494623495362595,0.059224146937435523,0.039859385216399063,-0.086003882913291307,-0.066639121192254847,-0.10536864463432777,494,ok
D285_F10_V01,285,10,2,16,False,-0.029218901015956512,0.016124554087622599,-0.0023670540949564203,0.0068787499963330898,-0.036097651012289601,-0.045343455103579108,-0.026851846921000091,494,ok
D285_F10_V01,285,10,2,17,False,-0.062637307889727753,0.078647560289456658,0.010655736991105025,0.044651648640280844,-0.1072889565300086,-0.1412848681791844,-0.073293044880832783,494,ok
D285_F10_V01,285,10,2,19,False,-0.034525736417501854,0.056437019340724856,0.022823042113825059,0.039630030727274959,-0.074155767144776813,-0.09096275575822671,-0.057348778531326916,494,ok
D285_F10_V01,285,10,3,19,False,0.035626087537394067,0.13782347930230324,0.073747252020762516,0.10578536566153288,-0.070159278124138802,-0.10219739176490916,-0.038121164483368448,494,ok
D285_F10_V01,285,10,4,14,False,-0.0055164107196627524,0.05882476782589513,-0.026705653108770357,0.016059557358562387,-0.021575968078225139,-0.064341178545557876,0.021189242389107604,494,ok
D285_F10_V01,285,10,4,16,False,0.049089881319858364,0.05235990749703906,0.060013896995327658,0.056186902246183362,-0.0070970209263249984,-0.003270026177180696,-0.010924015675469294,494,ok
D285_F10_V01,285,10,4,19,False,0.014483381939129633,0.041704680365465985,0.051755034425718049,0.046729857395592017,-0.032246475456462385,-0.027221298426336353,-0.037271652486588418,494,ok
D285_F10_V01,285,10,5,9,False,0.017426682367161862,0.092997571675117352,-0.0022801493989924519,0.045358711138062453,-0.027932028770900591,-0.075570889307955497,0.019706831766154315,494,ok
D285_F10_V01,285,10,5,11,False,-0.0036018951496312557,0.014764312216019527,0.033092912462719511,0.02392861233936952,-0.027530507489000777,-0.018366207365650783,-0.036694807612350763,494,ok
D285_F10_V01,285,10,5,15,False,-0.024983053041088506,0.04877948995565836,0.034753674410319485,0.041766582182988926,-0.066749635224077425,-0.073762542996746866,-0.059736727451407991,494,ok
D285_F10_V01,285,10,5,17,False,-0.039633547422997101,0.01414047271669591,0.029423402982942218,0.021781937849819064,-0.061415485272816164,-0.053774020139693013,-0.069056950405939316,494,ok
D285_F10_V01,285,10,6,2,True,0.065525495266424802,0.11457679936405513,0.019107336985780873,0.066842068174918001,-0.0013165729084931993,-0.049051304097630324,0.046418158280643926,494,ok
D285_F10_V01,285,10,6,7,False,0.041915441812828393,0.067249050067873475,0.086405977865351286,0.076827513966612387,-0.034912072153783995,-0.025333608255045083,-0.044490536052522893,494,ok
D285_F10_V01,285,10,6,11,False,-0.015162859224672328,0.0038969119298724289,0.0013047932213073807,0.0026008525755899046,-0.017763711800262233,-0.019059771154544759,-0.016467652445979711,494,ok
D285_F10_V01,285,10,6,12,False,-0.010834686066086058,0.072708921681055111,0.02683900036464492,0.049773961022850019,-0.060608647088936075,-0.083543607747141174,-0.037673686430730977,494,ok
D285_F10_V01,285,10,6,13,False,0.0022667179971048749,-0.00078597809504233208,0.044532278757797986,0.021873150331377825,-0.01960643233427295,0.0030526960921472071,-0.042265560760693113,494,ok
D285_F10_V01,285,10,6,16,False,-0.027566849384543447,0.061117285170000139,0.035233367080515499,0.048175326125257822,-0.075742175509801266,-0.088684134554543589,-0.062800216465058942,494,ok
D285_F10_V01,285,10,6,17,False,-0.0074135126278192928,-0.065159991628585087,0.0548188182282335,-0.0051705867001757937,-0.0022429259276434991,0.057746479000765794,-0.062232330856052794,494,ok
D285_F10_V01,285,10,6,19,False,0.0093383455182720586,0.058535001192754517,0.12013528408131069,0.0893351426370326,-0.079996797118760538,-0.049196655674482462,-0.11079693856303863,494,ok
D285_F10_V01,285,10,6,20,False,0.017664526739622478,0.022439913707576239,0.066170550208879381,0.04430523195822781,-0.026640705218605332,-0.0047753869679537618,-0.048506023469256906,494,ok
