scan_id,diameter_um,flow_mm_s,offset,support,mode,n_common,source_bin,u_lo,u_hi,u_mid,tail_bin,tail_lo_um,tail_hi_um,tail_mid_um,in_C16,rho,n_pairs,status,baseline_common_rho,rho_change
D128_F01_V01,128,1,baseline,five_position_common,detrended_51,486,3,0.33333333333333331,0.5,0.41666666666666669,1,0,25,12.5,True,0.27337315789822791,486,ok,0.27337315789822791,0
D128_F01_V01,128,1,baseline,five_position_common,detrended_51,486,3,0.33333333333333331,0.5,0.41666666666666669,2,25,50,37.5,True,0.33769526793961674,486,ok,0.33769526793961674,0
D128_F01_V01,128,1,baseline,five_position_common,detrended_51,486,3,0.33333333333333331,0.5,0.41666666666666669,3,50,75,62.5,True,0.16278840938247024,486,ok,0.16278840938247024,0
D128_F01_V01,128,1,baseline,five_position_common,detrended_51,486,3,0.33333333333333331,0.5,0.41666666666666669,4,75,100,87.5,True,0.18169662773056866,486,ok,0.18169662773056866,0
D128_F01_V01,128,1,baseline,five_position_common,detrended_51,486,4,0.5,0.66666666666666663,0.58333333333333337,1,0,25,12.5,True,0.17727853283371919,486,ok,0.17727853283371919,0
D128_F01_V01,128,1,baseline,five_position_common,detrended_51,486,4,0.5,0.66666666666666663,0.58333333333333337,2,25,50,37.5,True,0.1648157830057746,486,ok,0.1648157830057746,0
D128_F01_V01,128,1,baseline,five_position_common,detrended_51,486,4,0.5,0.66666666666666663,0.58333333333333337,3,50,75,62.5,True,0.15207205191785805,486,ok,0.15207205191785805,0
D128_F01_V01,128,1,baseline,five_position_common,detrended_51,486,4,0.5,0.66666666666666663,0.58333333333333337,4,75,100,87.5,True,0.14355009279723951,486,ok,0.14355009279723951,0
D128_F01_V01,128,1,baseline,five_position_common,detrended_51,486,5,0.66666666666666663,0.83333333333333337,0.75,1,0,25,12.5,True,0.18536493346415131,486,ok,0.18536493346415131,0
D128_F01_V01,128,1,baseline,five_position_common,detrended_51,486,5,0.66666666666666663,0.83333333333333337,0.75,2,25,50,37.5,True,0.20091387711739825,486,ok,0.20091387711739825,0
D128_F01_V01,128,1,baseline,five_position_common,detrended_51,486,5,0.66666666666666663,0.83333333333333337,0.75,3,50,75,62.5,True,0.11851549658338802,486,ok,0.11851549658338802,0
D128_F01_V01,128,1,baseline,five_position_common,detrended_51,486,5,0.66666666666666663,0.83333333333333337,0.75,4,75,100,87.5,True,0.11863211498219586,486,ok,0.11863211498219586,0
D128_F01_V01,128,1,baseline,five_position_common,detrended_51,486,6,0.83333333333333337,1,0.91666666666666663,1,0,25,12.5,True,0.22287029556308358,486,ok,0.22287029556308358,0
D128_F01_V01,128,1,baseline,five_position_common,detrended_51,486,6,0.83333333333333337,1,0.91666666666666663,2,25,50,37.5,True,0.13199823560215923,486,ok,0.13199823560215923,0
D128_F01_V01,128,1,baseline,five_position_common,detrended_51,486,6,0.83333333333333337,1,0.91666666666666663,3,50,75,62.5,True,0.069242867709817871,486,ok,0.069242867709817871,0
D128_F01_V01,128,1,baseline,five_position_common,detrended_51,486,6,0.83333333333333337,1,0.91666666666666663,4,75,100,87.5,True,0.049942600749761978,486,ok,0.049942600749761978,0
D128_F01_V01,128,1,xp,five_position_common,detrended_51,486,3,0.33333333333333331,0.5,0.41666666666666669,1,0,25,12.5,True,0.27623663103790103,486,ok,0.27337315789822791,0.0028634731396731117
D128_F01_V01,128,1,xp,five_position_common,detrended_51,486,3,0.33333333333333331,0.5,0.41666666666666669,2,25,50,37.5,True,0.35216024865452283,486,ok,0.33769526793961674,0.014464980714906095
D128_F01_V01,128,1,xp,five_position_common,detrended_51,486,3,0.33333333333333331,0.5,0.41666666666666669,3,50,75,62.5,True,0.16140824416772981,486,ok,0.16278840938247024,-0.0013801652147404364
D128_F01_V01,128,1,xp,five_position_common,detrended_51,486,3,0.33333333333333331,0.5,0.41666666666666669,4,75,100,87.5,True,0.18969628383194265,486,ok,0.18169662773056866,0.0079996561013739864
D128_F01_V01,128,1,xp,five_position_common,detrended_51,486,4,0.5,0.66666666666666663,0.58333333333333337,1,0,25,12.5,True,0.18883961659605761,486,ok,0.17727853283371919,0.011561083762338414
D128_F01_V01,128,1,xp,five_position_common,detrended_51,486,4,0.5,0.66666666666666663,0.58333333333333337,2,25,50,37.5,True,0.18911575399675948,486,ok,0.1648157830057746,0.024299970990984882
D128_F01_V01,128,1,xp,five_position_common,detrended_51,486,4,0.5,0.66666666666666663,0.58333333333333337,3,50,75,62.5,True,0.1623395732127437,486,ok,0.15207205191785805,0.010267521294885645
D128_F01_V01,128,1,xp,five_position_common,detrended_51,486,4,0.5,0.66666666666666663,0.58333333333333337,4,75,100,87.5,True,0.13407930293191189,486,ok,0.14355009279723951,-0.0094707898653276223
D128_F01_V01,128,1,xp,five_position_common,detrended_51,486,5,0.66666666666666663,0.83333333333333337,0.75,1,0,25,12.5,True,0.18830737949726456,486,ok,0.18536493346415131,0.0029424460331132496
D128_F01_V01,128,1,xp,five_position_common,detrended_51,486,5,0.66666666666666663,0.83333333333333337,0.75,2,25,50,37.5,True,0.23622715672608896,486,ok,0.20091387711739825,0.035313279608690712
D128_F01_V01,128,1,xp,five_position_common,detrended_51,486,5,0.66666666666666663,0.83333333333333337,0.75,3,50,75,62.5,True,0.13118195039958871,486,ok,0.11851549658338802,0.012666453816200698
D128_F01_V01,128,1,xp,five_position_common,detrended_51,486,5,0.66666666666666663,0.83333333333333337,0.75,4,75,100,87.5,True,0.15213842738691968,486,ok,0.11863211498219586,0.03350631240472382
D128_F01_V01,128,1,xp,five_position_common,detrended_51,486,6,0.83333333333333337,1,0.91666666666666663,1,0,25,12.5,True,0.24694628518622735,486,ok,0.22287029556308358,0.024075989623143779
D128_F01_V01,128,1,xp,five_position_common,detrended_51,486,6,0.83333333333333337,1,0.91666666666666663,2,25,50,37.5,True,0.14494636672594471,486,ok,0.13199823560215923,0.012948131123785483
D128_F01_V01,128,1,xp,five_position_common,detrended_51,486,6,0.83333333333333337,1,0.91666666666666663,3,50,75,62.5,True,0.056464165906153885,486,ok,0.069242867709817871,-0.012778701803663986
D128_F01_V01,128,1,xp,five_position_common,detrended_51,486,6,0.83333333333333337,1,0.91666666666666663,4,75,100,87.5,True,0.029803537196560509,486,ok,0.049942600749761978,-0.020139063553201469
D128_F01_V01,128,1,xm,five_position_common,detrended_51,486,3,0.33333333333333331,0.5,0.41666666666666669,1,0,25,12.5,True,0.25532653890324791,486,ok,0.27337315789822791,-0.018046618994980002
D128_F01_V01,128,1,xm,five_position_common,detrended_51,486,3,0.33333333333333331,0.5,0.41666666666666669,2,25,50,37.5,True,0.34240061108876085,486,ok,0.33769526793961674,0.0047053431491441144
D128_F01_V01,128,1,xm,five_position_common,detrended_51,486,3,0.33333333333333331,0.5,0.41666666666666669,3,50,75,62.5,True,0.16848302999634185,486,ok,0.16278840938247024,0.0056946206138716038
D128_F01_V01,128,1,xm,five_position_common,detrended_51,486,3,0.33333333333333331,0.5,0.41666666666666669,4,75,100,87.5,True,0.20040466689334005,486,ok,0.18169662773056866,0.018708039162771389
D128_F01_V01,128,1,xm,five_position_common,detrended_51,486,4,0.5,0.66666666666666663,0.58333333333333337,1,0,25,12.5,True,0.18086616572284295,486,ok,0.17727853283371919,0.0035876328891237541
D128_F01_V01,128,1,xm,five_position_common,detrended_51,486,4,0.5,0.66666666666666663,0.58333333333333337,2,25,50,37.5,True,0.14493373504593579,486,ok,0.1648157830057746,-0.019882047959838806
D128_F01_V01,128,1,xm,five_position_common,detrended_51,486,4,0.5,0.66666666666666663,0.58333333333333337,3,50,75,62.5,True,0.15629381864483927,486,ok,0.15207205191785805,0.0042217667269812131
D128_F01_V01,128,1,xm,five_position_common,detrended_51,486,4,0.5,0.66666666666666663,0.58333333333333337,4,75,100,87.5,True,0.16869120385035319,486,ok,0.14355009279723951,0.025141111053113674
D128_F01_V01,128,1,xm,five_position_common,detrended_51,486,5,0.66666666666666663,0.83333333333333337,0.75,1,0,25,12.5,True,0.20092621026075952,486,ok,0.18536493346415131,0.015561276796608209
D128_F01_V01,128,1,xm,five_position_common,detrended_51,486,5,0.66666666666666663,0.83333333333333337,0.75,2,25,50,37.5,True,0.16175722447394877,486,ok,0.20091387711739825,-0.039156652643449474
D128_F01_V01,128,1,xm,five_position_common,detrended_51,486,5,0.66666666666666663,0.83333333333333337,0.75,3,50,75,62.5,True,0.16098553872454077,486,ok,0.11851549658338802,0.042470042141152756
D128_F01_V01,128,1,xm,five_position_common,detrended_51,486,5,0.66666666666666663,0.83333333333333337,0.75,4,75,100,87.5,True,0.11371629021945663,486,ok,0.11863211498219586,-0.0049158247627392321
D128_F01_V01,128,1,xm,five_position_common,detrended_51,486,6,0.83333333333333337,1,0.91666666666666663,1,0,25,12.5,True,0.1955918590594786,486,ok,0.22287029556308358,-0.02727843650360498
D128_F01_V01,128,1,xm,five_position_common,detrended_51,486,6,0.83333333333333337,1,0.91666666666666663,2,25,50,37.5,True,0.12319897915991473,486,ok,0.13199823560215923,-0.0087992564422444963
D128_F01_V01,128,1,xm,five_position_common,detrended_51,486,6,0.83333333333333337,1,0.91666666666666663,3,50,75,62.5,True,0.084641271983969313,486,ok,0.069242867709817871,0.015398404274151442
D128_F01_V01,128,1,xm,five_position_common,detrended_51,486,6,0.83333333333333337,1,0.91666666666666663,4,75,100,87.5,True,0.073079101800582691,486,ok,0.049942600749761978,0.023136501050820713
D128_F01_V01,128,1,zp,five_position_common,detrended_51,486,3,0.33333333333333331,0.5,0.41666666666666669,1,0,25,12.5,True,0.25542276726731961,486,ok,0.27337315789822791,-0.017950390630908308
D128_F01_V01,128,1,zp,five_position_common,detrended_51,486,3,0.33333333333333331,0.5,0.41666666666666669,2,25,50,37.5,True,0.22776579204587832,486,ok,0.33769526793961674,-0.10992947589373842
D128_F01_V01,128,1,zp,five_position_common,detrended_51,486,3,0.33333333333333331,0.5,0.41666666666666669,3,50,75,62.5,True,0.21381065214885395,486,ok,0.16278840938247024,0.051022242766383702
D128_F01_V01,128,1,zp,five_position_common,detrended_51,486,3,0.33333333333333331,0.5,0.41666666666666669,4,75,100,87.5,True,0.13913341502634424,486,ok,0.18169662773056866,-0.042563212704224418
D128_F01_V01,128,1,zp,five_position_common,detrended_51,486,4,0.5,0.66666666666666663,0.58333333333333337,1,0,25,12.5,True,0.18258957291394004,486,ok,0.17727853283371919,0.0053110400802208468
D128_F01_V01,128,1,zp,five_position_common,detrended_51,486,4,0.5,0.66666666666666663,0.58333333333333337,2,25,50,37.5,True,0.16327263979334203,486,ok,0.1648157830057746,-0.0015431432124325684
D128_F01_V01,128,1,zp,five_position_common,detrended_51,486,4,0.5,0.66666666666666663,0.58333333333333337,3,50,75,62.5,True,0.18148980387607,486,ok,0.15207205191785805,0.029417751958211946
D128_F01_V01,128,1,zp,five_position_common,detrended_51,486,4,0.5,0.66666666666666663,0.58333333333333337,4,75,100,87.5,True,0.14034545130002246,486,ok,0.14355009279723951,-0.0032046414972170534
D128_F01_V01,128,1,zp,five_position_common,detrended_51,486,5,0.66666666666666663,0.83333333333333337,0.75,1,0,25,12.5,True,0.22897687187439514,486,ok,0.18536493346415131,0.043611938410243828
D128_F01_V01,128,1,zp,five_position_common,detrended_51,486,5,0.66666666666666663,0.83333333333333337,0.75,2,25,50,37.5,True,0.21581178789621214,486,ok,0.20091387711739825,0.014897910778813889
D128_F01_V01,128,1,zp,five_position_common,detrended_51,486,5,0.66666666666666663,0.83333333333333337,0.75,3,50,75,62.5,True,0.10783045355754735,486,ok,0.11851549658338802,-0.010685043025840668
D128_F01_V01,128,1,zp,five_position_common,detrended_51,486,5,0.66666666666666663,0.83333333333333337,0.75,4,75,100,87.5,True,0.062812420134563646,486,ok,0.11863211498219586,-0.055819694847632217
D128_F01_V01,128,1,zp,five_position_common,detrended_51,486,6,0.83333333333333337,1,0.91666666666666663,1,0,25,12.5,True,0.2071617349049463,486,ok,0.22287029556308358,-0.015708560658137277
D128_F01_V01,128,1,zp,five_position_common,detrended_51,486,6,0.83333333333333337,1,0.91666666666666663,2,25,50,37.5,True,0.071235214507184882,486,ok,0.13199823560215923,-0.060763021094974348
D128_F01_V01,128,1,zp,five_position_common,detrended_51,486,6,0.83333333333333337,1,0.91666666666666663,3,50,75,62.5,True,0.093248413303353081,486,ok,0.069242867709817871,0.02400554559353521
D128_F01_V01,128,1,zp,five_position_common,detrended_51,486,6,0.83333333333333337,1,0.91666666666666663,4,75,100,87.5,True,0.073277638771077847,486,ok,0.049942600749761978,0.023335038021315868
D128_F01_V01,128,1,zm,five_position_common,detrended_51,486,3,0.33333333333333331,0.5,0.41666666666666669,1,0,25,12.5,True,0.28495963081791487,486,ok,0.27337315789822791,0.011586472919686952
D128_F01_V01,128,1,zm,five_position_common,detrended_51,486,3,0.33333333333333331,0.5,0.41666666666666669,2,25,50,37.5,True,0.3188847800182078,486,ok,0.33769526793961674,-0.018810487921408936
D128_F01_V01,128,1,zm,five_position_common,detrended_51,486,3,0.33333333333333331,0.5,0.41666666666666669,3,50,75,62.5,True,0.15632107775462678,486,ok,0.16278840938247024,-0.0064673316278434645
D128_F01_V01,128,1,zm,five_position_common,detrended_51,486,3,0.33333333333333331,0.5,0.41666666666666669,4,75,100,87.5,True,0.22821467594936259,486,ok,0.18169662773056866,0.046518048218793934
D128_F01_V01,128,1,zm,five_position_common,detrended_51,486,4,0.5,0.66666666666666663,0.58333333333333337,1,0,25,12.5,True,0.18998966638223622,486,ok,0.17727853283371919,0.012711133548517023
D128_F01_V01,128,1,zm,five_position_common,detrended_51,486,4,0.5,0.66666666666666663,0.58333333333333337,2,25,50,37.5,True,0.23534071398773745,486,ok,0.1648157830057746,0.070524930981962858
D128_F01_V01,128,1,zm,five_position_common,detrended_51,486,4,0.5,0.66666666666666663,0.58333333333333337,3,50,75,62.5,True,0.14073050471411233,486,ok,0.15207205191785805,-0.011341547203745722
D128_F01_V01,128,1,zm,five_position_common,detrended_51,486,4,0.5,0.66666666666666663,0.58333333333333337,4,75,100,87.5,True,0.19026055076945919,486,ok,0.14355009279723951,0.046710457972219677
D128_F01_V01,128,1,zm,five_position_common,detrended_51,486,5,0.66666666666666663,0.83333333333333337,0.75,1,0,25,12.5,True,0.19998893984238555,486,ok,0.18536493346415131,0.014624006378234244
D128_F01_V01,128,1,zm,five_position_common,detrended_51,486,5,0.66666666666666663,0.83333333333333337,0.75,2,25,50,37.5,True,0.20194837640663657,486,ok,0.20091387711739825,0.001034499289238322
D128_F01_V01,128,1,zm,five_position_common,detrended_51,486,5,0.66666666666666663,0.83333333333333337,0.75,3,50,75,62.5,True,0.12347683046985237,486,ok,0.11851549658338802,0.0049613338864643586
D128_F01_V01,128,1,zm,five_position_common,detrended_51,486,5,0.66666666666666663,0.83333333333333337,0.75,4,75,100,87.5,True,0.11156142634485174,486,ok,0.11863211498219586,-0.0070706886373441274
D128_F01_V01,128,1,zm,five_position_common,detrended_51,486,6,0.83333333333333337,1,0.91666666666666663,1,0,25,12.5,True,0.17805137324140485,486,ok,0.22287029556308358,-0.044818922321678722
D128_F01_V01,128,1,zm,five_position_common,detrended_51,486,6,0.83333333333333337,1,0.91666666666666663,2,25,50,37.5,True,0.17937725852413006,486,ok,0.13199823560215923,0.047379022921970826
D128_F01_V01,128,1,zm,five_position_common,detrended_51,486,6,0.83333333333333337,1,0.91666666666666663,3,50,75,62.5,True,0.099029646877129007,486,ok,0.069242867709817871,0.029786779167311137
D128_F01_V01,128,1,zm,five_position_common,detrended_51,486,6,0.83333333333333337,1,0.91666666666666663,4,75,100,87.5,True,0.090162702457472654,486,ok,0.049942600749761978,0.040220101707710676
D128_F03_V01,128,3,baseline,five_position_common,detrended_51,468,3,0.33333333333333331,0.5,0.41666666666666669,1,0,25,12.5,True,0.23254836347427932,468,ok,0.23254836347427932,0
D128_F03_V01,128,3,baseline,five_position_common,detrended_51,468,3,0.33333333333333331,0.5,0.41666666666666669,2,25,50,37.5,True,0.24178735181058447,468,ok,0.24178735181058447,0
D128_F03_V01,128,3,baseline,five_position_common,detrended_51,468,3,0.33333333333333331,0.5,0.41666666666666669,3,50,75,62.5,True,0.15213849158420453,468,ok,0.15213849158420453,0
D128_F03_V01,128,3,baseline,five_position_common,detrended_51,468,3,0.33333333333333331,0.5,0.41666666666666669,4,75,100,87.5,True,0.18279562465426441,468,ok,0.18279562465426441,0
D128_F03_V01,128,3,baseline,five_position_common,detrended_51,468,4,0.5,0.66666666666666663,0.58333333333333337,1,0,25,12.5,True,0.20718737459759889,468,ok,0.20718737459759889,0
D128_F03_V01,128,3,baseline,five_position_common,detrended_51,468,4,0.5,0.66666666666666663,0.58333333333333337,2,25,50,37.5,True,0.21981536344190886,468,ok,0.21981536344190886,0
D128_F03_V01,128,3,baseline,five_position_common,detrended_51,468,4,0.5,0.66666666666666663,0.58333333333333337,3,50,75,62.5,True,0.11829975383607498,468,ok,0.11829975383607498,0
D128_F03_V01,128,3,baseline,five_position_common,detrended_51,468,4,0.5,0.66666666666666663,0.58333333333333337,4,75,100,87.5,True,0.12347122157925859,468,ok,0.12347122157925859,0
D128_F03_V01,128,3,baseline,five_position_common,detrended_51,468,5,0.66666666666666663,0.83333333333333337,0.75,1,0,25,12.5,True,0.17322825842352801,468,ok,0.17322825842352801,0
D128_F03_V01,128,3,baseline,five_position_common,detrended_51,468,5,0.66666666666666663,0.83333333333333337,0.75,2,25,50,37.5,True,0.1412789155339205,468,ok,0.1412789155339205,0
D128_F03_V01,128,3,baseline,five_position_common,detrended_51,468,5,0.66666666666666663,0.83333333333333337,0.75,3,50,75,62.5,True,0.06979584912856894,468,ok,0.06979584912856894,0
D128_F03_V01,128,3,baseline,five_position_common,detrended_51,468,5,0.66666666666666663,0.83333333333333337,0.75,4,75,100,87.5,True,0.012577106953993325,468,ok,0.012577106953993325,0
D128_F03_V01,128,3,baseline,five_position_common,detrended_51,468,6,0.83333333333333337,1,0.91666666666666663,1,0,25,12.5,True,0.19667200774885862,468,ok,0.19667200774885862,0
D128_F03_V01,128,3,baseline,five_position_common,detrended_51,468,6,0.83333333333333337,1,0.91666666666666663,2,25,50,37.5,True,0.13829984636392056,468,ok,0.13829984636392056,0
D128_F03_V01,128,3,baseline,five_position_common,detrended_51,468,6,0.83333333333333337,1,0.91666666666666663,3,50,75,62.5,True,0.1492583277012009,468,ok,0.1492583277012009,0
D128_F03_V01,128,3,baseline,five_position_common,detrended_51,468,6,0.83333333333333337,1,0.91666666666666663,4,75,100,87.5,True,0.053198258941946401,468,ok,0.053198258941946401,0
D128_F03_V01,128,3,xp,five_position_common,detrended_51,468,3,0.33333333333333331,0.5,0.41666666666666669,1,0,25,12.5,True,0.22994674177258922,468,ok,0.23254836347427932,-0.0026016217016900933
D128_F03_V01,128,3,xp,five_position_common,detrended_51,468,3,0.33333333333333331,0.5,0.41666666666666669,2,25,50,37.5,True,0.22287881573639887,468,ok,0.24178735181058447,-0.018908536074185606
D128_F03_V01,128,3,xp,five_position_common,detrended_51,468,3,0.33333333333333331,0.5,0.41666666666666669,3,50,75,62.5,True,0.16539227011591859,468,ok,0.15213849158420453,0.013253778531714056
D128_F03_V01,128,3,xp,five_position_common,detrended_51,468,3,0.33333333333333331,0.5,0.41666666666666669,4,75,100,87.5,True,0.1824689600728534,468,ok,0.18279562465426441,-0.00032666458141100696
D128_F03_V01,128,3,xp,five_position_common,detrended_51,468,4,0.5,0.66666666666666663,0.58333333333333337,1,0,25,12.5,True,0.22569642093221953,468,ok,0.20718737459759889,0.018509046334620638
D128_F03_V01,128,3,xp,five_position_common,detrended_51,468,4,0.5,0.66666666666666663,0.58333333333333337,2,25,50,37.5,True,0.20907923017995766,468,ok,0.21981536344190886,-0.010736133261951192
D128_F03_V01,128,3,xp,five_position_common,detrended_51,468,4,0.5,0.66666666666666663,0.58333333333333337,3,50,75,62.5,True,0.13330725390438158,468,ok,0.11829975383607498,0.015007500068306603
D128_F03_V01,128,3,xp,five_position_common,detrended_51,468,4,0.5,0.66666666666666663,0.58333333333333337,4,75,100,87.5,True,0.14356545368979587,468,ok,0.12347122157925859,0.020094232110537277
D128_F03_V01,128,3,xp,five_position_common,detrended_51,468,5,0.66666666666666663,0.83333333333333337,0.75,1,0,25,12.5,True,0.19399244563180471,468,ok,0.17322825842352801,0.020764187208276691
D128_F03_V01,128,3,xp,five_position_common,detrended_51,468,5,0.66666666666666663,0.83333333333333337,0.75,2,25,50,37.5,True,0.15275309483210439,468,ok,0.1412789155339205,0.011474179298183895
D128_F03_V01,128,3,xp,five_position_common,detrended_51,468,5,0.66666666666666663,0.83333333333333337,0.75,3,50,75,62.5,True,0.089440863412901903,468,ok,0.06979584912856894,0.019645014284332962
D128_F03_V01,128,3,xp,five_position_common,detrended_51,468,5,0.66666666666666663,0.83333333333333337,0.75,4,75,100,87.5,True,0.036740438505432176,468,ok,0.012577106953993325,0.024163331551438849
D128_F03_V01,128,3,xp,five_position_common,detrended_51,468,6,0.83333333333333337,1,0.91666666666666663,1,0,25,12.5,True,0.19890192444227037,468,ok,0.19667200774885862,0.0022299166934117431
D128_F03_V01,128,3,xp,five_position_common,detrended_51,468,6,0.83333333333333337,1,0.91666666666666663,2,25,50,37.5,True,0.16629938151303594,468,ok,0.13829984636392056,0.027999535149115379
D128_F03_V01,128,3,xp,five_position_common,detrended_51,468,6,0.83333333333333337,1,0.91666666666666663,3,50,75,62.5,True,0.16821360355033088,468,ok,0.1492583277012009,0.018955275849129982
D128_F03_V01,128,3,xp,five_position_common,detrended_51,468,6,0.83333333333333337,1,0.91666666666666663,4,75,100,87.5,True,0.099689668301657361,468,ok,0.053198258941946401,0.04649140935971096
D128_F03_V01,128,3,xm,five_position_common,detrended_51,468,3,0.33333333333333331,0.5,0.41666666666666669,1,0,25,12.5,True,0.22967638671854013,468,ok,0.23254836347427932,-0.0028719767557391918
D128_F03_V01,128,3,xm,five_position_common,detrended_51,468,3,0.33333333333333331,0.5,0.41666666666666669,2,25,50,37.5,True,0.21477883169913611,468,ok,0.24178735181058447,-0.027008520111448359
D128_F03_V01,128,3,xm,five_position_common,detrended_51,468,3,0.33333333333333331,0.5,0.41666666666666669,3,50,75,62.5,True,0.13918630703487983,468,ok,0.15213849158420453,-0.012952184549324702
D128_F03_V01,128,3,xm,five_position_common,detrended_51,468,3,0.33333333333333331,0.5,0.41666666666666669,4,75,100,87.5,True,0.17565436756905292,468,ok,0.18279562465426441,-0.0071412570852114887
D128_F03_V01,128,3,xm,five_position_common,detrended_51,468,4,0.5,0.66666666666666663,0.58333333333333337,1,0,25,12.5,True,0.18191361555673169,468,ok,0.20718737459759889,-0.025273759040867205
D128_F03_V01,128,3,xm,five_position_common,detrended_51,468,4,0.5,0.66666666666666663,0.58333333333333337,2,25,50,37.5,True,0.18437622411883731,468,ok,0.21981536344190886,-0.03543913932307155
D128_F03_V01,128,3,xm,five_position_common,detrended_51,468,4,0.5,0.66666666666666663,0.58333333333333337,3,50,75,62.5,True,0.12889046466075496,468,ok,0.11829975383607498,0.01059071082467998
D128_F03_V01,128,3,xm,five_position_common,detrended_51,468,4,0.5,0.66666666666666663,0.58333333333333337,4,75,100,87.5,True,0.10039293999889236,468,ok,0.12347122157925859,-0.023078281580366233
D128_F03_V01,128,3,xm,five_position_common,detrended_51,468,5,0.66666666666666663,0.83333333333333337,0.75,1,0,25,12.5,True,0.14562899479753796,468,ok,0.17322825842352801,-0.02759926362599005
D128_F03_V01,128,3,xm,five_position_common,detrended_51,468,5,0.66666666666666663,0.83333333333333337,0.75,2,25,50,37.5,True,0.1148266280491624,468,ok,0.1412789155339205,-0.0264522874847581
D128_F03_V01,128,3,xm,five_position_common,detrended_51,468,5,0.66666666666666663,0.83333333333333337,0.75,3,50,75,62.5,True,0.064097695178342073,468,ok,0.06979584912856894,-0.0056981539502268669
D128_F03_V01,128,3,xm,five_position_common,detrended_51,468,5,0.66666666666666663,0.83333333333333337,0.75,4,75,100,87.5,True,-0.0095841011579960271,468,ok,0.012577106953993325,-0.02216120811198935
D128_F03_V01,128,3,xm,five_position_common,detrended_51,468,6,0.83333333333333337,1,0.91666666666666663,1,0,25,12.5,True,0.21064866766284954,468,ok,0.19667200774885862,0.013976659913990913
D128_F03_V01,128,3,xm,five_position_common,detrended_51,468,6,0.83333333333333337,1,0.91666666666666663,2,25,50,37.5,True,0.13429749333585531,468,ok,0.13829984636392056,-0.0040023530280652586
D128_F03_V01,128,3,xm,five_position_common,detrended_51,468,6,0.83333333333333337,1,0.91666666666666663,3,50,75,62.5,True,0.15543893929015817,468,ok,0.1492583277012009,0.0061806115889572744
D128_F03_V01,128,3,xm,five_position_common,detrended_51,468,6,0.83333333333333337,1,0.91666666666666663,4,75,100,87.5,True,0.040497895941920825,468,ok,0.053198258941946401,-0.012700363000025576
D128_F03_V01,128,3,zp,five_position_common,detrended_51,468,3,0.33333333333333331,0.5,0.41666666666666669,1,0,25,12.5,True,0.24541188109435452,468,ok,0.23254836347427932,0.012863517620075204
D128_F03_V01,128,3,zp,five_position_common,detrended_51,468,3,0.33333333333333331,0.5,0.41666666666666669,2,25,50,37.5,True,0.25621018643637056,468,ok,0.24178735181058447,0.014422834625786085
D128_F03_V01,128,3,zp,five_position_common,detrended_51,468,3,0.33333333333333331,0.5,0.41666666666666669,3,50,75,62.5,True,0.085129332709660263,468,ok,0.15213849158420453,-0.06700915887454427
D128_F03_V01,128,3,zp,five_position_common,detrended_51,468,3,0.33333333333333331,0.5,0.41666666666666669,4,75,100,87.5,True,0.20043437269698289,468,ok,0.18279562465426441,0.017638748042718477
D128_F03_V01,128,3,zp,five_position_common,detrended_51,468,4,0.5,0.66666666666666663,0.58333333333333337,1,0,25,12.5,True,0.20752074563868694,468,ok,0.20718737459759889,0.0003333710410880486
D128_F03_V01,128,3,zp,five_position_common,detrended_51,468,4,0.5,0.66666666666666663,0.58333333333333337,2,25,50,37.5,True,0.13011820314918343,468,ok,0.21981536344190886,-0.089697160292725425
D128_F03_V01,128,3,zp,five_position_common,detrended_51,468,4,0.5,0.66666666666666663,0.58333333333333337,3,50,75,62.5,True,0.10774892837015868,468,ok,0.11829975383607498,-0.010550825465916305
D128_F03_V01,128,3,zp,five_position_common,detrended_51,468,4,0.5,0.66666666666666663,0.58333333333333337,4,75,100,87.5,True,0.1377522859272034,468,ok,0.12347122157925859,0.014281064347944808
D128_F03_V01,128,3,zp,five_position_common,detrended_51,468,5,0.66666666666666663,0.83333333333333337,0.75,1,0,25,12.5,True,0.18372060338912341,468,ok,0.17322825842352801,0.010492344965595396
D128_F03_V01,128,3,zp,five_position_common,detrended_51,468,5,0.66666666666666663,0.83333333333333337,0.75,2,25,50,37.5,True,0.071561095227553204,468,ok,0.1412789155339205,-0.069717820306367292
D128_F03_V01,128,3,zp,five_position_common,detrended_51,468,5,0.66666666666666663,0.83333333333333337,0.75,3,50,75,62.5,True,0.082520075452455544,468,ok,0.06979584912856894,0.012724226323886603
D128_F03_V01,128,3,zp,five_position_common,detrended_51,468,5,0.66666666666666663,0.83333333333333337,0.75,4,75,100,87.5,True,0.0052633877232731085,468,ok,0.012577106953993325,-0.0073137192307202161
D128_F03_V01,128,3,zp,five_position_common,detrended_51,468,6,0.83333333333333337,1,0.91666666666666663,1,0,25,12.5,True,0.22509373881528619,468,ok,0.19667200774885862,0.028421731066427564
D128_F03_V01,128,3,zp,five_position_common,detrended_51,468,6,0.83333333333333337,1,0.91666666666666663,2,25,50,37.5,True,0.11609131979181471,468,ok,0.13829984636392056,-0.022208526572105855
D128_F03_V01,128,3,zp,five_position_common,detrended_51,468,6,0.83333333333333337,1,0.91666666666666663,3,50,75,62.5,True,0.061675369316969368,468,ok,0.1492583277012009,-0.087582958384231524
D128_F03_V01,128,3,zp,five_position_common,detrended_51,468,6,0.83333333333333337,1,0.91666666666666663,4,75,100,87.5,True,0.13355612638544198,468,ok,0.053198258941946401,0.080357867443495573
D128_F03_V01,128,3,zm,five_position_common,detrended_51,468,3,0.33333333333333331,0.5,0.41666666666666669,1,0,25,12.5,True,0.20206057948207823,468,ok,0.23254836347427932,-0.03048778399220109
D128_F03_V01,128,3,zm,five_position_common,detrended_51,468,3,0.33333333333333331,0.5,0.41666666666666669,2,25,50,37.5,True,0.18136051600933381,468,ok,0.24178735181058447,-0.060426835801250661
D128_F03_V01,128,3,zm,five_position_common,detrended_51,468,3,0.33333333333333331,0.5,0.41666666666666669,3,50,75,62.5,True,0.16038425486486277,468,ok,0.15213849158420453,0.0082457632806582359
D128_F03_V01,128,3,zm,five_position_common,detrended_51,468,3,0.33333333333333331,0.5,0.41666666666666669,4,75,100,87.5,True,0.20678300168534822,468,ok,0.18279562465426441,0.023987377031083806
D128_F03_V01,128,3,zm,five_position_common,detrended_51,468,4,0.5,0.66666666666666663,0.58333333333333337,1,0,25,12.5,True,0.21815653308384353,468,ok,0.20718737459759889,0.010969158486244635
D128_F03_V01,128,3,zm,five_position_common,detrended_51,468,4,0.5,0.66666666666666663,0.58333333333333337,2,25,50,37.5,True,0.22780839173692366,468,ok,0.21981536344190886,0.0079930282950148035
D128_F03_V01,128,3,zm,five_position_common,detrended_51,468,4,0.5,0.66666666666666663,0.58333333333333337,3,50,75,62.5,True,0.18833574112860946,468,ok,0.11829975383607498,0.070035987292534477
D128_F03_V01,128,3,zm,five_position_common,detrended_51,468,4,0.5,0.66666666666666663,0.58333333333333337,4,75,100,87.5,True,0.12887293480682138,468,ok,0.12347122157925859,0.0054017132275627905
D128_F03_V01,128,3,zm,five_position_common,detrended_51,468,5,0.66666666666666663,0.83333333333333337,0.75,1,0,25,12.5,True,0.15862925580503703,468,ok,0.17322825842352801,-0.01459900261849098
D128_F03_V01,128,3,zm,five_position_common,detrended_51,468,5,0.66666666666666663,0.83333333333333337,0.75,2,25,50,37.5,True,0.15715680990009465,468,ok,0.1412789155339205,0.01587789436617415
D128_F03_V01,128,3,zm,five_position_common,detrended_51,468,5,0.66666666666666663,0.83333333333333337,0.75,3,50,75,62.5,True,0.060104037115345031,468,ok,0.06979584912856894,-0.0096918120132239091
D128_F03_V01,128,3,zm,five_position_common,detrended_51,468,5,0.66666666666666663,0.83333333333333337,0.75,4,75,100,87.5,True,0.083300585274866612,468,ok,0.012577106953993325,0.070723478320873293
D128_F03_V01,128,3,zm,five_position_common,detrended_51,468,6,0.83333333333333337,1,0.91666666666666663,1,0,25,12.5,True,0.14607359121425414,468,ok,0.19667200774885862,-0.050598416534604479
D128_F03_V01,128,3,zm,five_position_common,detrended_51,468,6,0.83333333333333337,1,0.91666666666666663,2,25,50,37.5,True,0.13632126868332031,468,ok,0.13829984636392056,-0.001978577680600252
D128_F03_V01,128,3,zm,five_position_common,detrended_51,468,6,0.83333333333333337,1,0.91666666666666663,3,50,75,62.5,True,0.11922860320122856,468,ok,0.1492583277012009,-0.030029724499972335
D128_F03_V01,128,3,zm,five_position_common,detrended_51,468,6,0.83333333333333337,1,0.91666666666666663,4,75,100,87.5,True,0.038084000433701068,468,ok,0.053198258941946401,-0.015114258508245333
D128_F05_V01,128,5,baseline,five_position_common,detrended_51,491,3,0.33333333333333331,0.5,0.41666666666666669,1,0,25,12.5,True,0.33000386855509467,491,ok,0.33000386855509467,0
D128_F05_V01,128,5,baseline,five_position_common,detrended_51,491,3,0.33333333333333331,0.5,0.41666666666666669,2,25,50,37.5,True,0.22508694097167495,491,ok,0.22508694097167495,0
D128_F05_V01,128,5,baseline,five_position_common,detrended_51,491,3,0.33333333333333331,0.5,0.41666666666666669,3,50,75,62.5,True,0.19487414045219739,491,ok,0.19487414045219739,0
D128_F05_V01,128,5,baseline,five_position_common,detrended_51,491,3,0.33333333333333331,0.5,0.41666666666666669,4,75,100,87.5,True,0.18839792346992359,491,ok,0.18839792346992359,0
D128_F05_V01,128,5,baseline,five_position_common,detrended_51,491,4,0.5,0.66666666666666663,0.58333333333333337,1,0,25,12.5,True,0.25483866356719487,491,ok,0.25483866356719487,0
D128_F05_V01,128,5,baseline,five_position_common,detrended_51,491,4,0.5,0.66666666666666663,0.58333333333333337,2,25,50,37.5,True,0.076773225887309365,491,ok,0.076773225887309365,0
D128_F05_V01,128,5,baseline,five_position_common,detrended_51,491,4,0.5,0.66666666666666663,0.58333333333333337,3,50,75,62.5,True,0.12267127392261019,491,ok,0.12267127392261019,0
D128_F05_V01,128,5,baseline,five_position_common,detrended_51,491,4,0.5,0.66666666666666663,0.58333333333333337,4,75,100,87.5,True,0.12778966314247239,491,ok,0.12778966314247239,0
D128_F05_V01,128,5,baseline,five_position_common,detrended_51,491,5,0.66666666666666663,0.83333333333333337,0.75,1,0,25,12.5,True,0.18452125683427359,491,ok,0.18452125683427359,0
D128_F05_V01,128,5,baseline,five_position_common,detrended_51,491,5,0.66666666666666663,0.83333333333333337,0.75,2,25,50,37.5,True,0.087995828325784606,491,ok,0.087995828325784606,0
D128_F05_V01,128,5,baseline,five_position_common,detrended_51,491,5,0.66666666666666663,0.83333333333333337,0.75,3,50,75,62.5,True,0.13734278913390863,491,ok,0.13734278913390863,0
D128_F05_V01,128,5,baseline,five_position_common,detrended_51,491,5,0.66666666666666663,0.83333333333333337,0.75,4,75,100,87.5,True,0.060498912334266707,491,ok,0.060498912334266707,0
D128_F05_V01,128,5,baseline,five_position_common,detrended_51,491,6,0.83333333333333337,1,0.91666666666666663,1,0,25,12.5,True,0.23367688362567093,491,ok,0.23367688362567093,0
D128_F05_V01,128,5,baseline,five_position_common,detrended_51,491,6,0.83333333333333337,1,0.91666666666666663,2,25,50,37.5,True,0.10405740127583223,491,ok,0.10405740127583223,0
D128_F05_V01,128,5,baseline,five_position_common,detrended_51,491,6,0.83333333333333337,1,0.91666666666666663,3,50,75,62.5,True,0.1667332840489128,491,ok,0.1667332840489128,0
D128_F05_V01,128,5,baseline,five_position_common,detrended_51,491,6,0.83333333333333337,1,0.91666666666666663,4,75,100,87.5,True,0.060178798893584844,491,ok,0.060178798893584844,0
D128_F05_V01,128,5,xp,five_position_common,detrended_51,491,3,0.33333333333333331,0.5,0.41666666666666669,1,0,25,12.5,True,0.3393354524959642,491,ok,0.33000386855509467,0.0093315839408695256
D128_F05_V01,128,5,xp,five_position_common,detrended_51,491,3,0.33333333333333331,0.5,0.41666666666666669,2,25,50,37.5,True,0.24560219334777506,491,ok,0.22508694097167495,0.020515252376100107
D128_F05_V01,128,5,xp,five_position_common,detrended_51,491,3,0.33333333333333331,0.5,0.41666666666666669,3,50,75,62.5,True,0.23191105101033044,491,ok,0.19487414045219739,0.037036910558133046
D128_F05_V01,128,5,xp,five_position_common,detrended_51,491,3,0.33333333333333331,0.5,0.41666666666666669,4,75,100,87.5,True,0.20893488474562899,491,ok,0.18839792346992359,0.020536961275705395
D128_F05_V01,128,5,xp,five_position_common,detrended_51,491,4,0.5,0.66666666666666663,0.58333333333333337,1,0,25,12.5,True,0.26314112345331703,491,ok,0.25483866356719487,0.0083024598861221599
D128_F05_V01,128,5,xp,five_position_common,detrended_51,491,4,0.5,0.66666666666666663,0.58333333333333337,2,25,50,37.5,True,0.11062343846725227,491,ok,0.076773225887309365,0.033850212579942904
D128_F05_V01,128,5,xp,five_position_common,detrended_51,491,4,0.5,0.66666666666666663,0.58333333333333337,3,50,75,62.5,True,0.1184215371758235,491,ok,0.12267127392261019,-0.004249736746786692
D128_F05_V01,128,5,xp,five_position_common,detrended_51,491,4,0.5,0.66666666666666663,0.58333333333333337,4,75,100,87.5,True,0.13094446508599319,491,ok,0.12778966314247239,0.0031548019435208019
D128_F05_V01,128,5,xp,five_position_common,detrended_51,491,5,0.66666666666666663,0.83333333333333337,0.75,1,0,25,12.5,True,0.18531372223122561,491,ok,0.18452125683427359,0.00079246539695201901
D128_F05_V01,128,5,xp,five_position_common,detrended_51,491,5,0.66666666666666663,0.83333333333333337,0.75,2,25,50,37.5,True,0.11209574040935393,491,ok,0.087995828325784606,0.024099912083569319
D128_F05_V01,128,5,xp,five_position_common,detrended_51,491,5,0.66666666666666663,0.83333333333333337,0.75,3,50,75,62.5,True,0.12341156958504314,491,ok,0.13734278913390863,-0.013931219548865489
D128_F05_V01,128,5,xp,five_position_common,detrended_51,491,5,0.66666666666666663,0.83333333333333337,0.75,4,75,100,87.5,True,0.059619038528946601,491,ok,0.060498912334266707,-0.00087987380532010551
D128_F05_V01,128,5,xp,five_position_common,detrended_51,491,6,0.83333333333333337,1,0.91666666666666663,1,0,25,12.5,True,0.25689648045508195,491,ok,0.23367688362567093,0.023219596829411021
D128_F05_V01,128,5,xp,five_position_common,detrended_51,491,6,0.83333333333333337,1,0.91666666666666663,2,25,50,37.5,True,0.14863770943221502,491,ok,0.10405740127583223,0.044580308156382795
D128_F05_V01,128,5,xp,five_position_common,detrended_51,491,6,0.83333333333333337,1,0.91666666666666663,3,50,75,62.5,True,0.19619176431134872,491,ok,0.1667332840489128,0.029458480262435915
D128_F05_V01,128,5,xp,five_position_common,detrended_51,491,6,0.83333333333333337,1,0.91666666666666663,4,75,100,87.5,True,0.10222887819587728,491,ok,0.060178798893584844,0.042050079302292438
D128_F05_V01,128,5,xm,five_position_common,detrended_51,491,3,0.33333333333333331,0.5,0.41666666666666669,1,0,25,12.5,True,0.31062508648746612,491,ok,0.33000386855509467,-0.019378782067628553
D128_F05_V01,128,5,xm,five_position_common,detrended_51,491,3,0.33333333333333331,0.5,0.41666666666666669,2,25,50,37.5,True,0.18932508909024748,491,ok,0.22508694097167495,-0.03576185188142747
D128_F05_V01,128,5,xm,five_position_common,detrended_51,491,3,0.33333333333333331,0.5,0.41666666666666669,3,50,75,62.5,True,0.17382796600422759,491,ok,0.19487414045219739,-0.021046174447969801
D128_F05_V01,128,5,xm,five_position_common,detrended_51,491,3,0.33333333333333331,0.5,0.41666666666666669,4,75,100,87.5,True,0.15650179868426525,491,ok,0.18839792346992359,-0.031896124785658342
D128_F05_V01,128,5,xm,five_position_common,detrended_51,491,4,0.5,0.66666666666666663,0.58333333333333337,1,0,25,12.5,True,0.22091142239756625,491,ok,0.25483866356719487,-0.033927241169628614
D128_F05_V01,128,5,xm,five_position_common,detrended_51,491,4,0.5,0.66666666666666663,0.58333333333333337,2,25,50,37.5,True,0.068191442070488981,491,ok,0.076773225887309365,-0.0085817838168203847
D128_F05_V01,128,5,xm,five_position_common,detrended_51,491,4,0.5,0.66666666666666663,0.58333333333333337,3,50,75,62.5,True,0.1180207973023899,491,ok,0.12267127392261019,-0.0046504766202202924
D128_F05_V01,128,5,xm,five_position_common,detrended_51,491,4,0.5,0.66666666666666663,0.58333333333333337,4,75,100,87.5,True,0.1237396803217795,491,ok,0.12778966314247239,-0.0040499828206928962
D128_F05_V01,128,5,xm,five_position_common,detrended_51,491,5,0.66666666666666663,0.83333333333333337,0.75,1,0,25,12.5,True,0.1958961005783553,491,ok,0.18452125683427359,0.011374843744081709
D128_F05_V01,128,5,xm,five_position_common,detrended_51,491,5,0.66666666666666663,0.83333333333333337,0.75,2,25,50,37.5,True,0.094545961061617251,491,ok,0.087995828325784606,0.006550132735832645
D128_F05_V01,128,5,xm,five_position_common,detrended_51,491,5,0.66666666666666663,0.83333333333333337,0.75,3,50,75,62.5,True,0.14507882327481272,491,ok,0.13734278913390863,0.0077360341409040967
D128_F05_V01,128,5,xm,five_position_common,detrended_51,491,5,0.66666666666666663,0.83333333333333337,0.75,4,75,100,87.5,True,0.047755230934643525,491,ok,0.060498912334266707,-0.012743681399623182
D128_F05_V01,128,5,xm,five_position_common,detrended_51,491,6,0.83333333333333337,1,0.91666666666666663,1,0,25,12.5,True,0.21992790999737116,491,ok,0.23367688362567093,-0.013748973628299771
D128_F05_V01,128,5,xm,five_position_common,detrended_51,491,6,0.83333333333333337,1,0.91666666666666663,2,25,50,37.5,True,0.089506507087874151,491,ok,0.10405740127583223,-0.014550894187958074
D128_F05_V01,128,5,xm,five_position_common,detrended_51,491,6,0.83333333333333337,1,0.91666666666666663,3,50,75,62.5,True,0.13808879350765405,491,ok,0.1667332840489128,-0.028644490541258755
D128_F05_V01,128,5,xm,five_position_common,detrended_51,491,6,0.83333333333333337,1,0.91666666666666663,4,75,100,87.5,True,0.035115522505345685,491,ok,0.060178798893584844,-0.025063276388239158
D128_F05_V01,128,5,zp,five_position_common,detrended_51,491,3,0.33333333333333331,0.5,0.41666666666666669,1,0,25,12.5,True,0.24805863193439576,491,ok,0.33000386855509467,-0.081945236620698914
D128_F05_V01,128,5,zp,five_position_common,detrended_51,491,3,0.33333333333333331,0.5,0.41666666666666669,2,25,50,37.5,True,0.18702288857908242,491,ok,0.22508694097167495,-0.038064052392592529
D128_F05_V01,128,5,zp,five_position_common,detrended_51,491,3,0.33333333333333331,0.5,0.41666666666666669,3,50,75,62.5,True,0.14131793316244737,491,ok,0.19487414045219739,-0.053556207289750024
D128_F05_V01,128,5,zp,five_position_common,detrended_51,491,3,0.33333333333333331,0.5,0.41666666666666669,4,75,100,87.5,True,0.16826301752507192,491,ok,0.18839792346992359,-0.020134905944851678
D128_F05_V01,128,5,zp,five_position_common,detrended_51,491,4,0.5,0.66666666666666663,0.58333333333333337,1,0,25,12.5,True,0.15012085495093758,491,ok,0.25483866356719487,-0.10471780861625729
D128_F05_V01,128,5,zp,five_position_common,detrended_51,491,4,0.5,0.66666666666666663,0.58333333333333337,2,25,50,37.5,True,0.055438016504517157,491,ok,0.076773225887309365,-0.021335209382792208
D128_F05_V01,128,5,zp,five_position_common,detrended_51,491,4,0.5,0.66666666666666663,0.58333333333333337,3,50,75,62.5,True,0.11907323788671274,491,ok,0.12267127392261019,-0.0035980360358974506
D128_F05_V01,128,5,zp,five_position_common,detrended_51,491,4,0.5,0.66666666666666663,0.58333333333333337,4,75,100,87.5,True,0.20535220071718308,491,ok,0.12778966314247239,0.077562537574710683
D128_F05_V01,128,5,zp,five_position_common,detrended_51,491,5,0.66666666666666663,0.83333333333333337,0.75,1,0,25,12.5,True,0.21562846556582421,491,ok,0.18452125683427359,0.031107208731550623
D128_F05_V01,128,5,zp,five_position_common,detrended_51,491,5,0.66666666666666663,0.83333333333333337,0.75,2,25,50,37.5,True,0.095092079053661696,491,ok,0.087995828325784606,0.0070962507278770903
D128_F05_V01,128,5,zp,five_position_common,detrended_51,491,5,0.66666666666666663,0.83333333333333337,0.75,3,50,75,62.5,True,0.12274439758186163,491,ok,0.13734278913390863,-0.014598391552046994
D128_F05_V01,128,5,zp,five_position_common,detrended_51,491,5,0.66666666666666663,0.83333333333333337,0.75,4,75,100,87.5,True,0.086918731448981532,491,ok,0.060498912334266707,0.026419819114714825
D128_F05_V01,128,5,zp,five_position_common,detrended_51,491,6,0.83333333333333337,1,0.91666666666666663,1,0,25,12.5,True,0.22511370412173939,491,ok,0.23367688362567093,-0.0085631795039315395
D128_F05_V01,128,5,zp,five_position_common,detrended_51,491,6,0.83333333333333337,1,0.91666666666666663,2,25,50,37.5,True,0.11931259538176445,491,ok,0.10405740127583223,0.015255194105932221
D128_F05_V01,128,5,zp,five_position_common,detrended_51,491,6,0.83333333333333337,1,0.91666666666666663,3,50,75,62.5,True,0.12001498861878734,491,ok,0.1667332840489128,-0.046718295430125456
D128_F05_V01,128,5,zp,five_position_common,detrended_51,491,6,0.83333333333333337,1,0.91666666666666663,4,75,100,87.5,True,0.051703955104466008,491,ok,0.060178798893584844,-0.0084748437891188355
D128_F05_V01,128,5,zm,five_position_common,detrended_51,491,3,0.33333333333333331,0.5,0.41666666666666669,1,0,25,12.5,True,0.29751206334550806,491,ok,0.33000386855509467,-0.032491805209586611
D128_F05_V01,128,5,zm,five_position_common,detrended_51,491,3,0.33333333333333331,0.5,0.41666666666666669,2,25,50,37.5,True,0.21151150440082209,491,ok,0.22508694097167495,-0.013575436570852861
D128_F05_V01,128,5,zm,five_position_common,detrended_51,491,3,0.33333333333333331,0.5,0.41666666666666669,3,50,75,62.5,True,0.24903111158521005,491,ok,0.19487414045219739,0.054156971133012655
D128_F05_V01,128,5,zm,five_position_common,detrended_51,491,3,0.33333333333333331,0.5,0.41666666666666669,4,75,100,87.5,True,0.17015382372608359,491,ok,0.18839792346992359,-0.018244099743840003
D128_F05_V01,128,5,zm,five_position_common,detrended_51,491,4,0.5,0.66666666666666663,0.58333333333333337,1,0,25,12.5,True,0.27620165309181566,491,ok,0.25483866356719487,0.02136298952462079
D128_F05_V01,128,5,zm,five_position_common,detrended_51,491,4,0.5,0.66666666666666663,0.58333333333333337,2,25,50,37.5,True,0.1276990093490569,491,ok,0.076773225887309365,0.050925783461747531
D128_F05_V01,128,5,zm,five_position_common,detrended_51,491,4,0.5,0.66666666666666663,0.58333333333333337,3,50,75,62.5,True,0.13937655773173699,491,ok,0.12267127392261019,0.016705283809126795
D128_F05_V01,128,5,zm,five_position_common,detrended_51,491,4,0.5,0.66666666666666663,0.58333333333333337,4,75,100,87.5,True,0.083723434259266052,491,ok,0.12778966314247239,-0.04406622888320634
D128_F05_V01,128,5,zm,five_position_common,detrended_51,491,5,0.66666666666666663,0.83333333333333337,0.75,1,0,25,12.5,True,0.14334209517739216,491,ok,0.18452125683427359,-0.04117916165688143
D128_F05_V01,128,5,zm,five_position_common,detrended_51,491,5,0.66666666666666663,0.83333333333333337,0.75,2,25,50,37.5,True,0.08133011123810617,491,ok,0.087995828325784606,-0.0066657170876784355
D128_F05_V01,128,5,zm,five_position_common,detrended_51,491,5,0.66666666666666663,0.83333333333333337,0.75,3,50,75,62.5,True,0.11279440568784908,491,ok,0.13734278913390863,-0.024548383446059543
D128_F05_V01,128,5,zm,five_position_common,detrended_51,491,5,0.66666666666666663,0.83333333333333337,0.75,4,75,100,87.5,True,0.068617428001788314,491,ok,0.060498912334266707,0.0081185156675216072
D128_F05_V01,128,5,zm,five_position_common,detrended_51,491,6,0.83333333333333337,1,0.91666666666666663,1,0,25,12.5,True,0.26792014124163882,491,ok,0.23367688362567093,0.034243257615967887
D128_F05_V01,128,5,zm,five_position_common,detrended_51,491,6,0.83333333333333337,1,0.91666666666666663,2,25,50,37.5,True,0.14894553144884967,491,ok,0.10405740127583223,0.044888130173017446
D128_F05_V01,128,5,zm,five_position_common,detrended_51,491,6,0.83333333333333337,1,0.91666666666666663,3,50,75,62.5,True,0.14755459143475227,491,ok,0.1667332840489128,-0.019178692614160525
D128_F05_V01,128,5,zm,five_position_common,detrended_51,491,6,0.83333333333333337,1,0.91666666666666663,4,75,100,87.5,True,0.12864567725463974,491,ok,0.060178798893584844,0.068466878361054889
D128_F07_V01,128,7,baseline,five_position_common,detrended_51,493,3,0.33333333333333331,0.5,0.41666666666666669,1,0,25,12.5,True,0.28246060890084884,493,ok,0.28246060890084884,0
D128_F07_V01,128,7,baseline,five_position_common,detrended_51,493,3,0.33333333333333331,0.5,0.41666666666666669,2,25,50,37.5,True,0.15252564796574614,493,ok,0.15252564796574614,0
D128_F07_V01,128,7,baseline,five_position_common,detrended_51,493,3,0.33333333333333331,0.5,0.41666666666666669,3,50,75,62.5,True,0.169481205042331,493,ok,0.169481205042331,0
D128_F07_V01,128,7,baseline,five_position_common,detrended_51,493,3,0.33333333333333331,0.5,0.41666666666666669,4,75,100,87.5,True,0.20039301860327646,493,ok,0.20039301860327646,0
D128_F07_V01,128,7,baseline,five_position_common,detrended_51,493,4,0.5,0.66666666666666663,0.58333333333333337,1,0,25,12.5,True,0.24913602269597368,493,ok,0.24913602269597368,0
D128_F07_V01,128,7,baseline,five_position_common,detrended_51,493,4,0.5,0.66666666666666663,0.58333333333333337,2,25,50,37.5,True,0.055078702032155827,493,ok,0.055078702032155827,0
D128_F07_V01,128,7,baseline,five_position_common,detrended_51,493,4,0.5,0.66666666666666663,0.58333333333333337,3,50,75,62.5,True,0.050615475472909906,493,ok,0.050615475472909906,0
D128_F07_V01,128,7,baseline,five_position_common,detrended_51,493,4,0.5,0.66666666666666663,0.58333333333333337,4,75,100,87.5,True,0.13699437909579079,493,ok,0.13699437909579079,0
D128_F07_V01,128,7,baseline,five_position_common,detrended_51,493,5,0.66666666666666663,0.83333333333333337,0.75,1,0,25,12.5,True,0.14423030893420213,493,ok,0.14423030893420213,0
D128_F07_V01,128,7,baseline,five_position_common,detrended_51,493,5,0.66666666666666663,0.83333333333333337,0.75,2,25,50,37.5,True,0.1067033440713846,493,ok,0.1067033440713846,0
D128_F07_V01,128,7,baseline,five_position_common,detrended_51,493,5,0.66666666666666663,0.83333333333333337,0.75,3,50,75,62.5,True,0.041616688297465558,493,ok,0.041616688297465558,0
D128_F07_V01,128,7,baseline,five_position_common,detrended_51,493,5,0.66666666666666663,0.83333333333333337,0.75,4,75,100,87.5,True,0.16318998286041064,493,ok,0.16318998286041064,0
D128_F07_V01,128,7,baseline,five_position_common,detrended_51,493,6,0.83333333333333337,1,0.91666666666666663,1,0,25,12.5,True,0.21384301123616031,493,ok,0.21384301123616031,0
D128_F07_V01,128,7,baseline,five_position_common,detrended_51,493,6,0.83333333333333337,1,0.91666666666666663,2,25,50,37.5,True,0.028913767180947108,493,ok,0.028913767180947108,0
D128_F07_V01,128,7,baseline,five_position_common,detrended_51,493,6,0.83333333333333337,1,0.91666666666666663,3,50,75,62.5,True,0.12104039886837181,493,ok,0.12104039886837181,0
D128_F07_V01,128,7,baseline,five_position_common,detrended_51,493,6,0.83333333333333337,1,0.91666666666666663,4,75,100,87.5,True,0.14070598884099764,493,ok,0.14070598884099764,0
D128_F07_V01,128,7,xp,five_position_common,detrended_51,493,3,0.33333333333333331,0.5,0.41666666666666669,1,0,25,12.5,True,0.31012825423159096,493,ok,0.28246060890084884,0.027667645330742119
D128_F07_V01,128,7,xp,five_position_common,detrended_51,493,3,0.33333333333333331,0.5,0.41666666666666669,2,25,50,37.5,True,0.16925028932991359,493,ok,0.15252564796574614,0.016724641364167459
D128_F07_V01,128,7,xp,five_position_common,detrended_51,493,3,0.33333333333333331,0.5,0.41666666666666669,3,50,75,62.5,True,0.18276193777055977,493,ok,0.169481205042331,0.013280732728228772
D128_F07_V01,128,7,xp,five_position_common,detrended_51,493,3,0.33333333333333331,0.5,0.41666666666666669,4,75,100,87.5,True,0.21744313914341634,493,ok,0.20039301860327646,0.017050120540139879
D128_F07_V01,128,7,xp,five_position_common,detrended_51,493,4,0.5,0.66666666666666663,0.58333333333333337,1,0,25,12.5,True,0.25814985103536031,493,ok,0.24913602269597368,0.0090138283393866314
D128_F07_V01,128,7,xp,five_position_common,detrended_51,493,4,0.5,0.66666666666666663,0.58333333333333337,2,25,50,37.5,True,0.075897834487389404,493,ok,0.055078702032155827,0.020819132455233577
D128_F07_V01,128,7,xp,five_position_common,detrended_51,493,4,0.5,0.66666666666666663,0.58333333333333337,3,50,75,62.5,True,0.07285378387855819,493,ok,0.050615475472909906,0.022238308405648284
D128_F07_V01,128,7,xp,five_position_common,detrended_51,493,4,0.5,0.66666666666666663,0.58333333333333337,4,75,100,87.5,True,0.1366344365970982,493,ok,0.13699437909579079,-0.00035994249869258921
D128_F07_V01,128,7,xp,five_position_common,detrended_51,493,5,0.66666666666666663,0.83333333333333337,0.75,1,0,25,12.5,True,0.14773406294018179,493,ok,0.14423030893420213,0.003503754005979659
D128_F07_V01,128,7,xp,five_position_common,detrended_51,493,5,0.66666666666666663,0.83333333333333337,0.75,2,25,50,37.5,True,0.11933548400141186,493,ok,0.1067033440713846,0.012632139930027264
D128_F07_V01,128,7,xp,five_position_common,detrended_51,493,5,0.66666666666666663,0.83333333333333337,0.75,3,50,75,62.5,True,0.068464676268466279,493,ok,0.041616688297465558,0.026847987971000721
D128_F07_V01,128,7,xp,five_position_common,detrended_51,493,5,0.66666666666666663,0.83333333333333337,0.75,4,75,100,87.5,True,0.17612110088532063,493,ok,0.16318998286041064,0.012931118024909982
D128_F07_V01,128,7,xp,five_position_common,detrended_51,493,6,0.83333333333333337,1,0.91666666666666663,1,0,25,12.5,True,0.22655173127423808,493,ok,0.21384301123616031,0.01270872003807777
D128_F07_V01,128,7,xp,five_position_common,detrended_51,493,6,0.83333333333333337,1,0.91666666666666663,2,25,50,37.5,True,0.046199537200441718,493,ok,0.028913767180947108,0.01728577001949461
D128_F07_V01,128,7,xp,five_position_common,detrended_51,493,6,0.83333333333333337,1,0.91666666666666663,3,50,75,62.5,True,0.097672181803210772,493,ok,0.12104039886837181,-0.02336821706516104
D128_F07_V01,128,7,xp,five_position_common,detrended_51,493,6,0.83333333333333337,1,0.91666666666666663,4,75,100,87.5,True,0.17711008818441548,493,ok,0.14070598884099764,0.036404099343417845
D128_F07_V01,128,7,xm,five_position_common,detrended_51,493,3,0.33333333333333331,0.5,0.41666666666666669,1,0,25,12.5,True,0.27465133291466248,493,ok,0.28246060890084884,-0.0078092759861863592
D128_F07_V01,128,7,xm,five_position_common,detrended_51,493,3,0.33333333333333331,0.5,0.41666666666666669,2,25,50,37.5,True,0.16464488253000187,493,ok,0.15252564796574614,0.012119234564255732
D128_F07_V01,128,7,xm,five_position_common,detrended_51,493,3,0.33333333333333331,0.5,0.41666666666666669,3,50,75,62.5,True,0.15908276635689581,493,ok,0.169481205042331,-0.010398438685435191
D128_F07_V01,128,7,xm,five_position_common,detrended_51,493,3,0.33333333333333331,0.5,0.41666666666666669,4,75,100,87.5,True,0.18803657147275693,493,ok,0.20039301860327646,-0.012356447130519532
D128_F07_V01,128,7,xm,five_position_common,detrended_51,493,4,0.5,0.66666666666666663,0.58333333333333337,1,0,25,12.5,True,0.23338323717614423,493,ok,0.24913602269597368,-0.015752785519829449
D128_F07_V01,128,7,xm,five_position_common,detrended_51,493,4,0.5,0.66666666666666663,0.58333333333333337,2,25,50,37.5,True,0.039875061788734539,493,ok,0.055078702032155827,-0.015203640243421288
D128_F07_V01,128,7,xm,five_position_common,detrended_51,493,4,0.5,0.66666666666666663,0.58333333333333337,3,50,75,62.5,True,0.030180028514251184,493,ok,0.050615475472909906,-0.020435446958658721
D128_F07_V01,128,7,xm,five_position_common,detrended_51,493,4,0.5,0.66666666666666663,0.58333333333333337,4,75,100,87.5,True,0.11786229476149329,493,ok,0.13699437909579079,-0.0191320843342975
D128_F07_V01,128,7,xm,five_position_common,detrended_51,493,5,0.66666666666666663,0.83333333333333337,0.75,1,0,25,12.5,True,0.14316036323380396,493,ok,0.14423030893420213,-0.0010699457003981727
D128_F07_V01,128,7,xm,five_position_common,detrended_51,493,5,0.66666666666666663,0.83333333333333337,0.75,2,25,50,37.5,True,0.12812419982918805,493,ok,0.1067033440713846,0.021420855757803448
D128_F07_V01,128,7,xm,five_position_common,detrended_51,493,5,0.66666666666666663,0.83333333333333337,0.75,3,50,75,62.5,True,0.050432105077263319,493,ok,0.041616688297465558,0.0088154167797977606
D128_F07_V01,128,7,xm,five_position_common,detrended_51,493,5,0.66666666666666663,0.83333333333333337,0.75,4,75,100,87.5,True,0.16345957112746362,493,ok,0.16318998286041064,0.00026958826705297811
D128_F07_V01,128,7,xm,five_position_common,detrended_51,493,6,0.83333333333333337,1,0.91666666666666663,1,0,25,12.5,True,0.19819748994189956,493,ok,0.21384301123616031,-0.01564552129426075
D128_F07_V01,128,7,xm,five_position_common,detrended_51,493,6,0.83333333333333337,1,0.91666666666666663,2,25,50,37.5,True,0.05943981016440128,493,ok,0.028913767180947108,0.030526042983454172
D128_F07_V01,128,7,xm,five_position_common,detrended_51,493,6,0.83333333333333337,1,0.91666666666666663,3,50,75,62.5,True,0.13880701199177181,493,ok,0.12104039886837181,0.017766613123399999
D128_F07_V01,128,7,xm,five_position_common,detrended_51,493,6,0.83333333333333337,1,0.91666666666666663,4,75,100,87.5,True,0.13174323268183105,493,ok,0.14070598884099764,-0.008962756159166585
D128_F07_V01,128,7,zp,five_position_common,detrended_51,493,3,0.33333333333333331,0.5,0.41666666666666669,1,0,25,12.5,True,0.21114632236139377,493,ok,0.28246060890084884,-0.071314286539455068
D128_F07_V01,128,7,zp,five_position_common,detrended_51,493,3,0.33333333333333331,0.5,0.41666666666666669,2,25,50,37.5,True,0.12340293080627443,493,ok,0.15252564796574614,-0.029122717159471706
D128_F07_V01,128,7,zp,five_position_common,detrended_51,493,3,0.33333333333333331,0.5,0.41666666666666669,3,50,75,62.5,True,0.13223798371481968,493,ok,0.169481205042331,-0.037243221327511317
D128_F07_V01,128,7,zp,five_position_common,detrended_51,493,3,0.33333333333333331,0.5,0.41666666666666669,4,75,100,87.5,True,0.13804098263616679,493,ok,0.20039301860327646,-0.06235203596710967
D128_F07_V01,128,7,zp,five_position_common,detrended_51,493,4,0.5,0.66666666666666663,0.58333333333333337,1,0,25,12.5,True,0.19058464150352614,493,ok,0.24913602269597368,-0.058551381192447544
D128_F07_V01,128,7,zp,five_position_common,detrended_51,493,4,0.5,0.66666666666666663,0.58333333333333337,2,25,50,37.5,True,-0.0068056276032192704,493,ok,0.055078702032155827,-0.061884329635375095
D128_F07_V01,128,7,zp,five_position_common,detrended_51,493,4,0.5,0.66666666666666663,0.58333333333333337,3,50,75,62.5,True,0.037683380685233421,493,ok,0.050615475472909906,-0.012932094787676485
D128_F07_V01,128,7,zp,five_position_common,detrended_51,493,4,0.5,0.66666666666666663,0.58333333333333337,4,75,100,87.5,True,0.1085553289975744,493,ok,0.13699437909579079,-0.028439050098216387
D128_F07_V01,128,7,zp,five_position_common,detrended_51,493,5,0.66666666666666663,0.83333333333333337,0.75,1,0,25,12.5,True,0.18541165027813727,493,ok,0.14423030893420213,0.041181341343935141
D128_F07_V01,128,7,zp,five_position_common,detrended_51,493,5,0.66666666666666663,0.83333333333333337,0.75,2,25,50,37.5,True,0.089796198783034908,493,ok,0.1067033440713846,-0.01690714528834969
D128_F07_V01,128,7,zp,five_position_common,detrended_51,493,5,0.66666666666666663,0.83333333333333337,0.75,3,50,75,62.5,True,0.093857165261815478,493,ok,0.041616688297465558,0.05224047696434992
D128_F07_V01,128,7,zp,five_position_common,detrended_51,493,5,0.66666666666666663,0.83333333333333337,0.75,4,75,100,87.5,True,0.16943375331285637,493,ok,0.16318998286041064,0.0062437704524457294
D128_F07_V01,128,7,zp,five_position_common,detrended_51,493,6,0.83333333333333337,1,0.91666666666666663,1,0,25,12.5,True,0.24417270346045133,493,ok,0.21384301123616031,0.030329692224291022
D128_F07_V01,128,7,zp,five_position_common,detrended_51,493,6,0.83333333333333337,1,0.91666666666666663,2,25,50,37.5,True,0.044915612629856015,493,ok,0.028913767180947108,0.016001845448908907
D128_F07_V01,128,7,zp,five_position_common,detrended_51,493,6,0.83333333333333337,1,0.91666666666666663,3,50,75,62.5,True,0.10822795921612163,493,ok,0.12104039886837181,-0.012812439652250179
D128_F07_V01,128,7,zp,five_position_common,detrended_51,493,6,0.83333333333333337,1,0.91666666666666663,4,75,100,87.5,True,0.16697267120677708,493,ok,0.14070598884099764,0.026266682365779448
D128_F07_V01,128,7,zm,five_position_common,detrended_51,493,3,0.33333333333333331,0.5,0.41666666666666669,1,0,25,12.5,True,0.26753646220605398,493,ok,0.28246060890084884,-0.01492414669479486
D128_F07_V01,128,7,zm,five_position_common,detrended_51,493,3,0.33333333333333331,0.5,0.41666666666666669,2,25,50,37.5,True,0.21313383776417702,493,ok,0.15252564796574614,0.060608189798430884
D128_F07_V01,128,7,zm,five_position_common,detrended_51,493,3,0.33333333333333331,0.5,0.41666666666666669,3,50,75,62.5,True,0.21126055608137301,493,ok,0.169481205042331,0.041779351039042012
D128_F07_V01,128,7,zm,five_position_common,detrended_51,493,3,0.33333333333333331,0.5,0.41666666666666669,4,75,100,87.5,True,0.20106225972169092,493,ok,0.20039301860327646,0.00066924111841445977
D128_F07_V01,128,7,zm,five_position_common,detrended_51,493,4,0.5,0.66666666666666663,0.58333333333333337,1,0,25,12.5,True,0.26203525755311213,493,ok,0.24913602269597368,0.012899234857138453
D128_F07_V01,128,7,zm,five_position_common,detrended_51,493,4,0.5,0.66666666666666663,0.58333333333333337,2,25,50,37.5,True,0.10289022574284359,493,ok,0.055078702032155827,0.047811523710687767
D128_F07_V01,128,7,zm,five_position_common,detrended_51,493,4,0.5,0.66666666666666663,0.58333333333333337,3,50,75,62.5,True,0.10403452651708793,493,ok,0.050615475472909906,0.053419051044178024
D128_F07_V01,128,7,zm,five_position_common,detrended_51,493,4,0.5,0.66666666666666663,0.58333333333333337,4,75,100,87.5,True,0.16729132687290829,493,ok,0.13699437909579079,0.0302969477771175
D128_F07_V01,128,7,zm,five_position_common,detrended_51,493,5,0.66666666666666663,0.83333333333333337,0.75,1,0,25,12.5,True,0.14406081395011583,493,ok,0.14423030893420213,-0.0001694949840863047
D128_F07_V01,128,7,zm,five_position_common,detrended_51,493,5,0.66666666666666663,0.83333333333333337,0.75,2,25,50,37.5,True,0.061414627023577584,493,ok,0.1067033440713846,-0.045288717047807014
D128_F07_V01,128,7,zm,five_position_common,detrended_51,493,5,0.66666666666666663,0.83333333333333337,0.75,3,50,75,62.5,True,0.0030973959160602504,493,ok,0.041616688297465558,-0.038519292381405307
D128_F07_V01,128,7,zm,five_position_common,detrended_51,493,5,0.66666666666666663,0.83333333333333337,0.75,4,75,100,87.5,True,0.041927206771521869,493,ok,0.16318998286041064,-0.12126277608888877
D128_F07_V01,128,7,zm,five_position_common,detrended_51,493,6,0.83333333333333337,1,0.91666666666666663,1,0,25,12.5,True,0.20247842900664592,493,ok,0.21384301123616031,-0.011364582229514392
D128_F07_V01,128,7,zm,five_position_common,detrended_51,493,6,0.83333333333333337,1,0.91666666666666663,2,25,50,37.5,True,0.15144658481301257,493,ok,0.028913767180947108,0.12253281763206546
D128_F07_V01,128,7,zm,five_position_common,detrended_51,493,6,0.83333333333333337,1,0.91666666666666663,3,50,75,62.5,True,0.11656518566000632,493,ok,0.12104039886837181,-0.0044752132083654972
D128_F07_V01,128,7,zm,five_position_common,detrended_51,493,6,0.83333333333333337,1,0.91666666666666663,4,75,100,87.5,True,0.14989153968826183,493,ok,0.14070598884099764,0.00918555084726419
D128_F10_V01,128,10,baseline,five_position_common,detrended_51,484,3,0.33333333333333331,0.5,0.41666666666666669,1,0,25,12.5,True,0.21590430586387677,484,ok,0.21590430586387677,0
D128_F10_V01,128,10,baseline,five_position_common,detrended_51,484,3,0.33333333333333331,0.5,0.41666666666666669,2,25,50,37.5,True,0.25691575012222007,484,ok,0.25691575012222007,0
D128_F10_V01,128,10,baseline,five_position_common,detrended_51,484,3,0.33333333333333331,0.5,0.41666666666666669,3,50,75,62.5,True,0.15174705997550217,484,ok,0.15174705997550217,0
D128_F10_V01,128,10,baseline,five_position_common,detrended_51,484,3,0.33333333333333331,0.5,0.41666666666666669,4,75,100,87.5,True,0.10399201288468118,484,ok,0.10399201288468118,0
D128_F10_V01,128,10,baseline,five_position_common,detrended_51,484,4,0.5,0.66666666666666663,0.58333333333333337,1,0,25,12.5,True,0.18324235603779185,484,ok,0.18324235603779185,0
D128_F10_V01,128,10,baseline,five_position_common,detrended_51,484,4,0.5,0.66666666666666663,0.58333333333333337,2,25,50,37.5,True,0.25224736217080346,484,ok,0.25224736217080346,0
D128_F10_V01,128,10,baseline,five_position_common,detrended_51,484,4,0.5,0.66666666666666663,0.58333333333333337,3,50,75,62.5,True,0.1353833451482489,484,ok,0.1353833451482489,0
D128_F10_V01,128,10,baseline,five_position_common,detrended_51,484,4,0.5,0.66666666666666663,0.58333333333333337,4,75,100,87.5,True,0.096323234598348448,484,ok,0.096323234598348448,0
D128_F10_V01,128,10,baseline,five_position_common,detrended_51,484,5,0.66666666666666663,0.83333333333333337,0.75,1,0,25,12.5,True,0.16656461085491939,484,ok,0.16656461085491939,0
D128_F10_V01,128,10,baseline,five_position_common,detrended_51,484,5,0.66666666666666663,0.83333333333333337,0.75,2,25,50,37.5,True,0.15787260096121525,484,ok,0.15787260096121525,0
D128_F10_V01,128,10,baseline,five_position_common,detrended_51,484,5,0.66666666666666663,0.83333333333333337,0.75,3,50,75,62.5,True,0.11766612864819465,484,ok,0.11766612864819465,0
D128_F10_V01,128,10,baseline,five_position_common,detrended_51,484,5,0.66666666666666663,0.83333333333333337,0.75,4,75,100,87.5,True,0.1398642076575411,484,ok,0.1398642076575411,0
D128_F10_V01,128,10,baseline,five_position_common,detrended_51,484,6,0.83333333333333337,1,0.91666666666666663,1,0,25,12.5,True,0.20102587126781377,484,ok,0.20102587126781377,0
D128_F10_V01,128,10,baseline,five_position_common,detrended_51,484,6,0.83333333333333337,1,0.91666666666666663,2,25,50,37.5,True,0.15397747687556809,484,ok,0.15397747687556809,0
D128_F10_V01,128,10,baseline,five_position_common,detrended_51,484,6,0.83333333333333337,1,0.91666666666666663,3,50,75,62.5,True,0.05496398804012833,484,ok,0.05496398804012833,0
D128_F10_V01,128,10,baseline,five_position_common,detrended_51,484,6,0.83333333333333337,1,0.91666666666666663,4,75,100,87.5,True,0.1120882173947864,484,ok,0.1120882173947864,0
D128_F10_V01,128,10,xp,five_position_common,detrended_51,484,3,0.33333333333333331,0.5,0.41666666666666669,1,0,25,12.5,True,0.23100580211424726,484,ok,0.21590430586387677,0.015101496250370494
D128_F10_V01,128,10,xp,five_position_common,detrended_51,484,3,0.33333333333333331,0.5,0.41666666666666669,2,25,50,37.5,True,0.25545942104262759,484,ok,0.25691575012222007,-0.0014563290795924777
D128_F10_V01,128,10,xp,five_position_common,detrended_51,484,3,0.33333333333333331,0.5,0.41666666666666669,3,50,75,62.5,True,0.17205372104596969,484,ok,0.15174705997550217,0.020306661070467524
D128_F10_V01,128,10,xp,five_position_common,detrended_51,484,3,0.33333333333333331,0.5,0.41666666666666669,4,75,100,87.5,True,0.12495538870566918,484,ok,0.10399201288468118,0.020963375820987992
D128_F10_V01,128,10,xp,five_position_common,detrended_51,484,4,0.5,0.66666666666666663,0.58333333333333337,1,0,25,12.5,True,0.1912018354668418,484,ok,0.18324235603779185,0.0079594794290499538
D128_F10_V01,128,10,xp,five_position_common,detrended_51,484,4,0.5,0.66666666666666663,0.58333333333333337,2,25,50,37.5,True,0.26681738200888522,484,ok,0.25224736217080346,0.01457001983808176
D128_F10_V01,128,10,xp,five_position_common,detrended_51,484,4,0.5,0.66666666666666663,0.58333333333333337,3,50,75,62.5,True,0.13984325139625067,484,ok,0.1353833451482489,0.0044599062480017715
D128_F10_V01,128,10,xp,five_position_common,detrended_51,484,4,0.5,0.66666666666666663,0.58333333333333337,4,75,100,87.5,True,0.12405017740006484,484,ok,0.096323234598348448,0.027726942801716392
D128_F10_V01,128,10,xp,five_position_common,detrended_51,484,5,0.66666666666666663,0.83333333333333337,0.75,1,0,25,12.5,True,0.1757123518778021,484,ok,0.16656461085491939,0.0091477410228827105
D128_F10_V01,128,10,xp,five_position_common,detrended_51,484,5,0.66666666666666663,0.83333333333333337,0.75,2,25,50,37.5,True,0.15340330552315498,484,ok,0.15787260096121525,-0.0044692954380602667
D128_F10_V01,128,10,xp,five_position_common,detrended_51,484,5,0.66666666666666663,0.83333333333333337,0.75,3,50,75,62.5,True,0.13599647130571951,484,ok,0.11766612864819465,0.018330342657524867
D128_F10_V01,128,10,xp,five_position_common,detrended_51,484,5,0.66666666666666663,0.83333333333333337,0.75,4,75,100,87.5,True,0.13477908148361395,484,ok,0.1398642076575411,-0.0050851261739271458
D128_F10_V01,128,10,xp,five_position_common,detrended_51,484,6,0.83333333333333337,1,0.91666666666666663,1,0,25,12.5,True,0.18314019991966957,484,ok,0.20102587126781377,-0.0178856713481442
D128_F10_V01,128,10,xp,five_position_common,detrended_51,484,6,0.83333333333333337,1,0.91666666666666663,2,25,50,37.5,True,0.168692401425732,484,ok,0.15397747687556809,0.014714924550163905
D128_F10_V01,128,10,xp,five_position_common,detrended_51,484,6,0.83333333333333337,1,0.91666666666666663,3,50,75,62.5,True,0.064822219686798382,484,ok,0.05496398804012833,0.0098582316466700529
D128_F10_V01,128,10,xp,five_position_common,detrended_51,484,6,0.83333333333333337,1,0.91666666666666663,4,75,100,87.5,True,0.12859011152499633,484,ok,0.1120882173947864,0.016501894130209929
D128_F10_V01,128,10,xm,five_position_common,detrended_51,484,3,0.33333333333333331,0.5,0.41666666666666669,1,0,25,12.5,True,0.2133975149472046,484,ok,0.21590430586387677,-0.0025067909166721636
D128_F10_V01,128,10,xm,five_position_common,detrended_51,484,3,0.33333333333333331,0.5,0.41666666666666669,2,25,50,37.5,True,0.26241462029835921,484,ok,0.25691575012222007,0.0054988701761391479
D128_F10_V01,128,10,xm,five_position_common,detrended_51,484,3,0.33333333333333331,0.5,0.41666666666666669,3,50,75,62.5,True,0.14123651046965174,484,ok,0.15174705997550217,-0.010510549505850425
D128_F10_V01,128,10,xm,five_position_common,detrended_51,484,3,0.33333333333333331,0.5,0.41666666666666669,4,75,100,87.5,True,0.07448252409430739,484,ok,0.10399201288468118,-0.029509488790373795
D128_F10_V01,128,10,xm,five_position_common,detrended_51,484,4,0.5,0.66666666666666663,0.58333333333333337,1,0,25,12.5,True,0.17589799949770901,484,ok,0.18324235603779185,-0.0073443565400828359
D128_F10_V01,128,10,xm,five_position_common,detrended_51,484,4,0.5,0.66666666666666663,0.58333333333333337,2,25,50,37.5,True,0.2453109231527065,484,ok,0.25224736217080346,-0.0069364390180969571
D128_F10_V01,128,10,xm,five_position_common,detrended_51,484,4,0.5,0.66666666666666663,0.58333333333333337,3,50,75,62.5,True,0.1407789644409877,484,ok,0.1353833451482489,0.0053956192927387958
D128_F10_V01,128,10,xm,five_position_common,detrended_51,484,4,0.5,0.66666666666666663,0.58333333333333337,4,75,100,87.5,True,0.084245146558095771,484,ok,0.096323234598348448,-0.012078088040252677
D128_F10_V01,128,10,xm,five_position_common,detrended_51,484,5,0.66666666666666663,0.83333333333333337,0.75,1,0,25,12.5,True,0.16768277411918531,484,ok,0.16656461085491939,0.0011181632642659201
D128_F10_V01,128,10,xm,five_position_common,detrended_51,484,5,0.66666666666666663,0.83333333333333337,0.75,2,25,50,37.5,True,0.14604992361093513,484,ok,0.15787260096121525,-0.011822677350280114
D128_F10_V01,128,10,xm,five_position_common,detrended_51,484,5,0.66666666666666663,0.83333333333333337,0.75,3,50,75,62.5,True,0.093836996290621255,484,ok,0.11766612864819465,-0.02382913235757339
D128_F10_V01,128,10,xm,five_position_common,detrended_51,484,5,0.66666666666666663,0.83333333333333337,0.75,4,75,100,87.5,True,0.11849299071126591,484,ok,0.1398642076575411,-0.021371216946275182
D128_F10_V01,128,10,xm,five_position_common,detrended_51,484,6,0.83333333333333337,1,0.91666666666666663,1,0,25,12.5,True,0.23584144112054928,484,ok,0.20102587126781377,0.034815569852735512
D128_F10_V01,128,10,xm,five_position_common,detrended_51,484,6,0.83333333333333337,1,0.91666666666666663,2,25,50,37.5,True,0.13240649711449581,484,ok,0.15397747687556809,-0.021570979761072279
D128_F10_V01,128,10,xm,five_position_common,detrended_51,484,6,0.83333333333333337,1,0.91666666666666663,3,50,75,62.5,True,0.042895278350565474,484,ok,0.05496398804012833,-0.012068709689562855
D128_F10_V01,128,10,xm,five_position_common,detrended_51,484,6,0.83333333333333337,1,0.91666666666666663,4,75,100,87.5,True,0.097707346512092147,484,ok,0.1120882173947864,-0.014380870882694255
D128_F10_V01,128,10,zp,five_position_common,detrended_51,484,3,0.33333333333333331,0.5,0.41666666666666669,1,0,25,12.5,True,0.20013188139441113,484,ok,0.21590430586387677,-0.01577242446946564
D128_F10_V01,128,10,zp,five_position_common,detrended_51,484,3,0.33333333333333331,0.5,0.41666666666666669,2,25,50,37.5,True,0.27144542637049596,484,ok,0.25691575012222007,0.014529676248275891
D128_F10_V01,128,10,zp,five_position_common,detrended_51,484,3,0.33333333333333331,0.5,0.41666666666666669,3,50,75,62.5,True,0.095559847526473909,484,ok,0.15174705997550217,-0.056187212449028259
D128_F10_V01,128,10,zp,five_position_common,detrended_51,484,3,0.33333333333333331,0.5,0.41666666666666669,4,75,100,87.5,True,0.11518968012648839,484,ok,0.10399201288468118,0.011197667241807208
D128_F10_V01,128,10,zp,five_position_common,detrended_51,484,4,0.5,0.66666666666666663,0.58333333333333337,1,0,25,12.5,True,0.1920028204128521,484,ok,0.18324235603779185,0.0087604643750602562
D128_F10_V01,128,10,zp,five_position_common,detrended_51,484,4,0.5,0.66666666666666663,0.58333333333333337,2,25,50,37.5,True,0.20231693270750431,484,ok,0.25224736217080346,-0.049930429463299147
D128_F10_V01,128,10,zp,five_position_common,detrended_51,484,4,0.5,0.66666666666666663,0.58333333333333337,3,50,75,62.5,True,0.17117909698159042,484,ok,0.1353833451482489,0.035795751833341521
D128_F10_V01,128,10,zp,five_position_common,detrended_51,484,4,0.5,0.66666666666666663,0.58333333333333337,4,75,100,87.5,True,0.12781703796592656,484,ok,0.096323234598348448,0.031493803367578108
D128_F10_V01,128,10,zp,five_position_common,detrended_51,484,5,0.66666666666666663,0.83333333333333337,0.75,1,0,25,12.5,True,0.20099349972713154,484,ok,0.16656461085491939,0.034428888872212154
D128_F10_V01,128,10,zp,five_position_common,detrended_51,484,5,0.66666666666666663,0.83333333333333337,0.75,2,25,50,37.5,True,0.11546406155688516,484,ok,0.15787260096121525,-0.042408539404330092
D128_F10_V01,128,10,zp,five_position_common,detrended_51,484,5,0.66666666666666663,0.83333333333333337,0.75,3,50,75,62.5,True,0.059922000090316577,484,ok,0.11766612864819465,-0.057744128557878069
D128_F10_V01,128,10,zp,five_position_common,detrended_51,484,5,0.66666666666666663,0.83333333333333337,0.75,4,75,100,87.5,True,0.11149859195608616,484,ok,0.1398642076575411,-0.028365615701454933
D128_F10_V01,128,10,zp,five_position_common,detrended_51,484,6,0.83333333333333337,1,0.91666666666666663,1,0,25,12.5,True,0.22958696756392119,484,ok,0.20102587126781377,0.028561096296107424
D128_F10_V01,128,10,zp,five_position_common,detrended_51,484,6,0.83333333333333337,1,0.91666666666666663,2,25,50,37.5,True,0.10272948802561691,484,ok,0.15397747687556809,-0.051247988849951187
D128_F10_V01,128,10,zp,five_position_common,detrended_51,484,6,0.83333333333333337,1,0.91666666666666663,3,50,75,62.5,True,0.051601880180734069,484,ok,0.05496398804012833,-0.0033621078593942602
D128_F10_V01,128,10,zp,five_position_common,detrended_51,484,6,0.83333333333333337,1,0.91666666666666663,4,75,100,87.5,True,0.1078153335322201,484,ok,0.1120882173947864,-0.0042728838625663013
D128_F10_V01,128,10,zm,five_position_common,detrended_51,484,3,0.33333333333333331,0.5,0.41666666666666669,1,0,25,12.5,True,0.23575429312312982,484,ok,0.21590430586387677,0.019849987259253049
D128_F10_V01,128,10,zm,five_position_common,detrended_51,484,3,0.33333333333333331,0.5,0.41666666666666669,2,25,50,37.5,True,0.18231076906565941,484,ok,0.25691575012222007,-0.07460498105656066
D128_F10_V01,128,10,zm,five_position_common,detrended_51,484,3,0.33333333333333331,0.5,0.41666666666666669,3,50,75,62.5,True,0.25081575185959365,484,ok,0.15174705997550217,0.099068691884091481
D128_F10_V01,128,10,zm,five_position_common,detrended_51,484,3,0.33333333333333331,0.5,0.41666666666666669,4,75,100,87.5,True,0.13401457477659762,484,ok,0.10399201288468118,0.030022561891916433
D128_F10_V01,128,10,zm,five_position_common,detrended_51,484,4,0.5,0.66666666666666663,0.58333333333333337,1,0,25,12.5,True,0.18552641689450061,484,ok,0.18324235603779185,0.0022840608567087639
D128_F10_V01,128,10,zm,five_position_common,detrended_51,484,4,0.5,0.66666666666666663,0.58333333333333337,2,25,50,37.5,True,0.21397379681603154,484,ok,0.25224736217080346,-0.038273565354771916
D128_F10_V01,128,10,zm,five_position_common,detrended_51,484,4,0.5,0.66666666666666663,0.58333333333333337,3,50,75,62.5,True,0.21397341332049988,484,ok,0.1353833451482489,0.078590068172250976
D128_F10_V01,128,10,zm,five_position_common,detrended_51,484,4,0.5,0.66666666666666663,0.58333333333333337,4,75,100,87.5,True,0.082860113936744736,484,ok,0.096323234598348448,-0.013463120661603711
D128_F10_V01,128,10,zm,five_position_common,detrended_51,484,5,0.66666666666666663,0.83333333333333337,0.75,1,0,25,12.5,True,0.11952823278675817,484,ok,0.16656461085491939,-0.047036378068161216
D128_F10_V01,128,10,zm,five_position_common,detrended_51,484,5,0.66666666666666663,0.83333333333333337,0.75,2,25,50,37.5,True,0.19635703621265357,484,ok,0.15787260096121525,0.038484435251438326
D128_F10_V01,128,10,zm,five_position_common,detrended_51,484,5,0.66666666666666663,0.83333333333333337,0.75,3,50,75,62.5,True,0.15175967990981568,484,ok,0.11766612864819465,0.03409355126162103
D128_F10_V01,128,10,zm,five_position_common,detrended_51,484,5,0.66666666666666663,0.83333333333333337,0.75,4,75,100,87.5,True,0.059077855931810072,484,ok,0.1398642076575411,-0.080786351725731023
D128_F10_V01,128,10,zm,five_position_common,detrended_51,484,6,0.83333333333333337,1,0.91666666666666663,1,0,25,12.5,True,0.21835686804414323,484,ok,0.20102587126781377,0.01733099677632946
D128_F10_V01,128,10,zm,five_position_common,detrended_51,484,6,0.83333333333333337,1,0.91666666666666663,2,25,50,37.5,True,0.083379832244089236,484,ok,0.15397747687556809,-0.070597644631478856
D128_F10_V01,128,10,zm,five_position_common,detrended_51,484,6,0.83333333333333337,1,0.91666666666666663,3,50,75,62.5,True,0.095274680476139392,484,ok,0.05496398804012833,0.040310692436011063
D128_F10_V01,128,10,zm,five_position_common,detrended_51,484,6,0.83333333333333337,1,0.91666666666666663,4,75,100,87.5,True,0.12548371473447184,484,ok,0.1120882173947864,0.013395497339685439
D235_F01_V01,235,1,baseline,five_position_common,detrended_51,448,3,0.33333333333333331,0.5,0.41666666666666669,1,0,25,12.5,True,0.17086591926517836,448,ok,0.17086591926517836,0
D235_F01_V01,235,1,baseline,five_position_common,detrended_51,448,3,0.33333333333333331,0.5,0.41666666666666669,2,25,50,37.5,True,0.20531490318064979,448,ok,0.20531490318064979,0
D235_F01_V01,235,1,baseline,five_position_common,detrended_51,448,3,0.33333333333333331,0.5,0.41666666666666669,3,50,75,62.5,True,0.19351011425566972,448,ok,0.19351011425566972,0
D235_F01_V01,235,1,baseline,five_position_common,detrended_51,448,3,0.33333333333333331,0.5,0.41666666666666669,4,75,100,87.5,True,0.066397567834125856,448,ok,0.066397567834125856,0
D235_F01_V01,235,1,baseline,five_position_common,detrended_51,448,4,0.5,0.66666666666666663,0.58333333333333337,1,0,25,12.5,True,0.1994662397378629,448,ok,0.1994662397378629,0
D235_F01_V01,235,1,baseline,five_position_common,detrended_51,448,4,0.5,0.66666666666666663,0.58333333333333337,2,25,50,37.5,True,0.1639759354799932,448,ok,0.1639759354799932,0
D235_F01_V01,235,1,baseline,five_position_common,detrended_51,448,4,0.5,0.66666666666666663,0.58333333333333337,3,50,75,62.5,True,0.19939199662231699,448,ok,0.19939199662231699,0
D235_F01_V01,235,1,baseline,five_position_common,detrended_51,448,4,0.5,0.66666666666666663,0.58333333333333337,4,75,100,87.5,True,0.1453469454975353,448,ok,0.1453469454975353,0
D235_F01_V01,235,1,baseline,five_position_common,detrended_51,448,5,0.66666666666666663,0.83333333333333337,0.75,1,0,25,12.5,True,0.24398612496497574,448,ok,0.24398612496497574,0
D235_F01_V01,235,1,baseline,five_position_common,detrended_51,448,5,0.66666666666666663,0.83333333333333337,0.75,2,25,50,37.5,True,0.15500642624833672,448,ok,0.15500642624833672,0
D235_F01_V01,235,1,baseline,five_position_common,detrended_51,448,5,0.66666666666666663,0.83333333333333337,0.75,3,50,75,62.5,True,0.10202899014969169,448,ok,0.10202899014969169,0
D235_F01_V01,235,1,baseline,five_position_common,detrended_51,448,5,0.66666666666666663,0.83333333333333337,0.75,4,75,100,87.5,True,0.21258763284224688,448,ok,0.21258763284224688,0
D235_F01_V01,235,1,baseline,five_position_common,detrended_51,448,6,0.83333333333333337,1,0.91666666666666663,1,0,25,12.5,True,0.2590150311681213,448,ok,0.2590150311681213,0
D235_F01_V01,235,1,baseline,five_position_common,detrended_51,448,6,0.83333333333333337,1,0.91666666666666663,2,25,50,37.5,True,0.16257457223198857,448,ok,0.16257457223198857,0
D235_F01_V01,235,1,baseline,five_position_common,detrended_51,448,6,0.83333333333333337,1,0.91666666666666663,3,50,75,62.5,True,0.15445340638450356,448,ok,0.15445340638450356,0
D235_F01_V01,235,1,baseline,five_position_common,detrended_51,448,6,0.83333333333333337,1,0.91666666666666663,4,75,100,87.5,True,0.23138918343582413,448,ok,0.23138918343582413,0
D235_F01_V01,235,1,xp,five_position_common,detrended_51,448,3,0.33333333333333331,0.5,0.41666666666666669,1,0,25,12.5,True,0.16660602040237796,448,ok,0.17086591926517836,-0.0042598988628003986
D235_F01_V01,235,1,xp,five_position_common,detrended_51,448,3,0.33333333333333331,0.5,0.41666666666666669,2,25,50,37.5,True,0.19708288176747782,448,ok,0.20531490318064979,-0.0082320214131719749
D235_F01_V01,235,1,xp,five_position_common,detrended_51,448,3,0.33333333333333331,0.5,0.41666666666666669,3,50,75,62.5,True,0.18432927995215745,448,ok,0.19351011425566972,-0.0091808343035122697
D235_F01_V01,235,1,xp,five_position_common,detrended_51,448,3,0.33333333333333331,0.5,0.41666666666666669,4,75,100,87.5,True,0.096458122481080627,448,ok,0.066397567834125856,0.030060554646954771
D235_F01_V01,235,1,xp,five_position_common,detrended_51,448,4,0.5,0.66666666666666663,0.58333333333333337,1,0,25,12.5,True,0.16826219413831731,448,ok,0.1994662397378629,-0.031204045599545593
D235_F01_V01,235,1,xp,five_position_common,detrended_51,448,4,0.5,0.66666666666666663,0.58333333333333337,2,25,50,37.5,True,0.16885619987911585,448,ok,0.1639759354799932,0.0048802643991226469
D235_F01_V01,235,1,xp,five_position_common,detrended_51,448,4,0.5,0.66666666666666663,0.58333333333333337,3,50,75,62.5,True,0.19549007396273896,448,ok,0.19939199662231699,-0.0039019226595780332
D235_F01_V01,235,1,xp,five_position_common,detrended_51,448,4,0.5,0.66666666666666663,0.58333333333333337,4,75,100,87.5,True,0.13257279985086204,448,ok,0.1453469454975353,-0.012774145646673257
D235_F01_V01,235,1,xp,five_position_common,detrended_51,448,5,0.66666666666666663,0.83333333333333337,0.75,1,0,25,12.5,True,0.22770963773448524,448,ok,0.24398612496497574,-0.016276487230490494
D235_F01_V01,235,1,xp,five_position_common,detrended_51,448,5,0.66666666666666663,0.83333333333333337,0.75,2,25,50,37.5,True,0.14884011623796681,448,ok,0.15500642624833672,-0.0061663100103699076
D235_F01_V01,235,1,xp,five_position_common,detrended_51,448,5,0.66666666666666663,0.83333333333333337,0.75,3,50,75,62.5,True,0.084971526204840664,448,ok,0.10202899014969169,-0.017057463944851026
D235_F01_V01,235,1,xp,five_position_common,detrended_51,448,5,0.66666666666666663,0.83333333333333337,0.75,4,75,100,87.5,True,0.18101958360058626,448,ok,0.21258763284224688,-0.031568049241660623
D235_F01_V01,235,1,xp,five_position_common,detrended_51,448,6,0.83333333333333337,1,0.91666666666666663,1,0,25,12.5,True,0.24747712227973112,448,ok,0.2590150311681213,-0.01153790888839018
D235_F01_V01,235,1,xp,five_position_common,detrended_51,448,6,0.83333333333333337,1,0.91666666666666663,2,25,50,37.5,True,0.15969681742172173,448,ok,0.16257457223198857,-0.002877754810266836
D235_F01_V01,235,1,xp,five_position_common,detrended_51,448,6,0.83333333333333337,1,0.91666666666666663,3,50,75,62.5,True,0.13407987531676926,448,ok,0.15445340638450356,-0.020373531067734291
D235_F01_V01,235,1,xp,five_position_common,detrended_51,448,6,0.83333333333333337,1,0.91666666666666663,4,75,100,87.5,True,0.26843007221468546,448,ok,0.23138918343582413,0.037040888778861331
D235_F01_V01,235,1,xm,five_position_common,detrended_51,448,3,0.33333333333333331,0.5,0.41666666666666669,1,0,25,12.5,True,0.18078750670368673,448,ok,0.17086591926517836,0.009921587438508378
D235_F01_V01,235,1,xm,five_position_common,detrended_51,448,3,0.33333333333333331,0.5,0.41666666666666669,2,25,50,37.5,True,0.20825398575215914,448,ok,0.20531490318064979,0.0029390825715093494
D235_F01_V01,235,1,xm,five_position_common,detrended_51,448,3,0.33333333333333331,0.5,0.41666666666666669,3,50,75,62.5,True,0.17981911720855751,448,ok,0.19351011425566972,-0.013690997047112213
D235_F01_V01,235,1,xm,five_position_common,detrended_51,448,3,0.33333333333333331,0.5,0.41666666666666669,4,75,100,87.5,True,0.04480946553189899,448,ok,0.066397567834125856,-0.021588102302226866
D235_F01_V01,235,1,xm,five_position_common,detrended_51,448,4,0.5,0.66666666666666663,0.58333333333333337,1,0,25,12.5,True,0.20379585361411806,448,ok,0.1994662397378629,0.0043296138762551617
D235_F01_V01,235,1,xm,five_position_common,detrended_51,448,4,0.5,0.66666666666666663,0.58333333333333337,2,25,50,37.5,True,0.14546779684394348,448,ok,0.1639759354799932,-0.01850813863604972
D235_F01_V01,235,1,xm,five_position_common,detrended_51,448,4,0.5,0.66666666666666663,0.58333333333333337,3,50,75,62.5,True,0.17156429834357556,448,ok,0.19939199662231699,-0.027827698278741431
D235_F01_V01,235,1,xm,five_position_common,detrended_51,448,4,0.5,0.66666666666666663,0.58333333333333337,4,75,100,87.5,True,0.16591713098653463,448,ok,0.1453469454975353,0.020570185488999332
D235_F01_V01,235,1,xm,five_position_common,detrended_51,448,5,0.66666666666666663,0.83333333333333337,0.75,1,0,25,12.5,True,0.24466532926628021,448,ok,0.24398612496497574,0.00067920430130447018
D235_F01_V01,235,1,xm,five_position_common,detrended_51,448,5,0.66666666666666663,0.83333333333333337,0.75,2,25,50,37.5,True,0.17193701348252494,448,ok,0.15500642624833672,0.016930587234188221
D235_F01_V01,235,1,xm,five_position_common,detrended_51,448,5,0.66666666666666663,0.83333333333333337,0.75,3,50,75,62.5,True,0.13502089910955087,448,ok,0.10202899014969169,0.032991908959859179
D235_F01_V01,235,1,xm,five_position_common,detrended_51,448,5,0.66666666666666663,0.83333333333333337,0.75,4,75,100,87.5,True,0.23280207025838837,448,ok,0.21258763284224688,0.020214437416141484
D235_F01_V01,235,1,xm,five_position_common,detrended_51,448,6,0.83333333333333337,1,0.91666666666666663,1,0,25,12.5,True,0.21941185461459262,448,ok,0.2590150311681213,-0.039603176553528685
D235_F01_V01,235,1,xm,five_position_common,detrended_51,448,6,0.83333333333333337,1,0.91666666666666663,2,25,50,37.5,True,0.16984195228686946,448,ok,0.16257457223198857,0.0072673800548808953
D235_F01_V01,235,1,xm,five_position_common,detrended_51,448,6,0.83333333333333337,1,0.91666666666666663,3,50,75,62.5,True,0.16337913074284935,448,ok,0.15445340638450356,0.0089257243583457935
D235_F01_V01,235,1,xm,five_position_common,detrended_51,448,6,0.83333333333333337,1,0.91666666666666663,4,75,100,87.5,True,0.21603858111660595,448,ok,0.23138918343582413,-0.015350602319218171
D235_F01_V01,235,1,zp,five_position_common,detrended_51,448,3,0.33333333333333331,0.5,0.41666666666666669,1,0,25,12.5,True,0.18812699090380156,448,ok,0.17086591926517836,0.017261071638623199
D235_F01_V01,235,1,zp,five_position_common,detrended_51,448,3,0.33333333333333331,0.5,0.41666666666666669,2,25,50,37.5,True,0.22181958945294078,448,ok,0.20531490318064979,0.016504686272290986
D235_F01_V01,235,1,zp,five_position_common,detrended_51,448,3,0.33333333333333331,0.5,0.41666666666666669,3,50,75,62.5,True,0.19484213364791736,448,ok,0.19351011425566972,0.0013320193922476409
D235_F01_V01,235,1,zp,five_position_common,detrended_51,448,3,0.33333333333333331,0.5,0.41666666666666669,4,75,100,87.5,True,0.065255302591449349,448,ok,0.066397567834125856,-0.0011422652426765073
D235_F01_V01,235,1,zp,five_position_common,detrended_51,448,4,0.5,0.66666666666666663,0.58333333333333337,1,0,25,12.5,True,0.2301615457846645,448,ok,0.1994662397378629,0.030695306046801596
D235_F01_V01,235,1,zp,five_position_common,detrended_51,448,4,0.5,0.66666666666666663,0.58333333333333337,2,25,50,37.5,True,0.18029683949662981,448,ok,0.1639759354799932,0.016320904016636606
D235_F01_V01,235,1,zp,five_position_common,detrended_51,448,4,0.5,0.66666666666666663,0.58333333333333337,3,50,75,62.5,True,0.19133941984714736,448,ok,0.19939199662231699,-0.0080525767751696287
D235_F01_V01,235,1,zp,five_position_common,detrended_51,448,4,0.5,0.66666666666666663,0.58333333333333337,4,75,100,87.5,True,0.1818888912468099,448,ok,0.1453469454975353,0.036541945749274607
D235_F01_V01,235,1,zp,five_position_common,detrended_51,448,5,0.66666666666666663,0.83333333333333337,0.75,1,0,25,12.5,True,0.23288093047885752,448,ok,0.24398612496497574,-0.011105194486118214
D235_F01_V01,235,1,zp,five_position_common,detrended_51,448,5,0.66666666666666663,0.83333333333333337,0.75,2,25,50,37.5,True,0.14600490558039791,448,ok,0.15500642624833672,-0.0090015206679388005
D235_F01_V01,235,1,zp,five_position_common,detrended_51,448,5,0.66666666666666663,0.83333333333333337,0.75,3,50,75,62.5,True,0.13313631559404171,448,ok,0.10202899014969169,0.03110732544435002
D235_F01_V01,235,1,zp,five_position_common,detrended_51,448,5,0.66666666666666663,0.83333333333333337,0.75,4,75,100,87.5,True,0.15616270050357112,448,ok,0.21258763284224688,-0.056424932338675765
D235_F01_V01,235,1,zp,five_position_common,detrended_51,448,6,0.83333333333333337,1,0.91666666666666663,1,0,25,12.5,True,0.23729594524327141,448,ok,0.2590150311681213,-0.02171908592484989
D235_F01_V01,235,1,zp,five_position_common,detrended_51,448,6,0.83333333333333337,1,0.91666666666666663,2,25,50,37.5,True,0.16342969710367858,448,ok,0.16257457223198857,0.00085512487169001061
D235_F01_V01,235,1,zp,five_position_common,detrended_51,448,6,0.83333333333333337,1,0.91666666666666663,3,50,75,62.5,True,0.16343229956708369,448,ok,0.15445340638450356,0.0089788931825801332
D235_F01_V01,235,1,zp,five_position_common,detrended_51,448,6,0.83333333333333337,1,0.91666666666666663,4,75,100,87.5,True,0.22208702737737762,448,ok,0.23138918343582413,-0.0093021560584465035
D235_F01_V01,235,1,zm,five_position_common,detrended_51,448,3,0.33333333333333331,0.5,0.41666666666666669,1,0,25,12.5,True,0.14450936925509908,448,ok,0.17086591926517836,-0.026356550010079277
D235_F01_V01,235,1,zm,five_position_common,detrended_51,448,3,0.33333333333333331,0.5,0.41666666666666669,2,25,50,37.5,True,0.23078380353040617,448,ok,0.20531490318064979,0.025468900349756379
D235_F01_V01,235,1,zm,five_position_common,detrended_51,448,3,0.33333333333333331,0.5,0.41666666666666669,3,50,75,62.5,True,0.18323603355846427,448,ok,0.19351011425566972,-0.010274080697205451
D235_F01_V01,235,1,zm,five_position_common,detrended_51,448,3,0.33333333333333331,0.5,0.41666666666666669,4,75,100,87.5,True,0.081317865455249549,448,ok,0.066397567834125856,0.014920297621123693
D235_F01_V01,235,1,zm,five_position_common,detrended_51,448,4,0.5,0.66666666666666663,0.58333333333333337,1,0,25,12.5,True,0.13952278078781211,448,ok,0.1994662397378629,-0.059943458950050793
D235_F01_V01,235,1,zm,five_position_common,detrended_51,448,4,0.5,0.66666666666666663,0.58333333333333337,2,25,50,37.5,True,0.19002537667470329,448,ok,0.1639759354799932,0.026049441194710088
D235_F01_V01,235,1,zm,five_position_common,detrended_51,448,4,0.5,0.66666666666666663,0.58333333333333337,3,50,75,62.5,True,0.20402327374114373,448,ok,0.19939199662231699,0.0046312771188267432
D235_F01_V01,235,1,zm,five_position_common,detrended_51,448,4,0.5,0.66666666666666663,0.58333333333333337,4,75,100,87.5,True,0.12759384561755102,448,ok,0.1453469454975353,-0.017753099879984274
D235_F01_V01,235,1,zm,five_position_common,detrended_51,448,5,0.66666666666666663,0.83333333333333337,0.75,1,0,25,12.5,True,0.20603883434778128,448,ok,0.24398612496497574,-0.037947290617194457
D235_F01_V01,235,1,zm,five_position_common,detrended_51,448,5,0.66666666666666663,0.83333333333333337,0.75,2,25,50,37.5,True,0.14609318803641583,448,ok,0.15500642624833672,-0.0089132382119208875
D235_F01_V01,235,1,zm,five_position_common,detrended_51,448,5,0.66666666666666663,0.83333333333333337,0.75,3,50,75,62.5,True,0.087551359657132857,448,ok,0.10202899014969169,-0.014477630492558832
D235_F01_V01,235,1,zm,five_position_common,detrended_51,448,5,0.66666666666666663,0.83333333333333337,0.75,4,75,100,87.5,True,0.1771893206900991,448,ok,0.21258763284224688,-0.035398312152147782
D235_F01_V01,235,1,zm,five_position_common,detrended_51,448,6,0.83333333333333337,1,0.91666666666666663,1,0,25,12.5,True,0.22093234967810846,448,ok,0.2590150311681213,-0.038082681490012843
D235_F01_V01,235,1,zm,five_position_common,detrended_51,448,6,0.83333333333333337,1,0.91666666666666663,2,25,50,37.5,True,0.18114474506128389,448,ok,0.16257457223198857,0.018570172829295323
D235_F01_V01,235,1,zm,five_position_common,detrended_51,448,6,0.83333333333333337,1,0.91666666666666663,3,50,75,62.5,True,0.1188577313802698,448,ok,0.15445340638450356,-0.035595675004233759
D235_F01_V01,235,1,zm,five_position_common,detrended_51,448,6,0.83333333333333337,1,0.91666666666666663,4,75,100,87.5,True,0.2319117469538077,448,ok,0.23138918343582413,0.00052256351798357636
D235_F03_V01,235,3,baseline,five_position_common,detrended_51,448,3,0.33333333333333331,0.5,0.41666666666666669,1,0,25,12.5,True,0.19222896625795635,448,ok,0.19222896625795635,0
D235_F03_V01,235,3,baseline,five_position_common,detrended_51,448,3,0.33333333333333331,0.5,0.41666666666666669,2,25,50,37.5,True,0.13232375457127996,448,ok,0.13232375457127996,0
D235_F03_V01,235,3,baseline,five_position_common,detrended_51,448,3,0.33333333333333331,0.5,0.41666666666666669,3,50,75,62.5,True,0.17976293359703324,448,ok,0.17976293359703324,0
D235_F03_V01,235,3,baseline,five_position_common,detrended_51,448,3,0.33333333333333331,0.5,0.41666666666666669,4,75,100,87.5,True,0.0569390387061086,448,ok,0.0569390387061086,0
D235_F03_V01,235,3,baseline,five_position_common,detrended_51,448,4,0.5,0.66666666666666663,0.58333333333333337,1,0,25,12.5,True,0.1424977171741047,448,ok,0.1424977171741047,0
D235_F03_V01,235,3,baseline,five_position_common,detrended_51,448,4,0.5,0.66666666666666663,0.58333333333333337,2,25,50,37.5,True,0.10318174963235202,448,ok,0.10318174963235202,0
D235_F03_V01,235,3,baseline,five_position_common,detrended_51,448,4,0.5,0.66666666666666663,0.58333333333333337,3,50,75,62.5,True,0.12022541046644544,448,ok,0.12022541046644544,0
D235_F03_V01,235,3,baseline,five_position_common,detrended_51,448,4,0.5,0.66666666666666663,0.58333333333333337,4,75,100,87.5,True,0.065318682090142285,448,ok,0.065318682090142285,0
D235_F03_V01,235,3,baseline,five_position_common,detrended_51,448,5,0.66666666666666663,0.83333333333333337,0.75,1,0,25,12.5,True,0.17877118905332007,448,ok,0.17877118905332007,0
D235_F03_V01,235,3,baseline,five_position_common,detrended_51,448,5,0.66666666666666663,0.83333333333333337,0.75,2,25,50,37.5,True,0.11566611316413675,448,ok,0.11566611316413675,0
D235_F03_V01,235,3,baseline,five_position_common,detrended_51,448,5,0.66666666666666663,0.83333333333333337,0.75,3,50,75,62.5,True,0.13813014699440754,448,ok,0.13813014699440754,0
D235_F03_V01,235,3,baseline,five_position_common,detrended_51,448,5,0.66666666666666663,0.83333333333333337,0.75,4,75,100,87.5,True,0.089484866553484033,448,ok,0.089484866553484033,0
D235_F03_V01,235,3,baseline,five_position_common,detrended_51,448,6,0.83333333333333337,1,0.91666666666666663,1,0,25,12.5,True,0.12640084709855395,448,ok,0.12640084709855395,0
D235_F03_V01,235,3,baseline,five_position_common,detrended_51,448,6,0.83333333333333337,1,0.91666666666666663,2,25,50,37.5,True,0.08119975800971603,448,ok,0.08119975800971603,0
D235_F03_V01,235,3,baseline,five_position_common,detrended_51,448,6,0.83333333333333337,1,0.91666666666666663,3,50,75,62.5,True,0.11221099979062291,448,ok,0.11221099979062291,0
D235_F03_V01,235,3,baseline,five_position_common,detrended_51,448,6,0.83333333333333337,1,0.91666666666666663,4,75,100,87.5,True,0.12317591252510666,448,ok,0.12317591252510666,0
D235_F03_V01,235,3,xp,five_position_common,detrended_51,448,3,0.33333333333333331,0.5,0.41666666666666669,1,0,25,12.5,True,0.18184077300676918,448,ok,0.19222896625795635,-0.010388193251187172
D235_F03_V01,235,3,xp,five_position_common,detrended_51,448,3,0.33333333333333331,0.5,0.41666666666666669,2,25,50,37.5,True,0.13176389632786306,448,ok,0.13232375457127996,-0.00055985824341689416
D235_F03_V01,235,3,xp,five_position_common,detrended_51,448,3,0.33333333333333331,0.5,0.41666666666666669,3,50,75,62.5,True,0.14015241917002413,448,ok,0.17976293359703324,-0.039610514427009108
D235_F03_V01,235,3,xp,five_position_common,detrended_51,448,3,0.33333333333333331,0.5,0.41666666666666669,4,75,100,87.5,True,0.039470145318359809,448,ok,0.0569390387061086,-0.017468893387748791
D235_F03_V01,235,3,xp,five_position_common,detrended_51,448,4,0.5,0.66666666666666663,0.58333333333333337,1,0,25,12.5,True,0.13887478480475202,448,ok,0.1424977171741047,-0.0036229323693526827
D235_F03_V01,235,3,xp,five_position_common,detrended_51,448,4,0.5,0.66666666666666663,0.58333333333333337,2,25,50,37.5,True,0.10953335729838574,448,ok,0.10318174963235202,0.0063516076660337234
D235_F03_V01,235,3,xp,five_position_common,detrended_51,448,4,0.5,0.66666666666666663,0.58333333333333337,3,50,75,62.5,True,0.14516657812741166,448,ok,0.12022541046644544,0.024941167660966213
D235_F03_V01,235,3,xp,five_position_common,detrended_51,448,4,0.5,0.66666666666666663,0.58333333333333337,4,75,100,87.5,True,0.067076592261389151,448,ok,0.065318682090142285,0.0017579101712468653
D235_F03_V01,235,3,xp,five_position_common,detrended_51,448,5,0.66666666666666663,0.83333333333333337,0.75,1,0,25,12.5,True,0.17031441994938704,448,ok,0.17877118905332007,-0.0084567691039330317
D235_F03_V01,235,3,xp,five_position_common,detrended_51,448,5,0.66666666666666663,0.83333333333333337,0.75,2,25,50,37.5,True,0.11065882916953701,448,ok,0.11566611316413675,-0.0050072839945997372
D235_F03_V01,235,3,xp,five_position_common,detrended_51,448,5,0.66666666666666663,0.83333333333333337,0.75,3,50,75,62.5,True,0.12889723934843134,448,ok,0.13813014699440754,-0.0092329076459762016
D235_F03_V01,235,3,xp,five_position_common,detrended_51,448,5,0.66666666666666663,0.83333333333333337,0.75,4,75,100,87.5,True,0.094902265178509942,448,ok,0.089484866553484033,0.0054173986250259099
D235_F03_V01,235,3,xp,five_position_common,detrended_51,448,6,0.83333333333333337,1,0.91666666666666663,1,0,25,12.5,True,0.12829507376115301,448,ok,0.12640084709855395,0.0018942266625990578
D235_F03_V01,235,3,xp,five_position_common,detrended_51,448,6,0.83333333333333337,1,0.91666666666666663,2,25,50,37.5,True,0.10093031443623225,448,ok,0.08119975800971603,0.019730556426516221
D235_F03_V01,235,3,xp,five_position_common,detrended_51,448,6,0.83333333333333337,1,0.91666666666666663,3,50,75,62.5,True,0.1593501959160061,448,ok,0.11221099979062291,0.047139196125383198
D235_F03_V01,235,3,xp,five_position_common,detrended_51,448,6,0.83333333333333337,1,0.91666666666666663,4,75,100,87.5,True,0.13941994317027201,448,ok,0.12317591252510666,0.016244030645165344
D235_F03_V01,235,3,xm,five_position_common,detrended_51,448,3,0.33333333333333331,0.5,0.41666666666666669,1,0,25,12.5,True,0.19701926062771613,448,ok,0.19222896625795635,0.0047902943697597788
D235_F03_V01,235,3,xm,five_position_common,detrended_51,448,3,0.33333333333333331,0.5,0.41666666666666669,2,25,50,37.5,True,0.11049195816853695,448,ok,0.13232375457127996,-0.021831796402743006
D235_F03_V01,235,3,xm,five_position_common,detrended_51,448,3,0.33333333333333331,0.5,0.41666666666666669,3,50,75,62.5,True,0.20070411809403033,448,ok,0.17976293359703324,0.020941184496997084
D235_F03_V01,235,3,xm,five_position_common,detrended_51,448,3,0.33333333333333331,0.5,0.41666666666666669,4,75,100,87.5,True,0.07617108890250647,448,ok,0.0569390387061086,0.019232050196397871
D235_F03_V01,235,3,xm,five_position_common,detrended_51,448,4,0.5,0.66666666666666663,0.58333333333333337,1,0,25,12.5,True,0.15868972148369084,448,ok,0.1424977171741047,0.016192004309586144
D235_F03_V01,235,3,xm,five_position_common,detrended_51,448,4,0.5,0.66666666666666663,0.58333333333333337,2,25,50,37.5,True,0.10734762467612456,448,ok,0.10318174963235202,0.0041658750437725406
D235_F03_V01,235,3,xm,five_position_common,detrended_51,448,4,0.5,0.66666666666666663,0.58333333333333337,3,50,75,62.5,True,0.12987466926308086,448,ok,0.12022541046644544,0.0096492587966354182
D235_F03_V01,235,3,xm,five_position_common,detrended_51,448,4,0.5,0.66666666666666663,0.58333333333333337,4,75,100,87.5,True,0.077344404631373653,448,ok,0.065318682090142285,0.012025722541231368
D235_F03_V01,235,3,xm,five_position_common,detrended_51,448,5,0.66666666666666663,0.83333333333333337,0.75,1,0,25,12.5,True,0.2062522254448354,448,ok,0.17877118905332007,0.027481036391515334
D235_F03_V01,235,3,xm,five_position_common,detrended_51,448,5,0.66666666666666663,0.83333333333333337,0.75,2,25,50,37.5,True,0.12864176760574259,448,ok,0.11566611316413675,0.012975654441605838
D235_F03_V01,235,3,xm,five_position_common,detrended_51,448,5,0.66666666666666663,0.83333333333333337,0.75,3,50,75,62.5,True,0.14145391809435584,448,ok,0.13813014699440754,0.0033237710999483028
D235_F03_V01,235,3,xm,five_position_common,detrended_51,448,5,0.66666666666666663,0.83333333333333337,0.75,4,75,100,87.5,True,0.067598066804008802,448,ok,0.089484866553484033,-0.02188679974947523
D235_F03_V01,235,3,xm,five_position_common,detrended_51,448,6,0.83333333333333337,1,0.91666666666666663,1,0,25,12.5,True,0.11972730901633531,448,ok,0.12640084709855395,-0.0066735380822186413
D235_F03_V01,235,3,xm,five_position_common,detrended_51,448,6,0.83333333333333337,1,0.91666666666666663,2,25,50,37.5,True,0.049878978540558616,448,ok,0.08119975800971603,-0.031320779469157414
D235_F03_V01,235,3,xm,five_position_common,detrended_51,448,6,0.83333333333333337,1,0.91666666666666663,3,50,75,62.5,True,0.080793373831514859,448,ok,0.11221099979062291,-0.031417625959108048
D235_F03_V01,235,3,xm,five_position_common,detrended_51,448,6,0.83333333333333337,1,0.91666666666666663,4,75,100,87.5,True,0.097679193686798255,448,ok,0.12317591252510666,-0.02549671883830841
D235_F03_V01,235,3,zp,five_position_common,detrended_51,448,3,0.33333333333333331,0.5,0.41666666666666669,1,0,25,12.5,True,0.1345189092885555,448,ok,0.19222896625795635,-0.057710056969400847
D235_F03_V01,235,3,zp,five_position_common,detrended_51,448,3,0.33333333333333331,0.5,0.41666666666666669,2,25,50,37.5,True,0.122608898365878,448,ok,0.13232375457127996,-0.0097148562054019533
D235_F03_V01,235,3,zp,five_position_common,detrended_51,448,3,0.33333333333333331,0.5,0.41666666666666669,3,50,75,62.5,True,0.11319739668288735,448,ok,0.17976293359703324,-0.066565536914145892
D235_F03_V01,235,3,zp,five_position_common,detrended_51,448,3,0.33333333333333331,0.5,0.41666666666666669,4,75,100,87.5,True,0.052529489006985008,448,ok,0.0569390387061086,-0.0044095496991235911
D235_F03_V01,235,3,zp,five_position_common,detrended_51,448,4,0.5,0.66666666666666663,0.58333333333333337,1,0,25,12.5,True,0.17998017988909359,448,ok,0.1424977171741047,0.037482462714988896
D235_F03_V01,235,3,zp,five_position_common,detrended_51,448,4,0.5,0.66666666666666663,0.58333333333333337,2,25,50,37.5,True,0.11975472229056475,448,ok,0.10318174963235202,0.016572972658212726
D235_F03_V01,235,3,zp,five_position_common,detrended_51,448,4,0.5,0.66666666666666663,0.58333333333333337,3,50,75,62.5,True,0.10463381108906666,448,ok,0.12022541046644544,-0.015591599377378779
D235_F03_V01,235,3,zp,five_position_common,detrended_51,448,4,0.5,0.66666666666666663,0.58333333333333337,4,75,100,87.5,True,0.083250507407489988,448,ok,0.065318682090142285,0.017931825317347702
D235_F03_V01,235,3,zp,five_position_common,detrended_51,448,5,0.66666666666666663,0.83333333333333337,0.75,1,0,25,12.5,True,0.11448129751355621,448,ok,0.17877118905332007,-0.06428989153976386
D235_F03_V01,235,3,zp,five_position_common,detrended_51,448,5,0.66666666666666663,0.83333333333333337,0.75,2,25,50,37.5,True,0.071573348946359208,448,ok,0.11566611316413675,-0.044092764217777539
D235_F03_V01,235,3,zp,five_position_common,detrended_51,448,5,0.66666666666666663,0.83333333333333337,0.75,3,50,75,62.5,True,0.094346991877454114,448,ok,0.13813014699440754,-0.043783155116953423
D235_F03_V01,235,3,zp,five_position_common,detrended_51,448,5,0.66666666666666663,0.83333333333333337,0.75,4,75,100,87.5,True,0.078768249243027999,448,ok,0.089484866553484033,-0.010716617310456034
D235_F03_V01,235,3,zp,five_position_common,detrended_51,448,6,0.83333333333333337,1,0.91666666666666663,1,0,25,12.5,True,0.14707437454787825,448,ok,0.12640084709855395,0.020673527449324297
D235_F03_V01,235,3,zp,five_position_common,detrended_51,448,6,0.83333333333333337,1,0.91666666666666663,2,25,50,37.5,True,0.11944404489899803,448,ok,0.08119975800971603,0.038244286889281998
D235_F03_V01,235,3,zp,five_position_common,detrended_51,448,6,0.83333333333333337,1,0.91666666666666663,3,50,75,62.5,True,0.16823608718300254,448,ok,0.11221099979062291,0.05602508739237963
D235_F03_V01,235,3,zp,five_position_common,detrended_51,448,6,0.83333333333333337,1,0.91666666666666663,4,75,100,87.5,True,0.10043871051801738,448,ok,0.12317591252510666,-0.022737202007089286
D235_F03_V01,235,3,zm,five_position_common,detrended_51,448,3,0.33333333333333331,0.5,0.41666666666666669,1,0,25,12.5,True,0.17187169111886563,448,ok,0.19222896625795635,-0.020357275139090719
D235_F03_V01,235,3,zm,five_position_common,detrended_51,448,3,0.33333333333333331,0.5,0.41666666666666669,2,25,50,37.5,True,0.1405620352741114,448,ok,0.13232375457127996,0.0082382807028314464
D235_F03_V01,235,3,zm,five_position_common,detrended_51,448,3,0.33333333333333331,0.5,0.41666666666666669,3,50,75,62.5,True,0.2101676226264951,448,ok,0.17976293359703324,0.030404689029461862
D235_F03_V01,235,3,zm,five_position_common,detrended_51,448,3,0.33333333333333331,0.5,0.41666666666666669,4,75,100,87.5,True,0.057966648975095618,448,ok,0.0569390387061086,0.0010276102689870184
D235_F03_V01,235,3,zm,five_position_common,detrended_51,448,4,0.5,0.66666666666666663,0.58333333333333337,1,0,25,12.5,True,0.10519580931837162,448,ok,0.1424977171741047,-0.037301907855733077
D235_F03_V01,235,3,zm,five_position_common,detrended_51,448,4,0.5,0.66666666666666663,0.58333333333333337,2,25,50,37.5,True,0.10079466952217155,448,ok,0.10318174963235202,-0.0023870801101804756
D235_F03_V01,235,3,zm,five_position_common,detrended_51,448,4,0.5,0.66666666666666663,0.58333333333333337,3,50,75,62.5,True,0.13267676757619734,448,ok,0.12022541046644544,0.012451357109751898
D235_F03_V01,235,3,zm,five_position_common,detrended_51,448,4,0.5,0.66666666666666663,0.58333333333333337,4,75,100,87.5,True,0.05930539029738436,448,ok,0.065318682090142285,-0.0060132917927579257
D235_F03_V01,235,3,zm,five_position_common,detrended_51,448,5,0.66666666666666663,0.83333333333333337,0.75,1,0,25,12.5,True,0.17015139297026502,448,ok,0.17877118905332007,-0.008619796083055048
D235_F03_V01,235,3,zm,five_position_common,detrended_51,448,5,0.66666666666666663,0.83333333333333337,0.75,2,25,50,37.5,True,0.17511118774667561,448,ok,0.11566611316413675,0.059445074582538865
D235_F03_V01,235,3,zm,five_position_common,detrended_51,448,5,0.66666666666666663,0.83333333333333337,0.75,3,50,75,62.5,True,0.16671031912849596,448,ok,0.13813014699440754,0.028580172134088422
D235_F03_V01,235,3,zm,five_position_common,detrended_51,448,5,0.66666666666666663,0.83333333333333337,0.75,4,75,100,87.5,True,0.11998766031116528,448,ok,0.089484866553484033,0.030502793757681251
D235_F03_V01,235,3,zm,five_position_common,detrended_51,448,6,0.83333333333333337,1,0.91666666666666663,1,0,25,12.5,True,0.084722992535910743,448,ok,0.12640084709855395,-0.04167785456264321
D235_F03_V01,235,3,zm,five_position_common,detrended_51,448,6,0.83333333333333337,1,0.91666666666666663,2,25,50,37.5,True,0.067378081158763148,448,ok,0.08119975800971603,-0.013821676850952883
D235_F03_V01,235,3,zm,five_position_common,detrended_51,448,6,0.83333333333333337,1,0.91666666666666663,3,50,75,62.5,True,0.12186976336481387,448,ok,0.11221099979062291,0.0096587635741909594
D235_F03_V01,235,3,zm,five_position_common,detrended_51,448,6,0.83333333333333337,1,0.91666666666666663,4,75,100,87.5,True,0.14353912325347623,448,ok,0.12317591252510666,0.020363210728369566
D235_F05_V01,235,5,baseline,five_position_common,detrended_51,424,3,0.33333333333333331,0.5,0.41666666666666669,1,0,25,12.5,True,0.20767248972574973,424,ok,0.20767248972574973,0
D235_F05_V01,235,5,baseline,five_position_common,detrended_51,424,3,0.33333333333333331,0.5,0.41666666666666669,2,25,50,37.5,True,0.1310206671844851,424,ok,0.1310206671844851,0
D235_F05_V01,235,5,baseline,five_position_common,detrended_51,424,3,0.33333333333333331,0.5,0.41666666666666669,3,50,75,62.5,True,0.17710350647057022,424,ok,0.17710350647057022,0
D235_F05_V01,235,5,baseline,five_position_common,detrended_51,424,3,0.33333333333333331,0.5,0.41666666666666669,4,75,100,87.5,True,0.1482173385895309,424,ok,0.1482173385895309,0
D235_F05_V01,235,5,baseline,five_position_common,detrended_51,424,4,0.5,0.66666666666666663,0.58333333333333337,1,0,25,12.5,True,0.16771008391785638,424,ok,0.16771008391785638,0
D235_F05_V01,235,5,baseline,five_position_common,detrended_51,424,4,0.5,0.66666666666666663,0.58333333333333337,2,25,50,37.5,True,0.1734814078632502,424,ok,0.1734814078632502,0
D235_F05_V01,235,5,baseline,five_position_common,detrended_51,424,4,0.5,0.66666666666666663,0.58333333333333337,3,50,75,62.5,True,0.1299685101288387,424,ok,0.1299685101288387,0
D235_F05_V01,235,5,baseline,five_position_common,detrended_51,424,4,0.5,0.66666666666666663,0.58333333333333337,4,75,100,87.5,True,0.15506128864112795,424,ok,0.15506128864112795,0
D235_F05_V01,235,5,baseline,five_position_common,detrended_51,424,5,0.66666666666666663,0.83333333333333337,0.75,1,0,25,12.5,True,0.17863954783049513,424,ok,0.17863954783049513,0
D235_F05_V01,235,5,baseline,five_position_common,detrended_51,424,5,0.66666666666666663,0.83333333333333337,0.75,2,25,50,37.5,True,0.14909586298839622,424,ok,0.14909586298839622,0
D235_F05_V01,235,5,baseline,five_position_common,detrended_51,424,5,0.66666666666666663,0.83333333333333337,0.75,3,50,75,62.5,True,0.17759822041422912,424,ok,0.17759822041422912,0
D235_F05_V01,235,5,baseline,five_position_common,detrended_51,424,5,0.66666666666666663,0.83333333333333337,0.75,4,75,100,87.5,True,0.18625617538724032,424,ok,0.18625617538724032,0
D235_F05_V01,235,5,baseline,five_position_common,detrended_51,424,6,0.83333333333333337,1,0.91666666666666663,1,0,25,12.5,True,0.15021891045386018,424,ok,0.15021891045386018,0
D235_F05_V01,235,5,baseline,five_position_common,detrended_51,424,6,0.83333333333333337,1,0.91666666666666663,2,25,50,37.5,True,0.14478004435762676,424,ok,0.14478004435762676,0
D235_F05_V01,235,5,baseline,five_position_common,detrended_51,424,6,0.83333333333333337,1,0.91666666666666663,3,50,75,62.5,True,0.16877525966580118,424,ok,0.16877525966580118,0
D235_F05_V01,235,5,baseline,five_position_common,detrended_51,424,6,0.83333333333333337,1,0.91666666666666663,4,75,100,87.5,True,0.18295839981497297,424,ok,0.18295839981497297,0
D235_F05_V01,235,5,xp,five_position_common,detrended_51,424,3,0.33333333333333331,0.5,0.41666666666666669,1,0,25,12.5,True,0.19743892292598703,424,ok,0.20767248972574973,-0.0102335667997627
D235_F05_V01,235,5,xp,five_position_common,detrended_51,424,3,0.33333333333333331,0.5,0.41666666666666669,2,25,50,37.5,True,0.11520566621116995,424,ok,0.1310206671844851,-0.015815000973315146
D235_F05_V01,235,5,xp,five_position_common,detrended_51,424,3,0.33333333333333331,0.5,0.41666666666666669,3,50,75,62.5,True,0.17254225568969883,424,ok,0.17710350647057022,-0.0045612507808713842
D235_F05_V01,235,5,xp,five_position_common,detrended_51,424,3,0.33333333333333331,0.5,0.41666666666666669,4,75,100,87.5,True,0.11745870292718776,424,ok,0.1482173385895309,-0.030758635662343145
D235_F05_V01,235,5,xp,five_position_common,detrended_51,424,4,0.5,0.66666666666666663,0.58333333333333337,1,0,25,12.5,True,0.1830209783838678,424,ok,0.16771008391785638,0.015310894466011415
D235_F05_V01,235,5,xp,five_position_common,detrended_51,424,4,0.5,0.66666666666666663,0.58333333333333337,2,25,50,37.5,True,0.15886628547679171,424,ok,0.1734814078632502,-0.014615122386458484
D235_F05_V01,235,5,xp,five_position_common,detrended_51,424,4,0.5,0.66666666666666663,0.58333333333333337,3,50,75,62.5,True,0.11212013015025418,424,ok,0.1299685101288387,-0.017848379978584517
D235_F05_V01,235,5,xp,five_position_common,detrended_51,424,4,0.5,0.66666666666666663,0.58333333333333337,4,75,100,87.5,True,0.11790509607683723,424,ok,0.15506128864112795,-0.037156192564290716
D235_F05_V01,235,5,xp,five_position_common,detrended_51,424,5,0.66666666666666663,0.83333333333333337,0.75,1,0,25,12.5,True,0.1677271116303457,424,ok,0.17863954783049513,-0.010912436200149422
D235_F05_V01,235,5,xp,five_position_common,detrended_51,424,5,0.66666666666666663,0.83333333333333337,0.75,2,25,50,37.5,True,0.14778922270794087,424,ok,0.14909586298839622,-0.0013066402804553512
D235_F05_V01,235,5,xp,five_position_common,detrended_51,424,5,0.66666666666666663,0.83333333333333337,0.75,3,50,75,62.5,True,0.16474816890538105,424,ok,0.17759822041422912,-0.012850051508848076
D235_F05_V01,235,5,xp,five_position_common,detrended_51,424,5,0.66666666666666663,0.83333333333333337,0.75,4,75,100,87.5,True,0.21198165260926299,424,ok,0.18625617538724032,0.025725477222022675
D235_F05_V01,235,5,xp,five_position_common,detrended_51,424,6,0.83333333333333337,1,0.91666666666666663,1,0,25,12.5,True,0.16830093745963684,424,ok,0.15021891045386018,0.018082027005776657
D235_F05_V01,235,5,xp,five_position_common,detrended_51,424,6,0.83333333333333337,1,0.91666666666666663,2,25,50,37.5,True,0.13013160727436315,424,ok,0.14478004435762676,-0.014648437083263605
D235_F05_V01,235,5,xp,five_position_common,detrended_51,424,6,0.83333333333333337,1,0.91666666666666663,3,50,75,62.5,True,0.15662912732141174,424,ok,0.16877525966580118,-0.012146132344389438
D235_F05_V01,235,5,xp,five_position_common,detrended_51,424,6,0.83333333333333337,1,0.91666666666666663,4,75,100,87.5,True,0.16277254196033111,424,ok,0.18295839981497297,-0.020185857854641859
D235_F05_V01,235,5,xm,five_position_common,detrended_51,424,3,0.33333333333333331,0.5,0.41666666666666669,1,0,25,12.5,True,0.21280406056467799,424,ok,0.20767248972574973,0.0051315708389282622
D235_F05_V01,235,5,xm,five_position_common,detrended_51,424,3,0.33333333333333331,0.5,0.41666666666666669,2,25,50,37.5,True,0.1271160905056955,424,ok,0.1310206671844851,-0.0039045766787896008
D235_F05_V01,235,5,xm,five_position_common,detrended_51,424,3,0.33333333333333331,0.5,0.41666666666666669,3,50,75,62.5,True,0.16761145738797234,424,ok,0.17710350647057022,-0.0094920490825978754
D235_F05_V01,235,5,xm,five_position_common,detrended_51,424,3,0.33333333333333331,0.5,0.41666666666666669,4,75,100,87.5,True,0.13979100689518004,424,ok,0.1482173385895309,-0.0084263316943508637
D235_F05_V01,235,5,xm,five_position_common,detrended_51,424,4,0.5,0.66666666666666663,0.58333333333333337,1,0,25,12.5,True,0.16623764330917987,424,ok,0.16771008391785638,-0.0014724406086765174
D235_F05_V01,235,5,xm,five_position_common,detrended_51,424,4,0.5,0.66666666666666663,0.58333333333333337,2,25,50,37.5,True,0.16748120762390986,424,ok,0.1734814078632502,-0.0060002002393403364
D235_F05_V01,235,5,xm,five_position_common,detrended_51,424,4,0.5,0.66666666666666663,0.58333333333333337,3,50,75,62.5,True,0.14483611837784596,424,ok,0.1299685101288387,0.014867608249007264
D235_F05_V01,235,5,xm,five_position_common,detrended_51,424,4,0.5,0.66666666666666663,0.58333333333333337,4,75,100,87.5,True,0.14930351702255268,424,ok,0.15506128864112795,-0.0057577716185752692
D235_F05_V01,235,5,xm,five_position_common,detrended_51,424,5,0.66666666666666663,0.83333333333333337,0.75,1,0,25,12.5,True,0.17900865676373534,424,ok,0.17863954783049513,0.00036910893324021421
D235_F05_V01,235,5,xm,five_position_common,detrended_51,424,5,0.66666666666666663,0.83333333333333337,0.75,2,25,50,37.5,True,0.13843535187391531,424,ok,0.14909586298839622,-0.010660511114480908
D235_F05_V01,235,5,xm,five_position_common,detrended_51,424,5,0.66666666666666663,0.83333333333333337,0.75,3,50,75,62.5,True,0.16627603027021218,424,ok,0.17759822041422912,-0.011322190144016947
D235_F05_V01,235,5,xm,five_position_common,detrended_51,424,5,0.66666666666666663,0.83333333333333337,0.75,4,75,100,87.5,True,0.15225312028616714,424,ok,0.18625617538724032,-0.034003055101073182
D235_F05_V01,235,5,xm,five_position_common,detrended_51,424,6,0.83333333333333337,1,0.91666666666666663,1,0,25,12.5,True,0.14206702380788672,424,ok,0.15021891045386018,-0.0081518866459734662
D235_F05_V01,235,5,xm,five_position_common,detrended_51,424,6,0.83333333333333337,1,0.91666666666666663,2,25,50,37.5,True,0.089756742177503873,424,ok,0.14478004435762676,-0.055023302180122885
D235_F05_V01,235,5,xm,five_position_common,detrended_51,424,6,0.83333333333333337,1,0.91666666666666663,3,50,75,62.5,True,0.17343347040581023,424,ok,0.16877525966580118,0.00465821074000905
D235_F05_V01,235,5,xm,five_position_common,detrended_51,424,6,0.83333333333333337,1,0.91666666666666663,4,75,100,87.5,True,0.1687584139294489,424,ok,0.18295839981497297,-0.014199985885524069
D235_F05_V01,235,5,zp,five_position_common,detrended_51,424,3,0.33333333333333331,0.5,0.41666666666666669,1,0,25,12.5,True,0.21871665191977921,424,ok,0.20767248972574973,0.011044162194029483
D235_F05_V01,235,5,zp,five_position_common,detrended_51,424,3,0.33333333333333331,0.5,0.41666666666666669,2,25,50,37.5,True,0.13774404580608143,424,ok,0.1310206671844851,0.006723378621596332
D235_F05_V01,235,5,zp,five_position_common,detrended_51,424,3,0.33333333333333331,0.5,0.41666666666666669,3,50,75,62.5,True,0.11424864400577751,424,ok,0.17710350647057022,-0.062854862464792702
D235_F05_V01,235,5,zp,five_position_common,detrended_51,424,3,0.33333333333333331,0.5,0.41666666666666669,4,75,100,87.5,True,0.16271891780696518,424,ok,0.1482173385895309,0.014501579217434279
D235_F05_V01,235,5,zp,five_position_common,detrended_51,424,4,0.5,0.66666666666666663,0.58333333333333337,1,0,25,12.5,True,0.15846885883105777,424,ok,0.16771008391785638,-0.0092412250867986157
D235_F05_V01,235,5,zp,five_position_common,detrended_51,424,4,0.5,0.66666666666666663,0.58333333333333337,2,25,50,37.5,True,0.14793920373580563,424,ok,0.1734814078632502,-0.025542204127444568
D235_F05_V01,235,5,zp,five_position_common,detrended_51,424,4,0.5,0.66666666666666663,0.58333333333333337,3,50,75,62.5,True,0.082167862236450312,424,ok,0.1299685101288387,-0.047800647892388387
D235_F05_V01,235,5,zp,five_position_common,detrended_51,424,4,0.5,0.66666666666666663,0.58333333333333337,4,75,100,87.5,True,0.16005032094286864,424,ok,0.15506128864112795,0.0049890323017406923
D235_F05_V01,235,5,zp,five_position_common,detrended_51,424,5,0.66666666666666663,0.83333333333333337,0.75,1,0,25,12.5,True,0.20560156050847975,424,ok,0.17863954783049513,0.02696201267798462
D235_F05_V01,235,5,zp,five_position_common,detrended_51,424,5,0.66666666666666663,0.83333333333333337,0.75,2,25,50,37.5,True,0.19187677649801246,424,ok,0.14909586298839622,0.042780913509616242
D235_F05_V01,235,5,zp,five_position_common,detrended_51,424,5,0.66666666666666663,0.83333333333333337,0.75,3,50,75,62.5,True,0.17100509132739805,424,ok,0.17759822041422912,-0.0065931290868310732
D235_F05_V01,235,5,zp,five_position_common,detrended_51,424,5,0.66666666666666663,0.83333333333333337,0.75,4,75,100,87.5,True,0.23719246481515247,424,ok,0.18625617538724032,0.050936289427912146
D235_F05_V01,235,5,zp,five_position_common,detrended_51,424,6,0.83333333333333337,1,0.91666666666666663,1,0,25,12.5,True,0.14785375423500824,424,ok,0.15021891045386018,-0.0023651562188519437
D235_F05_V01,235,5,zp,five_position_common,detrended_51,424,6,0.83333333333333337,1,0.91666666666666663,2,25,50,37.5,True,0.11517427092286679,424,ok,0.14478004435762676,-0.029605773434759966
D235_F05_V01,235,5,zp,five_position_common,detrended_51,424,6,0.83333333333333337,1,0.91666666666666663,3,50,75,62.5,True,0.14402071401697977,424,ok,0.16877525966580118,-0.024754545648821402
D235_F05_V01,235,5,zp,five_position_common,detrended_51,424,6,0.83333333333333337,1,0.91666666666666663,4,75,100,87.5,True,0.16464546810632105,424,ok,0.18295839981497297,-0.018312931708651919
D235_F05_V01,235,5,zm,five_position_common,detrended_51,424,3,0.33333333333333331,0.5,0.41666666666666669,1,0,25,12.5,True,0.19722058024868014,424,ok,0.20767248972574973,-0.010451909477069588
D235_F05_V01,235,5,zm,five_position_common,detrended_51,424,3,0.33333333333333331,0.5,0.41666666666666669,2,25,50,37.5,True,0.14407988301400759,424,ok,0.1310206671844851,0.013059215829522491
D235_F05_V01,235,5,zm,five_position_common,detrended_51,424,3,0.33333333333333331,0.5,0.41666666666666669,3,50,75,62.5,True,0.17353597693347411,424,ok,0.17710350647057022,-0.0035675295370961035
D235_F05_V01,235,5,zm,five_position_common,detrended_51,424,3,0.33333333333333331,0.5,0.41666666666666669,4,75,100,87.5,True,0.13133386951312587,424,ok,0.1482173385895309,-0.016883469076405033
D235_F05_V01,235,5,zm,five_position_common,detrended_51,424,4,0.5,0.66666666666666663,0.58333333333333337,1,0,25,12.5,True,0.19432599572230699,424,ok,0.16771008391785638,0.026615911804450609
D235_F05_V01,235,5,zm,five_position_common,detrended_51,424,4,0.5,0.66666666666666663,0.58333333333333337,2,25,50,37.5,True,0.19197631750556707,424,ok,0.1734814078632502,0.01849490964231687
D235_F05_V01,235,5,zm,five_position_common,detrended_51,424,4,0.5,0.66666666666666663,0.58333333333333337,3,50,75,62.5,True,0.16550928139811022,424,ok,0.1299685101288387,0.035540771269271521
D235_F05_V01,235,5,zm,five_position_common,detrended_51,424,4,0.5,0.66666666666666663,0.58333333333333337,4,75,100,87.5,True,0.12258173803005394,424,ok,0.15506128864112795,-0.032479550611074007
D235_F05_V01,235,5,zm,five_position_common,detrended_51,424,5,0.66666666666666663,0.83333333333333337,0.75,1,0,25,12.5,True,0.18173198170716198,424,ok,0.17863954783049513,0.0030924338766668558
D235_F05_V01,235,5,zm,five_position_common,detrended_51,424,5,0.66666666666666663,0.83333333333333337,0.75,2,25,50,37.5,True,0.17280939918707697,424,ok,0.14909586298839622,0.023713536198680746
D235_F05_V01,235,5,zm,five_position_common,detrended_51,424,5,0.66666666666666663,0.83333333333333337,0.75,3,50,75,62.5,True,0.20987293252904754,424,ok,0.17759822041422912,0.032274712114818416
D235_F05_V01,235,5,zm,five_position_common,detrended_51,424,5,0.66666666666666663,0.83333333333333337,0.75,4,75,100,87.5,True,0.15029637149822098,424,ok,0.18625617538724032,-0.035959803889019343
D235_F05_V01,235,5,zm,five_position_common,detrended_51,424,6,0.83333333333333337,1,0.91666666666666663,1,0,25,12.5,True,0.14032980364362718,424,ok,0.15021891045386018,-0.0098891068102330004
D235_F05_V01,235,5,zm,five_position_common,detrended_51,424,6,0.83333333333333337,1,0.91666666666666663,2,25,50,37.5,True,0.12216505155416321,424,ok,0.14478004435762676,-0.022614992803463546
D235_F05_V01,235,5,zm,five_position_common,detrended_51,424,6,0.83333333333333337,1,0.91666666666666663,3,50,75,62.5,True,0.16801942244192339,424,ok,0.16877525966580118,-0.00075583722387778662
D235_F05_V01,235,5,zm,five_position_common,detrended_51,424,6,0.83333333333333337,1,0.91666666666666663,4,75,100,87.5,True,0.14273198603736506,424,ok,0.18295839981497297,-0.040226413777607911
D235_F07_V01,235,7,baseline,five_position_common,detrended_51,444,3,0.33333333333333331,0.5,0.41666666666666669,1,0,25,12.5,True,0.19372045319919728,444,ok,0.19372045319919728,0
D235_F07_V01,235,7,baseline,five_position_common,detrended_51,444,3,0.33333333333333331,0.5,0.41666666666666669,2,25,50,37.5,True,0.17307192159018697,444,ok,0.17307192159018697,0
D235_F07_V01,235,7,baseline,five_position_common,detrended_51,444,3,0.33333333333333331,0.5,0.41666666666666669,3,50,75,62.5,True,0.22133045242072749,444,ok,0.22133045242072749,0
D235_F07_V01,235,7,baseline,five_position_common,detrended_51,444,3,0.33333333333333331,0.5,0.41666666666666669,4,75,100,87.5,True,0.17050399387167486,444,ok,0.17050399387167486,0
D235_F07_V01,235,7,baseline,five_position_common,detrended_51,444,4,0.5,0.66666666666666663,0.58333333333333337,1,0,25,12.5,True,0.22875324937682484,444,ok,0.22875324937682484,0
D235_F07_V01,235,7,baseline,five_position_common,detrended_51,444,4,0.5,0.66666666666666663,0.58333333333333337,2,25,50,37.5,True,0.1468034642219487,444,ok,0.1468034642219487,0
D235_F07_V01,235,7,baseline,five_position_common,detrended_51,444,4,0.5,0.66666666666666663,0.58333333333333337,3,50,75,62.5,True,0.11831795766106105,444,ok,0.11831795766106105,0
D235_F07_V01,235,7,baseline,five_position_common,detrended_51,444,4,0.5,0.66666666666666663,0.58333333333333337,4,75,100,87.5,True,0.12907574281164333,444,ok,0.12907574281164333,0
D235_F07_V01,235,7,baseline,five_position_common,detrended_51,444,5,0.66666666666666663,0.83333333333333337,0.75,1,0,25,12.5,True,0.13920048944379823,444,ok,0.13920048944379823,0
D235_F07_V01,235,7,baseline,five_position_common,detrended_51,444,5,0.66666666666666663,0.83333333333333337,0.75,2,25,50,37.5,True,0.042664171826972429,444,ok,0.042664171826972429,0
D235_F07_V01,235,7,baseline,five_position_common,detrended_51,444,5,0.66666666666666663,0.83333333333333337,0.75,3,50,75,62.5,True,0.084608298696377635,444,ok,0.084608298696377635,0
D235_F07_V01,235,7,baseline,five_position_common,detrended_51,444,5,0.66666666666666663,0.83333333333333337,0.75,4,75,100,87.5,True,0.072228628179784857,444,ok,0.072228628179784857,0
D235_F07_V01,235,7,baseline,five_position_common,detrended_51,444,6,0.83333333333333337,1,0.91666666666666663,1,0,25,12.5,True,0.060120150226342366,444,ok,0.060120150226342366,0
D235_F07_V01,235,7,baseline,five_position_common,detrended_51,444,6,0.83333333333333337,1,0.91666666666666663,2,25,50,37.5,True,0.09709968029840825,444,ok,0.09709968029840825,0
D235_F07_V01,235,7,baseline,five_position_common,detrended_51,444,6,0.83333333333333337,1,0.91666666666666663,3,50,75,62.5,True,0.080328610311872981,444,ok,0.080328610311872981,0
D235_F07_V01,235,7,baseline,five_position_common,detrended_51,444,6,0.83333333333333337,1,0.91666666666666663,4,75,100,87.5,True,0.15544602704843075,444,ok,0.15544602704843075,0
D235_F07_V01,235,7,xp,five_position_common,detrended_51,444,3,0.33333333333333331,0.5,0.41666666666666669,1,0,25,12.5,True,0.19686925081918979,444,ok,0.19372045319919728,0.0031487976199925105
D235_F07_V01,235,7,xp,five_position_common,detrended_51,444,3,0.33333333333333331,0.5,0.41666666666666669,2,25,50,37.5,True,0.15137908247647425,444,ok,0.17307192159018697,-0.021692839113712725
D235_F07_V01,235,7,xp,five_position_common,detrended_51,444,3,0.33333333333333331,0.5,0.41666666666666669,3,50,75,62.5,True,0.2425438115742303,444,ok,0.22133045242072749,0.021213359153502809
D235_F07_V01,235,7,xp,five_position_common,detrended_51,444,3,0.33333333333333331,0.5,0.41666666666666669,4,75,100,87.5,True,0.18628010936121045,444,ok,0.17050399387167486,0.015776115489535586
D235_F07_V01,235,7,xp,five_position_common,detrended_51,444,4,0.5,0.66666666666666663,0.58333333333333337,1,0,25,12.5,True,0.2096263984497802,444,ok,0.22875324937682484,-0.019126850927044636
D235_F07_V01,235,7,xp,five_position_common,detrended_51,444,4,0.5,0.66666666666666663,0.58333333333333337,2,25,50,37.5,True,0.13252063585054316,444,ok,0.1468034642219487,-0.014282828371405543
D235_F07_V01,235,7,xp,five_position_common,detrended_51,444,4,0.5,0.66666666666666663,0.58333333333333337,3,50,75,62.5,True,0.12781155176675255,444,ok,0.11831795766106105,0.0094935941056914913
D235_F07_V01,235,7,xp,five_position_common,detrended_51,444,4,0.5,0.66666666666666663,0.58333333333333337,4,75,100,87.5,True,0.12544483510065471,444,ok,0.12907574281164333,-0.0036309077109886179
D235_F07_V01,235,7,xp,five_position_common,detrended_51,444,5,0.66666666666666663,0.83333333333333337,0.75,1,0,25,12.5,True,0.13026309529848434,444,ok,0.13920048944379823,-0.0089373941453138872
D235_F07_V01,235,7,xp,five_position_common,detrended_51,444,5,0.66666666666666663,0.83333333333333337,0.75,2,25,50,37.5,True,0.029434410294563597,444,ok,0.042664171826972429,-0.013229761532408832
D235_F07_V01,235,7,xp,five_position_common,detrended_51,444,5,0.66666666666666663,0.83333333333333337,0.75,3,50,75,62.5,True,0.081288619543909882,444,ok,0.084608298696377635,-0.0033196791524677527
D235_F07_V01,235,7,xp,five_position_common,detrended_51,444,5,0.66666666666666663,0.83333333333333337,0.75,4,75,100,87.5,True,0.096059854175916046,444,ok,0.072228628179784857,0.023831225996131189
D235_F07_V01,235,7,xp,five_position_common,detrended_51,444,6,0.83333333333333337,1,0.91666666666666663,1,0,25,12.5,True,0.091026787696169953,444,ok,0.060120150226342366,0.030906637469827587
D235_F07_V01,235,7,xp,five_position_common,detrended_51,444,6,0.83333333333333337,1,0.91666666666666663,2,25,50,37.5,True,0.14772098212651774,444,ok,0.09709968029840825,0.050621301828109491
D235_F07_V01,235,7,xp,five_position_common,detrended_51,444,6,0.83333333333333337,1,0.91666666666666663,3,50,75,62.5,True,0.10231934370372213,444,ok,0.080328610311872981,0.021990733391849149
D235_F07_V01,235,7,xp,five_position_common,detrended_51,444,6,0.83333333333333337,1,0.91666666666666663,4,75,100,87.5,True,0.16014166996761284,444,ok,0.15544602704843075,0.0046956429191820914
D235_F07_V01,235,7,xm,five_position_common,detrended_51,444,3,0.33333333333333331,0.5,0.41666666666666669,1,0,25,12.5,True,0.21171128960669192,444,ok,0.19372045319919728,0.017990836407494631
D235_F07_V01,235,7,xm,five_position_common,detrended_51,444,3,0.33333333333333331,0.5,0.41666666666666669,2,25,50,37.5,True,0.16439374080760794,444,ok,0.17307192159018697,-0.0086781807825790369
D235_F07_V01,235,7,xm,five_position_common,detrended_51,444,3,0.33333333333333331,0.5,0.41666666666666669,3,50,75,62.5,True,0.21702306180262756,444,ok,0.22133045242072749,-0.0043073906180999266
D235_F07_V01,235,7,xm,five_position_common,detrended_51,444,3,0.33333333333333331,0.5,0.41666666666666669,4,75,100,87.5,True,0.17378657231949526,444,ok,0.17050399387167486,0.0032825784478204001
D235_F07_V01,235,7,xm,five_position_common,detrended_51,444,4,0.5,0.66666666666666663,0.58333333333333337,1,0,25,12.5,True,0.21563986776781457,444,ok,0.22875324937682484,-0.013113381609010266
D235_F07_V01,235,7,xm,five_position_common,detrended_51,444,4,0.5,0.66666666666666663,0.58333333333333337,2,25,50,37.5,True,0.11158139264519373,444,ok,0.1468034642219487,-0.035222071576754971
D235_F07_V01,235,7,xm,five_position_common,detrended_51,444,4,0.5,0.66666666666666663,0.58333333333333337,3,50,75,62.5,True,0.097504005867852364,444,ok,0.11831795766106105,-0.02081395179320869
D235_F07_V01,235,7,xm,five_position_common,detrended_51,444,4,0.5,0.66666666666666663,0.58333333333333337,4,75,100,87.5,True,0.11655027218504467,444,ok,0.12907574281164333,-0.012525470626598659
D235_F07_V01,235,7,xm,five_position_common,detrended_51,444,5,0.66666666666666663,0.83333333333333337,0.75,1,0,25,12.5,True,0.1737901340692817,444,ok,0.13920048944379823,0.034589644625483473
D235_F07_V01,235,7,xm,five_position_common,detrended_51,444,5,0.66666666666666663,0.83333333333333337,0.75,2,25,50,37.5,True,0.097465669798846202,444,ok,0.042664171826972429,0.054801497971873774
D235_F07_V01,235,7,xm,five_position_common,detrended_51,444,5,0.66666666666666663,0.83333333333333337,0.75,3,50,75,62.5,True,0.12781015603256929,444,ok,0.084608298696377635,0.043201857336191654
D235_F07_V01,235,7,xm,five_position_common,detrended_51,444,5,0.66666666666666663,0.83333333333333337,0.75,4,75,100,87.5,True,0.12156292506140084,444,ok,0.072228628179784857,0.049334296881615988
D235_F07_V01,235,7,xm,five_position_common,detrended_51,444,6,0.83333333333333337,1,0.91666666666666663,1,0,25,12.5,True,0.04377014547004722,444,ok,0.060120150226342366,-0.016350004756295146
D235_F07_V01,235,7,xm,five_position_common,detrended_51,444,6,0.83333333333333337,1,0.91666666666666663,2,25,50,37.5,True,0.05820330692475028,444,ok,0.09709968029840825,-0.038896373373657971
D235_F07_V01,235,7,xm,five_position_common,detrended_51,444,6,0.83333333333333337,1,0.91666666666666663,3,50,75,62.5,True,0.076533677745375006,444,ok,0.080328610311872981,-0.0037949325664979744
D235_F07_V01,235,7,xm,five_position_common,detrended_51,444,6,0.83333333333333337,1,0.91666666666666663,4,75,100,87.5,True,0.10713579284596297,444,ok,0.15544602704843075,-0.048310234202467772
D235_F07_V01,235,7,zp,five_position_common,detrended_51,444,3,0.33333333333333331,0.5,0.41666666666666669,1,0,25,12.5,True,0.2037056814865259,444,ok,0.19372045319919728,0.009985228287328618
D235_F07_V01,235,7,zp,five_position_common,detrended_51,444,3,0.33333333333333331,0.5,0.41666666666666669,2,25,50,37.5,True,0.13874116823656754,444,ok,0.17307192159018697,-0.034330753353619431
D235_F07_V01,235,7,zp,five_position_common,detrended_51,444,3,0.33333333333333331,0.5,0.41666666666666669,3,50,75,62.5,True,0.21334750299043539,444,ok,0.22133045242072749,-0.0079829494302920967
D235_F07_V01,235,7,zp,five_position_common,detrended_51,444,3,0.33333333333333331,0.5,0.41666666666666669,4,75,100,87.5,True,0.18108829064592757,444,ok,0.17050399387167486,0.010584296774252711
D235_F07_V01,235,7,zp,five_position_common,detrended_51,444,4,0.5,0.66666666666666663,0.58333333333333337,1,0,25,12.5,True,0.1334924053055393,444,ok,0.22875324937682484,-0.095260844071285544
D235_F07_V01,235,7,zp,five_position_common,detrended_51,444,4,0.5,0.66666666666666663,0.58333333333333337,2,25,50,37.5,True,0.093136329480099853,444,ok,0.1468034642219487,-0.053667134741848851
D235_F07_V01,235,7,zp,five_position_common,detrended_51,444,4,0.5,0.66666666666666663,0.58333333333333337,3,50,75,62.5,True,0.09536756284635857,444,ok,0.11831795766106105,-0.022950394814702485
D235_F07_V01,235,7,zp,five_position_common,detrended_51,444,4,0.5,0.66666666666666663,0.58333333333333337,4,75,100,87.5,True,0.11907851866236208,444,ok,0.12907574281164333,-0.009997224149281253
D235_F07_V01,235,7,zp,five_position_common,detrended_51,444,5,0.66666666666666663,0.83333333333333337,0.75,1,0,25,12.5,True,0.091255179005900147,444,ok,0.13920048944379823,-0.047945310437898084
D235_F07_V01,235,7,zp,five_position_common,detrended_51,444,5,0.66666666666666663,0.83333333333333337,0.75,2,25,50,37.5,True,0.081542434779335024,444,ok,0.042664171826972429,0.038878262952362595
D235_F07_V01,235,7,zp,five_position_common,detrended_51,444,5,0.66666666666666663,0.83333333333333337,0.75,3,50,75,62.5,True,0.071146017463896358,444,ok,0.084608298696377635,-0.013462281232481277
D235_F07_V01,235,7,zp,five_position_common,detrended_51,444,5,0.66666666666666663,0.83333333333333337,0.75,4,75,100,87.5,True,0.10633183490822774,444,ok,0.072228628179784857,0.034103206728442886
D235_F07_V01,235,7,zp,five_position_common,detrended_51,444,6,0.83333333333333337,1,0.91666666666666663,1,0,25,12.5,True,0.083077694839651633,444,ok,0.060120150226342366,0.022957544613309268
D235_F07_V01,235,7,zp,five_position_common,detrended_51,444,6,0.83333333333333337,1,0.91666666666666663,2,25,50,37.5,True,0.14868561263644389,444,ok,0.09709968029840825,0.051585932338035642
D235_F07_V01,235,7,zp,five_position_common,detrended_51,444,6,0.83333333333333337,1,0.91666666666666663,3,50,75,62.5,True,0.052625912784595885,444,ok,0.080328610311872981,-0.027702697527277095
D235_F07_V01,235,7,zp,five_position_common,detrended_51,444,6,0.83333333333333337,1,0.91666666666666663,4,75,100,87.5,True,0.12026268470425536,444,ok,0.15544602704843075,-0.035183342344175389
D235_F07_V01,235,7,zm,five_position_common,detrended_51,444,3,0.33333333333333331,0.5,0.41666666666666669,1,0,25,12.5,True,0.20883865267065946,444,ok,0.19372045319919728,0.015118199471462174
D235_F07_V01,235,7,zm,five_position_common,detrended_51,444,3,0.33333333333333331,0.5,0.41666666666666669,2,25,50,37.5,True,0.17694760320369216,444,ok,0.17307192159018697,0.003875681613505183
D235_F07_V01,235,7,zm,five_position_common,detrended_51,444,3,0.33333333333333331,0.5,0.41666666666666669,3,50,75,62.5,True,0.20212271342995961,444,ok,0.22133045242072749,-0.019207738990767886
D235_F07_V01,235,7,zm,five_position_common,detrended_51,444,3,0.33333333333333331,0.5,0.41666666666666669,4,75,100,87.5,True,0.18375704462708961,444,ok,0.17050399387167486,0.013253050755414747
D235_F07_V01,235,7,zm,five_position_common,detrended_51,444,4,0.5,0.66666666666666663,0.58333333333333337,1,0,25,12.5,True,0.1869024425212949,444,ok,0.22875324937682484,-0.041850806855529943
D235_F07_V01,235,7,zm,five_position_common,detrended_51,444,4,0.5,0.66666666666666663,0.58333333333333337,2,25,50,37.5,True,0.14870140962715536,444,ok,0.1468034642219487,0.001897945405206658
D235_F07_V01,235,7,zm,five_position_common,detrended_51,444,4,0.5,0.66666666666666663,0.58333333333333337,3,50,75,62.5,True,0.12518017390882322,444,ok,0.11831795766106105,0.0068622162477621623
D235_F07_V01,235,7,zm,five_position_common,detrended_51,444,4,0.5,0.66666666666666663,0.58333333333333337,4,75,100,87.5,True,0.14023619019729175,444,ok,0.12907574281164333,0.01116044738564842
D235_F07_V01,235,7,zm,five_position_common,detrended_51,444,5,0.66666666666666663,0.83333333333333337,0.75,1,0,25,12.5,True,0.17125517622235004,444,ok,0.13920048944379823,0.032054686778551805
D235_F07_V01,235,7,zm,five_position_common,detrended_51,444,5,0.66666666666666663,0.83333333333333337,0.75,2,25,50,37.5,True,0.041486095531332999,444,ok,0.042664171826972429,-0.0011780762956394297
D235_F07_V01,235,7,zm,five_position_common,detrended_51,444,5,0.66666666666666663,0.83333333333333337,0.75,3,50,75,62.5,True,0.074834303754958961,444,ok,0.084608298696377635,-0.0097739949414186733
D235_F07_V01,235,7,zm,five_position_common,detrended_51,444,5,0.66666666666666663,0.83333333333333337,0.75,4,75,100,87.5,True,0.058382138895224006,444,ok,0.072228628179784857,-0.013846489284560851
D235_F07_V01,235,7,zm,five_position_common,detrended_51,444,6,0.83333333333333337,1,0.91666666666666663,1,0,25,12.5,True,0.13048958667116489,444,ok,0.060120150226342366,0.07036943644482252
D235_F07_V01,235,7,zm,five_position_common,detrended_51,444,6,0.83333333333333337,1,0.91666666666666663,2,25,50,37.5,True,0.043515425303191239,444,ok,0.09709968029840825,-0.053584254995217011
D235_F07_V01,235,7,zm,five_position_common,detrended_51,444,6,0.83333333333333337,1,0.91666666666666663,3,50,75,62.5,True,0.14709595027050124,444,ok,0.080328610311872981,0.066767339958628255
D235_F07_V01,235,7,zm,five_position_common,detrended_51,444,6,0.83333333333333337,1,0.91666666666666663,4,75,100,87.5,True,0.12969377631826928,444,ok,0.15544602704843075,-0.025752250730161463
D235_F10_V01,235,10,baseline,five_position_common,detrended_51,461,3,0.33333333333333331,0.5,0.41666666666666669,1,0,25,12.5,True,0.35441887317765325,461,ok,0.35441887317765325,0
D235_F10_V01,235,10,baseline,five_position_common,detrended_51,461,3,0.33333333333333331,0.5,0.41666666666666669,2,25,50,37.5,True,0.29492677318844501,461,ok,0.29492677318844501,0
D235_F10_V01,235,10,baseline,five_position_common,detrended_51,461,3,0.33333333333333331,0.5,0.41666666666666669,3,50,75,62.5,True,0.26028976052883307,461,ok,0.26028976052883307,0
D235_F10_V01,235,10,baseline,five_position_common,detrended_51,461,3,0.33333333333333331,0.5,0.41666666666666669,4,75,100,87.5,True,0.20165094505747905,461,ok,0.20165094505747905,0
D235_F10_V01,235,10,baseline,five_position_common,detrended_51,461,4,0.5,0.66666666666666663,0.58333333333333337,1,0,25,12.5,True,0.26096349477894742,461,ok,0.26096349477894742,0
D235_F10_V01,235,10,baseline,five_position_common,detrended_51,461,4,0.5,0.66666666666666663,0.58333333333333337,2,25,50,37.5,True,0.22724262949671128,461,ok,0.22724262949671128,0
D235_F10_V01,235,10,baseline,five_position_common,detrended_51,461,4,0.5,0.66666666666666663,0.58333333333333337,3,50,75,62.5,True,0.21379101276564433,461,ok,0.21379101276564433,0
D235_F10_V01,235,10,baseline,five_position_common,detrended_51,461,4,0.5,0.66666666666666663,0.58333333333333337,4,75,100,87.5,True,0.13995592397514101,461,ok,0.13995592397514101,0
D235_F10_V01,235,10,baseline,five_position_common,detrended_51,461,5,0.66666666666666663,0.83333333333333337,0.75,1,0,25,12.5,True,0.25281509096750826,461,ok,0.25281509096750826,0
D235_F10_V01,235,10,baseline,five_position_common,detrended_51,461,5,0.66666666666666663,0.83333333333333337,0.75,2,25,50,37.5,True,0.27332325183572748,461,ok,0.27332325183572748,0
D235_F10_V01,235,10,baseline,five_position_common,detrended_51,461,5,0.66666666666666663,0.83333333333333337,0.75,3,50,75,62.5,True,0.23822897220665401,461,ok,0.23822897220665401,0
D235_F10_V01,235,10,baseline,five_position_common,detrended_51,461,5,0.66666666666666663,0.83333333333333337,0.75,4,75,100,87.5,True,0.17340442129220404,461,ok,0.17340442129220404,0
D235_F10_V01,235,10,baseline,five_position_common,detrended_51,461,6,0.83333333333333337,1,0.91666666666666663,1,0,25,12.5,True,0.18328976512056991,461,ok,0.18328976512056991,0
D235_F10_V01,235,10,baseline,five_position_common,detrended_51,461,6,0.83333333333333337,1,0.91666666666666663,2,25,50,37.5,True,0.11503251962813714,461,ok,0.11503251962813714,0
D235_F10_V01,235,10,baseline,five_position_common,detrended_51,461,6,0.83333333333333337,1,0.91666666666666663,3,50,75,62.5,True,0.17215230572361398,461,ok,0.17215230572361398,0
D235_F10_V01,235,10,baseline,five_position_common,detrended_51,461,6,0.83333333333333337,1,0.91666666666666663,4,75,100,87.5,True,0.14495463635749109,461,ok,0.14495463635749109,0
D235_F10_V01,235,10,xp,five_position_common,detrended_51,461,3,0.33333333333333331,0.5,0.41666666666666669,1,0,25,12.5,True,0.34236867536876969,461,ok,0.35441887317765325,-0.012050197808883556
D235_F10_V01,235,10,xp,five_position_common,detrended_51,461,3,0.33333333333333331,0.5,0.41666666666666669,2,25,50,37.5,True,0.28256782049773194,461,ok,0.29492677318844501,-0.012358952690713076
D235_F10_V01,235,10,xp,five_position_common,detrended_51,461,3,0.33333333333333331,0.5,0.41666666666666669,3,50,75,62.5,True,0.25979325100451017,461,ok,0.26028976052883307,-0.00049650952432289674
D235_F10_V01,235,10,xp,five_position_common,detrended_51,461,3,0.33333333333333331,0.5,0.41666666666666669,4,75,100,87.5,True,0.17651552198396098,461,ok,0.20165094505747905,-0.025135423073518071
D235_F10_V01,235,10,xp,five_position_common,detrended_51,461,4,0.5,0.66666666666666663,0.58333333333333337,1,0,25,12.5,True,0.2489437863970517,461,ok,0.26096349477894742,-0.012019708381895727
D235_F10_V01,235,10,xp,five_position_common,detrended_51,461,4,0.5,0.66666666666666663,0.58333333333333337,2,25,50,37.5,True,0.22607132218499232,461,ok,0.22724262949671128,-0.0011713073117189665
D235_F10_V01,235,10,xp,five_position_common,detrended_51,461,4,0.5,0.66666666666666663,0.58333333333333337,3,50,75,62.5,True,0.1960985957018157,461,ok,0.21379101276564433,-0.017692417063828625
D235_F10_V01,235,10,xp,five_position_common,detrended_51,461,4,0.5,0.66666666666666663,0.58333333333333337,4,75,100,87.5,True,0.1048727065171875,461,ok,0.13995592397514101,-0.035083217457953508
D235_F10_V01,235,10,xp,five_position_common,detrended_51,461,5,0.66666666666666663,0.83333333333333337,0.75,1,0,25,12.5,True,0.23245045302206974,461,ok,0.25281509096750826,-0.020364637945438524
D235_F10_V01,235,10,xp,five_position_common,detrended_51,461,5,0.66666666666666663,0.83333333333333337,0.75,2,25,50,37.5,True,0.25841544760295954,461,ok,0.27332325183572748,-0.014907804232767941
D235_F10_V01,235,10,xp,five_position_common,detrended_51,461,5,0.66666666666666663,0.83333333333333337,0.75,3,50,75,62.5,True,0.2038118842035285,461,ok,0.23822897220665401,-0.034417088003125512
D235_F10_V01,235,10,xp,five_position_common,detrended_51,461,5,0.66666666666666663,0.83333333333333337,0.75,4,75,100,87.5,True,0.13460903250548806,461,ok,0.17340442129220404,-0.038795388786715984
D235_F10_V01,235,10,xp,five_position_common,detrended_51,461,6,0.83333333333333337,1,0.91666666666666663,1,0,25,12.5,True,0.18503476534266541,461,ok,0.18328976512056991,0.0017450002220955052
D235_F10_V01,235,10,xp,five_position_common,detrended_51,461,6,0.83333333333333337,1,0.91666666666666663,2,25,50,37.5,True,0.15424283356286903,461,ok,0.11503251962813714,0.039210313934731886
D235_F10_V01,235,10,xp,five_position_common,detrended_51,461,6,0.83333333333333337,1,0.91666666666666663,3,50,75,62.5,True,0.2095725350446265,461,ok,0.17215230572361398,0.037420229321012521
D235_F10_V01,235,10,xp,five_position_common,detrended_51,461,6,0.83333333333333337,1,0.91666666666666663,4,75,100,87.5,True,0.13776669212504689,461,ok,0.14495463635749109,-0.0071879442324442044
D235_F10_V01,235,10,xm,five_position_common,detrended_51,461,3,0.33333333333333331,0.5,0.41666666666666669,1,0,25,12.5,True,0.35871646591622169,461,ok,0.35441887317765325,0.0042975927385684454
D235_F10_V01,235,10,xm,five_position_common,detrended_51,461,3,0.33333333333333331,0.5,0.41666666666666669,2,25,50,37.5,True,0.32012264635822246,461,ok,0.29492677318844501,0.02519587316977745
D235_F10_V01,235,10,xm,five_position_common,detrended_51,461,3,0.33333333333333331,0.5,0.41666666666666669,3,50,75,62.5,True,0.25848016385584782,461,ok,0.26028976052883307,-0.0018095966729852475
D235_F10_V01,235,10,xm,five_position_common,detrended_51,461,3,0.33333333333333331,0.5,0.41666666666666669,4,75,100,87.5,True,0.22256562891385553,461,ok,0.20165094505747905,0.020914683856376487
D235_F10_V01,235,10,xm,five_position_common,detrended_51,461,4,0.5,0.66666666666666663,0.58333333333333337,1,0,25,12.5,True,0.24698741870479377,461,ok,0.26096349477894742,-0.013976076074153659
D235_F10_V01,235,10,xm,five_position_common,detrended_51,461,4,0.5,0.66666666666666663,0.58333333333333337,2,25,50,37.5,True,0.25109174972388593,461,ok,0.22724262949671128,0.023849120227174642
D235_F10_V01,235,10,xm,five_position_common,detrended_51,461,4,0.5,0.66666666666666663,0.58333333333333337,3,50,75,62.5,True,0.20935856871574174,461,ok,0.21379101276564433,-0.0044324440499025897
D235_F10_V01,235,10,xm,five_position_common,detrended_51,461,4,0.5,0.66666666666666663,0.58333333333333337,4,75,100,87.5,True,0.19741395792984096,461,ok,0.13995592397514101,0.05745803395469995
D235_F10_V01,235,10,xm,five_position_common,detrended_51,461,5,0.66666666666666663,0.83333333333333337,0.75,1,0,25,12.5,True,0.24378206221536908,461,ok,0.25281509096750826,-0.0090330287521391828
D235_F10_V01,235,10,xm,five_position_common,detrended_51,461,5,0.66666666666666663,0.83333333333333337,0.75,2,25,50,37.5,True,0.27241390186119441,461,ok,0.27332325183572748,-0.00090934997453306909
D235_F10_V01,235,10,xm,five_position_common,detrended_51,461,5,0.66666666666666663,0.83333333333333337,0.75,3,50,75,62.5,True,0.23513712865177858,461,ok,0.23822897220665401,-0.0030918435548754342
D235_F10_V01,235,10,xm,five_position_common,detrended_51,461,5,0.66666666666666663,0.83333333333333337,0.75,4,75,100,87.5,True,0.18730493560321759,461,ok,0.17340442129220404,0.013900514311013551
D235_F10_V01,235,10,xm,five_position_common,detrended_51,461,6,0.83333333333333337,1,0.91666666666666663,1,0,25,12.5,True,0.17899808342477125,461,ok,0.18328976512056991,-0.0042916816957986603
D235_F10_V01,235,10,xm,five_position_common,detrended_51,461,6,0.83333333333333337,1,0.91666666666666663,2,25,50,37.5,True,0.11320189324195709,461,ok,0.11503251962813714,-0.0018306263861800481
D235_F10_V01,235,10,xm,five_position_common,detrended_51,461,6,0.83333333333333337,1,0.91666666666666663,3,50,75,62.5,True,0.1397871759797451,461,ok,0.17215230572361398,-0.032365129743868876
D235_F10_V01,235,10,xm,five_position_common,detrended_51,461,6,0.83333333333333337,1,0.91666666666666663,4,75,100,87.5,True,0.16587123119457928,461,ok,0.14495463635749109,0.020916594837088187
D235_F10_V01,235,10,zp,five_position_common,detrended_51,461,3,0.33333333333333331,0.5,0.41666666666666669,1,0,25,12.5,True,0.33454748110676974,461,ok,0.35441887317765325,-0.019871392070883509
D235_F10_V01,235,10,zp,five_position_common,detrended_51,461,3,0.33333333333333331,0.5,0.41666666666666669,2,25,50,37.5,True,0.22110248276031014,461,ok,0.29492677318844501,-0.073824290428134876
D235_F10_V01,235,10,zp,five_position_common,detrended_51,461,3,0.33333333333333331,0.5,0.41666666666666669,3,50,75,62.5,True,0.28765492479248761,461,ok,0.26028976052883307,0.02736516426365454
D235_F10_V01,235,10,zp,five_position_common,detrended_51,461,3,0.33333333333333331,0.5,0.41666666666666669,4,75,100,87.5,True,0.1717265024924795,461,ok,0.20165094505747905,-0.029924442564999543
D235_F10_V01,235,10,zp,five_position_common,detrended_51,461,4,0.5,0.66666666666666663,0.58333333333333337,1,0,25,12.5,True,0.25299932235486089,461,ok,0.26096349477894742,-0.0079641724240865353
D235_F10_V01,235,10,zp,five_position_common,detrended_51,461,4,0.5,0.66666666666666663,0.58333333333333337,2,25,50,37.5,True,0.21130470116707226,461,ok,0.22724262949671128,-0.015937928329639028
D235_F10_V01,235,10,zp,five_position_common,detrended_51,461,4,0.5,0.66666666666666663,0.58333333333333337,3,50,75,62.5,True,0.17638559107445545,461,ok,0.21379101276564433,-0.037405421691188878
D235_F10_V01,235,10,zp,five_position_common,detrended_51,461,4,0.5,0.66666666666666663,0.58333333333333337,4,75,100,87.5,True,0.13498983640039292,461,ok,0.13995592397514101,-0.0049660875747480904
D235_F10_V01,235,10,zp,five_position_common,detrended_51,461,5,0.66666666666666663,0.83333333333333337,0.75,1,0,25,12.5,True,0.24376248116192623,461,ok,0.25281509096750826,-0.0090526098055820348
D235_F10_V01,235,10,zp,five_position_common,detrended_51,461,5,0.66666666666666663,0.83333333333333337,0.75,2,25,50,37.5,True,0.2311814944666718,461,ok,0.27332325183572748,-0.042141757369055677
D235_F10_V01,235,10,zp,five_position_common,detrended_51,461,5,0.66666666666666663,0.83333333333333337,0.75,3,50,75,62.5,True,0.19683173842040136,461,ok,0.23822897220665401,-0.041397233786252652
D235_F10_V01,235,10,zp,five_position_common,detrended_51,461,5,0.66666666666666663,0.83333333333333337,0.75,4,75,100,87.5,True,0.11982563741235339,461,ok,0.17340442129220404,-0.053578783879850655
D235_F10_V01,235,10,zp,five_position_common,detrended_51,461,6,0.83333333333333337,1,0.91666666666666663,1,0,25,12.5,True,0.23102677785396714,461,ok,0.18328976512056991,0.047737012733397227
D235_F10_V01,235,10,zp,five_position_common,detrended_51,461,6,0.83333333333333337,1,0.91666666666666663,2,25,50,37.5,True,0.14737082561554479,461,ok,0.11503251962813714,0.032338305987407653
D235_F10_V01,235,10,zp,five_position_common,detrended_51,461,6,0.83333333333333337,1,0.91666666666666663,3,50,75,62.5,True,0.18183579177480008,461,ok,0.17215230572361398,0.0096834860511861021
D235_F10_V01,235,10,zp,five_position_common,detrended_51,461,6,0.83333333333333337,1,0.91666666666666663,4,75,100,87.5,True,0.17669606934502063,461,ok,0.14495463635749109,0.031741432987529544
D235_F10_V01,235,10,zm,five_position_common,detrended_51,461,3,0.33333333333333331,0.5,0.41666666666666669,1,0,25,12.5,True,0.36092746623473781,461,ok,0.35441887317765325,0.0065085930570845663
D235_F10_V01,235,10,zm,five_position_common,detrended_51,461,3,0.33333333333333331,0.5,0.41666666666666669,2,25,50,37.5,True,0.29597495636189397,461,ok,0.29492677318844501,0.0010481831734489577
D235_F10_V01,235,10,zm,five_position_common,detrended_51,461,3,0.33333333333333331,0.5,0.41666666666666669,3,50,75,62.5,True,0.23162402097471865,461,ok,0.26028976052883307,-0.028665739554114417
D235_F10_V01,235,10,zm,five_position_common,detrended_51,461,3,0.33333333333333331,0.5,0.41666666666666669,4,75,100,87.5,True,0.2397313965771283,461,ok,0.20165094505747905,0.038080451519649255
D235_F10_V01,235,10,zm,five_position_common,detrended_51,461,4,0.5,0.66666666666666663,0.58333333333333337,1,0,25,12.5,True,0.2775908155824427,461,ok,0.26096349477894742,0.016627320803495271
D235_F10_V01,235,10,zm,five_position_common,detrended_51,461,4,0.5,0.66666666666666663,0.58333333333333337,2,25,50,37.5,True,0.24896220530646296,461,ok,0.22724262949671128,0.021719575809751673
D235_F10_V01,235,10,zm,five_position_common,detrended_51,461,4,0.5,0.66666666666666663,0.58333333333333337,3,50,75,62.5,True,0.17946732759248951,461,ok,0.21379101276564433,-0.034323685173154816
D235_F10_V01,235,10,zm,five_position_common,detrended_51,461,4,0.5,0.66666666666666663,0.58333333333333337,4,75,100,87.5,True,0.1799173903710781,461,ok,0.13995592397514101,0.03996146639593709
D235_F10_V01,235,10,zm,five_position_common,detrended_51,461,5,0.66666666666666663,0.83333333333333337,0.75,1,0,25,12.5,True,0.25598054653528957,461,ok,0.25281509096750826,0.0031654555677813057
D235_F10_V01,235,10,zm,five_position_common,detrended_51,461,5,0.66666666666666663,0.83333333333333337,0.75,2,25,50,37.5,True,0.25725043344171905,461,ok,0.27332325183572748,-0.016072818394008426
D235_F10_V01,235,10,zm,five_position_common,detrended_51,461,5,0.66666666666666663,0.83333333333333337,0.75,3,50,75,62.5,True,0.22330437903300196,461,ok,0.23822897220665401,-0.014924593173652051
D235_F10_V01,235,10,zm,five_position_common,detrended_51,461,5,0.66666666666666663,0.83333333333333337,0.75,4,75,100,87.5,True,0.15870043971926559,461,ok,0.17340442129220404,-0.014703981572938452
D235_F10_V01,235,10,zm,five_position_common,detrended_51,461,6,0.83333333333333337,1,0.91666666666666663,1,0,25,12.5,True,0.17738637493832912,461,ok,0.18328976512056991,-0.0059033901822407864
D235_F10_V01,235,10,zm,five_position_common,detrended_51,461,6,0.83333333333333337,1,0.91666666666666663,2,25,50,37.5,True,0.15691407564314502,461,ok,0.11503251962813714,0.041881556015007884
D235_F10_V01,235,10,zm,five_position_common,detrended_51,461,6,0.83333333333333337,1,0.91666666666666663,3,50,75,62.5,True,0.15313431704211755,461,ok,0.17215230572361398,-0.019017988681496428
D235_F10_V01,235,10,zm,five_position_common,detrended_51,461,6,0.83333333333333337,1,0.91666666666666663,4,75,100,87.5,True,0.18139317203281233,461,ok,0.14495463635749109,0.036438535675321237
D285_F01_V01,285,1,baseline,five_position_common,detrended_51,453,3,0.33333333333333331,0.5,0.41666666666666669,1,0,25,12.5,True,0.27068061147744515,453,ok,0.27068061147744515,0
D285_F01_V01,285,1,baseline,five_position_common,detrended_51,453,3,0.33333333333333331,0.5,0.41666666666666669,2,25,50,37.5,True,0.2481569271783888,453,ok,0.2481569271783888,0
D285_F01_V01,285,1,baseline,five_position_common,detrended_51,453,3,0.33333333333333331,0.5,0.41666666666666669,3,50,75,62.5,True,0.22248978160270269,453,ok,0.22248978160270269,0
D285_F01_V01,285,1,baseline,five_position_common,detrended_51,453,3,0.33333333333333331,0.5,0.41666666666666669,4,75,100,87.5,True,0.1756680052894708,453,ok,0.1756680052894708,0
D285_F01_V01,285,1,baseline,five_position_common,detrended_51,453,4,0.5,0.66666666666666663,0.58333333333333337,1,0,25,12.5,True,0.2256871713112247,453,ok,0.2256871713112247,0
D285_F01_V01,285,1,baseline,five_position_common,detrended_51,453,4,0.5,0.66666666666666663,0.58333333333333337,2,25,50,37.5,True,0.1890022994655822,453,ok,0.1890022994655822,0
D285_F01_V01,285,1,baseline,five_position_common,detrended_51,453,4,0.5,0.66666666666666663,0.58333333333333337,3,50,75,62.5,True,0.15448321942527288,453,ok,0.15448321942527288,0
D285_F01_V01,285,1,baseline,five_position_common,detrended_51,453,4,0.5,0.66666666666666663,0.58333333333333337,4,75,100,87.5,True,0.12051622517756268,453,ok,0.12051622517756268,0
D285_F01_V01,285,1,baseline,five_position_common,detrended_51,453,5,0.66666666666666663,0.83333333333333337,0.75,1,0,25,12.5,True,0.084331868561124318,453,ok,0.084331868561124318,0
D285_F01_V01,285,1,baseline,five_position_common,detrended_51,453,5,0.66666666666666663,0.83333333333333337,0.75,2,25,50,37.5,True,0.054059753164857137,453,ok,0.054059753164857137,0
D285_F01_V01,285,1,baseline,five_position_common,detrended_51,453,5,0.66666666666666663,0.83333333333333337,0.75,3,50,75,62.5,True,0.094071595608574546,453,ok,0.094071595608574546,0
D285_F01_V01,285,1,baseline,five_position_common,detrended_51,453,5,0.66666666666666663,0.83333333333333337,0.75,4,75,100,87.5,True,0.11693174937816499,453,ok,0.11693174937816499,0
D285_F01_V01,285,1,baseline,five_position_common,detrended_51,453,6,0.83333333333333337,1,0.91666666666666663,1,0,25,12.5,True,0.17230536036055225,453,ok,0.17230536036055225,0
D285_F01_V01,285,1,baseline,five_position_common,detrended_51,453,6,0.83333333333333337,1,0.91666666666666663,2,25,50,37.5,True,0.068932147621032391,453,ok,0.068932147621032391,0
D285_F01_V01,285,1,baseline,five_position_common,detrended_51,453,6,0.83333333333333337,1,0.91666666666666663,3,50,75,62.5,True,0.11985171482567747,453,ok,0.11985171482567747,0
D285_F01_V01,285,1,baseline,five_position_common,detrended_51,453,6,0.83333333333333337,1,0.91666666666666663,4,75,100,87.5,True,0.085870363051309337,453,ok,0.085870363051309337,0
D285_F01_V01,285,1,xp,five_position_common,detrended_51,453,3,0.33333333333333331,0.5,0.41666666666666669,1,0,25,12.5,True,0.26877358920770117,453,ok,0.27068061147744515,-0.0019070222697439854
D285_F01_V01,285,1,xp,five_position_common,detrended_51,453,3,0.33333333333333331,0.5,0.41666666666666669,2,25,50,37.5,True,0.25366895565394015,453,ok,0.2481569271783888,0.0055120284755513504
D285_F01_V01,285,1,xp,five_position_common,detrended_51,453,3,0.33333333333333331,0.5,0.41666666666666669,3,50,75,62.5,True,0.19976955554079021,453,ok,0.22248978160270269,-0.022720226061912485
D285_F01_V01,285,1,xp,five_position_common,detrended_51,453,3,0.33333333333333331,0.5,0.41666666666666669,4,75,100,87.5,True,0.17357047471835846,453,ok,0.1756680052894708,-0.0020975305711123382
D285_F01_V01,285,1,xp,five_position_common,detrended_51,453,4,0.5,0.66666666666666663,0.58333333333333337,1,0,25,12.5,True,0.25454042476693917,453,ok,0.2256871713112247,0.028853253455714462
D285_F01_V01,285,1,xp,five_position_common,detrended_51,453,4,0.5,0.66666666666666663,0.58333333333333337,2,25,50,37.5,True,0.21004392322835955,453,ok,0.1890022994655822,0.021041623762777351
D285_F01_V01,285,1,xp,five_position_common,detrended_51,453,4,0.5,0.66666666666666663,0.58333333333333337,3,50,75,62.5,True,0.1358508921142286,453,ok,0.15448321942527288,-0.018632327311044278
D285_F01_V01,285,1,xp,five_position_common,detrended_51,453,4,0.5,0.66666666666666663,0.58333333333333337,4,75,100,87.5,True,0.13159367286626078,453,ok,0.12051622517756268,0.011077447688698103
D285_F01_V01,285,1,xp,five_position_common,detrended_51,453,5,0.66666666666666663,0.83333333333333337,0.75,1,0,25,12.5,True,0.07364505023850812,453,ok,0.084331868561124318,-0.010686818322616198
D285_F01_V01,285,1,xp,five_position_common,detrended_51,453,5,0.66666666666666663,0.83333333333333337,0.75,2,25,50,37.5,True,0.068680327369947156,453,ok,0.054059753164857137,0.014620574205090019
D285_F01_V01,285,1,xp,five_position_common,detrended_51,453,5,0.66666666666666663,0.83333333333333337,0.75,3,50,75,62.5,True,0.0973029765615782,453,ok,0.094071595608574546,0.0032313809530036541
D285_F01_V01,285,1,xp,five_position_common,detrended_51,453,5,0.66666666666666663,0.83333333333333337,0.75,4,75,100,87.5,True,0.13576981907023808,453,ok,0.11693174937816499,0.018838069692073092
D285_F01_V01,285,1,xp,five_position_common,detrended_51,453,6,0.83333333333333337,1,0.91666666666666663,1,0,25,12.5,True,0.18170709482754824,453,ok,0.17230536036055225,0.0094017344669959924
D285_F01_V01,285,1,xp,five_position_common,detrended_51,453,6,0.83333333333333337,1,0.91666666666666663,2,25,50,37.5,True,0.070903505925740559,453,ok,0.068932147621032391,0.0019713583047081679
D285_F01_V01,285,1,xp,five_position_common,detrended_51,453,6,0.83333333333333337,1,0.91666666666666663,3,50,75,62.5,True,0.090763155014797273,453,ok,0.11985171482567747,-0.029088559810880196
D285_F01_V01,285,1,xp,five_position_common,detrended_51,453,6,0.83333333333333337,1,0.91666666666666663,4,75,100,87.5,True,0.068684301117987318,453,ok,0.085870363051309337,-0.017186061933322019
D285_F01_V01,285,1,xm,five_position_common,detrended_51,453,3,0.33333333333333331,0.5,0.41666666666666669,1,0,25,12.5,True,0.28674806258739366,453,ok,0.27068061147744515,0.016067451109948505
D285_F01_V01,285,1,xm,five_position_common,detrended_51,453,3,0.33333333333333331,0.5,0.41666666666666669,2,25,50,37.5,True,0.23634071016485744,453,ok,0.2481569271783888,-0.01181621701353136
D285_F01_V01,285,1,xm,five_position_common,detrended_51,453,3,0.33333333333333331,0.5,0.41666666666666669,3,50,75,62.5,True,0.20207324851605024,453,ok,0.22248978160270269,-0.02041653308665245
D285_F01_V01,285,1,xm,five_position_common,detrended_51,453,3,0.33333333333333331,0.5,0.41666666666666669,4,75,100,87.5,True,0.18121657165543056,453,ok,0.1756680052894708,0.0055485663659597673
D285_F01_V01,285,1,xm,five_position_common,detrended_51,453,4,0.5,0.66666666666666663,0.58333333333333337,1,0,25,12.5,True,0.20859853941736486,453,ok,0.2256871713112247,-0.01708863189385984
D285_F01_V01,285,1,xm,five_position_common,detrended_51,453,4,0.5,0.66666666666666663,0.58333333333333337,2,25,50,37.5,True,0.18736415756909588,453,ok,0.1890022994655822,-0.0016381418964863115
D285_F01_V01,285,1,xm,five_position_common,detrended_51,453,4,0.5,0.66666666666666663,0.58333333333333337,3,50,75,62.5,True,0.15349294486693785,453,ok,0.15448321942527288,-0.00099027455833503031
D285_F01_V01,285,1,xm,five_position_common,detrended_51,453,4,0.5,0.66666666666666663,0.58333333333333337,4,75,100,87.5,True,0.12833228603669433,453,ok,0.12051622517756268,0.0078160608591316544
D285_F01_V01,285,1,xm,five_position_common,detrended_51,453,5,0.66666666666666663,0.83333333333333337,0.75,1,0,25,12.5,True,0.10698918691538065,453,ok,0.084331868561124318,0.022657318354256328
D285_F01_V01,285,1,xm,five_position_common,detrended_51,453,5,0.66666666666666663,0.83333333333333337,0.75,2,25,50,37.5,True,0.069727048560123239,453,ok,0.054059753164857137,0.015667295395266102
D285_F01_V01,285,1,xm,five_position_common,detrended_51,453,5,0.66666666666666663,0.83333333333333337,0.75,3,50,75,62.5,True,0.12077071740248756,453,ok,0.094071595608574546,0.026699121793913011
D285_F01_V01,285,1,xm,five_position_common,detrended_51,453,5,0.66666666666666663,0.83333333333333337,0.75,4,75,100,87.5,True,0.11962875089250961,453,ok,0.11693174937816499,0.0026970015143446269
D285_F01_V01,285,1,xm,five_position_common,detrended_51,453,6,0.83333333333333337,1,0.91666666666666663,1,0,25,12.5,True,0.14699233565033931,453,ok,0.17230536036055225,-0.025313024710212934
D285_F01_V01,285,1,xm,five_position_common,detrended_51,453,6,0.83333333333333337,1,0.91666666666666663,2,25,50,37.5,True,0.048815071109449833,453,ok,0.068932147621032391,-0.020117076511582559
D285_F01_V01,285,1,xm,five_position_common,detrended_51,453,6,0.83333333333333337,1,0.91666666666666663,3,50,75,62.5,True,0.11434267587194029,453,ok,0.11985171482567747,-0.0055090389537371803
D285_F01_V01,285,1,xm,five_position_common,detrended_51,453,6,0.83333333333333337,1,0.91666666666666663,4,75,100,87.5,True,0.093701880777327134,453,ok,0.085870363051309337,0.0078315177260177976
D285_F01_V01,285,1,zp,five_position_common,detrended_51,453,3,0.33333333333333331,0.5,0.41666666666666669,1,0,25,12.5,True,0.27169861178517651,453,ok,0.27068061147744515,0.0010180003077313593
D285_F01_V01,285,1,zp,five_position_common,detrended_51,453,3,0.33333333333333331,0.5,0.41666666666666669,2,25,50,37.5,True,0.24225892996582085,453,ok,0.2481569271783888,-0.0058979972125679514
D285_F01_V01,285,1,zp,five_position_common,detrended_51,453,3,0.33333333333333331,0.5,0.41666666666666669,3,50,75,62.5,True,0.18671277816550191,453,ok,0.22248978160270269,-0.035777003437200777
D285_F01_V01,285,1,zp,five_position_common,detrended_51,453,3,0.33333333333333331,0.5,0.41666666666666669,4,75,100,87.5,True,0.15792348979045445,453,ok,0.1756680052894708,-0.017744515499016345
D285_F01_V01,285,1,zp,five_position_common,detrended_51,453,4,0.5,0.66666666666666663,0.58333333333333337,1,0,25,12.5,True,0.18876419970655159,453,ok,0.2256871713112247,-0.036922971604673116
D285_F01_V01,285,1,zp,five_position_common,detrended_51,453,4,0.5,0.66666666666666663,0.58333333333333337,2,25,50,37.5,True,0.18605114984447105,453,ok,0.1890022994655822,-0.0029511496211111488
D285_F01_V01,285,1,zp,five_position_common,detrended_51,453,4,0.5,0.66666666666666663,0.58333333333333337,3,50,75,62.5,True,0.13294407285786169,453,ok,0.15448321942527288,-0.021539146567411183
D285_F01_V01,285,1,zp,five_position_common,detrended_51,453,4,0.5,0.66666666666666663,0.58333333333333337,4,75,100,87.5,True,0.10248190228507853,453,ok,0.12051622517756268,-0.018034322892484148
D285_F01_V01,285,1,zp,five_position_common,detrended_51,453,5,0.66666666666666663,0.83333333333333337,0.75,1,0,25,12.5,True,0.056605589359858516,453,ok,0.084331868561124318,-0.027726279201265802
D285_F01_V01,285,1,zp,five_position_common,detrended_51,453,5,0.66666666666666663,0.83333333333333337,0.75,2,25,50,37.5,True,0.069189233079486684,453,ok,0.054059753164857137,0.015129479914629547
D285_F01_V01,285,1,zp,five_position_common,detrended_51,453,5,0.66666666666666663,0.83333333333333337,0.75,3,50,75,62.5,True,0.080147476416899358,453,ok,0.094071595608574546,-0.013924119191675188
D285_F01_V01,285,1,zp,five_position_common,detrended_51,453,5,0.66666666666666663,0.83333333333333337,0.75,4,75,100,87.5,True,0.13537517122074441,453,ok,0.11693174937816499,0.018443421842579424
D285_F01_V01,285,1,zp,five_position_common,detrended_51,453,6,0.83333333333333337,1,0.91666666666666663,1,0,25,12.5,True,0.16698550123270553,453,ok,0.17230536036055225,-0.0053198591278467156
D285_F01_V01,285,1,zp,five_position_common,detrended_51,453,6,0.83333333333333337,1,0.91666666666666663,2,25,50,37.5,True,0.05506317009773791,453,ok,0.068932147621032391,-0.013868977523294482
D285_F01_V01,285,1,zp,five_position_common,detrended_51,453,6,0.83333333333333337,1,0.91666666666666663,3,50,75,62.5,True,0.15760265249592503,453,ok,0.11985171482567747,0.037750937670247564
D285_F01_V01,285,1,zp,five_position_common,detrended_51,453,6,0.83333333333333337,1,0.91666666666666663,4,75,100,87.5,True,0.066444747208920407,453,ok,0.085870363051309337,-0.01942561584238893
D285_F01_V01,285,1,zm,five_position_common,detrended_51,453,3,0.33333333333333331,0.5,0.41666666666666669,1,0,25,12.5,True,0.22058747879110072,453,ok,0.27068061147744515,-0.050093132686344438
D285_F01_V01,285,1,zm,five_position_common,detrended_51,453,3,0.33333333333333331,0.5,0.41666666666666669,2,25,50,37.5,True,0.25173917167425142,453,ok,0.2481569271783888,0.0035822444958626132
D285_F01_V01,285,1,zm,five_position_common,detrended_51,453,3,0.33333333333333331,0.5,0.41666666666666669,3,50,75,62.5,True,0.2363388195055626,453,ok,0.22248978160270269,0.013849037902859906
D285_F01_V01,285,1,zm,five_position_common,detrended_51,453,3,0.33333333333333331,0.5,0.41666666666666669,4,75,100,87.5,True,0.17916220945357289,453,ok,0.1756680052894708,0.0034942041641020938
D285_F01_V01,285,1,zm,five_position_common,detrended_51,453,4,0.5,0.66666666666666663,0.58333333333333337,1,0,25,12.5,True,0.19886524376336653,453,ok,0.2256871713112247,-0.026821927547858171
D285_F01_V01,285,1,zm,five_position_common,detrended_51,453,4,0.5,0.66666666666666663,0.58333333333333337,2,25,50,37.5,True,0.23792213162093401,453,ok,0.1890022994655822,0.048919832155351811
D285_F01_V01,285,1,zm,five_position_common,detrended_51,453,4,0.5,0.66666666666666663,0.58333333333333337,3,50,75,62.5,True,0.14548218585090145,453,ok,0.15448321942527288,-0.0090010335743714309
D285_F01_V01,285,1,zm,five_position_common,detrended_51,453,4,0.5,0.66666666666666663,0.58333333333333337,4,75,100,87.5,True,0.11834747297440443,453,ok,0.12051622517756268,-0.0021687522031582501
D285_F01_V01,285,1,zm,five_position_common,detrended_51,453,5,0.66666666666666663,0.83333333333333337,0.75,1,0,25,12.5,True,0.080243366384977463,453,ok,0.084331868561124318,-0.0040885021761468548
D285_F01_V01,285,1,zm,five_position_common,detrended_51,453,5,0.66666666666666663,0.83333333333333337,0.75,2,25,50,37.5,True,0.071305449636644189,453,ok,0.054059753164857137,0.017245696471787052
D285_F01_V01,285,1,zm,five_position_common,detrended_51,453,5,0.66666666666666663,0.83333333333333337,0.75,3,50,75,62.5,True,0.017573590985536635,453,ok,0.094071595608574546,-0.076498004623037907
D285_F01_V01,285,1,zm,five_position_common,detrended_51,453,5,0.66666666666666663,0.83333333333333337,0.75,4,75,100,87.5,True,0.080777759479462988,453,ok,0.11693174937816499,-0.036153989898701999
D285_F01_V01,285,1,zm,five_position_common,detrended_51,453,6,0.83333333333333337,1,0.91666666666666663,1,0,25,12.5,True,0.14669256137223599,453,ok,0.17230536036055225,-0.025612798988316254
D285_F01_V01,285,1,zm,five_position_common,detrended_51,453,6,0.83333333333333337,1,0.91666666666666663,2,25,50,37.5,True,0.10931906518293921,453,ok,0.068932147621032391,0.040386917561906821
D285_F01_V01,285,1,zm,five_position_common,detrended_51,453,6,0.83333333333333337,1,0.91666666666666663,3,50,75,62.5,True,0.068902343466754973,453,ok,0.11985171482567747,-0.050949371358922496
D285_F01_V01,285,1,zm,five_position_common,detrended_51,453,6,0.83333333333333337,1,0.91666666666666663,4,75,100,87.5,True,0.1153311437821619,453,ok,0.085870363051309337,0.029460780730852565
D285_F03_V01,285,3,baseline,five_position_common,detrended_51,474,3,0.33333333333333331,0.5,0.41666666666666669,1,0,25,12.5,True,0.082710511031383757,474,ok,0.082710511031383757,0
D285_F03_V01,285,3,baseline,five_position_common,detrended_51,474,3,0.33333333333333331,0.5,0.41666666666666669,2,25,50,37.5,True,0.090722264357997476,474,ok,0.090722264357997476,0
D285_F03_V01,285,3,baseline,five_position_common,detrended_51,474,3,0.33333333333333331,0.5,0.41666666666666669,3,50,75,62.5,True,0.1447476044386172,474,ok,0.1447476044386172,0
D285_F03_V01,285,3,baseline,five_position_common,detrended_51,474,3,0.33333333333333331,0.5,0.41666666666666669,4,75,100,87.5,True,0.048169650960158288,474,ok,0.048169650960158288,0
D285_F03_V01,285,3,baseline,five_position_common,detrended_51,474,4,0.5,0.66666666666666663,0.58333333333333337,1,0,25,12.5,True,0.058572448614419022,474,ok,0.058572448614419022,0
D285_F03_V01,285,3,baseline,five_position_common,detrended_51,474,4,0.5,0.66666666666666663,0.58333333333333337,2,25,50,37.5,True,0.13445309358923077,474,ok,0.13445309358923077,0
D285_F03_V01,285,3,baseline,five_position_common,detrended_51,474,4,0.5,0.66666666666666663,0.58333333333333337,3,50,75,62.5,True,0.089285993981588693,474,ok,0.089285993981588693,0
D285_F03_V01,285,3,baseline,five_position_common,detrended_51,474,4,0.5,0.66666666666666663,0.58333333333333337,4,75,100,87.5,True,0.089980337268494248,474,ok,0.089980337268494248,0
D285_F03_V01,285,3,baseline,five_position_common,detrended_51,474,5,0.66666666666666663,0.83333333333333337,0.75,1,0,25,12.5,True,0.059618631698919462,474,ok,0.059618631698919462,0
D285_F03_V01,285,3,baseline,five_position_common,detrended_51,474,5,0.66666666666666663,0.83333333333333337,0.75,2,25,50,37.5,True,0.045069260799951605,474,ok,0.045069260799951605,0
D285_F03_V01,285,3,baseline,five_position_common,detrended_51,474,5,0.66666666666666663,0.83333333333333337,0.75,3,50,75,62.5,True,0.13535534938280577,474,ok,0.13535534938280577,0
D285_F03_V01,285,3,baseline,five_position_common,detrended_51,474,5,0.66666666666666663,0.83333333333333337,0.75,4,75,100,87.5,True,0.087991301851825007,474,ok,0.087991301851825007,0
D285_F03_V01,285,3,baseline,five_position_common,detrended_51,474,6,0.83333333333333337,1,0.91666666666666663,1,0,25,12.5,True,0.084829483461000568,474,ok,0.084829483461000568,0
D285_F03_V01,285,3,baseline,five_position_common,detrended_51,474,6,0.83333333333333337,1,0.91666666666666663,2,25,50,37.5,True,0.066262549666380718,474,ok,0.066262549666380718,0
D285_F03_V01,285,3,baseline,five_position_common,detrended_51,474,6,0.83333333333333337,1,0.91666666666666663,3,50,75,62.5,True,0.064007757136776575,474,ok,0.064007757136776575,0
D285_F03_V01,285,3,baseline,five_position_common,detrended_51,474,6,0.83333333333333337,1,0.91666666666666663,4,75,100,87.5,True,0.047221807336183988,474,ok,0.047221807336183988,0
D285_F03_V01,285,3,xp,five_position_common,detrended_51,474,3,0.33333333333333331,0.5,0.41666666666666669,1,0,25,12.5,True,0.099883430052638444,474,ok,0.082710511031383757,0.017172919021254687
D285_F03_V01,285,3,xp,five_position_common,detrended_51,474,3,0.33333333333333331,0.5,0.41666666666666669,2,25,50,37.5,True,0.092201397028254223,474,ok,0.090722264357997476,0.001479132670256747
D285_F03_V01,285,3,xp,five_position_common,detrended_51,474,3,0.33333333333333331,0.5,0.41666666666666669,3,50,75,62.5,True,0.14752967105427911,474,ok,0.1447476044386172,0.00278206661566191
D285_F03_V01,285,3,xp,five_position_common,detrended_51,474,3,0.33333333333333331,0.5,0.41666666666666669,4,75,100,87.5,True,0.067450430553840326,474,ok,0.048169650960158288,0.019280779593682039
D285_F03_V01,285,3,xp,five_position_common,detrended_51,474,4,0.5,0.66666666666666663,0.58333333333333337,1,0,25,12.5,True,0.04934593498237165,474,ok,0.058572448614419022,-0.0092265136320473715
D285_F03_V01,285,3,xp,five_position_common,detrended_51,474,4,0.5,0.66666666666666663,0.58333333333333337,2,25,50,37.5,True,0.11342810432678285,474,ok,0.13445309358923077,-0.021024989262447918
D285_F03_V01,285,3,xp,five_position_common,detrended_51,474,4,0.5,0.66666666666666663,0.58333333333333337,3,50,75,62.5,True,0.083785803993504077,474,ok,0.089285993981588693,-0.0055001899880846167
D285_F03_V01,285,3,xp,five_position_common,detrended_51,474,4,0.5,0.66666666666666663,0.58333333333333337,4,75,100,87.5,True,0.10782427857032609,474,ok,0.089980337268494248,0.017843941301831839
D285_F03_V01,285,3,xp,five_position_common,detrended_51,474,5,0.66666666666666663,0.83333333333333337,0.75,1,0,25,12.5,True,0.06603657926465259,474,ok,0.059618631698919462,0.0064179475657331272
D285_F03_V01,285,3,xp,five_position_common,detrended_51,474,5,0.66666666666666663,0.83333333333333337,0.75,2,25,50,37.5,True,0.068173460492746599,474,ok,0.045069260799951605,0.023104199692794994
D285_F03_V01,285,3,xp,five_position_common,detrended_51,474,5,0.66666666666666663,0.83333333333333337,0.75,3,50,75,62.5,True,0.15931208925745832,474,ok,0.13535534938280577,0.02395673987465255
D285_F03_V01,285,3,xp,five_position_common,detrended_51,474,5,0.66666666666666663,0.83333333333333337,0.75,4,75,100,87.5,True,0.10080409212755427,474,ok,0.087991301851825007,0.012812790275729263
D285_F03_V01,285,3,xp,five_position_common,detrended_51,474,6,0.83333333333333337,1,0.91666666666666663,1,0,25,12.5,True,0.069669123386160006,474,ok,0.084829483461000568,-0.015160360074840562
D285_F03_V01,285,3,xp,five_position_common,detrended_51,474,6,0.83333333333333337,1,0.91666666666666663,2,25,50,37.5,True,0.060536370407225586,474,ok,0.066262549666380718,-0.0057261792591551328
D285_F03_V01,285,3,xp,five_position_common,detrended_51,474,6,0.83333333333333337,1,0.91666666666666663,3,50,75,62.5,True,0.10805187865903192,474,ok,0.064007757136776575,0.044044121522255342
D285_F03_V01,285,3,xp,five_position_common,detrended_51,474,6,0.83333333333333337,1,0.91666666666666663,4,75,100,87.5,True,0.066108834087634877,474,ok,0.047221807336183988,0.018887026751450889
D285_F03_V01,285,3,xm,five_position_common,detrended_51,474,3,0.33333333333333331,0.5,0.41666666666666669,1,0,25,12.5,True,0.089189509496847702,474,ok,0.082710511031383757,0.0064789984654639449
D285_F03_V01,285,3,xm,five_position_common,detrended_51,474,3,0.33333333333333331,0.5,0.41666666666666669,2,25,50,37.5,True,0.10585839177400534,474,ok,0.090722264357997476,0.015136127416007866
D285_F03_V01,285,3,xm,five_position_common,detrended_51,474,3,0.33333333333333331,0.5,0.41666666666666669,3,50,75,62.5,True,0.11945478618542557,474,ok,0.1447476044386172,-0.025292818253191629
D285_F03_V01,285,3,xm,five_position_common,detrended_51,474,3,0.33333333333333331,0.5,0.41666666666666669,4,75,100,87.5,True,0.03000715584389433,474,ok,0.048169650960158288,-0.018162495116263958
D285_F03_V01,285,3,xm,five_position_common,detrended_51,474,4,0.5,0.66666666666666663,0.58333333333333337,1,0,25,12.5,True,0.059347602727387191,474,ok,0.058572448614419022,0.00077515411296816966
D285_F03_V01,285,3,xm,five_position_common,detrended_51,474,4,0.5,0.66666666666666663,0.58333333333333337,2,25,50,37.5,True,0.10712744498012458,474,ok,0.13445309358923077,-0.02732564860910619
D285_F03_V01,285,3,xm,five_position_common,detrended_51,474,4,0.5,0.66666666666666663,0.58333333333333337,3,50,75,62.5,True,0.090213638521411413,474,ok,0.089285993981588693,0.00092764453982271955
D285_F03_V01,285,3,xm,five_position_common,detrended_51,474,4,0.5,0.66666666666666663,0.58333333333333337,4,75,100,87.5,True,0.096918899157322991,474,ok,0.089980337268494248,0.0069385618888287426
D285_F03_V01,285,3,xm,five_position_common,detrended_51,474,5,0.66666666666666663,0.83333333333333337,0.75,1,0,25,12.5,True,0.092177093245884925,474,ok,0.059618631698919462,0.032558461546965463
D285_F03_V01,285,3,xm,five_position_common,detrended_51,474,5,0.66666666666666663,0.83333333333333337,0.75,2,25,50,37.5,True,0.070531233931839729,474,ok,0.045069260799951605,0.025461973131888124
D285_F03_V01,285,3,xm,five_position_common,detrended_51,474,5,0.66666666666666663,0.83333333333333337,0.75,3,50,75,62.5,True,0.13354168880667502,474,ok,0.13535534938280577,-0.0018136605761307489
D285_F03_V01,285,3,xm,five_position_common,detrended_51,474,5,0.66666666666666663,0.83333333333333337,0.75,4,75,100,87.5,True,0.087446949277500449,474,ok,0.087991301851825007,-0.00054435257432455808
D285_F03_V01,285,3,xm,five_position_common,detrended_51,474,6,0.83333333333333337,1,0.91666666666666663,1,0,25,12.5,True,0.13194016118781141,474,ok,0.084829483461000568,0.047110677726810837
D285_F03_V01,285,3,xm,five_position_common,detrended_51,474,6,0.83333333333333337,1,0.91666666666666663,2,25,50,37.5,True,0.044777611588626046,474,ok,0.066262549666380718,-0.021484938077754673
D285_F03_V01,285,3,xm,five_position_common,detrended_51,474,6,0.83333333333333337,1,0.91666666666666663,3,50,75,62.5,True,0.058391395360927245,474,ok,0.064007757136776575,-0.0056163617758493295
D285_F03_V01,285,3,xm,five_position_common,detrended_51,474,6,0.83333333333333337,1,0.91666666666666663,4,75,100,87.5,True,0.055301081651252103,474,ok,0.047221807336183988,0.0080792743150681148
D285_F03_V01,285,3,zp,five_position_common,detrended_51,474,3,0.33333333333333331,0.5,0.41666666666666669,1,0,25,12.5,True,0.064449681030524328,474,ok,0.082710511031383757,-0.018260830000859429
D285_F03_V01,285,3,zp,five_position_common,detrended_51,474,3,0.33333333333333331,0.5,0.41666666666666669,2,25,50,37.5,True,0.15151482884026957,474,ok,0.090722264357997476,0.060792564482272091
D285_F03_V01,285,3,zp,five_position_common,detrended_51,474,3,0.33333333333333331,0.5,0.41666666666666669,3,50,75,62.5,True,0.10077759241197692,474,ok,0.1447476044386172,-0.043970012026640276
D285_F03_V01,285,3,zp,five_position_common,detrended_51,474,3,0.33333333333333331,0.5,0.41666666666666669,4,75,100,87.5,True,0.1067868695750709,474,ok,0.048169650960158288,0.058617218614912613
D285_F03_V01,285,3,zp,five_position_common,detrended_51,474,4,0.5,0.66666666666666663,0.58333333333333337,1,0,25,12.5,True,0.057463002745461934,474,ok,0.058572448614419022,-0.0011094458689570874
D285_F03_V01,285,3,zp,five_position_common,detrended_51,474,4,0.5,0.66666666666666663,0.58333333333333337,2,25,50,37.5,True,0.1266656771397868,474,ok,0.13445309358923077,-0.0077874164494439735
D285_F03_V01,285,3,zp,five_position_common,detrended_51,474,4,0.5,0.66666666666666663,0.58333333333333337,3,50,75,62.5,True,0.068341014623260907,474,ok,0.089285993981588693,-0.020944979358327787
D285_F03_V01,285,3,zp,five_position_common,detrended_51,474,4,0.5,0.66666666666666663,0.58333333333333337,4,75,100,87.5,True,0.066905324100287961,474,ok,0.089980337268494248,-0.023075013168206288
D285_F03_V01,285,3,zp,five_position_common,detrended_51,474,5,0.66666666666666663,0.83333333333333337,0.75,1,0,25,12.5,True,0.05593852905256607,474,ok,0.059618631698919462,-0.003680102646353392
D285_F03_V01,285,3,zp,five_position_common,detrended_51,474,5,0.66666666666666663,0.83333333333333337,0.75,2,25,50,37.5,True,0.079736681993415881,474,ok,0.045069260799951605,0.034667421193464276
D285_F03_V01,285,3,zp,five_position_common,detrended_51,474,5,0.66666666666666663,0.83333333333333337,0.75,3,50,75,62.5,True,0.14118542210987886,474,ok,0.13535534938280577,0.0058300727270730879
D285_F03_V01,285,3,zp,five_position_common,detrended_51,474,5,0.66666666666666663,0.83333333333333337,0.75,4,75,100,87.5,True,0.031553820954868833,474,ok,0.087991301851825007,-0.056437480896956174
D285_F03_V01,285,3,zp,five_position_common,detrended_51,474,6,0.83333333333333337,1,0.91666666666666663,1,0,25,12.5,True,0.082789164034477766,474,ok,0.084829483461000568,-0.002040319426522802
D285_F03_V01,285,3,zp,five_position_common,detrended_51,474,6,0.83333333333333337,1,0.91666666666666663,2,25,50,37.5,True,0.058809986028071838,474,ok,0.066262549666380718,-0.0074525636383088803
D285_F03_V01,285,3,zp,five_position_common,detrended_51,474,6,0.83333333333333337,1,0.91666666666666663,3,50,75,62.5,True,0.11201222362806874,474,ok,0.064007757136776575,0.048004466491292169
D285_F03_V01,285,3,zp,five_position_common,detrended_51,474,6,0.83333333333333337,1,0.91666666666666663,4,75,100,87.5,True,-0.025406602260269046,474,ok,0.047221807336183988,-0.072628409596453031
D285_F03_V01,285,3,zm,five_position_common,detrended_51,474,3,0.33333333333333331,0.5,0.41666666666666669,1,0,25,12.5,True,0.089358560948386151,474,ok,0.082710511031383757,0.0066480499170023938
D285_F03_V01,285,3,zm,five_position_common,detrended_51,474,3,0.33333333333333331,0.5,0.41666666666666669,2,25,50,37.5,True,0.09824039362066167,474,ok,0.090722264357997476,0.0075181292626641943
D285_F03_V01,285,3,zm,five_position_common,detrended_51,474,3,0.33333333333333331,0.5,0.41666666666666669,3,50,75,62.5,True,0.13499685291475361,474,ok,0.1447476044386172,-0.0097507515238635933
D285_F03_V01,285,3,zm,five_position_common,detrended_51,474,3,0.33333333333333331,0.5,0.41666666666666669,4,75,100,87.5,True,0.068162303107660666,474,ok,0.048169650960158288,0.019992652147502378
D285_F03_V01,285,3,zm,five_position_common,detrended_51,474,4,0.5,0.66666666666666663,0.58333333333333337,1,0,25,12.5,True,0.057282551779807282,474,ok,0.058572448614419022,-0.0012898968346117395
D285_F03_V01,285,3,zm,five_position_common,detrended_51,474,4,0.5,0.66666666666666663,0.58333333333333337,2,25,50,37.5,True,0.069617260330359976,474,ok,0.13445309358923077,-0.064835833258870795
D285_F03_V01,285,3,zm,five_position_common,detrended_51,474,4,0.5,0.66666666666666663,0.58333333333333337,3,50,75,62.5,True,0.084687382573268452,474,ok,0.089285993981588693,-0.0045986114083202412
D285_F03_V01,285,3,zm,five_position_common,detrended_51,474,4,0.5,0.66666666666666663,0.58333333333333337,4,75,100,87.5,True,0.078843154832059489,474,ok,0.089980337268494248,-0.011137182436434759
D285_F03_V01,285,3,zm,five_position_common,detrended_51,474,5,0.66666666666666663,0.83333333333333337,0.75,1,0,25,12.5,True,0.12342542504185086,474,ok,0.059618631698919462,0.063806793342931406
D285_F03_V01,285,3,zm,five_position_common,detrended_51,474,5,0.66666666666666663,0.83333333333333337,0.75,2,25,50,37.5,True,0.020814490906292438,474,ok,0.045069260799951605,-0.024254769893659166
D285_F03_V01,285,3,zm,five_position_common,detrended_51,474,5,0.66666666666666663,0.83333333333333337,0.75,3,50,75,62.5,True,0.12302983480313173,474,ok,0.13535534938280577,-0.012325514579674041
D285_F03_V01,285,3,zm,five_position_common,detrended_51,474,5,0.66666666666666663,0.83333333333333337,0.75,4,75,100,87.5,True,0.10854220621781445,474,ok,0.087991301851825007,0.020550904365989442
D285_F03_V01,285,3,zm,five_position_common,detrended_51,474,6,0.83333333333333337,1,0.91666666666666663,1,0,25,12.5,True,0.056431653374376729,474,ok,0.084829483461000568,-0.028397830086623839
D285_F03_V01,285,3,zm,five_position_common,detrended_51,474,6,0.83333333333333337,1,0.91666666666666663,2,25,50,37.5,True,0.057038410825567133,474,ok,0.066262549666380718,-0.0092241388408135852
D285_F03_V01,285,3,zm,five_position_common,detrended_51,474,6,0.83333333333333337,1,0.91666666666666663,3,50,75,62.5,True,0.040072301314221723,474,ok,0.064007757136776575,-0.023935455822554852
D285_F03_V01,285,3,zm,five_position_common,detrended_51,474,6,0.83333333333333337,1,0.91666666666666663,4,75,100,87.5,True,0.10562461672596916,474,ok,0.047221807336183988,0.058402809389785176
D285_F05_V01,285,5,baseline,five_position_common,detrended_51,492,3,0.33333333333333331,0.5,0.41666666666666669,1,0,25,12.5,True,0.21455888278566562,492,ok,0.21455888278566562,0
D285_F05_V01,285,5,baseline,five_position_common,detrended_51,492,3,0.33333333333333331,0.5,0.41666666666666669,2,25,50,37.5,True,0.16179153599178636,492,ok,0.16179153599178636,0
D285_F05_V01,285,5,baseline,five_position_common,detrended_51,492,3,0.33333333333333331,0.5,0.41666666666666669,3,50,75,62.5,True,0.12022693685127235,492,ok,0.12022693685127235,0
D285_F05_V01,285,5,baseline,five_position_common,detrended_51,492,3,0.33333333333333331,0.5,0.41666666666666669,4,75,100,87.5,True,0.166223656692394,492,ok,0.166223656692394,0
D285_F05_V01,285,5,baseline,five_position_common,detrended_51,492,4,0.5,0.66666666666666663,0.58333333333333337,1,0,25,12.5,True,0.22311725151939751,492,ok,0.22311725151939751,0
D285_F05_V01,285,5,baseline,five_position_common,detrended_51,492,4,0.5,0.66666666666666663,0.58333333333333337,2,25,50,37.5,True,0.20435402076881901,492,ok,0.20435402076881901,0
D285_F05_V01,285,5,baseline,five_position_common,detrended_51,492,4,0.5,0.66666666666666663,0.58333333333333337,3,50,75,62.5,True,0.17122533660406319,492,ok,0.17122533660406319,0
D285_F05_V01,285,5,baseline,five_position_common,detrended_51,492,4,0.5,0.66666666666666663,0.58333333333333337,4,75,100,87.5,True,0.10695048984308514,492,ok,0.10695048984308514,0
D285_F05_V01,285,5,baseline,five_position_common,detrended_51,492,5,0.66666666666666663,0.83333333333333337,0.75,1,0,25,12.5,True,0.1323099936682901,492,ok,0.1323099936682901,0
D285_F05_V01,285,5,baseline,five_position_common,detrended_51,492,5,0.66666666666666663,0.83333333333333337,0.75,2,25,50,37.5,True,0.20662092868099649,492,ok,0.20662092868099649,0
D285_F05_V01,285,5,baseline,five_position_common,detrended_51,492,5,0.66666666666666663,0.83333333333333337,0.75,3,50,75,62.5,True,0.071428643400409692,492,ok,0.071428643400409692,0
D285_F05_V01,285,5,baseline,five_position_common,detrended_51,492,5,0.66666666666666663,0.83333333333333337,0.75,4,75,100,87.5,True,0.077397610795222213,492,ok,0.077397610795222213,0
D285_F05_V01,285,5,baseline,five_position_common,detrended_51,492,6,0.83333333333333337,1,0.91666666666666663,1,0,25,12.5,True,0.10623820362676446,492,ok,0.10623820362676446,0
D285_F05_V01,285,5,baseline,five_position_common,detrended_51,492,6,0.83333333333333337,1,0.91666666666666663,2,25,50,37.5,True,0.13654465532043653,492,ok,0.13654465532043653,0
D285_F05_V01,285,5,baseline,five_position_common,detrended_51,492,6,0.83333333333333337,1,0.91666666666666663,3,50,75,62.5,True,0.058860628584612766,492,ok,0.058860628584612766,0
D285_F05_V01,285,5,baseline,five_position_common,detrended_51,492,6,0.83333333333333337,1,0.91666666666666663,4,75,100,87.5,True,0.074663202251004659,492,ok,0.074663202251004659,0
D285_F05_V01,285,5,xp,five_position_common,detrended_51,492,3,0.33333333333333331,0.5,0.41666666666666669,1,0,25,12.5,True,0.20215838353444446,492,ok,0.21455888278566562,-0.012400499251221164
D285_F05_V01,285,5,xp,five_position_common,detrended_51,492,3,0.33333333333333331,0.5,0.41666666666666669,2,25,50,37.5,True,0.17669975185854195,492,ok,0.16179153599178636,0.014908215866755586
D285_F05_V01,285,5,xp,five_position_common,detrended_51,492,3,0.33333333333333331,0.5,0.41666666666666669,3,50,75,62.5,True,0.11736973174139807,492,ok,0.12022693685127235,-0.0028572051098742779
D285_F05_V01,285,5,xp,five_position_common,detrended_51,492,3,0.33333333333333331,0.5,0.41666666666666669,4,75,100,87.5,True,0.14844374537049645,492,ok,0.166223656692394,-0.017779911321897546
D285_F05_V01,285,5,xp,five_position_common,detrended_51,492,4,0.5,0.66666666666666663,0.58333333333333337,1,0,25,12.5,True,0.21411401434033966,492,ok,0.22311725151939751,-0.0090032371790578491
D285_F05_V01,285,5,xp,five_position_common,detrended_51,492,4,0.5,0.66666666666666663,0.58333333333333337,2,25,50,37.5,True,0.19855594722124836,492,ok,0.20435402076881901,-0.0057980735475706424
D285_F05_V01,285,5,xp,five_position_common,detrended_51,492,4,0.5,0.66666666666666663,0.58333333333333337,3,50,75,62.5,True,0.16113197559561629,492,ok,0.17122533660406319,-0.010093361008446905
D285_F05_V01,285,5,xp,five_position_common,detrended_51,492,4,0.5,0.66666666666666663,0.58333333333333337,4,75,100,87.5,True,0.10903682545540559,492,ok,0.10695048984308514,0.0020863356123204529
D285_F05_V01,285,5,xp,five_position_common,detrended_51,492,5,0.66666666666666663,0.83333333333333337,0.75,1,0,25,12.5,True,0.11379601770981536,492,ok,0.1323099936682901,-0.018513975958474746
D285_F05_V01,285,5,xp,five_position_common,detrended_51,492,5,0.66666666666666663,0.83333333333333337,0.75,2,25,50,37.5,True,0.22531393362487945,492,ok,0.20662092868099649,0.018693004943882957
D285_F05_V01,285,5,xp,five_position_common,detrended_51,492,5,0.66666666666666663,0.83333333333333337,0.75,3,50,75,62.5,True,0.10385008961991585,492,ok,0.071428643400409692,0.032421446219506156
D285_F05_V01,285,5,xp,five_position_common,detrended_51,492,5,0.66666666666666663,0.83333333333333337,0.75,4,75,100,87.5,True,0.070437714295455436,492,ok,0.077397610795222213,-0.0069598964997667767
D285_F05_V01,285,5,xp,five_position_common,detrended_51,492,6,0.83333333333333337,1,0.91666666666666663,1,0,25,12.5,True,0.086524366376531672,492,ok,0.10623820362676446,-0.019713837250232791
D285_F05_V01,285,5,xp,five_position_common,detrended_51,492,6,0.83333333333333337,1,0.91666666666666663,2,25,50,37.5,True,0.12351251618469912,492,ok,0.13654465532043653,-0.013032139135737406
D285_F05_V01,285,5,xp,five_position_common,detrended_51,492,6,0.83333333333333337,1,0.91666666666666663,3,50,75,62.5,True,0.041202643993646107,492,ok,0.058860628584612766,-0.017657984590966659
D285_F05_V01,285,5,xp,five_position_common,detrended_51,492,6,0.83333333333333337,1,0.91666666666666663,4,75,100,87.5,True,0.068466468413196216,492,ok,0.074663202251004659,-0.0061967338378084436
D285_F05_V01,285,5,xm,five_position_common,detrended_51,492,3,0.33333333333333331,0.5,0.41666666666666669,1,0,25,12.5,True,0.21309221053492819,492,ok,0.21455888278566562,-0.001466672250737433
D285_F05_V01,285,5,xm,five_position_common,detrended_51,492,3,0.33333333333333331,0.5,0.41666666666666669,2,25,50,37.5,True,0.15215853777860949,492,ok,0.16179153599178636,-0.0096329982131768688
D285_F05_V01,285,5,xm,five_position_common,detrended_51,492,3,0.33333333333333331,0.5,0.41666666666666669,3,50,75,62.5,True,0.12425027958560991,492,ok,0.12022693685127235,0.0040233427343375622
D285_F05_V01,285,5,xm,five_position_common,detrended_51,492,3,0.33333333333333331,0.5,0.41666666666666669,4,75,100,87.5,True,0.15263164696184633,492,ok,0.166223656692394,-0.013592009730547666
D285_F05_V01,285,5,xm,five_position_common,detrended_51,492,4,0.5,0.66666666666666663,0.58333333333333337,1,0,25,12.5,True,0.24135144644230522,492,ok,0.22311725151939751,0.018234194922907704
D285_F05_V01,285,5,xm,five_position_common,detrended_51,492,4,0.5,0.66666666666666663,0.58333333333333337,2,25,50,37.5,True,0.22266925816912,492,ok,0.20435402076881901,0.018315237400300999
D285_F05_V01,285,5,xm,five_position_common,detrended_51,492,4,0.5,0.66666666666666663,0.58333333333333337,3,50,75,62.5,True,0.19045669568057522,492,ok,0.17122533660406319,0.019231359076512022
D285_F05_V01,285,5,xm,five_position_common,detrended_51,492,4,0.5,0.66666666666666663,0.58333333333333337,4,75,100,87.5,True,0.11224246274192624,492,ok,0.10695048984308514,0.0052919728988411047
D285_F05_V01,285,5,xm,five_position_common,detrended_51,492,5,0.66666666666666663,0.83333333333333337,0.75,1,0,25,12.5,True,0.14915661705697911,492,ok,0.1323099936682901,0.016846623388689003
D285_F05_V01,285,5,xm,five_position_common,detrended_51,492,5,0.66666666666666663,0.83333333333333337,0.75,2,25,50,37.5,True,0.19061035598827666,492,ok,0.20662092868099649,-0.016010572692719827
D285_F05_V01,285,5,xm,five_position_common,detrended_51,492,5,0.66666666666666663,0.83333333333333337,0.75,3,50,75,62.5,True,0.057707488197903729,492,ok,0.071428643400409692,-0.013721155202505962
D285_F05_V01,285,5,xm,five_position_common,detrended_51,492,5,0.66666666666666663,0.83333333333333337,0.75,4,75,100,87.5,True,0.098228916731355323,492,ok,0.077397610795222213,0.02083130593613311
D285_F05_V01,285,5,xm,five_position_common,detrended_51,492,6,0.83333333333333337,1,0.91666666666666663,1,0,25,12.5,True,0.135017977080924,492,ok,0.10623820362676446,0.028779773454159538
D285_F05_V01,285,5,xm,five_position_common,detrended_51,492,6,0.83333333333333337,1,0.91666666666666663,2,25,50,37.5,True,0.13181547411571293,492,ok,0.13654465532043653,-0.0047291812047235982
D285_F05_V01,285,5,xm,five_position_common,detrended_51,492,6,0.83333333333333337,1,0.91666666666666663,3,50,75,62.5,True,0.058424093378527601,492,ok,0.058860628584612766,-0.00043653520608516461
D285_F05_V01,285,5,xm,five_position_common,detrended_51,492,6,0.83333333333333337,1,0.91666666666666663,4,75,100,87.5,True,0.097184739422405936,492,ok,0.074663202251004659,0.022521537171401276
D285_F05_V01,285,5,zp,five_position_common,detrended_51,492,3,0.33333333333333331,0.5,0.41666666666666669,1,0,25,12.5,True,0.22167372257160195,492,ok,0.21455888278566562,0.0071148397859363277
D285_F05_V01,285,5,zp,five_position_common,detrended_51,492,3,0.33333333333333331,0.5,0.41666666666666669,2,25,50,37.5,True,0.11975035103916959,492,ok,0.16179153599178636,-0.042041184952616772
D285_F05_V01,285,5,zp,five_position_common,detrended_51,492,3,0.33333333333333331,0.5,0.41666666666666669,3,50,75,62.5,True,0.16535136659574354,492,ok,0.12022693685127235,0.045124429744471187
D285_F05_V01,285,5,zp,five_position_common,detrended_51,492,3,0.33333333333333331,0.5,0.41666666666666669,4,75,100,87.5,True,0.096796880936255172,492,ok,0.166223656692394,-0.069426775756138828
D285_F05_V01,285,5,zp,five_position_common,detrended_51,492,4,0.5,0.66666666666666663,0.58333333333333337,1,0,25,12.5,True,0.2508682939474054,492,ok,0.22311725151939751,0.027751042428007883
D285_F05_V01,285,5,zp,five_position_common,detrended_51,492,4,0.5,0.66666666666666663,0.58333333333333337,2,25,50,37.5,True,0.14101807840306299,492,ok,0.20435402076881901,-0.063335942365756015
D285_F05_V01,285,5,zp,five_position_common,detrended_51,492,4,0.5,0.66666666666666663,0.58333333333333337,3,50,75,62.5,True,0.21372376351889708,492,ok,0.17122533660406319,0.042498426914833881
D285_F05_V01,285,5,zp,five_position_common,detrended_51,492,4,0.5,0.66666666666666663,0.58333333333333337,4,75,100,87.5,True,0.063695175650260921,492,ok,0.10695048984308514,-0.043255314192824218
D285_F05_V01,285,5,zp,five_position_common,detrended_51,492,5,0.66666666666666663,0.83333333333333337,0.75,1,0,25,12.5,True,0.12595569230305467,492,ok,0.1323099936682901,-0.0063543013652354319
D285_F05_V01,285,5,zp,five_position_common,detrended_51,492,5,0.66666666666666663,0.83333333333333337,0.75,2,25,50,37.5,True,0.13512920310039275,492,ok,0.20662092868099649,-0.071491725580603738
D285_F05_V01,285,5,zp,five_position_common,detrended_51,492,5,0.66666666666666663,0.83333333333333337,0.75,3,50,75,62.5,True,0.069050068703477768,492,ok,0.071428643400409692,-0.0023785746969319232
D285_F05_V01,285,5,zp,five_position_common,detrended_51,492,5,0.66666666666666663,0.83333333333333337,0.75,4,75,100,87.5,True,0.1220843335939176,492,ok,0.077397610795222213,0.044686722798695386
D285_F05_V01,285,5,zp,five_position_common,detrended_51,492,6,0.83333333333333337,1,0.91666666666666663,1,0,25,12.5,True,0.10686607591602799,492,ok,0.10623820362676446,0.00062787228926353134
D285_F05_V01,285,5,zp,five_position_common,detrended_51,492,6,0.83333333333333337,1,0.91666666666666663,2,25,50,37.5,True,0.099074757785790321,492,ok,0.13654465532043653,-0.037469897534646204
D285_F05_V01,285,5,zp,five_position_common,detrended_51,492,6,0.83333333333333337,1,0.91666666666666663,3,50,75,62.5,True,0.085991525199177854,492,ok,0.058860628584612766,0.027130896614565088
D285_F05_V01,285,5,zp,five_position_common,detrended_51,492,6,0.83333333333333337,1,0.91666666666666663,4,75,100,87.5,True,0.044532155428847336,492,ok,0.074663202251004659,-0.030131046822157323
D285_F05_V01,285,5,zm,five_position_common,detrended_51,492,3,0.33333333333333331,0.5,0.41666666666666669,1,0,25,12.5,True,0.18693241066435537,492,ok,0.21455888278566562,-0.027626472121310253
D285_F05_V01,285,5,zm,five_position_common,detrended_51,492,3,0.33333333333333331,0.5,0.41666666666666669,2,25,50,37.5,True,0.1614020595883757,492,ok,0.16179153599178636,-0.00038947640341066569
D285_F05_V01,285,5,zm,five_position_common,detrended_51,492,3,0.33333333333333331,0.5,0.41666666666666669,3,50,75,62.5,True,0.13006218587873256,492,ok,0.12022693685127235,0.009835249027460205
D285_F05_V01,285,5,zm,five_position_common,detrended_51,492,3,0.33333333333333331,0.5,0.41666666666666669,4,75,100,87.5,True,0.181040751616003,492,ok,0.166223656692394,0.014817094923608998
D285_F05_V01,285,5,zm,five_position_common,detrended_51,492,4,0.5,0.66666666666666663,0.58333333333333337,1,0,25,12.5,True,0.21645992979829007,492,ok,0.22311725151939751,-0.0066573217211074454
D285_F05_V01,285,5,zm,five_position_common,detrended_51,492,4,0.5,0.66666666666666663,0.58333333333333337,2,25,50,37.5,True,0.18436074457005644,492,ok,0.20435402076881901,-0.019993276198762566
D285_F05_V01,285,5,zm,five_position_common,detrended_51,492,4,0.5,0.66666666666666663,0.58333333333333337,3,50,75,62.5,True,0.15239643154729934,492,ok,0.17122533660406319,-0.018828905056763851
D285_F05_V01,285,5,zm,five_position_common,detrended_51,492,4,0.5,0.66666666666666663,0.58333333333333337,4,75,100,87.5,True,0.12196126729204941,492,ok,0.10695048984308514,0.015010777448964271
D285_F05_V01,285,5,zm,five_position_common,detrended_51,492,5,0.66666666666666663,0.83333333333333337,0.75,1,0,25,12.5,True,0.14724467612181621,492,ok,0.1323099936682901,0.01493468245352611
D285_F05_V01,285,5,zm,five_position_common,detrended_51,492,5,0.66666666666666663,0.83333333333333337,0.75,2,25,50,37.5,True,0.19139943173108215,492,ok,0.20662092868099649,-0.015221496949914343
D285_F05_V01,285,5,zm,five_position_common,detrended_51,492,5,0.66666666666666663,0.83333333333333337,0.75,3,50,75,62.5,True,0.13400149775013934,492,ok,0.071428643400409692,0.062572854349729645
D285_F05_V01,285,5,zm,five_position_common,detrended_51,492,5,0.66666666666666663,0.83333333333333337,0.75,4,75,100,87.5,True,0.11378068003614319,492,ok,0.077397610795222213,0.036383069240920982
D285_F05_V01,285,5,zm,five_position_common,detrended_51,492,6,0.83333333333333337,1,0.91666666666666663,1,0,25,12.5,True,0.08217571163581977,492,ok,0.10623820362676446,-0.024062491990944693
D285_F05_V01,285,5,zm,five_position_common,detrended_51,492,6,0.83333333333333337,1,0.91666666666666663,2,25,50,37.5,True,0.091072817537991749,492,ok,0.13654465532043653,-0.045471837782444777
D285_F05_V01,285,5,zm,five_position_common,detrended_51,492,6,0.83333333333333337,1,0.91666666666666663,3,50,75,62.5,True,0.07556159790976863,492,ok,0.058860628584612766,0.016700969325155864
D285_F05_V01,285,5,zm,five_position_common,detrended_51,492,6,0.83333333333333337,1,0.91666666666666663,4,75,100,87.5,True,0.075707156712325099,492,ok,0.074663202251004659,0.0010439544613204399
D285_F07_V01,285,7,baseline,five_position_common,detrended_51,458,3,0.33333333333333331,0.5,0.41666666666666669,1,0,25,12.5,True,0.16539237896801273,458,ok,0.16539237896801273,0
D285_F07_V01,285,7,baseline,five_position_common,detrended_51,458,3,0.33333333333333331,0.5,0.41666666666666669,2,25,50,37.5,True,0.15389167291441586,458,ok,0.15389167291441586,0
D285_F07_V01,285,7,baseline,five_position_common,detrended_51,458,3,0.33333333333333331,0.5,0.41666666666666669,3,50,75,62.5,True,0.088634097420451849,458,ok,0.088634097420451849,0
D285_F07_V01,285,7,baseline,five_position_common,detrended_51,458,3,0.33333333333333331,0.5,0.41666666666666669,4,75,100,87.5,True,0.13910819207196276,458,ok,0.13910819207196276,0
D285_F07_V01,285,7,baseline,five_position_common,detrended_51,458,4,0.5,0.66666666666666663,0.58333333333333337,1,0,25,12.5,True,0.21154730426429985,458,ok,0.21154730426429985,0
D285_F07_V01,285,7,baseline,five_position_common,detrended_51,458,4,0.5,0.66666666666666663,0.58333333333333337,2,25,50,37.5,True,0.13091883290312498,458,ok,0.13091883290312498,0
D285_F07_V01,285,7,baseline,five_position_common,detrended_51,458,4,0.5,0.66666666666666663,0.58333333333333337,3,50,75,62.5,True,0.089175803347035371,458,ok,0.089175803347035371,0
D285_F07_V01,285,7,baseline,five_position_common,detrended_51,458,4,0.5,0.66666666666666663,0.58333333333333337,4,75,100,87.5,True,0.18497678524565311,458,ok,0.18497678524565311,0
D285_F07_V01,285,7,baseline,five_position_common,detrended_51,458,5,0.66666666666666663,0.83333333333333337,0.75,1,0,25,12.5,True,0.086639603646979549,458,ok,0.086639603646979549,0
D285_F07_V01,285,7,baseline,five_position_common,detrended_51,458,5,0.66666666666666663,0.83333333333333337,0.75,2,25,50,37.5,True,0.11658813594516604,458,ok,0.11658813594516604,0
D285_F07_V01,285,7,baseline,five_position_common,detrended_51,458,5,0.66666666666666663,0.83333333333333337,0.75,3,50,75,62.5,True,0.063433424469865302,458,ok,0.063433424469865302,0
D285_F07_V01,285,7,baseline,five_position_common,detrended_51,458,5,0.66666666666666663,0.83333333333333337,0.75,4,75,100,87.5,True,0.068140989856350878,458,ok,0.068140989856350878,0
D285_F07_V01,285,7,baseline,five_position_common,detrended_51,458,6,0.83333333333333337,1,0.91666666666666663,1,0,25,12.5,True,0.11987601216945938,458,ok,0.11987601216945938,0
D285_F07_V01,285,7,baseline,five_position_common,detrended_51,458,6,0.83333333333333337,1,0.91666666666666663,2,25,50,37.5,True,0.10273319321250067,458,ok,0.10273319321250067,0
D285_F07_V01,285,7,baseline,five_position_common,detrended_51,458,6,0.83333333333333337,1,0.91666666666666663,3,50,75,62.5,True,0.00083631645662637889,458,ok,0.00083631645662637889,0
D285_F07_V01,285,7,baseline,five_position_common,detrended_51,458,6,0.83333333333333337,1,0.91666666666666663,4,75,100,87.5,True,0.011309278344722215,458,ok,0.011309278344722215,0
D285_F07_V01,285,7,xp,five_position_common,detrended_51,458,3,0.33333333333333331,0.5,0.41666666666666669,1,0,25,12.5,True,0.15731807902239642,458,ok,0.16539237896801273,-0.0080742999456163145
D285_F07_V01,285,7,xp,five_position_common,detrended_51,458,3,0.33333333333333331,0.5,0.41666666666666669,2,25,50,37.5,True,0.1620769483852284,458,ok,0.15389167291441586,0.0081852754708125475
D285_F07_V01,285,7,xp,five_position_common,detrended_51,458,3,0.33333333333333331,0.5,0.41666666666666669,3,50,75,62.5,True,0.095381658159870056,458,ok,0.088634097420451849,0.0067475607394182069
D285_F07_V01,285,7,xp,five_position_common,detrended_51,458,3,0.33333333333333331,0.5,0.41666666666666669,4,75,100,87.5,True,0.12310086010168761,458,ok,0.13910819207196276,-0.016007331970275152
D285_F07_V01,285,7,xp,five_position_common,detrended_51,458,4,0.5,0.66666666666666663,0.58333333333333337,1,0,25,12.5,True,0.20042338923230349,458,ok,0.21154730426429985,-0.011123915031996362
D285_F07_V01,285,7,xp,five_position_common,detrended_51,458,4,0.5,0.66666666666666663,0.58333333333333337,2,25,50,37.5,True,0.14988478652250728,458,ok,0.13091883290312498,0.018965953619382303
D285_F07_V01,285,7,xp,five_position_common,detrended_51,458,4,0.5,0.66666666666666663,0.58333333333333337,3,50,75,62.5,True,0.12129154740312621,458,ok,0.089175803347035371,0.032115744056090842
D285_F07_V01,285,7,xp,five_position_common,detrended_51,458,4,0.5,0.66666666666666663,0.58333333333333337,4,75,100,87.5,True,0.20683197008078774,458,ok,0.18497678524565311,0.021855184835134628
D285_F07_V01,285,7,xp,five_position_common,detrended_51,458,5,0.66666666666666663,0.83333333333333337,0.75,1,0,25,12.5,True,0.082769194152234535,458,ok,0.086639603646979549,-0.0038704094947450141
D285_F07_V01,285,7,xp,five_position_common,detrended_51,458,5,0.66666666666666663,0.83333333333333337,0.75,2,25,50,37.5,True,0.082418265634603527,458,ok,0.11658813594516604,-0.034169870310562511
D285_F07_V01,285,7,xp,five_position_common,detrended_51,458,5,0.66666666666666663,0.83333333333333337,0.75,3,50,75,62.5,True,0.11450870439347925,458,ok,0.063433424469865302,0.05107527992361395
D285_F07_V01,285,7,xp,five_position_common,detrended_51,458,5,0.66666666666666663,0.83333333333333337,0.75,4,75,100,87.5,True,0.041369799285259044,458,ok,0.068140989856350878,-0.026771190571091834
D285_F07_V01,285,7,xp,five_position_common,detrended_51,458,6,0.83333333333333337,1,0.91666666666666663,1,0,25,12.5,True,0.11116595258004054,458,ok,0.11987601216945938,-0.0087100595894188393
D285_F07_V01,285,7,xp,five_position_common,detrended_51,458,6,0.83333333333333337,1,0.91666666666666663,2,25,50,37.5,True,0.1075458206348293,458,ok,0.10273319321250067,0.0048126274223286303
D285_F07_V01,285,7,xp,five_position_common,detrended_51,458,6,0.83333333333333337,1,0.91666666666666663,3,50,75,62.5,True,0.0063893178325115148,458,ok,0.00083631645662637889,0.0055530013758851356
D285_F07_V01,285,7,xp,five_position_common,detrended_51,458,6,0.83333333333333337,1,0.91666666666666663,4,75,100,87.5,True,0.020654983920058326,458,ok,0.011309278344722215,0.0093457055753361114
D285_F07_V01,285,7,xm,five_position_common,detrended_51,458,3,0.33333333333333331,0.5,0.41666666666666669,1,0,25,12.5,True,0.18019048280550828,458,ok,0.16539237896801273,0.014798103837495552
D285_F07_V01,285,7,xm,five_position_common,detrended_51,458,3,0.33333333333333331,0.5,0.41666666666666669,2,25,50,37.5,True,0.12714844526402402,458,ok,0.15389167291441586,-0.026743227650391832
D285_F07_V01,285,7,xm,five_position_common,detrended_51,458,3,0.33333333333333331,0.5,0.41666666666666669,3,50,75,62.5,True,0.060979376012411775,458,ok,0.088634097420451849,-0.027654721408040074
D285_F07_V01,285,7,xm,five_position_common,detrended_51,458,3,0.33333333333333331,0.5,0.41666666666666669,4,75,100,87.5,True,0.13916593507413394,458,ok,0.13910819207196276,5.7743002171178892e-05
D285_F07_V01,285,7,xm,five_position_common,detrended_51,458,4,0.5,0.66666666666666663,0.58333333333333337,1,0,25,12.5,True,0.22821844511538097,458,ok,0.21154730426429985,0.016671140851081123
D285_F07_V01,285,7,xm,five_position_common,detrended_51,458,4,0.5,0.66666666666666663,0.58333333333333337,2,25,50,37.5,True,0.11336763095271429,458,ok,0.13091883290312498,-0.017551201950410683
D285_F07_V01,285,7,xm,five_position_common,detrended_51,458,4,0.5,0.66666666666666663,0.58333333333333337,3,50,75,62.5,True,0.076760649539851289,458,ok,0.089175803347035371,-0.012415153807184082
D285_F07_V01,285,7,xm,five_position_common,detrended_51,458,4,0.5,0.66666666666666663,0.58333333333333337,4,75,100,87.5,True,0.1701801744469289,458,ok,0.18497678524565311,-0.014796610798724213
D285_F07_V01,285,7,xm,five_position_common,detrended_51,458,5,0.66666666666666663,0.83333333333333337,0.75,1,0,25,12.5,True,0.13092481019472285,458,ok,0.086639603646979549,0.044285206547743303
D285_F07_V01,285,7,xm,five_position_common,detrended_51,458,5,0.66666666666666663,0.83333333333333337,0.75,2,25,50,37.5,True,0.087855644283413678,458,ok,0.11658813594516604,-0.02873249166175236
D285_F07_V01,285,7,xm,five_position_common,detrended_51,458,5,0.66666666666666663,0.83333333333333337,0.75,3,50,75,62.5,True,0.061936256523014412,458,ok,0.063433424469865302,-0.00149716794685089
D285_F07_V01,285,7,xm,five_position_common,detrended_51,458,5,0.66666666666666663,0.83333333333333337,0.75,4,75,100,87.5,True,0.094197218206383299,458,ok,0.068140989856350878,0.02605622835003242
D285_F07_V01,285,7,xm,five_position_common,detrended_51,458,6,0.83333333333333337,1,0.91666666666666663,1,0,25,12.5,True,0.11863177550967179,458,ok,0.11987601216945938,-0.0012442366597875953
D285_F07_V01,285,7,xm,five_position_common,detrended_51,458,6,0.83333333333333337,1,0.91666666666666663,2,25,50,37.5,True,0.059628028944272611,458,ok,0.10273319321250067,-0.043105164268228059
D285_F07_V01,285,7,xm,five_position_common,detrended_51,458,6,0.83333333333333337,1,0.91666666666666663,3,50,75,62.5,True,0.025678930986345678,458,ok,0.00083631645662637889,0.024842614529719299
D285_F07_V01,285,7,xm,five_position_common,detrended_51,458,6,0.83333333333333337,1,0.91666666666666663,4,75,100,87.5,True,0.020993059302564766,458,ok,0.011309278344722215,0.0096837809578425513
D285_F07_V01,285,7,zp,five_position_common,detrended_51,458,3,0.33333333333333331,0.5,0.41666666666666669,1,0,25,12.5,True,0.19452537227922664,458,ok,0.16539237896801273,0.029132993311213912
D285_F07_V01,285,7,zp,five_position_common,detrended_51,458,3,0.33333333333333331,0.5,0.41666666666666669,2,25,50,37.5,True,0.13217093134844549,458,ok,0.15389167291441586,-0.02172074156597037
D285_F07_V01,285,7,zp,five_position_common,detrended_51,458,3,0.33333333333333331,0.5,0.41666666666666669,3,50,75,62.5,True,0.079967186914986069,458,ok,0.088634097420451849,-0.0086669105054657802
D285_F07_V01,285,7,zp,five_position_common,detrended_51,458,3,0.33333333333333331,0.5,0.41666666666666669,4,75,100,87.5,True,0.13983134776603978,458,ok,0.13910819207196276,0.00072315569407702118
D285_F07_V01,285,7,zp,five_position_common,detrended_51,458,4,0.5,0.66666666666666663,0.58333333333333337,1,0,25,12.5,True,0.19128865212604115,458,ok,0.21154730426429985,-0.020258652138258698
D285_F07_V01,285,7,zp,five_position_common,detrended_51,458,4,0.5,0.66666666666666663,0.58333333333333337,2,25,50,37.5,True,0.12336150758882504,458,ok,0.13091883290312498,-0.0075573253142999369
D285_F07_V01,285,7,zp,five_position_common,detrended_51,458,4,0.5,0.66666666666666663,0.58333333333333337,3,50,75,62.5,True,0.045270824165674552,458,ok,0.089175803347035371,-0.043904979181360819
D285_F07_V01,285,7,zp,five_position_common,detrended_51,458,4,0.5,0.66666666666666663,0.58333333333333337,4,75,100,87.5,True,0.22828489563431723,458,ok,0.18497678524565311,0.043308110388664112
D285_F07_V01,285,7,zp,five_position_common,detrended_51,458,5,0.66666666666666663,0.83333333333333337,0.75,1,0,25,12.5,True,0.07615705085633187,458,ok,0.086639603646979549,-0.010482552790647678
D285_F07_V01,285,7,zp,five_position_common,detrended_51,458,5,0.66666666666666663,0.83333333333333337,0.75,2,25,50,37.5,True,0.064297528754718919,458,ok,0.11658813594516604,-0.052290607190447119
D285_F07_V01,285,7,zp,five_position_common,detrended_51,458,5,0.66666666666666663,0.83333333333333337,0.75,3,50,75,62.5,True,0.030418539472878762,458,ok,0.063433424469865302,-0.033014884996986543
D285_F07_V01,285,7,zp,five_position_common,detrended_51,458,5,0.66666666666666663,0.83333333333333337,0.75,4,75,100,87.5,True,0.037718199300532912,458,ok,0.068140989856350878,-0.030422790555817966
D285_F07_V01,285,7,zp,five_position_common,detrended_51,458,6,0.83333333333333337,1,0.91666666666666663,1,0,25,12.5,True,0.18635667291298816,458,ok,0.11987601216945938,0.066480660743528777
D285_F07_V01,285,7,zp,five_position_common,detrended_51,458,6,0.83333333333333337,1,0.91666666666666663,2,25,50,37.5,True,0.038596076733381057,458,ok,0.10273319321250067,-0.064137116479119613
D285_F07_V01,285,7,zp,five_position_common,detrended_51,458,6,0.83333333333333337,1,0.91666666666666663,3,50,75,62.5,True,0.071490001226934302,458,ok,0.00083631645662637889,0.070653684770307923
D285_F07_V01,285,7,zp,five_position_common,detrended_51,458,6,0.83333333333333337,1,0.91666666666666663,4,75,100,87.5,True,0.036554895202960687,458,ok,0.011309278344722215,0.025245616858238472
D285_F07_V01,285,7,zm,five_position_common,detrended_51,458,3,0.33333333333333331,0.5,0.41666666666666669,1,0,25,12.5,True,0.18681854997092004,458,ok,0.16539237896801273,0.021426171002907307
D285_F07_V01,285,7,zm,five_position_common,detrended_51,458,3,0.33333333333333331,0.5,0.41666666666666669,2,25,50,37.5,True,0.17431805541273385,458,ok,0.15389167291441586,0.020426382498317991
D285_F07_V01,285,7,zm,five_position_common,detrended_51,458,3,0.33333333333333331,0.5,0.41666666666666669,3,50,75,62.5,True,0.087136656452215744,458,ok,0.088634097420451849,-0.0014974409682361051
D285_F07_V01,285,7,zm,five_position_common,detrended_51,458,3,0.33333333333333331,0.5,0.41666666666666669,4,75,100,87.5,True,0.10793783513244759,458,ok,0.13910819207196276,-0.03117035693951517
D285_F07_V01,285,7,zm,five_position_common,detrended_51,458,4,0.5,0.66666666666666663,0.58333333333333337,1,0,25,12.5,True,0.22149636121235422,458,ok,0.21154730426429985,0.0099490569480543689
D285_F07_V01,285,7,zm,five_position_common,detrended_51,458,4,0.5,0.66666666666666663,0.58333333333333337,2,25,50,37.5,True,0.14093334604896429,458,ok,0.13091883290312498,0.010014513145839316
D285_F07_V01,285,7,zm,five_position_common,detrended_51,458,4,0.5,0.66666666666666663,0.58333333333333337,3,50,75,62.5,True,0.084136596116736892,458,ok,0.089175803347035371,-0.0050392072302984786
D285_F07_V01,285,7,zm,five_position_common,detrended_51,458,4,0.5,0.66666666666666663,0.58333333333333337,4,75,100,87.5,True,0.10946767707405454,458,ok,0.18497678524565311,-0.075509108171598574
D285_F07_V01,285,7,zm,five_position_common,detrended_51,458,5,0.66666666666666663,0.83333333333333337,0.75,1,0,25,12.5,True,0.12116940471419051,458,ok,0.086639603646979549,0.034529801067210958
D285_F07_V01,285,7,zm,five_position_common,detrended_51,458,5,0.66666666666666663,0.83333333333333337,0.75,2,25,50,37.5,True,0.094962296336317989,458,ok,0.11658813594516604,-0.021625839608848049
D285_F07_V01,285,7,zm,five_position_common,detrended_51,458,5,0.66666666666666663,0.83333333333333337,0.75,3,50,75,62.5,True,0.090645499718453398,458,ok,0.063433424469865302,0.027212075248588097
D285_F07_V01,285,7,zm,five_position_common,detrended_51,458,5,0.66666666666666663,0.83333333333333337,0.75,4,75,100,87.5,True,0.088193570505761917,458,ok,0.068140989856350878,0.020052580649411039
D285_F07_V01,285,7,zm,five_position_common,detrended_51,458,6,0.83333333333333337,1,0.91666666666666663,1,0,25,12.5,True,-0.013823502170806773,458,ok,0.11987601216945938,-0.13369951434026617
D285_F07_V01,285,7,zm,five_position_common,detrended_51,458,6,0.83333333333333337,1,0.91666666666666663,2,25,50,37.5,True,0.1396570364498308,458,ok,0.10273319321250067,0.036923843237330126
D285_F07_V01,285,7,zm,five_position_common,detrended_51,458,6,0.83333333333333337,1,0.91666666666666663,3,50,75,62.5,True,0.0074415596991774316,458,ok,0.00083631645662637889,0.0066052432425510524
D285_F07_V01,285,7,zm,five_position_common,detrended_51,458,6,0.83333333333333337,1,0.91666666666666663,4,75,100,87.5,True,-5.8331865408606756e-05,458,ok,0.011309278344722215,-0.011367610210130821
D285_F10_V01,285,10,baseline,five_position_common,detrended_51,494,3,0.33333333333333331,0.5,0.41666666666666669,1,0,25,12.5,True,0.28102277933555264,494,ok,0.28102277933555264,0
D285_F10_V01,285,10,baseline,five_position_common,detrended_51,494,3,0.33333333333333331,0.5,0.41666666666666669,2,25,50,37.5,True,0.27818120134372315,494,ok,0.27818120134372315,0
D285_F10_V01,285,10,baseline,five_position_common,detrended_51,494,3,0.33333333333333331,0.5,0.41666666666666669,3,50,75,62.5,True,0.11806718171037599,494,ok,0.11806718171037599,0
D285_F10_V01,285,10,baseline,five_position_common,detrended_51,494,3,0.33333333333333331,0.5,0.41666666666666669,4,75,100,87.5,True,0.17659051096479481,494,ok,0.17659051096479481,0
D285_F10_V01,285,10,baseline,five_position_common,detrended_51,494,4,0.5,0.66666666666666663,0.58333333333333337,1,0,25,12.5,True,0.29037779248379431,494,ok,0.29037779248379431,0
D285_F10_V01,285,10,baseline,five_position_common,detrended_51,494,4,0.5,0.66666666666666663,0.58333333333333337,2,25,50,37.5,True,0.1930360247277475,494,ok,0.1930360247277475,0
D285_F10_V01,285,10,baseline,five_position_common,detrended_51,494,4,0.5,0.66666666666666663,0.58333333333333337,3,50,75,62.5,True,0.16753901242913666,494,ok,0.16753901242913666,0
D285_F10_V01,285,10,baseline,five_position_common,detrended_51,494,4,0.5,0.66666666666666663,0.58333333333333337,4,75,100,87.5,True,0.15762141790630499,494,ok,0.15762141790630499,0
D285_F10_V01,285,10,baseline,five_position_common,detrended_51,494,5,0.66666666666666663,0.83333333333333337,0.75,1,0,25,12.5,True,0.26380792936802466,494,ok,0.26380792936802466,0
D285_F10_V01,285,10,baseline,five_position_common,detrended_51,494,5,0.66666666666666663,0.83333333333333337,0.75,2,25,50,37.5,True,0.24013618684264673,494,ok,0.24013618684264673,0
D285_F10_V01,285,10,baseline,five_position_common,detrended_51,494,5,0.66666666666666663,0.83333333333333337,0.75,3,50,75,62.5,True,0.1386550500073564,494,ok,0.1386550500073564,0
D285_F10_V01,285,10,baseline,five_position_common,detrended_51,494,5,0.66666666666666663,0.83333333333333337,0.75,4,75,100,87.5,True,0.17564958565654468,494,ok,0.17564958565654468,0
D285_F10_V01,285,10,baseline,five_position_common,detrended_51,494,6,0.83333333333333337,1,0.91666666666666663,1,0,25,12.5,True,0.15939558296438533,494,ok,0.15939558296438533,0
D285_F10_V01,285,10,baseline,five_position_common,detrended_51,494,6,0.83333333333333337,1,0.91666666666666663,2,25,50,37.5,True,0.065525495266424802,494,ok,0.065525495266424802,0
D285_F10_V01,285,10,baseline,five_position_common,detrended_51,494,6,0.83333333333333337,1,0.91666666666666663,3,50,75,62.5,True,0.095576198422780076,494,ok,0.095576198422780076,0
D285_F10_V01,285,10,baseline,five_position_common,detrended_51,494,6,0.83333333333333337,1,0.91666666666666663,4,75,100,87.5,True,0.13670498077540091,494,ok,0.13670498077540091,0
D285_F10_V01,285,10,xp,five_position_common,detrended_51,494,3,0.33333333333333331,0.5,0.41666666666666669,1,0,25,12.5,True,0.25362794206536909,494,ok,0.28102277933555264,-0.027394837270183547
D285_F10_V01,285,10,xp,five_position_common,detrended_51,494,3,0.33333333333333331,0.5,0.41666666666666669,2,25,50,37.5,True,0.27982410953586118,494,ok,0.27818120134372315,0.0016429081921380262
D285_F10_V01,285,10,xp,five_position_common,detrended_51,494,3,0.33333333333333331,0.5,0.41666666666666669,3,50,75,62.5,True,0.13743819072717817,494,ok,0.11806718171037599,0.019371009016802179
D285_F10_V01,285,10,xp,five_position_common,detrended_51,494,3,0.33333333333333331,0.5,0.41666666666666669,4,75,100,87.5,True,0.17200179822629788,494,ok,0.17659051096479481,-0.0045887127384969251
D285_F10_V01,285,10,xp,five_position_common,detrended_51,494,4,0.5,0.66666666666666663,0.58333333333333337,1,0,25,12.5,True,0.27761012477792885,494,ok,0.29037779248379431,-0.01276766770586546
D285_F10_V01,285,10,xp,five_position_common,detrended_51,494,4,0.5,0.66666666666666663,0.58333333333333337,2,25,50,37.5,True,0.20141779798985585,494,ok,0.1930360247277475,0.0083817732621083441
D285_F10_V01,285,10,xp,five_position_common,detrended_51,494,4,0.5,0.66666666666666663,0.58333333333333337,3,50,75,62.5,True,0.20029173197551042,494,ok,0.16753901242913666,0.032752719546373765
D285_F10_V01,285,10,xp,five_position_common,detrended_51,494,4,0.5,0.66666666666666663,0.58333333333333337,4,75,100,87.5,True,0.17187235047555849,494,ok,0.15762141790630499,0.014250932569253499
D285_F10_V01,285,10,xp,five_position_common,detrended_51,494,5,0.66666666666666663,0.83333333333333337,0.75,1,0,25,12.5,True,0.21800826318303859,494,ok,0.26380792936802466,-0.045799666184986071
D285_F10_V01,285,10,xp,five_position_common,detrended_51,494,5,0.66666666666666663,0.83333333333333337,0.75,2,25,50,37.5,True,0.24659327801109676,494,ok,0.24013618684264673,0.0064570911684500298
D285_F10_V01,285,10,xp,five_position_common,detrended_51,494,5,0.66666666666666663,0.83333333333333337,0.75,3,50,75,62.5,True,0.18341852015177521,494,ok,0.1386550500073564,0.04476347014441881
D285_F10_V01,285,10,xp,five_position_common,detrended_51,494,5,0.66666666666666663,0.83333333333333337,0.75,4,75,100,87.5,True,0.21031941056621331,494,ok,0.17564958565654468,0.034669824909668634
D285_F10_V01,285,10,xp,five_position_common,detrended_51,494,6,0.83333333333333337,1,0.91666666666666663,1,0,25,12.5,True,0.18696762118503979,494,ok,0.15939558296438533,0.02757203822065446
D285_F10_V01,285,10,xp,five_position_common,detrended_51,494,6,0.83333333333333337,1,0.91666666666666663,2,25,50,37.5,True,0.072314572181534489,494,ok,0.065525495266424802,0.0067890769151096875
D285_F10_V01,285,10,xp,five_position_common,detrended_51,494,6,0.83333333333333337,1,0.91666666666666663,3,50,75,62.5,True,0.091060693159732337,494,ok,0.095576198422780076,-0.0045155052630477394
D285_F10_V01,285,10,xp,five_position_common,detrended_51,494,6,0.83333333333333337,1,0.91666666666666663,4,75,100,87.5,True,0.12213752995758882,494,ok,0.13670498077540091,-0.014567450817812092
D285_F10_V01,285,10,xm,five_position_common,detrended_51,494,3,0.33333333333333331,0.5,0.41666666666666669,1,0,25,12.5,True,0.30868929126290423,494,ok,0.28102277933555264,0.027666511927351589
D285_F10_V01,285,10,xm,five_position_common,detrended_51,494,3,0.33333333333333331,0.5,0.41666666666666669,2,25,50,37.5,True,0.28758383948976984,494,ok,0.27818120134372315,0.0094026381460466935
D285_F10_V01,285,10,xm,five_position_common,detrended_51,494,3,0.33333333333333331,0.5,0.41666666666666669,3,50,75,62.5,True,0.15037932949298849,494,ok,0.11806718171037599,0.032312147782612502
D285_F10_V01,285,10,xm,five_position_common,detrended_51,494,3,0.33333333333333331,0.5,0.41666666666666669,4,75,100,87.5,True,0.16399047723565621,494,ok,0.17659051096479481,-0.012600033729138593
D285_F10_V01,285,10,xm,five_position_common,detrended_51,494,4,0.5,0.66666666666666663,0.58333333333333337,1,0,25,12.5,True,0.30768364760215883,494,ok,0.29037779248379431,0.017305855118364522
D285_F10_V01,285,10,xm,five_position_common,detrended_51,494,4,0.5,0.66666666666666663,0.58333333333333337,2,25,50,37.5,True,0.21766335214507584,494,ok,0.1930360247277475,0.024627327417328343
D285_F10_V01,285,10,xm,five_position_common,detrended_51,494,4,0.5,0.66666666666666663,0.58333333333333337,3,50,75,62.5,True,0.15233532934132799,494,ok,0.16753901242913666,-0.015203683087808673
D285_F10_V01,285,10,xm,five_position_common,detrended_51,494,4,0.5,0.66666666666666663,0.58333333333333337,4,75,100,87.5,True,0.14719729844055987,494,ok,0.15762141790630499,-0.010424119465745119
D285_F10_V01,285,10,xm,five_position_common,detrended_51,494,5,0.66666666666666663,0.83333333333333337,0.75,1,0,25,12.5,True,0.2667871350806611,494,ok,0.26380792936802466,0.0029792057126364346
D285_F10_V01,285,10,xm,five_position_common,detrended_51,494,5,0.66666666666666663,0.83333333333333337,0.75,2,25,50,37.5,True,0.22632557729793731,494,ok,0.24013618684264673,-0.013810609544709418
D285_F10_V01,285,10,xm,five_position_common,detrended_51,494,5,0.66666666666666663,0.83333333333333337,0.75,3,50,75,62.5,True,0.11848376567098093,494,ok,0.1386550500073564,-0.020171284336375467
D285_F10_V01,285,10,xm,five_position_common,detrended_51,494,5,0.66666666666666663,0.83333333333333337,0.75,4,75,100,87.5,True,0.15881892560015073,494,ok,0.17564958565654468,-0.016830660056393942
D285_F10_V01,285,10,xm,five_position_common,detrended_51,494,6,0.83333333333333337,1,0.91666666666666663,1,0,25,12.5,True,0.13287279090200937,494,ok,0.15939558296438533,-0.026522792062375955
D285_F10_V01,285,10,xm,five_position_common,detrended_51,494,6,0.83333333333333337,1,0.91666666666666663,2,25,50,37.5,True,0.044754367674144313,494,ok,0.065525495266424802,-0.020771127592280489
D285_F10_V01,285,10,xm,five_position_common,detrended_51,494,6,0.83333333333333337,1,0.91666666666666663,3,50,75,62.5,True,0.059064790193655542,494,ok,0.095576198422780076,-0.036511408229124534
D285_F10_V01,285,10,xm,five_position_common,detrended_51,494,6,0.83333333333333337,1,0.91666666666666663,4,75,100,87.5,True,0.13030679216104066,494,ok,0.13670498077540091,-0.0063981886143602562
D285_F10_V01,285,10,zp,five_position_common,detrended_51,494,3,0.33333333333333331,0.5,0.41666666666666669,1,0,25,12.5,True,0.30724498351096857,494,ok,0.28102277933555264,0.026222204175415931
D285_F10_V01,285,10,zp,five_position_common,detrended_51,494,3,0.33333333333333331,0.5,0.41666666666666669,2,25,50,37.5,True,0.22227886729104859,494,ok,0.27818120134372315,-0.055902334052674557
D285_F10_V01,285,10,zp,five_position_common,detrended_51,494,3,0.33333333333333331,0.5,0.41666666666666669,3,50,75,62.5,True,0.15119438197494156,494,ok,0.11806718171037599,0.033127200264565573
D285_F10_V01,285,10,zp,five_position_common,detrended_51,494,3,0.33333333333333331,0.5,0.41666666666666669,4,75,100,87.5,True,0.17581575732499791,494,ok,0.17659051096479481,-0.00077475363979689904
D285_F10_V01,285,10,zp,five_position_common,detrended_51,494,4,0.5,0.66666666666666663,0.58333333333333337,1,0,25,12.5,True,0.27980309688797916,494,ok,0.29037779248379431,-0.010574695595815142
D285_F10_V01,285,10,zp,five_position_common,detrended_51,494,4,0.5,0.66666666666666663,0.58333333333333337,2,25,50,37.5,True,0.15664097461044355,494,ok,0.1930360247277475,-0.036395050117303956
D285_F10_V01,285,10,zp,five_position_common,detrended_51,494,4,0.5,0.66666666666666663,0.58333333333333337,3,50,75,62.5,True,0.17347673069446734,494,ok,0.16753901242913666,0.0059377182653306826
D285_F10_V01,285,10,zp,five_position_common,detrended_51,494,4,0.5,0.66666666666666663,0.58333333333333337,4,75,100,87.5,True,0.11993856252680184,494,ok,0.15762141790630499,-0.037682855379503152
D285_F10_V01,285,10,zp,five_position_common,detrended_51,494,5,0.66666666666666663,0.83333333333333337,0.75,1,0,25,12.5,True,0.24663451520935897,494,ok,0.26380792936802466,-0.01717341415866569
D285_F10_V01,285,10,zp,five_position_common,detrended_51,494,5,0.66666666666666663,0.83333333333333337,0.75,2,25,50,37.5,True,0.20085547995880867,494,ok,0.24013618684264673,-0.039280706883838057
D285_F10_V01,285,10,zp,five_position_common,detrended_51,494,5,0.66666666666666663,0.83333333333333337,0.75,3,50,75,62.5,True,0.14728678042298149,494,ok,0.1386550500073564,0.008631730415625094
D285_F10_V01,285,10,zp,five_position_common,detrended_51,494,5,0.66666666666666663,0.83333333333333337,0.75,4,75,100,87.5,True,0.14590672665944385,494,ok,0.17564958565654468,-0.029742858997100829
D285_F10_V01,285,10,zp,five_position_common,detrended_51,494,6,0.83333333333333337,1,0.91666666666666663,1,0,25,12.5,True,0.15136384140844769,494,ok,0.15939558296438533,-0.0080317415559376382
D285_F10_V01,285,10,zp,five_position_common,detrended_51,494,6,0.83333333333333337,1,0.91666666666666663,2,25,50,37.5,True,0.057510327559896941,494,ok,0.065525495266424802,-0.0080151677065278606
D285_F10_V01,285,10,zp,five_position_common,detrended_51,494,6,0.83333333333333337,1,0.91666666666666663,3,50,75,62.5,True,0.10541333951962693,494,ok,0.095576198422780076,0.0098371410968468576
D285_F10_V01,285,10,zp,five_position_common,detrended_51,494,6,0.83333333333333337,1,0.91666666666666663,4,75,100,87.5,True,0.089414337704458113,494,ok,0.13670498077540091,-0.047290643070942801
D285_F10_V01,285,10,zm,five_position_common,detrended_51,494,3,0.33333333333333331,0.5,0.41666666666666669,1,0,25,12.5,True,0.23618307970914534,494,ok,0.28102277933555264,-0.044839699626407298
D285_F10_V01,285,10,zm,five_position_common,detrended_51,494,3,0.33333333333333331,0.5,0.41666666666666669,2,25,50,37.5,True,0.29014077953141437,494,ok,0.27818120134372315,0.011959578187691222
D285_F10_V01,285,10,zm,five_position_common,detrended_51,494,3,0.33333333333333331,0.5,0.41666666666666669,3,50,75,62.5,True,0.17381707724957893,494,ok,0.11806718171037599,0.05574989553920294
D285_F10_V01,285,10,zm,five_position_common,detrended_51,494,3,0.33333333333333331,0.5,0.41666666666666669,4,75,100,87.5,True,0.17974338137696466,494,ok,0.17659051096479481,0.0031528704121698559
D285_F10_V01,285,10,zm,five_position_common,detrended_51,494,4,0.5,0.66666666666666663,0.58333333333333337,1,0,25,12.5,True,0.25982586723908174,494,ok,0.29037779248379431,-0.030551925244712563
D285_F10_V01,285,10,zm,five_position_common,detrended_51,494,4,0.5,0.66666666666666663,0.58333333333333337,2,25,50,37.5,True,0.20698721993392161,494,ok,0.1930360247277475,0.013951195206174105
D285_F10_V01,285,10,zm,five_position_common,detrended_51,494,4,0.5,0.66666666666666663,0.58333333333333337,3,50,75,62.5,True,0.23856698093063336,494,ok,0.16753901242913666,0.071027968501496702
D285_F10_V01,285,10,zm,five_position_common,detrended_51,494,4,0.5,0.66666666666666663,0.58333333333333337,4,75,100,87.5,True,0.18603869982611329,494,ok,0.15762141790630499,0.028417281919808302
D285_F10_V01,285,10,zm,five_position_common,detrended_51,494,5,0.66666666666666663,0.83333333333333337,0.75,1,0,25,12.5,True,0.25109164225645159,494,ok,0.26380792936802466,-0.012716287111573077
D285_F10_V01,285,10,zm,five_position_common,detrended_51,494,5,0.66666666666666663,0.83333333333333337,0.75,2,25,50,37.5,True,0.20703623117366413,494,ok,0.24013618684264673,-0.033099955668982606
D285_F10_V01,285,10,zm,five_position_common,detrended_51,494,5,0.66666666666666663,0.83333333333333337,0.75,3,50,75,62.5,True,0.15792957930008514,494,ok,0.1386550500073564,0.019274529292728743
D285_F10_V01,285,10,zm,five_position_common,detrended_51,494,5,0.66666666666666663,0.83333333333333337,0.75,4,75,100,87.5,True,0.18883451639693391,494,ok,0.17564958565654468,0.013184930740389234
D285_F10_V01,285,10,zm,five_position_common,detrended_51,494,6,0.83333333333333337,1,0.91666666666666663,1,0,25,12.5,True,0.19789858250113262,494,ok,0.15939558296438533,0.038502999536747295
D285_F10_V01,285,10,zm,five_position_common,detrended_51,494,6,0.83333333333333337,1,0.91666666666666663,2,25,50,37.5,True,0.10667334193562217,494,ok,0.065525495266424802,0.041147846669197366
D285_F10_V01,285,10,zm,five_position_common,detrended_51,494,6,0.83333333333333337,1,0.91666666666666663,3,50,75,62.5,True,0.078216811062030558,494,ok,0.095576198422780076,-0.017359387360749517
D285_F10_V01,285,10,zm,five_position_common,detrended_51,494,6,0.83333333333333337,1,0.91666666666666663,4,75,100,87.5,True,0.15326036228238846,494,ok,0.13670498077540091,0.016555381506987543
