scan_id,diameter_um,flow_mm_s,source_bin,u_lo,u_hi,u_mid,tail_bin,tail_lo_um,tail_hi_um,tail_mid_um,in_C16,n_shared_positive,max_shared_pixels,max_overlap_index,median_overlap_index,n_frames
D128_F01_V01,128,1,1,0,0.16666666666666666,0.083333333333333329,1,0,25,12.5,False,0,0,0,0,486
D128_F01_V01,128,1,1,0,0.16666666666666666,0.083333333333333329,2,25,50,37.5,False,0,0,0,0,486
D128_F01_V01,128,1,1,0,0.16666666666666666,0.083333333333333329,3,50,75,62.5,False,0,0,0,0,486
D128_F01_V01,128,1,1,0,0.16666666666666666,0.083333333333333329,4,75,100,87.5,False,0,0,0,0,486
D128_F01_V01,128,1,1,0,0.16666666666666666,0.083333333333333329,5,100,125,112.5,False,0,0,0,0,486
D128_F01_V01,128,1,1,0,0.16666666666666666,0.083333333333333329,6,125,150,137.5,False,0,0,0,0,486
D128_F01_V01,128,1,1,0,0.16666666666666666,0.083333333333333329,7,150,175,162.5,False,0,0,0,0,486
D128_F01_V01,128,1,1,0,0.16666666666666666,0.083333333333333329,8,175,200,187.5,False,0,0,0,0,486
D128_F01_V01,128,1,1,0,0.16666666666666666,0.083333333333333329,9,200,225,212.5,False,0,0,0,0,486
D128_F01_V01,128,1,1,0,0.16666666666666666,0.083333333333333329,10,225,250,237.5,False,0,0,0,0,486
D128_F01_V01,128,1,1,0,0.16666666666666666,0.083333333333333329,11,250,275,262.5,False,0,0,0,0,486
D128_F01_V01,128,1,1,0,0.16666666666666666,0.083333333333333329,12,275,300,287.5,False,0,0,0,0,486
D128_F01_V01,128,1,1,0,0.16666666666666666,0.083333333333333329,13,300,325,312.5,False,0,0,0,0,486
D128_F01_V01,128,1,1,0,0.16666666666666666,0.083333333333333329,14,325,350,337.5,False,0,0,0,0,486
D128_F01_V01,128,1,1,0,0.16666666666666666,0.083333333333333329,15,350,375,362.5,False,0,0,0,0,486
D128_F01_V01,128,1,1,0,0.16666666666666666,0.083333333333333329,16,375,400,387.5,False,0,0,0,0,486
D128_F01_V01,128,1,1,0,0.16666666666666666,0.083333333333333329,17,400,425,412.5,False,0,0,0,0,486
D128_F01_V01,128,1,1,0,0.16666666666666666,0.083333333333333329,18,425,450,437.5,False,0,0,0,0,486
D128_F01_V01,128,1,1,0,0.16666666666666666,0.083333333333333329,19,450,475,462.5,False,0,0,0,0,486
D128_F01_V01,128,1,1,0,0.16666666666666666,0.083333333333333329,20,475,500,487.5,False,0,0,0,0,486
D128_F01_V01,128,1,2,0.16666666666666666,0.33333333333333331,0.25,1,0,25,12.5,False,0,0,0,0,486
D128_F01_V01,128,1,2,0.16666666666666666,0.33333333333333331,0.25,2,25,50,37.5,False,0,0,0,0,486
D128_F01_V01,128,1,2,0.16666666666666666,0.33333333333333331,0.25,3,50,75,62.5,False,0,0,0,0,486
D128_F01_V01,128,1,2,0.16666666666666666,0.33333333333333331,0.25,4,75,100,87.5,False,0,0,0,0,486
D128_F01_V01,128,1,2,0.16666666666666666,0.33333333333333331,0.25,5,100,125,112.5,False,0,0,0,0,486
D128_F01_V01,128,1,2,0.16666666666666666,0.33333333333333331,0.25,6,125,150,137.5,False,0,0,0,0,486
D128_F01_V01,128,1,2,0.16666666666666666,0.33333333333333331,0.25,7,150,175,162.5,False,0,0,0,0,486
D128_F01_V01,128,1,2,0.16666666666666666,0.33333333333333331,0.25,8,175,200,187.5,False,0,0,0,0,486
D128_F01_V01,128,1,2,0.16666666666666666,0.33333333333333331,0.25,9,200,225,212.5,False,0,0,0,0,486
D128_F01_V01,128,1,2,0.16666666666666666,0.33333333333333331,0.25,10,225,250,237.5,False,0,0,0,0,486
D128_F01_V01,128,1,2,0.16666666666666666,0.33333333333333331,0.25,11,250,275,262.5,False,0,0,0,0,486
D128_F01_V01,128,1,2,0.16666666666666666,0.33333333333333331,0.25,12,275,300,287.5,False,0,0,0,0,486
D128_F01_V01,128,1,2,0.16666666666666666,0.33333333333333331,0.25,13,300,325,312.5,False,0,0,0,0,486
D128_F01_V01,128,1,2,0.16666666666666666,0.33333333333333331,0.25,14,325,350,337.5,False,0,0,0,0,486
D128_F01_V01,128,1,2,0.16666666666666666,0.33333333333333331,0.25,15,350,375,362.5,False,0,0,0,0,486
D128_F01_V01,128,1,2,0.16666666666666666,0.33333333333333331,0.25,16,375,400,387.5,False,0,0,0,0,486
D128_F01_V01,128,1,2,0.16666666666666666,0.33333333333333331,0.25,17,400,425,412.5,False,0,0,0,0,486
D128_F01_V01,128,1,2,0.16666666666666666,0.33333333333333331,0.25,18,425,450,437.5,False,0,0,0,0,486
D128_F01_V01,128,1,2,0.16666666666666666,0.33333333333333331,0.25,19,450,475,462.5,False,0,0,0,0,486
D128_F01_V01,128,1,2,0.16666666666666666,0.33333333333333331,0.25,20,475,500,487.5,False,0,0,0,0,486
D128_F01_V01,128,1,3,0.33333333333333331,0.5,0.41666666666666669,1,0,25,12.5,True,0,0,0,0,486
D128_F01_V01,128,1,3,0.33333333333333331,0.5,0.41666666666666669,2,25,50,37.5,True,0,0,0,0,486
D128_F01_V01,128,1,3,0.33333333333333331,0.5,0.41666666666666669,3,50,75,62.5,True,0,0,0,0,486
D128_F01_V01,128,1,3,0.33333333333333331,0.5,0.41666666666666669,4,75,100,87.5,True,0,0,0,0,486
D128_F01_V01,128,1,3,0.33333333333333331,0.5,0.41666666666666669,5,100,125,112.5,False,0,0,0,0,486
D128_F01_V01,128,1,3,0.33333333333333331,0.5,0.41666666666666669,6,125,150,137.5,False,0,0,0,0,486
D128_F01_V01,128,1,3,0.33333333333333331,0.5,0.41666666666666669,7,150,175,162.5,False,0,0,0,0,486
D128_F01_V01,128,1,3,0.33333333333333331,0.5,0.41666666666666669,8,175,200,187.5,False,0,0,0,0,486
D128_F01_V01,128,1,3,0.33333333333333331,0.5,0.41666666666666669,9,200,225,212.5,False,0,0,0,0,486
D128_F01_V01,128,1,3,0.33333333333333331,0.5,0.41666666666666669,10,225,250,237.5,False,0,0,0,0,486
D128_F01_V01,128,1,3,0.33333333333333331,0.5,0.41666666666666669,11,250,275,262.5,False,0,0,0,0,486
D128_F01_V01,128,1,3,0.33333333333333331,0.5,0.41666666666666669,12,275,300,287.5,False,0,0,0,0,486
D128_F01_V01,128,1,3,0.33333333333333331,0.5,0.41666666666666669,13,300,325,312.5,False,0,0,0,0,486
D128_F01_V01,128,1,3,0.33333333333333331,0.5,0.41666666666666669,14,325,350,337.5,False,0,0,0,0,486
D128_F01_V01,128,1,3,0.33333333333333331,0.5,0.41666666666666669,15,350,375,362.5,False,0,0,0,0,486
D128_F01_V01,128,1,3,0.33333333333333331,0.5,0.41666666666666669,16,375,400,387.5,False,0,0,0,0,486
D128_F01_V01,128,1,3,0.33333333333333331,0.5,0.41666666666666669,17,400,425,412.5,False,0,0,0,0,486
D128_F01_V01,128,1,3,0.33333333333333331,0.5,0.41666666666666669,18,425,450,437.5,False,0,0,0,0,486
D128_F01_V01,128,1,3,0.33333333333333331,0.5,0.41666666666666669,19,450,475,462.5,False,0,0,0,0,486
D128_F01_V01,128,1,3,0.33333333333333331,0.5,0.41666666666666669,20,475,500,487.5,False,0,0,0,0,486
D128_F01_V01,128,1,4,0.5,0.66666666666666663,0.58333333333333337,1,0,25,12.5,True,0,0,0,0,486
D128_F01_V01,128,1,4,0.5,0.66666666666666663,0.58333333333333337,2,25,50,37.5,True,0,0,0,0,486
D128_F01_V01,128,1,4,0.5,0.66666666666666663,0.58333333333333337,3,50,75,62.5,True,0,0,0,0,486
D128_F01_V01,128,1,4,0.5,0.66666666666666663,0.58333333333333337,4,75,100,87.5,True,0,0,0,0,486
D128_F01_V01,128,1,4,0.5,0.66666666666666663,0.58333333333333337,5,100,125,112.5,False,0,0,0,0,486
D128_F01_V01,128,1,4,0.5,0.66666666666666663,0.58333333333333337,6,125,150,137.5,False,0,0,0,0,486
D128_F01_V01,128,1,4,0.5,0.66666666666666663,0.58333333333333337,7,150,175,162.5,False,0,0,0,0,486
D128_F01_V01,128,1,4,0.5,0.66666666666666663,0.58333333333333337,8,175,200,187.5,False,0,0,0,0,486
D128_F01_V01,128,1,4,0.5,0.66666666666666663,0.58333333333333337,9,200,225,212.5,False,0,0,0,0,486
D128_F01_V01,128,1,4,0.5,0.66666666666666663,0.58333333333333337,10,225,250,237.5,False,0,0,0,0,486
D128_F01_V01,128,1,4,0.5,0.66666666666666663,0.58333333333333337,11,250,275,262.5,False,0,0,0,0,486
D128_F01_V01,128,1,4,0.5,0.66666666666666663,0.58333333333333337,12,275,300,287.5,False,0,0,0,0,486
D128_F01_V01,128,1,4,0.5,0.66666666666666663,0.58333333333333337,13,300,325,312.5,False,0,0,0,0,486
D128_F01_V01,128,1,4,0.5,0.66666666666666663,0.58333333333333337,14,325,350,337.5,False,0,0,0,0,486
D128_F01_V01,128,1,4,0.5,0.66666666666666663,0.58333333333333337,15,350,375,362.5,False,0,0,0,0,486
D128_F01_V01,128,1,4,0.5,0.66666666666666663,0.58333333333333337,16,375,400,387.5,False,0,0,0,0,486
D128_F01_V01,128,1,4,0.5,0.66666666666666663,0.58333333333333337,17,400,425,412.5,False,0,0,0,0,486
D128_F01_V01,128,1,4,0.5,0.66666666666666663,0.58333333333333337,18,425,450,437.5,False,0,0,0,0,486
D128_F01_V01,128,1,4,0.5,0.66666666666666663,0.58333333333333337,19,450,475,462.5,False,0,0,0,0,486
D128_F01_V01,128,1,4,0.5,0.66666666666666663,0.58333333333333337,20,475,500,487.5,False,0,0,0,0,486
D128_F01_V01,128,1,5,0.66666666666666663,0.83333333333333337,0.75,1,0,25,12.5,True,0,0,0,0,486
D128_F01_V01,128,1,5,0.66666666666666663,0.83333333333333337,0.75,2,25,50,37.5,True,0,0,0,0,486
D128_F01_V01,128,1,5,0.66666666666666663,0.83333333333333337,0.75,3,50,75,62.5,True,0,0,0,0,486
D128_F01_V01,128,1,5,0.66666666666666663,0.83333333333333337,0.75,4,75,100,87.5,True,0,0,0,0,486
D128_F01_V01,128,1,5,0.66666666666666663,0.83333333333333337,0.75,5,100,125,112.5,False,0,0,0,0,486
D128_F01_V01,128,1,5,0.66666666666666663,0.83333333333333337,0.75,6,125,150,137.5,False,0,0,0,0,486
D128_F01_V01,128,1,5,0.66666666666666663,0.83333333333333337,0.75,7,150,175,162.5,False,0,0,0,0,486
D128_F01_V01,128,1,5,0.66666666666666663,0.83333333333333337,0.75,8,175,200,187.5,False,0,0,0,0,486
D128_F01_V01,128,1,5,0.66666666666666663,0.83333333333333337,0.75,9,200,225,212.5,False,0,0,0,0,486
D128_F01_V01,128,1,5,0.66666666666666663,0.83333333333333337,0.75,10,225,250,237.5,False,0,0,0,0,486
D128_F01_V01,128,1,5,0.66666666666666663,0.83333333333333337,0.75,11,250,275,262.5,False,0,0,0,0,486
D128_F01_V01,128,1,5,0.66666666666666663,0.83333333333333337,0.75,12,275,300,287.5,False,0,0,0,0,486
D128_F01_V01,128,1,5,0.66666666666666663,0.83333333333333337,0.75,13,300,325,312.5,False,0,0,0,0,486
D128_F01_V01,128,1,5,0.66666666666666663,0.83333333333333337,0.75,14,325,350,337.5,False,0,0,0,0,486
D128_F01_V01,128,1,5,0.66666666666666663,0.83333333333333337,0.75,15,350,375,362.5,False,0,0,0,0,486
D128_F01_V01,128,1,5,0.66666666666666663,0.83333333333333337,0.75,16,375,400,387.5,False,0,0,0,0,486
D128_F01_V01,128,1,5,0.66666666666666663,0.83333333333333337,0.75,17,400,425,412.5,False,0,0,0,0,486
D128_F01_V01,128,1,5,0.66666666666666663,0.83333333333333337,0.75,18,425,450,437.5,False,0,0,0,0,486
D128_F01_V01,128,1,5,0.66666666666666663,0.83333333333333337,0.75,19,450,475,462.5,False,0,0,0,0,486
D128_F01_V01,128,1,5,0.66666666666666663,0.83333333333333337,0.75,20,475,500,487.5,False,0,0,0,0,486
D128_F01_V01,128,1,6,0.83333333333333337,1,0.91666666666666663,1,0,25,12.5,True,486,3,0.0044313925039808789,0.0043838534818042502,486
D128_F01_V01,128,1,6,0.83333333333333337,1,0.91666666666666663,2,25,50,37.5,True,0,0,0,0,486
D128_F01_V01,128,1,6,0.83333333333333337,1,0.91666666666666663,3,50,75,62.5,True,0,0,0,0,486
D128_F01_V01,128,1,6,0.83333333333333337,1,0.91666666666666663,4,75,100,87.5,True,0,0,0,0,486
D128_F01_V01,128,1,6,0.83333333333333337,1,0.91666666666666663,5,100,125,112.5,False,0,0,0,0,486
D128_F01_V01,128,1,6,0.83333333333333337,1,0.91666666666666663,6,125,150,137.5,False,0,0,0,0,486
D128_F01_V01,128,1,6,0.83333333333333337,1,0.91666666666666663,7,150,175,162.5,False,0,0,0,0,486
D128_F01_V01,128,1,6,0.83333333333333337,1,0.91666666666666663,8,175,200,187.5,False,0,0,0,0,486
D128_F01_V01,128,1,6,0.83333333333333337,1,0.91666666666666663,9,200,225,212.5,False,0,0,0,0,486
D128_F01_V01,128,1,6,0.83333333333333337,1,0.91666666666666663,10,225,250,237.5,False,0,0,0,0,486
D128_F01_V01,128,1,6,0.83333333333333337,1,0.91666666666666663,11,250,275,262.5,False,0,0,0,0,486
D128_F01_V01,128,1,6,0.83333333333333337,1,0.91666666666666663,12,275,300,287.5,False,0,0,0,0,486
D128_F01_V01,128,1,6,0.83333333333333337,1,0.91666666666666663,13,300,325,312.5,False,0,0,0,0,486
D128_F01_V01,128,1,6,0.83333333333333337,1,0.91666666666666663,14,325,350,337.5,False,0,0,0,0,486
D128_F01_V01,128,1,6,0.83333333333333337,1,0.91666666666666663,15,350,375,362.5,False,0,0,0,0,486
D128_F01_V01,128,1,6,0.83333333333333337,1,0.91666666666666663,16,375,400,387.5,False,0,0,0,0,486
D128_F01_V01,128,1,6,0.83333333333333337,1,0.91666666666666663,17,400,425,412.5,False,0,0,0,0,486
D128_F01_V01,128,1,6,0.83333333333333337,1,0.91666666666666663,18,425,450,437.5,False,0,0,0,0,486
D128_F01_V01,128,1,6,0.83333333333333337,1,0.91666666666666663,19,450,475,462.5,False,0,0,0,0,486
D128_F01_V01,128,1,6,0.83333333333333337,1,0.91666666666666663,20,475,500,487.5,False,0,0,0,0,486
D128_F03_V01,128,3,1,0,0.16666666666666666,0.083333333333333329,1,0,25,12.5,False,0,0,0,0,468
D128_F03_V01,128,3,1,0,0.16666666666666666,0.083333333333333329,2,25,50,37.5,False,0,0,0,0,468
D128_F03_V01,128,3,1,0,0.16666666666666666,0.083333333333333329,3,50,75,62.5,False,0,0,0,0,468
D128_F03_V01,128,3,1,0,0.16666666666666666,0.083333333333333329,4,75,100,87.5,False,0,0,0,0,468
D128_F03_V01,128,3,1,0,0.16666666666666666,0.083333333333333329,5,100,125,112.5,False,0,0,0,0,468
D128_F03_V01,128,3,1,0,0.16666666666666666,0.083333333333333329,6,125,150,137.5,False,0,0,0,0,468
D128_F03_V01,128,3,1,0,0.16666666666666666,0.083333333333333329,7,150,175,162.5,False,0,0,0,0,468
D128_F03_V01,128,3,1,0,0.16666666666666666,0.083333333333333329,8,175,200,187.5,False,0,0,0,0,468
D128_F03_V01,128,3,1,0,0.16666666666666666,0.083333333333333329,9,200,225,212.5,False,0,0,0,0,468
D128_F03_V01,128,3,1,0,0.16666666666666666,0.083333333333333329,10,225,250,237.5,False,0,0,0,0,468
D128_F03_V01,128,3,1,0,0.16666666666666666,0.083333333333333329,11,250,275,262.5,False,0,0,0,0,468
D128_F03_V01,128,3,1,0,0.16666666666666666,0.083333333333333329,12,275,300,287.5,False,0,0,0,0,468
D128_F03_V01,128,3,1,0,0.16666666666666666,0.083333333333333329,13,300,325,312.5,False,0,0,0,0,468
D128_F03_V01,128,3,1,0,0.16666666666666666,0.083333333333333329,14,325,350,337.5,False,0,0,0,0,468
D128_F03_V01,128,3,1,0,0.16666666666666666,0.083333333333333329,15,350,375,362.5,False,0,0,0,0,468
D128_F03_V01,128,3,1,0,0.16666666666666666,0.083333333333333329,16,375,400,387.5,False,0,0,0,0,468
D128_F03_V01,128,3,1,0,0.16666666666666666,0.083333333333333329,17,400,425,412.5,False,0,0,0,0,468
D128_F03_V01,128,3,1,0,0.16666666666666666,0.083333333333333329,18,425,450,437.5,False,0,0,0,0,468
D128_F03_V01,128,3,1,0,0.16666666666666666,0.083333333333333329,19,450,475,462.5,False,0,0,0,0,468
D128_F03_V01,128,3,1,0,0.16666666666666666,0.083333333333333329,20,475,500,487.5,False,0,0,0,0,468
D128_F03_V01,128,3,2,0.16666666666666666,0.33333333333333331,0.25,1,0,25,12.5,False,0,0,0,0,468
D128_F03_V01,128,3,2,0.16666666666666666,0.33333333333333331,0.25,2,25,50,37.5,False,0,0,0,0,468
D128_F03_V01,128,3,2,0.16666666666666666,0.33333333333333331,0.25,3,50,75,62.5,False,0,0,0,0,468
D128_F03_V01,128,3,2,0.16666666666666666,0.33333333333333331,0.25,4,75,100,87.5,False,0,0,0,0,468
D128_F03_V01,128,3,2,0.16666666666666666,0.33333333333333331,0.25,5,100,125,112.5,False,0,0,0,0,468
D128_F03_V01,128,3,2,0.16666666666666666,0.33333333333333331,0.25,6,125,150,137.5,False,0,0,0,0,468
D128_F03_V01,128,3,2,0.16666666666666666,0.33333333333333331,0.25,7,150,175,162.5,False,0,0,0,0,468
D128_F03_V01,128,3,2,0.16666666666666666,0.33333333333333331,0.25,8,175,200,187.5,False,0,0,0,0,468
D128_F03_V01,128,3,2,0.16666666666666666,0.33333333333333331,0.25,9,200,225,212.5,False,0,0,0,0,468
D128_F03_V01,128,3,2,0.16666666666666666,0.33333333333333331,0.25,10,225,250,237.5,False,0,0,0,0,468
D128_F03_V01,128,3,2,0.16666666666666666,0.33333333333333331,0.25,11,250,275,262.5,False,0,0,0,0,468
D128_F03_V01,128,3,2,0.16666666666666666,0.33333333333333331,0.25,12,275,300,287.5,False,0,0,0,0,468
D128_F03_V01,128,3,2,0.16666666666666666,0.33333333333333331,0.25,13,300,325,312.5,False,0,0,0,0,468
D128_F03_V01,128,3,2,0.16666666666666666,0.33333333333333331,0.25,14,325,350,337.5,False,0,0,0,0,468
D128_F03_V01,128,3,2,0.16666666666666666,0.33333333333333331,0.25,15,350,375,362.5,False,0,0,0,0,468
D128_F03_V01,128,3,2,0.16666666666666666,0.33333333333333331,0.25,16,375,400,387.5,False,0,0,0,0,468
D128_F03_V01,128,3,2,0.16666666666666666,0.33333333333333331,0.25,17,400,425,412.5,False,0,0,0,0,468
D128_F03_V01,128,3,2,0.16666666666666666,0.33333333333333331,0.25,18,425,450,437.5,False,0,0,0,0,468
D128_F03_V01,128,3,2,0.16666666666666666,0.33333333333333331,0.25,19,450,475,462.5,False,0,0,0,0,468
D128_F03_V01,128,3,2,0.16666666666666666,0.33333333333333331,0.25,20,475,500,487.5,False,0,0,0,0,468
D128_F03_V01,128,3,3,0.33333333333333331,0.5,0.41666666666666669,1,0,25,12.5,True,0,0,0,0,468
D128_F03_V01,128,3,3,0.33333333333333331,0.5,0.41666666666666669,2,25,50,37.5,True,0,0,0,0,468
D128_F03_V01,128,3,3,0.33333333333333331,0.5,0.41666666666666669,3,50,75,62.5,True,0,0,0,0,468
D128_F03_V01,128,3,3,0.33333333333333331,0.5,0.41666666666666669,4,75,100,87.5,True,0,0,0,0,468
D128_F03_V01,128,3,3,0.33333333333333331,0.5,0.41666666666666669,5,100,125,112.5,False,0,0,0,0,468
D128_F03_V01,128,3,3,0.33333333333333331,0.5,0.41666666666666669,6,125,150,137.5,False,0,0,0,0,468
D128_F03_V01,128,3,3,0.33333333333333331,0.5,0.41666666666666669,7,150,175,162.5,False,0,0,0,0,468
D128_F03_V01,128,3,3,0.33333333333333331,0.5,0.41666666666666669,8,175,200,187.5,False,0,0,0,0,468
D128_F03_V01,128,3,3,0.33333333333333331,0.5,0.41666666666666669,9,200,225,212.5,False,0,0,0,0,468
D128_F03_V01,128,3,3,0.33333333333333331,0.5,0.41666666666666669,10,225,250,237.5,False,0,0,0,0,468
D128_F03_V01,128,3,3,0.33333333333333331,0.5,0.41666666666666669,11,250,275,262.5,False,0,0,0,0,468
D128_F03_V01,128,3,3,0.33333333333333331,0.5,0.41666666666666669,12,275,300,287.5,False,0,0,0,0,468
D128_F03_V01,128,3,3,0.33333333333333331,0.5,0.41666666666666669,13,300,325,312.5,False,0,0,0,0,468
D128_F03_V01,128,3,3,0.33333333333333331,0.5,0.41666666666666669,14,325,350,337.5,False,0,0,0,0,468
D128_F03_V01,128,3,3,0.33333333333333331,0.5,0.41666666666666669,15,350,375,362.5,False,0,0,0,0,468
D128_F03_V01,128,3,3,0.33333333333333331,0.5,0.41666666666666669,16,375,400,387.5,False,0,0,0,0,468
D128_F03_V01,128,3,3,0.33333333333333331,0.5,0.41666666666666669,17,400,425,412.5,False,0,0,0,0,468
D128_F03_V01,128,3,3,0.33333333333333331,0.5,0.41666666666666669,18,425,450,437.5,False,0,0,0,0,468
D128_F03_V01,128,3,3,0.33333333333333331,0.5,0.41666666666666669,19,450,475,462.5,False,0,0,0,0,468
D128_F03_V01,128,3,3,0.33333333333333331,0.5,0.41666666666666669,20,475,500,487.5,False,0,0,0,0,468
D128_F03_V01,128,3,4,0.5,0.66666666666666663,0.58333333333333337,1,0,25,12.5,True,0,0,0,0,468
D128_F03_V01,128,3,4,0.5,0.66666666666666663,0.58333333333333337,2,25,50,37.5,True,0,0,0,0,468
D128_F03_V01,128,3,4,0.5,0.66666666666666663,0.58333333333333337,3,50,75,62.5,True,0,0,0,0,468
D128_F03_V01,128,3,4,0.5,0.66666666666666663,0.58333333333333337,4,75,100,87.5,True,0,0,0,0,468
D128_F03_V01,128,3,4,0.5,0.66666666666666663,0.58333333333333337,5,100,125,112.5,False,0,0,0,0,468
D128_F03_V01,128,3,4,0.5,0.66666666666666663,0.58333333333333337,6,125,150,137.5,False,0,0,0,0,468
D128_F03_V01,128,3,4,0.5,0.66666666666666663,0.58333333333333337,7,150,175,162.5,False,0,0,0,0,468
D128_F03_V01,128,3,4,0.5,0.66666666666666663,0.58333333333333337,8,175,200,187.5,False,0,0,0,0,468
D128_F03_V01,128,3,4,0.5,0.66666666666666663,0.58333333333333337,9,200,225,212.5,False,0,0,0,0,468
D128_F03_V01,128,3,4,0.5,0.66666666666666663,0.58333333333333337,10,225,250,237.5,False,0,0,0,0,468
D128_F03_V01,128,3,4,0.5,0.66666666666666663,0.58333333333333337,11,250,275,262.5,False,0,0,0,0,468
D128_F03_V01,128,3,4,0.5,0.66666666666666663,0.58333333333333337,12,275,300,287.5,False,0,0,0,0,468
D128_F03_V01,128,3,4,0.5,0.66666666666666663,0.58333333333333337,13,300,325,312.5,False,0,0,0,0,468
D128_F03_V01,128,3,4,0.5,0.66666666666666663,0.58333333333333337,14,325,350,337.5,False,0,0,0,0,468
D128_F03_V01,128,3,4,0.5,0.66666666666666663,0.58333333333333337,15,350,375,362.5,False,0,0,0,0,468
D128_F03_V01,128,3,4,0.5,0.66666666666666663,0.58333333333333337,16,375,400,387.5,False,0,0,0,0,468
D128_F03_V01,128,3,4,0.5,0.66666666666666663,0.58333333333333337,17,400,425,412.5,False,0,0,0,0,468
D128_F03_V01,128,3,4,0.5,0.66666666666666663,0.58333333333333337,18,425,450,437.5,False,0,0,0,0,468
D128_F03_V01,128,3,4,0.5,0.66666666666666663,0.58333333333333337,19,450,475,462.5,False,0,0,0,0,468
D128_F03_V01,128,3,4,0.5,0.66666666666666663,0.58333333333333337,20,475,500,487.5,False,0,0,0,0,468
D128_F03_V01,128,3,5,0.66666666666666663,0.83333333333333337,0.75,1,0,25,12.5,True,0,0,0,0,468
D128_F03_V01,128,3,5,0.66666666666666663,0.83333333333333337,0.75,2,25,50,37.5,True,0,0,0,0,468
D128_F03_V01,128,3,5,0.66666666666666663,0.83333333333333337,0.75,3,50,75,62.5,True,0,0,0,0,468
D128_F03_V01,128,3,5,0.66666666666666663,0.83333333333333337,0.75,4,75,100,87.5,True,0,0,0,0,468
D128_F03_V01,128,3,5,0.66666666666666663,0.83333333333333337,0.75,5,100,125,112.5,False,0,0,0,0,468
D128_F03_V01,128,3,5,0.66666666666666663,0.83333333333333337,0.75,6,125,150,137.5,False,0,0,0,0,468
D128_F03_V01,128,3,5,0.66666666666666663,0.83333333333333337,0.75,7,150,175,162.5,False,0,0,0,0,468
D128_F03_V01,128,3,5,0.66666666666666663,0.83333333333333337,0.75,8,175,200,187.5,False,0,0,0,0,468
D128_F03_V01,128,3,5,0.66666666666666663,0.83333333333333337,0.75,9,200,225,212.5,False,0,0,0,0,468
D128_F03_V01,128,3,5,0.66666666666666663,0.83333333333333337,0.75,10,225,250,237.5,False,0,0,0,0,468
D128_F03_V01,128,3,5,0.66666666666666663,0.83333333333333337,0.75,11,250,275,262.5,False,0,0,0,0,468
D128_F03_V01,128,3,5,0.66666666666666663,0.83333333333333337,0.75,12,275,300,287.5,False,0,0,0,0,468
D128_F03_V01,128,3,5,0.66666666666666663,0.83333333333333337,0.75,13,300,325,312.5,False,0,0,0,0,468
D128_F03_V01,128,3,5,0.66666666666666663,0.83333333333333337,0.75,14,325,350,337.5,False,0,0,0,0,468
D128_F03_V01,128,3,5,0.66666666666666663,0.83333333333333337,0.75,15,350,375,362.5,False,0,0,0,0,468
D128_F03_V01,128,3,5,0.66666666666666663,0.83333333333333337,0.75,16,375,400,387.5,False,0,0,0,0,468
D128_F03_V01,128,3,5,0.66666666666666663,0.83333333333333337,0.75,17,400,425,412.5,False,0,0,0,0,468
D128_F03_V01,128,3,5,0.66666666666666663,0.83333333333333337,0.75,18,425,450,437.5,False,0,0,0,0,468
D128_F03_V01,128,3,5,0.66666666666666663,0.83333333333333337,0.75,19,450,475,462.5,False,0,0,0,0,468
D128_F03_V01,128,3,5,0.66666666666666663,0.83333333333333337,0.75,20,475,500,487.5,False,0,0,0,0,468
D128_F03_V01,128,3,6,0.83333333333333337,1,0.91666666666666663,1,0,25,12.5,True,468,3,0.0044314002693193622,0.0043830684253729248,468
D128_F03_V01,128,3,6,0.83333333333333337,1,0.91666666666666663,2,25,50,37.5,True,0,0,0,0,468
D128_F03_V01,128,3,6,0.83333333333333337,1,0.91666666666666663,3,50,75,62.5,True,0,0,0,0,468
D128_F03_V01,128,3,6,0.83333333333333337,1,0.91666666666666663,4,75,100,87.5,True,0,0,0,0,468
D128_F03_V01,128,3,6,0.83333333333333337,1,0.91666666666666663,5,100,125,112.5,False,0,0,0,0,468
D128_F03_V01,128,3,6,0.83333333333333337,1,0.91666666666666663,6,125,150,137.5,False,0,0,0,0,468
D128_F03_V01,128,3,6,0.83333333333333337,1,0.91666666666666663,7,150,175,162.5,False,0,0,0,0,468
D128_F03_V01,128,3,6,0.83333333333333337,1,0.91666666666666663,8,175,200,187.5,False,0,0,0,0,468
D128_F03_V01,128,3,6,0.83333333333333337,1,0.91666666666666663,9,200,225,212.5,False,0,0,0,0,468
D128_F03_V01,128,3,6,0.83333333333333337,1,0.91666666666666663,10,225,250,237.5,False,0,0,0,0,468
D128_F03_V01,128,3,6,0.83333333333333337,1,0.91666666666666663,11,250,275,262.5,False,0,0,0,0,468
D128_F03_V01,128,3,6,0.83333333333333337,1,0.91666666666666663,12,275,300,287.5,False,0,0,0,0,468
D128_F03_V01,128,3,6,0.83333333333333337,1,0.91666666666666663,13,300,325,312.5,False,0,0,0,0,468
D128_F03_V01,128,3,6,0.83333333333333337,1,0.91666666666666663,14,325,350,337.5,False,0,0,0,0,468
D128_F03_V01,128,3,6,0.83333333333333337,1,0.91666666666666663,15,350,375,362.5,False,0,0,0,0,468
D128_F03_V01,128,3,6,0.83333333333333337,1,0.91666666666666663,16,375,400,387.5,False,0,0,0,0,468
D128_F03_V01,128,3,6,0.83333333333333337,1,0.91666666666666663,17,400,425,412.5,False,0,0,0,0,468
D128_F03_V01,128,3,6,0.83333333333333337,1,0.91666666666666663,18,425,450,437.5,False,0,0,0,0,468
D128_F03_V01,128,3,6,0.83333333333333337,1,0.91666666666666663,19,450,475,462.5,False,0,0,0,0,468
D128_F03_V01,128,3,6,0.83333333333333337,1,0.91666666666666663,20,475,500,487.5,False,0,0,0,0,468
D128_F05_V01,128,5,1,0,0.16666666666666666,0.083333333333333329,1,0,25,12.5,False,0,0,0,0,491
D128_F05_V01,128,5,1,0,0.16666666666666666,0.083333333333333329,2,25,50,37.5,False,0,0,0,0,491
D128_F05_V01,128,5,1,0,0.16666666666666666,0.083333333333333329,3,50,75,62.5,False,0,0,0,0,491
D128_F05_V01,128,5,1,0,0.16666666666666666,0.083333333333333329,4,75,100,87.5,False,0,0,0,0,491
D128_F05_V01,128,5,1,0,0.16666666666666666,0.083333333333333329,5,100,125,112.5,False,0,0,0,0,491
D128_F05_V01,128,5,1,0,0.16666666666666666,0.083333333333333329,6,125,150,137.5,False,0,0,0,0,491
D128_F05_V01,128,5,1,0,0.16666666666666666,0.083333333333333329,7,150,175,162.5,False,0,0,0,0,491
D128_F05_V01,128,5,1,0,0.16666666666666666,0.083333333333333329,8,175,200,187.5,False,0,0,0,0,491
D128_F05_V01,128,5,1,0,0.16666666666666666,0.083333333333333329,9,200,225,212.5,False,0,0,0,0,491
D128_F05_V01,128,5,1,0,0.16666666666666666,0.083333333333333329,10,225,250,237.5,False,0,0,0,0,491
D128_F05_V01,128,5,1,0,0.16666666666666666,0.083333333333333329,11,250,275,262.5,False,0,0,0,0,491
D128_F05_V01,128,5,1,0,0.16666666666666666,0.083333333333333329,12,275,300,287.5,False,0,0,0,0,491
D128_F05_V01,128,5,1,0,0.16666666666666666,0.083333333333333329,13,300,325,312.5,False,0,0,0,0,491
D128_F05_V01,128,5,1,0,0.16666666666666666,0.083333333333333329,14,325,350,337.5,False,0,0,0,0,491
D128_F05_V01,128,5,1,0,0.16666666666666666,0.083333333333333329,15,350,375,362.5,False,0,0,0,0,491
D128_F05_V01,128,5,1,0,0.16666666666666666,0.083333333333333329,16,375,400,387.5,False,0,0,0,0,491
D128_F05_V01,128,5,1,0,0.16666666666666666,0.083333333333333329,17,400,425,412.5,False,0,0,0,0,491
D128_F05_V01,128,5,1,0,0.16666666666666666,0.083333333333333329,18,425,450,437.5,False,0,0,0,0,491
D128_F05_V01,128,5,1,0,0.16666666666666666,0.083333333333333329,19,450,475,462.5,False,0,0,0,0,491
D128_F05_V01,128,5,1,0,0.16666666666666666,0.083333333333333329,20,475,500,487.5,False,0,0,0,0,491
D128_F05_V01,128,5,2,0.16666666666666666,0.33333333333333331,0.25,1,0,25,12.5,False,0,0,0,0,491
D128_F05_V01,128,5,2,0.16666666666666666,0.33333333333333331,0.25,2,25,50,37.5,False,0,0,0,0,491
D128_F05_V01,128,5,2,0.16666666666666666,0.33333333333333331,0.25,3,50,75,62.5,False,0,0,0,0,491
D128_F05_V01,128,5,2,0.16666666666666666,0.33333333333333331,0.25,4,75,100,87.5,False,0,0,0,0,491
D128_F05_V01,128,5,2,0.16666666666666666,0.33333333333333331,0.25,5,100,125,112.5,False,0,0,0,0,491
D128_F05_V01,128,5,2,0.16666666666666666,0.33333333333333331,0.25,6,125,150,137.5,False,0,0,0,0,491
D128_F05_V01,128,5,2,0.16666666666666666,0.33333333333333331,0.25,7,150,175,162.5,False,0,0,0,0,491
D128_F05_V01,128,5,2,0.16666666666666666,0.33333333333333331,0.25,8,175,200,187.5,False,0,0,0,0,491
D128_F05_V01,128,5,2,0.16666666666666666,0.33333333333333331,0.25,9,200,225,212.5,False,0,0,0,0,491
D128_F05_V01,128,5,2,0.16666666666666666,0.33333333333333331,0.25,10,225,250,237.5,False,0,0,0,0,491
D128_F05_V01,128,5,2,0.16666666666666666,0.33333333333333331,0.25,11,250,275,262.5,False,0,0,0,0,491
D128_F05_V01,128,5,2,0.16666666666666666,0.33333333333333331,0.25,12,275,300,287.5,False,0,0,0,0,491
D128_F05_V01,128,5,2,0.16666666666666666,0.33333333333333331,0.25,13,300,325,312.5,False,0,0,0,0,491
D128_F05_V01,128,5,2,0.16666666666666666,0.33333333333333331,0.25,14,325,350,337.5,False,0,0,0,0,491
D128_F05_V01,128,5,2,0.16666666666666666,0.33333333333333331,0.25,15,350,375,362.5,False,0,0,0,0,491
D128_F05_V01,128,5,2,0.16666666666666666,0.33333333333333331,0.25,16,375,400,387.5,False,0,0,0,0,491
D128_F05_V01,128,5,2,0.16666666666666666,0.33333333333333331,0.25,17,400,425,412.5,False,0,0,0,0,491
D128_F05_V01,128,5,2,0.16666666666666666,0.33333333333333331,0.25,18,425,450,437.5,False,0,0,0,0,491
D128_F05_V01,128,5,2,0.16666666666666666,0.33333333333333331,0.25,19,450,475,462.5,False,0,0,0,0,491
D128_F05_V01,128,5,2,0.16666666666666666,0.33333333333333331,0.25,20,475,500,487.5,False,0,0,0,0,491
D128_F05_V01,128,5,3,0.33333333333333331,0.5,0.41666666666666669,1,0,25,12.5,True,0,0,0,0,491
D128_F05_V01,128,5,3,0.33333333333333331,0.5,0.41666666666666669,2,25,50,37.5,True,0,0,0,0,491
D128_F05_V01,128,5,3,0.33333333333333331,0.5,0.41666666666666669,3,50,75,62.5,True,0,0,0,0,491
D128_F05_V01,128,5,3,0.33333333333333331,0.5,0.41666666666666669,4,75,100,87.5,True,0,0,0,0,491
D128_F05_V01,128,5,3,0.33333333333333331,0.5,0.41666666666666669,5,100,125,112.5,False,0,0,0,0,491
D128_F05_V01,128,5,3,0.33333333333333331,0.5,0.41666666666666669,6,125,150,137.5,False,0,0,0,0,491
D128_F05_V01,128,5,3,0.33333333333333331,0.5,0.41666666666666669,7,150,175,162.5,False,0,0,0,0,491
D128_F05_V01,128,5,3,0.33333333333333331,0.5,0.41666666666666669,8,175,200,187.5,False,0,0,0,0,491
D128_F05_V01,128,5,3,0.33333333333333331,0.5,0.41666666666666669,9,200,225,212.5,False,0,0,0,0,491
D128_F05_V01,128,5,3,0.33333333333333331,0.5,0.41666666666666669,10,225,250,237.5,False,0,0,0,0,491
D128_F05_V01,128,5,3,0.33333333333333331,0.5,0.41666666666666669,11,250,275,262.5,False,0,0,0,0,491
D128_F05_V01,128,5,3,0.33333333333333331,0.5,0.41666666666666669,12,275,300,287.5,False,0,0,0,0,491
D128_F05_V01,128,5,3,0.33333333333333331,0.5,0.41666666666666669,13,300,325,312.5,False,0,0,0,0,491
D128_F05_V01,128,5,3,0.33333333333333331,0.5,0.41666666666666669,14,325,350,337.5,False,0,0,0,0,491
D128_F05_V01,128,5,3,0.33333333333333331,0.5,0.41666666666666669,15,350,375,362.5,False,0,0,0,0,491
D128_F05_V01,128,5,3,0.33333333333333331,0.5,0.41666666666666669,16,375,400,387.5,False,0,0,0,0,491
D128_F05_V01,128,5,3,0.33333333333333331,0.5,0.41666666666666669,17,400,425,412.5,False,0,0,0,0,491
D128_F05_V01,128,5,3,0.33333333333333331,0.5,0.41666666666666669,18,425,450,437.5,False,0,0,0,0,491
D128_F05_V01,128,5,3,0.33333333333333331,0.5,0.41666666666666669,19,450,475,462.5,False,0,0,0,0,491
D128_F05_V01,128,5,3,0.33333333333333331,0.5,0.41666666666666669,20,475,500,487.5,False,0,0,0,0,491
D128_F05_V01,128,5,4,0.5,0.66666666666666663,0.58333333333333337,1,0,25,12.5,True,0,0,0,0,491
D128_F05_V01,128,5,4,0.5,0.66666666666666663,0.58333333333333337,2,25,50,37.5,True,0,0,0,0,491
D128_F05_V01,128,5,4,0.5,0.66666666666666663,0.58333333333333337,3,50,75,62.5,True,0,0,0,0,491
D128_F05_V01,128,5,4,0.5,0.66666666666666663,0.58333333333333337,4,75,100,87.5,True,0,0,0,0,491
D128_F05_V01,128,5,4,0.5,0.66666666666666663,0.58333333333333337,5,100,125,112.5,False,0,0,0,0,491
D128_F05_V01,128,5,4,0.5,0.66666666666666663,0.58333333333333337,6,125,150,137.5,False,0,0,0,0,491
D128_F05_V01,128,5,4,0.5,0.66666666666666663,0.58333333333333337,7,150,175,162.5,False,0,0,0,0,491
D128_F05_V01,128,5,4,0.5,0.66666666666666663,0.58333333333333337,8,175,200,187.5,False,0,0,0,0,491
D128_F05_V01,128,5,4,0.5,0.66666666666666663,0.58333333333333337,9,200,225,212.5,False,0,0,0,0,491
D128_F05_V01,128,5,4,0.5,0.66666666666666663,0.58333333333333337,10,225,250,237.5,False,0,0,0,0,491
D128_F05_V01,128,5,4,0.5,0.66666666666666663,0.58333333333333337,11,250,275,262.5,False,0,0,0,0,491
D128_F05_V01,128,5,4,0.5,0.66666666666666663,0.58333333333333337,12,275,300,287.5,False,0,0,0,0,491
D128_F05_V01,128,5,4,0.5,0.66666666666666663,0.58333333333333337,13,300,325,312.5,False,0,0,0,0,491
D128_F05_V01,128,5,4,0.5,0.66666666666666663,0.58333333333333337,14,325,350,337.5,False,0,0,0,0,491
D128_F05_V01,128,5,4,0.5,0.66666666666666663,0.58333333333333337,15,350,375,362.5,False,0,0,0,0,491
D128_F05_V01,128,5,4,0.5,0.66666666666666663,0.58333333333333337,16,375,400,387.5,False,0,0,0,0,491
D128_F05_V01,128,5,4,0.5,0.66666666666666663,0.58333333333333337,17,400,425,412.5,False,0,0,0,0,491
D128_F05_V01,128,5,4,0.5,0.66666666666666663,0.58333333333333337,18,425,450,437.5,False,0,0,0,0,491
D128_F05_V01,128,5,4,0.5,0.66666666666666663,0.58333333333333337,19,450,475,462.5,False,0,0,0,0,491
D128_F05_V01,128,5,4,0.5,0.66666666666666663,0.58333333333333337,20,475,500,487.5,False,0,0,0,0,491
D128_F05_V01,128,5,5,0.66666666666666663,0.83333333333333337,0.75,1,0,25,12.5,True,0,0,0,0,491
D128_F05_V01,128,5,5,0.66666666666666663,0.83333333333333337,0.75,2,25,50,37.5,True,0,0,0,0,491
D128_F05_V01,128,5,5,0.66666666666666663,0.83333333333333337,0.75,3,50,75,62.5,True,0,0,0,0,491
D128_F05_V01,128,5,5,0.66666666666666663,0.83333333333333337,0.75,4,75,100,87.5,True,0,0,0,0,491
D128_F05_V01,128,5,5,0.66666666666666663,0.83333333333333337,0.75,5,100,125,112.5,False,0,0,0,0,491
D128_F05_V01,128,5,5,0.66666666666666663,0.83333333333333337,0.75,6,125,150,137.5,False,0,0,0,0,491
D128_F05_V01,128,5,5,0.66666666666666663,0.83333333333333337,0.75,7,150,175,162.5,False,0,0,0,0,491
D128_F05_V01,128,5,5,0.66666666666666663,0.83333333333333337,0.75,8,175,200,187.5,False,0,0,0,0,491
D128_F05_V01,128,5,5,0.66666666666666663,0.83333333333333337,0.75,9,200,225,212.5,False,0,0,0,0,491
D128_F05_V01,128,5,5,0.66666666666666663,0.83333333333333337,0.75,10,225,250,237.5,False,0,0,0,0,491
D128_F05_V01,128,5,5,0.66666666666666663,0.83333333333333337,0.75,11,250,275,262.5,False,0,0,0,0,491
D128_F05_V01,128,5,5,0.66666666666666663,0.83333333333333337,0.75,12,275,300,287.5,False,0,0,0,0,491
D128_F05_V01,128,5,5,0.66666666666666663,0.83333333333333337,0.75,13,300,325,312.5,False,0,0,0,0,491
D128_F05_V01,128,5,5,0.66666666666666663,0.83333333333333337,0.75,14,325,350,337.5,False,0,0,0,0,491
D128_F05_V01,128,5,5,0.66666666666666663,0.83333333333333337,0.75,15,350,375,362.5,False,0,0,0,0,491
D128_F05_V01,128,5,5,0.66666666666666663,0.83333333333333337,0.75,16,375,400,387.5,False,0,0,0,0,491
D128_F05_V01,128,5,5,0.66666666666666663,0.83333333333333337,0.75,17,400,425,412.5,False,0,0,0,0,491
D128_F05_V01,128,5,5,0.66666666666666663,0.83333333333333337,0.75,18,425,450,437.5,False,0,0,0,0,491
D128_F05_V01,128,5,5,0.66666666666666663,0.83333333333333337,0.75,19,450,475,462.5,False,0,0,0,0,491
D128_F05_V01,128,5,5,0.66666666666666663,0.83333333333333337,0.75,20,475,500,487.5,False,0,0,0,0,491
D128_F05_V01,128,5,6,0.83333333333333337,1,0.91666666666666663,1,0,25,12.5,True,491,3,0.0044311339702530119,0.0043802856238795308,491
D128_F05_V01,128,5,6,0.83333333333333337,1,0.91666666666666663,2,25,50,37.5,True,0,0,0,0,491
D128_F05_V01,128,5,6,0.83333333333333337,1,0.91666666666666663,3,50,75,62.5,True,0,0,0,0,491
D128_F05_V01,128,5,6,0.83333333333333337,1,0.91666666666666663,4,75,100,87.5,True,0,0,0,0,491
D128_F05_V01,128,5,6,0.83333333333333337,1,0.91666666666666663,5,100,125,112.5,False,0,0,0,0,491
D128_F05_V01,128,5,6,0.83333333333333337,1,0.91666666666666663,6,125,150,137.5,False,0,0,0,0,491
D128_F05_V01,128,5,6,0.83333333333333337,1,0.91666666666666663,7,150,175,162.5,False,0,0,0,0,491
D128_F05_V01,128,5,6,0.83333333333333337,1,0.91666666666666663,8,175,200,187.5,False,0,0,0,0,491
D128_F05_V01,128,5,6,0.83333333333333337,1,0.91666666666666663,9,200,225,212.5,False,0,0,0,0,491
D128_F05_V01,128,5,6,0.83333333333333337,1,0.91666666666666663,10,225,250,237.5,False,0,0,0,0,491
D128_F05_V01,128,5,6,0.83333333333333337,1,0.91666666666666663,11,250,275,262.5,False,0,0,0,0,491
D128_F05_V01,128,5,6,0.83333333333333337,1,0.91666666666666663,12,275,300,287.5,False,0,0,0,0,491
D128_F05_V01,128,5,6,0.83333333333333337,1,0.91666666666666663,13,300,325,312.5,False,0,0,0,0,491
D128_F05_V01,128,5,6,0.83333333333333337,1,0.91666666666666663,14,325,350,337.5,False,0,0,0,0,491
D128_F05_V01,128,5,6,0.83333333333333337,1,0.91666666666666663,15,350,375,362.5,False,0,0,0,0,491
D128_F05_V01,128,5,6,0.83333333333333337,1,0.91666666666666663,16,375,400,387.5,False,0,0,0,0,491
D128_F05_V01,128,5,6,0.83333333333333337,1,0.91666666666666663,17,400,425,412.5,False,0,0,0,0,491
D128_F05_V01,128,5,6,0.83333333333333337,1,0.91666666666666663,18,425,450,437.5,False,0,0,0,0,491
D128_F05_V01,128,5,6,0.83333333333333337,1,0.91666666666666663,19,450,475,462.5,False,0,0,0,0,491
D128_F05_V01,128,5,6,0.83333333333333337,1,0.91666666666666663,20,475,500,487.5,False,0,0,0,0,491
D128_F07_V01,128,7,1,0,0.16666666666666666,0.083333333333333329,1,0,25,12.5,False,0,0,0,0,493
D128_F07_V01,128,7,1,0,0.16666666666666666,0.083333333333333329,2,25,50,37.5,False,0,0,0,0,493
D128_F07_V01,128,7,1,0,0.16666666666666666,0.083333333333333329,3,50,75,62.5,False,0,0,0,0,493
D128_F07_V01,128,7,1,0,0.16666666666666666,0.083333333333333329,4,75,100,87.5,False,0,0,0,0,493
D128_F07_V01,128,7,1,0,0.16666666666666666,0.083333333333333329,5,100,125,112.5,False,0,0,0,0,493
D128_F07_V01,128,7,1,0,0.16666666666666666,0.083333333333333329,6,125,150,137.5,False,0,0,0,0,493
D128_F07_V01,128,7,1,0,0.16666666666666666,0.083333333333333329,7,150,175,162.5,False,0,0,0,0,493
D128_F07_V01,128,7,1,0,0.16666666666666666,0.083333333333333329,8,175,200,187.5,False,0,0,0,0,493
D128_F07_V01,128,7,1,0,0.16666666666666666,0.083333333333333329,9,200,225,212.5,False,0,0,0,0,493
D128_F07_V01,128,7,1,0,0.16666666666666666,0.083333333333333329,10,225,250,237.5,False,0,0,0,0,493
D128_F07_V01,128,7,1,0,0.16666666666666666,0.083333333333333329,11,250,275,262.5,False,0,0,0,0,493
D128_F07_V01,128,7,1,0,0.16666666666666666,0.083333333333333329,12,275,300,287.5,False,0,0,0,0,493
D128_F07_V01,128,7,1,0,0.16666666666666666,0.083333333333333329,13,300,325,312.5,False,0,0,0,0,493
D128_F07_V01,128,7,1,0,0.16666666666666666,0.083333333333333329,14,325,350,337.5,False,0,0,0,0,493
D128_F07_V01,128,7,1,0,0.16666666666666666,0.083333333333333329,15,350,375,362.5,False,0,0,0,0,493
D128_F07_V01,128,7,1,0,0.16666666666666666,0.083333333333333329,16,375,400,387.5,False,0,0,0,0,493
D128_F07_V01,128,7,1,0,0.16666666666666666,0.083333333333333329,17,400,425,412.5,False,0,0,0,0,493
D128_F07_V01,128,7,1,0,0.16666666666666666,0.083333333333333329,18,425,450,437.5,False,0,0,0,0,493
D128_F07_V01,128,7,1,0,0.16666666666666666,0.083333333333333329,19,450,475,462.5,False,0,0,0,0,493
D128_F07_V01,128,7,1,0,0.16666666666666666,0.083333333333333329,20,475,500,487.5,False,0,0,0,0,493
D128_F07_V01,128,7,2,0.16666666666666666,0.33333333333333331,0.25,1,0,25,12.5,False,0,0,0,0,493
D128_F07_V01,128,7,2,0.16666666666666666,0.33333333333333331,0.25,2,25,50,37.5,False,0,0,0,0,493
D128_F07_V01,128,7,2,0.16666666666666666,0.33333333333333331,0.25,3,50,75,62.5,False,0,0,0,0,493
D128_F07_V01,128,7,2,0.16666666666666666,0.33333333333333331,0.25,4,75,100,87.5,False,0,0,0,0,493
D128_F07_V01,128,7,2,0.16666666666666666,0.33333333333333331,0.25,5,100,125,112.5,False,0,0,0,0,493
D128_F07_V01,128,7,2,0.16666666666666666,0.33333333333333331,0.25,6,125,150,137.5,False,0,0,0,0,493
D128_F07_V01,128,7,2,0.16666666666666666,0.33333333333333331,0.25,7,150,175,162.5,False,0,0,0,0,493
D128_F07_V01,128,7,2,0.16666666666666666,0.33333333333333331,0.25,8,175,200,187.5,False,0,0,0,0,493
D128_F07_V01,128,7,2,0.16666666666666666,0.33333333333333331,0.25,9,200,225,212.5,False,0,0,0,0,493
D128_F07_V01,128,7,2,0.16666666666666666,0.33333333333333331,0.25,10,225,250,237.5,False,0,0,0,0,493
D128_F07_V01,128,7,2,0.16666666666666666,0.33333333333333331,0.25,11,250,275,262.5,False,0,0,0,0,493
D128_F07_V01,128,7,2,0.16666666666666666,0.33333333333333331,0.25,12,275,300,287.5,False,0,0,0,0,493
D128_F07_V01,128,7,2,0.16666666666666666,0.33333333333333331,0.25,13,300,325,312.5,False,0,0,0,0,493
D128_F07_V01,128,7,2,0.16666666666666666,0.33333333333333331,0.25,14,325,350,337.5,False,0,0,0,0,493
D128_F07_V01,128,7,2,0.16666666666666666,0.33333333333333331,0.25,15,350,375,362.5,False,0,0,0,0,493
D128_F07_V01,128,7,2,0.16666666666666666,0.33333333333333331,0.25,16,375,400,387.5,False,0,0,0,0,493
D128_F07_V01,128,7,2,0.16666666666666666,0.33333333333333331,0.25,17,400,425,412.5,False,0,0,0,0,493
D128_F07_V01,128,7,2,0.16666666666666666,0.33333333333333331,0.25,18,425,450,437.5,False,0,0,0,0,493
D128_F07_V01,128,7,2,0.16666666666666666,0.33333333333333331,0.25,19,450,475,462.5,False,0,0,0,0,493
D128_F07_V01,128,7,2,0.16666666666666666,0.33333333333333331,0.25,20,475,500,487.5,False,0,0,0,0,493
D128_F07_V01,128,7,3,0.33333333333333331,0.5,0.41666666666666669,1,0,25,12.5,True,0,0,0,0,493
D128_F07_V01,128,7,3,0.33333333333333331,0.5,0.41666666666666669,2,25,50,37.5,True,0,0,0,0,493
D128_F07_V01,128,7,3,0.33333333333333331,0.5,0.41666666666666669,3,50,75,62.5,True,0,0,0,0,493
D128_F07_V01,128,7,3,0.33333333333333331,0.5,0.41666666666666669,4,75,100,87.5,True,0,0,0,0,493
D128_F07_V01,128,7,3,0.33333333333333331,0.5,0.41666666666666669,5,100,125,112.5,False,0,0,0,0,493
D128_F07_V01,128,7,3,0.33333333333333331,0.5,0.41666666666666669,6,125,150,137.5,False,0,0,0,0,493
D128_F07_V01,128,7,3,0.33333333333333331,0.5,0.41666666666666669,7,150,175,162.5,False,0,0,0,0,493
D128_F07_V01,128,7,3,0.33333333333333331,0.5,0.41666666666666669,8,175,200,187.5,False,0,0,0,0,493
D128_F07_V01,128,7,3,0.33333333333333331,0.5,0.41666666666666669,9,200,225,212.5,False,0,0,0,0,493
D128_F07_V01,128,7,3,0.33333333333333331,0.5,0.41666666666666669,10,225,250,237.5,False,0,0,0,0,493
D128_F07_V01,128,7,3,0.33333333333333331,0.5,0.41666666666666669,11,250,275,262.5,False,0,0,0,0,493
D128_F07_V01,128,7,3,0.33333333333333331,0.5,0.41666666666666669,12,275,300,287.5,False,0,0,0,0,493
D128_F07_V01,128,7,3,0.33333333333333331,0.5,0.41666666666666669,13,300,325,312.5,False,0,0,0,0,493
D128_F07_V01,128,7,3,0.33333333333333331,0.5,0.41666666666666669,14,325,350,337.5,False,0,0,0,0,493
D128_F07_V01,128,7,3,0.33333333333333331,0.5,0.41666666666666669,15,350,375,362.5,False,0,0,0,0,493
D128_F07_V01,128,7,3,0.33333333333333331,0.5,0.41666666666666669,16,375,400,387.5,False,0,0,0,0,493
D128_F07_V01,128,7,3,0.33333333333333331,0.5,0.41666666666666669,17,400,425,412.5,False,0,0,0,0,493
D128_F07_V01,128,7,3,0.33333333333333331,0.5,0.41666666666666669,18,425,450,437.5,False,0,0,0,0,493
D128_F07_V01,128,7,3,0.33333333333333331,0.5,0.41666666666666669,19,450,475,462.5,False,0,0,0,0,493
D128_F07_V01,128,7,3,0.33333333333333331,0.5,0.41666666666666669,20,475,500,487.5,False,0,0,0,0,493
D128_F07_V01,128,7,4,0.5,0.66666666666666663,0.58333333333333337,1,0,25,12.5,True,0,0,0,0,493
D128_F07_V01,128,7,4,0.5,0.66666666666666663,0.58333333333333337,2,25,50,37.5,True,0,0,0,0,493
D128_F07_V01,128,7,4,0.5,0.66666666666666663,0.58333333333333337,3,50,75,62.5,True,0,0,0,0,493
D128_F07_V01,128,7,4,0.5,0.66666666666666663,0.58333333333333337,4,75,100,87.5,True,0,0,0,0,493
D128_F07_V01,128,7,4,0.5,0.66666666666666663,0.58333333333333337,5,100,125,112.5,False,0,0,0,0,493
D128_F07_V01,128,7,4,0.5,0.66666666666666663,0.58333333333333337,6,125,150,137.5,False,0,0,0,0,493
D128_F07_V01,128,7,4,0.5,0.66666666666666663,0.58333333333333337,7,150,175,162.5,False,0,0,0,0,493
D128_F07_V01,128,7,4,0.5,0.66666666666666663,0.58333333333333337,8,175,200,187.5,False,0,0,0,0,493
D128_F07_V01,128,7,4,0.5,0.66666666666666663,0.58333333333333337,9,200,225,212.5,False,0,0,0,0,493
D128_F07_V01,128,7,4,0.5,0.66666666666666663,0.58333333333333337,10,225,250,237.5,False,0,0,0,0,493
D128_F07_V01,128,7,4,0.5,0.66666666666666663,0.58333333333333337,11,250,275,262.5,False,0,0,0,0,493
D128_F07_V01,128,7,4,0.5,0.66666666666666663,0.58333333333333337,12,275,300,287.5,False,0,0,0,0,493
D128_F07_V01,128,7,4,0.5,0.66666666666666663,0.58333333333333337,13,300,325,312.5,False,0,0,0,0,493
D128_F07_V01,128,7,4,0.5,0.66666666666666663,0.58333333333333337,14,325,350,337.5,False,0,0,0,0,493
D128_F07_V01,128,7,4,0.5,0.66666666666666663,0.58333333333333337,15,350,375,362.5,False,0,0,0,0,493
D128_F07_V01,128,7,4,0.5,0.66666666666666663,0.58333333333333337,16,375,400,387.5,False,0,0,0,0,493
D128_F07_V01,128,7,4,0.5,0.66666666666666663,0.58333333333333337,17,400,425,412.5,False,0,0,0,0,493
D128_F07_V01,128,7,4,0.5,0.66666666666666663,0.58333333333333337,18,425,450,437.5,False,0,0,0,0,493
D128_F07_V01,128,7,4,0.5,0.66666666666666663,0.58333333333333337,19,450,475,462.5,False,0,0,0,0,493
D128_F07_V01,128,7,4,0.5,0.66666666666666663,0.58333333333333337,20,475,500,487.5,False,0,0,0,0,493
D128_F07_V01,128,7,5,0.66666666666666663,0.83333333333333337,0.75,1,0,25,12.5,True,0,0,0,0,493
D128_F07_V01,128,7,5,0.66666666666666663,0.83333333333333337,0.75,2,25,50,37.5,True,0,0,0,0,493
D128_F07_V01,128,7,5,0.66666666666666663,0.83333333333333337,0.75,3,50,75,62.5,True,0,0,0,0,493
D128_F07_V01,128,7,5,0.66666666666666663,0.83333333333333337,0.75,4,75,100,87.5,True,0,0,0,0,493
D128_F07_V01,128,7,5,0.66666666666666663,0.83333333333333337,0.75,5,100,125,112.5,False,0,0,0,0,493
D128_F07_V01,128,7,5,0.66666666666666663,0.83333333333333337,0.75,6,125,150,137.5,False,0,0,0,0,493
D128_F07_V01,128,7,5,0.66666666666666663,0.83333333333333337,0.75,7,150,175,162.5,False,0,0,0,0,493
D128_F07_V01,128,7,5,0.66666666666666663,0.83333333333333337,0.75,8,175,200,187.5,False,0,0,0,0,493
D128_F07_V01,128,7,5,0.66666666666666663,0.83333333333333337,0.75,9,200,225,212.5,False,0,0,0,0,493
D128_F07_V01,128,7,5,0.66666666666666663,0.83333333333333337,0.75,10,225,250,237.5,False,0,0,0,0,493
D128_F07_V01,128,7,5,0.66666666666666663,0.83333333333333337,0.75,11,250,275,262.5,False,0,0,0,0,493
D128_F07_V01,128,7,5,0.66666666666666663,0.83333333333333337,0.75,12,275,300,287.5,False,0,0,0,0,493
D128_F07_V01,128,7,5,0.66666666666666663,0.83333333333333337,0.75,13,300,325,312.5,False,0,0,0,0,493
D128_F07_V01,128,7,5,0.66666666666666663,0.83333333333333337,0.75,14,325,350,337.5,False,0,0,0,0,493
D128_F07_V01,128,7,5,0.66666666666666663,0.83333333333333337,0.75,15,350,375,362.5,False,0,0,0,0,493
D128_F07_V01,128,7,5,0.66666666666666663,0.83333333333333337,0.75,16,375,400,387.5,False,0,0,0,0,493
D128_F07_V01,128,7,5,0.66666666666666663,0.83333333333333337,0.75,17,400,425,412.5,False,0,0,0,0,493
D128_F07_V01,128,7,5,0.66666666666666663,0.83333333333333337,0.75,18,425,450,437.5,False,0,0,0,0,493
D128_F07_V01,128,7,5,0.66666666666666663,0.83333333333333337,0.75,19,450,475,462.5,False,0,0,0,0,493
D128_F07_V01,128,7,5,0.66666666666666663,0.83333333333333337,0.75,20,475,500,487.5,False,0,0,0,0,493
D128_F07_V01,128,7,6,0.83333333333333337,1,0.91666666666666663,1,0,25,12.5,True,493,3,0.0044314027979993516,0.0043701594463769183,493
D128_F07_V01,128,7,6,0.83333333333333337,1,0.91666666666666663,2,25,50,37.5,True,0,0,0,0,493
D128_F07_V01,128,7,6,0.83333333333333337,1,0.91666666666666663,3,50,75,62.5,True,0,0,0,0,493
D128_F07_V01,128,7,6,0.83333333333333337,1,0.91666666666666663,4,75,100,87.5,True,0,0,0,0,493
D128_F07_V01,128,7,6,0.83333333333333337,1,0.91666666666666663,5,100,125,112.5,False,0,0,0,0,493
D128_F07_V01,128,7,6,0.83333333333333337,1,0.91666666666666663,6,125,150,137.5,False,0,0,0,0,493
D128_F07_V01,128,7,6,0.83333333333333337,1,0.91666666666666663,7,150,175,162.5,False,0,0,0,0,493
D128_F07_V01,128,7,6,0.83333333333333337,1,0.91666666666666663,8,175,200,187.5,False,0,0,0,0,493
D128_F07_V01,128,7,6,0.83333333333333337,1,0.91666666666666663,9,200,225,212.5,False,0,0,0,0,493
D128_F07_V01,128,7,6,0.83333333333333337,1,0.91666666666666663,10,225,250,237.5,False,0,0,0,0,493
D128_F07_V01,128,7,6,0.83333333333333337,1,0.91666666666666663,11,250,275,262.5,False,0,0,0,0,493
D128_F07_V01,128,7,6,0.83333333333333337,1,0.91666666666666663,12,275,300,287.5,False,0,0,0,0,493
D128_F07_V01,128,7,6,0.83333333333333337,1,0.91666666666666663,13,300,325,312.5,False,0,0,0,0,493
D128_F07_V01,128,7,6,0.83333333333333337,1,0.91666666666666663,14,325,350,337.5,False,0,0,0,0,493
D128_F07_V01,128,7,6,0.83333333333333337,1,0.91666666666666663,15,350,375,362.5,False,0,0,0,0,493
D128_F07_V01,128,7,6,0.83333333333333337,1,0.91666666666666663,16,375,400,387.5,False,0,0,0,0,493
D128_F07_V01,128,7,6,0.83333333333333337,1,0.91666666666666663,17,400,425,412.5,False,0,0,0,0,493
D128_F07_V01,128,7,6,0.83333333333333337,1,0.91666666666666663,18,425,450,437.5,False,0,0,0,0,493
D128_F07_V01,128,7,6,0.83333333333333337,1,0.91666666666666663,19,450,475,462.5,False,0,0,0,0,493
D128_F07_V01,128,7,6,0.83333333333333337,1,0.91666666666666663,20,475,500,487.5,False,0,0,0,0,493
D128_F10_V01,128,10,1,0,0.16666666666666666,0.083333333333333329,1,0,25,12.5,False,0,0,0,0,484
D128_F10_V01,128,10,1,0,0.16666666666666666,0.083333333333333329,2,25,50,37.5,False,0,0,0,0,484
D128_F10_V01,128,10,1,0,0.16666666666666666,0.083333333333333329,3,50,75,62.5,False,0,0,0,0,484
D128_F10_V01,128,10,1,0,0.16666666666666666,0.083333333333333329,4,75,100,87.5,False,0,0,0,0,484
D128_F10_V01,128,10,1,0,0.16666666666666666,0.083333333333333329,5,100,125,112.5,False,0,0,0,0,484
D128_F10_V01,128,10,1,0,0.16666666666666666,0.083333333333333329,6,125,150,137.5,False,0,0,0,0,484
D128_F10_V01,128,10,1,0,0.16666666666666666,0.083333333333333329,7,150,175,162.5,False,0,0,0,0,484
D128_F10_V01,128,10,1,0,0.16666666666666666,0.083333333333333329,8,175,200,187.5,False,0,0,0,0,484
D128_F10_V01,128,10,1,0,0.16666666666666666,0.083333333333333329,9,200,225,212.5,False,0,0,0,0,484
D128_F10_V01,128,10,1,0,0.16666666666666666,0.083333333333333329,10,225,250,237.5,False,0,0,0,0,484
D128_F10_V01,128,10,1,0,0.16666666666666666,0.083333333333333329,11,250,275,262.5,False,0,0,0,0,484
D128_F10_V01,128,10,1,0,0.16666666666666666,0.083333333333333329,12,275,300,287.5,False,0,0,0,0,484
D128_F10_V01,128,10,1,0,0.16666666666666666,0.083333333333333329,13,300,325,312.5,False,0,0,0,0,484
D128_F10_V01,128,10,1,0,0.16666666666666666,0.083333333333333329,14,325,350,337.5,False,0,0,0,0,484
D128_F10_V01,128,10,1,0,0.16666666666666666,0.083333333333333329,15,350,375,362.5,False,0,0,0,0,484
D128_F10_V01,128,10,1,0,0.16666666666666666,0.083333333333333329,16,375,400,387.5,False,0,0,0,0,484
D128_F10_V01,128,10,1,0,0.16666666666666666,0.083333333333333329,17,400,425,412.5,False,0,0,0,0,484
D128_F10_V01,128,10,1,0,0.16666666666666666,0.083333333333333329,18,425,450,437.5,False,0,0,0,0,484
D128_F10_V01,128,10,1,0,0.16666666666666666,0.083333333333333329,19,450,475,462.5,False,0,0,0,0,484
D128_F10_V01,128,10,1,0,0.16666666666666666,0.083333333333333329,20,475,500,487.5,False,0,0,0,0,484
D128_F10_V01,128,10,2,0.16666666666666666,0.33333333333333331,0.25,1,0,25,12.5,False,0,0,0,0,484
D128_F10_V01,128,10,2,0.16666666666666666,0.33333333333333331,0.25,2,25,50,37.5,False,0,0,0,0,484
D128_F10_V01,128,10,2,0.16666666666666666,0.33333333333333331,0.25,3,50,75,62.5,False,0,0,0,0,484
D128_F10_V01,128,10,2,0.16666666666666666,0.33333333333333331,0.25,4,75,100,87.5,False,0,0,0,0,484
D128_F10_V01,128,10,2,0.16666666666666666,0.33333333333333331,0.25,5,100,125,112.5,False,0,0,0,0,484
D128_F10_V01,128,10,2,0.16666666666666666,0.33333333333333331,0.25,6,125,150,137.5,False,0,0,0,0,484
D128_F10_V01,128,10,2,0.16666666666666666,0.33333333333333331,0.25,7,150,175,162.5,False,0,0,0,0,484
D128_F10_V01,128,10,2,0.16666666666666666,0.33333333333333331,0.25,8,175,200,187.5,False,0,0,0,0,484
D128_F10_V01,128,10,2,0.16666666666666666,0.33333333333333331,0.25,9,200,225,212.5,False,0,0,0,0,484
D128_F10_V01,128,10,2,0.16666666666666666,0.33333333333333331,0.25,10,225,250,237.5,False,0,0,0,0,484
D128_F10_V01,128,10,2,0.16666666666666666,0.33333333333333331,0.25,11,250,275,262.5,False,0,0,0,0,484
D128_F10_V01,128,10,2,0.16666666666666666,0.33333333333333331,0.25,12,275,300,287.5,False,0,0,0,0,484
D128_F10_V01,128,10,2,0.16666666666666666,0.33333333333333331,0.25,13,300,325,312.5,False,0,0,0,0,484
D128_F10_V01,128,10,2,0.16666666666666666,0.33333333333333331,0.25,14,325,350,337.5,False,0,0,0,0,484
D128_F10_V01,128,10,2,0.16666666666666666,0.33333333333333331,0.25,15,350,375,362.5,False,0,0,0,0,484
D128_F10_V01,128,10,2,0.16666666666666666,0.33333333333333331,0.25,16,375,400,387.5,False,0,0,0,0,484
D128_F10_V01,128,10,2,0.16666666666666666,0.33333333333333331,0.25,17,400,425,412.5,False,0,0,0,0,484
D128_F10_V01,128,10,2,0.16666666666666666,0.33333333333333331,0.25,18,425,450,437.5,False,0,0,0,0,484
D128_F10_V01,128,10,2,0.16666666666666666,0.33333333333333331,0.25,19,450,475,462.5,False,0,0,0,0,484
D128_F10_V01,128,10,2,0.16666666666666666,0.33333333333333331,0.25,20,475,500,487.5,False,0,0,0,0,484
D128_F10_V01,128,10,3,0.33333333333333331,0.5,0.41666666666666669,1,0,25,12.5,True,0,0,0,0,484
D128_F10_V01,128,10,3,0.33333333333333331,0.5,0.41666666666666669,2,25,50,37.5,True,0,0,0,0,484
D128_F10_V01,128,10,3,0.33333333333333331,0.5,0.41666666666666669,3,50,75,62.5,True,0,0,0,0,484
D128_F10_V01,128,10,3,0.33333333333333331,0.5,0.41666666666666669,4,75,100,87.5,True,0,0,0,0,484
D128_F10_V01,128,10,3,0.33333333333333331,0.5,0.41666666666666669,5,100,125,112.5,False,0,0,0,0,484
D128_F10_V01,128,10,3,0.33333333333333331,0.5,0.41666666666666669,6,125,150,137.5,False,0,0,0,0,484
D128_F10_V01,128,10,3,0.33333333333333331,0.5,0.41666666666666669,7,150,175,162.5,False,0,0,0,0,484
D128_F10_V01,128,10,3,0.33333333333333331,0.5,0.41666666666666669,8,175,200,187.5,False,0,0,0,0,484
D128_F10_V01,128,10,3,0.33333333333333331,0.5,0.41666666666666669,9,200,225,212.5,False,0,0,0,0,484
D128_F10_V01,128,10,3,0.33333333333333331,0.5,0.41666666666666669,10,225,250,237.5,False,0,0,0,0,484
D128_F10_V01,128,10,3,0.33333333333333331,0.5,0.41666666666666669,11,250,275,262.5,False,0,0,0,0,484
D128_F10_V01,128,10,3,0.33333333333333331,0.5,0.41666666666666669,12,275,300,287.5,False,0,0,0,0,484
D128_F10_V01,128,10,3,0.33333333333333331,0.5,0.41666666666666669,13,300,325,312.5,False,0,0,0,0,484
D128_F10_V01,128,10,3,0.33333333333333331,0.5,0.41666666666666669,14,325,350,337.5,False,0,0,0,0,484
D128_F10_V01,128,10,3,0.33333333333333331,0.5,0.41666666666666669,15,350,375,362.5,False,0,0,0,0,484
D128_F10_V01,128,10,3,0.33333333333333331,0.5,0.41666666666666669,16,375,400,387.5,False,0,0,0,0,484
D128_F10_V01,128,10,3,0.33333333333333331,0.5,0.41666666666666669,17,400,425,412.5,False,0,0,0,0,484
D128_F10_V01,128,10,3,0.33333333333333331,0.5,0.41666666666666669,18,425,450,437.5,False,0,0,0,0,484
D128_F10_V01,128,10,3,0.33333333333333331,0.5,0.41666666666666669,19,450,475,462.5,False,0,0,0,0,484
D128_F10_V01,128,10,3,0.33333333333333331,0.5,0.41666666666666669,20,475,500,487.5,False,0,0,0,0,484
D128_F10_V01,128,10,4,0.5,0.66666666666666663,0.58333333333333337,1,0,25,12.5,True,0,0,0,0,484
D128_F10_V01,128,10,4,0.5,0.66666666666666663,0.58333333333333337,2,25,50,37.5,True,0,0,0,0,484
D128_F10_V01,128,10,4,0.5,0.66666666666666663,0.58333333333333337,3,50,75,62.5,True,0,0,0,0,484
D128_F10_V01,128,10,4,0.5,0.66666666666666663,0.58333333333333337,4,75,100,87.5,True,0,0,0,0,484
D128_F10_V01,128,10,4,0.5,0.66666666666666663,0.58333333333333337,5,100,125,112.5,False,0,0,0,0,484
D128_F10_V01,128,10,4,0.5,0.66666666666666663,0.58333333333333337,6,125,150,137.5,False,0,0,0,0,484
D128_F10_V01,128,10,4,0.5,0.66666666666666663,0.58333333333333337,7,150,175,162.5,False,0,0,0,0,484
D128_F10_V01,128,10,4,0.5,0.66666666666666663,0.58333333333333337,8,175,200,187.5,False,0,0,0,0,484
D128_F10_V01,128,10,4,0.5,0.66666666666666663,0.58333333333333337,9,200,225,212.5,False,0,0,0,0,484
D128_F10_V01,128,10,4,0.5,0.66666666666666663,0.58333333333333337,10,225,250,237.5,False,0,0,0,0,484
D128_F10_V01,128,10,4,0.5,0.66666666666666663,0.58333333333333337,11,250,275,262.5,False,0,0,0,0,484
D128_F10_V01,128,10,4,0.5,0.66666666666666663,0.58333333333333337,12,275,300,287.5,False,0,0,0,0,484
D128_F10_V01,128,10,4,0.5,0.66666666666666663,0.58333333333333337,13,300,325,312.5,False,0,0,0,0,484
D128_F10_V01,128,10,4,0.5,0.66666666666666663,0.58333333333333337,14,325,350,337.5,False,0,0,0,0,484
D128_F10_V01,128,10,4,0.5,0.66666666666666663,0.58333333333333337,15,350,375,362.5,False,0,0,0,0,484
D128_F10_V01,128,10,4,0.5,0.66666666666666663,0.58333333333333337,16,375,400,387.5,False,0,0,0,0,484
D128_F10_V01,128,10,4,0.5,0.66666666666666663,0.58333333333333337,17,400,425,412.5,False,0,0,0,0,484
D128_F10_V01,128,10,4,0.5,0.66666666666666663,0.58333333333333337,18,425,450,437.5,False,0,0,0,0,484
D128_F10_V01,128,10,4,0.5,0.66666666666666663,0.58333333333333337,19,450,475,462.5,False,0,0,0,0,484
D128_F10_V01,128,10,4,0.5,0.66666666666666663,0.58333333333333337,20,475,500,487.5,False,0,0,0,0,484
D128_F10_V01,128,10,5,0.66666666666666663,0.83333333333333337,0.75,1,0,25,12.5,True,0,0,0,0,484
D128_F10_V01,128,10,5,0.66666666666666663,0.83333333333333337,0.75,2,25,50,37.5,True,0,0,0,0,484
D128_F10_V01,128,10,5,0.66666666666666663,0.83333333333333337,0.75,3,50,75,62.5,True,0,0,0,0,484
D128_F10_V01,128,10,5,0.66666666666666663,0.83333333333333337,0.75,4,75,100,87.5,True,0,0,0,0,484
D128_F10_V01,128,10,5,0.66666666666666663,0.83333333333333337,0.75,5,100,125,112.5,False,0,0,0,0,484
D128_F10_V01,128,10,5,0.66666666666666663,0.83333333333333337,0.75,6,125,150,137.5,False,0,0,0,0,484
D128_F10_V01,128,10,5,0.66666666666666663,0.83333333333333337,0.75,7,150,175,162.5,False,0,0,0,0,484
D128_F10_V01,128,10,5,0.66666666666666663,0.83333333333333337,0.75,8,175,200,187.5,False,0,0,0,0,484
D128_F10_V01,128,10,5,0.66666666666666663,0.83333333333333337,0.75,9,200,225,212.5,False,0,0,0,0,484
D128_F10_V01,128,10,5,0.66666666666666663,0.83333333333333337,0.75,10,225,250,237.5,False,0,0,0,0,484
D128_F10_V01,128,10,5,0.66666666666666663,0.83333333333333337,0.75,11,250,275,262.5,False,0,0,0,0,484
D128_F10_V01,128,10,5,0.66666666666666663,0.83333333333333337,0.75,12,275,300,287.5,False,0,0,0,0,484
D128_F10_V01,128,10,5,0.66666666666666663,0.83333333333333337,0.75,13,300,325,312.5,False,0,0,0,0,484
D128_F10_V01,128,10,5,0.66666666666666663,0.83333333333333337,0.75,14,325,350,337.5,False,0,0,0,0,484
D128_F10_V01,128,10,5,0.66666666666666663,0.83333333333333337,0.75,15,350,375,362.5,False,0,0,0,0,484
D128_F10_V01,128,10,5,0.66666666666666663,0.83333333333333337,0.75,16,375,400,387.5,False,0,0,0,0,484
D128_F10_V01,128,10,5,0.66666666666666663,0.83333333333333337,0.75,17,400,425,412.5,False,0,0,0,0,484
D128_F10_V01,128,10,5,0.66666666666666663,0.83333333333333337,0.75,18,425,450,437.5,False,0,0,0,0,484
D128_F10_V01,128,10,5,0.66666666666666663,0.83333333333333337,0.75,19,450,475,462.5,False,0,0,0,0,484
D128_F10_V01,128,10,5,0.66666666666666663,0.83333333333333337,0.75,20,475,500,487.5,False,0,0,0,0,484
D128_F10_V01,128,10,6,0.83333333333333337,1,0.91666666666666663,1,0,25,12.5,True,484,3,0.0044314020939596318,0.0043837830483368012,484
D128_F10_V01,128,10,6,0.83333333333333337,1,0.91666666666666663,2,25,50,37.5,True,0,0,0,0,484
D128_F10_V01,128,10,6,0.83333333333333337,1,0.91666666666666663,3,50,75,62.5,True,0,0,0,0,484
D128_F10_V01,128,10,6,0.83333333333333337,1,0.91666666666666663,4,75,100,87.5,True,0,0,0,0,484
D128_F10_V01,128,10,6,0.83333333333333337,1,0.91666666666666663,5,100,125,112.5,False,0,0,0,0,484
D128_F10_V01,128,10,6,0.83333333333333337,1,0.91666666666666663,6,125,150,137.5,False,0,0,0,0,484
D128_F10_V01,128,10,6,0.83333333333333337,1,0.91666666666666663,7,150,175,162.5,False,0,0,0,0,484
D128_F10_V01,128,10,6,0.83333333333333337,1,0.91666666666666663,8,175,200,187.5,False,0,0,0,0,484
D128_F10_V01,128,10,6,0.83333333333333337,1,0.91666666666666663,9,200,225,212.5,False,0,0,0,0,484
D128_F10_V01,128,10,6,0.83333333333333337,1,0.91666666666666663,10,225,250,237.5,False,0,0,0,0,484
D128_F10_V01,128,10,6,0.83333333333333337,1,0.91666666666666663,11,250,275,262.5,False,0,0,0,0,484
D128_F10_V01,128,10,6,0.83333333333333337,1,0.91666666666666663,12,275,300,287.5,False,0,0,0,0,484
D128_F10_V01,128,10,6,0.83333333333333337,1,0.91666666666666663,13,300,325,312.5,False,0,0,0,0,484
D128_F10_V01,128,10,6,0.83333333333333337,1,0.91666666666666663,14,325,350,337.5,False,0,0,0,0,484
D128_F10_V01,128,10,6,0.83333333333333337,1,0.91666666666666663,15,350,375,362.5,False,0,0,0,0,484
D128_F10_V01,128,10,6,0.83333333333333337,1,0.91666666666666663,16,375,400,387.5,False,0,0,0,0,484
D128_F10_V01,128,10,6,0.83333333333333337,1,0.91666666666666663,17,400,425,412.5,False,0,0,0,0,484
D128_F10_V01,128,10,6,0.83333333333333337,1,0.91666666666666663,18,425,450,437.5,False,0,0,0,0,484
D128_F10_V01,128,10,6,0.83333333333333337,1,0.91666666666666663,19,450,475,462.5,False,0,0,0,0,484
D128_F10_V01,128,10,6,0.83333333333333337,1,0.91666666666666663,20,475,500,487.5,False,0,0,0,0,484
D235_F01_V01,235,1,1,0,0.16666666666666666,0.083333333333333329,1,0,25,12.5,False,0,0,0,0,448
D235_F01_V01,235,1,1,0,0.16666666666666666,0.083333333333333329,2,25,50,37.5,False,0,0,0,0,448
D235_F01_V01,235,1,1,0,0.16666666666666666,0.083333333333333329,3,50,75,62.5,False,0,0,0,0,448
D235_F01_V01,235,1,1,0,0.16666666666666666,0.083333333333333329,4,75,100,87.5,False,0,0,0,0,448
D235_F01_V01,235,1,1,0,0.16666666666666666,0.083333333333333329,5,100,125,112.5,False,0,0,0,0,448
D235_F01_V01,235,1,1,0,0.16666666666666666,0.083333333333333329,6,125,150,137.5,False,0,0,0,0,448
D235_F01_V01,235,1,1,0,0.16666666666666666,0.083333333333333329,7,150,175,162.5,False,0,0,0,0,448
D235_F01_V01,235,1,1,0,0.16666666666666666,0.083333333333333329,8,175,200,187.5,False,0,0,0,0,448
D235_F01_V01,235,1,1,0,0.16666666666666666,0.083333333333333329,9,200,225,212.5,False,0,0,0,0,448
D235_F01_V01,235,1,1,0,0.16666666666666666,0.083333333333333329,10,225,250,237.5,False,0,0,0,0,448
D235_F01_V01,235,1,1,0,0.16666666666666666,0.083333333333333329,11,250,275,262.5,False,0,0,0,0,448
D235_F01_V01,235,1,1,0,0.16666666666666666,0.083333333333333329,12,275,300,287.5,False,0,0,0,0,448
D235_F01_V01,235,1,1,0,0.16666666666666666,0.083333333333333329,13,300,325,312.5,False,0,0,0,0,448
D235_F01_V01,235,1,1,0,0.16666666666666666,0.083333333333333329,14,325,350,337.5,False,0,0,0,0,448
D235_F01_V01,235,1,1,0,0.16666666666666666,0.083333333333333329,15,350,375,362.5,False,0,0,0,0,448
D235_F01_V01,235,1,1,0,0.16666666666666666,0.083333333333333329,16,375,400,387.5,False,0,0,0,0,448
D235_F01_V01,235,1,1,0,0.16666666666666666,0.083333333333333329,17,400,425,412.5,False,0,0,0,0,448
D235_F01_V01,235,1,1,0,0.16666666666666666,0.083333333333333329,18,425,450,437.5,False,0,0,0,0,448
D235_F01_V01,235,1,1,0,0.16666666666666666,0.083333333333333329,19,450,475,462.5,False,0,0,0,0,448
D235_F01_V01,235,1,1,0,0.16666666666666666,0.083333333333333329,20,475,500,487.5,False,0,0,0,0,448
D235_F01_V01,235,1,2,0.16666666666666666,0.33333333333333331,0.25,1,0,25,12.5,False,0,0,0,0,448
D235_F01_V01,235,1,2,0.16666666666666666,0.33333333333333331,0.25,2,25,50,37.5,False,0,0,0,0,448
D235_F01_V01,235,1,2,0.16666666666666666,0.33333333333333331,0.25,3,50,75,62.5,False,0,0,0,0,448
D235_F01_V01,235,1,2,0.16666666666666666,0.33333333333333331,0.25,4,75,100,87.5,False,0,0,0,0,448
D235_F01_V01,235,1,2,0.16666666666666666,0.33333333333333331,0.25,5,100,125,112.5,False,0,0,0,0,448
D235_F01_V01,235,1,2,0.16666666666666666,0.33333333333333331,0.25,6,125,150,137.5,False,0,0,0,0,448
D235_F01_V01,235,1,2,0.16666666666666666,0.33333333333333331,0.25,7,150,175,162.5,False,0,0,0,0,448
D235_F01_V01,235,1,2,0.16666666666666666,0.33333333333333331,0.25,8,175,200,187.5,False,0,0,0,0,448
D235_F01_V01,235,1,2,0.16666666666666666,0.33333333333333331,0.25,9,200,225,212.5,False,0,0,0,0,448
D235_F01_V01,235,1,2,0.16666666666666666,0.33333333333333331,0.25,10,225,250,237.5,False,0,0,0,0,448
D235_F01_V01,235,1,2,0.16666666666666666,0.33333333333333331,0.25,11,250,275,262.5,False,0,0,0,0,448
D235_F01_V01,235,1,2,0.16666666666666666,0.33333333333333331,0.25,12,275,300,287.5,False,0,0,0,0,448
D235_F01_V01,235,1,2,0.16666666666666666,0.33333333333333331,0.25,13,300,325,312.5,False,0,0,0,0,448
D235_F01_V01,235,1,2,0.16666666666666666,0.33333333333333331,0.25,14,325,350,337.5,False,0,0,0,0,448
D235_F01_V01,235,1,2,0.16666666666666666,0.33333333333333331,0.25,15,350,375,362.5,False,0,0,0,0,448
D235_F01_V01,235,1,2,0.16666666666666666,0.33333333333333331,0.25,16,375,400,387.5,False,0,0,0,0,448
D235_F01_V01,235,1,2,0.16666666666666666,0.33333333333333331,0.25,17,400,425,412.5,False,0,0,0,0,448
D235_F01_V01,235,1,2,0.16666666666666666,0.33333333333333331,0.25,18,425,450,437.5,False,0,0,0,0,448
D235_F01_V01,235,1,2,0.16666666666666666,0.33333333333333331,0.25,19,450,475,462.5,False,0,0,0,0,448
D235_F01_V01,235,1,2,0.16666666666666666,0.33333333333333331,0.25,20,475,500,487.5,False,0,0,0,0,448
D235_F01_V01,235,1,3,0.33333333333333331,0.5,0.41666666666666669,1,0,25,12.5,True,0,0,0,0,448
D235_F01_V01,235,1,3,0.33333333333333331,0.5,0.41666666666666669,2,25,50,37.5,True,0,0,0,0,448
D235_F01_V01,235,1,3,0.33333333333333331,0.5,0.41666666666666669,3,50,75,62.5,True,0,0,0,0,448
D235_F01_V01,235,1,3,0.33333333333333331,0.5,0.41666666666666669,4,75,100,87.5,True,0,0,0,0,448
D235_F01_V01,235,1,3,0.33333333333333331,0.5,0.41666666666666669,5,100,125,112.5,False,0,0,0,0,448
D235_F01_V01,235,1,3,0.33333333333333331,0.5,0.41666666666666669,6,125,150,137.5,False,0,0,0,0,448
D235_F01_V01,235,1,3,0.33333333333333331,0.5,0.41666666666666669,7,150,175,162.5,False,0,0,0,0,448
D235_F01_V01,235,1,3,0.33333333333333331,0.5,0.41666666666666669,8,175,200,187.5,False,0,0,0,0,448
D235_F01_V01,235,1,3,0.33333333333333331,0.5,0.41666666666666669,9,200,225,212.5,False,0,0,0,0,448
D235_F01_V01,235,1,3,0.33333333333333331,0.5,0.41666666666666669,10,225,250,237.5,False,0,0,0,0,448
D235_F01_V01,235,1,3,0.33333333333333331,0.5,0.41666666666666669,11,250,275,262.5,False,0,0,0,0,448
D235_F01_V01,235,1,3,0.33333333333333331,0.5,0.41666666666666669,12,275,300,287.5,False,0,0,0,0,448
D235_F01_V01,235,1,3,0.33333333333333331,0.5,0.41666666666666669,13,300,325,312.5,False,0,0,0,0,448
D235_F01_V01,235,1,3,0.33333333333333331,0.5,0.41666666666666669,14,325,350,337.5,False,0,0,0,0,448
D235_F01_V01,235,1,3,0.33333333333333331,0.5,0.41666666666666669,15,350,375,362.5,False,0,0,0,0,448
D235_F01_V01,235,1,3,0.33333333333333331,0.5,0.41666666666666669,16,375,400,387.5,False,0,0,0,0,448
D235_F01_V01,235,1,3,0.33333333333333331,0.5,0.41666666666666669,17,400,425,412.5,False,0,0,0,0,448
D235_F01_V01,235,1,3,0.33333333333333331,0.5,0.41666666666666669,18,425,450,437.5,False,0,0,0,0,448
D235_F01_V01,235,1,3,0.33333333333333331,0.5,0.41666666666666669,19,450,475,462.5,False,0,0,0,0,448
D235_F01_V01,235,1,3,0.33333333333333331,0.5,0.41666666666666669,20,475,500,487.5,False,0,0,0,0,448
D235_F01_V01,235,1,4,0.5,0.66666666666666663,0.58333333333333337,1,0,25,12.5,True,0,0,0,0,448
D235_F01_V01,235,1,4,0.5,0.66666666666666663,0.58333333333333337,2,25,50,37.5,True,0,0,0,0,448
D235_F01_V01,235,1,4,0.5,0.66666666666666663,0.58333333333333337,3,50,75,62.5,True,0,0,0,0,448
D235_F01_V01,235,1,4,0.5,0.66666666666666663,0.58333333333333337,4,75,100,87.5,True,0,0,0,0,448
D235_F01_V01,235,1,4,0.5,0.66666666666666663,0.58333333333333337,5,100,125,112.5,False,0,0,0,0,448
D235_F01_V01,235,1,4,0.5,0.66666666666666663,0.58333333333333337,6,125,150,137.5,False,0,0,0,0,448
D235_F01_V01,235,1,4,0.5,0.66666666666666663,0.58333333333333337,7,150,175,162.5,False,0,0,0,0,448
D235_F01_V01,235,1,4,0.5,0.66666666666666663,0.58333333333333337,8,175,200,187.5,False,0,0,0,0,448
D235_F01_V01,235,1,4,0.5,0.66666666666666663,0.58333333333333337,9,200,225,212.5,False,0,0,0,0,448
D235_F01_V01,235,1,4,0.5,0.66666666666666663,0.58333333333333337,10,225,250,237.5,False,0,0,0,0,448
D235_F01_V01,235,1,4,0.5,0.66666666666666663,0.58333333333333337,11,250,275,262.5,False,0,0,0,0,448
D235_F01_V01,235,1,4,0.5,0.66666666666666663,0.58333333333333337,12,275,300,287.5,False,0,0,0,0,448
D235_F01_V01,235,1,4,0.5,0.66666666666666663,0.58333333333333337,13,300,325,312.5,False,0,0,0,0,448
D235_F01_V01,235,1,4,0.5,0.66666666666666663,0.58333333333333337,14,325,350,337.5,False,0,0,0,0,448
D235_F01_V01,235,1,4,0.5,0.66666666666666663,0.58333333333333337,15,350,375,362.5,False,0,0,0,0,448
D235_F01_V01,235,1,4,0.5,0.66666666666666663,0.58333333333333337,16,375,400,387.5,False,0,0,0,0,448
D235_F01_V01,235,1,4,0.5,0.66666666666666663,0.58333333333333337,17,400,425,412.5,False,0,0,0,0,448
D235_F01_V01,235,1,4,0.5,0.66666666666666663,0.58333333333333337,18,425,450,437.5,False,0,0,0,0,448
D235_F01_V01,235,1,4,0.5,0.66666666666666663,0.58333333333333337,19,450,475,462.5,False,0,0,0,0,448
D235_F01_V01,235,1,4,0.5,0.66666666666666663,0.58333333333333337,20,475,500,487.5,False,0,0,0,0,448
D235_F01_V01,235,1,5,0.66666666666666663,0.83333333333333337,0.75,1,0,25,12.5,True,0,0,0,0,448
D235_F01_V01,235,1,5,0.66666666666666663,0.83333333333333337,0.75,2,25,50,37.5,True,0,0,0,0,448
D235_F01_V01,235,1,5,0.66666666666666663,0.83333333333333337,0.75,3,50,75,62.5,True,0,0,0,0,448
D235_F01_V01,235,1,5,0.66666666666666663,0.83333333333333337,0.75,4,75,100,87.5,True,0,0,0,0,448
D235_F01_V01,235,1,5,0.66666666666666663,0.83333333333333337,0.75,5,100,125,112.5,False,0,0,0,0,448
D235_F01_V01,235,1,5,0.66666666666666663,0.83333333333333337,0.75,6,125,150,137.5,False,0,0,0,0,448
D235_F01_V01,235,1,5,0.66666666666666663,0.83333333333333337,0.75,7,150,175,162.5,False,0,0,0,0,448
D235_F01_V01,235,1,5,0.66666666666666663,0.83333333333333337,0.75,8,175,200,187.5,False,0,0,0,0,448
D235_F01_V01,235,1,5,0.66666666666666663,0.83333333333333337,0.75,9,200,225,212.5,False,0,0,0,0,448
D235_F01_V01,235,1,5,0.66666666666666663,0.83333333333333337,0.75,10,225,250,237.5,False,0,0,0,0,448
D235_F01_V01,235,1,5,0.66666666666666663,0.83333333333333337,0.75,11,250,275,262.5,False,0,0,0,0,448
D235_F01_V01,235,1,5,0.66666666666666663,0.83333333333333337,0.75,12,275,300,287.5,False,0,0,0,0,448
D235_F01_V01,235,1,5,0.66666666666666663,0.83333333333333337,0.75,13,300,325,312.5,False,0,0,0,0,448
D235_F01_V01,235,1,5,0.66666666666666663,0.83333333333333337,0.75,14,325,350,337.5,False,0,0,0,0,448
D235_F01_V01,235,1,5,0.66666666666666663,0.83333333333333337,0.75,15,350,375,362.5,False,0,0,0,0,448
D235_F01_V01,235,1,5,0.66666666666666663,0.83333333333333337,0.75,16,375,400,387.5,False,0,0,0,0,448
D235_F01_V01,235,1,5,0.66666666666666663,0.83333333333333337,0.75,17,400,425,412.5,False,0,0,0,0,448
D235_F01_V01,235,1,5,0.66666666666666663,0.83333333333333337,0.75,18,425,450,437.5,False,0,0,0,0,448
D235_F01_V01,235,1,5,0.66666666666666663,0.83333333333333337,0.75,19,450,475,462.5,False,0,0,0,0,448
D235_F01_V01,235,1,5,0.66666666666666663,0.83333333333333337,0.75,20,475,500,487.5,False,0,0,0,0,448
D235_F01_V01,235,1,6,0.83333333333333337,1,0.91666666666666663,1,0,25,12.5,True,448,3,0.0013443378218057978,0.0013415439123675218,448
D235_F01_V01,235,1,6,0.83333333333333337,1,0.91666666666666663,2,25,50,37.5,True,0,0,0,0,448
D235_F01_V01,235,1,6,0.83333333333333337,1,0.91666666666666663,3,50,75,62.5,True,0,0,0,0,448
D235_F01_V01,235,1,6,0.83333333333333337,1,0.91666666666666663,4,75,100,87.5,True,0,0,0,0,448
D235_F01_V01,235,1,6,0.83333333333333337,1,0.91666666666666663,5,100,125,112.5,False,0,0,0,0,448
D235_F01_V01,235,1,6,0.83333333333333337,1,0.91666666666666663,6,125,150,137.5,False,0,0,0,0,448
D235_F01_V01,235,1,6,0.83333333333333337,1,0.91666666666666663,7,150,175,162.5,False,0,0,0,0,448
D235_F01_V01,235,1,6,0.83333333333333337,1,0.91666666666666663,8,175,200,187.5,False,0,0,0,0,448
D235_F01_V01,235,1,6,0.83333333333333337,1,0.91666666666666663,9,200,225,212.5,False,0,0,0,0,448
D235_F01_V01,235,1,6,0.83333333333333337,1,0.91666666666666663,10,225,250,237.5,False,0,0,0,0,448
D235_F01_V01,235,1,6,0.83333333333333337,1,0.91666666666666663,11,250,275,262.5,False,0,0,0,0,448
D235_F01_V01,235,1,6,0.83333333333333337,1,0.91666666666666663,12,275,300,287.5,False,0,0,0,0,448
D235_F01_V01,235,1,6,0.83333333333333337,1,0.91666666666666663,13,300,325,312.5,False,0,0,0,0,448
D235_F01_V01,235,1,6,0.83333333333333337,1,0.91666666666666663,14,325,350,337.5,False,0,0,0,0,448
D235_F01_V01,235,1,6,0.83333333333333337,1,0.91666666666666663,15,350,375,362.5,False,0,0,0,0,448
D235_F01_V01,235,1,6,0.83333333333333337,1,0.91666666666666663,16,375,400,387.5,False,0,0,0,0,448
D235_F01_V01,235,1,6,0.83333333333333337,1,0.91666666666666663,17,400,425,412.5,False,0,0,0,0,448
D235_F01_V01,235,1,6,0.83333333333333337,1,0.91666666666666663,18,425,450,437.5,False,0,0,0,0,448
D235_F01_V01,235,1,6,0.83333333333333337,1,0.91666666666666663,19,450,475,462.5,False,0,0,0,0,448
D235_F01_V01,235,1,6,0.83333333333333337,1,0.91666666666666663,20,475,500,487.5,False,0,0,0,0,448
D235_F03_V01,235,3,1,0,0.16666666666666666,0.083333333333333329,1,0,25,12.5,False,0,0,0,0,448
D235_F03_V01,235,3,1,0,0.16666666666666666,0.083333333333333329,2,25,50,37.5,False,0,0,0,0,448
D235_F03_V01,235,3,1,0,0.16666666666666666,0.083333333333333329,3,50,75,62.5,False,0,0,0,0,448
D235_F03_V01,235,3,1,0,0.16666666666666666,0.083333333333333329,4,75,100,87.5,False,0,0,0,0,448
D235_F03_V01,235,3,1,0,0.16666666666666666,0.083333333333333329,5,100,125,112.5,False,0,0,0,0,448
D235_F03_V01,235,3,1,0,0.16666666666666666,0.083333333333333329,6,125,150,137.5,False,0,0,0,0,448
D235_F03_V01,235,3,1,0,0.16666666666666666,0.083333333333333329,7,150,175,162.5,False,0,0,0,0,448
D235_F03_V01,235,3,1,0,0.16666666666666666,0.083333333333333329,8,175,200,187.5,False,0,0,0,0,448
D235_F03_V01,235,3,1,0,0.16666666666666666,0.083333333333333329,9,200,225,212.5,False,0,0,0,0,448
D235_F03_V01,235,3,1,0,0.16666666666666666,0.083333333333333329,10,225,250,237.5,False,0,0,0,0,448
D235_F03_V01,235,3,1,0,0.16666666666666666,0.083333333333333329,11,250,275,262.5,False,0,0,0,0,448
D235_F03_V01,235,3,1,0,0.16666666666666666,0.083333333333333329,12,275,300,287.5,False,0,0,0,0,448
D235_F03_V01,235,3,1,0,0.16666666666666666,0.083333333333333329,13,300,325,312.5,False,0,0,0,0,448
D235_F03_V01,235,3,1,0,0.16666666666666666,0.083333333333333329,14,325,350,337.5,False,0,0,0,0,448
D235_F03_V01,235,3,1,0,0.16666666666666666,0.083333333333333329,15,350,375,362.5,False,0,0,0,0,448
D235_F03_V01,235,3,1,0,0.16666666666666666,0.083333333333333329,16,375,400,387.5,False,0,0,0,0,448
D235_F03_V01,235,3,1,0,0.16666666666666666,0.083333333333333329,17,400,425,412.5,False,0,0,0,0,448
D235_F03_V01,235,3,1,0,0.16666666666666666,0.083333333333333329,18,425,450,437.5,False,0,0,0,0,448
D235_F03_V01,235,3,1,0,0.16666666666666666,0.083333333333333329,19,450,475,462.5,False,0,0,0,0,448
D235_F03_V01,235,3,1,0,0.16666666666666666,0.083333333333333329,20,475,500,487.5,False,0,0,0,0,448
D235_F03_V01,235,3,2,0.16666666666666666,0.33333333333333331,0.25,1,0,25,12.5,False,0,0,0,0,448
D235_F03_V01,235,3,2,0.16666666666666666,0.33333333333333331,0.25,2,25,50,37.5,False,0,0,0,0,448
D235_F03_V01,235,3,2,0.16666666666666666,0.33333333333333331,0.25,3,50,75,62.5,False,0,0,0,0,448
D235_F03_V01,235,3,2,0.16666666666666666,0.33333333333333331,0.25,4,75,100,87.5,False,0,0,0,0,448
D235_F03_V01,235,3,2,0.16666666666666666,0.33333333333333331,0.25,5,100,125,112.5,False,0,0,0,0,448
D235_F03_V01,235,3,2,0.16666666666666666,0.33333333333333331,0.25,6,125,150,137.5,False,0,0,0,0,448
D235_F03_V01,235,3,2,0.16666666666666666,0.33333333333333331,0.25,7,150,175,162.5,False,0,0,0,0,448
D235_F03_V01,235,3,2,0.16666666666666666,0.33333333333333331,0.25,8,175,200,187.5,False,0,0,0,0,448
D235_F03_V01,235,3,2,0.16666666666666666,0.33333333333333331,0.25,9,200,225,212.5,False,0,0,0,0,448
D235_F03_V01,235,3,2,0.16666666666666666,0.33333333333333331,0.25,10,225,250,237.5,False,0,0,0,0,448
D235_F03_V01,235,3,2,0.16666666666666666,0.33333333333333331,0.25,11,250,275,262.5,False,0,0,0,0,448
D235_F03_V01,235,3,2,0.16666666666666666,0.33333333333333331,0.25,12,275,300,287.5,False,0,0,0,0,448
D235_F03_V01,235,3,2,0.16666666666666666,0.33333333333333331,0.25,13,300,325,312.5,False,0,0,0,0,448
D235_F03_V01,235,3,2,0.16666666666666666,0.33333333333333331,0.25,14,325,350,337.5,False,0,0,0,0,448
D235_F03_V01,235,3,2,0.16666666666666666,0.33333333333333331,0.25,15,350,375,362.5,False,0,0,0,0,448
D235_F03_V01,235,3,2,0.16666666666666666,0.33333333333333331,0.25,16,375,400,387.5,False,0,0,0,0,448
D235_F03_V01,235,3,2,0.16666666666666666,0.33333333333333331,0.25,17,400,425,412.5,False,0,0,0,0,448
D235_F03_V01,235,3,2,0.16666666666666666,0.33333333333333331,0.25,18,425,450,437.5,False,0,0,0,0,448
D235_F03_V01,235,3,2,0.16666666666666666,0.33333333333333331,0.25,19,450,475,462.5,False,0,0,0,0,448
D235_F03_V01,235,3,2,0.16666666666666666,0.33333333333333331,0.25,20,475,500,487.5,False,0,0,0,0,448
D235_F03_V01,235,3,3,0.33333333333333331,0.5,0.41666666666666669,1,0,25,12.5,True,0,0,0,0,448
D235_F03_V01,235,3,3,0.33333333333333331,0.5,0.41666666666666669,2,25,50,37.5,True,0,0,0,0,448
D235_F03_V01,235,3,3,0.33333333333333331,0.5,0.41666666666666669,3,50,75,62.5,True,0,0,0,0,448
D235_F03_V01,235,3,3,0.33333333333333331,0.5,0.41666666666666669,4,75,100,87.5,True,0,0,0,0,448
D235_F03_V01,235,3,3,0.33333333333333331,0.5,0.41666666666666669,5,100,125,112.5,False,0,0,0,0,448
D235_F03_V01,235,3,3,0.33333333333333331,0.5,0.41666666666666669,6,125,150,137.5,False,0,0,0,0,448
D235_F03_V01,235,3,3,0.33333333333333331,0.5,0.41666666666666669,7,150,175,162.5,False,0,0,0,0,448
D235_F03_V01,235,3,3,0.33333333333333331,0.5,0.41666666666666669,8,175,200,187.5,False,0,0,0,0,448
D235_F03_V01,235,3,3,0.33333333333333331,0.5,0.41666666666666669,9,200,225,212.5,False,0,0,0,0,448
D235_F03_V01,235,3,3,0.33333333333333331,0.5,0.41666666666666669,10,225,250,237.5,False,0,0,0,0,448
D235_F03_V01,235,3,3,0.33333333333333331,0.5,0.41666666666666669,11,250,275,262.5,False,0,0,0,0,448
D235_F03_V01,235,3,3,0.33333333333333331,0.5,0.41666666666666669,12,275,300,287.5,False,0,0,0,0,448
D235_F03_V01,235,3,3,0.33333333333333331,0.5,0.41666666666666669,13,300,325,312.5,False,0,0,0,0,448
D235_F03_V01,235,3,3,0.33333333333333331,0.5,0.41666666666666669,14,325,350,337.5,False,0,0,0,0,448
D235_F03_V01,235,3,3,0.33333333333333331,0.5,0.41666666666666669,15,350,375,362.5,False,0,0,0,0,448
D235_F03_V01,235,3,3,0.33333333333333331,0.5,0.41666666666666669,16,375,400,387.5,False,0,0,0,0,448
D235_F03_V01,235,3,3,0.33333333333333331,0.5,0.41666666666666669,17,400,425,412.5,False,0,0,0,0,448
D235_F03_V01,235,3,3,0.33333333333333331,0.5,0.41666666666666669,18,425,450,437.5,False,0,0,0,0,448
D235_F03_V01,235,3,3,0.33333333333333331,0.5,0.41666666666666669,19,450,475,462.5,False,0,0,0,0,448
D235_F03_V01,235,3,3,0.33333333333333331,0.5,0.41666666666666669,20,475,500,487.5,False,0,0,0,0,448
D235_F03_V01,235,3,4,0.5,0.66666666666666663,0.58333333333333337,1,0,25,12.5,True,0,0,0,0,448
D235_F03_V01,235,3,4,0.5,0.66666666666666663,0.58333333333333337,2,25,50,37.5,True,0,0,0,0,448
D235_F03_V01,235,3,4,0.5,0.66666666666666663,0.58333333333333337,3,50,75,62.5,True,0,0,0,0,448
D235_F03_V01,235,3,4,0.5,0.66666666666666663,0.58333333333333337,4,75,100,87.5,True,0,0,0,0,448
D235_F03_V01,235,3,4,0.5,0.66666666666666663,0.58333333333333337,5,100,125,112.5,False,0,0,0,0,448
D235_F03_V01,235,3,4,0.5,0.66666666666666663,0.58333333333333337,6,125,150,137.5,False,0,0,0,0,448
D235_F03_V01,235,3,4,0.5,0.66666666666666663,0.58333333333333337,7,150,175,162.5,False,0,0,0,0,448
D235_F03_V01,235,3,4,0.5,0.66666666666666663,0.58333333333333337,8,175,200,187.5,False,0,0,0,0,448
D235_F03_V01,235,3,4,0.5,0.66666666666666663,0.58333333333333337,9,200,225,212.5,False,0,0,0,0,448
D235_F03_V01,235,3,4,0.5,0.66666666666666663,0.58333333333333337,10,225,250,237.5,False,0,0,0,0,448
D235_F03_V01,235,3,4,0.5,0.66666666666666663,0.58333333333333337,11,250,275,262.5,False,0,0,0,0,448
D235_F03_V01,235,3,4,0.5,0.66666666666666663,0.58333333333333337,12,275,300,287.5,False,0,0,0,0,448
D235_F03_V01,235,3,4,0.5,0.66666666666666663,0.58333333333333337,13,300,325,312.5,False,0,0,0,0,448
D235_F03_V01,235,3,4,0.5,0.66666666666666663,0.58333333333333337,14,325,350,337.5,False,0,0,0,0,448
D235_F03_V01,235,3,4,0.5,0.66666666666666663,0.58333333333333337,15,350,375,362.5,False,0,0,0,0,448
D235_F03_V01,235,3,4,0.5,0.66666666666666663,0.58333333333333337,16,375,400,387.5,False,0,0,0,0,448
D235_F03_V01,235,3,4,0.5,0.66666666666666663,0.58333333333333337,17,400,425,412.5,False,0,0,0,0,448
D235_F03_V01,235,3,4,0.5,0.66666666666666663,0.58333333333333337,18,425,450,437.5,False,0,0,0,0,448
D235_F03_V01,235,3,4,0.5,0.66666666666666663,0.58333333333333337,19,450,475,462.5,False,0,0,0,0,448
D235_F03_V01,235,3,4,0.5,0.66666666666666663,0.58333333333333337,20,475,500,487.5,False,0,0,0,0,448
D235_F03_V01,235,3,5,0.66666666666666663,0.83333333333333337,0.75,1,0,25,12.5,True,0,0,0,0,448
D235_F03_V01,235,3,5,0.66666666666666663,0.83333333333333337,0.75,2,25,50,37.5,True,0,0,0,0,448
D235_F03_V01,235,3,5,0.66666666666666663,0.83333333333333337,0.75,3,50,75,62.5,True,0,0,0,0,448
D235_F03_V01,235,3,5,0.66666666666666663,0.83333333333333337,0.75,4,75,100,87.5,True,0,0,0,0,448
D235_F03_V01,235,3,5,0.66666666666666663,0.83333333333333337,0.75,5,100,125,112.5,False,0,0,0,0,448
D235_F03_V01,235,3,5,0.66666666666666663,0.83333333333333337,0.75,6,125,150,137.5,False,0,0,0,0,448
D235_F03_V01,235,3,5,0.66666666666666663,0.83333333333333337,0.75,7,150,175,162.5,False,0,0,0,0,448
D235_F03_V01,235,3,5,0.66666666666666663,0.83333333333333337,0.75,8,175,200,187.5,False,0,0,0,0,448
D235_F03_V01,235,3,5,0.66666666666666663,0.83333333333333337,0.75,9,200,225,212.5,False,0,0,0,0,448
D235_F03_V01,235,3,5,0.66666666666666663,0.83333333333333337,0.75,10,225,250,237.5,False,0,0,0,0,448
D235_F03_V01,235,3,5,0.66666666666666663,0.83333333333333337,0.75,11,250,275,262.5,False,0,0,0,0,448
D235_F03_V01,235,3,5,0.66666666666666663,0.83333333333333337,0.75,12,275,300,287.5,False,0,0,0,0,448
D235_F03_V01,235,3,5,0.66666666666666663,0.83333333333333337,0.75,13,300,325,312.5,False,0,0,0,0,448
D235_F03_V01,235,3,5,0.66666666666666663,0.83333333333333337,0.75,14,325,350,337.5,False,0,0,0,0,448
D235_F03_V01,235,3,5,0.66666666666666663,0.83333333333333337,0.75,15,350,375,362.5,False,0,0,0,0,448
D235_F03_V01,235,3,5,0.66666666666666663,0.83333333333333337,0.75,16,375,400,387.5,False,0,0,0,0,448
D235_F03_V01,235,3,5,0.66666666666666663,0.83333333333333337,0.75,17,400,425,412.5,False,0,0,0,0,448
D235_F03_V01,235,3,5,0.66666666666666663,0.83333333333333337,0.75,18,425,450,437.5,False,0,0,0,0,448
D235_F03_V01,235,3,5,0.66666666666666663,0.83333333333333337,0.75,19,450,475,462.5,False,0,0,0,0,448
D235_F03_V01,235,3,5,0.66666666666666663,0.83333333333333337,0.75,20,475,500,487.5,False,0,0,0,0,448
D235_F03_V01,235,3,6,0.83333333333333337,1,0.91666666666666663,1,0,25,12.5,True,448,3,0.0013443374581526175,0.0013415800397950338,448
D235_F03_V01,235,3,6,0.83333333333333337,1,0.91666666666666663,2,25,50,37.5,True,0,0,0,0,448
D235_F03_V01,235,3,6,0.83333333333333337,1,0.91666666666666663,3,50,75,62.5,True,0,0,0,0,448
D235_F03_V01,235,3,6,0.83333333333333337,1,0.91666666666666663,4,75,100,87.5,True,0,0,0,0,448
D235_F03_V01,235,3,6,0.83333333333333337,1,0.91666666666666663,5,100,125,112.5,False,0,0,0,0,448
D235_F03_V01,235,3,6,0.83333333333333337,1,0.91666666666666663,6,125,150,137.5,False,0,0,0,0,448
D235_F03_V01,235,3,6,0.83333333333333337,1,0.91666666666666663,7,150,175,162.5,False,0,0,0,0,448
D235_F03_V01,235,3,6,0.83333333333333337,1,0.91666666666666663,8,175,200,187.5,False,0,0,0,0,448
D235_F03_V01,235,3,6,0.83333333333333337,1,0.91666666666666663,9,200,225,212.5,False,0,0,0,0,448
D235_F03_V01,235,3,6,0.83333333333333337,1,0.91666666666666663,10,225,250,237.5,False,0,0,0,0,448
D235_F03_V01,235,3,6,0.83333333333333337,1,0.91666666666666663,11,250,275,262.5,False,0,0,0,0,448
D235_F03_V01,235,3,6,0.83333333333333337,1,0.91666666666666663,12,275,300,287.5,False,0,0,0,0,448
D235_F03_V01,235,3,6,0.83333333333333337,1,0.91666666666666663,13,300,325,312.5,False,0,0,0,0,448
D235_F03_V01,235,3,6,0.83333333333333337,1,0.91666666666666663,14,325,350,337.5,False,0,0,0,0,448
D235_F03_V01,235,3,6,0.83333333333333337,1,0.91666666666666663,15,350,375,362.5,False,0,0,0,0,448
D235_F03_V01,235,3,6,0.83333333333333337,1,0.91666666666666663,16,375,400,387.5,False,0,0,0,0,448
D235_F03_V01,235,3,6,0.83333333333333337,1,0.91666666666666663,17,400,425,412.5,False,0,0,0,0,448
D235_F03_V01,235,3,6,0.83333333333333337,1,0.91666666666666663,18,425,450,437.5,False,0,0,0,0,448
D235_F03_V01,235,3,6,0.83333333333333337,1,0.91666666666666663,19,450,475,462.5,False,0,0,0,0,448
D235_F03_V01,235,3,6,0.83333333333333337,1,0.91666666666666663,20,475,500,487.5,False,0,0,0,0,448
D235_F05_V01,235,5,1,0,0.16666666666666666,0.083333333333333329,1,0,25,12.5,False,0,0,0,0,424
D235_F05_V01,235,5,1,0,0.16666666666666666,0.083333333333333329,2,25,50,37.5,False,0,0,0,0,424
D235_F05_V01,235,5,1,0,0.16666666666666666,0.083333333333333329,3,50,75,62.5,False,0,0,0,0,424
D235_F05_V01,235,5,1,0,0.16666666666666666,0.083333333333333329,4,75,100,87.5,False,0,0,0,0,424
D235_F05_V01,235,5,1,0,0.16666666666666666,0.083333333333333329,5,100,125,112.5,False,0,0,0,0,424
D235_F05_V01,235,5,1,0,0.16666666666666666,0.083333333333333329,6,125,150,137.5,False,0,0,0,0,424
D235_F05_V01,235,5,1,0,0.16666666666666666,0.083333333333333329,7,150,175,162.5,False,0,0,0,0,424
D235_F05_V01,235,5,1,0,0.16666666666666666,0.083333333333333329,8,175,200,187.5,False,0,0,0,0,424
D235_F05_V01,235,5,1,0,0.16666666666666666,0.083333333333333329,9,200,225,212.5,False,0,0,0,0,424
D235_F05_V01,235,5,1,0,0.16666666666666666,0.083333333333333329,10,225,250,237.5,False,0,0,0,0,424
D235_F05_V01,235,5,1,0,0.16666666666666666,0.083333333333333329,11,250,275,262.5,False,0,0,0,0,424
D235_F05_V01,235,5,1,0,0.16666666666666666,0.083333333333333329,12,275,300,287.5,False,0,0,0,0,424
D235_F05_V01,235,5,1,0,0.16666666666666666,0.083333333333333329,13,300,325,312.5,False,0,0,0,0,424
D235_F05_V01,235,5,1,0,0.16666666666666666,0.083333333333333329,14,325,350,337.5,False,0,0,0,0,424
D235_F05_V01,235,5,1,0,0.16666666666666666,0.083333333333333329,15,350,375,362.5,False,0,0,0,0,424
D235_F05_V01,235,5,1,0,0.16666666666666666,0.083333333333333329,16,375,400,387.5,False,0,0,0,0,424
D235_F05_V01,235,5,1,0,0.16666666666666666,0.083333333333333329,17,400,425,412.5,False,0,0,0,0,424
D235_F05_V01,235,5,1,0,0.16666666666666666,0.083333333333333329,18,425,450,437.5,False,0,0,0,0,424
D235_F05_V01,235,5,1,0,0.16666666666666666,0.083333333333333329,19,450,475,462.5,False,0,0,0,0,424
D235_F05_V01,235,5,1,0,0.16666666666666666,0.083333333333333329,20,475,500,487.5,False,0,0,0,0,424
D235_F05_V01,235,5,2,0.16666666666666666,0.33333333333333331,0.25,1,0,25,12.5,False,0,0,0,0,424
D235_F05_V01,235,5,2,0.16666666666666666,0.33333333333333331,0.25,2,25,50,37.5,False,0,0,0,0,424
D235_F05_V01,235,5,2,0.16666666666666666,0.33333333333333331,0.25,3,50,75,62.5,False,0,0,0,0,424
D235_F05_V01,235,5,2,0.16666666666666666,0.33333333333333331,0.25,4,75,100,87.5,False,0,0,0,0,424
D235_F05_V01,235,5,2,0.16666666666666666,0.33333333333333331,0.25,5,100,125,112.5,False,0,0,0,0,424
D235_F05_V01,235,5,2,0.16666666666666666,0.33333333333333331,0.25,6,125,150,137.5,False,0,0,0,0,424
D235_F05_V01,235,5,2,0.16666666666666666,0.33333333333333331,0.25,7,150,175,162.5,False,0,0,0,0,424
D235_F05_V01,235,5,2,0.16666666666666666,0.33333333333333331,0.25,8,175,200,187.5,False,0,0,0,0,424
D235_F05_V01,235,5,2,0.16666666666666666,0.33333333333333331,0.25,9,200,225,212.5,False,0,0,0,0,424
D235_F05_V01,235,5,2,0.16666666666666666,0.33333333333333331,0.25,10,225,250,237.5,False,0,0,0,0,424
D235_F05_V01,235,5,2,0.16666666666666666,0.33333333333333331,0.25,11,250,275,262.5,False,0,0,0,0,424
D235_F05_V01,235,5,2,0.16666666666666666,0.33333333333333331,0.25,12,275,300,287.5,False,0,0,0,0,424
D235_F05_V01,235,5,2,0.16666666666666666,0.33333333333333331,0.25,13,300,325,312.5,False,0,0,0,0,424
D235_F05_V01,235,5,2,0.16666666666666666,0.33333333333333331,0.25,14,325,350,337.5,False,0,0,0,0,424
D235_F05_V01,235,5,2,0.16666666666666666,0.33333333333333331,0.25,15,350,375,362.5,False,0,0,0,0,424
D235_F05_V01,235,5,2,0.16666666666666666,0.33333333333333331,0.25,16,375,400,387.5,False,0,0,0,0,424
D235_F05_V01,235,5,2,0.16666666666666666,0.33333333333333331,0.25,17,400,425,412.5,False,0,0,0,0,424
D235_F05_V01,235,5,2,0.16666666666666666,0.33333333333333331,0.25,18,425,450,437.5,False,0,0,0,0,424
D235_F05_V01,235,5,2,0.16666666666666666,0.33333333333333331,0.25,19,450,475,462.5,False,0,0,0,0,424
D235_F05_V01,235,5,2,0.16666666666666666,0.33333333333333331,0.25,20,475,500,487.5,False,0,0,0,0,424
D235_F05_V01,235,5,3,0.33333333333333331,0.5,0.41666666666666669,1,0,25,12.5,True,0,0,0,0,424
D235_F05_V01,235,5,3,0.33333333333333331,0.5,0.41666666666666669,2,25,50,37.5,True,0,0,0,0,424
D235_F05_V01,235,5,3,0.33333333333333331,0.5,0.41666666666666669,3,50,75,62.5,True,0,0,0,0,424
D235_F05_V01,235,5,3,0.33333333333333331,0.5,0.41666666666666669,4,75,100,87.5,True,0,0,0,0,424
D235_F05_V01,235,5,3,0.33333333333333331,0.5,0.41666666666666669,5,100,125,112.5,False,0,0,0,0,424
D235_F05_V01,235,5,3,0.33333333333333331,0.5,0.41666666666666669,6,125,150,137.5,False,0,0,0,0,424
D235_F05_V01,235,5,3,0.33333333333333331,0.5,0.41666666666666669,7,150,175,162.5,False,0,0,0,0,424
D235_F05_V01,235,5,3,0.33333333333333331,0.5,0.41666666666666669,8,175,200,187.5,False,0,0,0,0,424
D235_F05_V01,235,5,3,0.33333333333333331,0.5,0.41666666666666669,9,200,225,212.5,False,0,0,0,0,424
D235_F05_V01,235,5,3,0.33333333333333331,0.5,0.41666666666666669,10,225,250,237.5,False,0,0,0,0,424
D235_F05_V01,235,5,3,0.33333333333333331,0.5,0.41666666666666669,11,250,275,262.5,False,0,0,0,0,424
D235_F05_V01,235,5,3,0.33333333333333331,0.5,0.41666666666666669,12,275,300,287.5,False,0,0,0,0,424
D235_F05_V01,235,5,3,0.33333333333333331,0.5,0.41666666666666669,13,300,325,312.5,False,0,0,0,0,424
D235_F05_V01,235,5,3,0.33333333333333331,0.5,0.41666666666666669,14,325,350,337.5,False,0,0,0,0,424
D235_F05_V01,235,5,3,0.33333333333333331,0.5,0.41666666666666669,15,350,375,362.5,False,0,0,0,0,424
D235_F05_V01,235,5,3,0.33333333333333331,0.5,0.41666666666666669,16,375,400,387.5,False,0,0,0,0,424
D235_F05_V01,235,5,3,0.33333333333333331,0.5,0.41666666666666669,17,400,425,412.5,False,0,0,0,0,424
D235_F05_V01,235,5,3,0.33333333333333331,0.5,0.41666666666666669,18,425,450,437.5,False,0,0,0,0,424
D235_F05_V01,235,5,3,0.33333333333333331,0.5,0.41666666666666669,19,450,475,462.5,False,0,0,0,0,424
D235_F05_V01,235,5,3,0.33333333333333331,0.5,0.41666666666666669,20,475,500,487.5,False,0,0,0,0,424
D235_F05_V01,235,5,4,0.5,0.66666666666666663,0.58333333333333337,1,0,25,12.5,True,0,0,0,0,424
D235_F05_V01,235,5,4,0.5,0.66666666666666663,0.58333333333333337,2,25,50,37.5,True,0,0,0,0,424
D235_F05_V01,235,5,4,0.5,0.66666666666666663,0.58333333333333337,3,50,75,62.5,True,0,0,0,0,424
D235_F05_V01,235,5,4,0.5,0.66666666666666663,0.58333333333333337,4,75,100,87.5,True,0,0,0,0,424
D235_F05_V01,235,5,4,0.5,0.66666666666666663,0.58333333333333337,5,100,125,112.5,False,0,0,0,0,424
D235_F05_V01,235,5,4,0.5,0.66666666666666663,0.58333333333333337,6,125,150,137.5,False,0,0,0,0,424
D235_F05_V01,235,5,4,0.5,0.66666666666666663,0.58333333333333337,7,150,175,162.5,False,0,0,0,0,424
D235_F05_V01,235,5,4,0.5,0.66666666666666663,0.58333333333333337,8,175,200,187.5,False,0,0,0,0,424
D235_F05_V01,235,5,4,0.5,0.66666666666666663,0.58333333333333337,9,200,225,212.5,False,0,0,0,0,424
D235_F05_V01,235,5,4,0.5,0.66666666666666663,0.58333333333333337,10,225,250,237.5,False,0,0,0,0,424
D235_F05_V01,235,5,4,0.5,0.66666666666666663,0.58333333333333337,11,250,275,262.5,False,0,0,0,0,424
D235_F05_V01,235,5,4,0.5,0.66666666666666663,0.58333333333333337,12,275,300,287.5,False,0,0,0,0,424
D235_F05_V01,235,5,4,0.5,0.66666666666666663,0.58333333333333337,13,300,325,312.5,False,0,0,0,0,424
D235_F05_V01,235,5,4,0.5,0.66666666666666663,0.58333333333333337,14,325,350,337.5,False,0,0,0,0,424
D235_F05_V01,235,5,4,0.5,0.66666666666666663,0.58333333333333337,15,350,375,362.5,False,0,0,0,0,424
D235_F05_V01,235,5,4,0.5,0.66666666666666663,0.58333333333333337,16,375,400,387.5,False,0,0,0,0,424
D235_F05_V01,235,5,4,0.5,0.66666666666666663,0.58333333333333337,17,400,425,412.5,False,0,0,0,0,424
D235_F05_V01,235,5,4,0.5,0.66666666666666663,0.58333333333333337,18,425,450,437.5,False,0,0,0,0,424
D235_F05_V01,235,5,4,0.5,0.66666666666666663,0.58333333333333337,19,450,475,462.5,False,0,0,0,0,424
D235_F05_V01,235,5,4,0.5,0.66666666666666663,0.58333333333333337,20,475,500,487.5,False,0,0,0,0,424
D235_F05_V01,235,5,5,0.66666666666666663,0.83333333333333337,0.75,1,0,25,12.5,True,0,0,0,0,424
D235_F05_V01,235,5,5,0.66666666666666663,0.83333333333333337,0.75,2,25,50,37.5,True,0,0,0,0,424
D235_F05_V01,235,5,5,0.66666666666666663,0.83333333333333337,0.75,3,50,75,62.5,True,0,0,0,0,424
D235_F05_V01,235,5,5,0.66666666666666663,0.83333333333333337,0.75,4,75,100,87.5,True,0,0,0,0,424
D235_F05_V01,235,5,5,0.66666666666666663,0.83333333333333337,0.75,5,100,125,112.5,False,0,0,0,0,424
D235_F05_V01,235,5,5,0.66666666666666663,0.83333333333333337,0.75,6,125,150,137.5,False,0,0,0,0,424
D235_F05_V01,235,5,5,0.66666666666666663,0.83333333333333337,0.75,7,150,175,162.5,False,0,0,0,0,424
D235_F05_V01,235,5,5,0.66666666666666663,0.83333333333333337,0.75,8,175,200,187.5,False,0,0,0,0,424
D235_F05_V01,235,5,5,0.66666666666666663,0.83333333333333337,0.75,9,200,225,212.5,False,0,0,0,0,424
D235_F05_V01,235,5,5,0.66666666666666663,0.83333333333333337,0.75,10,225,250,237.5,False,0,0,0,0,424
D235_F05_V01,235,5,5,0.66666666666666663,0.83333333333333337,0.75,11,250,275,262.5,False,0,0,0,0,424
D235_F05_V01,235,5,5,0.66666666666666663,0.83333333333333337,0.75,12,275,300,287.5,False,0,0,0,0,424
D235_F05_V01,235,5,5,0.66666666666666663,0.83333333333333337,0.75,13,300,325,312.5,False,0,0,0,0,424
D235_F05_V01,235,5,5,0.66666666666666663,0.83333333333333337,0.75,14,325,350,337.5,False,0,0,0,0,424
D235_F05_V01,235,5,5,0.66666666666666663,0.83333333333333337,0.75,15,350,375,362.5,False,0,0,0,0,424
D235_F05_V01,235,5,5,0.66666666666666663,0.83333333333333337,0.75,16,375,400,387.5,False,0,0,0,0,424
D235_F05_V01,235,5,5,0.66666666666666663,0.83333333333333337,0.75,17,400,425,412.5,False,0,0,0,0,424
D235_F05_V01,235,5,5,0.66666666666666663,0.83333333333333337,0.75,18,425,450,437.5,False,0,0,0,0,424
D235_F05_V01,235,5,5,0.66666666666666663,0.83333333333333337,0.75,19,450,475,462.5,False,0,0,0,0,424
D235_F05_V01,235,5,5,0.66666666666666663,0.83333333333333337,0.75,20,475,500,487.5,False,0,0,0,0,424
D235_F05_V01,235,5,6,0.83333333333333337,1,0.91666666666666663,1,0,25,12.5,True,424,3,0.0013443778589616239,0.0013411007247002649,424
D235_F05_V01,235,5,6,0.83333333333333337,1,0.91666666666666663,2,25,50,37.5,True,0,0,0,0,424
D235_F05_V01,235,5,6,0.83333333333333337,1,0.91666666666666663,3,50,75,62.5,True,0,0,0,0,424
D235_F05_V01,235,5,6,0.83333333333333337,1,0.91666666666666663,4,75,100,87.5,True,0,0,0,0,424
D235_F05_V01,235,5,6,0.83333333333333337,1,0.91666666666666663,5,100,125,112.5,False,0,0,0,0,424
D235_F05_V01,235,5,6,0.83333333333333337,1,0.91666666666666663,6,125,150,137.5,False,0,0,0,0,424
D235_F05_V01,235,5,6,0.83333333333333337,1,0.91666666666666663,7,150,175,162.5,False,0,0,0,0,424
D235_F05_V01,235,5,6,0.83333333333333337,1,0.91666666666666663,8,175,200,187.5,False,0,0,0,0,424
D235_F05_V01,235,5,6,0.83333333333333337,1,0.91666666666666663,9,200,225,212.5,False,0,0,0,0,424
D235_F05_V01,235,5,6,0.83333333333333337,1,0.91666666666666663,10,225,250,237.5,False,0,0,0,0,424
D235_F05_V01,235,5,6,0.83333333333333337,1,0.91666666666666663,11,250,275,262.5,False,0,0,0,0,424
D235_F05_V01,235,5,6,0.83333333333333337,1,0.91666666666666663,12,275,300,287.5,False,0,0,0,0,424
D235_F05_V01,235,5,6,0.83333333333333337,1,0.91666666666666663,13,300,325,312.5,False,0,0,0,0,424
D235_F05_V01,235,5,6,0.83333333333333337,1,0.91666666666666663,14,325,350,337.5,False,0,0,0,0,424
D235_F05_V01,235,5,6,0.83333333333333337,1,0.91666666666666663,15,350,375,362.5,False,0,0,0,0,424
D235_F05_V01,235,5,6,0.83333333333333337,1,0.91666666666666663,16,375,400,387.5,False,0,0,0,0,424
D235_F05_V01,235,5,6,0.83333333333333337,1,0.91666666666666663,17,400,425,412.5,False,0,0,0,0,424
D235_F05_V01,235,5,6,0.83333333333333337,1,0.91666666666666663,18,425,450,437.5,False,0,0,0,0,424
D235_F05_V01,235,5,6,0.83333333333333337,1,0.91666666666666663,19,450,475,462.5,False,0,0,0,0,424
D235_F05_V01,235,5,6,0.83333333333333337,1,0.91666666666666663,20,475,500,487.5,False,0,0,0,0,424
D235_F07_V01,235,7,1,0,0.16666666666666666,0.083333333333333329,1,0,25,12.5,False,0,0,0,0,444
D235_F07_V01,235,7,1,0,0.16666666666666666,0.083333333333333329,2,25,50,37.5,False,0,0,0,0,444
D235_F07_V01,235,7,1,0,0.16666666666666666,0.083333333333333329,3,50,75,62.5,False,0,0,0,0,444
D235_F07_V01,235,7,1,0,0.16666666666666666,0.083333333333333329,4,75,100,87.5,False,0,0,0,0,444
D235_F07_V01,235,7,1,0,0.16666666666666666,0.083333333333333329,5,100,125,112.5,False,0,0,0,0,444
D235_F07_V01,235,7,1,0,0.16666666666666666,0.083333333333333329,6,125,150,137.5,False,0,0,0,0,444
D235_F07_V01,235,7,1,0,0.16666666666666666,0.083333333333333329,7,150,175,162.5,False,0,0,0,0,444
D235_F07_V01,235,7,1,0,0.16666666666666666,0.083333333333333329,8,175,200,187.5,False,0,0,0,0,444
D235_F07_V01,235,7,1,0,0.16666666666666666,0.083333333333333329,9,200,225,212.5,False,0,0,0,0,444
D235_F07_V01,235,7,1,0,0.16666666666666666,0.083333333333333329,10,225,250,237.5,False,0,0,0,0,444
D235_F07_V01,235,7,1,0,0.16666666666666666,0.083333333333333329,11,250,275,262.5,False,0,0,0,0,444
D235_F07_V01,235,7,1,0,0.16666666666666666,0.083333333333333329,12,275,300,287.5,False,0,0,0,0,444
D235_F07_V01,235,7,1,0,0.16666666666666666,0.083333333333333329,13,300,325,312.5,False,0,0,0,0,444
D235_F07_V01,235,7,1,0,0.16666666666666666,0.083333333333333329,14,325,350,337.5,False,0,0,0,0,444
D235_F07_V01,235,7,1,0,0.16666666666666666,0.083333333333333329,15,350,375,362.5,False,0,0,0,0,444
D235_F07_V01,235,7,1,0,0.16666666666666666,0.083333333333333329,16,375,400,387.5,False,0,0,0,0,444
D235_F07_V01,235,7,1,0,0.16666666666666666,0.083333333333333329,17,400,425,412.5,False,0,0,0,0,444
D235_F07_V01,235,7,1,0,0.16666666666666666,0.083333333333333329,18,425,450,437.5,False,0,0,0,0,444
D235_F07_V01,235,7,1,0,0.16666666666666666,0.083333333333333329,19,450,475,462.5,False,0,0,0,0,444
D235_F07_V01,235,7,1,0,0.16666666666666666,0.083333333333333329,20,475,500,487.5,False,0,0,0,0,444
D235_F07_V01,235,7,2,0.16666666666666666,0.33333333333333331,0.25,1,0,25,12.5,False,0,0,0,0,444
D235_F07_V01,235,7,2,0.16666666666666666,0.33333333333333331,0.25,2,25,50,37.5,False,0,0,0,0,444
D235_F07_V01,235,7,2,0.16666666666666666,0.33333333333333331,0.25,3,50,75,62.5,False,0,0,0,0,444
D235_F07_V01,235,7,2,0.16666666666666666,0.33333333333333331,0.25,4,75,100,87.5,False,0,0,0,0,444
D235_F07_V01,235,7,2,0.16666666666666666,0.33333333333333331,0.25,5,100,125,112.5,False,0,0,0,0,444
D235_F07_V01,235,7,2,0.16666666666666666,0.33333333333333331,0.25,6,125,150,137.5,False,0,0,0,0,444
D235_F07_V01,235,7,2,0.16666666666666666,0.33333333333333331,0.25,7,150,175,162.5,False,0,0,0,0,444
D235_F07_V01,235,7,2,0.16666666666666666,0.33333333333333331,0.25,8,175,200,187.5,False,0,0,0,0,444
D235_F07_V01,235,7,2,0.16666666666666666,0.33333333333333331,0.25,9,200,225,212.5,False,0,0,0,0,444
D235_F07_V01,235,7,2,0.16666666666666666,0.33333333333333331,0.25,10,225,250,237.5,False,0,0,0,0,444
D235_F07_V01,235,7,2,0.16666666666666666,0.33333333333333331,0.25,11,250,275,262.5,False,0,0,0,0,444
D235_F07_V01,235,7,2,0.16666666666666666,0.33333333333333331,0.25,12,275,300,287.5,False,0,0,0,0,444
D235_F07_V01,235,7,2,0.16666666666666666,0.33333333333333331,0.25,13,300,325,312.5,False,0,0,0,0,444
D235_F07_V01,235,7,2,0.16666666666666666,0.33333333333333331,0.25,14,325,350,337.5,False,0,0,0,0,444
D235_F07_V01,235,7,2,0.16666666666666666,0.33333333333333331,0.25,15,350,375,362.5,False,0,0,0,0,444
D235_F07_V01,235,7,2,0.16666666666666666,0.33333333333333331,0.25,16,375,400,387.5,False,0,0,0,0,444
D235_F07_V01,235,7,2,0.16666666666666666,0.33333333333333331,0.25,17,400,425,412.5,False,0,0,0,0,444
D235_F07_V01,235,7,2,0.16666666666666666,0.33333333333333331,0.25,18,425,450,437.5,False,0,0,0,0,444
D235_F07_V01,235,7,2,0.16666666666666666,0.33333333333333331,0.25,19,450,475,462.5,False,0,0,0,0,444
D235_F07_V01,235,7,2,0.16666666666666666,0.33333333333333331,0.25,20,475,500,487.5,False,0,0,0,0,444
D235_F07_V01,235,7,3,0.33333333333333331,0.5,0.41666666666666669,1,0,25,12.5,True,0,0,0,0,444
D235_F07_V01,235,7,3,0.33333333333333331,0.5,0.41666666666666669,2,25,50,37.5,True,0,0,0,0,444
D235_F07_V01,235,7,3,0.33333333333333331,0.5,0.41666666666666669,3,50,75,62.5,True,0,0,0,0,444
D235_F07_V01,235,7,3,0.33333333333333331,0.5,0.41666666666666669,4,75,100,87.5,True,0,0,0,0,444
D235_F07_V01,235,7,3,0.33333333333333331,0.5,0.41666666666666669,5,100,125,112.5,False,0,0,0,0,444
D235_F07_V01,235,7,3,0.33333333333333331,0.5,0.41666666666666669,6,125,150,137.5,False,0,0,0,0,444
D235_F07_V01,235,7,3,0.33333333333333331,0.5,0.41666666666666669,7,150,175,162.5,False,0,0,0,0,444
D235_F07_V01,235,7,3,0.33333333333333331,0.5,0.41666666666666669,8,175,200,187.5,False,0,0,0,0,444
D235_F07_V01,235,7,3,0.33333333333333331,0.5,0.41666666666666669,9,200,225,212.5,False,0,0,0,0,444
D235_F07_V01,235,7,3,0.33333333333333331,0.5,0.41666666666666669,10,225,250,237.5,False,0,0,0,0,444
D235_F07_V01,235,7,3,0.33333333333333331,0.5,0.41666666666666669,11,250,275,262.5,False,0,0,0,0,444
D235_F07_V01,235,7,3,0.33333333333333331,0.5,0.41666666666666669,12,275,300,287.5,False,0,0,0,0,444
D235_F07_V01,235,7,3,0.33333333333333331,0.5,0.41666666666666669,13,300,325,312.5,False,0,0,0,0,444
D235_F07_V01,235,7,3,0.33333333333333331,0.5,0.41666666666666669,14,325,350,337.5,False,0,0,0,0,444
D235_F07_V01,235,7,3,0.33333333333333331,0.5,0.41666666666666669,15,350,375,362.5,False,0,0,0,0,444
D235_F07_V01,235,7,3,0.33333333333333331,0.5,0.41666666666666669,16,375,400,387.5,False,0,0,0,0,444
D235_F07_V01,235,7,3,0.33333333333333331,0.5,0.41666666666666669,17,400,425,412.5,False,0,0,0,0,444
D235_F07_V01,235,7,3,0.33333333333333331,0.5,0.41666666666666669,18,425,450,437.5,False,0,0,0,0,444
D235_F07_V01,235,7,3,0.33333333333333331,0.5,0.41666666666666669,19,450,475,462.5,False,0,0,0,0,444
D235_F07_V01,235,7,3,0.33333333333333331,0.5,0.41666666666666669,20,475,500,487.5,False,0,0,0,0,444
D235_F07_V01,235,7,4,0.5,0.66666666666666663,0.58333333333333337,1,0,25,12.5,True,0,0,0,0,444
D235_F07_V01,235,7,4,0.5,0.66666666666666663,0.58333333333333337,2,25,50,37.5,True,0,0,0,0,444
D235_F07_V01,235,7,4,0.5,0.66666666666666663,0.58333333333333337,3,50,75,62.5,True,0,0,0,0,444
D235_F07_V01,235,7,4,0.5,0.66666666666666663,0.58333333333333337,4,75,100,87.5,True,0,0,0,0,444
D235_F07_V01,235,7,4,0.5,0.66666666666666663,0.58333333333333337,5,100,125,112.5,False,0,0,0,0,444
D235_F07_V01,235,7,4,0.5,0.66666666666666663,0.58333333333333337,6,125,150,137.5,False,0,0,0,0,444
D235_F07_V01,235,7,4,0.5,0.66666666666666663,0.58333333333333337,7,150,175,162.5,False,0,0,0,0,444
D235_F07_V01,235,7,4,0.5,0.66666666666666663,0.58333333333333337,8,175,200,187.5,False,0,0,0,0,444
D235_F07_V01,235,7,4,0.5,0.66666666666666663,0.58333333333333337,9,200,225,212.5,False,0,0,0,0,444
D235_F07_V01,235,7,4,0.5,0.66666666666666663,0.58333333333333337,10,225,250,237.5,False,0,0,0,0,444
D235_F07_V01,235,7,4,0.5,0.66666666666666663,0.58333333333333337,11,250,275,262.5,False,0,0,0,0,444
D235_F07_V01,235,7,4,0.5,0.66666666666666663,0.58333333333333337,12,275,300,287.5,False,0,0,0,0,444
D235_F07_V01,235,7,4,0.5,0.66666666666666663,0.58333333333333337,13,300,325,312.5,False,0,0,0,0,444
D235_F07_V01,235,7,4,0.5,0.66666666666666663,0.58333333333333337,14,325,350,337.5,False,0,0,0,0,444
D235_F07_V01,235,7,4,0.5,0.66666666666666663,0.58333333333333337,15,350,375,362.5,False,0,0,0,0,444
D235_F07_V01,235,7,4,0.5,0.66666666666666663,0.58333333333333337,16,375,400,387.5,False,0,0,0,0,444
D235_F07_V01,235,7,4,0.5,0.66666666666666663,0.58333333333333337,17,400,425,412.5,False,0,0,0,0,444
D235_F07_V01,235,7,4,0.5,0.66666666666666663,0.58333333333333337,18,425,450,437.5,False,0,0,0,0,444
D235_F07_V01,235,7,4,0.5,0.66666666666666663,0.58333333333333337,19,450,475,462.5,False,0,0,0,0,444
D235_F07_V01,235,7,4,0.5,0.66666666666666663,0.58333333333333337,20,475,500,487.5,False,0,0,0,0,444
D235_F07_V01,235,7,5,0.66666666666666663,0.83333333333333337,0.75,1,0,25,12.5,True,0,0,0,0,444
D235_F07_V01,235,7,5,0.66666666666666663,0.83333333333333337,0.75,2,25,50,37.5,True,0,0,0,0,444
D235_F07_V01,235,7,5,0.66666666666666663,0.83333333333333337,0.75,3,50,75,62.5,True,0,0,0,0,444
D235_F07_V01,235,7,5,0.66666666666666663,0.83333333333333337,0.75,4,75,100,87.5,True,0,0,0,0,444
D235_F07_V01,235,7,5,0.66666666666666663,0.83333333333333337,0.75,5,100,125,112.5,False,0,0,0,0,444
D235_F07_V01,235,7,5,0.66666666666666663,0.83333333333333337,0.75,6,125,150,137.5,False,0,0,0,0,444
D235_F07_V01,235,7,5,0.66666666666666663,0.83333333333333337,0.75,7,150,175,162.5,False,0,0,0,0,444
D235_F07_V01,235,7,5,0.66666666666666663,0.83333333333333337,0.75,8,175,200,187.5,False,0,0,0,0,444
D235_F07_V01,235,7,5,0.66666666666666663,0.83333333333333337,0.75,9,200,225,212.5,False,0,0,0,0,444
D235_F07_V01,235,7,5,0.66666666666666663,0.83333333333333337,0.75,10,225,250,237.5,False,0,0,0,0,444
D235_F07_V01,235,7,5,0.66666666666666663,0.83333333333333337,0.75,11,250,275,262.5,False,0,0,0,0,444
D235_F07_V01,235,7,5,0.66666666666666663,0.83333333333333337,0.75,12,275,300,287.5,False,0,0,0,0,444
D235_F07_V01,235,7,5,0.66666666666666663,0.83333333333333337,0.75,13,300,325,312.5,False,0,0,0,0,444
D235_F07_V01,235,7,5,0.66666666666666663,0.83333333333333337,0.75,14,325,350,337.5,False,0,0,0,0,444
D235_F07_V01,235,7,5,0.66666666666666663,0.83333333333333337,0.75,15,350,375,362.5,False,0,0,0,0,444
D235_F07_V01,235,7,5,0.66666666666666663,0.83333333333333337,0.75,16,375,400,387.5,False,0,0,0,0,444
D235_F07_V01,235,7,5,0.66666666666666663,0.83333333333333337,0.75,17,400,425,412.5,False,0,0,0,0,444
D235_F07_V01,235,7,5,0.66666666666666663,0.83333333333333337,0.75,18,425,450,437.5,False,0,0,0,0,444
D235_F07_V01,235,7,5,0.66666666666666663,0.83333333333333337,0.75,19,450,475,462.5,False,0,0,0,0,444
D235_F07_V01,235,7,5,0.66666666666666663,0.83333333333333337,0.75,20,475,500,487.5,False,0,0,0,0,444
D235_F07_V01,235,7,6,0.83333333333333337,1,0.91666666666666663,1,0,25,12.5,True,444,3,0.0013443705234914378,0.0013414324555212432,444
D235_F07_V01,235,7,6,0.83333333333333337,1,0.91666666666666663,2,25,50,37.5,True,0,0,0,0,444
D235_F07_V01,235,7,6,0.83333333333333337,1,0.91666666666666663,3,50,75,62.5,True,0,0,0,0,444
D235_F07_V01,235,7,6,0.83333333333333337,1,0.91666666666666663,4,75,100,87.5,True,0,0,0,0,444
D235_F07_V01,235,7,6,0.83333333333333337,1,0.91666666666666663,5,100,125,112.5,False,0,0,0,0,444
D235_F07_V01,235,7,6,0.83333333333333337,1,0.91666666666666663,6,125,150,137.5,False,0,0,0,0,444
D235_F07_V01,235,7,6,0.83333333333333337,1,0.91666666666666663,7,150,175,162.5,False,0,0,0,0,444
D235_F07_V01,235,7,6,0.83333333333333337,1,0.91666666666666663,8,175,200,187.5,False,0,0,0,0,444
D235_F07_V01,235,7,6,0.83333333333333337,1,0.91666666666666663,9,200,225,212.5,False,0,0,0,0,444
D235_F07_V01,235,7,6,0.83333333333333337,1,0.91666666666666663,10,225,250,237.5,False,0,0,0,0,444
D235_F07_V01,235,7,6,0.83333333333333337,1,0.91666666666666663,11,250,275,262.5,False,0,0,0,0,444
D235_F07_V01,235,7,6,0.83333333333333337,1,0.91666666666666663,12,275,300,287.5,False,0,0,0,0,444
D235_F07_V01,235,7,6,0.83333333333333337,1,0.91666666666666663,13,300,325,312.5,False,0,0,0,0,444
D235_F07_V01,235,7,6,0.83333333333333337,1,0.91666666666666663,14,325,350,337.5,False,0,0,0,0,444
D235_F07_V01,235,7,6,0.83333333333333337,1,0.91666666666666663,15,350,375,362.5,False,0,0,0,0,444
D235_F07_V01,235,7,6,0.83333333333333337,1,0.91666666666666663,16,375,400,387.5,False,0,0,0,0,444
D235_F07_V01,235,7,6,0.83333333333333337,1,0.91666666666666663,17,400,425,412.5,False,0,0,0,0,444
D235_F07_V01,235,7,6,0.83333333333333337,1,0.91666666666666663,18,425,450,437.5,False,0,0,0,0,444
D235_F07_V01,235,7,6,0.83333333333333337,1,0.91666666666666663,19,450,475,462.5,False,0,0,0,0,444
D235_F07_V01,235,7,6,0.83333333333333337,1,0.91666666666666663,20,475,500,487.5,False,0,0,0,0,444
D235_F10_V01,235,10,1,0,0.16666666666666666,0.083333333333333329,1,0,25,12.5,False,0,0,0,0,461
D235_F10_V01,235,10,1,0,0.16666666666666666,0.083333333333333329,2,25,50,37.5,False,0,0,0,0,461
D235_F10_V01,235,10,1,0,0.16666666666666666,0.083333333333333329,3,50,75,62.5,False,0,0,0,0,461
D235_F10_V01,235,10,1,0,0.16666666666666666,0.083333333333333329,4,75,100,87.5,False,0,0,0,0,461
D235_F10_V01,235,10,1,0,0.16666666666666666,0.083333333333333329,5,100,125,112.5,False,0,0,0,0,461
D235_F10_V01,235,10,1,0,0.16666666666666666,0.083333333333333329,6,125,150,137.5,False,0,0,0,0,461
D235_F10_V01,235,10,1,0,0.16666666666666666,0.083333333333333329,7,150,175,162.5,False,0,0,0,0,461
D235_F10_V01,235,10,1,0,0.16666666666666666,0.083333333333333329,8,175,200,187.5,False,0,0,0,0,461
D235_F10_V01,235,10,1,0,0.16666666666666666,0.083333333333333329,9,200,225,212.5,False,0,0,0,0,461
D235_F10_V01,235,10,1,0,0.16666666666666666,0.083333333333333329,10,225,250,237.5,False,0,0,0,0,461
D235_F10_V01,235,10,1,0,0.16666666666666666,0.083333333333333329,11,250,275,262.5,False,0,0,0,0,461
D235_F10_V01,235,10,1,0,0.16666666666666666,0.083333333333333329,12,275,300,287.5,False,0,0,0,0,461
D235_F10_V01,235,10,1,0,0.16666666666666666,0.083333333333333329,13,300,325,312.5,False,0,0,0,0,461
D235_F10_V01,235,10,1,0,0.16666666666666666,0.083333333333333329,14,325,350,337.5,False,0,0,0,0,461
D235_F10_V01,235,10,1,0,0.16666666666666666,0.083333333333333329,15,350,375,362.5,False,0,0,0,0,461
D235_F10_V01,235,10,1,0,0.16666666666666666,0.083333333333333329,16,375,400,387.5,False,0,0,0,0,461
D235_F10_V01,235,10,1,0,0.16666666666666666,0.083333333333333329,17,400,425,412.5,False,0,0,0,0,461
D235_F10_V01,235,10,1,0,0.16666666666666666,0.083333333333333329,18,425,450,437.5,False,0,0,0,0,461
D235_F10_V01,235,10,1,0,0.16666666666666666,0.083333333333333329,19,450,475,462.5,False,0,0,0,0,461
D235_F10_V01,235,10,1,0,0.16666666666666666,0.083333333333333329,20,475,500,487.5,False,0,0,0,0,461
D235_F10_V01,235,10,2,0.16666666666666666,0.33333333333333331,0.25,1,0,25,12.5,False,0,0,0,0,461
D235_F10_V01,235,10,2,0.16666666666666666,0.33333333333333331,0.25,2,25,50,37.5,False,0,0,0,0,461
D235_F10_V01,235,10,2,0.16666666666666666,0.33333333333333331,0.25,3,50,75,62.5,False,0,0,0,0,461
D235_F10_V01,235,10,2,0.16666666666666666,0.33333333333333331,0.25,4,75,100,87.5,False,0,0,0,0,461
D235_F10_V01,235,10,2,0.16666666666666666,0.33333333333333331,0.25,5,100,125,112.5,False,0,0,0,0,461
D235_F10_V01,235,10,2,0.16666666666666666,0.33333333333333331,0.25,6,125,150,137.5,False,0,0,0,0,461
D235_F10_V01,235,10,2,0.16666666666666666,0.33333333333333331,0.25,7,150,175,162.5,False,0,0,0,0,461
D235_F10_V01,235,10,2,0.16666666666666666,0.33333333333333331,0.25,8,175,200,187.5,False,0,0,0,0,461
D235_F10_V01,235,10,2,0.16666666666666666,0.33333333333333331,0.25,9,200,225,212.5,False,0,0,0,0,461
D235_F10_V01,235,10,2,0.16666666666666666,0.33333333333333331,0.25,10,225,250,237.5,False,0,0,0,0,461
D235_F10_V01,235,10,2,0.16666666666666666,0.33333333333333331,0.25,11,250,275,262.5,False,0,0,0,0,461
D235_F10_V01,235,10,2,0.16666666666666666,0.33333333333333331,0.25,12,275,300,287.5,False,0,0,0,0,461
D235_F10_V01,235,10,2,0.16666666666666666,0.33333333333333331,0.25,13,300,325,312.5,False,0,0,0,0,461
D235_F10_V01,235,10,2,0.16666666666666666,0.33333333333333331,0.25,14,325,350,337.5,False,0,0,0,0,461
D235_F10_V01,235,10,2,0.16666666666666666,0.33333333333333331,0.25,15,350,375,362.5,False,0,0,0,0,461
D235_F10_V01,235,10,2,0.16666666666666666,0.33333333333333331,0.25,16,375,400,387.5,False,0,0,0,0,461
D235_F10_V01,235,10,2,0.16666666666666666,0.33333333333333331,0.25,17,400,425,412.5,False,0,0,0,0,461
D235_F10_V01,235,10,2,0.16666666666666666,0.33333333333333331,0.25,18,425,450,437.5,False,0,0,0,0,461
D235_F10_V01,235,10,2,0.16666666666666666,0.33333333333333331,0.25,19,450,475,462.5,False,0,0,0,0,461
D235_F10_V01,235,10,2,0.16666666666666666,0.33333333333333331,0.25,20,475,500,487.5,False,0,0,0,0,461
D235_F10_V01,235,10,3,0.33333333333333331,0.5,0.41666666666666669,1,0,25,12.5,True,0,0,0,0,461
D235_F10_V01,235,10,3,0.33333333333333331,0.5,0.41666666666666669,2,25,50,37.5,True,0,0,0,0,461
D235_F10_V01,235,10,3,0.33333333333333331,0.5,0.41666666666666669,3,50,75,62.5,True,0,0,0,0,461
D235_F10_V01,235,10,3,0.33333333333333331,0.5,0.41666666666666669,4,75,100,87.5,True,0,0,0,0,461
D235_F10_V01,235,10,3,0.33333333333333331,0.5,0.41666666666666669,5,100,125,112.5,False,0,0,0,0,461
D235_F10_V01,235,10,3,0.33333333333333331,0.5,0.41666666666666669,6,125,150,137.5,False,0,0,0,0,461
D235_F10_V01,235,10,3,0.33333333333333331,0.5,0.41666666666666669,7,150,175,162.5,False,0,0,0,0,461
D235_F10_V01,235,10,3,0.33333333333333331,0.5,0.41666666666666669,8,175,200,187.5,False,0,0,0,0,461
D235_F10_V01,235,10,3,0.33333333333333331,0.5,0.41666666666666669,9,200,225,212.5,False,0,0,0,0,461
D235_F10_V01,235,10,3,0.33333333333333331,0.5,0.41666666666666669,10,225,250,237.5,False,0,0,0,0,461
D235_F10_V01,235,10,3,0.33333333333333331,0.5,0.41666666666666669,11,250,275,262.5,False,0,0,0,0,461
D235_F10_V01,235,10,3,0.33333333333333331,0.5,0.41666666666666669,12,275,300,287.5,False,0,0,0,0,461
D235_F10_V01,235,10,3,0.33333333333333331,0.5,0.41666666666666669,13,300,325,312.5,False,0,0,0,0,461
D235_F10_V01,235,10,3,0.33333333333333331,0.5,0.41666666666666669,14,325,350,337.5,False,0,0,0,0,461
D235_F10_V01,235,10,3,0.33333333333333331,0.5,0.41666666666666669,15,350,375,362.5,False,0,0,0,0,461
D235_F10_V01,235,10,3,0.33333333333333331,0.5,0.41666666666666669,16,375,400,387.5,False,0,0,0,0,461
D235_F10_V01,235,10,3,0.33333333333333331,0.5,0.41666666666666669,17,400,425,412.5,False,0,0,0,0,461
D235_F10_V01,235,10,3,0.33333333333333331,0.5,0.41666666666666669,18,425,450,437.5,False,0,0,0,0,461
D235_F10_V01,235,10,3,0.33333333333333331,0.5,0.41666666666666669,19,450,475,462.5,False,0,0,0,0,461
D235_F10_V01,235,10,3,0.33333333333333331,0.5,0.41666666666666669,20,475,500,487.5,False,0,0,0,0,461
D235_F10_V01,235,10,4,0.5,0.66666666666666663,0.58333333333333337,1,0,25,12.5,True,0,0,0,0,461
D235_F10_V01,235,10,4,0.5,0.66666666666666663,0.58333333333333337,2,25,50,37.5,True,0,0,0,0,461
D235_F10_V01,235,10,4,0.5,0.66666666666666663,0.58333333333333337,3,50,75,62.5,True,0,0,0,0,461
D235_F10_V01,235,10,4,0.5,0.66666666666666663,0.58333333333333337,4,75,100,87.5,True,0,0,0,0,461
D235_F10_V01,235,10,4,0.5,0.66666666666666663,0.58333333333333337,5,100,125,112.5,False,0,0,0,0,461
D235_F10_V01,235,10,4,0.5,0.66666666666666663,0.58333333333333337,6,125,150,137.5,False,0,0,0,0,461
D235_F10_V01,235,10,4,0.5,0.66666666666666663,0.58333333333333337,7,150,175,162.5,False,0,0,0,0,461
D235_F10_V01,235,10,4,0.5,0.66666666666666663,0.58333333333333337,8,175,200,187.5,False,0,0,0,0,461
D235_F10_V01,235,10,4,0.5,0.66666666666666663,0.58333333333333337,9,200,225,212.5,False,0,0,0,0,461
D235_F10_V01,235,10,4,0.5,0.66666666666666663,0.58333333333333337,10,225,250,237.5,False,0,0,0,0,461
D235_F10_V01,235,10,4,0.5,0.66666666666666663,0.58333333333333337,11,250,275,262.5,False,0,0,0,0,461
D235_F10_V01,235,10,4,0.5,0.66666666666666663,0.58333333333333337,12,275,300,287.5,False,0,0,0,0,461
D235_F10_V01,235,10,4,0.5,0.66666666666666663,0.58333333333333337,13,300,325,312.5,False,0,0,0,0,461
D235_F10_V01,235,10,4,0.5,0.66666666666666663,0.58333333333333337,14,325,350,337.5,False,0,0,0,0,461
D235_F10_V01,235,10,4,0.5,0.66666666666666663,0.58333333333333337,15,350,375,362.5,False,0,0,0,0,461
D235_F10_V01,235,10,4,0.5,0.66666666666666663,0.58333333333333337,16,375,400,387.5,False,0,0,0,0,461
D235_F10_V01,235,10,4,0.5,0.66666666666666663,0.58333333333333337,17,400,425,412.5,False,0,0,0,0,461
D235_F10_V01,235,10,4,0.5,0.66666666666666663,0.58333333333333337,18,425,450,437.5,False,0,0,0,0,461
D235_F10_V01,235,10,4,0.5,0.66666666666666663,0.58333333333333337,19,450,475,462.5,False,0,0,0,0,461
D235_F10_V01,235,10,4,0.5,0.66666666666666663,0.58333333333333337,20,475,500,487.5,False,0,0,0,0,461
D235_F10_V01,235,10,5,0.66666666666666663,0.83333333333333337,0.75,1,0,25,12.5,True,0,0,0,0,461
D235_F10_V01,235,10,5,0.66666666666666663,0.83333333333333337,0.75,2,25,50,37.5,True,0,0,0,0,461
D235_F10_V01,235,10,5,0.66666666666666663,0.83333333333333337,0.75,3,50,75,62.5,True,0,0,0,0,461
D235_F10_V01,235,10,5,0.66666666666666663,0.83333333333333337,0.75,4,75,100,87.5,True,0,0,0,0,461
D235_F10_V01,235,10,5,0.66666666666666663,0.83333333333333337,0.75,5,100,125,112.5,False,0,0,0,0,461
D235_F10_V01,235,10,5,0.66666666666666663,0.83333333333333337,0.75,6,125,150,137.5,False,0,0,0,0,461
D235_F10_V01,235,10,5,0.66666666666666663,0.83333333333333337,0.75,7,150,175,162.5,False,0,0,0,0,461
D235_F10_V01,235,10,5,0.66666666666666663,0.83333333333333337,0.75,8,175,200,187.5,False,0,0,0,0,461
D235_F10_V01,235,10,5,0.66666666666666663,0.83333333333333337,0.75,9,200,225,212.5,False,0,0,0,0,461
D235_F10_V01,235,10,5,0.66666666666666663,0.83333333333333337,0.75,10,225,250,237.5,False,0,0,0,0,461
D235_F10_V01,235,10,5,0.66666666666666663,0.83333333333333337,0.75,11,250,275,262.5,False,0,0,0,0,461
D235_F10_V01,235,10,5,0.66666666666666663,0.83333333333333337,0.75,12,275,300,287.5,False,0,0,0,0,461
D235_F10_V01,235,10,5,0.66666666666666663,0.83333333333333337,0.75,13,300,325,312.5,False,0,0,0,0,461
D235_F10_V01,235,10,5,0.66666666666666663,0.83333333333333337,0.75,14,325,350,337.5,False,0,0,0,0,461
D235_F10_V01,235,10,5,0.66666666666666663,0.83333333333333337,0.75,15,350,375,362.5,False,0,0,0,0,461
D235_F10_V01,235,10,5,0.66666666666666663,0.83333333333333337,0.75,16,375,400,387.5,False,0,0,0,0,461
D235_F10_V01,235,10,5,0.66666666666666663,0.83333333333333337,0.75,17,400,425,412.5,False,0,0,0,0,461
D235_F10_V01,235,10,5,0.66666666666666663,0.83333333333333337,0.75,18,425,450,437.5,False,0,0,0,0,461
D235_F10_V01,235,10,5,0.66666666666666663,0.83333333333333337,0.75,19,450,475,462.5,False,0,0,0,0,461
D235_F10_V01,235,10,5,0.66666666666666663,0.83333333333333337,0.75,20,475,500,487.5,False,0,0,0,0,461
D235_F10_V01,235,10,6,0.83333333333333337,1,0.91666666666666663,1,0,25,12.5,True,461,3,0.0013443777320835469,0.0013416456867841823,461
D235_F10_V01,235,10,6,0.83333333333333337,1,0.91666666666666663,2,25,50,37.5,True,0,0,0,0,461
D235_F10_V01,235,10,6,0.83333333333333337,1,0.91666666666666663,3,50,75,62.5,True,0,0,0,0,461
D235_F10_V01,235,10,6,0.83333333333333337,1,0.91666666666666663,4,75,100,87.5,True,0,0,0,0,461
D235_F10_V01,235,10,6,0.83333333333333337,1,0.91666666666666663,5,100,125,112.5,False,0,0,0,0,461
D235_F10_V01,235,10,6,0.83333333333333337,1,0.91666666666666663,6,125,150,137.5,False,0,0,0,0,461
D235_F10_V01,235,10,6,0.83333333333333337,1,0.91666666666666663,7,150,175,162.5,False,0,0,0,0,461
D235_F10_V01,235,10,6,0.83333333333333337,1,0.91666666666666663,8,175,200,187.5,False,0,0,0,0,461
D235_F10_V01,235,10,6,0.83333333333333337,1,0.91666666666666663,9,200,225,212.5,False,0,0,0,0,461
D235_F10_V01,235,10,6,0.83333333333333337,1,0.91666666666666663,10,225,250,237.5,False,0,0,0,0,461
D235_F10_V01,235,10,6,0.83333333333333337,1,0.91666666666666663,11,250,275,262.5,False,0,0,0,0,461
D235_F10_V01,235,10,6,0.83333333333333337,1,0.91666666666666663,12,275,300,287.5,False,0,0,0,0,461
D235_F10_V01,235,10,6,0.83333333333333337,1,0.91666666666666663,13,300,325,312.5,False,0,0,0,0,461
D235_F10_V01,235,10,6,0.83333333333333337,1,0.91666666666666663,14,325,350,337.5,False,0,0,0,0,461
D235_F10_V01,235,10,6,0.83333333333333337,1,0.91666666666666663,15,350,375,362.5,False,0,0,0,0,461
D235_F10_V01,235,10,6,0.83333333333333337,1,0.91666666666666663,16,375,400,387.5,False,0,0,0,0,461
D235_F10_V01,235,10,6,0.83333333333333337,1,0.91666666666666663,17,400,425,412.5,False,0,0,0,0,461
D235_F10_V01,235,10,6,0.83333333333333337,1,0.91666666666666663,18,425,450,437.5,False,0,0,0,0,461
D235_F10_V01,235,10,6,0.83333333333333337,1,0.91666666666666663,19,450,475,462.5,False,0,0,0,0,461
D235_F10_V01,235,10,6,0.83333333333333337,1,0.91666666666666663,20,475,500,487.5,False,0,0,0,0,461
D285_F01_V01,285,1,1,0,0.16666666666666666,0.083333333333333329,1,0,25,12.5,False,0,0,0,0,453
D285_F01_V01,285,1,1,0,0.16666666666666666,0.083333333333333329,2,25,50,37.5,False,0,0,0,0,453
D285_F01_V01,285,1,1,0,0.16666666666666666,0.083333333333333329,3,50,75,62.5,False,0,0,0,0,453
D285_F01_V01,285,1,1,0,0.16666666666666666,0.083333333333333329,4,75,100,87.5,False,0,0,0,0,453
D285_F01_V01,285,1,1,0,0.16666666666666666,0.083333333333333329,5,100,125,112.5,False,0,0,0,0,453
D285_F01_V01,285,1,1,0,0.16666666666666666,0.083333333333333329,6,125,150,137.5,False,0,0,0,0,453
D285_F01_V01,285,1,1,0,0.16666666666666666,0.083333333333333329,7,150,175,162.5,False,0,0,0,0,453
D285_F01_V01,285,1,1,0,0.16666666666666666,0.083333333333333329,8,175,200,187.5,False,0,0,0,0,453
D285_F01_V01,285,1,1,0,0.16666666666666666,0.083333333333333329,9,200,225,212.5,False,0,0,0,0,453
D285_F01_V01,285,1,1,0,0.16666666666666666,0.083333333333333329,10,225,250,237.5,False,0,0,0,0,453
D285_F01_V01,285,1,1,0,0.16666666666666666,0.083333333333333329,11,250,275,262.5,False,0,0,0,0,453
D285_F01_V01,285,1,1,0,0.16666666666666666,0.083333333333333329,12,275,300,287.5,False,0,0,0,0,453
D285_F01_V01,285,1,1,0,0.16666666666666666,0.083333333333333329,13,300,325,312.5,False,0,0,0,0,453
D285_F01_V01,285,1,1,0,0.16666666666666666,0.083333333333333329,14,325,350,337.5,False,0,0,0,0,453
D285_F01_V01,285,1,1,0,0.16666666666666666,0.083333333333333329,15,350,375,362.5,False,0,0,0,0,453
D285_F01_V01,285,1,1,0,0.16666666666666666,0.083333333333333329,16,375,400,387.5,False,0,0,0,0,453
D285_F01_V01,285,1,1,0,0.16666666666666666,0.083333333333333329,17,400,425,412.5,False,0,0,0,0,453
D285_F01_V01,285,1,1,0,0.16666666666666666,0.083333333333333329,18,425,450,437.5,False,0,0,0,0,453
D285_F01_V01,285,1,1,0,0.16666666666666666,0.083333333333333329,19,450,475,462.5,False,0,0,0,0,453
D285_F01_V01,285,1,1,0,0.16666666666666666,0.083333333333333329,20,475,500,487.5,False,0,0,0,0,453
D285_F01_V01,285,1,2,0.16666666666666666,0.33333333333333331,0.25,1,0,25,12.5,False,0,0,0,0,453
D285_F01_V01,285,1,2,0.16666666666666666,0.33333333333333331,0.25,2,25,50,37.5,False,0,0,0,0,453
D285_F01_V01,285,1,2,0.16666666666666666,0.33333333333333331,0.25,3,50,75,62.5,False,0,0,0,0,453
D285_F01_V01,285,1,2,0.16666666666666666,0.33333333333333331,0.25,4,75,100,87.5,False,0,0,0,0,453
D285_F01_V01,285,1,2,0.16666666666666666,0.33333333333333331,0.25,5,100,125,112.5,False,0,0,0,0,453
D285_F01_V01,285,1,2,0.16666666666666666,0.33333333333333331,0.25,6,125,150,137.5,False,0,0,0,0,453
D285_F01_V01,285,1,2,0.16666666666666666,0.33333333333333331,0.25,7,150,175,162.5,False,0,0,0,0,453
D285_F01_V01,285,1,2,0.16666666666666666,0.33333333333333331,0.25,8,175,200,187.5,False,0,0,0,0,453
D285_F01_V01,285,1,2,0.16666666666666666,0.33333333333333331,0.25,9,200,225,212.5,False,0,0,0,0,453
D285_F01_V01,285,1,2,0.16666666666666666,0.33333333333333331,0.25,10,225,250,237.5,False,0,0,0,0,453
D285_F01_V01,285,1,2,0.16666666666666666,0.33333333333333331,0.25,11,250,275,262.5,False,0,0,0,0,453
D285_F01_V01,285,1,2,0.16666666666666666,0.33333333333333331,0.25,12,275,300,287.5,False,0,0,0,0,453
D285_F01_V01,285,1,2,0.16666666666666666,0.33333333333333331,0.25,13,300,325,312.5,False,0,0,0,0,453
D285_F01_V01,285,1,2,0.16666666666666666,0.33333333333333331,0.25,14,325,350,337.5,False,0,0,0,0,453
D285_F01_V01,285,1,2,0.16666666666666666,0.33333333333333331,0.25,15,350,375,362.5,False,0,0,0,0,453
D285_F01_V01,285,1,2,0.16666666666666666,0.33333333333333331,0.25,16,375,400,387.5,False,0,0,0,0,453
D285_F01_V01,285,1,2,0.16666666666666666,0.33333333333333331,0.25,17,400,425,412.5,False,0,0,0,0,453
D285_F01_V01,285,1,2,0.16666666666666666,0.33333333333333331,0.25,18,425,450,437.5,False,0,0,0,0,453
D285_F01_V01,285,1,2,0.16666666666666666,0.33333333333333331,0.25,19,450,475,462.5,False,0,0,0,0,453
D285_F01_V01,285,1,2,0.16666666666666666,0.33333333333333331,0.25,20,475,500,487.5,False,0,0,0,0,453
D285_F01_V01,285,1,3,0.33333333333333331,0.5,0.41666666666666669,1,0,25,12.5,True,0,0,0,0,453
D285_F01_V01,285,1,3,0.33333333333333331,0.5,0.41666666666666669,2,25,50,37.5,True,0,0,0,0,453
D285_F01_V01,285,1,3,0.33333333333333331,0.5,0.41666666666666669,3,50,75,62.5,True,0,0,0,0,453
D285_F01_V01,285,1,3,0.33333333333333331,0.5,0.41666666666666669,4,75,100,87.5,True,0,0,0,0,453
D285_F01_V01,285,1,3,0.33333333333333331,0.5,0.41666666666666669,5,100,125,112.5,False,0,0,0,0,453
D285_F01_V01,285,1,3,0.33333333333333331,0.5,0.41666666666666669,6,125,150,137.5,False,0,0,0,0,453
D285_F01_V01,285,1,3,0.33333333333333331,0.5,0.41666666666666669,7,150,175,162.5,False,0,0,0,0,453
D285_F01_V01,285,1,3,0.33333333333333331,0.5,0.41666666666666669,8,175,200,187.5,False,0,0,0,0,453
D285_F01_V01,285,1,3,0.33333333333333331,0.5,0.41666666666666669,9,200,225,212.5,False,0,0,0,0,453
D285_F01_V01,285,1,3,0.33333333333333331,0.5,0.41666666666666669,10,225,250,237.5,False,0,0,0,0,453
D285_F01_V01,285,1,3,0.33333333333333331,0.5,0.41666666666666669,11,250,275,262.5,False,0,0,0,0,453
D285_F01_V01,285,1,3,0.33333333333333331,0.5,0.41666666666666669,12,275,300,287.5,False,0,0,0,0,453
D285_F01_V01,285,1,3,0.33333333333333331,0.5,0.41666666666666669,13,300,325,312.5,False,0,0,0,0,453
D285_F01_V01,285,1,3,0.33333333333333331,0.5,0.41666666666666669,14,325,350,337.5,False,0,0,0,0,453
D285_F01_V01,285,1,3,0.33333333333333331,0.5,0.41666666666666669,15,350,375,362.5,False,0,0,0,0,453
D285_F01_V01,285,1,3,0.33333333333333331,0.5,0.41666666666666669,16,375,400,387.5,False,0,0,0,0,453
D285_F01_V01,285,1,3,0.33333333333333331,0.5,0.41666666666666669,17,400,425,412.5,False,0,0,0,0,453
D285_F01_V01,285,1,3,0.33333333333333331,0.5,0.41666666666666669,18,425,450,437.5,False,0,0,0,0,453
D285_F01_V01,285,1,3,0.33333333333333331,0.5,0.41666666666666669,19,450,475,462.5,False,0,0,0,0,453
D285_F01_V01,285,1,3,0.33333333333333331,0.5,0.41666666666666669,20,475,500,487.5,False,0,0,0,0,453
D285_F01_V01,285,1,4,0.5,0.66666666666666663,0.58333333333333337,1,0,25,12.5,True,0,0,0,0,453
D285_F01_V01,285,1,4,0.5,0.66666666666666663,0.58333333333333337,2,25,50,37.5,True,0,0,0,0,453
D285_F01_V01,285,1,4,0.5,0.66666666666666663,0.58333333333333337,3,50,75,62.5,True,0,0,0,0,453
D285_F01_V01,285,1,4,0.5,0.66666666666666663,0.58333333333333337,4,75,100,87.5,True,0,0,0,0,453
D285_F01_V01,285,1,4,0.5,0.66666666666666663,0.58333333333333337,5,100,125,112.5,False,0,0,0,0,453
D285_F01_V01,285,1,4,0.5,0.66666666666666663,0.58333333333333337,6,125,150,137.5,False,0,0,0,0,453
D285_F01_V01,285,1,4,0.5,0.66666666666666663,0.58333333333333337,7,150,175,162.5,False,0,0,0,0,453
D285_F01_V01,285,1,4,0.5,0.66666666666666663,0.58333333333333337,8,175,200,187.5,False,0,0,0,0,453
D285_F01_V01,285,1,4,0.5,0.66666666666666663,0.58333333333333337,9,200,225,212.5,False,0,0,0,0,453
D285_F01_V01,285,1,4,0.5,0.66666666666666663,0.58333333333333337,10,225,250,237.5,False,0,0,0,0,453
D285_F01_V01,285,1,4,0.5,0.66666666666666663,0.58333333333333337,11,250,275,262.5,False,0,0,0,0,453
D285_F01_V01,285,1,4,0.5,0.66666666666666663,0.58333333333333337,12,275,300,287.5,False,0,0,0,0,453
D285_F01_V01,285,1,4,0.5,0.66666666666666663,0.58333333333333337,13,300,325,312.5,False,0,0,0,0,453
D285_F01_V01,285,1,4,0.5,0.66666666666666663,0.58333333333333337,14,325,350,337.5,False,0,0,0,0,453
D285_F01_V01,285,1,4,0.5,0.66666666666666663,0.58333333333333337,15,350,375,362.5,False,0,0,0,0,453
D285_F01_V01,285,1,4,0.5,0.66666666666666663,0.58333333333333337,16,375,400,387.5,False,0,0,0,0,453
D285_F01_V01,285,1,4,0.5,0.66666666666666663,0.58333333333333337,17,400,425,412.5,False,0,0,0,0,453
D285_F01_V01,285,1,4,0.5,0.66666666666666663,0.58333333333333337,18,425,450,437.5,False,0,0,0,0,453
D285_F01_V01,285,1,4,0.5,0.66666666666666663,0.58333333333333337,19,450,475,462.5,False,0,0,0,0,453
D285_F01_V01,285,1,4,0.5,0.66666666666666663,0.58333333333333337,20,475,500,487.5,False,0,0,0,0,453
D285_F01_V01,285,1,5,0.66666666666666663,0.83333333333333337,0.75,1,0,25,12.5,True,0,0,0,0,453
D285_F01_V01,285,1,5,0.66666666666666663,0.83333333333333337,0.75,2,25,50,37.5,True,0,0,0,0,453
D285_F01_V01,285,1,5,0.66666666666666663,0.83333333333333337,0.75,3,50,75,62.5,True,0,0,0,0,453
D285_F01_V01,285,1,5,0.66666666666666663,0.83333333333333337,0.75,4,75,100,87.5,True,0,0,0,0,453
D285_F01_V01,285,1,5,0.66666666666666663,0.83333333333333337,0.75,5,100,125,112.5,False,0,0,0,0,453
D285_F01_V01,285,1,5,0.66666666666666663,0.83333333333333337,0.75,6,125,150,137.5,False,0,0,0,0,453
D285_F01_V01,285,1,5,0.66666666666666663,0.83333333333333337,0.75,7,150,175,162.5,False,0,0,0,0,453
D285_F01_V01,285,1,5,0.66666666666666663,0.83333333333333337,0.75,8,175,200,187.5,False,0,0,0,0,453
D285_F01_V01,285,1,5,0.66666666666666663,0.83333333333333337,0.75,9,200,225,212.5,False,0,0,0,0,453
D285_F01_V01,285,1,5,0.66666666666666663,0.83333333333333337,0.75,10,225,250,237.5,False,0,0,0,0,453
D285_F01_V01,285,1,5,0.66666666666666663,0.83333333333333337,0.75,11,250,275,262.5,False,0,0,0,0,453
D285_F01_V01,285,1,5,0.66666666666666663,0.83333333333333337,0.75,12,275,300,287.5,False,0,0,0,0,453
D285_F01_V01,285,1,5,0.66666666666666663,0.83333333333333337,0.75,13,300,325,312.5,False,0,0,0,0,453
D285_F01_V01,285,1,5,0.66666666666666663,0.83333333333333337,0.75,14,325,350,337.5,False,0,0,0,0,453
D285_F01_V01,285,1,5,0.66666666666666663,0.83333333333333337,0.75,15,350,375,362.5,False,0,0,0,0,453
D285_F01_V01,285,1,5,0.66666666666666663,0.83333333333333337,0.75,16,375,400,387.5,False,0,0,0,0,453
D285_F01_V01,285,1,5,0.66666666666666663,0.83333333333333337,0.75,17,400,425,412.5,False,0,0,0,0,453
D285_F01_V01,285,1,5,0.66666666666666663,0.83333333333333337,0.75,18,425,450,437.5,False,0,0,0,0,453
D285_F01_V01,285,1,5,0.66666666666666663,0.83333333333333337,0.75,19,450,475,462.5,False,0,0,0,0,453
D285_F01_V01,285,1,5,0.66666666666666663,0.83333333333333337,0.75,20,475,500,487.5,False,0,0,0,0,453
D285_F01_V01,285,1,6,0.83333333333333337,1,0.91666666666666663,1,0,25,12.5,True,453,6,0.011406820795242906,0.011354469369597395,453
D285_F01_V01,285,1,6,0.83333333333333337,1,0.91666666666666663,2,25,50,37.5,True,0,0,0,0,453
D285_F01_V01,285,1,6,0.83333333333333337,1,0.91666666666666663,3,50,75,62.5,True,0,0,0,0,453
D285_F01_V01,285,1,6,0.83333333333333337,1,0.91666666666666663,4,75,100,87.5,True,0,0,0,0,453
D285_F01_V01,285,1,6,0.83333333333333337,1,0.91666666666666663,5,100,125,112.5,False,0,0,0,0,453
D285_F01_V01,285,1,6,0.83333333333333337,1,0.91666666666666663,6,125,150,137.5,False,0,0,0,0,453
D285_F01_V01,285,1,6,0.83333333333333337,1,0.91666666666666663,7,150,175,162.5,False,0,0,0,0,453
D285_F01_V01,285,1,6,0.83333333333333337,1,0.91666666666666663,8,175,200,187.5,False,0,0,0,0,453
D285_F01_V01,285,1,6,0.83333333333333337,1,0.91666666666666663,9,200,225,212.5,False,0,0,0,0,453
D285_F01_V01,285,1,6,0.83333333333333337,1,0.91666666666666663,10,225,250,237.5,False,0,0,0,0,453
D285_F01_V01,285,1,6,0.83333333333333337,1,0.91666666666666663,11,250,275,262.5,False,0,0,0,0,453
D285_F01_V01,285,1,6,0.83333333333333337,1,0.91666666666666663,12,275,300,287.5,False,0,0,0,0,453
D285_F01_V01,285,1,6,0.83333333333333337,1,0.91666666666666663,13,300,325,312.5,False,0,0,0,0,453
D285_F01_V01,285,1,6,0.83333333333333337,1,0.91666666666666663,14,325,350,337.5,False,0,0,0,0,453
D285_F01_V01,285,1,6,0.83333333333333337,1,0.91666666666666663,15,350,375,362.5,False,0,0,0,0,453
D285_F01_V01,285,1,6,0.83333333333333337,1,0.91666666666666663,16,375,400,387.5,False,0,0,0,0,453
D285_F01_V01,285,1,6,0.83333333333333337,1,0.91666666666666663,17,400,425,412.5,False,0,0,0,0,453
D285_F01_V01,285,1,6,0.83333333333333337,1,0.91666666666666663,18,425,450,437.5,False,0,0,0,0,453
D285_F01_V01,285,1,6,0.83333333333333337,1,0.91666666666666663,19,450,475,462.5,False,0,0,0,0,453
D285_F01_V01,285,1,6,0.83333333333333337,1,0.91666666666666663,20,475,500,487.5,False,0,0,0,0,453
D285_F03_V01,285,3,1,0,0.16666666666666666,0.083333333333333329,1,0,25,12.5,False,0,0,0,0,474
D285_F03_V01,285,3,1,0,0.16666666666666666,0.083333333333333329,2,25,50,37.5,False,0,0,0,0,474
D285_F03_V01,285,3,1,0,0.16666666666666666,0.083333333333333329,3,50,75,62.5,False,0,0,0,0,474
D285_F03_V01,285,3,1,0,0.16666666666666666,0.083333333333333329,4,75,100,87.5,False,0,0,0,0,474
D285_F03_V01,285,3,1,0,0.16666666666666666,0.083333333333333329,5,100,125,112.5,False,0,0,0,0,474
D285_F03_V01,285,3,1,0,0.16666666666666666,0.083333333333333329,6,125,150,137.5,False,0,0,0,0,474
D285_F03_V01,285,3,1,0,0.16666666666666666,0.083333333333333329,7,150,175,162.5,False,0,0,0,0,474
D285_F03_V01,285,3,1,0,0.16666666666666666,0.083333333333333329,8,175,200,187.5,False,0,0,0,0,474
D285_F03_V01,285,3,1,0,0.16666666666666666,0.083333333333333329,9,200,225,212.5,False,0,0,0,0,474
D285_F03_V01,285,3,1,0,0.16666666666666666,0.083333333333333329,10,225,250,237.5,False,0,0,0,0,474
D285_F03_V01,285,3,1,0,0.16666666666666666,0.083333333333333329,11,250,275,262.5,False,0,0,0,0,474
D285_F03_V01,285,3,1,0,0.16666666666666666,0.083333333333333329,12,275,300,287.5,False,0,0,0,0,474
D285_F03_V01,285,3,1,0,0.16666666666666666,0.083333333333333329,13,300,325,312.5,False,0,0,0,0,474
D285_F03_V01,285,3,1,0,0.16666666666666666,0.083333333333333329,14,325,350,337.5,False,0,0,0,0,474
D285_F03_V01,285,3,1,0,0.16666666666666666,0.083333333333333329,15,350,375,362.5,False,0,0,0,0,474
D285_F03_V01,285,3,1,0,0.16666666666666666,0.083333333333333329,16,375,400,387.5,False,0,0,0,0,474
D285_F03_V01,285,3,1,0,0.16666666666666666,0.083333333333333329,17,400,425,412.5,False,0,0,0,0,474
D285_F03_V01,285,3,1,0,0.16666666666666666,0.083333333333333329,18,425,450,437.5,False,0,0,0,0,474
D285_F03_V01,285,3,1,0,0.16666666666666666,0.083333333333333329,19,450,475,462.5,False,0,0,0,0,474
D285_F03_V01,285,3,1,0,0.16666666666666666,0.083333333333333329,20,475,500,487.5,False,0,0,0,0,474
D285_F03_V01,285,3,2,0.16666666666666666,0.33333333333333331,0.25,1,0,25,12.5,False,0,0,0,0,474
D285_F03_V01,285,3,2,0.16666666666666666,0.33333333333333331,0.25,2,25,50,37.5,False,0,0,0,0,474
D285_F03_V01,285,3,2,0.16666666666666666,0.33333333333333331,0.25,3,50,75,62.5,False,0,0,0,0,474
D285_F03_V01,285,3,2,0.16666666666666666,0.33333333333333331,0.25,4,75,100,87.5,False,0,0,0,0,474
D285_F03_V01,285,3,2,0.16666666666666666,0.33333333333333331,0.25,5,100,125,112.5,False,0,0,0,0,474
D285_F03_V01,285,3,2,0.16666666666666666,0.33333333333333331,0.25,6,125,150,137.5,False,0,0,0,0,474
D285_F03_V01,285,3,2,0.16666666666666666,0.33333333333333331,0.25,7,150,175,162.5,False,0,0,0,0,474
D285_F03_V01,285,3,2,0.16666666666666666,0.33333333333333331,0.25,8,175,200,187.5,False,0,0,0,0,474
D285_F03_V01,285,3,2,0.16666666666666666,0.33333333333333331,0.25,9,200,225,212.5,False,0,0,0,0,474
D285_F03_V01,285,3,2,0.16666666666666666,0.33333333333333331,0.25,10,225,250,237.5,False,0,0,0,0,474
D285_F03_V01,285,3,2,0.16666666666666666,0.33333333333333331,0.25,11,250,275,262.5,False,0,0,0,0,474
D285_F03_V01,285,3,2,0.16666666666666666,0.33333333333333331,0.25,12,275,300,287.5,False,0,0,0,0,474
D285_F03_V01,285,3,2,0.16666666666666666,0.33333333333333331,0.25,13,300,325,312.5,False,0,0,0,0,474
D285_F03_V01,285,3,2,0.16666666666666666,0.33333333333333331,0.25,14,325,350,337.5,False,0,0,0,0,474
D285_F03_V01,285,3,2,0.16666666666666666,0.33333333333333331,0.25,15,350,375,362.5,False,0,0,0,0,474
D285_F03_V01,285,3,2,0.16666666666666666,0.33333333333333331,0.25,16,375,400,387.5,False,0,0,0,0,474
D285_F03_V01,285,3,2,0.16666666666666666,0.33333333333333331,0.25,17,400,425,412.5,False,0,0,0,0,474
D285_F03_V01,285,3,2,0.16666666666666666,0.33333333333333331,0.25,18,425,450,437.5,False,0,0,0,0,474
D285_F03_V01,285,3,2,0.16666666666666666,0.33333333333333331,0.25,19,450,475,462.5,False,0,0,0,0,474
D285_F03_V01,285,3,2,0.16666666666666666,0.33333333333333331,0.25,20,475,500,487.5,False,0,0,0,0,474
D285_F03_V01,285,3,3,0.33333333333333331,0.5,0.41666666666666669,1,0,25,12.5,True,0,0,0,0,474
D285_F03_V01,285,3,3,0.33333333333333331,0.5,0.41666666666666669,2,25,50,37.5,True,0,0,0,0,474
D285_F03_V01,285,3,3,0.33333333333333331,0.5,0.41666666666666669,3,50,75,62.5,True,0,0,0,0,474
D285_F03_V01,285,3,3,0.33333333333333331,0.5,0.41666666666666669,4,75,100,87.5,True,0,0,0,0,474
D285_F03_V01,285,3,3,0.33333333333333331,0.5,0.41666666666666669,5,100,125,112.5,False,0,0,0,0,474
D285_F03_V01,285,3,3,0.33333333333333331,0.5,0.41666666666666669,6,125,150,137.5,False,0,0,0,0,474
D285_F03_V01,285,3,3,0.33333333333333331,0.5,0.41666666666666669,7,150,175,162.5,False,0,0,0,0,474
D285_F03_V01,285,3,3,0.33333333333333331,0.5,0.41666666666666669,8,175,200,187.5,False,0,0,0,0,474
D285_F03_V01,285,3,3,0.33333333333333331,0.5,0.41666666666666669,9,200,225,212.5,False,0,0,0,0,474
D285_F03_V01,285,3,3,0.33333333333333331,0.5,0.41666666666666669,10,225,250,237.5,False,0,0,0,0,474
D285_F03_V01,285,3,3,0.33333333333333331,0.5,0.41666666666666669,11,250,275,262.5,False,0,0,0,0,474
D285_F03_V01,285,3,3,0.33333333333333331,0.5,0.41666666666666669,12,275,300,287.5,False,0,0,0,0,474
D285_F03_V01,285,3,3,0.33333333333333331,0.5,0.41666666666666669,13,300,325,312.5,False,0,0,0,0,474
D285_F03_V01,285,3,3,0.33333333333333331,0.5,0.41666666666666669,14,325,350,337.5,False,0,0,0,0,474
D285_F03_V01,285,3,3,0.33333333333333331,0.5,0.41666666666666669,15,350,375,362.5,False,0,0,0,0,474
D285_F03_V01,285,3,3,0.33333333333333331,0.5,0.41666666666666669,16,375,400,387.5,False,0,0,0,0,474
D285_F03_V01,285,3,3,0.33333333333333331,0.5,0.41666666666666669,17,400,425,412.5,False,0,0,0,0,474
D285_F03_V01,285,3,3,0.33333333333333331,0.5,0.41666666666666669,18,425,450,437.5,False,0,0,0,0,474
D285_F03_V01,285,3,3,0.33333333333333331,0.5,0.41666666666666669,19,450,475,462.5,False,0,0,0,0,474
D285_F03_V01,285,3,3,0.33333333333333331,0.5,0.41666666666666669,20,475,500,487.5,False,0,0,0,0,474
D285_F03_V01,285,3,4,0.5,0.66666666666666663,0.58333333333333337,1,0,25,12.5,True,0,0,0,0,474
D285_F03_V01,285,3,4,0.5,0.66666666666666663,0.58333333333333337,2,25,50,37.5,True,0,0,0,0,474
D285_F03_V01,285,3,4,0.5,0.66666666666666663,0.58333333333333337,3,50,75,62.5,True,0,0,0,0,474
D285_F03_V01,285,3,4,0.5,0.66666666666666663,0.58333333333333337,4,75,100,87.5,True,0,0,0,0,474
D285_F03_V01,285,3,4,0.5,0.66666666666666663,0.58333333333333337,5,100,125,112.5,False,0,0,0,0,474
D285_F03_V01,285,3,4,0.5,0.66666666666666663,0.58333333333333337,6,125,150,137.5,False,0,0,0,0,474
D285_F03_V01,285,3,4,0.5,0.66666666666666663,0.58333333333333337,7,150,175,162.5,False,0,0,0,0,474
D285_F03_V01,285,3,4,0.5,0.66666666666666663,0.58333333333333337,8,175,200,187.5,False,0,0,0,0,474
D285_F03_V01,285,3,4,0.5,0.66666666666666663,0.58333333333333337,9,200,225,212.5,False,0,0,0,0,474
D285_F03_V01,285,3,4,0.5,0.66666666666666663,0.58333333333333337,10,225,250,237.5,False,0,0,0,0,474
D285_F03_V01,285,3,4,0.5,0.66666666666666663,0.58333333333333337,11,250,275,262.5,False,0,0,0,0,474
D285_F03_V01,285,3,4,0.5,0.66666666666666663,0.58333333333333337,12,275,300,287.5,False,0,0,0,0,474
D285_F03_V01,285,3,4,0.5,0.66666666666666663,0.58333333333333337,13,300,325,312.5,False,0,0,0,0,474
D285_F03_V01,285,3,4,0.5,0.66666666666666663,0.58333333333333337,14,325,350,337.5,False,0,0,0,0,474
D285_F03_V01,285,3,4,0.5,0.66666666666666663,0.58333333333333337,15,350,375,362.5,False,0,0,0,0,474
D285_F03_V01,285,3,4,0.5,0.66666666666666663,0.58333333333333337,16,375,400,387.5,False,0,0,0,0,474
D285_F03_V01,285,3,4,0.5,0.66666666666666663,0.58333333333333337,17,400,425,412.5,False,0,0,0,0,474
D285_F03_V01,285,3,4,0.5,0.66666666666666663,0.58333333333333337,18,425,450,437.5,False,0,0,0,0,474
D285_F03_V01,285,3,4,0.5,0.66666666666666663,0.58333333333333337,19,450,475,462.5,False,0,0,0,0,474
D285_F03_V01,285,3,4,0.5,0.66666666666666663,0.58333333333333337,20,475,500,487.5,False,0,0,0,0,474
D285_F03_V01,285,3,5,0.66666666666666663,0.83333333333333337,0.75,1,0,25,12.5,True,0,0,0,0,474
D285_F03_V01,285,3,5,0.66666666666666663,0.83333333333333337,0.75,2,25,50,37.5,True,0,0,0,0,474
D285_F03_V01,285,3,5,0.66666666666666663,0.83333333333333337,0.75,3,50,75,62.5,True,0,0,0,0,474
D285_F03_V01,285,3,5,0.66666666666666663,0.83333333333333337,0.75,4,75,100,87.5,True,0,0,0,0,474
D285_F03_V01,285,3,5,0.66666666666666663,0.83333333333333337,0.75,5,100,125,112.5,False,0,0,0,0,474
D285_F03_V01,285,3,5,0.66666666666666663,0.83333333333333337,0.75,6,125,150,137.5,False,0,0,0,0,474
D285_F03_V01,285,3,5,0.66666666666666663,0.83333333333333337,0.75,7,150,175,162.5,False,0,0,0,0,474
D285_F03_V01,285,3,5,0.66666666666666663,0.83333333333333337,0.75,8,175,200,187.5,False,0,0,0,0,474
D285_F03_V01,285,3,5,0.66666666666666663,0.83333333333333337,0.75,9,200,225,212.5,False,0,0,0,0,474
D285_F03_V01,285,3,5,0.66666666666666663,0.83333333333333337,0.75,10,225,250,237.5,False,0,0,0,0,474
D285_F03_V01,285,3,5,0.66666666666666663,0.83333333333333337,0.75,11,250,275,262.5,False,0,0,0,0,474
D285_F03_V01,285,3,5,0.66666666666666663,0.83333333333333337,0.75,12,275,300,287.5,False,0,0,0,0,474
D285_F03_V01,285,3,5,0.66666666666666663,0.83333333333333337,0.75,13,300,325,312.5,False,0,0,0,0,474
D285_F03_V01,285,3,5,0.66666666666666663,0.83333333333333337,0.75,14,325,350,337.5,False,0,0,0,0,474
D285_F03_V01,285,3,5,0.66666666666666663,0.83333333333333337,0.75,15,350,375,362.5,False,0,0,0,0,474
D285_F03_V01,285,3,5,0.66666666666666663,0.83333333333333337,0.75,16,375,400,387.5,False,0,0,0,0,474
D285_F03_V01,285,3,5,0.66666666666666663,0.83333333333333337,0.75,17,400,425,412.5,False,0,0,0,0,474
D285_F03_V01,285,3,5,0.66666666666666663,0.83333333333333337,0.75,18,425,450,437.5,False,0,0,0,0,474
D285_F03_V01,285,3,5,0.66666666666666663,0.83333333333333337,0.75,19,450,475,462.5,False,0,0,0,0,474
D285_F03_V01,285,3,5,0.66666666666666663,0.83333333333333337,0.75,20,475,500,487.5,False,0,0,0,0,474
D285_F03_V01,285,3,6,0.83333333333333337,1,0.91666666666666663,1,0,25,12.5,True,474,6,0.011406318577675746,0.011352797835140298,474
D285_F03_V01,285,3,6,0.83333333333333337,1,0.91666666666666663,2,25,50,37.5,True,0,0,0,0,474
D285_F03_V01,285,3,6,0.83333333333333337,1,0.91666666666666663,3,50,75,62.5,True,0,0,0,0,474
D285_F03_V01,285,3,6,0.83333333333333337,1,0.91666666666666663,4,75,100,87.5,True,0,0,0,0,474
D285_F03_V01,285,3,6,0.83333333333333337,1,0.91666666666666663,5,100,125,112.5,False,0,0,0,0,474
D285_F03_V01,285,3,6,0.83333333333333337,1,0.91666666666666663,6,125,150,137.5,False,0,0,0,0,474
D285_F03_V01,285,3,6,0.83333333333333337,1,0.91666666666666663,7,150,175,162.5,False,0,0,0,0,474
D285_F03_V01,285,3,6,0.83333333333333337,1,0.91666666666666663,8,175,200,187.5,False,0,0,0,0,474
D285_F03_V01,285,3,6,0.83333333333333337,1,0.91666666666666663,9,200,225,212.5,False,0,0,0,0,474
D285_F03_V01,285,3,6,0.83333333333333337,1,0.91666666666666663,10,225,250,237.5,False,0,0,0,0,474
D285_F03_V01,285,3,6,0.83333333333333337,1,0.91666666666666663,11,250,275,262.5,False,0,0,0,0,474
D285_F03_V01,285,3,6,0.83333333333333337,1,0.91666666666666663,12,275,300,287.5,False,0,0,0,0,474
D285_F03_V01,285,3,6,0.83333333333333337,1,0.91666666666666663,13,300,325,312.5,False,0,0,0,0,474
D285_F03_V01,285,3,6,0.83333333333333337,1,0.91666666666666663,14,325,350,337.5,False,0,0,0,0,474
D285_F03_V01,285,3,6,0.83333333333333337,1,0.91666666666666663,15,350,375,362.5,False,0,0,0,0,474
D285_F03_V01,285,3,6,0.83333333333333337,1,0.91666666666666663,16,375,400,387.5,False,0,0,0,0,474
D285_F03_V01,285,3,6,0.83333333333333337,1,0.91666666666666663,17,400,425,412.5,False,0,0,0,0,474
D285_F03_V01,285,3,6,0.83333333333333337,1,0.91666666666666663,18,425,450,437.5,False,0,0,0,0,474
D285_F03_V01,285,3,6,0.83333333333333337,1,0.91666666666666663,19,450,475,462.5,False,0,0,0,0,474
D285_F03_V01,285,3,6,0.83333333333333337,1,0.91666666666666663,20,475,500,487.5,False,0,0,0,0,474
D285_F05_V01,285,5,1,0,0.16666666666666666,0.083333333333333329,1,0,25,12.5,False,0,0,0,0,492
D285_F05_V01,285,5,1,0,0.16666666666666666,0.083333333333333329,2,25,50,37.5,False,0,0,0,0,492
D285_F05_V01,285,5,1,0,0.16666666666666666,0.083333333333333329,3,50,75,62.5,False,0,0,0,0,492
D285_F05_V01,285,5,1,0,0.16666666666666666,0.083333333333333329,4,75,100,87.5,False,0,0,0,0,492
D285_F05_V01,285,5,1,0,0.16666666666666666,0.083333333333333329,5,100,125,112.5,False,0,0,0,0,492
D285_F05_V01,285,5,1,0,0.16666666666666666,0.083333333333333329,6,125,150,137.5,False,0,0,0,0,492
D285_F05_V01,285,5,1,0,0.16666666666666666,0.083333333333333329,7,150,175,162.5,False,0,0,0,0,492
D285_F05_V01,285,5,1,0,0.16666666666666666,0.083333333333333329,8,175,200,187.5,False,0,0,0,0,492
D285_F05_V01,285,5,1,0,0.16666666666666666,0.083333333333333329,9,200,225,212.5,False,0,0,0,0,492
D285_F05_V01,285,5,1,0,0.16666666666666666,0.083333333333333329,10,225,250,237.5,False,0,0,0,0,492
D285_F05_V01,285,5,1,0,0.16666666666666666,0.083333333333333329,11,250,275,262.5,False,0,0,0,0,492
D285_F05_V01,285,5,1,0,0.16666666666666666,0.083333333333333329,12,275,300,287.5,False,0,0,0,0,492
D285_F05_V01,285,5,1,0,0.16666666666666666,0.083333333333333329,13,300,325,312.5,False,0,0,0,0,492
D285_F05_V01,285,5,1,0,0.16666666666666666,0.083333333333333329,14,325,350,337.5,False,0,0,0,0,492
D285_F05_V01,285,5,1,0,0.16666666666666666,0.083333333333333329,15,350,375,362.5,False,0,0,0,0,492
D285_F05_V01,285,5,1,0,0.16666666666666666,0.083333333333333329,16,375,400,387.5,False,0,0,0,0,492
D285_F05_V01,285,5,1,0,0.16666666666666666,0.083333333333333329,17,400,425,412.5,False,0,0,0,0,492
D285_F05_V01,285,5,1,0,0.16666666666666666,0.083333333333333329,18,425,450,437.5,False,0,0,0,0,492
D285_F05_V01,285,5,1,0,0.16666666666666666,0.083333333333333329,19,450,475,462.5,False,0,0,0,0,492
D285_F05_V01,285,5,1,0,0.16666666666666666,0.083333333333333329,20,475,500,487.5,False,0,0,0,0,492
D285_F05_V01,285,5,2,0.16666666666666666,0.33333333333333331,0.25,1,0,25,12.5,False,0,0,0,0,492
D285_F05_V01,285,5,2,0.16666666666666666,0.33333333333333331,0.25,2,25,50,37.5,False,0,0,0,0,492
D285_F05_V01,285,5,2,0.16666666666666666,0.33333333333333331,0.25,3,50,75,62.5,False,0,0,0,0,492
D285_F05_V01,285,5,2,0.16666666666666666,0.33333333333333331,0.25,4,75,100,87.5,False,0,0,0,0,492
D285_F05_V01,285,5,2,0.16666666666666666,0.33333333333333331,0.25,5,100,125,112.5,False,0,0,0,0,492
D285_F05_V01,285,5,2,0.16666666666666666,0.33333333333333331,0.25,6,125,150,137.5,False,0,0,0,0,492
D285_F05_V01,285,5,2,0.16666666666666666,0.33333333333333331,0.25,7,150,175,162.5,False,0,0,0,0,492
D285_F05_V01,285,5,2,0.16666666666666666,0.33333333333333331,0.25,8,175,200,187.5,False,0,0,0,0,492
D285_F05_V01,285,5,2,0.16666666666666666,0.33333333333333331,0.25,9,200,225,212.5,False,0,0,0,0,492
D285_F05_V01,285,5,2,0.16666666666666666,0.33333333333333331,0.25,10,225,250,237.5,False,0,0,0,0,492
D285_F05_V01,285,5,2,0.16666666666666666,0.33333333333333331,0.25,11,250,275,262.5,False,0,0,0,0,492
D285_F05_V01,285,5,2,0.16666666666666666,0.33333333333333331,0.25,12,275,300,287.5,False,0,0,0,0,492
D285_F05_V01,285,5,2,0.16666666666666666,0.33333333333333331,0.25,13,300,325,312.5,False,0,0,0,0,492
D285_F05_V01,285,5,2,0.16666666666666666,0.33333333333333331,0.25,14,325,350,337.5,False,0,0,0,0,492
D285_F05_V01,285,5,2,0.16666666666666666,0.33333333333333331,0.25,15,350,375,362.5,False,0,0,0,0,492
D285_F05_V01,285,5,2,0.16666666666666666,0.33333333333333331,0.25,16,375,400,387.5,False,0,0,0,0,492
D285_F05_V01,285,5,2,0.16666666666666666,0.33333333333333331,0.25,17,400,425,412.5,False,0,0,0,0,492
D285_F05_V01,285,5,2,0.16666666666666666,0.33333333333333331,0.25,18,425,450,437.5,False,0,0,0,0,492
D285_F05_V01,285,5,2,0.16666666666666666,0.33333333333333331,0.25,19,450,475,462.5,False,0,0,0,0,492
D285_F05_V01,285,5,2,0.16666666666666666,0.33333333333333331,0.25,20,475,500,487.5,False,0,0,0,0,492
D285_F05_V01,285,5,3,0.33333333333333331,0.5,0.41666666666666669,1,0,25,12.5,True,0,0,0,0,492
D285_F05_V01,285,5,3,0.33333333333333331,0.5,0.41666666666666669,2,25,50,37.5,True,0,0,0,0,492
D285_F05_V01,285,5,3,0.33333333333333331,0.5,0.41666666666666669,3,50,75,62.5,True,0,0,0,0,492
D285_F05_V01,285,5,3,0.33333333333333331,0.5,0.41666666666666669,4,75,100,87.5,True,0,0,0,0,492
D285_F05_V01,285,5,3,0.33333333333333331,0.5,0.41666666666666669,5,100,125,112.5,False,0,0,0,0,492
D285_F05_V01,285,5,3,0.33333333333333331,0.5,0.41666666666666669,6,125,150,137.5,False,0,0,0,0,492
D285_F05_V01,285,5,3,0.33333333333333331,0.5,0.41666666666666669,7,150,175,162.5,False,0,0,0,0,492
D285_F05_V01,285,5,3,0.33333333333333331,0.5,0.41666666666666669,8,175,200,187.5,False,0,0,0,0,492
D285_F05_V01,285,5,3,0.33333333333333331,0.5,0.41666666666666669,9,200,225,212.5,False,0,0,0,0,492
D285_F05_V01,285,5,3,0.33333333333333331,0.5,0.41666666666666669,10,225,250,237.5,False,0,0,0,0,492
D285_F05_V01,285,5,3,0.33333333333333331,0.5,0.41666666666666669,11,250,275,262.5,False,0,0,0,0,492
D285_F05_V01,285,5,3,0.33333333333333331,0.5,0.41666666666666669,12,275,300,287.5,False,0,0,0,0,492
D285_F05_V01,285,5,3,0.33333333333333331,0.5,0.41666666666666669,13,300,325,312.5,False,0,0,0,0,492
D285_F05_V01,285,5,3,0.33333333333333331,0.5,0.41666666666666669,14,325,350,337.5,False,0,0,0,0,492
D285_F05_V01,285,5,3,0.33333333333333331,0.5,0.41666666666666669,15,350,375,362.5,False,0,0,0,0,492
D285_F05_V01,285,5,3,0.33333333333333331,0.5,0.41666666666666669,16,375,400,387.5,False,0,0,0,0,492
D285_F05_V01,285,5,3,0.33333333333333331,0.5,0.41666666666666669,17,400,425,412.5,False,0,0,0,0,492
D285_F05_V01,285,5,3,0.33333333333333331,0.5,0.41666666666666669,18,425,450,437.5,False,0,0,0,0,492
D285_F05_V01,285,5,3,0.33333333333333331,0.5,0.41666666666666669,19,450,475,462.5,False,0,0,0,0,492
D285_F05_V01,285,5,3,0.33333333333333331,0.5,0.41666666666666669,20,475,500,487.5,False,0,0,0,0,492
D285_F05_V01,285,5,4,0.5,0.66666666666666663,0.58333333333333337,1,0,25,12.5,True,0,0,0,0,492
D285_F05_V01,285,5,4,0.5,0.66666666666666663,0.58333333333333337,2,25,50,37.5,True,0,0,0,0,492
D285_F05_V01,285,5,4,0.5,0.66666666666666663,0.58333333333333337,3,50,75,62.5,True,0,0,0,0,492
D285_F05_V01,285,5,4,0.5,0.66666666666666663,0.58333333333333337,4,75,100,87.5,True,0,0,0,0,492
D285_F05_V01,285,5,4,0.5,0.66666666666666663,0.58333333333333337,5,100,125,112.5,False,0,0,0,0,492
D285_F05_V01,285,5,4,0.5,0.66666666666666663,0.58333333333333337,6,125,150,137.5,False,0,0,0,0,492
D285_F05_V01,285,5,4,0.5,0.66666666666666663,0.58333333333333337,7,150,175,162.5,False,0,0,0,0,492
D285_F05_V01,285,5,4,0.5,0.66666666666666663,0.58333333333333337,8,175,200,187.5,False,0,0,0,0,492
D285_F05_V01,285,5,4,0.5,0.66666666666666663,0.58333333333333337,9,200,225,212.5,False,0,0,0,0,492
D285_F05_V01,285,5,4,0.5,0.66666666666666663,0.58333333333333337,10,225,250,237.5,False,0,0,0,0,492
D285_F05_V01,285,5,4,0.5,0.66666666666666663,0.58333333333333337,11,250,275,262.5,False,0,0,0,0,492
D285_F05_V01,285,5,4,0.5,0.66666666666666663,0.58333333333333337,12,275,300,287.5,False,0,0,0,0,492
D285_F05_V01,285,5,4,0.5,0.66666666666666663,0.58333333333333337,13,300,325,312.5,False,0,0,0,0,492
D285_F05_V01,285,5,4,0.5,0.66666666666666663,0.58333333333333337,14,325,350,337.5,False,0,0,0,0,492
D285_F05_V01,285,5,4,0.5,0.66666666666666663,0.58333333333333337,15,350,375,362.5,False,0,0,0,0,492
D285_F05_V01,285,5,4,0.5,0.66666666666666663,0.58333333333333337,16,375,400,387.5,False,0,0,0,0,492
D285_F05_V01,285,5,4,0.5,0.66666666666666663,0.58333333333333337,17,400,425,412.5,False,0,0,0,0,492
D285_F05_V01,285,5,4,0.5,0.66666666666666663,0.58333333333333337,18,425,450,437.5,False,0,0,0,0,492
D285_F05_V01,285,5,4,0.5,0.66666666666666663,0.58333333333333337,19,450,475,462.5,False,0,0,0,0,492
D285_F05_V01,285,5,4,0.5,0.66666666666666663,0.58333333333333337,20,475,500,487.5,False,0,0,0,0,492
D285_F05_V01,285,5,5,0.66666666666666663,0.83333333333333337,0.75,1,0,25,12.5,True,0,0,0,0,492
D285_F05_V01,285,5,5,0.66666666666666663,0.83333333333333337,0.75,2,25,50,37.5,True,0,0,0,0,492
D285_F05_V01,285,5,5,0.66666666666666663,0.83333333333333337,0.75,3,50,75,62.5,True,0,0,0,0,492
D285_F05_V01,285,5,5,0.66666666666666663,0.83333333333333337,0.75,4,75,100,87.5,True,0,0,0,0,492
D285_F05_V01,285,5,5,0.66666666666666663,0.83333333333333337,0.75,5,100,125,112.5,False,0,0,0,0,492
D285_F05_V01,285,5,5,0.66666666666666663,0.83333333333333337,0.75,6,125,150,137.5,False,0,0,0,0,492
D285_F05_V01,285,5,5,0.66666666666666663,0.83333333333333337,0.75,7,150,175,162.5,False,0,0,0,0,492
D285_F05_V01,285,5,5,0.66666666666666663,0.83333333333333337,0.75,8,175,200,187.5,False,0,0,0,0,492
D285_F05_V01,285,5,5,0.66666666666666663,0.83333333333333337,0.75,9,200,225,212.5,False,0,0,0,0,492
D285_F05_V01,285,5,5,0.66666666666666663,0.83333333333333337,0.75,10,225,250,237.5,False,0,0,0,0,492
D285_F05_V01,285,5,5,0.66666666666666663,0.83333333333333337,0.75,11,250,275,262.5,False,0,0,0,0,492
D285_F05_V01,285,5,5,0.66666666666666663,0.83333333333333337,0.75,12,275,300,287.5,False,0,0,0,0,492
D285_F05_V01,285,5,5,0.66666666666666663,0.83333333333333337,0.75,13,300,325,312.5,False,0,0,0,0,492
D285_F05_V01,285,5,5,0.66666666666666663,0.83333333333333337,0.75,14,325,350,337.5,False,0,0,0,0,492
D285_F05_V01,285,5,5,0.66666666666666663,0.83333333333333337,0.75,15,350,375,362.5,False,0,0,0,0,492
D285_F05_V01,285,5,5,0.66666666666666663,0.83333333333333337,0.75,16,375,400,387.5,False,0,0,0,0,492
D285_F05_V01,285,5,5,0.66666666666666663,0.83333333333333337,0.75,17,400,425,412.5,False,0,0,0,0,492
D285_F05_V01,285,5,5,0.66666666666666663,0.83333333333333337,0.75,18,425,450,437.5,False,0,0,0,0,492
D285_F05_V01,285,5,5,0.66666666666666663,0.83333333333333337,0.75,19,450,475,462.5,False,0,0,0,0,492
D285_F05_V01,285,5,5,0.66666666666666663,0.83333333333333337,0.75,20,475,500,487.5,False,0,0,0,0,492
D285_F05_V01,285,5,6,0.83333333333333337,1,0.91666666666666663,1,0,25,12.5,True,492,6,0.011406799047572361,0.011355506279493938,492
D285_F05_V01,285,5,6,0.83333333333333337,1,0.91666666666666663,2,25,50,37.5,True,0,0,0,0,492
D285_F05_V01,285,5,6,0.83333333333333337,1,0.91666666666666663,3,50,75,62.5,True,0,0,0,0,492
D285_F05_V01,285,5,6,0.83333333333333337,1,0.91666666666666663,4,75,100,87.5,True,0,0,0,0,492
D285_F05_V01,285,5,6,0.83333333333333337,1,0.91666666666666663,5,100,125,112.5,False,0,0,0,0,492
D285_F05_V01,285,5,6,0.83333333333333337,1,0.91666666666666663,6,125,150,137.5,False,0,0,0,0,492
D285_F05_V01,285,5,6,0.83333333333333337,1,0.91666666666666663,7,150,175,162.5,False,0,0,0,0,492
D285_F05_V01,285,5,6,0.83333333333333337,1,0.91666666666666663,8,175,200,187.5,False,0,0,0,0,492
D285_F05_V01,285,5,6,0.83333333333333337,1,0.91666666666666663,9,200,225,212.5,False,0,0,0,0,492
D285_F05_V01,285,5,6,0.83333333333333337,1,0.91666666666666663,10,225,250,237.5,False,0,0,0,0,492
D285_F05_V01,285,5,6,0.83333333333333337,1,0.91666666666666663,11,250,275,262.5,False,0,0,0,0,492
D285_F05_V01,285,5,6,0.83333333333333337,1,0.91666666666666663,12,275,300,287.5,False,0,0,0,0,492
D285_F05_V01,285,5,6,0.83333333333333337,1,0.91666666666666663,13,300,325,312.5,False,0,0,0,0,492
D285_F05_V01,285,5,6,0.83333333333333337,1,0.91666666666666663,14,325,350,337.5,False,0,0,0,0,492
D285_F05_V01,285,5,6,0.83333333333333337,1,0.91666666666666663,15,350,375,362.5,False,0,0,0,0,492
D285_F05_V01,285,5,6,0.83333333333333337,1,0.91666666666666663,16,375,400,387.5,False,0,0,0,0,492
D285_F05_V01,285,5,6,0.83333333333333337,1,0.91666666666666663,17,400,425,412.5,False,0,0,0,0,492
D285_F05_V01,285,5,6,0.83333333333333337,1,0.91666666666666663,18,425,450,437.5,False,0,0,0,0,492
D285_F05_V01,285,5,6,0.83333333333333337,1,0.91666666666666663,19,450,475,462.5,False,0,0,0,0,492
D285_F05_V01,285,5,6,0.83333333333333337,1,0.91666666666666663,20,475,500,487.5,False,0,0,0,0,492
D285_F07_V01,285,7,1,0,0.16666666666666666,0.083333333333333329,1,0,25,12.5,False,0,0,0,0,458
D285_F07_V01,285,7,1,0,0.16666666666666666,0.083333333333333329,2,25,50,37.5,False,0,0,0,0,458
D285_F07_V01,285,7,1,0,0.16666666666666666,0.083333333333333329,3,50,75,62.5,False,0,0,0,0,458
D285_F07_V01,285,7,1,0,0.16666666666666666,0.083333333333333329,4,75,100,87.5,False,0,0,0,0,458
D285_F07_V01,285,7,1,0,0.16666666666666666,0.083333333333333329,5,100,125,112.5,False,0,0,0,0,458
D285_F07_V01,285,7,1,0,0.16666666666666666,0.083333333333333329,6,125,150,137.5,False,0,0,0,0,458
D285_F07_V01,285,7,1,0,0.16666666666666666,0.083333333333333329,7,150,175,162.5,False,0,0,0,0,458
D285_F07_V01,285,7,1,0,0.16666666666666666,0.083333333333333329,8,175,200,187.5,False,0,0,0,0,458
D285_F07_V01,285,7,1,0,0.16666666666666666,0.083333333333333329,9,200,225,212.5,False,0,0,0,0,458
D285_F07_V01,285,7,1,0,0.16666666666666666,0.083333333333333329,10,225,250,237.5,False,0,0,0,0,458
D285_F07_V01,285,7,1,0,0.16666666666666666,0.083333333333333329,11,250,275,262.5,False,0,0,0,0,458
D285_F07_V01,285,7,1,0,0.16666666666666666,0.083333333333333329,12,275,300,287.5,False,0,0,0,0,458
D285_F07_V01,285,7,1,0,0.16666666666666666,0.083333333333333329,13,300,325,312.5,False,0,0,0,0,458
D285_F07_V01,285,7,1,0,0.16666666666666666,0.083333333333333329,14,325,350,337.5,False,0,0,0,0,458
D285_F07_V01,285,7,1,0,0.16666666666666666,0.083333333333333329,15,350,375,362.5,False,0,0,0,0,458
D285_F07_V01,285,7,1,0,0.16666666666666666,0.083333333333333329,16,375,400,387.5,False,0,0,0,0,458
D285_F07_V01,285,7,1,0,0.16666666666666666,0.083333333333333329,17,400,425,412.5,False,0,0,0,0,458
D285_F07_V01,285,7,1,0,0.16666666666666666,0.083333333333333329,18,425,450,437.5,False,0,0,0,0,458
D285_F07_V01,285,7,1,0,0.16666666666666666,0.083333333333333329,19,450,475,462.5,False,0,0,0,0,458
D285_F07_V01,285,7,1,0,0.16666666666666666,0.083333333333333329,20,475,500,487.5,False,0,0,0,0,458
D285_F07_V01,285,7,2,0.16666666666666666,0.33333333333333331,0.25,1,0,25,12.5,False,0,0,0,0,458
D285_F07_V01,285,7,2,0.16666666666666666,0.33333333333333331,0.25,2,25,50,37.5,False,0,0,0,0,458
D285_F07_V01,285,7,2,0.16666666666666666,0.33333333333333331,0.25,3,50,75,62.5,False,0,0,0,0,458
D285_F07_V01,285,7,2,0.16666666666666666,0.33333333333333331,0.25,4,75,100,87.5,False,0,0,0,0,458
D285_F07_V01,285,7,2,0.16666666666666666,0.33333333333333331,0.25,5,100,125,112.5,False,0,0,0,0,458
D285_F07_V01,285,7,2,0.16666666666666666,0.33333333333333331,0.25,6,125,150,137.5,False,0,0,0,0,458
D285_F07_V01,285,7,2,0.16666666666666666,0.33333333333333331,0.25,7,150,175,162.5,False,0,0,0,0,458
D285_F07_V01,285,7,2,0.16666666666666666,0.33333333333333331,0.25,8,175,200,187.5,False,0,0,0,0,458
D285_F07_V01,285,7,2,0.16666666666666666,0.33333333333333331,0.25,9,200,225,212.5,False,0,0,0,0,458
D285_F07_V01,285,7,2,0.16666666666666666,0.33333333333333331,0.25,10,225,250,237.5,False,0,0,0,0,458
D285_F07_V01,285,7,2,0.16666666666666666,0.33333333333333331,0.25,11,250,275,262.5,False,0,0,0,0,458
D285_F07_V01,285,7,2,0.16666666666666666,0.33333333333333331,0.25,12,275,300,287.5,False,0,0,0,0,458
D285_F07_V01,285,7,2,0.16666666666666666,0.33333333333333331,0.25,13,300,325,312.5,False,0,0,0,0,458
D285_F07_V01,285,7,2,0.16666666666666666,0.33333333333333331,0.25,14,325,350,337.5,False,0,0,0,0,458
D285_F07_V01,285,7,2,0.16666666666666666,0.33333333333333331,0.25,15,350,375,362.5,False,0,0,0,0,458
D285_F07_V01,285,7,2,0.16666666666666666,0.33333333333333331,0.25,16,375,400,387.5,False,0,0,0,0,458
D285_F07_V01,285,7,2,0.16666666666666666,0.33333333333333331,0.25,17,400,425,412.5,False,0,0,0,0,458
D285_F07_V01,285,7,2,0.16666666666666666,0.33333333333333331,0.25,18,425,450,437.5,False,0,0,0,0,458
D285_F07_V01,285,7,2,0.16666666666666666,0.33333333333333331,0.25,19,450,475,462.5,False,0,0,0,0,458
D285_F07_V01,285,7,2,0.16666666666666666,0.33333333333333331,0.25,20,475,500,487.5,False,0,0,0,0,458
D285_F07_V01,285,7,3,0.33333333333333331,0.5,0.41666666666666669,1,0,25,12.5,True,0,0,0,0,458
D285_F07_V01,285,7,3,0.33333333333333331,0.5,0.41666666666666669,2,25,50,37.5,True,0,0,0,0,458
D285_F07_V01,285,7,3,0.33333333333333331,0.5,0.41666666666666669,3,50,75,62.5,True,0,0,0,0,458
D285_F07_V01,285,7,3,0.33333333333333331,0.5,0.41666666666666669,4,75,100,87.5,True,0,0,0,0,458
D285_F07_V01,285,7,3,0.33333333333333331,0.5,0.41666666666666669,5,100,125,112.5,False,0,0,0,0,458
D285_F07_V01,285,7,3,0.33333333333333331,0.5,0.41666666666666669,6,125,150,137.5,False,0,0,0,0,458
D285_F07_V01,285,7,3,0.33333333333333331,0.5,0.41666666666666669,7,150,175,162.5,False,0,0,0,0,458
D285_F07_V01,285,7,3,0.33333333333333331,0.5,0.41666666666666669,8,175,200,187.5,False,0,0,0,0,458
D285_F07_V01,285,7,3,0.33333333333333331,0.5,0.41666666666666669,9,200,225,212.5,False,0,0,0,0,458
D285_F07_V01,285,7,3,0.33333333333333331,0.5,0.41666666666666669,10,225,250,237.5,False,0,0,0,0,458
D285_F07_V01,285,7,3,0.33333333333333331,0.5,0.41666666666666669,11,250,275,262.5,False,0,0,0,0,458
D285_F07_V01,285,7,3,0.33333333333333331,0.5,0.41666666666666669,12,275,300,287.5,False,0,0,0,0,458
D285_F07_V01,285,7,3,0.33333333333333331,0.5,0.41666666666666669,13,300,325,312.5,False,0,0,0,0,458
D285_F07_V01,285,7,3,0.33333333333333331,0.5,0.41666666666666669,14,325,350,337.5,False,0,0,0,0,458
D285_F07_V01,285,7,3,0.33333333333333331,0.5,0.41666666666666669,15,350,375,362.5,False,0,0,0,0,458
D285_F07_V01,285,7,3,0.33333333333333331,0.5,0.41666666666666669,16,375,400,387.5,False,0,0,0,0,458
D285_F07_V01,285,7,3,0.33333333333333331,0.5,0.41666666666666669,17,400,425,412.5,False,0,0,0,0,458
D285_F07_V01,285,7,3,0.33333333333333331,0.5,0.41666666666666669,18,425,450,437.5,False,0,0,0,0,458
D285_F07_V01,285,7,3,0.33333333333333331,0.5,0.41666666666666669,19,450,475,462.5,False,0,0,0,0,458
D285_F07_V01,285,7,3,0.33333333333333331,0.5,0.41666666666666669,20,475,500,487.5,False,0,0,0,0,458
D285_F07_V01,285,7,4,0.5,0.66666666666666663,0.58333333333333337,1,0,25,12.5,True,0,0,0,0,458
D285_F07_V01,285,7,4,0.5,0.66666666666666663,0.58333333333333337,2,25,50,37.5,True,0,0,0,0,458
D285_F07_V01,285,7,4,0.5,0.66666666666666663,0.58333333333333337,3,50,75,62.5,True,0,0,0,0,458
D285_F07_V01,285,7,4,0.5,0.66666666666666663,0.58333333333333337,4,75,100,87.5,True,0,0,0,0,458
D285_F07_V01,285,7,4,0.5,0.66666666666666663,0.58333333333333337,5,100,125,112.5,False,0,0,0,0,458
D285_F07_V01,285,7,4,0.5,0.66666666666666663,0.58333333333333337,6,125,150,137.5,False,0,0,0,0,458
D285_F07_V01,285,7,4,0.5,0.66666666666666663,0.58333333333333337,7,150,175,162.5,False,0,0,0,0,458
D285_F07_V01,285,7,4,0.5,0.66666666666666663,0.58333333333333337,8,175,200,187.5,False,0,0,0,0,458
D285_F07_V01,285,7,4,0.5,0.66666666666666663,0.58333333333333337,9,200,225,212.5,False,0,0,0,0,458
D285_F07_V01,285,7,4,0.5,0.66666666666666663,0.58333333333333337,10,225,250,237.5,False,0,0,0,0,458
D285_F07_V01,285,7,4,0.5,0.66666666666666663,0.58333333333333337,11,250,275,262.5,False,0,0,0,0,458
D285_F07_V01,285,7,4,0.5,0.66666666666666663,0.58333333333333337,12,275,300,287.5,False,0,0,0,0,458
D285_F07_V01,285,7,4,0.5,0.66666666666666663,0.58333333333333337,13,300,325,312.5,False,0,0,0,0,458
D285_F07_V01,285,7,4,0.5,0.66666666666666663,0.58333333333333337,14,325,350,337.5,False,0,0,0,0,458
D285_F07_V01,285,7,4,0.5,0.66666666666666663,0.58333333333333337,15,350,375,362.5,False,0,0,0,0,458
D285_F07_V01,285,7,4,0.5,0.66666666666666663,0.58333333333333337,16,375,400,387.5,False,0,0,0,0,458
D285_F07_V01,285,7,4,0.5,0.66666666666666663,0.58333333333333337,17,400,425,412.5,False,0,0,0,0,458
D285_F07_V01,285,7,4,0.5,0.66666666666666663,0.58333333333333337,18,425,450,437.5,False,0,0,0,0,458
D285_F07_V01,285,7,4,0.5,0.66666666666666663,0.58333333333333337,19,450,475,462.5,False,0,0,0,0,458
D285_F07_V01,285,7,4,0.5,0.66666666666666663,0.58333333333333337,20,475,500,487.5,False,0,0,0,0,458
D285_F07_V01,285,7,5,0.66666666666666663,0.83333333333333337,0.75,1,0,25,12.5,True,0,0,0,0,458
D285_F07_V01,285,7,5,0.66666666666666663,0.83333333333333337,0.75,2,25,50,37.5,True,0,0,0,0,458
D285_F07_V01,285,7,5,0.66666666666666663,0.83333333333333337,0.75,3,50,75,62.5,True,0,0,0,0,458
D285_F07_V01,285,7,5,0.66666666666666663,0.83333333333333337,0.75,4,75,100,87.5,True,0,0,0,0,458
D285_F07_V01,285,7,5,0.66666666666666663,0.83333333333333337,0.75,5,100,125,112.5,False,0,0,0,0,458
D285_F07_V01,285,7,5,0.66666666666666663,0.83333333333333337,0.75,6,125,150,137.5,False,0,0,0,0,458
D285_F07_V01,285,7,5,0.66666666666666663,0.83333333333333337,0.75,7,150,175,162.5,False,0,0,0,0,458
D285_F07_V01,285,7,5,0.66666666666666663,0.83333333333333337,0.75,8,175,200,187.5,False,0,0,0,0,458
D285_F07_V01,285,7,5,0.66666666666666663,0.83333333333333337,0.75,9,200,225,212.5,False,0,0,0,0,458
D285_F07_V01,285,7,5,0.66666666666666663,0.83333333333333337,0.75,10,225,250,237.5,False,0,0,0,0,458
D285_F07_V01,285,7,5,0.66666666666666663,0.83333333333333337,0.75,11,250,275,262.5,False,0,0,0,0,458
D285_F07_V01,285,7,5,0.66666666666666663,0.83333333333333337,0.75,12,275,300,287.5,False,0,0,0,0,458
D285_F07_V01,285,7,5,0.66666666666666663,0.83333333333333337,0.75,13,300,325,312.5,False,0,0,0,0,458
D285_F07_V01,285,7,5,0.66666666666666663,0.83333333333333337,0.75,14,325,350,337.5,False,0,0,0,0,458
D285_F07_V01,285,7,5,0.66666666666666663,0.83333333333333337,0.75,15,350,375,362.5,False,0,0,0,0,458
D285_F07_V01,285,7,5,0.66666666666666663,0.83333333333333337,0.75,16,375,400,387.5,False,0,0,0,0,458
D285_F07_V01,285,7,5,0.66666666666666663,0.83333333333333337,0.75,17,400,425,412.5,False,0,0,0,0,458
D285_F07_V01,285,7,5,0.66666666666666663,0.83333333333333337,0.75,18,425,450,437.5,False,0,0,0,0,458
D285_F07_V01,285,7,5,0.66666666666666663,0.83333333333333337,0.75,19,450,475,462.5,False,0,0,0,0,458
D285_F07_V01,285,7,5,0.66666666666666663,0.83333333333333337,0.75,20,475,500,487.5,False,0,0,0,0,458
D285_F07_V01,285,7,6,0.83333333333333337,1,0.91666666666666663,1,0,25,12.5,True,458,6,0.011406702858208127,0.011353719482862602,458
D285_F07_V01,285,7,6,0.83333333333333337,1,0.91666666666666663,2,25,50,37.5,True,0,0,0,0,458
D285_F07_V01,285,7,6,0.83333333333333337,1,0.91666666666666663,3,50,75,62.5,True,0,0,0,0,458
D285_F07_V01,285,7,6,0.83333333333333337,1,0.91666666666666663,4,75,100,87.5,True,0,0,0,0,458
D285_F07_V01,285,7,6,0.83333333333333337,1,0.91666666666666663,5,100,125,112.5,False,0,0,0,0,458
D285_F07_V01,285,7,6,0.83333333333333337,1,0.91666666666666663,6,125,150,137.5,False,0,0,0,0,458
D285_F07_V01,285,7,6,0.83333333333333337,1,0.91666666666666663,7,150,175,162.5,False,0,0,0,0,458
D285_F07_V01,285,7,6,0.83333333333333337,1,0.91666666666666663,8,175,200,187.5,False,0,0,0,0,458
D285_F07_V01,285,7,6,0.83333333333333337,1,0.91666666666666663,9,200,225,212.5,False,0,0,0,0,458
D285_F07_V01,285,7,6,0.83333333333333337,1,0.91666666666666663,10,225,250,237.5,False,0,0,0,0,458
D285_F07_V01,285,7,6,0.83333333333333337,1,0.91666666666666663,11,250,275,262.5,False,0,0,0,0,458
D285_F07_V01,285,7,6,0.83333333333333337,1,0.91666666666666663,12,275,300,287.5,False,0,0,0,0,458
D285_F07_V01,285,7,6,0.83333333333333337,1,0.91666666666666663,13,300,325,312.5,False,0,0,0,0,458
D285_F07_V01,285,7,6,0.83333333333333337,1,0.91666666666666663,14,325,350,337.5,False,0,0,0,0,458
D285_F07_V01,285,7,6,0.83333333333333337,1,0.91666666666666663,15,350,375,362.5,False,0,0,0,0,458
D285_F07_V01,285,7,6,0.83333333333333337,1,0.91666666666666663,16,375,400,387.5,False,0,0,0,0,458
D285_F07_V01,285,7,6,0.83333333333333337,1,0.91666666666666663,17,400,425,412.5,False,0,0,0,0,458
D285_F07_V01,285,7,6,0.83333333333333337,1,0.91666666666666663,18,425,450,437.5,False,0,0,0,0,458
D285_F07_V01,285,7,6,0.83333333333333337,1,0.91666666666666663,19,450,475,462.5,False,0,0,0,0,458
D285_F07_V01,285,7,6,0.83333333333333337,1,0.91666666666666663,20,475,500,487.5,False,0,0,0,0,458
D285_F10_V01,285,10,1,0,0.16666666666666666,0.083333333333333329,1,0,25,12.5,False,0,0,0,0,494
D285_F10_V01,285,10,1,0,0.16666666666666666,0.083333333333333329,2,25,50,37.5,False,0,0,0,0,494
D285_F10_V01,285,10,1,0,0.16666666666666666,0.083333333333333329,3,50,75,62.5,False,0,0,0,0,494
D285_F10_V01,285,10,1,0,0.16666666666666666,0.083333333333333329,4,75,100,87.5,False,0,0,0,0,494
D285_F10_V01,285,10,1,0,0.16666666666666666,0.083333333333333329,5,100,125,112.5,False,0,0,0,0,494
D285_F10_V01,285,10,1,0,0.16666666666666666,0.083333333333333329,6,125,150,137.5,False,0,0,0,0,494
D285_F10_V01,285,10,1,0,0.16666666666666666,0.083333333333333329,7,150,175,162.5,False,0,0,0,0,494
D285_F10_V01,285,10,1,0,0.16666666666666666,0.083333333333333329,8,175,200,187.5,False,0,0,0,0,494
D285_F10_V01,285,10,1,0,0.16666666666666666,0.083333333333333329,9,200,225,212.5,False,0,0,0,0,494
D285_F10_V01,285,10,1,0,0.16666666666666666,0.083333333333333329,10,225,250,237.5,False,0,0,0,0,494
D285_F10_V01,285,10,1,0,0.16666666666666666,0.083333333333333329,11,250,275,262.5,False,0,0,0,0,494
D285_F10_V01,285,10,1,0,0.16666666666666666,0.083333333333333329,12,275,300,287.5,False,0,0,0,0,494
D285_F10_V01,285,10,1,0,0.16666666666666666,0.083333333333333329,13,300,325,312.5,False,0,0,0,0,494
D285_F10_V01,285,10,1,0,0.16666666666666666,0.083333333333333329,14,325,350,337.5,False,0,0,0,0,494
D285_F10_V01,285,10,1,0,0.16666666666666666,0.083333333333333329,15,350,375,362.5,False,0,0,0,0,494
D285_F10_V01,285,10,1,0,0.16666666666666666,0.083333333333333329,16,375,400,387.5,False,0,0,0,0,494
D285_F10_V01,285,10,1,0,0.16666666666666666,0.083333333333333329,17,400,425,412.5,False,0,0,0,0,494
D285_F10_V01,285,10,1,0,0.16666666666666666,0.083333333333333329,18,425,450,437.5,False,0,0,0,0,494
D285_F10_V01,285,10,1,0,0.16666666666666666,0.083333333333333329,19,450,475,462.5,False,0,0,0,0,494
D285_F10_V01,285,10,1,0,0.16666666666666666,0.083333333333333329,20,475,500,487.5,False,0,0,0,0,494
D285_F10_V01,285,10,2,0.16666666666666666,0.33333333333333331,0.25,1,0,25,12.5,False,0,0,0,0,494
D285_F10_V01,285,10,2,0.16666666666666666,0.33333333333333331,0.25,2,25,50,37.5,False,0,0,0,0,494
D285_F10_V01,285,10,2,0.16666666666666666,0.33333333333333331,0.25,3,50,75,62.5,False,0,0,0,0,494
D285_F10_V01,285,10,2,0.16666666666666666,0.33333333333333331,0.25,4,75,100,87.5,False,0,0,0,0,494
D285_F10_V01,285,10,2,0.16666666666666666,0.33333333333333331,0.25,5,100,125,112.5,False,0,0,0,0,494
D285_F10_V01,285,10,2,0.16666666666666666,0.33333333333333331,0.25,6,125,150,137.5,False,0,0,0,0,494
D285_F10_V01,285,10,2,0.16666666666666666,0.33333333333333331,0.25,7,150,175,162.5,False,0,0,0,0,494
D285_F10_V01,285,10,2,0.16666666666666666,0.33333333333333331,0.25,8,175,200,187.5,False,0,0,0,0,494
D285_F10_V01,285,10,2,0.16666666666666666,0.33333333333333331,0.25,9,200,225,212.5,False,0,0,0,0,494
D285_F10_V01,285,10,2,0.16666666666666666,0.33333333333333331,0.25,10,225,250,237.5,False,0,0,0,0,494
D285_F10_V01,285,10,2,0.16666666666666666,0.33333333333333331,0.25,11,250,275,262.5,False,0,0,0,0,494
D285_F10_V01,285,10,2,0.16666666666666666,0.33333333333333331,0.25,12,275,300,287.5,False,0,0,0,0,494
D285_F10_V01,285,10,2,0.16666666666666666,0.33333333333333331,0.25,13,300,325,312.5,False,0,0,0,0,494
D285_F10_V01,285,10,2,0.16666666666666666,0.33333333333333331,0.25,14,325,350,337.5,False,0,0,0,0,494
D285_F10_V01,285,10,2,0.16666666666666666,0.33333333333333331,0.25,15,350,375,362.5,False,0,0,0,0,494
D285_F10_V01,285,10,2,0.16666666666666666,0.33333333333333331,0.25,16,375,400,387.5,False,0,0,0,0,494
D285_F10_V01,285,10,2,0.16666666666666666,0.33333333333333331,0.25,17,400,425,412.5,False,0,0,0,0,494
D285_F10_V01,285,10,2,0.16666666666666666,0.33333333333333331,0.25,18,425,450,437.5,False,0,0,0,0,494
D285_F10_V01,285,10,2,0.16666666666666666,0.33333333333333331,0.25,19,450,475,462.5,False,0,0,0,0,494
D285_F10_V01,285,10,2,0.16666666666666666,0.33333333333333331,0.25,20,475,500,487.5,False,0,0,0,0,494
D285_F10_V01,285,10,3,0.33333333333333331,0.5,0.41666666666666669,1,0,25,12.5,True,0,0,0,0,494
D285_F10_V01,285,10,3,0.33333333333333331,0.5,0.41666666666666669,2,25,50,37.5,True,0,0,0,0,494
D285_F10_V01,285,10,3,0.33333333333333331,0.5,0.41666666666666669,3,50,75,62.5,True,0,0,0,0,494
D285_F10_V01,285,10,3,0.33333333333333331,0.5,0.41666666666666669,4,75,100,87.5,True,0,0,0,0,494
D285_F10_V01,285,10,3,0.33333333333333331,0.5,0.41666666666666669,5,100,125,112.5,False,0,0,0,0,494
D285_F10_V01,285,10,3,0.33333333333333331,0.5,0.41666666666666669,6,125,150,137.5,False,0,0,0,0,494
D285_F10_V01,285,10,3,0.33333333333333331,0.5,0.41666666666666669,7,150,175,162.5,False,0,0,0,0,494
D285_F10_V01,285,10,3,0.33333333333333331,0.5,0.41666666666666669,8,175,200,187.5,False,0,0,0,0,494
D285_F10_V01,285,10,3,0.33333333333333331,0.5,0.41666666666666669,9,200,225,212.5,False,0,0,0,0,494
D285_F10_V01,285,10,3,0.33333333333333331,0.5,0.41666666666666669,10,225,250,237.5,False,0,0,0,0,494
D285_F10_V01,285,10,3,0.33333333333333331,0.5,0.41666666666666669,11,250,275,262.5,False,0,0,0,0,494
D285_F10_V01,285,10,3,0.33333333333333331,0.5,0.41666666666666669,12,275,300,287.5,False,0,0,0,0,494
D285_F10_V01,285,10,3,0.33333333333333331,0.5,0.41666666666666669,13,300,325,312.5,False,0,0,0,0,494
D285_F10_V01,285,10,3,0.33333333333333331,0.5,0.41666666666666669,14,325,350,337.5,False,0,0,0,0,494
D285_F10_V01,285,10,3,0.33333333333333331,0.5,0.41666666666666669,15,350,375,362.5,False,0,0,0,0,494
D285_F10_V01,285,10,3,0.33333333333333331,0.5,0.41666666666666669,16,375,400,387.5,False,0,0,0,0,494
D285_F10_V01,285,10,3,0.33333333333333331,0.5,0.41666666666666669,17,400,425,412.5,False,0,0,0,0,494
D285_F10_V01,285,10,3,0.33333333333333331,0.5,0.41666666666666669,18,425,450,437.5,False,0,0,0,0,494
D285_F10_V01,285,10,3,0.33333333333333331,0.5,0.41666666666666669,19,450,475,462.5,False,0,0,0,0,494
D285_F10_V01,285,10,3,0.33333333333333331,0.5,0.41666666666666669,20,475,500,487.5,False,0,0,0,0,494
D285_F10_V01,285,10,4,0.5,0.66666666666666663,0.58333333333333337,1,0,25,12.5,True,0,0,0,0,494
D285_F10_V01,285,10,4,0.5,0.66666666666666663,0.58333333333333337,2,25,50,37.5,True,0,0,0,0,494
D285_F10_V01,285,10,4,0.5,0.66666666666666663,0.58333333333333337,3,50,75,62.5,True,0,0,0,0,494
D285_F10_V01,285,10,4,0.5,0.66666666666666663,0.58333333333333337,4,75,100,87.5,True,0,0,0,0,494
D285_F10_V01,285,10,4,0.5,0.66666666666666663,0.58333333333333337,5,100,125,112.5,False,0,0,0,0,494
D285_F10_V01,285,10,4,0.5,0.66666666666666663,0.58333333333333337,6,125,150,137.5,False,0,0,0,0,494
D285_F10_V01,285,10,4,0.5,0.66666666666666663,0.58333333333333337,7,150,175,162.5,False,0,0,0,0,494
D285_F10_V01,285,10,4,0.5,0.66666666666666663,0.58333333333333337,8,175,200,187.5,False,0,0,0,0,494
D285_F10_V01,285,10,4,0.5,0.66666666666666663,0.58333333333333337,9,200,225,212.5,False,0,0,0,0,494
D285_F10_V01,285,10,4,0.5,0.66666666666666663,0.58333333333333337,10,225,250,237.5,False,0,0,0,0,494
D285_F10_V01,285,10,4,0.5,0.66666666666666663,0.58333333333333337,11,250,275,262.5,False,0,0,0,0,494
D285_F10_V01,285,10,4,0.5,0.66666666666666663,0.58333333333333337,12,275,300,287.5,False,0,0,0,0,494
D285_F10_V01,285,10,4,0.5,0.66666666666666663,0.58333333333333337,13,300,325,312.5,False,0,0,0,0,494
D285_F10_V01,285,10,4,0.5,0.66666666666666663,0.58333333333333337,14,325,350,337.5,False,0,0,0,0,494
D285_F10_V01,285,10,4,0.5,0.66666666666666663,0.58333333333333337,15,350,375,362.5,False,0,0,0,0,494
D285_F10_V01,285,10,4,0.5,0.66666666666666663,0.58333333333333337,16,375,400,387.5,False,0,0,0,0,494
D285_F10_V01,285,10,4,0.5,0.66666666666666663,0.58333333333333337,17,400,425,412.5,False,0,0,0,0,494
D285_F10_V01,285,10,4,0.5,0.66666666666666663,0.58333333333333337,18,425,450,437.5,False,0,0,0,0,494
D285_F10_V01,285,10,4,0.5,0.66666666666666663,0.58333333333333337,19,450,475,462.5,False,0,0,0,0,494
D285_F10_V01,285,10,4,0.5,0.66666666666666663,0.58333333333333337,20,475,500,487.5,False,0,0,0,0,494
D285_F10_V01,285,10,5,0.66666666666666663,0.83333333333333337,0.75,1,0,25,12.5,True,0,0,0,0,494
D285_F10_V01,285,10,5,0.66666666666666663,0.83333333333333337,0.75,2,25,50,37.5,True,0,0,0,0,494
D285_F10_V01,285,10,5,0.66666666666666663,0.83333333333333337,0.75,3,50,75,62.5,True,0,0,0,0,494
D285_F10_V01,285,10,5,0.66666666666666663,0.83333333333333337,0.75,4,75,100,87.5,True,0,0,0,0,494
D285_F10_V01,285,10,5,0.66666666666666663,0.83333333333333337,0.75,5,100,125,112.5,False,0,0,0,0,494
D285_F10_V01,285,10,5,0.66666666666666663,0.83333333333333337,0.75,6,125,150,137.5,False,0,0,0,0,494
D285_F10_V01,285,10,5,0.66666666666666663,0.83333333333333337,0.75,7,150,175,162.5,False,0,0,0,0,494
D285_F10_V01,285,10,5,0.66666666666666663,0.83333333333333337,0.75,8,175,200,187.5,False,0,0,0,0,494
D285_F10_V01,285,10,5,0.66666666666666663,0.83333333333333337,0.75,9,200,225,212.5,False,0,0,0,0,494
D285_F10_V01,285,10,5,0.66666666666666663,0.83333333333333337,0.75,10,225,250,237.5,False,0,0,0,0,494
D285_F10_V01,285,10,5,0.66666666666666663,0.83333333333333337,0.75,11,250,275,262.5,False,0,0,0,0,494
D285_F10_V01,285,10,5,0.66666666666666663,0.83333333333333337,0.75,12,275,300,287.5,False,0,0,0,0,494
D285_F10_V01,285,10,5,0.66666666666666663,0.83333333333333337,0.75,13,300,325,312.5,False,0,0,0,0,494
D285_F10_V01,285,10,5,0.66666666666666663,0.83333333333333337,0.75,14,325,350,337.5,False,0,0,0,0,494
D285_F10_V01,285,10,5,0.66666666666666663,0.83333333333333337,0.75,15,350,375,362.5,False,0,0,0,0,494
D285_F10_V01,285,10,5,0.66666666666666663,0.83333333333333337,0.75,16,375,400,387.5,False,0,0,0,0,494
D285_F10_V01,285,10,5,0.66666666666666663,0.83333333333333337,0.75,17,400,425,412.5,False,0,0,0,0,494
D285_F10_V01,285,10,5,0.66666666666666663,0.83333333333333337,0.75,18,425,450,437.5,False,0,0,0,0,494
D285_F10_V01,285,10,5,0.66666666666666663,0.83333333333333337,0.75,19,450,475,462.5,False,0,0,0,0,494
D285_F10_V01,285,10,5,0.66666666666666663,0.83333333333333337,0.75,20,475,500,487.5,False,0,0,0,0,494
D285_F10_V01,285,10,6,0.83333333333333337,1,0.91666666666666663,1,0,25,12.5,True,494,6,0.011406563978413713,0.011354138769100656,494
D285_F10_V01,285,10,6,0.83333333333333337,1,0.91666666666666663,2,25,50,37.5,True,0,0,0,0,494
D285_F10_V01,285,10,6,0.83333333333333337,1,0.91666666666666663,3,50,75,62.5,True,0,0,0,0,494
D285_F10_V01,285,10,6,0.83333333333333337,1,0.91666666666666663,4,75,100,87.5,True,0,0,0,0,494
D285_F10_V01,285,10,6,0.83333333333333337,1,0.91666666666666663,5,100,125,112.5,False,0,0,0,0,494
D285_F10_V01,285,10,6,0.83333333333333337,1,0.91666666666666663,6,125,150,137.5,False,0,0,0,0,494
D285_F10_V01,285,10,6,0.83333333333333337,1,0.91666666666666663,7,150,175,162.5,False,0,0,0,0,494
D285_F10_V01,285,10,6,0.83333333333333337,1,0.91666666666666663,8,175,200,187.5,False,0,0,0,0,494
D285_F10_V01,285,10,6,0.83333333333333337,1,0.91666666666666663,9,200,225,212.5,False,0,0,0,0,494
D285_F10_V01,285,10,6,0.83333333333333337,1,0.91666666666666663,10,225,250,237.5,False,0,0,0,0,494
D285_F10_V01,285,10,6,0.83333333333333337,1,0.91666666666666663,11,250,275,262.5,False,0,0,0,0,494
D285_F10_V01,285,10,6,0.83333333333333337,1,0.91666666666666663,12,275,300,287.5,False,0,0,0,0,494
D285_F10_V01,285,10,6,0.83333333333333337,1,0.91666666666666663,13,300,325,312.5,False,0,0,0,0,494
D285_F10_V01,285,10,6,0.83333333333333337,1,0.91666666666666663,14,325,350,337.5,False,0,0,0,0,494
D285_F10_V01,285,10,6,0.83333333333333337,1,0.91666666666666663,15,350,375,362.5,False,0,0,0,0,494
D285_F10_V01,285,10,6,0.83333333333333337,1,0.91666666666666663,16,375,400,387.5,False,0,0,0,0,494
D285_F10_V01,285,10,6,0.83333333333333337,1,0.91666666666666663,17,400,425,412.5,False,0,0,0,0,494
D285_F10_V01,285,10,6,0.83333333333333337,1,0.91666666666666663,18,425,450,437.5,False,0,0,0,0,494
D285_F10_V01,285,10,6,0.83333333333333337,1,0.91666666666666663,19,450,475,462.5,False,0,0,0,0,494
D285_F10_V01,285,10,6,0.83333333333333337,1,0.91666666666666663,20,475,500,487.5,False,0,0,0,0,494
