source_bin,tail_bin,u_lo,u_hi,u_mid,tail_lo_um,tail_hi_um,tail_mid_um,eta_lo,eta_hi,eta_mid,scan_id,diameter_um,flow_mm_s,grid_scope,coordinate,source_bins,mode,metric,control,rho,n_pairs,control_design_rank
1,1,0,0.16666666666666666,0.083333333333333329,0,25,12.5,0,0.1953125,0.09765625,D128_F01_V01,128,1,common_grid,absolute,6,detrended_51,mean,x1_ztop,0.153221180245244,486,3
1,2,0,0.16666666666666666,0.083333333333333329,25,50,37.5,0.1953125,0.390625,0.29296875,D128_F01_V01,128,1,common_grid,absolute,6,detrended_51,mean,x1_ztop,0.14032787753627363,486,3
1,3,0,0.16666666666666666,0.083333333333333329,50,75,62.5,0.390625,0.5859375,0.48828125,D128_F01_V01,128,1,common_grid,absolute,6,detrended_51,mean,x1_ztop,0.028523868066371104,486,3
1,4,0,0.16666666666666666,0.083333333333333329,75,100,87.5,0.5859375,0.78125,0.68359375,D128_F01_V01,128,1,common_grid,absolute,6,detrended_51,mean,x1_ztop,0.00013147349111473222,486,3
1,5,0,0.16666666666666666,0.083333333333333329,100,125,112.5,0.78125,0.9765625,0.87890625,D128_F01_V01,128,1,common_grid,absolute,6,detrended_51,mean,x1_ztop,0.062050069859268697,486,3
1,6,0,0.16666666666666666,0.083333333333333329,125,150,137.5,0.9765625,1.171875,1.07421875,D128_F01_V01,128,1,common_grid,absolute,6,detrended_51,mean,x1_ztop,0.075488081172910212,486,3
1,7,0,0.16666666666666666,0.083333333333333329,150,175,162.5,1.171875,1.3671875,1.26953125,D128_F01_V01,128,1,common_grid,absolute,6,detrended_51,mean,x1_ztop,0.094917712186719225,486,3
1,8,0,0.16666666666666666,0.083333333333333329,175,200,187.5,1.3671875,1.5625,1.46484375,D128_F01_V01,128,1,common_grid,absolute,6,detrended_51,mean,x1_ztop,0.14185548268217543,486,3
1,9,0,0.16666666666666666,0.083333333333333329,200,225,212.5,1.5625,1.7578125,1.66015625,D128_F01_V01,128,1,common_grid,absolute,6,detrended_51,mean,x1_ztop,0.058724964541530256,486,3
1,10,0,0.16666666666666666,0.083333333333333329,225,250,237.5,1.7578125,1.953125,1.85546875,D128_F01_V01,128,1,common_grid,absolute,6,detrended_51,mean,x1_ztop,0.089110027514451462,486,3
1,11,0,0.16666666666666666,0.083333333333333329,250,275,262.5,1.953125,2.1484375,2.05078125,D128_F01_V01,128,1,common_grid,absolute,6,detrended_51,mean,x1_ztop,0.018221430052316245,486,3
1,12,0,0.16666666666666666,0.083333333333333329,275,300,287.5,2.1484375,2.34375,2.24609375,D128_F01_V01,128,1,common_grid,absolute,6,detrended_51,mean,x1_ztop,0.075740532555099715,486,3
1,13,0,0.16666666666666666,0.083333333333333329,300,325,312.5,2.34375,2.5390625,2.44140625,D128_F01_V01,128,1,common_grid,absolute,6,detrended_51,mean,x1_ztop,0.023969737506953383,486,3
1,14,0,0.16666666666666666,0.083333333333333329,325,350,337.5,2.5390625,2.734375,2.63671875,D128_F01_V01,128,1,common_grid,absolute,6,detrended_51,mean,x1_ztop,0.038203798485197185,486,3
1,15,0,0.16666666666666666,0.083333333333333329,350,375,362.5,2.734375,2.9296875,2.83203125,D128_F01_V01,128,1,common_grid,absolute,6,detrended_51,mean,x1_ztop,0.048741506337275614,486,3
1,16,0,0.16666666666666666,0.083333333333333329,375,400,387.5,2.9296875,3.125,3.02734375,D128_F01_V01,128,1,common_grid,absolute,6,detrended_51,mean,x1_ztop,0.027995578557591425,486,3
1,17,0,0.16666666666666666,0.083333333333333329,400,425,412.5,3.125,3.3203125,3.22265625,D128_F01_V01,128,1,common_grid,absolute,6,detrended_51,mean,x1_ztop,0.029519787872683226,486,3
1,18,0,0.16666666666666666,0.083333333333333329,425,450,437.5,3.3203125,3.515625,3.41796875,D128_F01_V01,128,1,common_grid,absolute,6,detrended_51,mean,x1_ztop,0.010645175338882894,486,3
1,19,0,0.16666666666666666,0.083333333333333329,450,475,462.5,3.515625,3.7109375,3.61328125,D128_F01_V01,128,1,common_grid,absolute,6,detrended_51,mean,x1_ztop,-0.029649555834607062,486,3
1,20,0,0.16666666666666666,0.083333333333333329,475,500,487.5,3.7109375,3.90625,3.80859375,D128_F01_V01,128,1,common_grid,absolute,6,detrended_51,mean,x1_ztop,0.067567476486362674,486,3
2,1,0.16666666666666666,0.33333333333333331,0.25,0,25,12.5,0,0.1953125,0.09765625,D128_F01_V01,128,1,common_grid,absolute,6,detrended_51,mean,x1_ztop,0.24429777167970135,486,3
2,2,0.16666666666666666,0.33333333333333331,0.25,25,50,37.5,0.1953125,0.390625,0.29296875,D128_F01_V01,128,1,common_grid,absolute,6,detrended_51,mean,x1_ztop,0.2697798243362371,486,3
2,3,0.16666666666666666,0.33333333333333331,0.25,50,75,62.5,0.390625,0.5859375,0.48828125,D128_F01_V01,128,1,common_grid,absolute,6,detrended_51,mean,x1_ztop,0.090615300158775475,486,3
2,4,0.16666666666666666,0.33333333333333331,0.25,75,100,87.5,0.5859375,0.78125,0.68359375,D128_F01_V01,128,1,common_grid,absolute,6,detrended_51,mean,x1_ztop,0.12671157024496571,486,3
2,5,0.16666666666666666,0.33333333333333331,0.25,100,125,112.5,0.78125,0.9765625,0.87890625,D128_F01_V01,128,1,common_grid,absolute,6,detrended_51,mean,x1_ztop,0.13346398684141408,486,3
2,6,0.16666666666666666,0.33333333333333331,0.25,125,150,137.5,0.9765625,1.171875,1.07421875,D128_F01_V01,128,1,common_grid,absolute,6,detrended_51,mean,x1_ztop,0.094987415885029722,486,3
2,7,0.16666666666666666,0.33333333333333331,0.25,150,175,162.5,1.171875,1.3671875,1.26953125,D128_F01_V01,128,1,common_grid,absolute,6,detrended_51,mean,x1_ztop,0.10837975258686894,486,3
2,8,0.16666666666666666,0.33333333333333331,0.25,175,200,187.5,1.3671875,1.5625,1.46484375,D128_F01_V01,128,1,common_grid,absolute,6,detrended_51,mean,x1_ztop,0.12209161013821102,486,3
2,9,0.16666666666666666,0.33333333333333331,0.25,200,225,212.5,1.5625,1.7578125,1.66015625,D128_F01_V01,128,1,common_grid,absolute,6,detrended_51,mean,x1_ztop,0.1097188958282771,486,3
2,10,0.16666666666666666,0.33333333333333331,0.25,225,250,237.5,1.7578125,1.953125,1.85546875,D128_F01_V01,128,1,common_grid,absolute,6,detrended_51,mean,x1_ztop,0.073416587100279623,486,3
2,11,0.16666666666666666,0.33333333333333331,0.25,250,275,262.5,1.953125,2.1484375,2.05078125,D128_F01_V01,128,1,common_grid,absolute,6,detrended_51,mean,x1_ztop,0.17414817850930092,486,3
2,12,0.16666666666666666,0.33333333333333331,0.25,275,300,287.5,2.1484375,2.34375,2.24609375,D128_F01_V01,128,1,common_grid,absolute,6,detrended_51,mean,x1_ztop,0.13330201203813546,486,3
2,13,0.16666666666666666,0.33333333333333331,0.25,300,325,312.5,2.34375,2.5390625,2.44140625,D128_F01_V01,128,1,common_grid,absolute,6,detrended_51,mean,x1_ztop,0.020569482947001616,486,3
2,14,0.16666666666666666,0.33333333333333331,0.25,325,350,337.5,2.5390625,2.734375,2.63671875,D128_F01_V01,128,1,common_grid,absolute,6,detrended_51,mean,x1_ztop,0.014394528577784827,486,3
2,15,0.16666666666666666,0.33333333333333331,0.25,350,375,362.5,2.734375,2.9296875,2.83203125,D128_F01_V01,128,1,common_grid,absolute,6,detrended_51,mean,x1_ztop,-0.0049784172655381875,486,3
2,16,0.16666666666666666,0.33333333333333331,0.25,375,400,387.5,2.9296875,3.125,3.02734375,D128_F01_V01,128,1,common_grid,absolute,6,detrended_51,mean,x1_ztop,0.065498931935099425,486,3
2,17,0.16666666666666666,0.33333333333333331,0.25,400,425,412.5,3.125,3.3203125,3.22265625,D128_F01_V01,128,1,common_grid,absolute,6,detrended_51,mean,x1_ztop,0.055663107284127905,486,3
2,18,0.16666666666666666,0.33333333333333331,0.25,425,450,437.5,3.3203125,3.515625,3.41796875,D128_F01_V01,128,1,common_grid,absolute,6,detrended_51,mean,x1_ztop,0.12468126760424555,486,3
2,19,0.16666666666666666,0.33333333333333331,0.25,450,475,462.5,3.515625,3.7109375,3.61328125,D128_F01_V01,128,1,common_grid,absolute,6,detrended_51,mean,x1_ztop,0.005647489207709494,486,3
2,20,0.16666666666666666,0.33333333333333331,0.25,475,500,487.5,3.7109375,3.90625,3.80859375,D128_F01_V01,128,1,common_grid,absolute,6,detrended_51,mean,x1_ztop,-0.024130565603861509,486,3
3,1,0.33333333333333331,0.5,0.41666666666666669,0,25,12.5,0,0.1953125,0.09765625,D128_F01_V01,128,1,common_grid,absolute,6,detrended_51,mean,x1_ztop,0.28226540775904452,486,3
3,2,0.33333333333333331,0.5,0.41666666666666669,25,50,37.5,0.1953125,0.390625,0.29296875,D128_F01_V01,128,1,common_grid,absolute,6,detrended_51,mean,x1_ztop,0.3397590687145508,486,3
3,3,0.33333333333333331,0.5,0.41666666666666669,50,75,62.5,0.390625,0.5859375,0.48828125,D128_F01_V01,128,1,common_grid,absolute,6,detrended_51,mean,x1_ztop,0.11138444320942052,486,3
3,4,0.33333333333333331,0.5,0.41666666666666669,75,100,87.5,0.5859375,0.78125,0.68359375,D128_F01_V01,128,1,common_grid,absolute,6,detrended_51,mean,x1_ztop,0.16855511867590933,486,3
3,5,0.33333333333333331,0.5,0.41666666666666669,100,125,112.5,0.78125,0.9765625,0.87890625,D128_F01_V01,128,1,common_grid,absolute,6,detrended_51,mean,x1_ztop,0.22844328008153919,486,3
3,6,0.33333333333333331,0.5,0.41666666666666669,125,150,137.5,0.9765625,1.171875,1.07421875,D128_F01_V01,128,1,common_grid,absolute,6,detrended_51,mean,x1_ztop,0.17138768471331961,486,3
3,7,0.33333333333333331,0.5,0.41666666666666669,150,175,162.5,1.171875,1.3671875,1.26953125,D128_F01_V01,128,1,common_grid,absolute,6,detrended_51,mean,x1_ztop,0.17393771309998998,486,3
3,8,0.33333333333333331,0.5,0.41666666666666669,175,200,187.5,1.3671875,1.5625,1.46484375,D128_F01_V01,128,1,common_grid,absolute,6,detrended_51,mean,x1_ztop,0.097783689251886824,486,3
3,9,0.33333333333333331,0.5,0.41666666666666669,200,225,212.5,1.5625,1.7578125,1.66015625,D128_F01_V01,128,1,common_grid,absolute,6,detrended_51,mean,x1_ztop,0.11724572253520379,486,3
3,10,0.33333333333333331,0.5,0.41666666666666669,225,250,237.5,1.7578125,1.953125,1.85546875,D128_F01_V01,128,1,common_grid,absolute,6,detrended_51,mean,x1_ztop,0.10717895739129021,486,3
3,11,0.33333333333333331,0.5,0.41666666666666669,250,275,262.5,1.953125,2.1484375,2.05078125,D128_F01_V01,128,1,common_grid,absolute,6,detrended_51,mean,x1_ztop,0.1826106497720667,486,3
3,12,0.33333333333333331,0.5,0.41666666666666669,275,300,287.5,2.1484375,2.34375,2.24609375,D128_F01_V01,128,1,common_grid,absolute,6,detrended_51,mean,x1_ztop,0.16463416711022635,486,3
3,13,0.33333333333333331,0.5,0.41666666666666669,300,325,312.5,2.34375,2.5390625,2.44140625,D128_F01_V01,128,1,common_grid,absolute,6,detrended_51,mean,x1_ztop,0.0068290750019720627,486,3
3,14,0.33333333333333331,0.5,0.41666666666666669,325,350,337.5,2.5390625,2.734375,2.63671875,D128_F01_V01,128,1,common_grid,absolute,6,detrended_51,mean,x1_ztop,0.098217311335127344,486,3
3,15,0.33333333333333331,0.5,0.41666666666666669,350,375,362.5,2.734375,2.9296875,2.83203125,D128_F01_V01,128,1,common_grid,absolute,6,detrended_51,mean,x1_ztop,0.060628991366023378,486,3
3,16,0.33333333333333331,0.5,0.41666666666666669,375,400,387.5,2.9296875,3.125,3.02734375,D128_F01_V01,128,1,common_grid,absolute,6,detrended_51,mean,x1_ztop,0.069326734768440784,486,3
3,17,0.33333333333333331,0.5,0.41666666666666669,400,425,412.5,3.125,3.3203125,3.22265625,D128_F01_V01,128,1,common_grid,absolute,6,detrended_51,mean,x1_ztop,0.059004240256652643,486,3
3,18,0.33333333333333331,0.5,0.41666666666666669,425,450,437.5,3.3203125,3.515625,3.41796875,D128_F01_V01,128,1,common_grid,absolute,6,detrended_51,mean,x1_ztop,0.053874946463437302,486,3
3,19,0.33333333333333331,0.5,0.41666666666666669,450,475,462.5,3.515625,3.7109375,3.61328125,D128_F01_V01,128,1,common_grid,absolute,6,detrended_51,mean,x1_ztop,0.035702422575643974,486,3
3,20,0.33333333333333331,0.5,0.41666666666666669,475,500,487.5,3.7109375,3.90625,3.80859375,D128_F01_V01,128,1,common_grid,absolute,6,detrended_51,mean,x1_ztop,-0.062546728893210821,486,3
4,1,0.5,0.66666666666666663,0.58333333333333337,0,25,12.5,0,0.1953125,0.09765625,D128_F01_V01,128,1,common_grid,absolute,6,detrended_51,mean,x1_ztop,0.18013193248614578,486,3
4,2,0.5,0.66666666666666663,0.58333333333333337,25,50,37.5,0.1953125,0.390625,0.29296875,D128_F01_V01,128,1,common_grid,absolute,6,detrended_51,mean,x1_ztop,0.16591696589681984,486,3
4,3,0.5,0.66666666666666663,0.58333333333333337,50,75,62.5,0.390625,0.5859375,0.48828125,D128_F01_V01,128,1,common_grid,absolute,6,detrended_51,mean,x1_ztop,0.14600520112940985,486,3
4,4,0.5,0.66666666666666663,0.58333333333333337,75,100,87.5,0.5859375,0.78125,0.68359375,D128_F01_V01,128,1,common_grid,absolute,6,detrended_51,mean,x1_ztop,0.12634865631044273,486,3
4,5,0.5,0.66666666666666663,0.58333333333333337,100,125,112.5,0.78125,0.9765625,0.87890625,D128_F01_V01,128,1,common_grid,absolute,6,detrended_51,mean,x1_ztop,0.13331510235351263,486,3
4,6,0.5,0.66666666666666663,0.58333333333333337,125,150,137.5,0.9765625,1.171875,1.07421875,D128_F01_V01,128,1,common_grid,absolute,6,detrended_51,mean,x1_ztop,0.081846412415916836,486,3
4,7,0.5,0.66666666666666663,0.58333333333333337,150,175,162.5,1.171875,1.3671875,1.26953125,D128_F01_V01,128,1,common_grid,absolute,6,detrended_51,mean,x1_ztop,0.059232349194610665,486,3
4,8,0.5,0.66666666666666663,0.58333333333333337,175,200,187.5,1.3671875,1.5625,1.46484375,D128_F01_V01,128,1,common_grid,absolute,6,detrended_51,mean,x1_ztop,0.054493236874818475,486,3
4,9,0.5,0.66666666666666663,0.58333333333333337,200,225,212.5,1.5625,1.7578125,1.66015625,D128_F01_V01,128,1,common_grid,absolute,6,detrended_51,mean,x1_ztop,0.046161377598309267,486,3
4,10,0.5,0.66666666666666663,0.58333333333333337,225,250,237.5,1.7578125,1.953125,1.85546875,D128_F01_V01,128,1,common_grid,absolute,6,detrended_51,mean,x1_ztop,0.09537089492682059,486,3
4,11,0.5,0.66666666666666663,0.58333333333333337,250,275,262.5,1.953125,2.1484375,2.05078125,D128_F01_V01,128,1,common_grid,absolute,6,detrended_51,mean,x1_ztop,0.1002326237060886,486,3
4,12,0.5,0.66666666666666663,0.58333333333333337,275,300,287.5,2.1484375,2.34375,2.24609375,D128_F01_V01,128,1,common_grid,absolute,6,detrended_51,mean,x1_ztop,0.084592454045447851,486,3
4,13,0.5,0.66666666666666663,0.58333333333333337,300,325,312.5,2.34375,2.5390625,2.44140625,D128_F01_V01,128,1,common_grid,absolute,6,detrended_51,mean,x1_ztop,-0.0065288095953354233,486,3
4,14,0.5,0.66666666666666663,0.58333333333333337,325,350,337.5,2.5390625,2.734375,2.63671875,D128_F01_V01,128,1,common_grid,absolute,6,detrended_51,mean,x1_ztop,0.084432529915399165,486,3
4,15,0.5,0.66666666666666663,0.58333333333333337,350,375,362.5,2.734375,2.9296875,2.83203125,D128_F01_V01,128,1,common_grid,absolute,6,detrended_51,mean,x1_ztop,-0.0008202619525252558,486,3
4,16,0.5,0.66666666666666663,0.58333333333333337,375,400,387.5,2.9296875,3.125,3.02734375,D128_F01_V01,128,1,common_grid,absolute,6,detrended_51,mean,x1_ztop,0.064625397961221714,486,3
4,17,0.5,0.66666666666666663,0.58333333333333337,400,425,412.5,3.125,3.3203125,3.22265625,D128_F01_V01,128,1,common_grid,absolute,6,detrended_51,mean,x1_ztop,0.027545888432993292,486,3
4,18,0.5,0.66666666666666663,0.58333333333333337,425,450,437.5,3.3203125,3.515625,3.41796875,D128_F01_V01,128,1,common_grid,absolute,6,detrended_51,mean,x1_ztop,0.050067519108921439,486,3
4,19,0.5,0.66666666666666663,0.58333333333333337,450,475,462.5,3.515625,3.7109375,3.61328125,D128_F01_V01,128,1,common_grid,absolute,6,detrended_51,mean,x1_ztop,-0.0028043731462008108,486,3
4,20,0.5,0.66666666666666663,0.58333333333333337,475,500,487.5,3.7109375,3.90625,3.80859375,D128_F01_V01,128,1,common_grid,absolute,6,detrended_51,mean,x1_ztop,-0.027147694258449925,486,3
5,1,0.66666666666666663,0.83333333333333337,0.75,0,25,12.5,0,0.1953125,0.09765625,D128_F01_V01,128,1,common_grid,absolute,6,detrended_51,mean,x1_ztop,0.19549204842967649,486,3
5,2,0.66666666666666663,0.83333333333333337,0.75,25,50,37.5,0.1953125,0.390625,0.29296875,D128_F01_V01,128,1,common_grid,absolute,6,detrended_51,mean,x1_ztop,0.16915915566923917,486,3
5,3,0.66666666666666663,0.83333333333333337,0.75,50,75,62.5,0.390625,0.5859375,0.48828125,D128_F01_V01,128,1,common_grid,absolute,6,detrended_51,mean,x1_ztop,0.13624890740485901,486,3
5,4,0.66666666666666663,0.83333333333333337,0.75,75,100,87.5,0.5859375,0.78125,0.68359375,D128_F01_V01,128,1,common_grid,absolute,6,detrended_51,mean,x1_ztop,0.10335140289362714,486,3
5,5,0.66666666666666663,0.83333333333333337,0.75,100,125,112.5,0.78125,0.9765625,0.87890625,D128_F01_V01,128,1,common_grid,absolute,6,detrended_51,mean,x1_ztop,0.15019185323916448,486,3
5,6,0.66666666666666663,0.83333333333333337,0.75,125,150,137.5,0.9765625,1.171875,1.07421875,D128_F01_V01,128,1,common_grid,absolute,6,detrended_51,mean,x1_ztop,0.11877016356662741,486,3
5,7,0.66666666666666663,0.83333333333333337,0.75,150,175,162.5,1.171875,1.3671875,1.26953125,D128_F01_V01,128,1,common_grid,absolute,6,detrended_51,mean,x1_ztop,0.082058336126058215,486,3
5,8,0.66666666666666663,0.83333333333333337,0.75,175,200,187.5,1.3671875,1.5625,1.46484375,D128_F01_V01,128,1,common_grid,absolute,6,detrended_51,mean,x1_ztop,0.10293116142975624,486,3
5,9,0.66666666666666663,0.83333333333333337,0.75,200,225,212.5,1.5625,1.7578125,1.66015625,D128_F01_V01,128,1,common_grid,absolute,6,detrended_51,mean,x1_ztop,0.088333429649183837,486,3
5,10,0.66666666666666663,0.83333333333333337,0.75,225,250,237.5,1.7578125,1.953125,1.85546875,D128_F01_V01,128,1,common_grid,absolute,6,detrended_51,mean,x1_ztop,0.09660599433465622,486,3
5,11,0.66666666666666663,0.83333333333333337,0.75,250,275,262.5,1.953125,2.1484375,2.05078125,D128_F01_V01,128,1,common_grid,absolute,6,detrended_51,mean,x1_ztop,0.011811278524154183,486,3
5,12,0.66666666666666663,0.83333333333333337,0.75,275,300,287.5,2.1484375,2.34375,2.24609375,D128_F01_V01,128,1,common_grid,absolute,6,detrended_51,mean,x1_ztop,0.099033031838694163,486,3
5,13,0.66666666666666663,0.83333333333333337,0.75,300,325,312.5,2.34375,2.5390625,2.44140625,D128_F01_V01,128,1,common_grid,absolute,6,detrended_51,mean,x1_ztop,0.079015029633947229,486,3
5,14,0.66666666666666663,0.83333333333333337,0.75,325,350,337.5,2.5390625,2.734375,2.63671875,D128_F01_V01,128,1,common_grid,absolute,6,detrended_51,mean,x1_ztop,0.047835918123897585,486,3
5,15,0.66666666666666663,0.83333333333333337,0.75,350,375,362.5,2.734375,2.9296875,2.83203125,D128_F01_V01,128,1,common_grid,absolute,6,detrended_51,mean,x1_ztop,-0.018629595922301172,486,3
5,16,0.66666666666666663,0.83333333333333337,0.75,375,400,387.5,2.9296875,3.125,3.02734375,D128_F01_V01,128,1,common_grid,absolute,6,detrended_51,mean,x1_ztop,0.059402659702451024,486,3
5,17,0.66666666666666663,0.83333333333333337,0.75,400,425,412.5,3.125,3.3203125,3.22265625,D128_F01_V01,128,1,common_grid,absolute,6,detrended_51,mean,x1_ztop,-0.02228102975522922,486,3
5,18,0.66666666666666663,0.83333333333333337,0.75,425,450,437.5,3.3203125,3.515625,3.41796875,D128_F01_V01,128,1,common_grid,absolute,6,detrended_51,mean,x1_ztop,0.018845539268067785,486,3
5,19,0.66666666666666663,0.83333333333333337,0.75,450,475,462.5,3.515625,3.7109375,3.61328125,D128_F01_V01,128,1,common_grid,absolute,6,detrended_51,mean,x1_ztop,0.065726313630280531,486,3
5,20,0.66666666666666663,0.83333333333333337,0.75,475,500,487.5,3.7109375,3.90625,3.80859375,D128_F01_V01,128,1,common_grid,absolute,6,detrended_51,mean,x1_ztop,-0.00035772893616112245,486,3
6,1,0.83333333333333337,1,0.91666666666666663,0,25,12.5,0,0.1953125,0.09765625,D128_F01_V01,128,1,common_grid,absolute,6,detrended_51,mean,x1_ztop,0.26751117718052653,486,3
6,2,0.83333333333333337,1,0.91666666666666663,25,50,37.5,0.1953125,0.390625,0.29296875,D128_F01_V01,128,1,common_grid,absolute,6,detrended_51,mean,x1_ztop,0.14813003890804932,486,3
6,3,0.83333333333333337,1,0.91666666666666663,50,75,62.5,0.390625,0.5859375,0.48828125,D128_F01_V01,128,1,common_grid,absolute,6,detrended_51,mean,x1_ztop,0.063651301289561146,486,3
6,4,0.83333333333333337,1,0.91666666666666663,75,100,87.5,0.5859375,0.78125,0.68359375,D128_F01_V01,128,1,common_grid,absolute,6,detrended_51,mean,x1_ztop,0.046905720167342423,486,3
6,5,0.83333333333333337,1,0.91666666666666663,100,125,112.5,0.78125,0.9765625,0.87890625,D128_F01_V01,128,1,common_grid,absolute,6,detrended_51,mean,x1_ztop,0.10083571639258396,486,3
6,6,0.83333333333333337,1,0.91666666666666663,125,150,137.5,0.9765625,1.171875,1.07421875,D128_F01_V01,128,1,common_grid,absolute,6,detrended_51,mean,x1_ztop,0.12814908758844504,486,3
6,7,0.83333333333333337,1,0.91666666666666663,150,175,162.5,1.171875,1.3671875,1.26953125,D128_F01_V01,128,1,common_grid,absolute,6,detrended_51,mean,x1_ztop,0.081692746600843635,486,3
6,8,0.83333333333333337,1,0.91666666666666663,175,200,187.5,1.3671875,1.5625,1.46484375,D128_F01_V01,128,1,common_grid,absolute,6,detrended_51,mean,x1_ztop,0.10267069125803503,486,3
6,9,0.83333333333333337,1,0.91666666666666663,200,225,212.5,1.5625,1.7578125,1.66015625,D128_F01_V01,128,1,common_grid,absolute,6,detrended_51,mean,x1_ztop,0.10572754589336945,486,3
6,10,0.83333333333333337,1,0.91666666666666663,225,250,237.5,1.7578125,1.953125,1.85546875,D128_F01_V01,128,1,common_grid,absolute,6,detrended_51,mean,x1_ztop,0.064199405689577299,486,3
6,11,0.83333333333333337,1,0.91666666666666663,250,275,262.5,1.953125,2.1484375,2.05078125,D128_F01_V01,128,1,common_grid,absolute,6,detrended_51,mean,x1_ztop,0.069555493324912607,486,3
6,12,0.83333333333333337,1,0.91666666666666663,275,300,287.5,2.1484375,2.34375,2.24609375,D128_F01_V01,128,1,common_grid,absolute,6,detrended_51,mean,x1_ztop,0.054202452810136623,486,3
6,13,0.83333333333333337,1,0.91666666666666663,300,325,312.5,2.34375,2.5390625,2.44140625,D128_F01_V01,128,1,common_grid,absolute,6,detrended_51,mean,x1_ztop,0.075070213929043436,486,3
6,14,0.83333333333333337,1,0.91666666666666663,325,350,337.5,2.5390625,2.734375,2.63671875,D128_F01_V01,128,1,common_grid,absolute,6,detrended_51,mean,x1_ztop,0.065437357118932921,486,3
6,15,0.83333333333333337,1,0.91666666666666663,350,375,362.5,2.734375,2.9296875,2.83203125,D128_F01_V01,128,1,common_grid,absolute,6,detrended_51,mean,x1_ztop,0.086978831723860631,486,3
6,16,0.83333333333333337,1,0.91666666666666663,375,400,387.5,2.9296875,3.125,3.02734375,D128_F01_V01,128,1,common_grid,absolute,6,detrended_51,mean,x1_ztop,0.095561836153124663,486,3
6,17,0.83333333333333337,1,0.91666666666666663,400,425,412.5,3.125,3.3203125,3.22265625,D128_F01_V01,128,1,common_grid,absolute,6,detrended_51,mean,x1_ztop,0.036337461340387574,486,3
6,18,0.83333333333333337,1,0.91666666666666663,425,450,437.5,3.3203125,3.515625,3.41796875,D128_F01_V01,128,1,common_grid,absolute,6,detrended_51,mean,x1_ztop,-0.047974010512701823,486,3
6,19,0.83333333333333337,1,0.91666666666666663,450,475,462.5,3.515625,3.7109375,3.61328125,D128_F01_V01,128,1,common_grid,absolute,6,detrended_51,mean,x1_ztop,0.040884526084487838,486,3
6,20,0.83333333333333337,1,0.91666666666666663,475,500,487.5,3.7109375,3.90625,3.80859375,D128_F01_V01,128,1,common_grid,absolute,6,detrended_51,mean,x1_ztop,0.020513929919884297,486,3
1,1,0,0.16666666666666666,0.083333333333333329,0,25,12.5,0,0.1953125,0.09765625,D128_F03_V01,128,3,common_grid,absolute,6,detrended_51,mean,x1_ztop,0.098624470166795986,468,3
1,2,0,0.16666666666666666,0.083333333333333329,25,50,37.5,0.1953125,0.390625,0.29296875,D128_F03_V01,128,3,common_grid,absolute,6,detrended_51,mean,x1_ztop,0.099398907228069988,468,3
1,3,0,0.16666666666666666,0.083333333333333329,50,75,62.5,0.390625,0.5859375,0.48828125,D128_F03_V01,128,3,common_grid,absolute,6,detrended_51,mean,x1_ztop,0.054569761805805708,468,3
1,4,0,0.16666666666666666,0.083333333333333329,75,100,87.5,0.5859375,0.78125,0.68359375,D128_F03_V01,128,3,common_grid,absolute,6,detrended_51,mean,x1_ztop,0.13933325773011135,468,3
1,5,0,0.16666666666666666,0.083333333333333329,100,125,112.5,0.78125,0.9765625,0.87890625,D128_F03_V01,128,3,common_grid,absolute,6,detrended_51,mean,x1_ztop,0.009028200432027839,468,3
1,6,0,0.16666666666666666,0.083333333333333329,125,150,137.5,0.9765625,1.171875,1.07421875,D128_F03_V01,128,3,common_grid,absolute,6,detrended_51,mean,x1_ztop,0.044799195615807259,468,3
1,7,0,0.16666666666666666,0.083333333333333329,150,175,162.5,1.171875,1.3671875,1.26953125,D128_F03_V01,128,3,common_grid,absolute,6,detrended_51,mean,x1_ztop,0.023864209667394661,468,3
1,8,0,0.16666666666666666,0.083333333333333329,175,200,187.5,1.3671875,1.5625,1.46484375,D128_F03_V01,128,3,common_grid,absolute,6,detrended_51,mean,x1_ztop,0.061928592282405444,468,3
1,9,0,0.16666666666666666,0.083333333333333329,200,225,212.5,1.5625,1.7578125,1.66015625,D128_F03_V01,128,3,common_grid,absolute,6,detrended_51,mean,x1_ztop,0.023762979490724753,468,3
1,10,0,0.16666666666666666,0.083333333333333329,225,250,237.5,1.7578125,1.953125,1.85546875,D128_F03_V01,128,3,common_grid,absolute,6,detrended_51,mean,x1_ztop,0.11976446485171952,468,3
1,11,0,0.16666666666666666,0.083333333333333329,250,275,262.5,1.953125,2.1484375,2.05078125,D128_F03_V01,128,3,common_grid,absolute,6,detrended_51,mean,x1_ztop,0.025546074802871237,468,3
1,12,0,0.16666666666666666,0.083333333333333329,275,300,287.5,2.1484375,2.34375,2.24609375,D128_F03_V01,128,3,common_grid,absolute,6,detrended_51,mean,x1_ztop,-0.072689770006231072,468,3
1,13,0,0.16666666666666666,0.083333333333333329,300,325,312.5,2.34375,2.5390625,2.44140625,D128_F03_V01,128,3,common_grid,absolute,6,detrended_51,mean,x1_ztop,0.12392377237613733,468,3
1,14,0,0.16666666666666666,0.083333333333333329,325,350,337.5,2.5390625,2.734375,2.63671875,D128_F03_V01,128,3,common_grid,absolute,6,detrended_51,mean,x1_ztop,0.017969686491739703,468,3
1,15,0,0.16666666666666666,0.083333333333333329,350,375,362.5,2.734375,2.9296875,2.83203125,D128_F03_V01,128,3,common_grid,absolute,6,detrended_51,mean,x1_ztop,0.056009463890550767,468,3
1,16,0,0.16666666666666666,0.083333333333333329,375,400,387.5,2.9296875,3.125,3.02734375,D128_F03_V01,128,3,common_grid,absolute,6,detrended_51,mean,x1_ztop,0.06225996912112948,468,3
1,17,0,0.16666666666666666,0.083333333333333329,400,425,412.5,3.125,3.3203125,3.22265625,D128_F03_V01,128,3,common_grid,absolute,6,detrended_51,mean,x1_ztop,0.035599951540995982,468,3
1,18,0,0.16666666666666666,0.083333333333333329,425,450,437.5,3.3203125,3.515625,3.41796875,D128_F03_V01,128,3,common_grid,absolute,6,detrended_51,mean,x1_ztop,0.080750880746485704,468,3
1,19,0,0.16666666666666666,0.083333333333333329,450,475,462.5,3.515625,3.7109375,3.61328125,D128_F03_V01,128,3,common_grid,absolute,6,detrended_51,mean,x1_ztop,-0.034045607331981365,468,3
1,20,0,0.16666666666666666,0.083333333333333329,475,500,487.5,3.7109375,3.90625,3.80859375,D128_F03_V01,128,3,common_grid,absolute,6,detrended_51,mean,x1_ztop,0.027921915412294235,468,3
2,1,0.16666666666666666,0.33333333333333331,0.25,0,25,12.5,0,0.1953125,0.09765625,D128_F03_V01,128,3,common_grid,absolute,6,detrended_51,mean,x1_ztop,0.17073619902420278,468,3
2,2,0.16666666666666666,0.33333333333333331,0.25,25,50,37.5,0.1953125,0.390625,0.29296875,D128_F03_V01,128,3,common_grid,absolute,6,detrended_51,mean,x1_ztop,0.20067436969133567,468,3
2,3,0.16666666666666666,0.33333333333333331,0.25,50,75,62.5,0.390625,0.5859375,0.48828125,D128_F03_V01,128,3,common_grid,absolute,6,detrended_51,mean,x1_ztop,0.17501437792680352,468,3
2,4,0.16666666666666666,0.33333333333333331,0.25,75,100,87.5,0.5859375,0.78125,0.68359375,D128_F03_V01,128,3,common_grid,absolute,6,detrended_51,mean,x1_ztop,0.17198631451144622,468,3
2,5,0.16666666666666666,0.33333333333333331,0.25,100,125,112.5,0.78125,0.9765625,0.87890625,D128_F03_V01,128,3,common_grid,absolute,6,detrended_51,mean,x1_ztop,0.097450038937929431,468,3
2,6,0.16666666666666666,0.33333333333333331,0.25,125,150,137.5,0.9765625,1.171875,1.07421875,D128_F03_V01,128,3,common_grid,absolute,6,detrended_51,mean,x1_ztop,0.17272869033745877,468,3
2,7,0.16666666666666666,0.33333333333333331,0.25,150,175,162.5,1.171875,1.3671875,1.26953125,D128_F03_V01,128,3,common_grid,absolute,6,detrended_51,mean,x1_ztop,0.078345989452906245,468,3
2,8,0.16666666666666666,0.33333333333333331,0.25,175,200,187.5,1.3671875,1.5625,1.46484375,D128_F03_V01,128,3,common_grid,absolute,6,detrended_51,mean,x1_ztop,0.032695585463985044,468,3
2,9,0.16666666666666666,0.33333333333333331,0.25,200,225,212.5,1.5625,1.7578125,1.66015625,D128_F03_V01,128,3,common_grid,absolute,6,detrended_51,mean,x1_ztop,0.096573303190568574,468,3
2,10,0.16666666666666666,0.33333333333333331,0.25,225,250,237.5,1.7578125,1.953125,1.85546875,D128_F03_V01,128,3,common_grid,absolute,6,detrended_51,mean,x1_ztop,0.05865895614025101,468,3
2,11,0.16666666666666666,0.33333333333333331,0.25,250,275,262.5,1.953125,2.1484375,2.05078125,D128_F03_V01,128,3,common_grid,absolute,6,detrended_51,mean,x1_ztop,0.0058465627228967663,468,3
2,12,0.16666666666666666,0.33333333333333331,0.25,275,300,287.5,2.1484375,2.34375,2.24609375,D128_F03_V01,128,3,common_grid,absolute,6,detrended_51,mean,x1_ztop,0.10235660613518771,468,3
2,13,0.16666666666666666,0.33333333333333331,0.25,300,325,312.5,2.34375,2.5390625,2.44140625,D128_F03_V01,128,3,common_grid,absolute,6,detrended_51,mean,x1_ztop,0.024688224783718377,468,3
2,14,0.16666666666666666,0.33333333333333331,0.25,325,350,337.5,2.5390625,2.734375,2.63671875,D128_F03_V01,128,3,common_grid,absolute,6,detrended_51,mean,x1_ztop,0.0067832678931541261,468,3
2,15,0.16666666666666666,0.33333333333333331,0.25,350,375,362.5,2.734375,2.9296875,2.83203125,D128_F03_V01,128,3,common_grid,absolute,6,detrended_51,mean,x1_ztop,-0.005968740234057331,468,3
2,16,0.16666666666666666,0.33333333333333331,0.25,375,400,387.5,2.9296875,3.125,3.02734375,D128_F03_V01,128,3,common_grid,absolute,6,detrended_51,mean,x1_ztop,0.10902685811486539,468,3
2,17,0.16666666666666666,0.33333333333333331,0.25,400,425,412.5,3.125,3.3203125,3.22265625,D128_F03_V01,128,3,common_grid,absolute,6,detrended_51,mean,x1_ztop,-0.010837832851902089,468,3
2,18,0.16666666666666666,0.33333333333333331,0.25,425,450,437.5,3.3203125,3.515625,3.41796875,D128_F03_V01,128,3,common_grid,absolute,6,detrended_51,mean,x1_ztop,0.097405391620195111,468,3
2,19,0.16666666666666666,0.33333333333333331,0.25,450,475,462.5,3.515625,3.7109375,3.61328125,D128_F03_V01,128,3,common_grid,absolute,6,detrended_51,mean,x1_ztop,-0.014604204764179438,468,3
2,20,0.16666666666666666,0.33333333333333331,0.25,475,500,487.5,3.7109375,3.90625,3.80859375,D128_F03_V01,128,3,common_grid,absolute,6,detrended_51,mean,x1_ztop,-0.039458390755140488,468,3
3,1,0.33333333333333331,0.5,0.41666666666666669,0,25,12.5,0,0.1953125,0.09765625,D128_F03_V01,128,3,common_grid,absolute,6,detrended_51,mean,x1_ztop,0.23444263931258019,468,3
3,2,0.33333333333333331,0.5,0.41666666666666669,25,50,37.5,0.1953125,0.390625,0.29296875,D128_F03_V01,128,3,common_grid,absolute,6,detrended_51,mean,x1_ztop,0.22781897933175077,468,3
3,3,0.33333333333333331,0.5,0.41666666666666669,50,75,62.5,0.390625,0.5859375,0.48828125,D128_F03_V01,128,3,common_grid,absolute,6,detrended_51,mean,x1_ztop,0.12543997038276988,468,3
3,4,0.33333333333333331,0.5,0.41666666666666669,75,100,87.5,0.5859375,0.78125,0.68359375,D128_F03_V01,128,3,common_grid,absolute,6,detrended_51,mean,x1_ztop,0.153244923843007,468,3
3,5,0.33333333333333331,0.5,0.41666666666666669,100,125,112.5,0.78125,0.9765625,0.87890625,D128_F03_V01,128,3,common_grid,absolute,6,detrended_51,mean,x1_ztop,0.14323931118516853,468,3
3,6,0.33333333333333331,0.5,0.41666666666666669,125,150,137.5,0.9765625,1.171875,1.07421875,D128_F03_V01,128,3,common_grid,absolute,6,detrended_51,mean,x1_ztop,0.16547416035410761,468,3
3,7,0.33333333333333331,0.5,0.41666666666666669,150,175,162.5,1.171875,1.3671875,1.26953125,D128_F03_V01,128,3,common_grid,absolute,6,detrended_51,mean,x1_ztop,0.091372796326674249,468,3
3,8,0.33333333333333331,0.5,0.41666666666666669,175,200,187.5,1.3671875,1.5625,1.46484375,D128_F03_V01,128,3,common_grid,absolute,6,detrended_51,mean,x1_ztop,0.11370855305175809,468,3
3,9,0.33333333333333331,0.5,0.41666666666666669,200,225,212.5,1.5625,1.7578125,1.66015625,D128_F03_V01,128,3,common_grid,absolute,6,detrended_51,mean,x1_ztop,0.016569387277127187,468,3
3,10,0.33333333333333331,0.5,0.41666666666666669,225,250,237.5,1.7578125,1.953125,1.85546875,D128_F03_V01,128,3,common_grid,absolute,6,detrended_51,mean,x1_ztop,0.082230101159562252,468,3
3,11,0.33333333333333331,0.5,0.41666666666666669,250,275,262.5,1.953125,2.1484375,2.05078125,D128_F03_V01,128,3,common_grid,absolute,6,detrended_51,mean,x1_ztop,-0.022659350519328263,468,3
3,12,0.33333333333333331,0.5,0.41666666666666669,275,300,287.5,2.1484375,2.34375,2.24609375,D128_F03_V01,128,3,common_grid,absolute,6,detrended_51,mean,x1_ztop,0.027674820279649244,468,3
3,13,0.33333333333333331,0.5,0.41666666666666669,300,325,312.5,2.34375,2.5390625,2.44140625,D128_F03_V01,128,3,common_grid,absolute,6,detrended_51,mean,x1_ztop,0.072539507208323029,468,3
3,14,0.33333333333333331,0.5,0.41666666666666669,325,350,337.5,2.5390625,2.734375,2.63671875,D128_F03_V01,128,3,common_grid,absolute,6,detrended_51,mean,x1_ztop,0.065766125350956009,468,3
3,15,0.33333333333333331,0.5,0.41666666666666669,350,375,362.5,2.734375,2.9296875,2.83203125,D128_F03_V01,128,3,common_grid,absolute,6,detrended_51,mean,x1_ztop,0.054918349824290565,468,3
3,16,0.33333333333333331,0.5,0.41666666666666669,375,400,387.5,2.9296875,3.125,3.02734375,D128_F03_V01,128,3,common_grid,absolute,6,detrended_51,mean,x1_ztop,0.013060574704415368,468,3
3,17,0.33333333333333331,0.5,0.41666666666666669,400,425,412.5,3.125,3.3203125,3.22265625,D128_F03_V01,128,3,common_grid,absolute,6,detrended_51,mean,x1_ztop,0.0032683036406676372,468,3
3,18,0.33333333333333331,0.5,0.41666666666666669,425,450,437.5,3.3203125,3.515625,3.41796875,D128_F03_V01,128,3,common_grid,absolute,6,detrended_51,mean,x1_ztop,0.096374777809782361,468,3
3,19,0.33333333333333331,0.5,0.41666666666666669,450,475,462.5,3.515625,3.7109375,3.61328125,D128_F03_V01,128,3,common_grid,absolute,6,detrended_51,mean,x1_ztop,0.058940429748628301,468,3
3,20,0.33333333333333331,0.5,0.41666666666666669,475,500,487.5,3.7109375,3.90625,3.80859375,D128_F03_V01,128,3,common_grid,absolute,6,detrended_51,mean,x1_ztop,-0.062254281276754593,468,3
4,1,0.5,0.66666666666666663,0.58333333333333337,0,25,12.5,0,0.1953125,0.09765625,D128_F03_V01,128,3,common_grid,absolute,6,detrended_51,mean,x1_ztop,0.22174242021186688,468,3
4,2,0.5,0.66666666666666663,0.58333333333333337,25,50,37.5,0.1953125,0.390625,0.29296875,D128_F03_V01,128,3,common_grid,absolute,6,detrended_51,mean,x1_ztop,0.21814907641809086,468,3
4,3,0.5,0.66666666666666663,0.58333333333333337,50,75,62.5,0.390625,0.5859375,0.48828125,D128_F03_V01,128,3,common_grid,absolute,6,detrended_51,mean,x1_ztop,0.10696608427109863,468,3
4,4,0.5,0.66666666666666663,0.58333333333333337,75,100,87.5,0.5859375,0.78125,0.68359375,D128_F03_V01,128,3,common_grid,absolute,6,detrended_51,mean,x1_ztop,0.11588706905799503,468,3
4,5,0.5,0.66666666666666663,0.58333333333333337,100,125,112.5,0.78125,0.9765625,0.87890625,D128_F03_V01,128,3,common_grid,absolute,6,detrended_51,mean,x1_ztop,0.061460318402404207,468,3
4,6,0.5,0.66666666666666663,0.58333333333333337,125,150,137.5,0.9765625,1.171875,1.07421875,D128_F03_V01,128,3,common_grid,absolute,6,detrended_51,mean,x1_ztop,0.13055713533368729,468,3
4,7,0.5,0.66666666666666663,0.58333333333333337,150,175,162.5,1.171875,1.3671875,1.26953125,D128_F03_V01,128,3,common_grid,absolute,6,detrended_51,mean,x1_ztop,0.13933780743470936,468,3
4,8,0.5,0.66666666666666663,0.58333333333333337,175,200,187.5,1.3671875,1.5625,1.46484375,D128_F03_V01,128,3,common_grid,absolute,6,detrended_51,mean,x1_ztop,-0.054071782270777372,468,3
4,9,0.5,0.66666666666666663,0.58333333333333337,200,225,212.5,1.5625,1.7578125,1.66015625,D128_F03_V01,128,3,common_grid,absolute,6,detrended_51,mean,x1_ztop,0.016227143590793948,468,3
4,10,0.5,0.66666666666666663,0.58333333333333337,225,250,237.5,1.7578125,1.953125,1.85546875,D128_F03_V01,128,3,common_grid,absolute,6,detrended_51,mean,x1_ztop,0.054124177046449222,468,3
4,11,0.5,0.66666666666666663,0.58333333333333337,250,275,262.5,1.953125,2.1484375,2.05078125,D128_F03_V01,128,3,common_grid,absolute,6,detrended_51,mean,x1_ztop,0.023431473479442903,468,3
4,12,0.5,0.66666666666666663,0.58333333333333337,275,300,287.5,2.1484375,2.34375,2.24609375,D128_F03_V01,128,3,common_grid,absolute,6,detrended_51,mean,x1_ztop,-0.014801754932381363,468,3
4,13,0.5,0.66666666666666663,0.58333333333333337,300,325,312.5,2.34375,2.5390625,2.44140625,D128_F03_V01,128,3,common_grid,absolute,6,detrended_51,mean,x1_ztop,0.03824816475183182,468,3
4,14,0.5,0.66666666666666663,0.58333333333333337,325,350,337.5,2.5390625,2.734375,2.63671875,D128_F03_V01,128,3,common_grid,absolute,6,detrended_51,mean,x1_ztop,0.10252105667004691,468,3
4,15,0.5,0.66666666666666663,0.58333333333333337,350,375,362.5,2.734375,2.9296875,2.83203125,D128_F03_V01,128,3,common_grid,absolute,6,detrended_51,mean,x1_ztop,0.062583600893779331,468,3
4,16,0.5,0.66666666666666663,0.58333333333333337,375,400,387.5,2.9296875,3.125,3.02734375,D128_F03_V01,128,3,common_grid,absolute,6,detrended_51,mean,x1_ztop,0.029792094245504178,468,3
4,17,0.5,0.66666666666666663,0.58333333333333337,400,425,412.5,3.125,3.3203125,3.22265625,D128_F03_V01,128,3,common_grid,absolute,6,detrended_51,mean,x1_ztop,0.025358714791526842,468,3
4,18,0.5,0.66666666666666663,0.58333333333333337,425,450,437.5,3.3203125,3.515625,3.41796875,D128_F03_V01,128,3,common_grid,absolute,6,detrended_51,mean,x1_ztop,0.035458048751275055,468,3
4,19,0.5,0.66666666666666663,0.58333333333333337,450,475,462.5,3.515625,3.7109375,3.61328125,D128_F03_V01,128,3,common_grid,absolute,6,detrended_51,mean,x1_ztop,0.001429407309066588,468,3
4,20,0.5,0.66666666666666663,0.58333333333333337,475,500,487.5,3.7109375,3.90625,3.80859375,D128_F03_V01,128,3,common_grid,absolute,6,detrended_51,mean,x1_ztop,-0.0066688801898720619,468,3
5,1,0.66666666666666663,0.83333333333333337,0.75,0,25,12.5,0,0.1953125,0.09765625,D128_F03_V01,128,3,common_grid,absolute,6,detrended_51,mean,x1_ztop,0.15801773122417245,468,3
5,2,0.66666666666666663,0.83333333333333337,0.75,25,50,37.5,0.1953125,0.390625,0.29296875,D128_F03_V01,128,3,common_grid,absolute,6,detrended_51,mean,x1_ztop,0.12511951641745472,468,3
5,3,0.66666666666666663,0.83333333333333337,0.75,50,75,62.5,0.390625,0.5859375,0.48828125,D128_F03_V01,128,3,common_grid,absolute,6,detrended_51,mean,x1_ztop,0.071886977806472865,468,3
5,4,0.66666666666666663,0.83333333333333337,0.75,75,100,87.5,0.5859375,0.78125,0.68359375,D128_F03_V01,128,3,common_grid,absolute,6,detrended_51,mean,x1_ztop,0.026266393924190896,468,3
5,5,0.66666666666666663,0.83333333333333337,0.75,100,125,112.5,0.78125,0.9765625,0.87890625,D128_F03_V01,128,3,common_grid,absolute,6,detrended_51,mean,x1_ztop,0.059360154337385361,468,3
5,6,0.66666666666666663,0.83333333333333337,0.75,125,150,137.5,0.9765625,1.171875,1.07421875,D128_F03_V01,128,3,common_grid,absolute,6,detrended_51,mean,x1_ztop,0.084673003441156983,468,3
5,7,0.66666666666666663,0.83333333333333337,0.75,150,175,162.5,1.171875,1.3671875,1.26953125,D128_F03_V01,128,3,common_grid,absolute,6,detrended_51,mean,x1_ztop,0.081731884375275621,468,3
5,8,0.66666666666666663,0.83333333333333337,0.75,175,200,187.5,1.3671875,1.5625,1.46484375,D128_F03_V01,128,3,common_grid,absolute,6,detrended_51,mean,x1_ztop,0.014248434975112486,468,3
5,9,0.66666666666666663,0.83333333333333337,0.75,200,225,212.5,1.5625,1.7578125,1.66015625,D128_F03_V01,128,3,common_grid,absolute,6,detrended_51,mean,x1_ztop,0.040052894453055959,468,3
5,10,0.66666666666666663,0.83333333333333337,0.75,225,250,237.5,1.7578125,1.953125,1.85546875,D128_F03_V01,128,3,common_grid,absolute,6,detrended_51,mean,x1_ztop,0.035972772539555303,468,3
5,11,0.66666666666666663,0.83333333333333337,0.75,250,275,262.5,1.953125,2.1484375,2.05078125,D128_F03_V01,128,3,common_grid,absolute,6,detrended_51,mean,x1_ztop,0.083572686345884439,468,3
5,12,0.66666666666666663,0.83333333333333337,0.75,275,300,287.5,2.1484375,2.34375,2.24609375,D128_F03_V01,128,3,common_grid,absolute,6,detrended_51,mean,x1_ztop,0.095960924728922287,468,3
5,13,0.66666666666666663,0.83333333333333337,0.75,300,325,312.5,2.34375,2.5390625,2.44140625,D128_F03_V01,128,3,common_grid,absolute,6,detrended_51,mean,x1_ztop,0.061283786883256683,468,3
5,14,0.66666666666666663,0.83333333333333337,0.75,325,350,337.5,2.5390625,2.734375,2.63671875,D128_F03_V01,128,3,common_grid,absolute,6,detrended_51,mean,x1_ztop,0.1045251208103124,468,3
5,15,0.66666666666666663,0.83333333333333337,0.75,350,375,362.5,2.734375,2.9296875,2.83203125,D128_F03_V01,128,3,common_grid,absolute,6,detrended_51,mean,x1_ztop,-0.0042491108223953709,468,3
5,16,0.66666666666666663,0.83333333333333337,0.75,375,400,387.5,2.9296875,3.125,3.02734375,D128_F03_V01,128,3,common_grid,absolute,6,detrended_51,mean,x1_ztop,0.056097780486854931,468,3
5,17,0.66666666666666663,0.83333333333333337,0.75,400,425,412.5,3.125,3.3203125,3.22265625,D128_F03_V01,128,3,common_grid,absolute,6,detrended_51,mean,x1_ztop,-0.0056458738597928715,468,3
5,18,0.66666666666666663,0.83333333333333337,0.75,425,450,437.5,3.3203125,3.515625,3.41796875,D128_F03_V01,128,3,common_grid,absolute,6,detrended_51,mean,x1_ztop,0.026358130845273785,468,3
5,19,0.66666666666666663,0.83333333333333337,0.75,450,475,462.5,3.515625,3.7109375,3.61328125,D128_F03_V01,128,3,common_grid,absolute,6,detrended_51,mean,x1_ztop,-0.038411719120395947,468,3
5,20,0.66666666666666663,0.83333333333333337,0.75,475,500,487.5,3.7109375,3.90625,3.80859375,D128_F03_V01,128,3,common_grid,absolute,6,detrended_51,mean,x1_ztop,0.013054987926912755,468,3
6,1,0.83333333333333337,1,0.91666666666666663,0,25,12.5,0,0.1953125,0.09765625,D128_F03_V01,128,3,common_grid,absolute,6,detrended_51,mean,x1_ztop,0.19071050323194627,468,3
6,2,0.83333333333333337,1,0.91666666666666663,25,50,37.5,0.1953125,0.390625,0.29296875,D128_F03_V01,128,3,common_grid,absolute,6,detrended_51,mean,x1_ztop,0.15617897021596205,468,3
6,3,0.83333333333333337,1,0.91666666666666663,50,75,62.5,0.390625,0.5859375,0.48828125,D128_F03_V01,128,3,common_grid,absolute,6,detrended_51,mean,x1_ztop,0.14140853508095913,468,3
6,4,0.83333333333333337,1,0.91666666666666663,75,100,87.5,0.5859375,0.78125,0.68359375,D128_F03_V01,128,3,common_grid,absolute,6,detrended_51,mean,x1_ztop,0.053187529789608626,468,3
6,5,0.83333333333333337,1,0.91666666666666663,100,125,112.5,0.78125,0.9765625,0.87890625,D128_F03_V01,128,3,common_grid,absolute,6,detrended_51,mean,x1_ztop,0.055112992336228461,468,3
6,6,0.83333333333333337,1,0.91666666666666663,125,150,137.5,0.9765625,1.171875,1.07421875,D128_F03_V01,128,3,common_grid,absolute,6,detrended_51,mean,x1_ztop,0.055852602041604658,468,3
6,7,0.83333333333333337,1,0.91666666666666663,150,175,162.5,1.171875,1.3671875,1.26953125,D128_F03_V01,128,3,common_grid,absolute,6,detrended_51,mean,x1_ztop,0.035351957836350506,468,3
6,8,0.83333333333333337,1,0.91666666666666663,175,200,187.5,1.3671875,1.5625,1.46484375,D128_F03_V01,128,3,common_grid,absolute,6,detrended_51,mean,x1_ztop,0.056284930197954955,468,3
6,9,0.83333333333333337,1,0.91666666666666663,200,225,212.5,1.5625,1.7578125,1.66015625,D128_F03_V01,128,3,common_grid,absolute,6,detrended_51,mean,x1_ztop,0.074962797513476634,468,3
6,10,0.83333333333333337,1,0.91666666666666663,225,250,237.5,1.7578125,1.953125,1.85546875,D128_F03_V01,128,3,common_grid,absolute,6,detrended_51,mean,x1_ztop,0.11632293440229102,468,3
6,11,0.83333333333333337,1,0.91666666666666663,250,275,262.5,1.953125,2.1484375,2.05078125,D128_F03_V01,128,3,common_grid,absolute,6,detrended_51,mean,x1_ztop,0.11244008685109108,468,3
6,12,0.83333333333333337,1,0.91666666666666663,275,300,287.5,2.1484375,2.34375,2.24609375,D128_F03_V01,128,3,common_grid,absolute,6,detrended_51,mean,x1_ztop,0.079933308276380829,468,3
6,13,0.83333333333333337,1,0.91666666666666663,300,325,312.5,2.34375,2.5390625,2.44140625,D128_F03_V01,128,3,common_grid,absolute,6,detrended_51,mean,x1_ztop,0.097405131048675264,468,3
6,14,0.83333333333333337,1,0.91666666666666663,325,350,337.5,2.5390625,2.734375,2.63671875,D128_F03_V01,128,3,common_grid,absolute,6,detrended_51,mean,x1_ztop,0.081798323040846346,468,3
6,15,0.83333333333333337,1,0.91666666666666663,350,375,362.5,2.734375,2.9296875,2.83203125,D128_F03_V01,128,3,common_grid,absolute,6,detrended_51,mean,x1_ztop,-0.011336867209670852,468,3
6,16,0.83333333333333337,1,0.91666666666666663,375,400,387.5,2.9296875,3.125,3.02734375,D128_F03_V01,128,3,common_grid,absolute,6,detrended_51,mean,x1_ztop,-0.015426916363301868,468,3
6,17,0.83333333333333337,1,0.91666666666666663,400,425,412.5,3.125,3.3203125,3.22265625,D128_F03_V01,128,3,common_grid,absolute,6,detrended_51,mean,x1_ztop,0.13055815812997362,468,3
6,18,0.83333333333333337,1,0.91666666666666663,425,450,437.5,3.3203125,3.515625,3.41796875,D128_F03_V01,128,3,common_grid,absolute,6,detrended_51,mean,x1_ztop,0.047814867687968804,468,3
6,19,0.83333333333333337,1,0.91666666666666663,450,475,462.5,3.515625,3.7109375,3.61328125,D128_F03_V01,128,3,common_grid,absolute,6,detrended_51,mean,x1_ztop,-0.0071219215186555237,468,3
6,20,0.83333333333333337,1,0.91666666666666663,475,500,487.5,3.7109375,3.90625,3.80859375,D128_F03_V01,128,3,common_grid,absolute,6,detrended_51,mean,x1_ztop,0.088843276812700947,468,3
1,1,0,0.16666666666666666,0.083333333333333329,0,25,12.5,0,0.1953125,0.09765625,D128_F05_V01,128,5,common_grid,absolute,6,detrended_51,mean,x1_ztop,0.085168716229269109,491,3
1,2,0,0.16666666666666666,0.083333333333333329,25,50,37.5,0.1953125,0.390625,0.29296875,D128_F05_V01,128,5,common_grid,absolute,6,detrended_51,mean,x1_ztop,0.10752836338335885,491,3
1,3,0,0.16666666666666666,0.083333333333333329,50,75,62.5,0.390625,0.5859375,0.48828125,D128_F05_V01,128,5,common_grid,absolute,6,detrended_51,mean,x1_ztop,0.0082816402987685653,491,3
1,4,0,0.16666666666666666,0.083333333333333329,75,100,87.5,0.5859375,0.78125,0.68359375,D128_F05_V01,128,5,common_grid,absolute,6,detrended_51,mean,x1_ztop,0.033083605147491084,491,3
1,5,0,0.16666666666666666,0.083333333333333329,100,125,112.5,0.78125,0.9765625,0.87890625,D128_F05_V01,128,5,common_grid,absolute,6,detrended_51,mean,x1_ztop,0.096489192375469185,491,3
1,6,0,0.16666666666666666,0.083333333333333329,125,150,137.5,0.9765625,1.171875,1.07421875,D128_F05_V01,128,5,common_grid,absolute,6,detrended_51,mean,x1_ztop,0.0614351383483248,491,3
1,7,0,0.16666666666666666,0.083333333333333329,150,175,162.5,1.171875,1.3671875,1.26953125,D128_F05_V01,128,5,common_grid,absolute,6,detrended_51,mean,x1_ztop,0.1072185314734502,491,3
1,8,0,0.16666666666666666,0.083333333333333329,175,200,187.5,1.3671875,1.5625,1.46484375,D128_F05_V01,128,5,common_grid,absolute,6,detrended_51,mean,x1_ztop,0.095696355634447172,491,3
1,9,0,0.16666666666666666,0.083333333333333329,200,225,212.5,1.5625,1.7578125,1.66015625,D128_F05_V01,128,5,common_grid,absolute,6,detrended_51,mean,x1_ztop,0.11924489155200858,491,3
1,10,0,0.16666666666666666,0.083333333333333329,225,250,237.5,1.7578125,1.953125,1.85546875,D128_F05_V01,128,5,common_grid,absolute,6,detrended_51,mean,x1_ztop,0.14246096873969111,491,3
1,11,0,0.16666666666666666,0.083333333333333329,250,275,262.5,1.953125,2.1484375,2.05078125,D128_F05_V01,128,5,common_grid,absolute,6,detrended_51,mean,x1_ztop,0.06015944293811968,491,3
1,12,0,0.16666666666666666,0.083333333333333329,275,300,287.5,2.1484375,2.34375,2.24609375,D128_F05_V01,128,5,common_grid,absolute,6,detrended_51,mean,x1_ztop,0.058260210498889575,491,3
1,13,0,0.16666666666666666,0.083333333333333329,300,325,312.5,2.34375,2.5390625,2.44140625,D128_F05_V01,128,5,common_grid,absolute,6,detrended_51,mean,x1_ztop,0.14017773623062538,491,3
1,14,0,0.16666666666666666,0.083333333333333329,325,350,337.5,2.5390625,2.734375,2.63671875,D128_F05_V01,128,5,common_grid,absolute,6,detrended_51,mean,x1_ztop,0.03055233533480789,491,3
1,15,0,0.16666666666666666,0.083333333333333329,350,375,362.5,2.734375,2.9296875,2.83203125,D128_F05_V01,128,5,common_grid,absolute,6,detrended_51,mean,x1_ztop,0.066192591768415937,491,3
1,16,0,0.16666666666666666,0.083333333333333329,375,400,387.5,2.9296875,3.125,3.02734375,D128_F05_V01,128,5,common_grid,absolute,6,detrended_51,mean,x1_ztop,0.0050722902727768325,491,3
1,17,0,0.16666666666666666,0.083333333333333329,400,425,412.5,3.125,3.3203125,3.22265625,D128_F05_V01,128,5,common_grid,absolute,6,detrended_51,mean,x1_ztop,0.065274255933040079,491,3
1,18,0,0.16666666666666666,0.083333333333333329,425,450,437.5,3.3203125,3.515625,3.41796875,D128_F05_V01,128,5,common_grid,absolute,6,detrended_51,mean,x1_ztop,-0.027411078617774903,491,3
1,19,0,0.16666666666666666,0.083333333333333329,450,475,462.5,3.515625,3.7109375,3.61328125,D128_F05_V01,128,5,common_grid,absolute,6,detrended_51,mean,x1_ztop,0.0079070575693937339,491,3
1,20,0,0.16666666666666666,0.083333333333333329,475,500,487.5,3.7109375,3.90625,3.80859375,D128_F05_V01,128,5,common_grid,absolute,6,detrended_51,mean,x1_ztop,0.006799070755750293,491,3
2,1,0.16666666666666666,0.33333333333333331,0.25,0,25,12.5,0,0.1953125,0.09765625,D128_F05_V01,128,5,common_grid,absolute,6,detrended_51,mean,x1_ztop,0.21790283221666359,491,3
2,2,0.16666666666666666,0.33333333333333331,0.25,25,50,37.5,0.1953125,0.390625,0.29296875,D128_F05_V01,128,5,common_grid,absolute,6,detrended_51,mean,x1_ztop,0.22393029504042231,491,3
2,3,0.16666666666666666,0.33333333333333331,0.25,50,75,62.5,0.390625,0.5859375,0.48828125,D128_F05_V01,128,5,common_grid,absolute,6,detrended_51,mean,x1_ztop,0.23697856081157176,491,3
2,4,0.16666666666666666,0.33333333333333331,0.25,75,100,87.5,0.5859375,0.78125,0.68359375,D128_F05_V01,128,5,common_grid,absolute,6,detrended_51,mean,x1_ztop,0.22333533219932,491,3
2,5,0.16666666666666666,0.33333333333333331,0.25,100,125,112.5,0.78125,0.9765625,0.87890625,D128_F05_V01,128,5,common_grid,absolute,6,detrended_51,mean,x1_ztop,0.19318314726067093,491,3
2,6,0.16666666666666666,0.33333333333333331,0.25,125,150,137.5,0.9765625,1.171875,1.07421875,D128_F05_V01,128,5,common_grid,absolute,6,detrended_51,mean,x1_ztop,0.21906044682065004,491,3
2,7,0.16666666666666666,0.33333333333333331,0.25,150,175,162.5,1.171875,1.3671875,1.26953125,D128_F05_V01,128,5,common_grid,absolute,6,detrended_51,mean,x1_ztop,0.1589221124444293,491,3
2,8,0.16666666666666666,0.33333333333333331,0.25,175,200,187.5,1.3671875,1.5625,1.46484375,D128_F05_V01,128,5,common_grid,absolute,6,detrended_51,mean,x1_ztop,0.14236417324797312,491,3
2,9,0.16666666666666666,0.33333333333333331,0.25,200,225,212.5,1.5625,1.7578125,1.66015625,D128_F05_V01,128,5,common_grid,absolute,6,detrended_51,mean,x1_ztop,0.13288386082083486,491,3
2,10,0.16666666666666666,0.33333333333333331,0.25,225,250,237.5,1.7578125,1.953125,1.85546875,D128_F05_V01,128,5,common_grid,absolute,6,detrended_51,mean,x1_ztop,0.10809282097041417,491,3
2,11,0.16666666666666666,0.33333333333333331,0.25,250,275,262.5,1.953125,2.1484375,2.05078125,D128_F05_V01,128,5,common_grid,absolute,6,detrended_51,mean,x1_ztop,0.12686484815866944,491,3
2,12,0.16666666666666666,0.33333333333333331,0.25,275,300,287.5,2.1484375,2.34375,2.24609375,D128_F05_V01,128,5,common_grid,absolute,6,detrended_51,mean,x1_ztop,0.13198489473214181,491,3
2,13,0.16666666666666666,0.33333333333333331,0.25,300,325,312.5,2.34375,2.5390625,2.44140625,D128_F05_V01,128,5,common_grid,absolute,6,detrended_51,mean,x1_ztop,0.0034027890833963539,491,3
2,14,0.16666666666666666,0.33333333333333331,0.25,325,350,337.5,2.5390625,2.734375,2.63671875,D128_F05_V01,128,5,common_grid,absolute,6,detrended_51,mean,x1_ztop,0.0086166819695108025,491,3
2,15,0.16666666666666666,0.33333333333333331,0.25,350,375,362.5,2.734375,2.9296875,2.83203125,D128_F05_V01,128,5,common_grid,absolute,6,detrended_51,mean,x1_ztop,0.038875682677742697,491,3
2,16,0.16666666666666666,0.33333333333333331,0.25,375,400,387.5,2.9296875,3.125,3.02734375,D128_F05_V01,128,5,common_grid,absolute,6,detrended_51,mean,x1_ztop,0.045220231605201389,491,3
2,17,0.16666666666666666,0.33333333333333331,0.25,400,425,412.5,3.125,3.3203125,3.22265625,D128_F05_V01,128,5,common_grid,absolute,6,detrended_51,mean,x1_ztop,0.042869700325084081,491,3
2,18,0.16666666666666666,0.33333333333333331,0.25,425,450,437.5,3.3203125,3.515625,3.41796875,D128_F05_V01,128,5,common_grid,absolute,6,detrended_51,mean,x1_ztop,0.070628837707781125,491,3
2,19,0.16666666666666666,0.33333333333333331,0.25,450,475,462.5,3.515625,3.7109375,3.61328125,D128_F05_V01,128,5,common_grid,absolute,6,detrended_51,mean,x1_ztop,0.060765588958228034,491,3
2,20,0.16666666666666666,0.33333333333333331,0.25,475,500,487.5,3.7109375,3.90625,3.80859375,D128_F05_V01,128,5,common_grid,absolute,6,detrended_51,mean,x1_ztop,0.035847921139515043,491,3
3,1,0.33333333333333331,0.5,0.41666666666666669,0,25,12.5,0,0.1953125,0.09765625,D128_F05_V01,128,5,common_grid,absolute,6,detrended_51,mean,x1_ztop,0.31102756601353154,491,3
3,2,0.33333333333333331,0.5,0.41666666666666669,25,50,37.5,0.1953125,0.390625,0.29296875,D128_F05_V01,128,5,common_grid,absolute,6,detrended_51,mean,x1_ztop,0.17985937665466156,491,3
3,3,0.33333333333333331,0.5,0.41666666666666669,50,75,62.5,0.390625,0.5859375,0.48828125,D128_F05_V01,128,5,common_grid,absolute,6,detrended_51,mean,x1_ztop,0.18471662985191079,491,3
3,4,0.33333333333333331,0.5,0.41666666666666669,75,100,87.5,0.5859375,0.78125,0.68359375,D128_F05_V01,128,5,common_grid,absolute,6,detrended_51,mean,x1_ztop,0.1724621529317111,491,3
3,5,0.33333333333333331,0.5,0.41666666666666669,100,125,112.5,0.78125,0.9765625,0.87890625,D128_F05_V01,128,5,common_grid,absolute,6,detrended_51,mean,x1_ztop,0.16549470209813794,491,3
3,6,0.33333333333333331,0.5,0.41666666666666669,125,150,137.5,0.9765625,1.171875,1.07421875,D128_F05_V01,128,5,common_grid,absolute,6,detrended_51,mean,x1_ztop,0.20105895581611721,491,3
3,7,0.33333333333333331,0.5,0.41666666666666669,150,175,162.5,1.171875,1.3671875,1.26953125,D128_F05_V01,128,5,common_grid,absolute,6,detrended_51,mean,x1_ztop,0.10870600201859053,491,3
3,8,0.33333333333333331,0.5,0.41666666666666669,175,200,187.5,1.3671875,1.5625,1.46484375,D128_F05_V01,128,5,common_grid,absolute,6,detrended_51,mean,x1_ztop,0.08248592280175554,491,3
3,9,0.33333333333333331,0.5,0.41666666666666669,200,225,212.5,1.5625,1.7578125,1.66015625,D128_F05_V01,128,5,common_grid,absolute,6,detrended_51,mean,x1_ztop,0.17447513681026483,491,3
3,10,0.33333333333333331,0.5,0.41666666666666669,225,250,237.5,1.7578125,1.953125,1.85546875,D128_F05_V01,128,5,common_grid,absolute,6,detrended_51,mean,x1_ztop,0.1274952953132619,491,3
3,11,0.33333333333333331,0.5,0.41666666666666669,250,275,262.5,1.953125,2.1484375,2.05078125,D128_F05_V01,128,5,common_grid,absolute,6,detrended_51,mean,x1_ztop,0.068681229709990382,491,3
3,12,0.33333333333333331,0.5,0.41666666666666669,275,300,287.5,2.1484375,2.34375,2.24609375,D128_F05_V01,128,5,common_grid,absolute,6,detrended_51,mean,x1_ztop,0.011018745231179515,491,3
3,13,0.33333333333333331,0.5,0.41666666666666669,300,325,312.5,2.34375,2.5390625,2.44140625,D128_F05_V01,128,5,common_grid,absolute,6,detrended_51,mean,x1_ztop,0.031765244040662714,491,3
3,14,0.33333333333333331,0.5,0.41666666666666669,325,350,337.5,2.5390625,2.734375,2.63671875,D128_F05_V01,128,5,common_grid,absolute,6,detrended_51,mean,x1_ztop,0.070489955051744282,491,3
3,15,0.33333333333333331,0.5,0.41666666666666669,350,375,362.5,2.734375,2.9296875,2.83203125,D128_F05_V01,128,5,common_grid,absolute,6,detrended_51,mean,x1_ztop,0.036131740239741285,491,3
3,16,0.33333333333333331,0.5,0.41666666666666669,375,400,387.5,2.9296875,3.125,3.02734375,D128_F05_V01,128,5,common_grid,absolute,6,detrended_51,mean,x1_ztop,0.05826768321940895,491,3
3,17,0.33333333333333331,0.5,0.41666666666666669,400,425,412.5,3.125,3.3203125,3.22265625,D128_F05_V01,128,5,common_grid,absolute,6,detrended_51,mean,x1_ztop,-0.0093920170086374752,491,3
3,18,0.33333333333333331,0.5,0.41666666666666669,425,450,437.5,3.3203125,3.515625,3.41796875,D128_F05_V01,128,5,common_grid,absolute,6,detrended_51,mean,x1_ztop,0.016382575634638578,491,3
3,19,0.33333333333333331,0.5,0.41666666666666669,450,475,462.5,3.515625,3.7109375,3.61328125,D128_F05_V01,128,5,common_grid,absolute,6,detrended_51,mean,x1_ztop,0.12416909560734767,491,3
3,20,0.33333333333333331,0.5,0.41666666666666669,475,500,487.5,3.7109375,3.90625,3.80859375,D128_F05_V01,128,5,common_grid,absolute,6,detrended_51,mean,x1_ztop,0.027556177703206446,491,3
4,1,0.5,0.66666666666666663,0.58333333333333337,0,25,12.5,0,0.1953125,0.09765625,D128_F05_V01,128,5,common_grid,absolute,6,detrended_51,mean,x1_ztop,0.2539057805623734,491,3
4,2,0.5,0.66666666666666663,0.58333333333333337,25,50,37.5,0.1953125,0.390625,0.29296875,D128_F05_V01,128,5,common_grid,absolute,6,detrended_51,mean,x1_ztop,0.098283109501646829,491,3
4,3,0.5,0.66666666666666663,0.58333333333333337,50,75,62.5,0.390625,0.5859375,0.48828125,D128_F05_V01,128,5,common_grid,absolute,6,detrended_51,mean,x1_ztop,0.10300002582356774,491,3
4,4,0.5,0.66666666666666663,0.58333333333333337,75,100,87.5,0.5859375,0.78125,0.68359375,D128_F05_V01,128,5,common_grid,absolute,6,detrended_51,mean,x1_ztop,0.11949033400409317,491,3
4,5,0.5,0.66666666666666663,0.58333333333333337,100,125,112.5,0.78125,0.9765625,0.87890625,D128_F05_V01,128,5,common_grid,absolute,6,detrended_51,mean,x1_ztop,0.13121870463676777,491,3
4,6,0.5,0.66666666666666663,0.58333333333333337,125,150,137.5,0.9765625,1.171875,1.07421875,D128_F05_V01,128,5,common_grid,absolute,6,detrended_51,mean,x1_ztop,0.067623909005808169,491,3
4,7,0.5,0.66666666666666663,0.58333333333333337,150,175,162.5,1.171875,1.3671875,1.26953125,D128_F05_V01,128,5,common_grid,absolute,6,detrended_51,mean,x1_ztop,0.047344397117640359,491,3
4,8,0.5,0.66666666666666663,0.58333333333333337,175,200,187.5,1.3671875,1.5625,1.46484375,D128_F05_V01,128,5,common_grid,absolute,6,detrended_51,mean,x1_ztop,0.060349989667262322,491,3
4,9,0.5,0.66666666666666663,0.58333333333333337,200,225,212.5,1.5625,1.7578125,1.66015625,D128_F05_V01,128,5,common_grid,absolute,6,detrended_51,mean,x1_ztop,0.19462123743420146,491,3
4,10,0.5,0.66666666666666663,0.58333333333333337,225,250,237.5,1.7578125,1.953125,1.85546875,D128_F05_V01,128,5,common_grid,absolute,6,detrended_51,mean,x1_ztop,0.061299088242344861,491,3
4,11,0.5,0.66666666666666663,0.58333333333333337,250,275,262.5,1.953125,2.1484375,2.05078125,D128_F05_V01,128,5,common_grid,absolute,6,detrended_51,mean,x1_ztop,0.12838989049500532,491,3
4,12,0.5,0.66666666666666663,0.58333333333333337,275,300,287.5,2.1484375,2.34375,2.24609375,D128_F05_V01,128,5,common_grid,absolute,6,detrended_51,mean,x1_ztop,0.014569235357771118,491,3
4,13,0.5,0.66666666666666663,0.58333333333333337,300,325,312.5,2.34375,2.5390625,2.44140625,D128_F05_V01,128,5,common_grid,absolute,6,detrended_51,mean,x1_ztop,0.088024318772499263,491,3
4,14,0.5,0.66666666666666663,0.58333333333333337,325,350,337.5,2.5390625,2.734375,2.63671875,D128_F05_V01,128,5,common_grid,absolute,6,detrended_51,mean,x1_ztop,0.08866658070440217,491,3
4,15,0.5,0.66666666666666663,0.58333333333333337,350,375,362.5,2.734375,2.9296875,2.83203125,D128_F05_V01,128,5,common_grid,absolute,6,detrended_51,mean,x1_ztop,0.022736532612141588,491,3
4,16,0.5,0.66666666666666663,0.58333333333333337,375,400,387.5,2.9296875,3.125,3.02734375,D128_F05_V01,128,5,common_grid,absolute,6,detrended_51,mean,x1_ztop,0.074538277641443426,491,3
4,17,0.5,0.66666666666666663,0.58333333333333337,400,425,412.5,3.125,3.3203125,3.22265625,D128_F05_V01,128,5,common_grid,absolute,6,detrended_51,mean,x1_ztop,0.086868103271810507,491,3
4,18,0.5,0.66666666666666663,0.58333333333333337,425,450,437.5,3.3203125,3.515625,3.41796875,D128_F05_V01,128,5,common_grid,absolute,6,detrended_51,mean,x1_ztop,0.015922501896234311,491,3
4,19,0.5,0.66666666666666663,0.58333333333333337,450,475,462.5,3.515625,3.7109375,3.61328125,D128_F05_V01,128,5,common_grid,absolute,6,detrended_51,mean,x1_ztop,0.094511953383073638,491,3
4,20,0.5,0.66666666666666663,0.58333333333333337,475,500,487.5,3.7109375,3.90625,3.80859375,D128_F05_V01,128,5,common_grid,absolute,6,detrended_51,mean,x1_ztop,0.019432200368487123,491,3
5,1,0.66666666666666663,0.83333333333333337,0.75,0,25,12.5,0,0.1953125,0.09765625,D128_F05_V01,128,5,common_grid,absolute,6,detrended_51,mean,x1_ztop,0.21957068798121912,491,3
5,2,0.66666666666666663,0.83333333333333337,0.75,25,50,37.5,0.1953125,0.390625,0.29296875,D128_F05_V01,128,5,common_grid,absolute,6,detrended_51,mean,x1_ztop,0.094897757684289569,491,3
5,3,0.66666666666666663,0.83333333333333337,0.75,50,75,62.5,0.390625,0.5859375,0.48828125,D128_F05_V01,128,5,common_grid,absolute,6,detrended_51,mean,x1_ztop,0.12243415079356322,491,3
5,4,0.66666666666666663,0.83333333333333337,0.75,75,100,87.5,0.5859375,0.78125,0.68359375,D128_F05_V01,128,5,common_grid,absolute,6,detrended_51,mean,x1_ztop,0.046452739956184715,491,3
5,5,0.66666666666666663,0.83333333333333337,0.75,100,125,112.5,0.78125,0.9765625,0.87890625,D128_F05_V01,128,5,common_grid,absolute,6,detrended_51,mean,x1_ztop,0.014752761047914261,491,3
5,6,0.66666666666666663,0.83333333333333337,0.75,125,150,137.5,0.9765625,1.171875,1.07421875,D128_F05_V01,128,5,common_grid,absolute,6,detrended_51,mean,x1_ztop,0.088516033302370761,491,3
5,7,0.66666666666666663,0.83333333333333337,0.75,150,175,162.5,1.171875,1.3671875,1.26953125,D128_F05_V01,128,5,common_grid,absolute,6,detrended_51,mean,x1_ztop,0.10539144692121123,491,3
5,8,0.66666666666666663,0.83333333333333337,0.75,175,200,187.5,1.3671875,1.5625,1.46484375,D128_F05_V01,128,5,common_grid,absolute,6,detrended_51,mean,x1_ztop,0.019699967758282051,491,3
5,9,0.66666666666666663,0.83333333333333337,0.75,200,225,212.5,1.5625,1.7578125,1.66015625,D128_F05_V01,128,5,common_grid,absolute,6,detrended_51,mean,x1_ztop,0.081868075210566951,491,3
5,10,0.66666666666666663,0.83333333333333337,0.75,225,250,237.5,1.7578125,1.953125,1.85546875,D128_F05_V01,128,5,common_grid,absolute,6,detrended_51,mean,x1_ztop,0.068392740011259029,491,3
5,11,0.66666666666666663,0.83333333333333337,0.75,250,275,262.5,1.953125,2.1484375,2.05078125,D128_F05_V01,128,5,common_grid,absolute,6,detrended_51,mean,x1_ztop,0.018449334058681315,491,3
5,12,0.66666666666666663,0.83333333333333337,0.75,275,300,287.5,2.1484375,2.34375,2.24609375,D128_F05_V01,128,5,common_grid,absolute,6,detrended_51,mean,x1_ztop,0.050404304549361387,491,3
5,13,0.66666666666666663,0.83333333333333337,0.75,300,325,312.5,2.34375,2.5390625,2.44140625,D128_F05_V01,128,5,common_grid,absolute,6,detrended_51,mean,x1_ztop,0.0025929224202418961,491,3
5,14,0.66666666666666663,0.83333333333333337,0.75,325,350,337.5,2.5390625,2.734375,2.63671875,D128_F05_V01,128,5,common_grid,absolute,6,detrended_51,mean,x1_ztop,0.04794450856790175,491,3
5,15,0.66666666666666663,0.83333333333333337,0.75,350,375,362.5,2.734375,2.9296875,2.83203125,D128_F05_V01,128,5,common_grid,absolute,6,detrended_51,mean,x1_ztop,0.014347255266580141,491,3
5,16,0.66666666666666663,0.83333333333333337,0.75,375,400,387.5,2.9296875,3.125,3.02734375,D128_F05_V01,128,5,common_grid,absolute,6,detrended_51,mean,x1_ztop,0.094335722337566874,491,3
5,17,0.66666666666666663,0.83333333333333337,0.75,400,425,412.5,3.125,3.3203125,3.22265625,D128_F05_V01,128,5,common_grid,absolute,6,detrended_51,mean,x1_ztop,-0.010195311895955024,491,3
5,18,0.66666666666666663,0.83333333333333337,0.75,425,450,437.5,3.3203125,3.515625,3.41796875,D128_F05_V01,128,5,common_grid,absolute,6,detrended_51,mean,x1_ztop,0.046490801837064347,491,3
5,19,0.66666666666666663,0.83333333333333337,0.75,450,475,462.5,3.515625,3.7109375,3.61328125,D128_F05_V01,128,5,common_grid,absolute,6,detrended_51,mean,x1_ztop,0.0076696181541731114,491,3
5,20,0.66666666666666663,0.83333333333333337,0.75,475,500,487.5,3.7109375,3.90625,3.80859375,D128_F05_V01,128,5,common_grid,absolute,6,detrended_51,mean,x1_ztop,0.058645931322818805,491,3
6,1,0.83333333333333337,1,0.91666666666666663,0,25,12.5,0,0.1953125,0.09765625,D128_F05_V01,128,5,common_grid,absolute,6,detrended_51,mean,x1_ztop,0.2557094654360807,491,3
6,2,0.83333333333333337,1,0.91666666666666663,25,50,37.5,0.1953125,0.390625,0.29296875,D128_F05_V01,128,5,common_grid,absolute,6,detrended_51,mean,x1_ztop,0.10322150066765617,491,3
6,3,0.83333333333333337,1,0.91666666666666663,50,75,62.5,0.390625,0.5859375,0.48828125,D128_F05_V01,128,5,common_grid,absolute,6,detrended_51,mean,x1_ztop,0.12890846223279398,491,3
6,4,0.83333333333333337,1,0.91666666666666663,75,100,87.5,0.5859375,0.78125,0.68359375,D128_F05_V01,128,5,common_grid,absolute,6,detrended_51,mean,x1_ztop,0.027458241770174304,491,3
6,5,0.83333333333333337,1,0.91666666666666663,100,125,112.5,0.78125,0.9765625,0.87890625,D128_F05_V01,128,5,common_grid,absolute,6,detrended_51,mean,x1_ztop,0.027677604151701604,491,3
6,6,0.83333333333333337,1,0.91666666666666663,125,150,137.5,0.9765625,1.171875,1.07421875,D128_F05_V01,128,5,common_grid,absolute,6,detrended_51,mean,x1_ztop,0.12606971421553143,491,3
6,7,0.83333333333333337,1,0.91666666666666663,150,175,162.5,1.171875,1.3671875,1.26953125,D128_F05_V01,128,5,common_grid,absolute,6,detrended_51,mean,x1_ztop,0.12882835505276444,491,3
6,8,0.83333333333333337,1,0.91666666666666663,175,200,187.5,1.3671875,1.5625,1.46484375,D128_F05_V01,128,5,common_grid,absolute,6,detrended_51,mean,x1_ztop,0.061867536733528697,491,3
6,9,0.83333333333333337,1,0.91666666666666663,200,225,212.5,1.5625,1.7578125,1.66015625,D128_F05_V01,128,5,common_grid,absolute,6,detrended_51,mean,x1_ztop,0.038040025545566486,491,3
6,10,0.83333333333333337,1,0.91666666666666663,225,250,237.5,1.7578125,1.953125,1.85546875,D128_F05_V01,128,5,common_grid,absolute,6,detrended_51,mean,x1_ztop,0.18528581680263997,491,3
6,11,0.83333333333333337,1,0.91666666666666663,250,275,262.5,1.953125,2.1484375,2.05078125,D128_F05_V01,128,5,common_grid,absolute,6,detrended_51,mean,x1_ztop,0.10296697277538978,491,3
6,12,0.83333333333333337,1,0.91666666666666663,275,300,287.5,2.1484375,2.34375,2.24609375,D128_F05_V01,128,5,common_grid,absolute,6,detrended_51,mean,x1_ztop,0.066143128038990209,491,3
6,13,0.83333333333333337,1,0.91666666666666663,300,325,312.5,2.34375,2.5390625,2.44140625,D128_F05_V01,128,5,common_grid,absolute,6,detrended_51,mean,x1_ztop,0.030399587921056157,491,3
6,14,0.83333333333333337,1,0.91666666666666663,325,350,337.5,2.5390625,2.734375,2.63671875,D128_F05_V01,128,5,common_grid,absolute,6,detrended_51,mean,x1_ztop,0.029370531176563956,491,3
6,15,0.83333333333333337,1,0.91666666666666663,350,375,362.5,2.734375,2.9296875,2.83203125,D128_F05_V01,128,5,common_grid,absolute,6,detrended_51,mean,x1_ztop,0.033218247006456605,491,3
6,16,0.83333333333333337,1,0.91666666666666663,375,400,387.5,2.9296875,3.125,3.02734375,D128_F05_V01,128,5,common_grid,absolute,6,detrended_51,mean,x1_ztop,0.066525252007085894,491,3
6,17,0.83333333333333337,1,0.91666666666666663,400,425,412.5,3.125,3.3203125,3.22265625,D128_F05_V01,128,5,common_grid,absolute,6,detrended_51,mean,x1_ztop,0.086045992468796073,491,3
6,18,0.83333333333333337,1,0.91666666666666663,425,450,437.5,3.3203125,3.515625,3.41796875,D128_F05_V01,128,5,common_grid,absolute,6,detrended_51,mean,x1_ztop,0.010949715340596432,491,3
6,19,0.83333333333333337,1,0.91666666666666663,450,475,462.5,3.515625,3.7109375,3.61328125,D128_F05_V01,128,5,common_grid,absolute,6,detrended_51,mean,x1_ztop,0.024772588357989695,491,3
6,20,0.83333333333333337,1,0.91666666666666663,475,500,487.5,3.7109375,3.90625,3.80859375,D128_F05_V01,128,5,common_grid,absolute,6,detrended_51,mean,x1_ztop,5.0824839409163678e-05,491,3
1,1,0,0.16666666666666666,0.083333333333333329,0,25,12.5,0,0.1953125,0.09765625,D128_F07_V01,128,7,common_grid,absolute,6,detrended_51,mean,x1_ztop,0.20811210906996647,493,3
1,2,0,0.16666666666666666,0.083333333333333329,25,50,37.5,0.1953125,0.390625,0.29296875,D128_F07_V01,128,7,common_grid,absolute,6,detrended_51,mean,x1_ztop,0.15994713576771072,493,3
1,3,0,0.16666666666666666,0.083333333333333329,50,75,62.5,0.390625,0.5859375,0.48828125,D128_F07_V01,128,7,common_grid,absolute,6,detrended_51,mean,x1_ztop,0.070834174512873521,493,3
1,4,0,0.16666666666666666,0.083333333333333329,75,100,87.5,0.5859375,0.78125,0.68359375,D128_F07_V01,128,7,common_grid,absolute,6,detrended_51,mean,x1_ztop,0.15796643682090397,493,3
1,5,0,0.16666666666666666,0.083333333333333329,100,125,112.5,0.78125,0.9765625,0.87890625,D128_F07_V01,128,7,common_grid,absolute,6,detrended_51,mean,x1_ztop,0.09017236205800451,493,3
1,6,0,0.16666666666666666,0.083333333333333329,125,150,137.5,0.9765625,1.171875,1.07421875,D128_F07_V01,128,7,common_grid,absolute,6,detrended_51,mean,x1_ztop,0.059221517705679551,493,3
1,7,0,0.16666666666666666,0.083333333333333329,150,175,162.5,1.171875,1.3671875,1.26953125,D128_F07_V01,128,7,common_grid,absolute,6,detrended_51,mean,x1_ztop,0.01654790330644007,493,3
1,8,0,0.16666666666666666,0.083333333333333329,175,200,187.5,1.3671875,1.5625,1.46484375,D128_F07_V01,128,7,common_grid,absolute,6,detrended_51,mean,x1_ztop,0.051502035884703333,493,3
1,9,0,0.16666666666666666,0.083333333333333329,200,225,212.5,1.5625,1.7578125,1.66015625,D128_F07_V01,128,7,common_grid,absolute,6,detrended_51,mean,x1_ztop,0.060347653324297777,493,3
1,10,0,0.16666666666666666,0.083333333333333329,225,250,237.5,1.7578125,1.953125,1.85546875,D128_F07_V01,128,7,common_grid,absolute,6,detrended_51,mean,x1_ztop,0.092245966788370062,493,3
1,11,0,0.16666666666666666,0.083333333333333329,250,275,262.5,1.953125,2.1484375,2.05078125,D128_F07_V01,128,7,common_grid,absolute,6,detrended_51,mean,x1_ztop,0.10895683120900247,493,3
1,12,0,0.16666666666666666,0.083333333333333329,275,300,287.5,2.1484375,2.34375,2.24609375,D128_F07_V01,128,7,common_grid,absolute,6,detrended_51,mean,x1_ztop,0.07170021271802629,493,3
1,13,0,0.16666666666666666,0.083333333333333329,300,325,312.5,2.34375,2.5390625,2.44140625,D128_F07_V01,128,7,common_grid,absolute,6,detrended_51,mean,x1_ztop,0.061116064295763363,493,3
1,14,0,0.16666666666666666,0.083333333333333329,325,350,337.5,2.5390625,2.734375,2.63671875,D128_F07_V01,128,7,common_grid,absolute,6,detrended_51,mean,x1_ztop,0.0020656731403051812,493,3
1,15,0,0.16666666666666666,0.083333333333333329,350,375,362.5,2.734375,2.9296875,2.83203125,D128_F07_V01,128,7,common_grid,absolute,6,detrended_51,mean,x1_ztop,0.13950903457365188,493,3
1,16,0,0.16666666666666666,0.083333333333333329,375,400,387.5,2.9296875,3.125,3.02734375,D128_F07_V01,128,7,common_grid,absolute,6,detrended_51,mean,x1_ztop,0.016054056514227547,493,3
1,17,0,0.16666666666666666,0.083333333333333329,400,425,412.5,3.125,3.3203125,3.22265625,D128_F07_V01,128,7,common_grid,absolute,6,detrended_51,mean,x1_ztop,0.1214549248157662,493,3
1,18,0,0.16666666666666666,0.083333333333333329,425,450,437.5,3.3203125,3.515625,3.41796875,D128_F07_V01,128,7,common_grid,absolute,6,detrended_51,mean,x1_ztop,0.056432103247219617,493,3
1,19,0,0.16666666666666666,0.083333333333333329,450,475,462.5,3.515625,3.7109375,3.61328125,D128_F07_V01,128,7,common_grid,absolute,6,detrended_51,mean,x1_ztop,0.032353048120277311,493,3
1,20,0,0.16666666666666666,0.083333333333333329,475,500,487.5,3.7109375,3.90625,3.80859375,D128_F07_V01,128,7,common_grid,absolute,6,detrended_51,mean,x1_ztop,0.034301744176997148,493,3
2,1,0.16666666666666666,0.33333333333333331,0.25,0,25,12.5,0,0.1953125,0.09765625,D128_F07_V01,128,7,common_grid,absolute,6,detrended_51,mean,x1_ztop,0.29060828813505168,493,3
2,2,0.16666666666666666,0.33333333333333331,0.25,25,50,37.5,0.1953125,0.390625,0.29296875,D128_F07_V01,128,7,common_grid,absolute,6,detrended_51,mean,x1_ztop,0.15506222981737172,493,3
2,3,0.16666666666666666,0.33333333333333331,0.25,50,75,62.5,0.390625,0.5859375,0.48828125,D128_F07_V01,128,7,common_grid,absolute,6,detrended_51,mean,x1_ztop,0.10954400031781261,493,3
2,4,0.16666666666666666,0.33333333333333331,0.25,75,100,87.5,0.5859375,0.78125,0.68359375,D128_F07_V01,128,7,common_grid,absolute,6,detrended_51,mean,x1_ztop,0.1915989039246182,493,3
2,5,0.16666666666666666,0.33333333333333331,0.25,100,125,112.5,0.78125,0.9765625,0.87890625,D128_F07_V01,128,7,common_grid,absolute,6,detrended_51,mean,x1_ztop,0.19573810871203084,493,3
2,6,0.16666666666666666,0.33333333333333331,0.25,125,150,137.5,0.9765625,1.171875,1.07421875,D128_F07_V01,128,7,common_grid,absolute,6,detrended_51,mean,x1_ztop,0.16614803046493895,493,3
2,7,0.16666666666666666,0.33333333333333331,0.25,150,175,162.5,1.171875,1.3671875,1.26953125,D128_F07_V01,128,7,common_grid,absolute,6,detrended_51,mean,x1_ztop,0.12134842138145197,493,3
2,8,0.16666666666666666,0.33333333333333331,0.25,175,200,187.5,1.3671875,1.5625,1.46484375,D128_F07_V01,128,7,common_grid,absolute,6,detrended_51,mean,x1_ztop,0.10683491654424707,493,3
2,9,0.16666666666666666,0.33333333333333331,0.25,200,225,212.5,1.5625,1.7578125,1.66015625,D128_F07_V01,128,7,common_grid,absolute,6,detrended_51,mean,x1_ztop,0.13379324894866637,493,3
2,10,0.16666666666666666,0.33333333333333331,0.25,225,250,237.5,1.7578125,1.953125,1.85546875,D128_F07_V01,128,7,common_grid,absolute,6,detrended_51,mean,x1_ztop,0.16108249925683923,493,3
2,11,0.16666666666666666,0.33333333333333331,0.25,250,275,262.5,1.953125,2.1484375,2.05078125,D128_F07_V01,128,7,common_grid,absolute,6,detrended_51,mean,x1_ztop,0.054864710501263972,493,3
2,12,0.16666666666666666,0.33333333333333331,0.25,275,300,287.5,2.1484375,2.34375,2.24609375,D128_F07_V01,128,7,common_grid,absolute,6,detrended_51,mean,x1_ztop,0.074040989895398243,493,3
2,13,0.16666666666666666,0.33333333333333331,0.25,300,325,312.5,2.34375,2.5390625,2.44140625,D128_F07_V01,128,7,common_grid,absolute,6,detrended_51,mean,x1_ztop,0.15964553706780296,493,3
2,14,0.16666666666666666,0.33333333333333331,0.25,325,350,337.5,2.5390625,2.734375,2.63671875,D128_F07_V01,128,7,common_grid,absolute,6,detrended_51,mean,x1_ztop,0.067353437548061376,493,3
2,15,0.16666666666666666,0.33333333333333331,0.25,350,375,362.5,2.734375,2.9296875,2.83203125,D128_F07_V01,128,7,common_grid,absolute,6,detrended_51,mean,x1_ztop,0.14388974212868275,493,3
2,16,0.16666666666666666,0.33333333333333331,0.25,375,400,387.5,2.9296875,3.125,3.02734375,D128_F07_V01,128,7,common_grid,absolute,6,detrended_51,mean,x1_ztop,0.13233657459852266,493,3
2,17,0.16666666666666666,0.33333333333333331,0.25,400,425,412.5,3.125,3.3203125,3.22265625,D128_F07_V01,128,7,common_grid,absolute,6,detrended_51,mean,x1_ztop,0.047590395051805588,493,3
2,18,0.16666666666666666,0.33333333333333331,0.25,425,450,437.5,3.3203125,3.515625,3.41796875,D128_F07_V01,128,7,common_grid,absolute,6,detrended_51,mean,x1_ztop,0.072018646927361568,493,3
2,19,0.16666666666666666,0.33333333333333331,0.25,450,475,462.5,3.515625,3.7109375,3.61328125,D128_F07_V01,128,7,common_grid,absolute,6,detrended_51,mean,x1_ztop,0.050739908144407729,493,3
2,20,0.16666666666666666,0.33333333333333331,0.25,475,500,487.5,3.7109375,3.90625,3.80859375,D128_F07_V01,128,7,common_grid,absolute,6,detrended_51,mean,x1_ztop,0.031704334018083452,493,3
3,1,0.33333333333333331,0.5,0.41666666666666669,0,25,12.5,0,0.1953125,0.09765625,D128_F07_V01,128,7,common_grid,absolute,6,detrended_51,mean,x1_ztop,0.30030570092944964,493,3
3,2,0.33333333333333331,0.5,0.41666666666666669,25,50,37.5,0.1953125,0.390625,0.29296875,D128_F07_V01,128,7,common_grid,absolute,6,detrended_51,mean,x1_ztop,0.17485718775409445,493,3
3,3,0.33333333333333331,0.5,0.41666666666666669,50,75,62.5,0.390625,0.5859375,0.48828125,D128_F07_V01,128,7,common_grid,absolute,6,detrended_51,mean,x1_ztop,0.15919320143428556,493,3
3,4,0.33333333333333331,0.5,0.41666666666666669,75,100,87.5,0.5859375,0.78125,0.68359375,D128_F07_V01,128,7,common_grid,absolute,6,detrended_51,mean,x1_ztop,0.1871549748668071,493,3
3,5,0.33333333333333331,0.5,0.41666666666666669,100,125,112.5,0.78125,0.9765625,0.87890625,D128_F07_V01,128,7,common_grid,absolute,6,detrended_51,mean,x1_ztop,0.13141680180816281,493,3
3,6,0.33333333333333331,0.5,0.41666666666666669,125,150,137.5,0.9765625,1.171875,1.07421875,D128_F07_V01,128,7,common_grid,absolute,6,detrended_51,mean,x1_ztop,0.17295479998527152,493,3
3,7,0.33333333333333331,0.5,0.41666666666666669,150,175,162.5,1.171875,1.3671875,1.26953125,D128_F07_V01,128,7,common_grid,absolute,6,detrended_51,mean,x1_ztop,0.11947261560721939,493,3
3,8,0.33333333333333331,0.5,0.41666666666666669,175,200,187.5,1.3671875,1.5625,1.46484375,D128_F07_V01,128,7,common_grid,absolute,6,detrended_51,mean,x1_ztop,0.13763849583899307,493,3
3,9,0.33333333333333331,0.5,0.41666666666666669,200,225,212.5,1.5625,1.7578125,1.66015625,D128_F07_V01,128,7,common_grid,absolute,6,detrended_51,mean,x1_ztop,0.098938678890434034,493,3
3,10,0.33333333333333331,0.5,0.41666666666666669,225,250,237.5,1.7578125,1.953125,1.85546875,D128_F07_V01,128,7,common_grid,absolute,6,detrended_51,mean,x1_ztop,0.16346451986883639,493,3
3,11,0.33333333333333331,0.5,0.41666666666666669,250,275,262.5,1.953125,2.1484375,2.05078125,D128_F07_V01,128,7,common_grid,absolute,6,detrended_51,mean,x1_ztop,0.12193940651629583,493,3
3,12,0.33333333333333331,0.5,0.41666666666666669,275,300,287.5,2.1484375,2.34375,2.24609375,D128_F07_V01,128,7,common_grid,absolute,6,detrended_51,mean,x1_ztop,0.065157770582548111,493,3
3,13,0.33333333333333331,0.5,0.41666666666666669,300,325,312.5,2.34375,2.5390625,2.44140625,D128_F07_V01,128,7,common_grid,absolute,6,detrended_51,mean,x1_ztop,0.13120255912094317,493,3
3,14,0.33333333333333331,0.5,0.41666666666666669,325,350,337.5,2.5390625,2.734375,2.63671875,D128_F07_V01,128,7,common_grid,absolute,6,detrended_51,mean,x1_ztop,0.083780474164188073,493,3
3,15,0.33333333333333331,0.5,0.41666666666666669,350,375,362.5,2.734375,2.9296875,2.83203125,D128_F07_V01,128,7,common_grid,absolute,6,detrended_51,mean,x1_ztop,0.037594160592490031,493,3
3,16,0.33333333333333331,0.5,0.41666666666666669,375,400,387.5,2.9296875,3.125,3.02734375,D128_F07_V01,128,7,common_grid,absolute,6,detrended_51,mean,x1_ztop,0.067755479660513082,493,3
3,17,0.33333333333333331,0.5,0.41666666666666669,400,425,412.5,3.125,3.3203125,3.22265625,D128_F07_V01,128,7,common_grid,absolute,6,detrended_51,mean,x1_ztop,0.035782447325873802,493,3
3,18,0.33333333333333331,0.5,0.41666666666666669,425,450,437.5,3.3203125,3.515625,3.41796875,D128_F07_V01,128,7,common_grid,absolute,6,detrended_51,mean,x1_ztop,0.076099121730355213,493,3
3,19,0.33333333333333331,0.5,0.41666666666666669,450,475,462.5,3.515625,3.7109375,3.61328125,D128_F07_V01,128,7,common_grid,absolute,6,detrended_51,mean,x1_ztop,0.10311542993341379,493,3
3,20,0.33333333333333331,0.5,0.41666666666666669,475,500,487.5,3.7109375,3.90625,3.80859375,D128_F07_V01,128,7,common_grid,absolute,6,detrended_51,mean,x1_ztop,0.035049955997486226,493,3
4,1,0.5,0.66666666666666663,0.58333333333333337,0,25,12.5,0,0.1953125,0.09765625,D128_F07_V01,128,7,common_grid,absolute,6,detrended_51,mean,x1_ztop,0.26468699791056638,493,3
4,2,0.5,0.66666666666666663,0.58333333333333337,25,50,37.5,0.1953125,0.390625,0.29296875,D128_F07_V01,128,7,common_grid,absolute,6,detrended_51,mean,x1_ztop,0.057235399463354347,493,3
4,3,0.5,0.66666666666666663,0.58333333333333337,50,75,62.5,0.390625,0.5859375,0.48828125,D128_F07_V01,128,7,common_grid,absolute,6,detrended_51,mean,x1_ztop,0.0248419641390836,493,3
4,4,0.5,0.66666666666666663,0.58333333333333337,75,100,87.5,0.5859375,0.78125,0.68359375,D128_F07_V01,128,7,common_grid,absolute,6,detrended_51,mean,x1_ztop,0.12292165957813433,493,3
4,5,0.5,0.66666666666666663,0.58333333333333337,100,125,112.5,0.78125,0.9765625,0.87890625,D128_F07_V01,128,7,common_grid,absolute,6,detrended_51,mean,x1_ztop,0.097953173254176823,493,3
4,6,0.5,0.66666666666666663,0.58333333333333337,125,150,137.5,0.9765625,1.171875,1.07421875,D128_F07_V01,128,7,common_grid,absolute,6,detrended_51,mean,x1_ztop,0.074494366057933026,493,3
4,7,0.5,0.66666666666666663,0.58333333333333337,150,175,162.5,1.171875,1.3671875,1.26953125,D128_F07_V01,128,7,common_grid,absolute,6,detrended_51,mean,x1_ztop,0.066467998940428236,493,3
4,8,0.5,0.66666666666666663,0.58333333333333337,175,200,187.5,1.3671875,1.5625,1.46484375,D128_F07_V01,128,7,common_grid,absolute,6,detrended_51,mean,x1_ztop,0.084692706964675665,493,3
4,9,0.5,0.66666666666666663,0.58333333333333337,200,225,212.5,1.5625,1.7578125,1.66015625,D128_F07_V01,128,7,common_grid,absolute,6,detrended_51,mean,x1_ztop,0.053105617269131426,493,3
4,10,0.5,0.66666666666666663,0.58333333333333337,225,250,237.5,1.7578125,1.953125,1.85546875,D128_F07_V01,128,7,common_grid,absolute,6,detrended_51,mean,x1_ztop,0.17850308963087899,493,3
4,11,0.5,0.66666666666666663,0.58333333333333337,250,275,262.5,1.953125,2.1484375,2.05078125,D128_F07_V01,128,7,common_grid,absolute,6,detrended_51,mean,x1_ztop,0.13021719970275991,493,3
4,12,0.5,0.66666666666666663,0.58333333333333337,275,300,287.5,2.1484375,2.34375,2.24609375,D128_F07_V01,128,7,common_grid,absolute,6,detrended_51,mean,x1_ztop,-0.0052691208399751922,493,3
4,13,0.5,0.66666666666666663,0.58333333333333337,300,325,312.5,2.34375,2.5390625,2.44140625,D128_F07_V01,128,7,common_grid,absolute,6,detrended_51,mean,x1_ztop,0.059406162126347431,493,3
4,14,0.5,0.66666666666666663,0.58333333333333337,325,350,337.5,2.5390625,2.734375,2.63671875,D128_F07_V01,128,7,common_grid,absolute,6,detrended_51,mean,x1_ztop,0.072300556787187026,493,3
4,15,0.5,0.66666666666666663,0.58333333333333337,350,375,362.5,2.734375,2.9296875,2.83203125,D128_F07_V01,128,7,common_grid,absolute,6,detrended_51,mean,x1_ztop,0.078050272094876028,493,3
4,16,0.5,0.66666666666666663,0.58333333333333337,375,400,387.5,2.9296875,3.125,3.02734375,D128_F07_V01,128,7,common_grid,absolute,6,detrended_51,mean,x1_ztop,0.020131749791418602,493,3
4,17,0.5,0.66666666666666663,0.58333333333333337,400,425,412.5,3.125,3.3203125,3.22265625,D128_F07_V01,128,7,common_grid,absolute,6,detrended_51,mean,x1_ztop,0.044744443336191382,493,3
4,18,0.5,0.66666666666666663,0.58333333333333337,425,450,437.5,3.3203125,3.515625,3.41796875,D128_F07_V01,128,7,common_grid,absolute,6,detrended_51,mean,x1_ztop,0.032799691586964996,493,3
4,19,0.5,0.66666666666666663,0.58333333333333337,450,475,462.5,3.515625,3.7109375,3.61328125,D128_F07_V01,128,7,common_grid,absolute,6,detrended_51,mean,x1_ztop,0.10452335246501282,493,3
4,20,0.5,0.66666666666666663,0.58333333333333337,475,500,487.5,3.7109375,3.90625,3.80859375,D128_F07_V01,128,7,common_grid,absolute,6,detrended_51,mean,x1_ztop,0.092614551048981517,493,3
5,1,0.66666666666666663,0.83333333333333337,0.75,0,25,12.5,0,0.1953125,0.09765625,D128_F07_V01,128,7,common_grid,absolute,6,detrended_51,mean,x1_ztop,0.15936974959036032,493,3
5,2,0.66666666666666663,0.83333333333333337,0.75,25,50,37.5,0.1953125,0.390625,0.29296875,D128_F07_V01,128,7,common_grid,absolute,6,detrended_51,mean,x1_ztop,0.11700695625808365,493,3
5,3,0.66666666666666663,0.83333333333333337,0.75,50,75,62.5,0.390625,0.5859375,0.48828125,D128_F07_V01,128,7,common_grid,absolute,6,detrended_51,mean,x1_ztop,0.046570657288543059,493,3
5,4,0.66666666666666663,0.83333333333333337,0.75,75,100,87.5,0.5859375,0.78125,0.68359375,D128_F07_V01,128,7,common_grid,absolute,6,detrended_51,mean,x1_ztop,0.1680617055607829,493,3
5,5,0.66666666666666663,0.83333333333333337,0.75,100,125,112.5,0.78125,0.9765625,0.87890625,D128_F07_V01,128,7,common_grid,absolute,6,detrended_51,mean,x1_ztop,0.17621917088464484,493,3
5,6,0.66666666666666663,0.83333333333333337,0.75,125,150,137.5,0.9765625,1.171875,1.07421875,D128_F07_V01,128,7,common_grid,absolute,6,detrended_51,mean,x1_ztop,0.10566897011795544,493,3
5,7,0.66666666666666663,0.83333333333333337,0.75,150,175,162.5,1.171875,1.3671875,1.26953125,D128_F07_V01,128,7,common_grid,absolute,6,detrended_51,mean,x1_ztop,0.10062270008667225,493,3
5,8,0.66666666666666663,0.83333333333333337,0.75,175,200,187.5,1.3671875,1.5625,1.46484375,D128_F07_V01,128,7,common_grid,absolute,6,detrended_51,mean,x1_ztop,0.05655647442825832,493,3
5,9,0.66666666666666663,0.83333333333333337,0.75,200,225,212.5,1.5625,1.7578125,1.66015625,D128_F07_V01,128,7,common_grid,absolute,6,detrended_51,mean,x1_ztop,0.17154620022252887,493,3
5,10,0.66666666666666663,0.83333333333333337,0.75,225,250,237.5,1.7578125,1.953125,1.85546875,D128_F07_V01,128,7,common_grid,absolute,6,detrended_51,mean,x1_ztop,0.11678210743645184,493,3
5,11,0.66666666666666663,0.83333333333333337,0.75,250,275,262.5,1.953125,2.1484375,2.05078125,D128_F07_V01,128,7,common_grid,absolute,6,detrended_51,mean,x1_ztop,0.017735902804177389,493,3
5,12,0.66666666666666663,0.83333333333333337,0.75,275,300,287.5,2.1484375,2.34375,2.24609375,D128_F07_V01,128,7,common_grid,absolute,6,detrended_51,mean,x1_ztop,0.094038677922226269,493,3
5,13,0.66666666666666663,0.83333333333333337,0.75,300,325,312.5,2.34375,2.5390625,2.44140625,D128_F07_V01,128,7,common_grid,absolute,6,detrended_51,mean,x1_ztop,0.11641733223538162,493,3
5,14,0.66666666666666663,0.83333333333333337,0.75,325,350,337.5,2.5390625,2.734375,2.63671875,D128_F07_V01,128,7,common_grid,absolute,6,detrended_51,mean,x1_ztop,0.023239734458681376,493,3
5,15,0.66666666666666663,0.83333333333333337,0.75,350,375,362.5,2.734375,2.9296875,2.83203125,D128_F07_V01,128,7,common_grid,absolute,6,detrended_51,mean,x1_ztop,0.10225310237133595,493,3
5,16,0.66666666666666663,0.83333333333333337,0.75,375,400,387.5,2.9296875,3.125,3.02734375,D128_F07_V01,128,7,common_grid,absolute,6,detrended_51,mean,x1_ztop,0.041297562659527713,493,3
5,17,0.66666666666666663,0.83333333333333337,0.75,400,425,412.5,3.125,3.3203125,3.22265625,D128_F07_V01,128,7,common_grid,absolute,6,detrended_51,mean,x1_ztop,0.0083635577839121598,493,3
5,18,0.66666666666666663,0.83333333333333337,0.75,425,450,437.5,3.3203125,3.515625,3.41796875,D128_F07_V01,128,7,common_grid,absolute,6,detrended_51,mean,x1_ztop,0.067039711961975557,493,3
5,19,0.66666666666666663,0.83333333333333337,0.75,450,475,462.5,3.515625,3.7109375,3.61328125,D128_F07_V01,128,7,common_grid,absolute,6,detrended_51,mean,x1_ztop,0.088324677387649334,493,3
5,20,0.66666666666666663,0.83333333333333337,0.75,475,500,487.5,3.7109375,3.90625,3.80859375,D128_F07_V01,128,7,common_grid,absolute,6,detrended_51,mean,x1_ztop,0.013596783165836368,493,3
6,1,0.83333333333333337,1,0.91666666666666663,0,25,12.5,0,0.1953125,0.09765625,D128_F07_V01,128,7,common_grid,absolute,6,detrended_51,mean,x1_ztop,0.21115173640400614,493,3
6,2,0.83333333333333337,1,0.91666666666666663,25,50,37.5,0.1953125,0.390625,0.29296875,D128_F07_V01,128,7,common_grid,absolute,6,detrended_51,mean,x1_ztop,0.023374251175091128,493,3
6,3,0.83333333333333337,1,0.91666666666666663,50,75,62.5,0.390625,0.5859375,0.48828125,D128_F07_V01,128,7,common_grid,absolute,6,detrended_51,mean,x1_ztop,0.09408929583179429,493,3
6,4,0.83333333333333337,1,0.91666666666666663,75,100,87.5,0.5859375,0.78125,0.68359375,D128_F07_V01,128,7,common_grid,absolute,6,detrended_51,mean,x1_ztop,0.11479116832725213,493,3
6,5,0.83333333333333337,1,0.91666666666666663,100,125,112.5,0.78125,0.9765625,0.87890625,D128_F07_V01,128,7,common_grid,absolute,6,detrended_51,mean,x1_ztop,0.1247184229020374,493,3
6,6,0.83333333333333337,1,0.91666666666666663,125,150,137.5,0.9765625,1.171875,1.07421875,D128_F07_V01,128,7,common_grid,absolute,6,detrended_51,mean,x1_ztop,0.12615944997227152,493,3
6,7,0.83333333333333337,1,0.91666666666666663,150,175,162.5,1.171875,1.3671875,1.26953125,D128_F07_V01,128,7,common_grid,absolute,6,detrended_51,mean,x1_ztop,0.098034087128790581,493,3
6,8,0.83333333333333337,1,0.91666666666666663,175,200,187.5,1.3671875,1.5625,1.46484375,D128_F07_V01,128,7,common_grid,absolute,6,detrended_51,mean,x1_ztop,0.060623033186008278,493,3
6,9,0.83333333333333337,1,0.91666666666666663,200,225,212.5,1.5625,1.7578125,1.66015625,D128_F07_V01,128,7,common_grid,absolute,6,detrended_51,mean,x1_ztop,0.054569953920483645,493,3
6,10,0.83333333333333337,1,0.91666666666666663,225,250,237.5,1.7578125,1.953125,1.85546875,D128_F07_V01,128,7,common_grid,absolute,6,detrended_51,mean,x1_ztop,0.15084111677916021,493,3
6,11,0.83333333333333337,1,0.91666666666666663,250,275,262.5,1.953125,2.1484375,2.05078125,D128_F07_V01,128,7,common_grid,absolute,6,detrended_51,mean,x1_ztop,0.016336136812114904,493,3
6,12,0.83333333333333337,1,0.91666666666666663,275,300,287.5,2.1484375,2.34375,2.24609375,D128_F07_V01,128,7,common_grid,absolute,6,detrended_51,mean,x1_ztop,0.050486065334543181,493,3
6,13,0.83333333333333337,1,0.91666666666666663,300,325,312.5,2.34375,2.5390625,2.44140625,D128_F07_V01,128,7,common_grid,absolute,6,detrended_51,mean,x1_ztop,0.0042324609714857533,493,3
6,14,0.83333333333333337,1,0.91666666666666663,325,350,337.5,2.5390625,2.734375,2.63671875,D128_F07_V01,128,7,common_grid,absolute,6,detrended_51,mean,x1_ztop,0.033891158916832573,493,3
6,15,0.83333333333333337,1,0.91666666666666663,350,375,362.5,2.734375,2.9296875,2.83203125,D128_F07_V01,128,7,common_grid,absolute,6,detrended_51,mean,x1_ztop,0.068661729729307147,493,3
6,16,0.83333333333333337,1,0.91666666666666663,375,400,387.5,2.9296875,3.125,3.02734375,D128_F07_V01,128,7,common_grid,absolute,6,detrended_51,mean,x1_ztop,0.011707872189269129,493,3
6,17,0.83333333333333337,1,0.91666666666666663,400,425,412.5,3.125,3.3203125,3.22265625,D128_F07_V01,128,7,common_grid,absolute,6,detrended_51,mean,x1_ztop,0.046449247693685011,493,3
6,18,0.83333333333333337,1,0.91666666666666663,425,450,437.5,3.3203125,3.515625,3.41796875,D128_F07_V01,128,7,common_grid,absolute,6,detrended_51,mean,x1_ztop,0.10794801571349497,493,3
6,19,0.83333333333333337,1,0.91666666666666663,450,475,462.5,3.515625,3.7109375,3.61328125,D128_F07_V01,128,7,common_grid,absolute,6,detrended_51,mean,x1_ztop,0.049352300666027284,493,3
6,20,0.83333333333333337,1,0.91666666666666663,475,500,487.5,3.7109375,3.90625,3.80859375,D128_F07_V01,128,7,common_grid,absolute,6,detrended_51,mean,x1_ztop,0.033233086514290591,493,3
1,1,0,0.16666666666666666,0.083333333333333329,0,25,12.5,0,0.1953125,0.09765625,D128_F10_V01,128,10,common_grid,absolute,6,detrended_51,mean,x1_ztop,0.19665644378661684,484,3
1,2,0,0.16666666666666666,0.083333333333333329,25,50,37.5,0.1953125,0.390625,0.29296875,D128_F10_V01,128,10,common_grid,absolute,6,detrended_51,mean,x1_ztop,0.074738139066578196,484,3
1,3,0,0.16666666666666666,0.083333333333333329,50,75,62.5,0.390625,0.5859375,0.48828125,D128_F10_V01,128,10,common_grid,absolute,6,detrended_51,mean,x1_ztop,0.047772960852349375,484,3
1,4,0,0.16666666666666666,0.083333333333333329,75,100,87.5,0.5859375,0.78125,0.68359375,D128_F10_V01,128,10,common_grid,absolute,6,detrended_51,mean,x1_ztop,0.010320430066350882,484,3
1,5,0,0.16666666666666666,0.083333333333333329,100,125,112.5,0.78125,0.9765625,0.87890625,D128_F10_V01,128,10,common_grid,absolute,6,detrended_51,mean,x1_ztop,0.14946637484095127,484,3
1,6,0,0.16666666666666666,0.083333333333333329,125,150,137.5,0.9765625,1.171875,1.07421875,D128_F10_V01,128,10,common_grid,absolute,6,detrended_51,mean,x1_ztop,0.012006635397046654,484,3
1,7,0,0.16666666666666666,0.083333333333333329,150,175,162.5,1.171875,1.3671875,1.26953125,D128_F10_V01,128,10,common_grid,absolute,6,detrended_51,mean,x1_ztop,0.039752074256206256,484,3
1,8,0,0.16666666666666666,0.083333333333333329,175,200,187.5,1.3671875,1.5625,1.46484375,D128_F10_V01,128,10,common_grid,absolute,6,detrended_51,mean,x1_ztop,0.10872098667938751,484,3
1,9,0,0.16666666666666666,0.083333333333333329,200,225,212.5,1.5625,1.7578125,1.66015625,D128_F10_V01,128,10,common_grid,absolute,6,detrended_51,mean,x1_ztop,0.029416775403859119,484,3
1,10,0,0.16666666666666666,0.083333333333333329,225,250,237.5,1.7578125,1.953125,1.85546875,D128_F10_V01,128,10,common_grid,absolute,6,detrended_51,mean,x1_ztop,0.12317201823197871,484,3
1,11,0,0.16666666666666666,0.083333333333333329,250,275,262.5,1.953125,2.1484375,2.05078125,D128_F10_V01,128,10,common_grid,absolute,6,detrended_51,mean,x1_ztop,0.043706377608696008,484,3
1,12,0,0.16666666666666666,0.083333333333333329,275,300,287.5,2.1484375,2.34375,2.24609375,D128_F10_V01,128,10,common_grid,absolute,6,detrended_51,mean,x1_ztop,0.025798817550618774,484,3
1,13,0,0.16666666666666666,0.083333333333333329,300,325,312.5,2.34375,2.5390625,2.44140625,D128_F10_V01,128,10,common_grid,absolute,6,detrended_51,mean,x1_ztop,0.015314735406798265,484,3
1,14,0,0.16666666666666666,0.083333333333333329,325,350,337.5,2.5390625,2.734375,2.63671875,D128_F10_V01,128,10,common_grid,absolute,6,detrended_51,mean,x1_ztop,-0.016189532129041256,484,3
1,15,0,0.16666666666666666,0.083333333333333329,350,375,362.5,2.734375,2.9296875,2.83203125,D128_F10_V01,128,10,common_grid,absolute,6,detrended_51,mean,x1_ztop,0.0353389216205292,484,3
1,16,0,0.16666666666666666,0.083333333333333329,375,400,387.5,2.9296875,3.125,3.02734375,D128_F10_V01,128,10,common_grid,absolute,6,detrended_51,mean,x1_ztop,0.033501667684457351,484,3
1,17,0,0.16666666666666666,0.083333333333333329,400,425,412.5,3.125,3.3203125,3.22265625,D128_F10_V01,128,10,common_grid,absolute,6,detrended_51,mean,x1_ztop,0.0037517598845326922,484,3
1,18,0,0.16666666666666666,0.083333333333333329,425,450,437.5,3.3203125,3.515625,3.41796875,D128_F10_V01,128,10,common_grid,absolute,6,detrended_51,mean,x1_ztop,0.055462251335645571,484,3
1,19,0,0.16666666666666666,0.083333333333333329,450,475,462.5,3.515625,3.7109375,3.61328125,D128_F10_V01,128,10,common_grid,absolute,6,detrended_51,mean,x1_ztop,-0.080957611075946206,484,3
1,20,0,0.16666666666666666,0.083333333333333329,475,500,487.5,3.7109375,3.90625,3.80859375,D128_F10_V01,128,10,common_grid,absolute,6,detrended_51,mean,x1_ztop,-0.040890335435420734,484,3
2,1,0.16666666666666666,0.33333333333333331,0.25,0,25,12.5,0,0.1953125,0.09765625,D128_F10_V01,128,10,common_grid,absolute,6,detrended_51,mean,x1_ztop,0.26313264905342748,484,3
2,2,0.16666666666666666,0.33333333333333331,0.25,25,50,37.5,0.1953125,0.390625,0.29296875,D128_F10_V01,128,10,common_grid,absolute,6,detrended_51,mean,x1_ztop,0.21015031342691176,484,3
2,3,0.16666666666666666,0.33333333333333331,0.25,50,75,62.5,0.390625,0.5859375,0.48828125,D128_F10_V01,128,10,common_grid,absolute,6,detrended_51,mean,x1_ztop,0.18280885919557066,484,3
2,4,0.16666666666666666,0.33333333333333331,0.25,75,100,87.5,0.5859375,0.78125,0.68359375,D128_F10_V01,128,10,common_grid,absolute,6,detrended_51,mean,x1_ztop,0.16062899581846232,484,3
2,5,0.16666666666666666,0.33333333333333331,0.25,100,125,112.5,0.78125,0.9765625,0.87890625,D128_F10_V01,128,10,common_grid,absolute,6,detrended_51,mean,x1_ztop,0.16937971958855025,484,3
2,6,0.16666666666666666,0.33333333333333331,0.25,125,150,137.5,0.9765625,1.171875,1.07421875,D128_F10_V01,128,10,common_grid,absolute,6,detrended_51,mean,x1_ztop,0.10064955062042678,484,3
2,7,0.16666666666666666,0.33333333333333331,0.25,150,175,162.5,1.171875,1.3671875,1.26953125,D128_F10_V01,128,10,common_grid,absolute,6,detrended_51,mean,x1_ztop,0.098403599442875925,484,3
2,8,0.16666666666666666,0.33333333333333331,0.25,175,200,187.5,1.3671875,1.5625,1.46484375,D128_F10_V01,128,10,common_grid,absolute,6,detrended_51,mean,x1_ztop,0.13651829485329056,484,3
2,9,0.16666666666666666,0.33333333333333331,0.25,200,225,212.5,1.5625,1.7578125,1.66015625,D128_F10_V01,128,10,common_grid,absolute,6,detrended_51,mean,x1_ztop,0.00074165533682843225,484,3
2,10,0.16666666666666666,0.33333333333333331,0.25,225,250,237.5,1.7578125,1.953125,1.85546875,D128_F10_V01,128,10,common_grid,absolute,6,detrended_51,mean,x1_ztop,0.14084184554951076,484,3
2,11,0.16666666666666666,0.33333333333333331,0.25,250,275,262.5,1.953125,2.1484375,2.05078125,D128_F10_V01,128,10,common_grid,absolute,6,detrended_51,mean,x1_ztop,0.14666686460486519,484,3
2,12,0.16666666666666666,0.33333333333333331,0.25,275,300,287.5,2.1484375,2.34375,2.24609375,D128_F10_V01,128,10,common_grid,absolute,6,detrended_51,mean,x1_ztop,0.11092118276602161,484,3
2,13,0.16666666666666666,0.33333333333333331,0.25,300,325,312.5,2.34375,2.5390625,2.44140625,D128_F10_V01,128,10,common_grid,absolute,6,detrended_51,mean,x1_ztop,0.078360276731153228,484,3
2,14,0.16666666666666666,0.33333333333333331,0.25,325,350,337.5,2.5390625,2.734375,2.63671875,D128_F10_V01,128,10,common_grid,absolute,6,detrended_51,mean,x1_ztop,0.029475273772810166,484,3
2,15,0.16666666666666666,0.33333333333333331,0.25,350,375,362.5,2.734375,2.9296875,2.83203125,D128_F10_V01,128,10,common_grid,absolute,6,detrended_51,mean,x1_ztop,0.073669221411085631,484,3
2,16,0.16666666666666666,0.33333333333333331,0.25,375,400,387.5,2.9296875,3.125,3.02734375,D128_F10_V01,128,10,common_grid,absolute,6,detrended_51,mean,x1_ztop,-0.046013613073526499,484,3
2,17,0.16666666666666666,0.33333333333333331,0.25,400,425,412.5,3.125,3.3203125,3.22265625,D128_F10_V01,128,10,common_grid,absolute,6,detrended_51,mean,x1_ztop,0.051888728460394266,484,3
2,18,0.16666666666666666,0.33333333333333331,0.25,425,450,437.5,3.3203125,3.515625,3.41796875,D128_F10_V01,128,10,common_grid,absolute,6,detrended_51,mean,x1_ztop,0.13479780719568044,484,3
2,19,0.16666666666666666,0.33333333333333331,0.25,450,475,462.5,3.515625,3.7109375,3.61328125,D128_F10_V01,128,10,common_grid,absolute,6,detrended_51,mean,x1_ztop,-0.015761604135783588,484,3
2,20,0.16666666666666666,0.33333333333333331,0.25,475,500,487.5,3.7109375,3.90625,3.80859375,D128_F10_V01,128,10,common_grid,absolute,6,detrended_51,mean,x1_ztop,-0.025260863925427916,484,3
3,1,0.33333333333333331,0.5,0.41666666666666669,0,25,12.5,0,0.1953125,0.09765625,D128_F10_V01,128,10,common_grid,absolute,6,detrended_51,mean,x1_ztop,0.21179666451100454,484,3
3,2,0.33333333333333331,0.5,0.41666666666666669,25,50,37.5,0.1953125,0.390625,0.29296875,D128_F10_V01,128,10,common_grid,absolute,6,detrended_51,mean,x1_ztop,0.24922240012033442,484,3
3,3,0.33333333333333331,0.5,0.41666666666666669,50,75,62.5,0.390625,0.5859375,0.48828125,D128_F10_V01,128,10,common_grid,absolute,6,detrended_51,mean,x1_ztop,0.14063234751107623,484,3
3,4,0.33333333333333331,0.5,0.41666666666666669,75,100,87.5,0.5859375,0.78125,0.68359375,D128_F10_V01,128,10,common_grid,absolute,6,detrended_51,mean,x1_ztop,0.089235737369372237,484,3
3,5,0.33333333333333331,0.5,0.41666666666666669,100,125,112.5,0.78125,0.9765625,0.87890625,D128_F10_V01,128,10,common_grid,absolute,6,detrended_51,mean,x1_ztop,0.081142982514389755,484,3
3,6,0.33333333333333331,0.5,0.41666666666666669,125,150,137.5,0.9765625,1.171875,1.07421875,D128_F10_V01,128,10,common_grid,absolute,6,detrended_51,mean,x1_ztop,0.15030281292064648,484,3
3,7,0.33333333333333331,0.5,0.41666666666666669,150,175,162.5,1.171875,1.3671875,1.26953125,D128_F10_V01,128,10,common_grid,absolute,6,detrended_51,mean,x1_ztop,0.16339879166227581,484,3
3,8,0.33333333333333331,0.5,0.41666666666666669,175,200,187.5,1.3671875,1.5625,1.46484375,D128_F10_V01,128,10,common_grid,absolute,6,detrended_51,mean,x1_ztop,0.11587002427157278,484,3
3,9,0.33333333333333331,0.5,0.41666666666666669,200,225,212.5,1.5625,1.7578125,1.66015625,D128_F10_V01,128,10,common_grid,absolute,6,detrended_51,mean,x1_ztop,0.021784697864587105,484,3
3,10,0.33333333333333331,0.5,0.41666666666666669,225,250,237.5,1.7578125,1.953125,1.85546875,D128_F10_V01,128,10,common_grid,absolute,6,detrended_51,mean,x1_ztop,0.11837778529909297,484,3
3,11,0.33333333333333331,0.5,0.41666666666666669,250,275,262.5,1.953125,2.1484375,2.05078125,D128_F10_V01,128,10,common_grid,absolute,6,detrended_51,mean,x1_ztop,0.14522162150288906,484,3
3,12,0.33333333333333331,0.5,0.41666666666666669,275,300,287.5,2.1484375,2.34375,2.24609375,D128_F10_V01,128,10,common_grid,absolute,6,detrended_51,mean,x1_ztop,0.0511032442521408,484,3
3,13,0.33333333333333331,0.5,0.41666666666666669,300,325,312.5,2.34375,2.5390625,2.44140625,D128_F10_V01,128,10,common_grid,absolute,6,detrended_51,mean,x1_ztop,0.039423552145209498,484,3
3,14,0.33333333333333331,0.5,0.41666666666666669,325,350,337.5,2.5390625,2.734375,2.63671875,D128_F10_V01,128,10,common_grid,absolute,6,detrended_51,mean,x1_ztop,0.075377946159449608,484,3
3,15,0.33333333333333331,0.5,0.41666666666666669,350,375,362.5,2.734375,2.9296875,2.83203125,D128_F10_V01,128,10,common_grid,absolute,6,detrended_51,mean,x1_ztop,0.092702778561590315,484,3
3,16,0.33333333333333331,0.5,0.41666666666666669,375,400,387.5,2.9296875,3.125,3.02734375,D128_F10_V01,128,10,common_grid,absolute,6,detrended_51,mean,x1_ztop,0.033953918779266068,484,3
3,17,0.33333333333333331,0.5,0.41666666666666669,400,425,412.5,3.125,3.3203125,3.22265625,D128_F10_V01,128,10,common_grid,absolute,6,detrended_51,mean,x1_ztop,0.062039580939030642,484,3
3,18,0.33333333333333331,0.5,0.41666666666666669,425,450,437.5,3.3203125,3.515625,3.41796875,D128_F10_V01,128,10,common_grid,absolute,6,detrended_51,mean,x1_ztop,0.072162301632356943,484,3
3,19,0.33333333333333331,0.5,0.41666666666666669,450,475,462.5,3.515625,3.7109375,3.61328125,D128_F10_V01,128,10,common_grid,absolute,6,detrended_51,mean,x1_ztop,0.068280596967794108,484,3
3,20,0.33333333333333331,0.5,0.41666666666666669,475,500,487.5,3.7109375,3.90625,3.80859375,D128_F10_V01,128,10,common_grid,absolute,6,detrended_51,mean,x1_ztop,0.033009696504709529,484,3
4,1,0.5,0.66666666666666663,0.58333333333333337,0,25,12.5,0,0.1953125,0.09765625,D128_F10_V01,128,10,common_grid,absolute,6,detrended_51,mean,x1_ztop,0.16740843768240057,484,3
4,2,0.5,0.66666666666666663,0.58333333333333337,25,50,37.5,0.1953125,0.390625,0.29296875,D128_F10_V01,128,10,common_grid,absolute,6,detrended_51,mean,x1_ztop,0.23568218757202877,484,3
4,3,0.5,0.66666666666666663,0.58333333333333337,50,75,62.5,0.390625,0.5859375,0.48828125,D128_F10_V01,128,10,common_grid,absolute,6,detrended_51,mean,x1_ztop,0.13845514342776469,484,3
4,4,0.5,0.66666666666666663,0.58333333333333337,75,100,87.5,0.5859375,0.78125,0.68359375,D128_F10_V01,128,10,common_grid,absolute,6,detrended_51,mean,x1_ztop,0.093297219196090519,484,3
4,5,0.5,0.66666666666666663,0.58333333333333337,100,125,112.5,0.78125,0.9765625,0.87890625,D128_F10_V01,128,10,common_grid,absolute,6,detrended_51,mean,x1_ztop,0.10287487423398217,484,3
4,6,0.5,0.66666666666666663,0.58333333333333337,125,150,137.5,0.9765625,1.171875,1.07421875,D128_F10_V01,128,10,common_grid,absolute,6,detrended_51,mean,x1_ztop,0.13330547212398902,484,3
4,7,0.5,0.66666666666666663,0.58333333333333337,150,175,162.5,1.171875,1.3671875,1.26953125,D128_F10_V01,128,10,common_grid,absolute,6,detrended_51,mean,x1_ztop,0.066797821339024788,484,3
4,8,0.5,0.66666666666666663,0.58333333333333337,175,200,187.5,1.3671875,1.5625,1.46484375,D128_F10_V01,128,10,common_grid,absolute,6,detrended_51,mean,x1_ztop,0.22938059092738397,484,3
4,9,0.5,0.66666666666666663,0.58333333333333337,200,225,212.5,1.5625,1.7578125,1.66015625,D128_F10_V01,128,10,common_grid,absolute,6,detrended_51,mean,x1_ztop,0.035538287583414992,484,3
4,10,0.5,0.66666666666666663,0.58333333333333337,225,250,237.5,1.7578125,1.953125,1.85546875,D128_F10_V01,128,10,common_grid,absolute,6,detrended_51,mean,x1_ztop,0.1048841021985739,484,3
4,11,0.5,0.66666666666666663,0.58333333333333337,250,275,262.5,1.953125,2.1484375,2.05078125,D128_F10_V01,128,10,common_grid,absolute,6,detrended_51,mean,x1_ztop,0.048688046527039446,484,3
4,12,0.5,0.66666666666666663,0.58333333333333337,275,300,287.5,2.1484375,2.34375,2.24609375,D128_F10_V01,128,10,common_grid,absolute,6,detrended_51,mean,x1_ztop,0.047285049495347425,484,3
4,13,0.5,0.66666666666666663,0.58333333333333337,300,325,312.5,2.34375,2.5390625,2.44140625,D128_F10_V01,128,10,common_grid,absolute,6,detrended_51,mean,x1_ztop,0.090759917686761366,484,3
4,14,0.5,0.66666666666666663,0.58333333333333337,325,350,337.5,2.5390625,2.734375,2.63671875,D128_F10_V01,128,10,common_grid,absolute,6,detrended_51,mean,x1_ztop,0.033777649048312187,484,3
4,15,0.5,0.66666666666666663,0.58333333333333337,350,375,362.5,2.734375,2.9296875,2.83203125,D128_F10_V01,128,10,common_grid,absolute,6,detrended_51,mean,x1_ztop,-0.04218140371601415,484,3
4,16,0.5,0.66666666666666663,0.58333333333333337,375,400,387.5,2.9296875,3.125,3.02734375,D128_F10_V01,128,10,common_grid,absolute,6,detrended_51,mean,x1_ztop,0.025845969651039566,484,3
4,17,0.5,0.66666666666666663,0.58333333333333337,400,425,412.5,3.125,3.3203125,3.22265625,D128_F10_V01,128,10,common_grid,absolute,6,detrended_51,mean,x1_ztop,0.0032977768569627855,484,3
4,18,0.5,0.66666666666666663,0.58333333333333337,425,450,437.5,3.3203125,3.515625,3.41796875,D128_F10_V01,128,10,common_grid,absolute,6,detrended_51,mean,x1_ztop,0.10872813658278727,484,3
4,19,0.5,0.66666666666666663,0.58333333333333337,450,475,462.5,3.515625,3.7109375,3.61328125,D128_F10_V01,128,10,common_grid,absolute,6,detrended_51,mean,x1_ztop,-0.051769564491114847,484,3
4,20,0.5,0.66666666666666663,0.58333333333333337,475,500,487.5,3.7109375,3.90625,3.80859375,D128_F10_V01,128,10,common_grid,absolute,6,detrended_51,mean,x1_ztop,0.06581720264994928,484,3
5,1,0.66666666666666663,0.83333333333333337,0.75,0,25,12.5,0,0.1953125,0.09765625,D128_F10_V01,128,10,common_grid,absolute,6,detrended_51,mean,x1_ztop,0.14385302860041294,484,3
5,2,0.66666666666666663,0.83333333333333337,0.75,25,50,37.5,0.1953125,0.390625,0.29296875,D128_F10_V01,128,10,common_grid,absolute,6,detrended_51,mean,x1_ztop,0.13290288328278269,484,3
5,3,0.66666666666666663,0.83333333333333337,0.75,50,75,62.5,0.390625,0.5859375,0.48828125,D128_F10_V01,128,10,common_grid,absolute,6,detrended_51,mean,x1_ztop,0.087593715392921559,484,3
5,4,0.66666666666666663,0.83333333333333337,0.75,75,100,87.5,0.5859375,0.78125,0.68359375,D128_F10_V01,128,10,common_grid,absolute,6,detrended_51,mean,x1_ztop,0.11781871684834877,484,3
5,5,0.66666666666666663,0.83333333333333337,0.75,100,125,112.5,0.78125,0.9765625,0.87890625,D128_F10_V01,128,10,common_grid,absolute,6,detrended_51,mean,x1_ztop,0.079426587418785999,484,3
5,6,0.66666666666666663,0.83333333333333337,0.75,125,150,137.5,0.9765625,1.171875,1.07421875,D128_F10_V01,128,10,common_grid,absolute,6,detrended_51,mean,x1_ztop,0.1020584156268039,484,3
5,7,0.66666666666666663,0.83333333333333337,0.75,150,175,162.5,1.171875,1.3671875,1.26953125,D128_F10_V01,128,10,common_grid,absolute,6,detrended_51,mean,x1_ztop,0.11921613326243967,484,3
5,8,0.66666666666666663,0.83333333333333337,0.75,175,200,187.5,1.3671875,1.5625,1.46484375,D128_F10_V01,128,10,common_grid,absolute,6,detrended_51,mean,x1_ztop,0.11331934450528783,484,3
5,9,0.66666666666666663,0.83333333333333337,0.75,200,225,212.5,1.5625,1.7578125,1.66015625,D128_F10_V01,128,10,common_grid,absolute,6,detrended_51,mean,x1_ztop,0.062057420346678632,484,3
5,10,0.66666666666666663,0.83333333333333337,0.75,225,250,237.5,1.7578125,1.953125,1.85546875,D128_F10_V01,128,10,common_grid,absolute,6,detrended_51,mean,x1_ztop,0.1594170504056546,484,3
5,11,0.66666666666666663,0.83333333333333337,0.75,250,275,262.5,1.953125,2.1484375,2.05078125,D128_F10_V01,128,10,common_grid,absolute,6,detrended_51,mean,x1_ztop,0.065348605803818058,484,3
5,12,0.66666666666666663,0.83333333333333337,0.75,275,300,287.5,2.1484375,2.34375,2.24609375,D128_F10_V01,128,10,common_grid,absolute,6,detrended_51,mean,x1_ztop,0.019229524018459725,484,3
5,13,0.66666666666666663,0.83333333333333337,0.75,300,325,312.5,2.34375,2.5390625,2.44140625,D128_F10_V01,128,10,common_grid,absolute,6,detrended_51,mean,x1_ztop,-0.068059916561414815,484,3
5,14,0.66666666666666663,0.83333333333333337,0.75,325,350,337.5,2.5390625,2.734375,2.63671875,D128_F10_V01,128,10,common_grid,absolute,6,detrended_51,mean,x1_ztop,0.053463131111401316,484,3
5,15,0.66666666666666663,0.83333333333333337,0.75,350,375,362.5,2.734375,2.9296875,2.83203125,D128_F10_V01,128,10,common_grid,absolute,6,detrended_51,mean,x1_ztop,0.083121603699757865,484,3
5,16,0.66666666666666663,0.83333333333333337,0.75,375,400,387.5,2.9296875,3.125,3.02734375,D128_F10_V01,128,10,common_grid,absolute,6,detrended_51,mean,x1_ztop,-0.0090123705409679653,484,3
5,17,0.66666666666666663,0.83333333333333337,0.75,400,425,412.5,3.125,3.3203125,3.22265625,D128_F10_V01,128,10,common_grid,absolute,6,detrended_51,mean,x1_ztop,0.050904867702027262,484,3
5,18,0.66666666666666663,0.83333333333333337,0.75,425,450,437.5,3.3203125,3.515625,3.41796875,D128_F10_V01,128,10,common_grid,absolute,6,detrended_51,mean,x1_ztop,0.065398344822558838,484,3
5,19,0.66666666666666663,0.83333333333333337,0.75,450,475,462.5,3.515625,3.7109375,3.61328125,D128_F10_V01,128,10,common_grid,absolute,6,detrended_51,mean,x1_ztop,-0.01620560169728625,484,3
5,20,0.66666666666666663,0.83333333333333337,0.75,475,500,487.5,3.7109375,3.90625,3.80859375,D128_F10_V01,128,10,common_grid,absolute,6,detrended_51,mean,x1_ztop,-0.032534347500271815,484,3
6,1,0.83333333333333337,1,0.91666666666666663,0,25,12.5,0,0.1953125,0.09765625,D128_F10_V01,128,10,common_grid,absolute,6,detrended_51,mean,x1_ztop,0.20025485135352411,484,3
6,2,0.83333333333333337,1,0.91666666666666663,25,50,37.5,0.1953125,0.390625,0.29296875,D128_F10_V01,128,10,common_grid,absolute,6,detrended_51,mean,x1_ztop,0.13176897754180389,484,3
6,3,0.83333333333333337,1,0.91666666666666663,50,75,62.5,0.390625,0.5859375,0.48828125,D128_F10_V01,128,10,common_grid,absolute,6,detrended_51,mean,x1_ztop,0.040383408896481426,484,3
6,4,0.83333333333333337,1,0.91666666666666663,75,100,87.5,0.5859375,0.78125,0.68359375,D128_F10_V01,128,10,common_grid,absolute,6,detrended_51,mean,x1_ztop,0.10006514971212735,484,3
6,5,0.83333333333333337,1,0.91666666666666663,100,125,112.5,0.78125,0.9765625,0.87890625,D128_F10_V01,128,10,common_grid,absolute,6,detrended_51,mean,x1_ztop,0.068271254488145749,484,3
6,6,0.83333333333333337,1,0.91666666666666663,125,150,137.5,0.9765625,1.171875,1.07421875,D128_F10_V01,128,10,common_grid,absolute,6,detrended_51,mean,x1_ztop,0.083556403266905679,484,3
6,7,0.83333333333333337,1,0.91666666666666663,150,175,162.5,1.171875,1.3671875,1.26953125,D128_F10_V01,128,10,common_grid,absolute,6,detrended_51,mean,x1_ztop,0.18908082171163271,484,3
6,8,0.83333333333333337,1,0.91666666666666663,175,200,187.5,1.3671875,1.5625,1.46484375,D128_F10_V01,128,10,common_grid,absolute,6,detrended_51,mean,x1_ztop,0.20905865381835645,484,3
6,9,0.83333333333333337,1,0.91666666666666663,200,225,212.5,1.5625,1.7578125,1.66015625,D128_F10_V01,128,10,common_grid,absolute,6,detrended_51,mean,x1_ztop,0.038610474713936638,484,3
6,10,0.83333333333333337,1,0.91666666666666663,225,250,237.5,1.7578125,1.953125,1.85546875,D128_F10_V01,128,10,common_grid,absolute,6,detrended_51,mean,x1_ztop,0.12448534162095802,484,3
6,11,0.83333333333333337,1,0.91666666666666663,250,275,262.5,1.953125,2.1484375,2.05078125,D128_F10_V01,128,10,common_grid,absolute,6,detrended_51,mean,x1_ztop,0.12962444739865328,484,3
6,12,0.83333333333333337,1,0.91666666666666663,275,300,287.5,2.1484375,2.34375,2.24609375,D128_F10_V01,128,10,common_grid,absolute,6,detrended_51,mean,x1_ztop,0.077139907682098247,484,3
6,13,0.83333333333333337,1,0.91666666666666663,300,325,312.5,2.34375,2.5390625,2.44140625,D128_F10_V01,128,10,common_grid,absolute,6,detrended_51,mean,x1_ztop,0.098762734726331056,484,3
6,14,0.83333333333333337,1,0.91666666666666663,325,350,337.5,2.5390625,2.734375,2.63671875,D128_F10_V01,128,10,common_grid,absolute,6,detrended_51,mean,x1_ztop,0.087459262108353419,484,3
6,15,0.83333333333333337,1,0.91666666666666663,350,375,362.5,2.734375,2.9296875,2.83203125,D128_F10_V01,128,10,common_grid,absolute,6,detrended_51,mean,x1_ztop,0.12133769916769843,484,3
6,16,0.83333333333333337,1,0.91666666666666663,375,400,387.5,2.9296875,3.125,3.02734375,D128_F10_V01,128,10,common_grid,absolute,6,detrended_51,mean,x1_ztop,-0.047383596314338541,484,3
6,17,0.83333333333333337,1,0.91666666666666663,400,425,412.5,3.125,3.3203125,3.22265625,D128_F10_V01,128,10,common_grid,absolute,6,detrended_51,mean,x1_ztop,0.073749379648540073,484,3
6,18,0.83333333333333337,1,0.91666666666666663,425,450,437.5,3.3203125,3.515625,3.41796875,D128_F10_V01,128,10,common_grid,absolute,6,detrended_51,mean,x1_ztop,0.10339662904052301,484,3
6,19,0.83333333333333337,1,0.91666666666666663,450,475,462.5,3.515625,3.7109375,3.61328125,D128_F10_V01,128,10,common_grid,absolute,6,detrended_51,mean,x1_ztop,-0.055452838549961456,484,3
6,20,0.83333333333333337,1,0.91666666666666663,475,500,487.5,3.7109375,3.90625,3.80859375,D128_F10_V01,128,10,common_grid,absolute,6,detrended_51,mean,x1_ztop,0.085912286717917938,484,3
1,1,0,0.16666666666666666,0.083333333333333329,0,25,12.5,0,0.10638297872340426,0.053191489361702128,D235_F01_V01,235,1,common_grid,absolute,6,detrended_51,mean,x1_ztop,0.0037062950527108965,448,3
1,2,0,0.16666666666666666,0.083333333333333329,25,50,37.5,0.10638297872340426,0.21276595744680851,0.15957446808510639,D235_F01_V01,235,1,common_grid,absolute,6,detrended_51,mean,x1_ztop,-0.019217955254769332,448,3
1,3,0,0.16666666666666666,0.083333333333333329,50,75,62.5,0.21276595744680851,0.31914893617021278,0.26595744680851063,D235_F01_V01,235,1,common_grid,absolute,6,detrended_51,mean,x1_ztop,-0.065189597484088202,448,3
1,4,0,0.16666666666666666,0.083333333333333329,75,100,87.5,0.31914893617021278,0.42553191489361702,0.37234042553191488,D235_F01_V01,235,1,common_grid,absolute,6,detrended_51,mean,x1_ztop,-0.056675009810833843,448,3
1,5,0,0.16666666666666666,0.083333333333333329,100,125,112.5,0.42553191489361702,0.53191489361702127,0.47872340425531917,D235_F01_V01,235,1,common_grid,absolute,6,detrended_51,mean,x1_ztop,-0.079047222096199521,448,3
1,6,0,0.16666666666666666,0.083333333333333329,125,150,137.5,0.53191489361702127,0.63829787234042556,0.58510638297872342,D235_F01_V01,235,1,common_grid,absolute,6,detrended_51,mean,x1_ztop,0.0079502262787596659,448,3
1,7,0,0.16666666666666666,0.083333333333333329,150,175,162.5,0.63829787234042556,0.74468085106382975,0.69148936170212771,D235_F01_V01,235,1,common_grid,absolute,6,detrended_51,mean,x1_ztop,-0.02677198406730379,448,3
1,8,0,0.16666666666666666,0.083333333333333329,175,200,187.5,0.74468085106382975,0.85106382978723405,0.7978723404255319,D235_F01_V01,235,1,common_grid,absolute,6,detrended_51,mean,x1_ztop,-0.024732967070244926,448,3
1,9,0,0.16666666666666666,0.083333333333333329,200,225,212.5,0.85106382978723405,0.95744680851063835,0.9042553191489362,D235_F01_V01,235,1,common_grid,absolute,6,detrended_51,mean,x1_ztop,-0.010650220048061054,448,3
1,10,0,0.16666666666666666,0.083333333333333329,225,250,237.5,0.95744680851063835,1.0638297872340425,1.0106382978723405,D235_F01_V01,235,1,common_grid,absolute,6,detrended_51,mean,x1_ztop,0.054629101892403484,448,3
1,11,0,0.16666666666666666,0.083333333333333329,250,275,262.5,1.0638297872340425,1.1702127659574468,1.1170212765957446,D235_F01_V01,235,1,common_grid,absolute,6,detrended_51,mean,x1_ztop,-0.09093272212613579,448,3
1,12,0,0.16666666666666666,0.083333333333333329,275,300,287.5,1.1702127659574468,1.2765957446808511,1.2234042553191489,D235_F01_V01,235,1,common_grid,absolute,6,detrended_51,mean,x1_ztop,-0.0076144963513796859,448,3
1,13,0,0.16666666666666666,0.083333333333333329,300,325,312.5,1.2765957446808511,1.3829787234042554,1.3297872340425532,D235_F01_V01,235,1,common_grid,absolute,6,detrended_51,mean,x1_ztop,-0.037945115134574464,448,3
1,14,0,0.16666666666666666,0.083333333333333329,325,350,337.5,1.3829787234042554,1.4893617021276595,1.4361702127659575,D235_F01_V01,235,1,common_grid,absolute,6,detrended_51,mean,x1_ztop,-0.064819421972880209,448,3
1,15,0,0.16666666666666666,0.083333333333333329,350,375,362.5,1.4893617021276595,1.5957446808510638,1.5425531914893618,D235_F01_V01,235,1,common_grid,absolute,6,detrended_51,mean,x1_ztop,0.029857141163124434,448,3
1,16,0,0.16666666666666666,0.083333333333333329,375,400,387.5,1.5957446808510638,1.7021276595744681,1.6489361702127661,D235_F01_V01,235,1,common_grid,absolute,6,detrended_51,mean,x1_ztop,-0.027358393465126616,448,3
1,17,0,0.16666666666666666,0.083333333333333329,400,425,412.5,1.7021276595744681,1.8085106382978724,1.7553191489361701,D235_F01_V01,235,1,common_grid,absolute,6,detrended_51,mean,x1_ztop,0.051085333004296102,448,3
1,18,0,0.16666666666666666,0.083333333333333329,425,450,437.5,1.8085106382978724,1.9148936170212767,1.8617021276595744,D235_F01_V01,235,1,common_grid,absolute,6,detrended_51,mean,x1_ztop,-0.021271304735753525,448,3
1,19,0,0.16666666666666666,0.083333333333333329,450,475,462.5,1.9148936170212767,2.021276595744681,1.9680851063829787,D235_F01_V01,235,1,common_grid,absolute,6,detrended_51,mean,x1_ztop,-0.0064175817847098981,448,3
1,20,0,0.16666666666666666,0.083333333333333329,475,500,487.5,2.021276595744681,2.1276595744680851,2.0744680851063828,D235_F01_V01,235,1,common_grid,absolute,6,detrended_51,mean,x1_ztop,0.022131926832608624,448,3
2,1,0.16666666666666666,0.33333333333333331,0.25,0,25,12.5,0,0.10638297872340426,0.053191489361702128,D235_F01_V01,235,1,common_grid,absolute,6,detrended_51,mean,x1_ztop,0.13699411486270341,448,3
2,2,0.16666666666666666,0.33333333333333331,0.25,25,50,37.5,0.10638297872340426,0.21276595744680851,0.15957446808510639,D235_F01_V01,235,1,common_grid,absolute,6,detrended_51,mean,x1_ztop,0.021028533875664078,448,3
2,3,0.16666666666666666,0.33333333333333331,0.25,50,75,62.5,0.21276595744680851,0.31914893617021278,0.26595744680851063,D235_F01_V01,235,1,common_grid,absolute,6,detrended_51,mean,x1_ztop,0.046490040148467748,448,3
2,4,0.16666666666666666,0.33333333333333331,0.25,75,100,87.5,0.31914893617021278,0.42553191489361702,0.37234042553191488,D235_F01_V01,235,1,common_grid,absolute,6,detrended_51,mean,x1_ztop,0.041676535727221353,448,3
2,5,0.16666666666666666,0.33333333333333331,0.25,100,125,112.5,0.42553191489361702,0.53191489361702127,0.47872340425531917,D235_F01_V01,235,1,common_grid,absolute,6,detrended_51,mean,x1_ztop,0.11001828362468348,448,3
2,6,0.16666666666666666,0.33333333333333331,0.25,125,150,137.5,0.53191489361702127,0.63829787234042556,0.58510638297872342,D235_F01_V01,235,1,common_grid,absolute,6,detrended_51,mean,x1_ztop,0.085876841580482435,448,3
2,7,0.16666666666666666,0.33333333333333331,0.25,150,175,162.5,0.63829787234042556,0.74468085106382975,0.69148936170212771,D235_F01_V01,235,1,common_grid,absolute,6,detrended_51,mean,x1_ztop,-0.034664097557693202,448,3
2,8,0.16666666666666666,0.33333333333333331,0.25,175,200,187.5,0.74468085106382975,0.85106382978723405,0.7978723404255319,D235_F01_V01,235,1,common_grid,absolute,6,detrended_51,mean,x1_ztop,0.065213596091873299,448,3
2,9,0.16666666666666666,0.33333333333333331,0.25,200,225,212.5,0.85106382978723405,0.95744680851063835,0.9042553191489362,D235_F01_V01,235,1,common_grid,absolute,6,detrended_51,mean,x1_ztop,-0.013079801200674951,448,3
2,10,0.16666666666666666,0.33333333333333331,0.25,225,250,237.5,0.95744680851063835,1.0638297872340425,1.0106382978723405,D235_F01_V01,235,1,common_grid,absolute,6,detrended_51,mean,x1_ztop,-0.0035697153113520355,448,3
2,11,0.16666666666666666,0.33333333333333331,0.25,250,275,262.5,1.0638297872340425,1.1702127659574468,1.1170212765957446,D235_F01_V01,235,1,common_grid,absolute,6,detrended_51,mean,x1_ztop,-0.015777789392490624,448,3
2,12,0.16666666666666666,0.33333333333333331,0.25,275,300,287.5,1.1702127659574468,1.2765957446808511,1.2234042553191489,D235_F01_V01,235,1,common_grid,absolute,6,detrended_51,mean,x1_ztop,-0.069796745864679433,448,3
2,13,0.16666666666666666,0.33333333333333331,0.25,300,325,312.5,1.2765957446808511,1.3829787234042554,1.3297872340425532,D235_F01_V01,235,1,common_grid,absolute,6,detrended_51,mean,x1_ztop,-0.006271817137783223,448,3
2,14,0.16666666666666666,0.33333333333333331,0.25,325,350,337.5,1.3829787234042554,1.4893617021276595,1.4361702127659575,D235_F01_V01,235,1,common_grid,absolute,6,detrended_51,mean,x1_ztop,0.01897093806254891,448,3
2,15,0.16666666666666666,0.33333333333333331,0.25,350,375,362.5,1.4893617021276595,1.5957446808510638,1.5425531914893618,D235_F01_V01,235,1,common_grid,absolute,6,detrended_51,mean,x1_ztop,0.032564459705947069,448,3
2,16,0.16666666666666666,0.33333333333333331,0.25,375,400,387.5,1.5957446808510638,1.7021276595744681,1.6489361702127661,D235_F01_V01,235,1,common_grid,absolute,6,detrended_51,mean,x1_ztop,-0.010023667782145008,448,3
2,17,0.16666666666666666,0.33333333333333331,0.25,400,425,412.5,1.7021276595744681,1.8085106382978724,1.7553191489361701,D235_F01_V01,235,1,common_grid,absolute,6,detrended_51,mean,x1_ztop,0.026356079420526712,448,3
2,18,0.16666666666666666,0.33333333333333331,0.25,425,450,437.5,1.8085106382978724,1.9148936170212767,1.8617021276595744,D235_F01_V01,235,1,common_grid,absolute,6,detrended_51,mean,x1_ztop,-0.032061908290950181,448,3
2,19,0.16666666666666666,0.33333333333333331,0.25,450,475,462.5,1.9148936170212767,2.021276595744681,1.9680851063829787,D235_F01_V01,235,1,common_grid,absolute,6,detrended_51,mean,x1_ztop,0.037418954402962501,448,3
2,20,0.16666666666666666,0.33333333333333331,0.25,475,500,487.5,2.021276595744681,2.1276595744680851,2.0744680851063828,D235_F01_V01,235,1,common_grid,absolute,6,detrended_51,mean,x1_ztop,-0.052332612454584419,448,3
3,1,0.33333333333333331,0.5,0.41666666666666669,0,25,12.5,0,0.10638297872340426,0.053191489361702128,D235_F01_V01,235,1,common_grid,absolute,6,detrended_51,mean,x1_ztop,0.13637922672193911,448,3
3,2,0.33333333333333331,0.5,0.41666666666666669,25,50,37.5,0.10638297872340426,0.21276595744680851,0.15957446808510639,D235_F01_V01,235,1,common_grid,absolute,6,detrended_51,mean,x1_ztop,0.065551474843365737,448,3
3,3,0.33333333333333331,0.5,0.41666666666666669,50,75,62.5,0.21276595744680851,0.31914893617021278,0.26595744680851063,D235_F01_V01,235,1,common_grid,absolute,6,detrended_51,mean,x1_ztop,0.074017936064270873,448,3
3,4,0.33333333333333331,0.5,0.41666666666666669,75,100,87.5,0.31914893617021278,0.42553191489361702,0.37234042553191488,D235_F01_V01,235,1,common_grid,absolute,6,detrended_51,mean,x1_ztop,0.0047236822619709726,448,3
3,5,0.33333333333333331,0.5,0.41666666666666669,100,125,112.5,0.42553191489361702,0.53191489361702127,0.47872340425531917,D235_F01_V01,235,1,common_grid,absolute,6,detrended_51,mean,x1_ztop,0.035680299720365759,448,3
3,6,0.33333333333333331,0.5,0.41666666666666669,125,150,137.5,0.53191489361702127,0.63829787234042556,0.58510638297872342,D235_F01_V01,235,1,common_grid,absolute,6,detrended_51,mean,x1_ztop,0.16824911313017668,448,3
3,7,0.33333333333333331,0.5,0.41666666666666669,150,175,162.5,0.63829787234042556,0.74468085106382975,0.69148936170212771,D235_F01_V01,235,1,common_grid,absolute,6,detrended_51,mean,x1_ztop,0.0026993986571122036,448,3
3,8,0.33333333333333331,0.5,0.41666666666666669,175,200,187.5,0.74468085106382975,0.85106382978723405,0.7978723404255319,D235_F01_V01,235,1,common_grid,absolute,6,detrended_51,mean,x1_ztop,0.0066062100055614362,448,3
3,9,0.33333333333333331,0.5,0.41666666666666669,200,225,212.5,0.85106382978723405,0.95744680851063835,0.9042553191489362,D235_F01_V01,235,1,common_grid,absolute,6,detrended_51,mean,x1_ztop,-0.0039851017757988952,448,3
3,10,0.33333333333333331,0.5,0.41666666666666669,225,250,237.5,0.95744680851063835,1.0638297872340425,1.0106382978723405,D235_F01_V01,235,1,common_grid,absolute,6,detrended_51,mean,x1_ztop,-0.058418299291931146,448,3
3,11,0.33333333333333331,0.5,0.41666666666666669,250,275,262.5,1.0638297872340425,1.1702127659574468,1.1170212765957446,D235_F01_V01,235,1,common_grid,absolute,6,detrended_51,mean,x1_ztop,0.030832888420078419,448,3
3,12,0.33333333333333331,0.5,0.41666666666666669,275,300,287.5,1.1702127659574468,1.2765957446808511,1.2234042553191489,D235_F01_V01,235,1,common_grid,absolute,6,detrended_51,mean,x1_ztop,-0.019657438444653889,448,3
3,13,0.33333333333333331,0.5,0.41666666666666669,300,325,312.5,1.2765957446808511,1.3829787234042554,1.3297872340425532,D235_F01_V01,235,1,common_grid,absolute,6,detrended_51,mean,x1_ztop,0.015045209719094434,448,3
3,14,0.33333333333333331,0.5,0.41666666666666669,325,350,337.5,1.3829787234042554,1.4893617021276595,1.4361702127659575,D235_F01_V01,235,1,common_grid,absolute,6,detrended_51,mean,x1_ztop,-0.033798036928246039,448,3
3,15,0.33333333333333331,0.5,0.41666666666666669,350,375,362.5,1.4893617021276595,1.5957446808510638,1.5425531914893618,D235_F01_V01,235,1,common_grid,absolute,6,detrended_51,mean,x1_ztop,-0.046804222000321818,448,3
3,16,0.33333333333333331,0.5,0.41666666666666669,375,400,387.5,1.5957446808510638,1.7021276595744681,1.6489361702127661,D235_F01_V01,235,1,common_grid,absolute,6,detrended_51,mean,x1_ztop,-0.0030128234944091815,448,3
3,17,0.33333333333333331,0.5,0.41666666666666669,400,425,412.5,1.7021276595744681,1.8085106382978724,1.7553191489361701,D235_F01_V01,235,1,common_grid,absolute,6,detrended_51,mean,x1_ztop,0.025457186920572892,448,3
3,18,0.33333333333333331,0.5,0.41666666666666669,425,450,437.5,1.8085106382978724,1.9148936170212767,1.8617021276595744,D235_F01_V01,235,1,common_grid,absolute,6,detrended_51,mean,x1_ztop,0.002374830667747678,448,3
3,19,0.33333333333333331,0.5,0.41666666666666669,450,475,462.5,1.9148936170212767,2.021276595744681,1.9680851063829787,D235_F01_V01,235,1,common_grid,absolute,6,detrended_51,mean,x1_ztop,0.02391295770299046,448,3
3,20,0.33333333333333331,0.5,0.41666666666666669,475,500,487.5,2.021276595744681,2.1276595744680851,2.0744680851063828,D235_F01_V01,235,1,common_grid,absolute,6,detrended_51,mean,x1_ztop,-0.051043788795367459,448,3
4,1,0.5,0.66666666666666663,0.58333333333333337,0,25,12.5,0,0.10638297872340426,0.053191489361702128,D235_F01_V01,235,1,common_grid,absolute,6,detrended_51,mean,x1_ztop,0.15641125730563016,448,3
4,2,0.5,0.66666666666666663,0.58333333333333337,25,50,37.5,0.10638297872340426,0.21276595744680851,0.15957446808510639,D235_F01_V01,235,1,common_grid,absolute,6,detrended_51,mean,x1_ztop,0.049124947274214938,448,3
4,3,0.5,0.66666666666666663,0.58333333333333337,50,75,62.5,0.21276595744680851,0.31914893617021278,0.26595744680851063,D235_F01_V01,235,1,common_grid,absolute,6,detrended_51,mean,x1_ztop,0.09113824388722519,448,3
4,4,0.5,0.66666666666666663,0.58333333333333337,75,100,87.5,0.31914893617021278,0.42553191489361702,0.37234042553191488,D235_F01_V01,235,1,common_grid,absolute,6,detrended_51,mean,x1_ztop,0.095155924361973759,448,3
4,5,0.5,0.66666666666666663,0.58333333333333337,100,125,112.5,0.42553191489361702,0.53191489361702127,0.47872340425531917,D235_F01_V01,235,1,common_grid,absolute,6,detrended_51,mean,x1_ztop,0.074580552640838946,448,3
4,6,0.5,0.66666666666666663,0.58333333333333337,125,150,137.5,0.53191489361702127,0.63829787234042556,0.58510638297872342,D235_F01_V01,235,1,common_grid,absolute,6,detrended_51,mean,x1_ztop,0.084212026791763275,448,3
4,7,0.5,0.66666666666666663,0.58333333333333337,150,175,162.5,0.63829787234042556,0.74468085106382975,0.69148936170212771,D235_F01_V01,235,1,common_grid,absolute,6,detrended_51,mean,x1_ztop,0.064086468379664419,448,3
4,8,0.5,0.66666666666666663,0.58333333333333337,175,200,187.5,0.74468085106382975,0.85106382978723405,0.7978723404255319,D235_F01_V01,235,1,common_grid,absolute,6,detrended_51,mean,x1_ztop,0.055084635618220898,448,3
4,9,0.5,0.66666666666666663,0.58333333333333337,200,225,212.5,0.85106382978723405,0.95744680851063835,0.9042553191489362,D235_F01_V01,235,1,common_grid,absolute,6,detrended_51,mean,x1_ztop,0.033707377320408842,448,3
4,10,0.5,0.66666666666666663,0.58333333333333337,225,250,237.5,0.95744680851063835,1.0638297872340425,1.0106382978723405,D235_F01_V01,235,1,common_grid,absolute,6,detrended_51,mean,x1_ztop,-0.0083910009886121149,448,3
4,11,0.5,0.66666666666666663,0.58333333333333337,250,275,262.5,1.0638297872340425,1.1702127659574468,1.1170212765957446,D235_F01_V01,235,1,common_grid,absolute,6,detrended_51,mean,x1_ztop,0.057213947311399678,448,3
4,12,0.5,0.66666666666666663,0.58333333333333337,275,300,287.5,1.1702127659574468,1.2765957446808511,1.2234042553191489,D235_F01_V01,235,1,common_grid,absolute,6,detrended_51,mean,x1_ztop,0.024436029819314135,448,3
4,13,0.5,0.66666666666666663,0.58333333333333337,300,325,312.5,1.2765957446808511,1.3829787234042554,1.3297872340425532,D235_F01_V01,235,1,common_grid,absolute,6,detrended_51,mean,x1_ztop,0.045086967552235076,448,3
4,14,0.5,0.66666666666666663,0.58333333333333337,325,350,337.5,1.3829787234042554,1.4893617021276595,1.4361702127659575,D235_F01_V01,235,1,common_grid,absolute,6,detrended_51,mean,x1_ztop,0.069219389898719258,448,3
4,15,0.5,0.66666666666666663,0.58333333333333337,350,375,362.5,1.4893617021276595,1.5957446808510638,1.5425531914893618,D235_F01_V01,235,1,common_grid,absolute,6,detrended_51,mean,x1_ztop,-0.011762432465279599,448,3
4,16,0.5,0.66666666666666663,0.58333333333333337,375,400,387.5,1.5957446808510638,1.7021276595744681,1.6489361702127661,D235_F01_V01,235,1,common_grid,absolute,6,detrended_51,mean,x1_ztop,-0.038530540988571518,448,3
4,17,0.5,0.66666666666666663,0.58333333333333337,400,425,412.5,1.7021276595744681,1.8085106382978724,1.7553191489361701,D235_F01_V01,235,1,common_grid,absolute,6,detrended_51,mean,x1_ztop,0.018442363208612658,448,3
4,18,0.5,0.66666666666666663,0.58333333333333337,425,450,437.5,1.8085106382978724,1.9148936170212767,1.8617021276595744,D235_F01_V01,235,1,common_grid,absolute,6,detrended_51,mean,x1_ztop,-0.017881792815918781,448,3
4,19,0.5,0.66666666666666663,0.58333333333333337,450,475,462.5,1.9148936170212767,2.021276595744681,1.9680851063829787,D235_F01_V01,235,1,common_grid,absolute,6,detrended_51,mean,x1_ztop,-0.037437122850368182,448,3
4,20,0.5,0.66666666666666663,0.58333333333333337,475,500,487.5,2.021276595744681,2.1276595744680851,2.0744680851063828,D235_F01_V01,235,1,common_grid,absolute,6,detrended_51,mean,x1_ztop,0.036912747629814571,448,3
5,1,0.66666666666666663,0.83333333333333337,0.75,0,25,12.5,0,0.10638297872340426,0.053191489361702128,D235_F01_V01,235,1,common_grid,absolute,6,detrended_51,mean,x1_ztop,0.13718876603597605,448,3
5,2,0.66666666666666663,0.83333333333333337,0.75,25,50,37.5,0.10638297872340426,0.21276595744680851,0.15957446808510639,D235_F01_V01,235,1,common_grid,absolute,6,detrended_51,mean,x1_ztop,0.053760346871729536,448,3
5,3,0.66666666666666663,0.83333333333333337,0.75,50,75,62.5,0.21276595744680851,0.31914893617021278,0.26595744680851063,D235_F01_V01,235,1,common_grid,absolute,6,detrended_51,mean,x1_ztop,0.072798874489287901,448,3
5,4,0.66666666666666663,0.83333333333333337,0.75,75,100,87.5,0.31914893617021278,0.42553191489361702,0.37234042553191488,D235_F01_V01,235,1,common_grid,absolute,6,detrended_51,mean,x1_ztop,0.12678846578352637,448,3
5,5,0.66666666666666663,0.83333333333333337,0.75,100,125,112.5,0.42553191489361702,0.53191489361702127,0.47872340425531917,D235_F01_V01,235,1,common_grid,absolute,6,detrended_51,mean,x1_ztop,0.18198741567270921,448,3
5,6,0.66666666666666663,0.83333333333333337,0.75,125,150,137.5,0.53191489361702127,0.63829787234042556,0.58510638297872342,D235_F01_V01,235,1,common_grid,absolute,6,detrended_51,mean,x1_ztop,0.06941930571466684,448,3
5,7,0.66666666666666663,0.83333333333333337,0.75,150,175,162.5,0.63829787234042556,0.74468085106382975,0.69148936170212771,D235_F01_V01,235,1,common_grid,absolute,6,detrended_51,mean,x1_ztop,0.064653796581386536,448,3
5,8,0.66666666666666663,0.83333333333333337,0.75,175,200,187.5,0.74468085106382975,0.85106382978723405,0.7978723404255319,D235_F01_V01,235,1,common_grid,absolute,6,detrended_51,mean,x1_ztop,0.084077610987853074,448,3
5,9,0.66666666666666663,0.83333333333333337,0.75,200,225,212.5,0.85106382978723405,0.95744680851063835,0.9042553191489362,D235_F01_V01,235,1,common_grid,absolute,6,detrended_51,mean,x1_ztop,0.13861155373196157,448,3
5,10,0.66666666666666663,0.83333333333333337,0.75,225,250,237.5,0.95744680851063835,1.0638297872340425,1.0106382978723405,D235_F01_V01,235,1,common_grid,absolute,6,detrended_51,mean,x1_ztop,0.095630704847434217,448,3
5,11,0.66666666666666663,0.83333333333333337,0.75,250,275,262.5,1.0638297872340425,1.1702127659574468,1.1170212765957446,D235_F01_V01,235,1,common_grid,absolute,6,detrended_51,mean,x1_ztop,-0.014169352619587291,448,3
5,12,0.66666666666666663,0.83333333333333337,0.75,275,300,287.5,1.1702127659574468,1.2765957446808511,1.2234042553191489,D235_F01_V01,235,1,common_grid,absolute,6,detrended_51,mean,x1_ztop,0.057738149300904471,448,3
5,13,0.66666666666666663,0.83333333333333337,0.75,300,325,312.5,1.2765957446808511,1.3829787234042554,1.3297872340425532,D235_F01_V01,235,1,common_grid,absolute,6,detrended_51,mean,x1_ztop,0.074287251765942836,448,3
5,14,0.66666666666666663,0.83333333333333337,0.75,325,350,337.5,1.3829787234042554,1.4893617021276595,1.4361702127659575,D235_F01_V01,235,1,common_grid,absolute,6,detrended_51,mean,x1_ztop,0.10769325806422345,448,3
5,15,0.66666666666666663,0.83333333333333337,0.75,350,375,362.5,1.4893617021276595,1.5957446808510638,1.5425531914893618,D235_F01_V01,235,1,common_grid,absolute,6,detrended_51,mean,x1_ztop,0.042298870302071231,448,3
5,16,0.66666666666666663,0.83333333333333337,0.75,375,400,387.5,1.5957446808510638,1.7021276595744681,1.6489361702127661,D235_F01_V01,235,1,common_grid,absolute,6,detrended_51,mean,x1_ztop,0.056489432589831898,448,3
5,17,0.66666666666666663,0.83333333333333337,0.75,400,425,412.5,1.7021276595744681,1.8085106382978724,1.7553191489361701,D235_F01_V01,235,1,common_grid,absolute,6,detrended_51,mean,x1_ztop,0.10982937179915256,448,3
5,18,0.66666666666666663,0.83333333333333337,0.75,425,450,437.5,1.8085106382978724,1.9148936170212767,1.8617021276595744,D235_F01_V01,235,1,common_grid,absolute,6,detrended_51,mean,x1_ztop,0.016284607822410757,448,3
5,19,0.66666666666666663,0.83333333333333337,0.75,450,475,462.5,1.9148936170212767,2.021276595744681,1.9680851063829787,D235_F01_V01,235,1,common_grid,absolute,6,detrended_51,mean,x1_ztop,0.034816328554277132,448,3
5,20,0.66666666666666663,0.83333333333333337,0.75,475,500,487.5,2.021276595744681,2.1276595744680851,2.0744680851063828,D235_F01_V01,235,1,common_grid,absolute,6,detrended_51,mean,x1_ztop,-0.048049959987012253,448,3
6,1,0.83333333333333337,1,0.91666666666666663,0,25,12.5,0,0.10638297872340426,0.053191489361702128,D235_F01_V01,235,1,common_grid,absolute,6,detrended_51,mean,x1_ztop,0.17839271563666514,448,3
6,2,0.83333333333333337,1,0.91666666666666663,25,50,37.5,0.10638297872340426,0.21276595744680851,0.15957446808510639,D235_F01_V01,235,1,common_grid,absolute,6,detrended_51,mean,x1_ztop,0.10016319148625843,448,3
6,3,0.83333333333333337,1,0.91666666666666663,50,75,62.5,0.21276595744680851,0.31914893617021278,0.26595744680851063,D235_F01_V01,235,1,common_grid,absolute,6,detrended_51,mean,x1_ztop,0.11313008002761506,448,3
6,4,0.83333333333333337,1,0.91666666666666663,75,100,87.5,0.31914893617021278,0.42553191489361702,0.37234042553191488,D235_F01_V01,235,1,common_grid,absolute,6,detrended_51,mean,x1_ztop,0.14188001303739667,448,3
6,5,0.83333333333333337,1,0.91666666666666663,100,125,112.5,0.42553191489361702,0.53191489361702127,0.47872340425531917,D235_F01_V01,235,1,common_grid,absolute,6,detrended_51,mean,x1_ztop,0.096209945338121328,448,3
6,6,0.83333333333333337,1,0.91666666666666663,125,150,137.5,0.53191489361702127,0.63829787234042556,0.58510638297872342,D235_F01_V01,235,1,common_grid,absolute,6,detrended_51,mean,x1_ztop,0.11583211442887026,448,3
6,7,0.83333333333333337,1,0.91666666666666663,150,175,162.5,0.63829787234042556,0.74468085106382975,0.69148936170212771,D235_F01_V01,235,1,common_grid,absolute,6,detrended_51,mean,x1_ztop,0.017243314188961422,448,3
6,8,0.83333333333333337,1,0.91666666666666663,175,200,187.5,0.74468085106382975,0.85106382978723405,0.7978723404255319,D235_F01_V01,235,1,common_grid,absolute,6,detrended_51,mean,x1_ztop,0.088407941234247556,448,3
6,9,0.83333333333333337,1,0.91666666666666663,200,225,212.5,0.85106382978723405,0.95744680851063835,0.9042553191489362,D235_F01_V01,235,1,common_grid,absolute,6,detrended_51,mean,x1_ztop,0.14697671178696486,448,3
6,10,0.83333333333333337,1,0.91666666666666663,225,250,237.5,0.95744680851063835,1.0638297872340425,1.0106382978723405,D235_F01_V01,235,1,common_grid,absolute,6,detrended_51,mean,x1_ztop,0.13740804678244717,448,3
6,11,0.83333333333333337,1,0.91666666666666663,250,275,262.5,1.0638297872340425,1.1702127659574468,1.1170212765957446,D235_F01_V01,235,1,common_grid,absolute,6,detrended_51,mean,x1_ztop,0.10973144018625877,448,3
6,12,0.83333333333333337,1,0.91666666666666663,275,300,287.5,1.1702127659574468,1.2765957446808511,1.2234042553191489,D235_F01_V01,235,1,common_grid,absolute,6,detrended_51,mean,x1_ztop,0.085610750020889193,448,3
6,13,0.83333333333333337,1,0.91666666666666663,300,325,312.5,1.2765957446808511,1.3829787234042554,1.3297872340425532,D235_F01_V01,235,1,common_grid,absolute,6,detrended_51,mean,x1_ztop,0.10844004736953426,448,3
6,14,0.83333333333333337,1,0.91666666666666663,325,350,337.5,1.3829787234042554,1.4893617021276595,1.4361702127659575,D235_F01_V01,235,1,common_grid,absolute,6,detrended_51,mean,x1_ztop,0.052698975819027098,448,3
6,15,0.83333333333333337,1,0.91666666666666663,350,375,362.5,1.4893617021276595,1.5957446808510638,1.5425531914893618,D235_F01_V01,235,1,common_grid,absolute,6,detrended_51,mean,x1_ztop,0.060232469707735083,448,3
6,16,0.83333333333333337,1,0.91666666666666663,375,400,387.5,1.5957446808510638,1.7021276595744681,1.6489361702127661,D235_F01_V01,235,1,common_grid,absolute,6,detrended_51,mean,x1_ztop,0.061896951749756568,448,3
6,17,0.83333333333333337,1,0.91666666666666663,400,425,412.5,1.7021276595744681,1.8085106382978724,1.7553191489361701,D235_F01_V01,235,1,common_grid,absolute,6,detrended_51,mean,x1_ztop,0.15457173840538951,448,3
6,18,0.83333333333333337,1,0.91666666666666663,425,450,437.5,1.8085106382978724,1.9148936170212767,1.8617021276595744,D235_F01_V01,235,1,common_grid,absolute,6,detrended_51,mean,x1_ztop,-0.029689073225295123,448,3
6,19,0.83333333333333337,1,0.91666666666666663,450,475,462.5,1.9148936170212767,2.021276595744681,1.9680851063829787,D235_F01_V01,235,1,common_grid,absolute,6,detrended_51,mean,x1_ztop,0.057840361809535161,448,3
6,20,0.83333333333333337,1,0.91666666666666663,475,500,487.5,2.021276595744681,2.1276595744680851,2.0744680851063828,D235_F01_V01,235,1,common_grid,absolute,6,detrended_51,mean,x1_ztop,0.0017396241111642362,448,3
1,1,0,0.16666666666666666,0.083333333333333329,0,25,12.5,0,0.10638297872340426,0.053191489361702128,D235_F03_V01,235,3,common_grid,absolute,6,detrended_51,mean,x1_ztop,0.17628683965371134,448,3
1,2,0,0.16666666666666666,0.083333333333333329,25,50,37.5,0.10638297872340426,0.21276595744680851,0.15957446808510639,D235_F03_V01,235,3,common_grid,absolute,6,detrended_51,mean,x1_ztop,0.11975697338872157,448,3
1,3,0,0.16666666666666666,0.083333333333333329,50,75,62.5,0.21276595744680851,0.31914893617021278,0.26595744680851063,D235_F03_V01,235,3,common_grid,absolute,6,detrended_51,mean,x1_ztop,0.15237776774663805,448,3
1,4,0,0.16666666666666666,0.083333333333333329,75,100,87.5,0.31914893617021278,0.42553191489361702,0.37234042553191488,D235_F03_V01,235,3,common_grid,absolute,6,detrended_51,mean,x1_ztop,-0.0075957228670144733,448,3
1,5,0,0.16666666666666666,0.083333333333333329,100,125,112.5,0.42553191489361702,0.53191489361702127,0.47872340425531917,D235_F03_V01,235,3,common_grid,absolute,6,detrended_51,mean,x1_ztop,0.071533154504041907,448,3
1,6,0,0.16666666666666666,0.083333333333333329,125,150,137.5,0.53191489361702127,0.63829787234042556,0.58510638297872342,D235_F03_V01,235,3,common_grid,absolute,6,detrended_51,mean,x1_ztop,0.066481483024545138,448,3
1,7,0,0.16666666666666666,0.083333333333333329,150,175,162.5,0.63829787234042556,0.74468085106382975,0.69148936170212771,D235_F03_V01,235,3,common_grid,absolute,6,detrended_51,mean,x1_ztop,0.0059150050176090332,448,3
1,8,0,0.16666666666666666,0.083333333333333329,175,200,187.5,0.74468085106382975,0.85106382978723405,0.7978723404255319,D235_F03_V01,235,3,common_grid,absolute,6,detrended_51,mean,x1_ztop,0.005581329605407595,448,3
1,9,0,0.16666666666666666,0.083333333333333329,200,225,212.5,0.85106382978723405,0.95744680851063835,0.9042553191489362,D235_F03_V01,235,3,common_grid,absolute,6,detrended_51,mean,x1_ztop,0.047136987729911012,448,3
1,10,0,0.16666666666666666,0.083333333333333329,225,250,237.5,0.95744680851063835,1.0638297872340425,1.0106382978723405,D235_F03_V01,235,3,common_grid,absolute,6,detrended_51,mean,x1_ztop,0.041661067829897494,448,3
1,11,0,0.16666666666666666,0.083333333333333329,250,275,262.5,1.0638297872340425,1.1702127659574468,1.1170212765957446,D235_F03_V01,235,3,common_grid,absolute,6,detrended_51,mean,x1_ztop,0.018520138978087092,448,3
1,12,0,0.16666666666666666,0.083333333333333329,275,300,287.5,1.1702127659574468,1.2765957446808511,1.2234042553191489,D235_F03_V01,235,3,common_grid,absolute,6,detrended_51,mean,x1_ztop,0.017631378430825944,448,3
1,13,0,0.16666666666666666,0.083333333333333329,300,325,312.5,1.2765957446808511,1.3829787234042554,1.3297872340425532,D235_F03_V01,235,3,common_grid,absolute,6,detrended_51,mean,x1_ztop,0.12577227622001605,448,3
1,14,0,0.16666666666666666,0.083333333333333329,325,350,337.5,1.3829787234042554,1.4893617021276595,1.4361702127659575,D235_F03_V01,235,3,common_grid,absolute,6,detrended_51,mean,x1_ztop,0.038873266130204136,448,3
1,15,0,0.16666666666666666,0.083333333333333329,350,375,362.5,1.4893617021276595,1.5957446808510638,1.5425531914893618,D235_F03_V01,235,3,common_grid,absolute,6,detrended_51,mean,x1_ztop,0.11173769943118296,448,3
1,16,0,0.16666666666666666,0.083333333333333329,375,400,387.5,1.5957446808510638,1.7021276595744681,1.6489361702127661,D235_F03_V01,235,3,common_grid,absolute,6,detrended_51,mean,x1_ztop,-0.0013248727061540184,448,3
1,17,0,0.16666666666666666,0.083333333333333329,400,425,412.5,1.7021276595744681,1.8085106382978724,1.7553191489361701,D235_F03_V01,235,3,common_grid,absolute,6,detrended_51,mean,x1_ztop,0.070727363308952726,448,3
1,18,0,0.16666666666666666,0.083333333333333329,425,450,437.5,1.8085106382978724,1.9148936170212767,1.8617021276595744,D235_F03_V01,235,3,common_grid,absolute,6,detrended_51,mean,x1_ztop,0.042951675644980675,448,3
1,19,0,0.16666666666666666,0.083333333333333329,450,475,462.5,1.9148936170212767,2.021276595744681,1.9680851063829787,D235_F03_V01,235,3,common_grid,absolute,6,detrended_51,mean,x1_ztop,0.058912183777403343,448,3
1,20,0,0.16666666666666666,0.083333333333333329,475,500,487.5,2.021276595744681,2.1276595744680851,2.0744680851063828,D235_F03_V01,235,3,common_grid,absolute,6,detrended_51,mean,x1_ztop,0.0045898285678057805,448,3
2,1,0.16666666666666666,0.33333333333333331,0.25,0,25,12.5,0,0.10638297872340426,0.053191489361702128,D235_F03_V01,235,3,common_grid,absolute,6,detrended_51,mean,x1_ztop,0.15863264322631099,448,3
2,2,0.16666666666666666,0.33333333333333331,0.25,25,50,37.5,0.10638297872340426,0.21276595744680851,0.15957446808510639,D235_F03_V01,235,3,common_grid,absolute,6,detrended_51,mean,x1_ztop,0.091782232009284218,448,3
2,3,0.16666666666666666,0.33333333333333331,0.25,50,75,62.5,0.21276595744680851,0.31914893617021278,0.26595744680851063,D235_F03_V01,235,3,common_grid,absolute,6,detrended_51,mean,x1_ztop,0.14321905757841291,448,3
2,4,0.16666666666666666,0.33333333333333331,0.25,75,100,87.5,0.31914893617021278,0.42553191489361702,0.37234042553191488,D235_F03_V01,235,3,common_grid,absolute,6,detrended_51,mean,x1_ztop,0.058879653755782177,448,3
2,5,0.16666666666666666,0.33333333333333331,0.25,100,125,112.5,0.42553191489361702,0.53191489361702127,0.47872340425531917,D235_F03_V01,235,3,common_grid,absolute,6,detrended_51,mean,x1_ztop,0.12074921770753352,448,3
2,6,0.16666666666666666,0.33333333333333331,0.25,125,150,137.5,0.53191489361702127,0.63829787234042556,0.58510638297872342,D235_F03_V01,235,3,common_grid,absolute,6,detrended_51,mean,x1_ztop,0.12539202312760619,448,3
2,7,0.16666666666666666,0.33333333333333331,0.25,150,175,162.5,0.63829787234042556,0.74468085106382975,0.69148936170212771,D235_F03_V01,235,3,common_grid,absolute,6,detrended_51,mean,x1_ztop,0.021574360280068015,448,3
2,8,0.16666666666666666,0.33333333333333331,0.25,175,200,187.5,0.74468085106382975,0.85106382978723405,0.7978723404255319,D235_F03_V01,235,3,common_grid,absolute,6,detrended_51,mean,x1_ztop,0.040382732323126752,448,3
2,9,0.16666666666666666,0.33333333333333331,0.25,200,225,212.5,0.85106382978723405,0.95744680851063835,0.9042553191489362,D235_F03_V01,235,3,common_grid,absolute,6,detrended_51,mean,x1_ztop,0.045480985653994402,448,3
2,10,0.16666666666666666,0.33333333333333331,0.25,225,250,237.5,0.95744680851063835,1.0638297872340425,1.0106382978723405,D235_F03_V01,235,3,common_grid,absolute,6,detrended_51,mean,x1_ztop,0.015458852962314799,448,3
2,11,0.16666666666666666,0.33333333333333331,0.25,250,275,262.5,1.0638297872340425,1.1702127659574468,1.1170212765957446,D235_F03_V01,235,3,common_grid,absolute,6,detrended_51,mean,x1_ztop,0.062901783540328701,448,3
2,12,0.16666666666666666,0.33333333333333331,0.25,275,300,287.5,1.1702127659574468,1.2765957446808511,1.2234042553191489,D235_F03_V01,235,3,common_grid,absolute,6,detrended_51,mean,x1_ztop,0.069650058562954198,448,3
2,13,0.16666666666666666,0.33333333333333331,0.25,300,325,312.5,1.2765957446808511,1.3829787234042554,1.3297872340425532,D235_F03_V01,235,3,common_grid,absolute,6,detrended_51,mean,x1_ztop,0.086182261203241739,448,3
2,14,0.16666666666666666,0.33333333333333331,0.25,325,350,337.5,1.3829787234042554,1.4893617021276595,1.4361702127659575,D235_F03_V01,235,3,common_grid,absolute,6,detrended_51,mean,x1_ztop,-0.03350170520083072,448,3
2,15,0.16666666666666666,0.33333333333333331,0.25,350,375,362.5,1.4893617021276595,1.5957446808510638,1.5425531914893618,D235_F03_V01,235,3,common_grid,absolute,6,detrended_51,mean,x1_ztop,0.016937989628389383,448,3
2,16,0.16666666666666666,0.33333333333333331,0.25,375,400,387.5,1.5957446808510638,1.7021276595744681,1.6489361702127661,D235_F03_V01,235,3,common_grid,absolute,6,detrended_51,mean,x1_ztop,-0.030545482771073721,448,3
2,17,0.16666666666666666,0.33333333333333331,0.25,400,425,412.5,1.7021276595744681,1.8085106382978724,1.7553191489361701,D235_F03_V01,235,3,common_grid,absolute,6,detrended_51,mean,x1_ztop,0.011666887937354795,448,3
2,18,0.16666666666666666,0.33333333333333331,0.25,425,450,437.5,1.8085106382978724,1.9148936170212767,1.8617021276595744,D235_F03_V01,235,3,common_grid,absolute,6,detrended_51,mean,x1_ztop,0.045042648757574598,448,3
2,19,0.16666666666666666,0.33333333333333331,0.25,450,475,462.5,1.9148936170212767,2.021276595744681,1.9680851063829787,D235_F03_V01,235,3,common_grid,absolute,6,detrended_51,mean,x1_ztop,-0.030307624270030364,448,3
2,20,0.16666666666666666,0.33333333333333331,0.25,475,500,487.5,2.021276595744681,2.1276595744680851,2.0744680851063828,D235_F03_V01,235,3,common_grid,absolute,6,detrended_51,mean,x1_ztop,-0.032800159563890999,448,3
3,1,0.33333333333333331,0.5,0.41666666666666669,0,25,12.5,0,0.10638297872340426,0.053191489361702128,D235_F03_V01,235,3,common_grid,absolute,6,detrended_51,mean,x1_ztop,0.18197453986842876,448,3
3,2,0.33333333333333331,0.5,0.41666666666666669,25,50,37.5,0.10638297872340426,0.21276595744680851,0.15957446808510639,D235_F03_V01,235,3,common_grid,absolute,6,detrended_51,mean,x1_ztop,0.047034781442045828,448,3
3,3,0.33333333333333331,0.5,0.41666666666666669,50,75,62.5,0.21276595744680851,0.31914893617021278,0.26595744680851063,D235_F03_V01,235,3,common_grid,absolute,6,detrended_51,mean,x1_ztop,0.085530743952814819,448,3
3,4,0.33333333333333331,0.5,0.41666666666666669,75,100,87.5,0.31914893617021278,0.42553191489361702,0.37234042553191488,D235_F03_V01,235,3,common_grid,absolute,6,detrended_51,mean,x1_ztop,0.077678057812615026,448,3
3,5,0.33333333333333331,0.5,0.41666666666666669,100,125,112.5,0.42553191489361702,0.53191489361702127,0.47872340425531917,D235_F03_V01,235,3,common_grid,absolute,6,detrended_51,mean,x1_ztop,0.079278405235453875,448,3
3,6,0.33333333333333331,0.5,0.41666666666666669,125,150,137.5,0.53191489361702127,0.63829787234042556,0.58510638297872342,D235_F03_V01,235,3,common_grid,absolute,6,detrended_51,mean,x1_ztop,0.098453970670840066,448,3
3,7,0.33333333333333331,0.5,0.41666666666666669,150,175,162.5,0.63829787234042556,0.74468085106382975,0.69148936170212771,D235_F03_V01,235,3,common_grid,absolute,6,detrended_51,mean,x1_ztop,0.049894004533257784,448,3
3,8,0.33333333333333331,0.5,0.41666666666666669,175,200,187.5,0.74468085106382975,0.85106382978723405,0.7978723404255319,D235_F03_V01,235,3,common_grid,absolute,6,detrended_51,mean,x1_ztop,0.032346207008990331,448,3
3,9,0.33333333333333331,0.5,0.41666666666666669,200,225,212.5,0.85106382978723405,0.95744680851063835,0.9042553191489362,D235_F03_V01,235,3,common_grid,absolute,6,detrended_51,mean,x1_ztop,0.048335561752467629,448,3
3,10,0.33333333333333331,0.5,0.41666666666666669,225,250,237.5,0.95744680851063835,1.0638297872340425,1.0106382978723405,D235_F03_V01,235,3,common_grid,absolute,6,detrended_51,mean,x1_ztop,0.13283547755539277,448,3
3,11,0.33333333333333331,0.5,0.41666666666666669,250,275,262.5,1.0638297872340425,1.1702127659574468,1.1170212765957446,D235_F03_V01,235,3,common_grid,absolute,6,detrended_51,mean,x1_ztop,0.067142919028565048,448,3
3,12,0.33333333333333331,0.5,0.41666666666666669,275,300,287.5,1.1702127659574468,1.2765957446808511,1.2234042553191489,D235_F03_V01,235,3,common_grid,absolute,6,detrended_51,mean,x1_ztop,-0.024227951043043445,448,3
3,13,0.33333333333333331,0.5,0.41666666666666669,300,325,312.5,1.2765957446808511,1.3829787234042554,1.3297872340425532,D235_F03_V01,235,3,common_grid,absolute,6,detrended_51,mean,x1_ztop,0.10315368656022514,448,3
3,14,0.33333333333333331,0.5,0.41666666666666669,325,350,337.5,1.3829787234042554,1.4893617021276595,1.4361702127659575,D235_F03_V01,235,3,common_grid,absolute,6,detrended_51,mean,x1_ztop,-0.010619084413421088,448,3
3,15,0.33333333333333331,0.5,0.41666666666666669,350,375,362.5,1.4893617021276595,1.5957446808510638,1.5425531914893618,D235_F03_V01,235,3,common_grid,absolute,6,detrended_51,mean,x1_ztop,0.021874091319201944,448,3
3,16,0.33333333333333331,0.5,0.41666666666666669,375,400,387.5,1.5957446808510638,1.7021276595744681,1.6489361702127661,D235_F03_V01,235,3,common_grid,absolute,6,detrended_51,mean,x1_ztop,-0.018760769365404349,448,3
3,17,0.33333333333333331,0.5,0.41666666666666669,400,425,412.5,1.7021276595744681,1.8085106382978724,1.7553191489361701,D235_F03_V01,235,3,common_grid,absolute,6,detrended_51,mean,x1_ztop,0.024132944687619923,448,3
3,18,0.33333333333333331,0.5,0.41666666666666669,425,450,437.5,1.8085106382978724,1.9148936170212767,1.8617021276595744,D235_F03_V01,235,3,common_grid,absolute,6,detrended_51,mean,x1_ztop,-0.058378721304697026,448,3
3,19,0.33333333333333331,0.5,0.41666666666666669,450,475,462.5,1.9148936170212767,2.021276595744681,1.9680851063829787,D235_F03_V01,235,3,common_grid,absolute,6,detrended_51,mean,x1_ztop,-0.028183212082844952,448,3
3,20,0.33333333333333331,0.5,0.41666666666666669,475,500,487.5,2.021276595744681,2.1276595744680851,2.0744680851063828,D235_F03_V01,235,3,common_grid,absolute,6,detrended_51,mean,x1_ztop,-0.023757998667100478,448,3
4,1,0.5,0.66666666666666663,0.58333333333333337,0,25,12.5,0,0.10638297872340426,0.053191489361702128,D235_F03_V01,235,3,common_grid,absolute,6,detrended_51,mean,x1_ztop,0.1845055170506853,448,3
4,2,0.5,0.66666666666666663,0.58333333333333337,25,50,37.5,0.10638297872340426,0.21276595744680851,0.15957446808510639,D235_F03_V01,235,3,common_grid,absolute,6,detrended_51,mean,x1_ztop,0.14009463330196181,448,3
4,3,0.5,0.66666666666666663,0.58333333333333337,50,75,62.5,0.21276595744680851,0.31914893617021278,0.26595744680851063,D235_F03_V01,235,3,common_grid,absolute,6,detrended_51,mean,x1_ztop,0.10494103766824121,448,3
4,4,0.5,0.66666666666666663,0.58333333333333337,75,100,87.5,0.31914893617021278,0.42553191489361702,0.37234042553191488,D235_F03_V01,235,3,common_grid,absolute,6,detrended_51,mean,x1_ztop,0.1098080750980464,448,3
4,5,0.5,0.66666666666666663,0.58333333333333337,100,125,112.5,0.42553191489361702,0.53191489361702127,0.47872340425531917,D235_F03_V01,235,3,common_grid,absolute,6,detrended_51,mean,x1_ztop,0.1333149096765458,448,3
4,6,0.5,0.66666666666666663,0.58333333333333337,125,150,137.5,0.53191489361702127,0.63829787234042556,0.58510638297872342,D235_F03_V01,235,3,common_grid,absolute,6,detrended_51,mean,x1_ztop,0.00062122390462176352,448,3
4,7,0.5,0.66666666666666663,0.58333333333333337,150,175,162.5,0.63829787234042556,0.74468085106382975,0.69148936170212771,D235_F03_V01,235,3,common_grid,absolute,6,detrended_51,mean,x1_ztop,0.030833785486210602,448,3
4,8,0.5,0.66666666666666663,0.58333333333333337,175,200,187.5,0.74468085106382975,0.85106382978723405,0.7978723404255319,D235_F03_V01,235,3,common_grid,absolute,6,detrended_51,mean,x1_ztop,-0.018582108913522619,448,3
4,9,0.5,0.66666666666666663,0.58333333333333337,200,225,212.5,0.85106382978723405,0.95744680851063835,0.9042553191489362,D235_F03_V01,235,3,common_grid,absolute,6,detrended_51,mean,x1_ztop,0.049191539108611286,448,3
4,10,0.5,0.66666666666666663,0.58333333333333337,225,250,237.5,0.95744680851063835,1.0638297872340425,1.0106382978723405,D235_F03_V01,235,3,common_grid,absolute,6,detrended_51,mean,x1_ztop,0.034983715959076567,448,3
4,11,0.5,0.66666666666666663,0.58333333333333337,250,275,262.5,1.0638297872340425,1.1702127659574468,1.1170212765957446,D235_F03_V01,235,3,common_grid,absolute,6,detrended_51,mean,x1_ztop,0.0084793858979884638,448,3
4,12,0.5,0.66666666666666663,0.58333333333333337,275,300,287.5,1.1702127659574468,1.2765957446808511,1.2234042553191489,D235_F03_V01,235,3,common_grid,absolute,6,detrended_51,mean,x1_ztop,-0.00039030239706470959,448,3
4,13,0.5,0.66666666666666663,0.58333333333333337,300,325,312.5,1.2765957446808511,1.3829787234042554,1.3297872340425532,D235_F03_V01,235,3,common_grid,absolute,6,detrended_51,mean,x1_ztop,0.092542632758872506,448,3
4,14,0.5,0.66666666666666663,0.58333333333333337,325,350,337.5,1.3829787234042554,1.4893617021276595,1.4361702127659575,D235_F03_V01,235,3,common_grid,absolute,6,detrended_51,mean,x1_ztop,0.090712603076822024,448,3
4,15,0.5,0.66666666666666663,0.58333333333333337,350,375,362.5,1.4893617021276595,1.5957446808510638,1.5425531914893618,D235_F03_V01,235,3,common_grid,absolute,6,detrended_51,mean,x1_ztop,0.025120293250292313,448,3
4,16,0.5,0.66666666666666663,0.58333333333333337,375,400,387.5,1.5957446808510638,1.7021276595744681,1.6489361702127661,D235_F03_V01,235,3,common_grid,absolute,6,detrended_51,mean,x1_ztop,0.025197978433169062,448,3
4,17,0.5,0.66666666666666663,0.58333333333333337,400,425,412.5,1.7021276595744681,1.8085106382978724,1.7553191489361701,D235_F03_V01,235,3,common_grid,absolute,6,detrended_51,mean,x1_ztop,0.10222585236650408,448,3
4,18,0.5,0.66666666666666663,0.58333333333333337,425,450,437.5,1.8085106382978724,1.9148936170212767,1.8617021276595744,D235_F03_V01,235,3,common_grid,absolute,6,detrended_51,mean,x1_ztop,0.029076119789877498,448,3
4,19,0.5,0.66666666666666663,0.58333333333333337,450,475,462.5,1.9148936170212767,2.021276595744681,1.9680851063829787,D235_F03_V01,235,3,common_grid,absolute,6,detrended_51,mean,x1_ztop,-0.011163553257938712,448,3
4,20,0.5,0.66666666666666663,0.58333333333333337,475,500,487.5,2.021276595744681,2.1276595744680851,2.0744680851063828,D235_F03_V01,235,3,common_grid,absolute,6,detrended_51,mean,x1_ztop,-0.024236450841772037,448,3
5,1,0.66666666666666663,0.83333333333333337,0.75,0,25,12.5,0,0.10638297872340426,0.053191489361702128,D235_F03_V01,235,3,common_grid,absolute,6,detrended_51,mean,x1_ztop,0.1841970689752411,448,3
5,2,0.66666666666666663,0.83333333333333337,0.75,25,50,37.5,0.10638297872340426,0.21276595744680851,0.15957446808510639,D235_F03_V01,235,3,common_grid,absolute,6,detrended_51,mean,x1_ztop,0.098650506948851746,448,3
5,3,0.66666666666666663,0.83333333333333337,0.75,50,75,62.5,0.21276595744680851,0.31914893617021278,0.26595744680851063,D235_F03_V01,235,3,common_grid,absolute,6,detrended_51,mean,x1_ztop,0.082548564113321454,448,3
5,4,0.66666666666666663,0.83333333333333337,0.75,75,100,87.5,0.31914893617021278,0.42553191489361702,0.37234042553191488,D235_F03_V01,235,3,common_grid,absolute,6,detrended_51,mean,x1_ztop,0.12690400699744842,448,3
5,5,0.66666666666666663,0.83333333333333337,0.75,100,125,112.5,0.42553191489361702,0.53191489361702127,0.47872340425531917,D235_F03_V01,235,3,common_grid,absolute,6,detrended_51,mean,x1_ztop,0.20878156767948408,448,3
5,6,0.66666666666666663,0.83333333333333337,0.75,125,150,137.5,0.53191489361702127,0.63829787234042556,0.58510638297872342,D235_F03_V01,235,3,common_grid,absolute,6,detrended_51,mean,x1_ztop,0.17852428956681107,448,3
5,7,0.66666666666666663,0.83333333333333337,0.75,150,175,162.5,0.63829787234042556,0.74468085106382975,0.69148936170212771,D235_F03_V01,235,3,common_grid,absolute,6,detrended_51,mean,x1_ztop,0.085145969779679045,448,3
5,8,0.66666666666666663,0.83333333333333337,0.75,175,200,187.5,0.74468085106382975,0.85106382978723405,0.7978723404255319,D235_F03_V01,235,3,common_grid,absolute,6,detrended_51,mean,x1_ztop,0.08151388457027231,448,3
5,9,0.66666666666666663,0.83333333333333337,0.75,200,225,212.5,0.85106382978723405,0.95744680851063835,0.9042553191489362,D235_F03_V01,235,3,common_grid,absolute,6,detrended_51,mean,x1_ztop,0.085062478996238089,448,3
5,10,0.66666666666666663,0.83333333333333337,0.75,225,250,237.5,0.95744680851063835,1.0638297872340425,1.0106382978723405,D235_F03_V01,235,3,common_grid,absolute,6,detrended_51,mean,x1_ztop,0.027469411963895889,448,3
5,11,0.66666666666666663,0.83333333333333337,0.75,250,275,262.5,1.0638297872340425,1.1702127659574468,1.1170212765957446,D235_F03_V01,235,3,common_grid,absolute,6,detrended_51,mean,x1_ztop,-0.035550710404337826,448,3
5,12,0.66666666666666663,0.83333333333333337,0.75,275,300,287.5,1.1702127659574468,1.2765957446808511,1.2234042553191489,D235_F03_V01,235,3,common_grid,absolute,6,detrended_51,mean,x1_ztop,-0.0028706939327698272,448,3
5,13,0.66666666666666663,0.83333333333333337,0.75,300,325,312.5,1.2765957446808511,1.3829787234042554,1.3297872340425532,D235_F03_V01,235,3,common_grid,absolute,6,detrended_51,mean,x1_ztop,0.053433876300520912,448,3
5,14,0.66666666666666663,0.83333333333333337,0.75,325,350,337.5,1.3829787234042554,1.4893617021276595,1.4361702127659575,D235_F03_V01,235,3,common_grid,absolute,6,detrended_51,mean,x1_ztop,-0.030334422790549244,448,3
5,15,0.66666666666666663,0.83333333333333337,0.75,350,375,362.5,1.4893617021276595,1.5957446808510638,1.5425531914893618,D235_F03_V01,235,3,common_grid,absolute,6,detrended_51,mean,x1_ztop,0.040834402999607833,448,3
5,16,0.66666666666666663,0.83333333333333337,0.75,375,400,387.5,1.5957446808510638,1.7021276595744681,1.6489361702127661,D235_F03_V01,235,3,common_grid,absolute,6,detrended_51,mean,x1_ztop,-0.033904776529140576,448,3
5,17,0.66666666666666663,0.83333333333333337,0.75,400,425,412.5,1.7021276595744681,1.8085106382978724,1.7553191489361701,D235_F03_V01,235,3,common_grid,absolute,6,detrended_51,mean,x1_ztop,-0.029752975556458474,448,3
5,18,0.66666666666666663,0.83333333333333337,0.75,425,450,437.5,1.8085106382978724,1.9148936170212767,1.8617021276595744,D235_F03_V01,235,3,common_grid,absolute,6,detrended_51,mean,x1_ztop,-0.037790992599517521,448,3
5,19,0.66666666666666663,0.83333333333333337,0.75,450,475,462.5,1.9148936170212767,2.021276595744681,1.9680851063829787,D235_F03_V01,235,3,common_grid,absolute,6,detrended_51,mean,x1_ztop,-0.020147441327775462,448,3
5,20,0.66666666666666663,0.83333333333333337,0.75,475,500,487.5,2.021276595744681,2.1276595744680851,2.0744680851063828,D235_F03_V01,235,3,common_grid,absolute,6,detrended_51,mean,x1_ztop,-0.071199129852456342,448,3
6,1,0.83333333333333337,1,0.91666666666666663,0,25,12.5,0,0.10638297872340426,0.053191489361702128,D235_F03_V01,235,3,common_grid,absolute,6,detrended_51,mean,x1_ztop,0.10229182931628701,448,3
6,2,0.83333333333333337,1,0.91666666666666663,25,50,37.5,0.10638297872340426,0.21276595744680851,0.15957446808510639,D235_F03_V01,235,3,common_grid,absolute,6,detrended_51,mean,x1_ztop,0.00054024535398922505,448,3
6,3,0.83333333333333337,1,0.91666666666666663,50,75,62.5,0.21276595744680851,0.31914893617021278,0.26595744680851063,D235_F03_V01,235,3,common_grid,absolute,6,detrended_51,mean,x1_ztop,0.11350967405513057,448,3
6,4,0.83333333333333337,1,0.91666666666666663,75,100,87.5,0.31914893617021278,0.42553191489361702,0.37234042553191488,D235_F03_V01,235,3,common_grid,absolute,6,detrended_51,mean,x1_ztop,0.11579893223149502,448,3
6,5,0.83333333333333337,1,0.91666666666666663,100,125,112.5,0.42553191489361702,0.53191489361702127,0.47872340425531917,D235_F03_V01,235,3,common_grid,absolute,6,detrended_51,mean,x1_ztop,0.12657691021147022,448,3
6,6,0.83333333333333337,1,0.91666666666666663,125,150,137.5,0.53191489361702127,0.63829787234042556,0.58510638297872342,D235_F03_V01,235,3,common_grid,absolute,6,detrended_51,mean,x1_ztop,0.1741485308205348,448,3
6,7,0.83333333333333337,1,0.91666666666666663,150,175,162.5,0.63829787234042556,0.74468085106382975,0.69148936170212771,D235_F03_V01,235,3,common_grid,absolute,6,detrended_51,mean,x1_ztop,0.13403989014057194,448,3
6,8,0.83333333333333337,1,0.91666666666666663,175,200,187.5,0.74468085106382975,0.85106382978723405,0.7978723404255319,D235_F03_V01,235,3,common_grid,absolute,6,detrended_51,mean,x1_ztop,0.01192223916941245,448,3
6,9,0.83333333333333337,1,0.91666666666666663,200,225,212.5,0.85106382978723405,0.95744680851063835,0.9042553191489362,D235_F03_V01,235,3,common_grid,absolute,6,detrended_51,mean,x1_ztop,-0.031040777067649388,448,3
6,10,0.83333333333333337,1,0.91666666666666663,225,250,237.5,0.95744680851063835,1.0638297872340425,1.0106382978723405,D235_F03_V01,235,3,common_grid,absolute,6,detrended_51,mean,x1_ztop,-0.069859851121608307,448,3
6,11,0.83333333333333337,1,0.91666666666666663,250,275,262.5,1.0638297872340425,1.1702127659574468,1.1170212765957446,D235_F03_V01,235,3,common_grid,absolute,6,detrended_51,mean,x1_ztop,-0.0046526711941006389,448,3
6,12,0.83333333333333337,1,0.91666666666666663,275,300,287.5,1.1702127659574468,1.2765957446808511,1.2234042553191489,D235_F03_V01,235,3,common_grid,absolute,6,detrended_51,mean,x1_ztop,0.022535196716802271,448,3
6,13,0.83333333333333337,1,0.91666666666666663,300,325,312.5,1.2765957446808511,1.3829787234042554,1.3297872340425532,D235_F03_V01,235,3,common_grid,absolute,6,detrended_51,mean,x1_ztop,0.083413786410755225,448,3
6,14,0.83333333333333337,1,0.91666666666666663,325,350,337.5,1.3829787234042554,1.4893617021276595,1.4361702127659575,D235_F03_V01,235,3,common_grid,absolute,6,detrended_51,mean,x1_ztop,-0.018953035434228542,448,3
6,15,0.83333333333333337,1,0.91666666666666663,350,375,362.5,1.4893617021276595,1.5957446808510638,1.5425531914893618,D235_F03_V01,235,3,common_grid,absolute,6,detrended_51,mean,x1_ztop,0.059677882306789665,448,3
6,16,0.83333333333333337,1,0.91666666666666663,375,400,387.5,1.5957446808510638,1.7021276595744681,1.6489361702127661,D235_F03_V01,235,3,common_grid,absolute,6,detrended_51,mean,x1_ztop,-0.048553909634105115,448,3
6,17,0.83333333333333337,1,0.91666666666666663,400,425,412.5,1.7021276595744681,1.8085106382978724,1.7553191489361701,D235_F03_V01,235,3,common_grid,absolute,6,detrended_51,mean,x1_ztop,0.023866940207522062,448,3
6,18,0.83333333333333337,1,0.91666666666666663,425,450,437.5,1.8085106382978724,1.9148936170212767,1.8617021276595744,D235_F03_V01,235,3,common_grid,absolute,6,detrended_51,mean,x1_ztop,-0.014315307041215872,448,3
6,19,0.83333333333333337,1,0.91666666666666663,450,475,462.5,1.9148936170212767,2.021276595744681,1.9680851063829787,D235_F03_V01,235,3,common_grid,absolute,6,detrended_51,mean,x1_ztop,0.028099009172894582,448,3
6,20,0.83333333333333337,1,0.91666666666666663,475,500,487.5,2.021276595744681,2.1276595744680851,2.0744680851063828,D235_F03_V01,235,3,common_grid,absolute,6,detrended_51,mean,x1_ztop,-0.029065741705505656,448,3
1,1,0,0.16666666666666666,0.083333333333333329,0,25,12.5,0,0.10638297872340426,0.053191489361702128,D235_F05_V01,235,5,common_grid,absolute,6,detrended_51,mean,x1_ztop,-0.026387120065101778,424,3
1,2,0,0.16666666666666666,0.083333333333333329,25,50,37.5,0.10638297872340426,0.21276595744680851,0.15957446808510639,D235_F05_V01,235,5,common_grid,absolute,6,detrended_51,mean,x1_ztop,-0.020903740786209477,424,3
1,3,0,0.16666666666666666,0.083333333333333329,50,75,62.5,0.21276595744680851,0.31914893617021278,0.26595744680851063,D235_F05_V01,235,5,common_grid,absolute,6,detrended_51,mean,x1_ztop,-0.0047621505650479352,424,3
1,4,0,0.16666666666666666,0.083333333333333329,75,100,87.5,0.31914893617021278,0.42553191489361702,0.37234042553191488,D235_F05_V01,235,5,common_grid,absolute,6,detrended_51,mean,x1_ztop,0.11934101441874434,424,3
1,5,0,0.16666666666666666,0.083333333333333329,100,125,112.5,0.42553191489361702,0.53191489361702127,0.47872340425531917,D235_F05_V01,235,5,common_grid,absolute,6,detrended_51,mean,x1_ztop,0.03160198893140196,424,3
1,6,0,0.16666666666666666,0.083333333333333329,125,150,137.5,0.53191489361702127,0.63829787234042556,0.58510638297872342,D235_F05_V01,235,5,common_grid,absolute,6,detrended_51,mean,x1_ztop,0.066733460797512772,424,3
1,7,0,0.16666666666666666,0.083333333333333329,150,175,162.5,0.63829787234042556,0.74468085106382975,0.69148936170212771,D235_F05_V01,235,5,common_grid,absolute,6,detrended_51,mean,x1_ztop,-0.079466895283366187,424,3
1,8,0,0.16666666666666666,0.083333333333333329,175,200,187.5,0.74468085106382975,0.85106382978723405,0.7978723404255319,D235_F05_V01,235,5,common_grid,absolute,6,detrended_51,mean,x1_ztop,0.044790554214558638,424,3
1,9,0,0.16666666666666666,0.083333333333333329,200,225,212.5,0.85106382978723405,0.95744680851063835,0.9042553191489362,D235_F05_V01,235,5,common_grid,absolute,6,detrended_51,mean,x1_ztop,-0.0083715106659102978,424,3
1,10,0,0.16666666666666666,0.083333333333333329,225,250,237.5,0.95744680851063835,1.0638297872340425,1.0106382978723405,D235_F05_V01,235,5,common_grid,absolute,6,detrended_51,mean,x1_ztop,0.0099816115655978043,424,3
1,11,0,0.16666666666666666,0.083333333333333329,250,275,262.5,1.0638297872340425,1.1702127659574468,1.1170212765957446,D235_F05_V01,235,5,common_grid,absolute,6,detrended_51,mean,x1_ztop,0.072457369340487215,424,3
1,12,0,0.16666666666666666,0.083333333333333329,275,300,287.5,1.1702127659574468,1.2765957446808511,1.2234042553191489,D235_F05_V01,235,5,common_grid,absolute,6,detrended_51,mean,x1_ztop,0.030364723239726801,424,3
1,13,0,0.16666666666666666,0.083333333333333329,300,325,312.5,1.2765957446808511,1.3829787234042554,1.3297872340425532,D235_F05_V01,235,5,common_grid,absolute,6,detrended_51,mean,x1_ztop,0.00086193194697409964,424,3
1,14,0,0.16666666666666666,0.083333333333333329,325,350,337.5,1.3829787234042554,1.4893617021276595,1.4361702127659575,D235_F05_V01,235,5,common_grid,absolute,6,detrended_51,mean,x1_ztop,0.012887149330851578,424,3
1,15,0,0.16666666666666666,0.083333333333333329,350,375,362.5,1.4893617021276595,1.5957446808510638,1.5425531914893618,D235_F05_V01,235,5,common_grid,absolute,6,detrended_51,mean,x1_ztop,0.033726299712991972,424,3
1,16,0,0.16666666666666666,0.083333333333333329,375,400,387.5,1.5957446808510638,1.7021276595744681,1.6489361702127661,D235_F05_V01,235,5,common_grid,absolute,6,detrended_51,mean,x1_ztop,-0.0089107977639245259,424,3
1,17,0,0.16666666666666666,0.083333333333333329,400,425,412.5,1.7021276595744681,1.8085106382978724,1.7553191489361701,D235_F05_V01,235,5,common_grid,absolute,6,detrended_51,mean,x1_ztop,0.0063256362903845731,424,3
1,18,0,0.16666666666666666,0.083333333333333329,425,450,437.5,1.8085106382978724,1.9148936170212767,1.8617021276595744,D235_F05_V01,235,5,common_grid,absolute,6,detrended_51,mean,x1_ztop,0.0066861878784897529,424,3
1,19,0,0.16666666666666666,0.083333333333333329,450,475,462.5,1.9148936170212767,2.021276595744681,1.9680851063829787,D235_F05_V01,235,5,common_grid,absolute,6,detrended_51,mean,x1_ztop,-0.039108488160880417,424,3
1,20,0,0.16666666666666666,0.083333333333333329,475,500,487.5,2.021276595744681,2.1276595744680851,2.0744680851063828,D235_F05_V01,235,5,common_grid,absolute,6,detrended_51,mean,x1_ztop,-0.032549577798106237,424,3
2,1,0.16666666666666666,0.33333333333333331,0.25,0,25,12.5,0,0.10638297872340426,0.053191489361702128,D235_F05_V01,235,5,common_grid,absolute,6,detrended_51,mean,x1_ztop,0.11954531920110693,424,3
2,2,0.16666666666666666,0.33333333333333331,0.25,25,50,37.5,0.10638297872340426,0.21276595744680851,0.15957446808510639,D235_F05_V01,235,5,common_grid,absolute,6,detrended_51,mean,x1_ztop,0.12146904760739217,424,3
2,3,0.16666666666666666,0.33333333333333331,0.25,50,75,62.5,0.21276595744680851,0.31914893617021278,0.26595744680851063,D235_F05_V01,235,5,common_grid,absolute,6,detrended_51,mean,x1_ztop,0.15955312286506629,424,3
2,4,0.16666666666666666,0.33333333333333331,0.25,75,100,87.5,0.31914893617021278,0.42553191489361702,0.37234042553191488,D235_F05_V01,235,5,common_grid,absolute,6,detrended_51,mean,x1_ztop,0.10239205660372955,424,3
2,5,0.16666666666666666,0.33333333333333331,0.25,100,125,112.5,0.42553191489361702,0.53191489361702127,0.47872340425531917,D235_F05_V01,235,5,common_grid,absolute,6,detrended_51,mean,x1_ztop,0.12832858511063466,424,3
2,6,0.16666666666666666,0.33333333333333331,0.25,125,150,137.5,0.53191489361702127,0.63829787234042556,0.58510638297872342,D235_F05_V01,235,5,common_grid,absolute,6,detrended_51,mean,x1_ztop,0.076315670205646113,424,3
2,7,0.16666666666666666,0.33333333333333331,0.25,150,175,162.5,0.63829787234042556,0.74468085106382975,0.69148936170212771,D235_F05_V01,235,5,common_grid,absolute,6,detrended_51,mean,x1_ztop,0.042598763531735834,424,3
2,8,0.16666666666666666,0.33333333333333331,0.25,175,200,187.5,0.74468085106382975,0.85106382978723405,0.7978723404255319,D235_F05_V01,235,5,common_grid,absolute,6,detrended_51,mean,x1_ztop,0.095938024757036777,424,3
2,9,0.16666666666666666,0.33333333333333331,0.25,200,225,212.5,0.85106382978723405,0.95744680851063835,0.9042553191489362,D235_F05_V01,235,5,common_grid,absolute,6,detrended_51,mean,x1_ztop,0.061118338221654051,424,3
2,10,0.16666666666666666,0.33333333333333331,0.25,225,250,237.5,0.95744680851063835,1.0638297872340425,1.0106382978723405,D235_F05_V01,235,5,common_grid,absolute,6,detrended_51,mean,x1_ztop,0.083594740928128936,424,3
2,11,0.16666666666666666,0.33333333333333331,0.25,250,275,262.5,1.0638297872340425,1.1702127659574468,1.1170212765957446,D235_F05_V01,235,5,common_grid,absolute,6,detrended_51,mean,x1_ztop,-0.070459141074343506,424,3
2,12,0.16666666666666666,0.33333333333333331,0.25,275,300,287.5,1.1702127659574468,1.2765957446808511,1.2234042553191489,D235_F05_V01,235,5,common_grid,absolute,6,detrended_51,mean,x1_ztop,0.0086024117782079346,424,3
2,13,0.16666666666666666,0.33333333333333331,0.25,300,325,312.5,1.2765957446808511,1.3829787234042554,1.3297872340425532,D235_F05_V01,235,5,common_grid,absolute,6,detrended_51,mean,x1_ztop,0.077113724558914354,424,3
2,14,0.16666666666666666,0.33333333333333331,0.25,325,350,337.5,1.3829787234042554,1.4893617021276595,1.4361702127659575,D235_F05_V01,235,5,common_grid,absolute,6,detrended_51,mean,x1_ztop,0.06439204772549019,424,3
2,15,0.16666666666666666,0.33333333333333331,0.25,350,375,362.5,1.4893617021276595,1.5957446808510638,1.5425531914893618,D235_F05_V01,235,5,common_grid,absolute,6,detrended_51,mean,x1_ztop,0.10817166736392081,424,3
2,16,0.16666666666666666,0.33333333333333331,0.25,375,400,387.5,1.5957446808510638,1.7021276595744681,1.6489361702127661,D235_F05_V01,235,5,common_grid,absolute,6,detrended_51,mean,x1_ztop,-0.013374913297323217,424,3
2,17,0.16666666666666666,0.33333333333333331,0.25,400,425,412.5,1.7021276595744681,1.8085106382978724,1.7553191489361701,D235_F05_V01,235,5,common_grid,absolute,6,detrended_51,mean,x1_ztop,0.019656643801699063,424,3
2,18,0.16666666666666666,0.33333333333333331,0.25,425,450,437.5,1.8085106382978724,1.9148936170212767,1.8617021276595744,D235_F05_V01,235,5,common_grid,absolute,6,detrended_51,mean,x1_ztop,0.031370912866051898,424,3
2,19,0.16666666666666666,0.33333333333333331,0.25,450,475,462.5,1.9148936170212767,2.021276595744681,1.9680851063829787,D235_F05_V01,235,5,common_grid,absolute,6,detrended_51,mean,x1_ztop,-0.012713002957452674,424,3
2,20,0.16666666666666666,0.33333333333333331,0.25,475,500,487.5,2.021276595744681,2.1276595744680851,2.0744680851063828,D235_F05_V01,235,5,common_grid,absolute,6,detrended_51,mean,x1_ztop,-0.056069755698993168,424,3
3,1,0.33333333333333331,0.5,0.41666666666666669,0,25,12.5,0,0.10638297872340426,0.053191489361702128,D235_F05_V01,235,5,common_grid,absolute,6,detrended_51,mean,x1_ztop,0.16049651480830304,424,3
3,2,0.33333333333333331,0.5,0.41666666666666669,25,50,37.5,0.10638297872340426,0.21276595744680851,0.15957446808510639,D235_F05_V01,235,5,common_grid,absolute,6,detrended_51,mean,x1_ztop,0.11592473924361206,424,3
3,3,0.33333333333333331,0.5,0.41666666666666669,50,75,62.5,0.21276595744680851,0.31914893617021278,0.26595744680851063,D235_F05_V01,235,5,common_grid,absolute,6,detrended_51,mean,x1_ztop,0.15877617549562129,424,3
3,4,0.33333333333333331,0.5,0.41666666666666669,75,100,87.5,0.31914893617021278,0.42553191489361702,0.37234042553191488,D235_F05_V01,235,5,common_grid,absolute,6,detrended_51,mean,x1_ztop,0.075364052362644235,424,3
3,5,0.33333333333333331,0.5,0.41666666666666669,100,125,112.5,0.42553191489361702,0.53191489361702127,0.47872340425531917,D235_F05_V01,235,5,common_grid,absolute,6,detrended_51,mean,x1_ztop,0.072193187119927088,424,3
3,6,0.33333333333333331,0.5,0.41666666666666669,125,150,137.5,0.53191489361702127,0.63829787234042556,0.58510638297872342,D235_F05_V01,235,5,common_grid,absolute,6,detrended_51,mean,x1_ztop,0.10125238887387446,424,3
3,7,0.33333333333333331,0.5,0.41666666666666669,150,175,162.5,0.63829787234042556,0.74468085106382975,0.69148936170212771,D235_F05_V01,235,5,common_grid,absolute,6,detrended_51,mean,x1_ztop,0.10915366933482948,424,3
3,8,0.33333333333333331,0.5,0.41666666666666669,175,200,187.5,0.74468085106382975,0.85106382978723405,0.7978723404255319,D235_F05_V01,235,5,common_grid,absolute,6,detrended_51,mean,x1_ztop,0.13440730490768379,424,3
3,9,0.33333333333333331,0.5,0.41666666666666669,200,225,212.5,0.85106382978723405,0.95744680851063835,0.9042553191489362,D235_F05_V01,235,5,common_grid,absolute,6,detrended_51,mean,x1_ztop,0.069348961145748622,424,3
3,10,0.33333333333333331,0.5,0.41666666666666669,225,250,237.5,0.95744680851063835,1.0638297872340425,1.0106382978723405,D235_F05_V01,235,5,common_grid,absolute,6,detrended_51,mean,x1_ztop,0.026647093194456645,424,3
3,11,0.33333333333333331,0.5,0.41666666666666669,250,275,262.5,1.0638297872340425,1.1702127659574468,1.1170212765957446,D235_F05_V01,235,5,common_grid,absolute,6,detrended_51,mean,x1_ztop,0.028598396659341142,424,3
3,12,0.33333333333333331,0.5,0.41666666666666669,275,300,287.5,1.1702127659574468,1.2765957446808511,1.2234042553191489,D235_F05_V01,235,5,common_grid,absolute,6,detrended_51,mean,x1_ztop,0.015449300609201688,424,3
3,13,0.33333333333333331,0.5,0.41666666666666669,300,325,312.5,1.2765957446808511,1.3829787234042554,1.3297872340425532,D235_F05_V01,235,5,common_grid,absolute,6,detrended_51,mean,x1_ztop,0.058353818437599708,424,3
3,14,0.33333333333333331,0.5,0.41666666666666669,325,350,337.5,1.3829787234042554,1.4893617021276595,1.4361702127659575,D235_F05_V01,235,5,common_grid,absolute,6,detrended_51,mean,x1_ztop,0.097208133064409022,424,3
3,15,0.33333333333333331,0.5,0.41666666666666669,350,375,362.5,1.4893617021276595,1.5957446808510638,1.5425531914893618,D235_F05_V01,235,5,common_grid,absolute,6,detrended_51,mean,x1_ztop,0.032149500951238537,424,3
3,16,0.33333333333333331,0.5,0.41666666666666669,375,400,387.5,1.5957446808510638,1.7021276595744681,1.6489361702127661,D235_F05_V01,235,5,common_grid,absolute,6,detrended_51,mean,x1_ztop,-9.707905775817316e-05,424,3
3,17,0.33333333333333331,0.5,0.41666666666666669,400,425,412.5,1.7021276595744681,1.8085106382978724,1.7553191489361701,D235_F05_V01,235,5,common_grid,absolute,6,detrended_51,mean,x1_ztop,0.055590257787627405,424,3
3,18,0.33333333333333331,0.5,0.41666666666666669,425,450,437.5,1.8085106382978724,1.9148936170212767,1.8617021276595744,D235_F05_V01,235,5,common_grid,absolute,6,detrended_51,mean,x1_ztop,0.079411135971913877,424,3
3,19,0.33333333333333331,0.5,0.41666666666666669,450,475,462.5,1.9148936170212767,2.021276595744681,1.9680851063829787,D235_F05_V01,235,5,common_grid,absolute,6,detrended_51,mean,x1_ztop,-0.095996611298424656,424,3
3,20,0.33333333333333331,0.5,0.41666666666666669,475,500,487.5,2.021276595744681,2.1276595744680851,2.0744680851063828,D235_F05_V01,235,5,common_grid,absolute,6,detrended_51,mean,x1_ztop,0.009938362404704873,424,3
4,1,0.5,0.66666666666666663,0.58333333333333337,0,25,12.5,0,0.10638297872340426,0.053191489361702128,D235_F05_V01,235,5,common_grid,absolute,6,detrended_51,mean,x1_ztop,0.11516486035374549,424,3
4,2,0.5,0.66666666666666663,0.58333333333333337,25,50,37.5,0.10638297872340426,0.21276595744680851,0.15957446808510639,D235_F05_V01,235,5,common_grid,absolute,6,detrended_51,mean,x1_ztop,0.12231785917361999,424,3
4,3,0.5,0.66666666666666663,0.58333333333333337,50,75,62.5,0.21276595744680851,0.31914893617021278,0.26595744680851063,D235_F05_V01,235,5,common_grid,absolute,6,detrended_51,mean,x1_ztop,0.12416750951530063,424,3
4,4,0.5,0.66666666666666663,0.58333333333333337,75,100,87.5,0.31914893617021278,0.42553191489361702,0.37234042553191488,D235_F05_V01,235,5,common_grid,absolute,6,detrended_51,mean,x1_ztop,0.11710684411740478,424,3
4,5,0.5,0.66666666666666663,0.58333333333333337,100,125,112.5,0.42553191489361702,0.53191489361702127,0.47872340425531917,D235_F05_V01,235,5,common_grid,absolute,6,detrended_51,mean,x1_ztop,0.11575789676218567,424,3
4,6,0.5,0.66666666666666663,0.58333333333333337,125,150,137.5,0.53191489361702127,0.63829787234042556,0.58510638297872342,D235_F05_V01,235,5,common_grid,absolute,6,detrended_51,mean,x1_ztop,0.098949475823693414,424,3
4,7,0.5,0.66666666666666663,0.58333333333333337,150,175,162.5,0.63829787234042556,0.74468085106382975,0.69148936170212771,D235_F05_V01,235,5,common_grid,absolute,6,detrended_51,mean,x1_ztop,0.10005976751565647,424,3
4,8,0.5,0.66666666666666663,0.58333333333333337,175,200,187.5,0.74468085106382975,0.85106382978723405,0.7978723404255319,D235_F05_V01,235,5,common_grid,absolute,6,detrended_51,mean,x1_ztop,0.075725974508951077,424,3
4,9,0.5,0.66666666666666663,0.58333333333333337,200,225,212.5,0.85106382978723405,0.95744680851063835,0.9042553191489362,D235_F05_V01,235,5,common_grid,absolute,6,detrended_51,mean,x1_ztop,0.081909775304570179,424,3
4,10,0.5,0.66666666666666663,0.58333333333333337,225,250,237.5,0.95744680851063835,1.0638297872340425,1.0106382978723405,D235_F05_V01,235,5,common_grid,absolute,6,detrended_51,mean,x1_ztop,0.048826323391750137,424,3
4,11,0.5,0.66666666666666663,0.58333333333333337,250,275,262.5,1.0638297872340425,1.1702127659574468,1.1170212765957446,D235_F05_V01,235,5,common_grid,absolute,6,detrended_51,mean,x1_ztop,0.0025041586735085148,424,3
4,12,0.5,0.66666666666666663,0.58333333333333337,275,300,287.5,1.1702127659574468,1.2765957446808511,1.2234042553191489,D235_F05_V01,235,5,common_grid,absolute,6,detrended_51,mean,x1_ztop,0.044091338145782755,424,3
4,13,0.5,0.66666666666666663,0.58333333333333337,300,325,312.5,1.2765957446808511,1.3829787234042554,1.3297872340425532,D235_F05_V01,235,5,common_grid,absolute,6,detrended_51,mean,x1_ztop,0.0055035605660132478,424,3
4,14,0.5,0.66666666666666663,0.58333333333333337,325,350,337.5,1.3829787234042554,1.4893617021276595,1.4361702127659575,D235_F05_V01,235,5,common_grid,absolute,6,detrended_51,mean,x1_ztop,0.13668314479727903,424,3
4,15,0.5,0.66666666666666663,0.58333333333333337,350,375,362.5,1.4893617021276595,1.5957446808510638,1.5425531914893618,D235_F05_V01,235,5,common_grid,absolute,6,detrended_51,mean,x1_ztop,0.022521590472889937,424,3
4,16,0.5,0.66666666666666663,0.58333333333333337,375,400,387.5,1.5957446808510638,1.7021276595744681,1.6489361702127661,D235_F05_V01,235,5,common_grid,absolute,6,detrended_51,mean,x1_ztop,0.045949253449207979,424,3
4,17,0.5,0.66666666666666663,0.58333333333333337,400,425,412.5,1.7021276595744681,1.8085106382978724,1.7553191489361701,D235_F05_V01,235,5,common_grid,absolute,6,detrended_51,mean,x1_ztop,0.064248561255391065,424,3
4,18,0.5,0.66666666666666663,0.58333333333333337,425,450,437.5,1.8085106382978724,1.9148936170212767,1.8617021276595744,D235_F05_V01,235,5,common_grid,absolute,6,detrended_51,mean,x1_ztop,0.030263979040996283,424,3
4,19,0.5,0.66666666666666663,0.58333333333333337,450,475,462.5,1.9148936170212767,2.021276595744681,1.9680851063829787,D235_F05_V01,235,5,common_grid,absolute,6,detrended_51,mean,x1_ztop,-0.050835516513096396,424,3
4,20,0.5,0.66666666666666663,0.58333333333333337,475,500,487.5,2.021276595744681,2.1276595744680851,2.0744680851063828,D235_F05_V01,235,5,common_grid,absolute,6,detrended_51,mean,x1_ztop,0.029602458878595569,424,3
5,1,0.66666666666666663,0.83333333333333337,0.75,0,25,12.5,0,0.10638297872340426,0.053191489361702128,D235_F05_V01,235,5,common_grid,absolute,6,detrended_51,mean,x1_ztop,0.19240533660038289,424,3
5,2,0.66666666666666663,0.83333333333333337,0.75,25,50,37.5,0.10638297872340426,0.21276595744680851,0.15957446808510639,D235_F05_V01,235,5,common_grid,absolute,6,detrended_51,mean,x1_ztop,0.059794273036030382,424,3
5,3,0.66666666666666663,0.83333333333333337,0.75,50,75,62.5,0.21276595744680851,0.31914893617021278,0.26595744680851063,D235_F05_V01,235,5,common_grid,absolute,6,detrended_51,mean,x1_ztop,0.16855035670430191,424,3
5,4,0.66666666666666663,0.83333333333333337,0.75,75,100,87.5,0.31914893617021278,0.42553191489361702,0.37234042553191488,D235_F05_V01,235,5,common_grid,absolute,6,detrended_51,mean,x1_ztop,0.17735169350060892,424,3
5,5,0.66666666666666663,0.83333333333333337,0.75,100,125,112.5,0.42553191489361702,0.53191489361702127,0.47872340425531917,D235_F05_V01,235,5,common_grid,absolute,6,detrended_51,mean,x1_ztop,0.14467351250367311,424,3
5,6,0.66666666666666663,0.83333333333333337,0.75,125,150,137.5,0.53191489361702127,0.63829787234042556,0.58510638297872342,D235_F05_V01,235,5,common_grid,absolute,6,detrended_51,mean,x1_ztop,0.11892248625182585,424,3
5,7,0.66666666666666663,0.83333333333333337,0.75,150,175,162.5,0.63829787234042556,0.74468085106382975,0.69148936170212771,D235_F05_V01,235,5,common_grid,absolute,6,detrended_51,mean,x1_ztop,0.16414973783970063,424,3
5,8,0.66666666666666663,0.83333333333333337,0.75,175,200,187.5,0.74468085106382975,0.85106382978723405,0.7978723404255319,D235_F05_V01,235,5,common_grid,absolute,6,detrended_51,mean,x1_ztop,0.088561637125096904,424,3
5,9,0.66666666666666663,0.83333333333333337,0.75,200,225,212.5,0.85106382978723405,0.95744680851063835,0.9042553191489362,D235_F05_V01,235,5,common_grid,absolute,6,detrended_51,mean,x1_ztop,0.0093121974147694561,424,3
5,10,0.66666666666666663,0.83333333333333337,0.75,225,250,237.5,0.95744680851063835,1.0638297872340425,1.0106382978723405,D235_F05_V01,235,5,common_grid,absolute,6,detrended_51,mean,x1_ztop,0.038238094861843937,424,3
5,11,0.66666666666666663,0.83333333333333337,0.75,250,275,262.5,1.0638297872340425,1.1702127659574468,1.1170212765957446,D235_F05_V01,235,5,common_grid,absolute,6,detrended_51,mean,x1_ztop,0.030817204913631428,424,3
5,12,0.66666666666666663,0.83333333333333337,0.75,275,300,287.5,1.1702127659574468,1.2765957446808511,1.2234042553191489,D235_F05_V01,235,5,common_grid,absolute,6,detrended_51,mean,x1_ztop,0.02188143099682148,424,3
5,13,0.66666666666666663,0.83333333333333337,0.75,300,325,312.5,1.2765957446808511,1.3829787234042554,1.3297872340425532,D235_F05_V01,235,5,common_grid,absolute,6,detrended_51,mean,x1_ztop,-0.047574437163885409,424,3
5,14,0.66666666666666663,0.83333333333333337,0.75,325,350,337.5,1.3829787234042554,1.4893617021276595,1.4361702127659575,D235_F05_V01,235,5,common_grid,absolute,6,detrended_51,mean,x1_ztop,0.10633306671232925,424,3
5,15,0.66666666666666663,0.83333333333333337,0.75,350,375,362.5,1.4893617021276595,1.5957446808510638,1.5425531914893618,D235_F05_V01,235,5,common_grid,absolute,6,detrended_51,mean,x1_ztop,-0.05594619010874563,424,3
5,16,0.66666666666666663,0.83333333333333337,0.75,375,400,387.5,1.5957446808510638,1.7021276595744681,1.6489361702127661,D235_F05_V01,235,5,common_grid,absolute,6,detrended_51,mean,x1_ztop,0.040298386934942032,424,3
5,17,0.66666666666666663,0.83333333333333337,0.75,400,425,412.5,1.7021276595744681,1.8085106382978724,1.7553191489361701,D235_F05_V01,235,5,common_grid,absolute,6,detrended_51,mean,x1_ztop,-0.019782010540850964,424,3
5,18,0.66666666666666663,0.83333333333333337,0.75,425,450,437.5,1.8085106382978724,1.9148936170212767,1.8617021276595744,D235_F05_V01,235,5,common_grid,absolute,6,detrended_51,mean,x1_ztop,0.055005051281854407,424,3
5,19,0.66666666666666663,0.83333333333333337,0.75,450,475,462.5,1.9148936170212767,2.021276595744681,1.9680851063829787,D235_F05_V01,235,5,common_grid,absolute,6,detrended_51,mean,x1_ztop,-0.033043963830600223,424,3
5,20,0.66666666666666663,0.83333333333333337,0.75,475,500,487.5,2.021276595744681,2.1276595744680851,2.0744680851063828,D235_F05_V01,235,5,common_grid,absolute,6,detrended_51,mean,x1_ztop,-0.042751342427349043,424,3
6,1,0.83333333333333337,1,0.91666666666666663,0,25,12.5,0,0.10638297872340426,0.053191489361702128,D235_F05_V01,235,5,common_grid,absolute,6,detrended_51,mean,x1_ztop,0.11434324771167514,424,3
6,2,0.83333333333333337,1,0.91666666666666663,25,50,37.5,0.10638297872340426,0.21276595744680851,0.15957446808510639,D235_F05_V01,235,5,common_grid,absolute,6,detrended_51,mean,x1_ztop,0.038482258747697333,424,3
6,3,0.83333333333333337,1,0.91666666666666663,50,75,62.5,0.21276595744680851,0.31914893617021278,0.26595744680851063,D235_F05_V01,235,5,common_grid,absolute,6,detrended_51,mean,x1_ztop,0.15052362623128288,424,3
6,4,0.83333333333333337,1,0.91666666666666663,75,100,87.5,0.31914893617021278,0.42553191489361702,0.37234042553191488,D235_F05_V01,235,5,common_grid,absolute,6,detrended_51,mean,x1_ztop,0.1428756455095852,424,3
6,5,0.83333333333333337,1,0.91666666666666663,100,125,112.5,0.42553191489361702,0.53191489361702127,0.47872340425531917,D235_F05_V01,235,5,common_grid,absolute,6,detrended_51,mean,x1_ztop,0.13041939825865514,424,3
6,6,0.83333333333333337,1,0.91666666666666663,125,150,137.5,0.53191489361702127,0.63829787234042556,0.58510638297872342,D235_F05_V01,235,5,common_grid,absolute,6,detrended_51,mean,x1_ztop,0.060958348128314833,424,3
6,7,0.83333333333333337,1,0.91666666666666663,150,175,162.5,0.63829787234042556,0.74468085106382975,0.69148936170212771,D235_F05_V01,235,5,common_grid,absolute,6,detrended_51,mean,x1_ztop,-0.042343412174971229,424,3
6,8,0.83333333333333337,1,0.91666666666666663,175,200,187.5,0.74468085106382975,0.85106382978723405,0.7978723404255319,D235_F05_V01,235,5,common_grid,absolute,6,detrended_51,mean,x1_ztop,-0.053150289347095474,424,3
6,9,0.83333333333333337,1,0.91666666666666663,200,225,212.5,0.85106382978723405,0.95744680851063835,0.9042553191489362,D235_F05_V01,235,5,common_grid,absolute,6,detrended_51,mean,x1_ztop,0.018772074357659777,424,3
6,10,0.83333333333333337,1,0.91666666666666663,225,250,237.5,0.95744680851063835,1.0638297872340425,1.0106382978723405,D235_F05_V01,235,5,common_grid,absolute,6,detrended_51,mean,x1_ztop,0.012436004959180192,424,3
6,11,0.83333333333333337,1,0.91666666666666663,250,275,262.5,1.0638297872340425,1.1702127659574468,1.1170212765957446,D235_F05_V01,235,5,common_grid,absolute,6,detrended_51,mean,x1_ztop,-0.024226947390146969,424,3
6,12,0.83333333333333337,1,0.91666666666666663,275,300,287.5,1.1702127659574468,1.2765957446808511,1.2234042553191489,D235_F05_V01,235,5,common_grid,absolute,6,detrended_51,mean,x1_ztop,-0.046845494608775066,424,3
6,13,0.83333333333333337,1,0.91666666666666663,300,325,312.5,1.2765957446808511,1.3829787234042554,1.3297872340425532,D235_F05_V01,235,5,common_grid,absolute,6,detrended_51,mean,x1_ztop,-0.0016423131722393229,424,3
6,14,0.83333333333333337,1,0.91666666666666663,325,350,337.5,1.3829787234042554,1.4893617021276595,1.4361702127659575,D235_F05_V01,235,5,common_grid,absolute,6,detrended_51,mean,x1_ztop,0.139281388320039,424,3
6,15,0.83333333333333337,1,0.91666666666666663,350,375,362.5,1.4893617021276595,1.5957446808510638,1.5425531914893618,D235_F05_V01,235,5,common_grid,absolute,6,detrended_51,mean,x1_ztop,0.038639229165035621,424,3
6,16,0.83333333333333337,1,0.91666666666666663,375,400,387.5,1.5957446808510638,1.7021276595744681,1.6489361702127661,D235_F05_V01,235,5,common_grid,absolute,6,detrended_51,mean,x1_ztop,0.013495740270834524,424,3
6,17,0.83333333333333337,1,0.91666666666666663,400,425,412.5,1.7021276595744681,1.8085106382978724,1.7553191489361701,D235_F05_V01,235,5,common_grid,absolute,6,detrended_51,mean,x1_ztop,0.052894929582703282,424,3
6,18,0.83333333333333337,1,0.91666666666666663,425,450,437.5,1.8085106382978724,1.9148936170212767,1.8617021276595744,D235_F05_V01,235,5,common_grid,absolute,6,detrended_51,mean,x1_ztop,-0.004494382894725874,424,3
6,19,0.83333333333333337,1,0.91666666666666663,450,475,462.5,1.9148936170212767,2.021276595744681,1.9680851063829787,D235_F05_V01,235,5,common_grid,absolute,6,detrended_51,mean,x1_ztop,-0.024286710251009869,424,3
6,20,0.83333333333333337,1,0.91666666666666663,475,500,487.5,2.021276595744681,2.1276595744680851,2.0744680851063828,D235_F05_V01,235,5,common_grid,absolute,6,detrended_51,mean,x1_ztop,-0.020139145159014105,424,3
1,1,0,0.16666666666666666,0.083333333333333329,0,25,12.5,0,0.10638297872340426,0.053191489361702128,D235_F07_V01,235,7,common_grid,absolute,6,detrended_51,mean,x1_ztop,0.091713454675938971,444,3
1,2,0,0.16666666666666666,0.083333333333333329,25,50,37.5,0.10638297872340426,0.21276595744680851,0.15957446808510639,D235_F07_V01,235,7,common_grid,absolute,6,detrended_51,mean,x1_ztop,0.0098456416061106951,444,3
1,3,0,0.16666666666666666,0.083333333333333329,50,75,62.5,0.21276595744680851,0.31914893617021278,0.26595744680851063,D235_F07_V01,235,7,common_grid,absolute,6,detrended_51,mean,x1_ztop,0.0084913588109953482,444,3
1,4,0,0.16666666666666666,0.083333333333333329,75,100,87.5,0.31914893617021278,0.42553191489361702,0.37234042553191488,D235_F07_V01,235,7,common_grid,absolute,6,detrended_51,mean,x1_ztop,0.054045823480299779,444,3
1,5,0,0.16666666666666666,0.083333333333333329,100,125,112.5,0.42553191489361702,0.53191489361702127,0.47872340425531917,D235_F07_V01,235,7,common_grid,absolute,6,detrended_51,mean,x1_ztop,0.055332136952313635,444,3
1,6,0,0.16666666666666666,0.083333333333333329,125,150,137.5,0.53191489361702127,0.63829787234042556,0.58510638297872342,D235_F07_V01,235,7,common_grid,absolute,6,detrended_51,mean,x1_ztop,0.063213898387946943,444,3
1,7,0,0.16666666666666666,0.083333333333333329,150,175,162.5,0.63829787234042556,0.74468085106382975,0.69148936170212771,D235_F07_V01,235,7,common_grid,absolute,6,detrended_51,mean,x1_ztop,-0.0058814288344149835,444,3
1,8,0,0.16666666666666666,0.083333333333333329,175,200,187.5,0.74468085106382975,0.85106382978723405,0.7978723404255319,D235_F07_V01,235,7,common_grid,absolute,6,detrended_51,mean,x1_ztop,-0.029024561416046847,444,3
1,9,0,0.16666666666666666,0.083333333333333329,200,225,212.5,0.85106382978723405,0.95744680851063835,0.9042553191489362,D235_F07_V01,235,7,common_grid,absolute,6,detrended_51,mean,x1_ztop,0.042017382980053239,444,3
1,10,0,0.16666666666666666,0.083333333333333329,225,250,237.5,0.95744680851063835,1.0638297872340425,1.0106382978723405,D235_F07_V01,235,7,common_grid,absolute,6,detrended_51,mean,x1_ztop,-0.047346386368981516,444,3
1,11,0,0.16666666666666666,0.083333333333333329,250,275,262.5,1.0638297872340425,1.1702127659574468,1.1170212765957446,D235_F07_V01,235,7,common_grid,absolute,6,detrended_51,mean,x1_ztop,0.067969208699676417,444,3
1,12,0,0.16666666666666666,0.083333333333333329,275,300,287.5,1.1702127659574468,1.2765957446808511,1.2234042553191489,D235_F07_V01,235,7,common_grid,absolute,6,detrended_51,mean,x1_ztop,-0.037821129999684219,444,3
1,13,0,0.16666666666666666,0.083333333333333329,300,325,312.5,1.2765957446808511,1.3829787234042554,1.3297872340425532,D235_F07_V01,235,7,common_grid,absolute,6,detrended_51,mean,x1_ztop,0.0098826634330911427,444,3
1,14,0,0.16666666666666666,0.083333333333333329,325,350,337.5,1.3829787234042554,1.4893617021276595,1.4361702127659575,D235_F07_V01,235,7,common_grid,absolute,6,detrended_51,mean,x1_ztop,0.0098399632376952456,444,3
1,15,0,0.16666666666666666,0.083333333333333329,350,375,362.5,1.4893617021276595,1.5957446808510638,1.5425531914893618,D235_F07_V01,235,7,common_grid,absolute,6,detrended_51,mean,x1_ztop,-0.072183511568349984,444,3
1,16,0,0.16666666666666666,0.083333333333333329,375,400,387.5,1.5957446808510638,1.7021276595744681,1.6489361702127661,D235_F07_V01,235,7,common_grid,absolute,6,detrended_51,mean,x1_ztop,0.077335331317881992,444,3
1,17,0,0.16666666666666666,0.083333333333333329,400,425,412.5,1.7021276595744681,1.8085106382978724,1.7553191489361701,D235_F07_V01,235,7,common_grid,absolute,6,detrended_51,mean,x1_ztop,-0.056106181710181453,444,3
1,18,0,0.16666666666666666,0.083333333333333329,425,450,437.5,1.8085106382978724,1.9148936170212767,1.8617021276595744,D235_F07_V01,235,7,common_grid,absolute,6,detrended_51,mean,x1_ztop,-0.024233824549066613,444,3
1,19,0,0.16666666666666666,0.083333333333333329,450,475,462.5,1.9148936170212767,2.021276595744681,1.9680851063829787,D235_F07_V01,235,7,common_grid,absolute,6,detrended_51,mean,x1_ztop,0.070950716018638685,444,3
1,20,0,0.16666666666666666,0.083333333333333329,475,500,487.5,2.021276595744681,2.1276595744680851,2.0744680851063828,D235_F07_V01,235,7,common_grid,absolute,6,detrended_51,mean,x1_ztop,-0.0079192645063823168,444,3
2,1,0.16666666666666666,0.33333333333333331,0.25,0,25,12.5,0,0.10638297872340426,0.053191489361702128,D235_F07_V01,235,7,common_grid,absolute,6,detrended_51,mean,x1_ztop,0.15114267116893321,444,3
2,2,0.16666666666666666,0.33333333333333331,0.25,25,50,37.5,0.10638297872340426,0.21276595744680851,0.15957446808510639,D235_F07_V01,235,7,common_grid,absolute,6,detrended_51,mean,x1_ztop,0.055247004472287753,444,3
2,3,0.16666666666666666,0.33333333333333331,0.25,50,75,62.5,0.21276595744680851,0.31914893617021278,0.26595744680851063,D235_F07_V01,235,7,common_grid,absolute,6,detrended_51,mean,x1_ztop,0.083911567664527204,444,3
2,4,0.16666666666666666,0.33333333333333331,0.25,75,100,87.5,0.31914893617021278,0.42553191489361702,0.37234042553191488,D235_F07_V01,235,7,common_grid,absolute,6,detrended_51,mean,x1_ztop,0.076599001451506624,444,3
2,5,0.16666666666666666,0.33333333333333331,0.25,100,125,112.5,0.42553191489361702,0.53191489361702127,0.47872340425531917,D235_F07_V01,235,7,common_grid,absolute,6,detrended_51,mean,x1_ztop,0.10772451764175912,444,3
2,6,0.16666666666666666,0.33333333333333331,0.25,125,150,137.5,0.53191489361702127,0.63829787234042556,0.58510638297872342,D235_F07_V01,235,7,common_grid,absolute,6,detrended_51,mean,x1_ztop,0.12251866101760202,444,3
2,7,0.16666666666666666,0.33333333333333331,0.25,150,175,162.5,0.63829787234042556,0.74468085106382975,0.69148936170212771,D235_F07_V01,235,7,common_grid,absolute,6,detrended_51,mean,x1_ztop,0.014266529893654508,444,3
2,8,0.16666666666666666,0.33333333333333331,0.25,175,200,187.5,0.74468085106382975,0.85106382978723405,0.7978723404255319,D235_F07_V01,235,7,common_grid,absolute,6,detrended_51,mean,x1_ztop,0.016434240897970184,444,3
2,9,0.16666666666666666,0.33333333333333331,0.25,200,225,212.5,0.85106382978723405,0.95744680851063835,0.9042553191489362,D235_F07_V01,235,7,common_grid,absolute,6,detrended_51,mean,x1_ztop,0.047389058331095024,444,3
2,10,0.16666666666666666,0.33333333333333331,0.25,225,250,237.5,0.95744680851063835,1.0638297872340425,1.0106382978723405,D235_F07_V01,235,7,common_grid,absolute,6,detrended_51,mean,x1_ztop,0.10291224127468808,444,3
2,11,0.16666666666666666,0.33333333333333331,0.25,250,275,262.5,1.0638297872340425,1.1702127659574468,1.1170212765957446,D235_F07_V01,235,7,common_grid,absolute,6,detrended_51,mean,x1_ztop,0.11385803724096491,444,3
2,12,0.16666666666666666,0.33333333333333331,0.25,275,300,287.5,1.1702127659574468,1.2765957446808511,1.2234042553191489,D235_F07_V01,235,7,common_grid,absolute,6,detrended_51,mean,x1_ztop,0.012244832573545115,444,3
2,13,0.16666666666666666,0.33333333333333331,0.25,300,325,312.5,1.2765957446808511,1.3829787234042554,1.3297872340425532,D235_F07_V01,235,7,common_grid,absolute,6,detrended_51,mean,x1_ztop,0.024157755091589683,444,3
2,14,0.16666666666666666,0.33333333333333331,0.25,325,350,337.5,1.3829787234042554,1.4893617021276595,1.4361702127659575,D235_F07_V01,235,7,common_grid,absolute,6,detrended_51,mean,x1_ztop,0.026031983295190495,444,3
2,15,0.16666666666666666,0.33333333333333331,0.25,350,375,362.5,1.4893617021276595,1.5957446808510638,1.5425531914893618,D235_F07_V01,235,7,common_grid,absolute,6,detrended_51,mean,x1_ztop,0.087606355108864276,444,3
2,16,0.16666666666666666,0.33333333333333331,0.25,375,400,387.5,1.5957446808510638,1.7021276595744681,1.6489361702127661,D235_F07_V01,235,7,common_grid,absolute,6,detrended_51,mean,x1_ztop,0.060775948666116013,444,3
2,17,0.16666666666666666,0.33333333333333331,0.25,400,425,412.5,1.7021276595744681,1.8085106382978724,1.7553191489361701,D235_F07_V01,235,7,common_grid,absolute,6,detrended_51,mean,x1_ztop,0.058241740542244222,444,3
2,18,0.16666666666666666,0.33333333333333331,0.25,425,450,437.5,1.8085106382978724,1.9148936170212767,1.8617021276595744,D235_F07_V01,235,7,common_grid,absolute,6,detrended_51,mean,x1_ztop,0.013288917532777497,444,3
2,19,0.16666666666666666,0.33333333333333331,0.25,450,475,462.5,1.9148936170212767,2.021276595744681,1.9680851063829787,D235_F07_V01,235,7,common_grid,absolute,6,detrended_51,mean,x1_ztop,-0.0092829239907196506,444,3
2,20,0.16666666666666666,0.33333333333333331,0.25,475,500,487.5,2.021276595744681,2.1276595744680851,2.0744680851063828,D235_F07_V01,235,7,common_grid,absolute,6,detrended_51,mean,x1_ztop,0.069008264198908237,444,3
3,1,0.33333333333333331,0.5,0.41666666666666669,0,25,12.5,0,0.10638297872340426,0.053191489361702128,D235_F07_V01,235,7,common_grid,absolute,6,detrended_51,mean,x1_ztop,0.22711525142346484,444,3
3,2,0.33333333333333331,0.5,0.41666666666666669,25,50,37.5,0.10638297872340426,0.21276595744680851,0.15957446808510639,D235_F07_V01,235,7,common_grid,absolute,6,detrended_51,mean,x1_ztop,0.11520594265523668,444,3
3,3,0.33333333333333331,0.5,0.41666666666666669,50,75,62.5,0.21276595744680851,0.31914893617021278,0.26595744680851063,D235_F07_V01,235,7,common_grid,absolute,6,detrended_51,mean,x1_ztop,0.20409075997774889,444,3
3,4,0.33333333333333331,0.5,0.41666666666666669,75,100,87.5,0.31914893617021278,0.42553191489361702,0.37234042553191488,D235_F07_V01,235,7,common_grid,absolute,6,detrended_51,mean,x1_ztop,0.18404316522951497,444,3
3,5,0.33333333333333331,0.5,0.41666666666666669,100,125,112.5,0.42553191489361702,0.53191489361702127,0.47872340425531917,D235_F07_V01,235,7,common_grid,absolute,6,detrended_51,mean,x1_ztop,0.12978422411673035,444,3
3,6,0.33333333333333331,0.5,0.41666666666666669,125,150,137.5,0.53191489361702127,0.63829787234042556,0.58510638297872342,D235_F07_V01,235,7,common_grid,absolute,6,detrended_51,mean,x1_ztop,0.12190959672680875,444,3
3,7,0.33333333333333331,0.5,0.41666666666666669,150,175,162.5,0.63829787234042556,0.74468085106382975,0.69148936170212771,D235_F07_V01,235,7,common_grid,absolute,6,detrended_51,mean,x1_ztop,0.13989147414523789,444,3
3,8,0.33333333333333331,0.5,0.41666666666666669,175,200,187.5,0.74468085106382975,0.85106382978723405,0.7978723404255319,D235_F07_V01,235,7,common_grid,absolute,6,detrended_51,mean,x1_ztop,-0.03162742887753868,444,3
3,9,0.33333333333333331,0.5,0.41666666666666669,200,225,212.5,0.85106382978723405,0.95744680851063835,0.9042553191489362,D235_F07_V01,235,7,common_grid,absolute,6,detrended_51,mean,x1_ztop,0.12948343618149469,444,3
3,10,0.33333333333333331,0.5,0.41666666666666669,225,250,237.5,0.95744680851063835,1.0638297872340425,1.0106382978723405,D235_F07_V01,235,7,common_grid,absolute,6,detrended_51,mean,x1_ztop,0.018458171579269787,444,3
3,11,0.33333333333333331,0.5,0.41666666666666669,250,275,262.5,1.0638297872340425,1.1702127659574468,1.1170212765957446,D235_F07_V01,235,7,common_grid,absolute,6,detrended_51,mean,x1_ztop,0.004293801018021447,444,3
3,12,0.33333333333333331,0.5,0.41666666666666669,275,300,287.5,1.1702127659574468,1.2765957446808511,1.2234042553191489,D235_F07_V01,235,7,common_grid,absolute,6,detrended_51,mean,x1_ztop,-0.0096497975871406329,444,3
3,13,0.33333333333333331,0.5,0.41666666666666669,300,325,312.5,1.2765957446808511,1.3829787234042554,1.3297872340425532,D235_F07_V01,235,7,common_grid,absolute,6,detrended_51,mean,x1_ztop,0.10957073692662703,444,3
3,14,0.33333333333333331,0.5,0.41666666666666669,325,350,337.5,1.3829787234042554,1.4893617021276595,1.4361702127659575,D235_F07_V01,235,7,common_grid,absolute,6,detrended_51,mean,x1_ztop,0.069611110304950527,444,3
3,15,0.33333333333333331,0.5,0.41666666666666669,350,375,362.5,1.4893617021276595,1.5957446808510638,1.5425531914893618,D235_F07_V01,235,7,common_grid,absolute,6,detrended_51,mean,x1_ztop,0.083882423360218131,444,3
3,16,0.33333333333333331,0.5,0.41666666666666669,375,400,387.5,1.5957446808510638,1.7021276595744681,1.6489361702127661,D235_F07_V01,235,7,common_grid,absolute,6,detrended_51,mean,x1_ztop,-0.014326350260887601,444,3
3,17,0.33333333333333331,0.5,0.41666666666666669,400,425,412.5,1.7021276595744681,1.8085106382978724,1.7553191489361701,D235_F07_V01,235,7,common_grid,absolute,6,detrended_51,mean,x1_ztop,-0.0028871807220978984,444,3
3,18,0.33333333333333331,0.5,0.41666666666666669,425,450,437.5,1.8085106382978724,1.9148936170212767,1.8617021276595744,D235_F07_V01,235,7,common_grid,absolute,6,detrended_51,mean,x1_ztop,0.034398071579955149,444,3
3,19,0.33333333333333331,0.5,0.41666666666666669,450,475,462.5,1.9148936170212767,2.021276595744681,1.9680851063829787,D235_F07_V01,235,7,common_grid,absolute,6,detrended_51,mean,x1_ztop,0.00078043443050530587,444,3
3,20,0.33333333333333331,0.5,0.41666666666666669,475,500,487.5,2.021276595744681,2.1276595744680851,2.0744680851063828,D235_F07_V01,235,7,common_grid,absolute,6,detrended_51,mean,x1_ztop,0.067553254449781427,444,3
4,1,0.5,0.66666666666666663,0.58333333333333337,0,25,12.5,0,0.10638297872340426,0.053191489361702128,D235_F07_V01,235,7,common_grid,absolute,6,detrended_51,mean,x1_ztop,0.19198572268077607,444,3
4,2,0.5,0.66666666666666663,0.58333333333333337,25,50,37.5,0.10638297872340426,0.21276595744680851,0.15957446808510639,D235_F07_V01,235,7,common_grid,absolute,6,detrended_51,mean,x1_ztop,0.12074869134794582,444,3
4,3,0.5,0.66666666666666663,0.58333333333333337,50,75,62.5,0.21276595744680851,0.31914893617021278,0.26595744680851063,D235_F07_V01,235,7,common_grid,absolute,6,detrended_51,mean,x1_ztop,0.096769510813718332,444,3
4,4,0.5,0.66666666666666663,0.58333333333333337,75,100,87.5,0.31914893617021278,0.42553191489361702,0.37234042553191488,D235_F07_V01,235,7,common_grid,absolute,6,detrended_51,mean,x1_ztop,0.12639440775326877,444,3
4,5,0.5,0.66666666666666663,0.58333333333333337,100,125,112.5,0.42553191489361702,0.53191489361702127,0.47872340425531917,D235_F07_V01,235,7,common_grid,absolute,6,detrended_51,mean,x1_ztop,0.12948791998036274,444,3
4,6,0.5,0.66666666666666663,0.58333333333333337,125,150,137.5,0.53191489361702127,0.63829787234042556,0.58510638297872342,D235_F07_V01,235,7,common_grid,absolute,6,detrended_51,mean,x1_ztop,0.08762871061165467,444,3
4,7,0.5,0.66666666666666663,0.58333333333333337,150,175,162.5,0.63829787234042556,0.74468085106382975,0.69148936170212771,D235_F07_V01,235,7,common_grid,absolute,6,detrended_51,mean,x1_ztop,0.03928839918326605,444,3
4,8,0.5,0.66666666666666663,0.58333333333333337,175,200,187.5,0.74468085106382975,0.85106382978723405,0.7978723404255319,D235_F07_V01,235,7,common_grid,absolute,6,detrended_51,mean,x1_ztop,0.085767416984173298,444,3
4,9,0.5,0.66666666666666663,0.58333333333333337,200,225,212.5,0.85106382978723405,0.95744680851063835,0.9042553191489362,D235_F07_V01,235,7,common_grid,absolute,6,detrended_51,mean,x1_ztop,0.047760877419112308,444,3
4,10,0.5,0.66666666666666663,0.58333333333333337,225,250,237.5,0.95744680851063835,1.0638297872340425,1.0106382978723405,D235_F07_V01,235,7,common_grid,absolute,6,detrended_51,mean,x1_ztop,0.057961383716534531,444,3
4,11,0.5,0.66666666666666663,0.58333333333333337,250,275,262.5,1.0638297872340425,1.1702127659574468,1.1170212765957446,D235_F07_V01,235,7,common_grid,absolute,6,detrended_51,mean,x1_ztop,0.092937090748766493,444,3
4,12,0.5,0.66666666666666663,0.58333333333333337,275,300,287.5,1.1702127659574468,1.2765957446808511,1.2234042553191489,D235_F07_V01,235,7,common_grid,absolute,6,detrended_51,mean,x1_ztop,0.049228609336530692,444,3
4,13,0.5,0.66666666666666663,0.58333333333333337,300,325,312.5,1.2765957446808511,1.3829787234042554,1.3297872340425532,D235_F07_V01,235,7,common_grid,absolute,6,detrended_51,mean,x1_ztop,0.051078792495142182,444,3
4,14,0.5,0.66666666666666663,0.58333333333333337,325,350,337.5,1.3829787234042554,1.4893617021276595,1.4361702127659575,D235_F07_V01,235,7,common_grid,absolute,6,detrended_51,mean,x1_ztop,0.096223398806818225,444,3
4,15,0.5,0.66666666666666663,0.58333333333333337,350,375,362.5,1.4893617021276595,1.5957446808510638,1.5425531914893618,D235_F07_V01,235,7,common_grid,absolute,6,detrended_51,mean,x1_ztop,0.065448104315759467,444,3
4,16,0.5,0.66666666666666663,0.58333333333333337,375,400,387.5,1.5957446808510638,1.7021276595744681,1.6489361702127661,D235_F07_V01,235,7,common_grid,absolute,6,detrended_51,mean,x1_ztop,-0.0019084303880743669,444,3
4,17,0.5,0.66666666666666663,0.58333333333333337,400,425,412.5,1.7021276595744681,1.8085106382978724,1.7553191489361701,D235_F07_V01,235,7,common_grid,absolute,6,detrended_51,mean,x1_ztop,0.017741519922644111,444,3
4,18,0.5,0.66666666666666663,0.58333333333333337,425,450,437.5,1.8085106382978724,1.9148936170212767,1.8617021276595744,D235_F07_V01,235,7,common_grid,absolute,6,detrended_51,mean,x1_ztop,0.040848834166545341,444,3
4,19,0.5,0.66666666666666663,0.58333333333333337,450,475,462.5,1.9148936170212767,2.021276595744681,1.9680851063829787,D235_F07_V01,235,7,common_grid,absolute,6,detrended_51,mean,x1_ztop,0.010221120132728148,444,3
4,20,0.5,0.66666666666666663,0.58333333333333337,475,500,487.5,2.021276595744681,2.1276595744680851,2.0744680851063828,D235_F07_V01,235,7,common_grid,absolute,6,detrended_51,mean,x1_ztop,0.015345693431507752,444,3
5,1,0.66666666666666663,0.83333333333333337,0.75,0,25,12.5,0,0.10638297872340426,0.053191489361702128,D235_F07_V01,235,7,common_grid,absolute,6,detrended_51,mean,x1_ztop,0.16735534090336199,444,3
5,2,0.66666666666666663,0.83333333333333337,0.75,25,50,37.5,0.10638297872340426,0.21276595744680851,0.15957446808510639,D235_F07_V01,235,7,common_grid,absolute,6,detrended_51,mean,x1_ztop,0.048489827729513504,444,3
5,3,0.66666666666666663,0.83333333333333337,0.75,50,75,62.5,0.21276595744680851,0.31914893617021278,0.26595744680851063,D235_F07_V01,235,7,common_grid,absolute,6,detrended_51,mean,x1_ztop,0.0957618732469913,444,3
5,4,0.66666666666666663,0.83333333333333337,0.75,75,100,87.5,0.31914893617021278,0.42553191489361702,0.37234042553191488,D235_F07_V01,235,7,common_grid,absolute,6,detrended_51,mean,x1_ztop,0.10291428585610186,444,3
5,5,0.66666666666666663,0.83333333333333337,0.75,100,125,112.5,0.42553191489361702,0.53191489361702127,0.47872340425531917,D235_F07_V01,235,7,common_grid,absolute,6,detrended_51,mean,x1_ztop,0.13668515331862782,444,3
5,6,0.66666666666666663,0.83333333333333337,0.75,125,150,137.5,0.53191489361702127,0.63829787234042556,0.58510638297872342,D235_F07_V01,235,7,common_grid,absolute,6,detrended_51,mean,x1_ztop,0.070665731023747708,444,3
5,7,0.66666666666666663,0.83333333333333337,0.75,150,175,162.5,0.63829787234042556,0.74468085106382975,0.69148936170212771,D235_F07_V01,235,7,common_grid,absolute,6,detrended_51,mean,x1_ztop,0.0095127492407930808,444,3
5,8,0.66666666666666663,0.83333333333333337,0.75,175,200,187.5,0.74468085106382975,0.85106382978723405,0.7978723404255319,D235_F07_V01,235,7,common_grid,absolute,6,detrended_51,mean,x1_ztop,0.089866400818401235,444,3
5,9,0.66666666666666663,0.83333333333333337,0.75,200,225,212.5,0.85106382978723405,0.95744680851063835,0.9042553191489362,D235_F07_V01,235,7,common_grid,absolute,6,detrended_51,mean,x1_ztop,-0.01979182372295937,444,3
5,10,0.66666666666666663,0.83333333333333337,0.75,225,250,237.5,0.95744680851063835,1.0638297872340425,1.0106382978723405,D235_F07_V01,235,7,common_grid,absolute,6,detrended_51,mean,x1_ztop,0.1010334427282564,444,3
5,11,0.66666666666666663,0.83333333333333337,0.75,250,275,262.5,1.0638297872340425,1.1702127659574468,1.1170212765957446,D235_F07_V01,235,7,common_grid,absolute,6,detrended_51,mean,x1_ztop,0.077455205026564791,444,3
5,12,0.66666666666666663,0.83333333333333337,0.75,275,300,287.5,1.1702127659574468,1.2765957446808511,1.2234042553191489,D235_F07_V01,235,7,common_grid,absolute,6,detrended_51,mean,x1_ztop,-0.037675537974993789,444,3
5,13,0.66666666666666663,0.83333333333333337,0.75,300,325,312.5,1.2765957446808511,1.3829787234042554,1.3297872340425532,D235_F07_V01,235,7,common_grid,absolute,6,detrended_51,mean,x1_ztop,0.030698281657492298,444,3
5,14,0.66666666666666663,0.83333333333333337,0.75,325,350,337.5,1.3829787234042554,1.4893617021276595,1.4361702127659575,D235_F07_V01,235,7,common_grid,absolute,6,detrended_51,mean,x1_ztop,-0.032670685422764113,444,3
5,15,0.66666666666666663,0.83333333333333337,0.75,350,375,362.5,1.4893617021276595,1.5957446808510638,1.5425531914893618,D235_F07_V01,235,7,common_grid,absolute,6,detrended_51,mean,x1_ztop,-0.015216298078538578,444,3
5,16,0.66666666666666663,0.83333333333333337,0.75,375,400,387.5,1.5957446808510638,1.7021276595744681,1.6489361702127661,D235_F07_V01,235,7,common_grid,absolute,6,detrended_51,mean,x1_ztop,0.026633602329414748,444,3
5,17,0.66666666666666663,0.83333333333333337,0.75,400,425,412.5,1.7021276595744681,1.8085106382978724,1.7553191489361701,D235_F07_V01,235,7,common_grid,absolute,6,detrended_51,mean,x1_ztop,0.062007966617487476,444,3
5,18,0.66666666666666663,0.83333333333333337,0.75,425,450,437.5,1.8085106382978724,1.9148936170212767,1.8617021276595744,D235_F07_V01,235,7,common_grid,absolute,6,detrended_51,mean,x1_ztop,-0.064622967273800805,444,3
5,19,0.66666666666666663,0.83333333333333337,0.75,450,475,462.5,1.9148936170212767,2.021276595744681,1.9680851063829787,D235_F07_V01,235,7,common_grid,absolute,6,detrended_51,mean,x1_ztop,0.060802113067891732,444,3
5,20,0.66666666666666663,0.83333333333333337,0.75,475,500,487.5,2.021276595744681,2.1276595744680851,2.0744680851063828,D235_F07_V01,235,7,common_grid,absolute,6,detrended_51,mean,x1_ztop,-0.025126165747585714,444,3
6,1,0.83333333333333337,1,0.91666666666666663,0,25,12.5,0,0.10638297872340426,0.053191489361702128,D235_F07_V01,235,7,common_grid,absolute,6,detrended_51,mean,x1_ztop,0.061109979743794722,444,3
6,2,0.83333333333333337,1,0.91666666666666663,25,50,37.5,0.10638297872340426,0.21276595744680851,0.15957446808510639,D235_F07_V01,235,7,common_grid,absolute,6,detrended_51,mean,x1_ztop,0.074479895200707052,444,3
6,3,0.83333333333333337,1,0.91666666666666663,50,75,62.5,0.21276595744680851,0.31914893617021278,0.26595744680851063,D235_F07_V01,235,7,common_grid,absolute,6,detrended_51,mean,x1_ztop,0.089396704045032693,444,3
6,4,0.83333333333333337,1,0.91666666666666663,75,100,87.5,0.31914893617021278,0.42553191489361702,0.37234042553191488,D235_F07_V01,235,7,common_grid,absolute,6,detrended_51,mean,x1_ztop,0.086821132941353185,444,3
6,5,0.83333333333333337,1,0.91666666666666663,100,125,112.5,0.42553191489361702,0.53191489361702127,0.47872340425531917,D235_F07_V01,235,7,common_grid,absolute,6,detrended_51,mean,x1_ztop,0.087775728973218767,444,3
6,6,0.83333333333333337,1,0.91666666666666663,125,150,137.5,0.53191489361702127,0.63829787234042556,0.58510638297872342,D235_F07_V01,235,7,common_grid,absolute,6,detrended_51,mean,x1_ztop,0.1193034344662581,444,3
6,7,0.83333333333333337,1,0.91666666666666663,150,175,162.5,0.63829787234042556,0.74468085106382975,0.69148936170212771,D235_F07_V01,235,7,common_grid,absolute,6,detrended_51,mean,x1_ztop,0.027691814098510095,444,3
6,8,0.83333333333333337,1,0.91666666666666663,175,200,187.5,0.74468085106382975,0.85106382978723405,0.7978723404255319,D235_F07_V01,235,7,common_grid,absolute,6,detrended_51,mean,x1_ztop,-2.5960097936301649e-05,444,3
6,9,0.83333333333333337,1,0.91666666666666663,200,225,212.5,0.85106382978723405,0.95744680851063835,0.9042553191489362,D235_F07_V01,235,7,common_grid,absolute,6,detrended_51,mean,x1_ztop,0.051800838435540154,444,3
6,10,0.83333333333333337,1,0.91666666666666663,225,250,237.5,0.95744680851063835,1.0638297872340425,1.0106382978723405,D235_F07_V01,235,7,common_grid,absolute,6,detrended_51,mean,x1_ztop,0.025235776240997539,444,3
6,11,0.83333333333333337,1,0.91666666666666663,250,275,262.5,1.0638297872340425,1.1702127659574468,1.1170212765957446,D235_F07_V01,235,7,common_grid,absolute,6,detrended_51,mean,x1_ztop,0.085479754870600527,444,3
6,12,0.83333333333333337,1,0.91666666666666663,275,300,287.5,1.1702127659574468,1.2765957446808511,1.2234042553191489,D235_F07_V01,235,7,common_grid,absolute,6,detrended_51,mean,x1_ztop,0.073496147783991078,444,3
6,13,0.83333333333333337,1,0.91666666666666663,300,325,312.5,1.2765957446808511,1.3829787234042554,1.3297872340425532,D235_F07_V01,235,7,common_grid,absolute,6,detrended_51,mean,x1_ztop,0.03471140134536211,444,3
6,14,0.83333333333333337,1,0.91666666666666663,325,350,337.5,1.3829787234042554,1.4893617021276595,1.4361702127659575,D235_F07_V01,235,7,common_grid,absolute,6,detrended_51,mean,x1_ztop,-0.023872778673496194,444,3
6,15,0.83333333333333337,1,0.91666666666666663,350,375,362.5,1.4893617021276595,1.5957446808510638,1.5425531914893618,D235_F07_V01,235,7,common_grid,absolute,6,detrended_51,mean,x1_ztop,0.072416793996825532,444,3
6,16,0.83333333333333337,1,0.91666666666666663,375,400,387.5,1.5957446808510638,1.7021276595744681,1.6489361702127661,D235_F07_V01,235,7,common_grid,absolute,6,detrended_51,mean,x1_ztop,0.0039429967464122556,444,3
6,17,0.83333333333333337,1,0.91666666666666663,400,425,412.5,1.7021276595744681,1.8085106382978724,1.7553191489361701,D235_F07_V01,235,7,common_grid,absolute,6,detrended_51,mean,x1_ztop,0.069222029273116992,444,3
6,18,0.83333333333333337,1,0.91666666666666663,425,450,437.5,1.8085106382978724,1.9148936170212767,1.8617021276595744,D235_F07_V01,235,7,common_grid,absolute,6,detrended_51,mean,x1_ztop,-0.030415288470800893,444,3
6,19,0.83333333333333337,1,0.91666666666666663,450,475,462.5,1.9148936170212767,2.021276595744681,1.9680851063829787,D235_F07_V01,235,7,common_grid,absolute,6,detrended_51,mean,x1_ztop,0.075495014652214754,444,3
6,20,0.83333333333333337,1,0.91666666666666663,475,500,487.5,2.021276595744681,2.1276595744680851,2.0744680851063828,D235_F07_V01,235,7,common_grid,absolute,6,detrended_51,mean,x1_ztop,-0.02651325424665715,444,3
1,1,0,0.16666666666666666,0.083333333333333329,0,25,12.5,0,0.10638297872340426,0.053191489361702128,D235_F10_V01,235,10,common_grid,absolute,6,detrended_51,mean,x1_ztop,0.093071038429605818,461,3
1,2,0,0.16666666666666666,0.083333333333333329,25,50,37.5,0.10638297872340426,0.21276595744680851,0.15957446808510639,D235_F10_V01,235,10,common_grid,absolute,6,detrended_51,mean,x1_ztop,-0.061478967517187545,461,3
1,3,0,0.16666666666666666,0.083333333333333329,50,75,62.5,0.21276595744680851,0.31914893617021278,0.26595744680851063,D235_F10_V01,235,10,common_grid,absolute,6,detrended_51,mean,x1_ztop,-0.0059082055904406457,461,3
1,4,0,0.16666666666666666,0.083333333333333329,75,100,87.5,0.31914893617021278,0.42553191489361702,0.37234042553191488,D235_F10_V01,235,10,common_grid,absolute,6,detrended_51,mean,x1_ztop,0.08996587985593385,461,3
1,5,0,0.16666666666666666,0.083333333333333329,100,125,112.5,0.42553191489361702,0.53191489361702127,0.47872340425531917,D235_F10_V01,235,10,common_grid,absolute,6,detrended_51,mean,x1_ztop,-0.021295321305770519,461,3
1,6,0,0.16666666666666666,0.083333333333333329,125,150,137.5,0.53191489361702127,0.63829787234042556,0.58510638297872342,D235_F10_V01,235,10,common_grid,absolute,6,detrended_51,mean,x1_ztop,0.018002462106489921,461,3
1,7,0,0.16666666666666666,0.083333333333333329,150,175,162.5,0.63829787234042556,0.74468085106382975,0.69148936170212771,D235_F10_V01,235,10,common_grid,absolute,6,detrended_51,mean,x1_ztop,0.050672159131800842,461,3
1,8,0,0.16666666666666666,0.083333333333333329,175,200,187.5,0.74468085106382975,0.85106382978723405,0.7978723404255319,D235_F10_V01,235,10,common_grid,absolute,6,detrended_51,mean,x1_ztop,0.0032338058598152448,461,3
1,9,0,0.16666666666666666,0.083333333333333329,200,225,212.5,0.85106382978723405,0.95744680851063835,0.9042553191489362,D235_F10_V01,235,10,common_grid,absolute,6,detrended_51,mean,x1_ztop,-0.12196786778616542,461,3
1,10,0,0.16666666666666666,0.083333333333333329,225,250,237.5,0.95744680851063835,1.0638297872340425,1.0106382978723405,D235_F10_V01,235,10,common_grid,absolute,6,detrended_51,mean,x1_ztop,-0.0644875473613893,461,3
1,11,0,0.16666666666666666,0.083333333333333329,250,275,262.5,1.0638297872340425,1.1702127659574468,1.1170212765957446,D235_F10_V01,235,10,common_grid,absolute,6,detrended_51,mean,x1_ztop,0.079646317769092409,461,3
1,12,0,0.16666666666666666,0.083333333333333329,275,300,287.5,1.1702127659574468,1.2765957446808511,1.2234042553191489,D235_F10_V01,235,10,common_grid,absolute,6,detrended_51,mean,x1_ztop,-0.033473220106730858,461,3
1,13,0,0.16666666666666666,0.083333333333333329,300,325,312.5,1.2765957446808511,1.3829787234042554,1.3297872340425532,D235_F10_V01,235,10,common_grid,absolute,6,detrended_51,mean,x1_ztop,0.022513583587093634,461,3
1,14,0,0.16666666666666666,0.083333333333333329,325,350,337.5,1.3829787234042554,1.4893617021276595,1.4361702127659575,D235_F10_V01,235,10,common_grid,absolute,6,detrended_51,mean,x1_ztop,-0.053257149682119254,461,3
1,15,0,0.16666666666666666,0.083333333333333329,350,375,362.5,1.4893617021276595,1.5957446808510638,1.5425531914893618,D235_F10_V01,235,10,common_grid,absolute,6,detrended_51,mean,x1_ztop,-0.037896278669497616,461,3
1,16,0,0.16666666666666666,0.083333333333333329,375,400,387.5,1.5957446808510638,1.7021276595744681,1.6489361702127661,D235_F10_V01,235,10,common_grid,absolute,6,detrended_51,mean,x1_ztop,0.030528564289911152,461,3
1,17,0,0.16666666666666666,0.083333333333333329,400,425,412.5,1.7021276595744681,1.8085106382978724,1.7553191489361701,D235_F10_V01,235,10,common_grid,absolute,6,detrended_51,mean,x1_ztop,-0.015398677116829493,461,3
1,18,0,0.16666666666666666,0.083333333333333329,425,450,437.5,1.8085106382978724,1.9148936170212767,1.8617021276595744,D235_F10_V01,235,10,common_grid,absolute,6,detrended_51,mean,x1_ztop,-0.050150883566636717,461,3
1,19,0,0.16666666666666666,0.083333333333333329,450,475,462.5,1.9148936170212767,2.021276595744681,1.9680851063829787,D235_F10_V01,235,10,common_grid,absolute,6,detrended_51,mean,x1_ztop,0.028777063029698343,461,3
1,20,0,0.16666666666666666,0.083333333333333329,475,500,487.5,2.021276595744681,2.1276595744680851,2.0744680851063828,D235_F10_V01,235,10,common_grid,absolute,6,detrended_51,mean,x1_ztop,-0.058277779606755703,461,3
2,1,0.16666666666666666,0.33333333333333331,0.25,0,25,12.5,0,0.10638297872340426,0.053191489361702128,D235_F10_V01,235,10,common_grid,absolute,6,detrended_51,mean,x1_ztop,0.13504596569429389,461,3
2,2,0.16666666666666666,0.33333333333333331,0.25,25,50,37.5,0.10638297872340426,0.21276595744680851,0.15957446808510639,D235_F10_V01,235,10,common_grid,absolute,6,detrended_51,mean,x1_ztop,0.14595618492514595,461,3
2,3,0.16666666666666666,0.33333333333333331,0.25,50,75,62.5,0.21276595744680851,0.31914893617021278,0.26595744680851063,D235_F10_V01,235,10,common_grid,absolute,6,detrended_51,mean,x1_ztop,0.12436268829751618,461,3
2,4,0.16666666666666666,0.33333333333333331,0.25,75,100,87.5,0.31914893617021278,0.42553191489361702,0.37234042553191488,D235_F10_V01,235,10,common_grid,absolute,6,detrended_51,mean,x1_ztop,0.056703439322915127,461,3
2,5,0.16666666666666666,0.33333333333333331,0.25,100,125,112.5,0.42553191489361702,0.53191489361702127,0.47872340425531917,D235_F10_V01,235,10,common_grid,absolute,6,detrended_51,mean,x1_ztop,0.051025974355851877,461,3
2,6,0.16666666666666666,0.33333333333333331,0.25,125,150,137.5,0.53191489361702127,0.63829787234042556,0.58510638297872342,D235_F10_V01,235,10,common_grid,absolute,6,detrended_51,mean,x1_ztop,0.17341858684679304,461,3
2,7,0.16666666666666666,0.33333333333333331,0.25,150,175,162.5,0.63829787234042556,0.74468085106382975,0.69148936170212771,D235_F10_V01,235,10,common_grid,absolute,6,detrended_51,mean,x1_ztop,0.077010683613984665,461,3
2,8,0.16666666666666666,0.33333333333333331,0.25,175,200,187.5,0.74468085106382975,0.85106382978723405,0.7978723404255319,D235_F10_V01,235,10,common_grid,absolute,6,detrended_51,mean,x1_ztop,0.051969225846964506,461,3
2,9,0.16666666666666666,0.33333333333333331,0.25,200,225,212.5,0.85106382978723405,0.95744680851063835,0.9042553191489362,D235_F10_V01,235,10,common_grid,absolute,6,detrended_51,mean,x1_ztop,0.016025656193499525,461,3
2,10,0.16666666666666666,0.33333333333333331,0.25,225,250,237.5,0.95744680851063835,1.0638297872340425,1.0106382978723405,D235_F10_V01,235,10,common_grid,absolute,6,detrended_51,mean,x1_ztop,0.01203943057744212,461,3
2,11,0.16666666666666666,0.33333333333333331,0.25,250,275,262.5,1.0638297872340425,1.1702127659574468,1.1170212765957446,D235_F10_V01,235,10,common_grid,absolute,6,detrended_51,mean,x1_ztop,0.089497276603563339,461,3
2,12,0.16666666666666666,0.33333333333333331,0.25,275,300,287.5,1.1702127659574468,1.2765957446808511,1.2234042553191489,D235_F10_V01,235,10,common_grid,absolute,6,detrended_51,mean,x1_ztop,-0.052520287077675296,461,3
2,13,0.16666666666666666,0.33333333333333331,0.25,300,325,312.5,1.2765957446808511,1.3829787234042554,1.3297872340425532,D235_F10_V01,235,10,common_grid,absolute,6,detrended_51,mean,x1_ztop,0.030750604126128296,461,3
2,14,0.16666666666666666,0.33333333333333331,0.25,325,350,337.5,1.3829787234042554,1.4893617021276595,1.4361702127659575,D235_F10_V01,235,10,common_grid,absolute,6,detrended_51,mean,x1_ztop,-0.041702325032176954,461,3
2,15,0.16666666666666666,0.33333333333333331,0.25,350,375,362.5,1.4893617021276595,1.5957446808510638,1.5425531914893618,D235_F10_V01,235,10,common_grid,absolute,6,detrended_51,mean,x1_ztop,0.088404302523616016,461,3
2,16,0.16666666666666666,0.33333333333333331,0.25,375,400,387.5,1.5957446808510638,1.7021276595744681,1.6489361702127661,D235_F10_V01,235,10,common_grid,absolute,6,detrended_51,mean,x1_ztop,0.069873492341507623,461,3
2,17,0.16666666666666666,0.33333333333333331,0.25,400,425,412.5,1.7021276595744681,1.8085106382978724,1.7553191489361701,D235_F10_V01,235,10,common_grid,absolute,6,detrended_51,mean,x1_ztop,0.0022108767384603108,461,3
2,18,0.16666666666666666,0.33333333333333331,0.25,425,450,437.5,1.8085106382978724,1.9148936170212767,1.8617021276595744,D235_F10_V01,235,10,common_grid,absolute,6,detrended_51,mean,x1_ztop,0.024156550333498464,461,3
2,19,0.16666666666666666,0.33333333333333331,0.25,450,475,462.5,1.9148936170212767,2.021276595744681,1.9680851063829787,D235_F10_V01,235,10,common_grid,absolute,6,detrended_51,mean,x1_ztop,0.078632704364503037,461,3
2,20,0.16666666666666666,0.33333333333333331,0.25,475,500,487.5,2.021276595744681,2.1276595744680851,2.0744680851063828,D235_F10_V01,235,10,common_grid,absolute,6,detrended_51,mean,x1_ztop,-0.03709345258351901,461,3
3,1,0.33333333333333331,0.5,0.41666666666666669,0,25,12.5,0,0.10638297872340426,0.053191489361702128,D235_F10_V01,235,10,common_grid,absolute,6,detrended_51,mean,x1_ztop,0.29538976217824436,461,3
3,2,0.33333333333333331,0.5,0.41666666666666669,25,50,37.5,0.10638297872340426,0.21276595744680851,0.15957446808510639,D235_F10_V01,235,10,common_grid,absolute,6,detrended_51,mean,x1_ztop,0.2254451195213153,461,3
3,3,0.33333333333333331,0.5,0.41666666666666669,50,75,62.5,0.21276595744680851,0.31914893617021278,0.26595744680851063,D235_F10_V01,235,10,common_grid,absolute,6,detrended_51,mean,x1_ztop,0.14651711573490356,461,3
3,4,0.33333333333333331,0.5,0.41666666666666669,75,100,87.5,0.31914893617021278,0.42553191489361702,0.37234042553191488,D235_F10_V01,235,10,common_grid,absolute,6,detrended_51,mean,x1_ztop,0.16173224267272635,461,3
3,5,0.33333333333333331,0.5,0.41666666666666669,100,125,112.5,0.42553191489361702,0.53191489361702127,0.47872340425531917,D235_F10_V01,235,10,common_grid,absolute,6,detrended_51,mean,x1_ztop,0.14586998366297571,461,3
3,6,0.33333333333333331,0.5,0.41666666666666669,125,150,137.5,0.53191489361702127,0.63829787234042556,0.58510638297872342,D235_F10_V01,235,10,common_grid,absolute,6,detrended_51,mean,x1_ztop,0.16031520515855704,461,3
3,7,0.33333333333333331,0.5,0.41666666666666669,150,175,162.5,0.63829787234042556,0.74468085106382975,0.69148936170212771,D235_F10_V01,235,10,common_grid,absolute,6,detrended_51,mean,x1_ztop,0.045516025987725306,461,3
3,8,0.33333333333333331,0.5,0.41666666666666669,175,200,187.5,0.74468085106382975,0.85106382978723405,0.7978723404255319,D235_F10_V01,235,10,common_grid,absolute,6,detrended_51,mean,x1_ztop,0.10005443394631393,461,3
3,9,0.33333333333333331,0.5,0.41666666666666669,200,225,212.5,0.85106382978723405,0.95744680851063835,0.9042553191489362,D235_F10_V01,235,10,common_grid,absolute,6,detrended_51,mean,x1_ztop,0.11791798295263439,461,3
3,10,0.33333333333333331,0.5,0.41666666666666669,225,250,237.5,0.95744680851063835,1.0638297872340425,1.0106382978723405,D235_F10_V01,235,10,common_grid,absolute,6,detrended_51,mean,x1_ztop,-0.017326272419195626,461,3
3,11,0.33333333333333331,0.5,0.41666666666666669,250,275,262.5,1.0638297872340425,1.1702127659574468,1.1170212765957446,D235_F10_V01,235,10,common_grid,absolute,6,detrended_51,mean,x1_ztop,0.087356269442478623,461,3
3,12,0.33333333333333331,0.5,0.41666666666666669,275,300,287.5,1.1702127659574468,1.2765957446808511,1.2234042553191489,D235_F10_V01,235,10,common_grid,absolute,6,detrended_51,mean,x1_ztop,-0.0032900336051617119,461,3
3,13,0.33333333333333331,0.5,0.41666666666666669,300,325,312.5,1.2765957446808511,1.3829787234042554,1.3297872340425532,D235_F10_V01,235,10,common_grid,absolute,6,detrended_51,mean,x1_ztop,5.4768720442925981e-05,461,3
3,14,0.33333333333333331,0.5,0.41666666666666669,325,350,337.5,1.3829787234042554,1.4893617021276595,1.4361702127659575,D235_F10_V01,235,10,common_grid,absolute,6,detrended_51,mean,x1_ztop,-0.0016827488443730155,461,3
3,15,0.33333333333333331,0.5,0.41666666666666669,350,375,362.5,1.4893617021276595,1.5957446808510638,1.5425531914893618,D235_F10_V01,235,10,common_grid,absolute,6,detrended_51,mean,x1_ztop,0.049335379508498145,461,3
3,16,0.33333333333333331,0.5,0.41666666666666669,375,400,387.5,1.5957446808510638,1.7021276595744681,1.6489361702127661,D235_F10_V01,235,10,common_grid,absolute,6,detrended_51,mean,x1_ztop,-0.0062971429065483107,461,3
3,17,0.33333333333333331,0.5,0.41666666666666669,400,425,412.5,1.7021276595744681,1.8085106382978724,1.7553191489361701,D235_F10_V01,235,10,common_grid,absolute,6,detrended_51,mean,x1_ztop,0.040001855831131208,461,3
3,18,0.33333333333333331,0.5,0.41666666666666669,425,450,437.5,1.8085106382978724,1.9148936170212767,1.8617021276595744,D235_F10_V01,235,10,common_grid,absolute,6,detrended_51,mean,x1_ztop,-0.01320249545593378,461,3
3,19,0.33333333333333331,0.5,0.41666666666666669,450,475,462.5,1.9148936170212767,2.021276595744681,1.9680851063829787,D235_F10_V01,235,10,common_grid,absolute,6,detrended_51,mean,x1_ztop,-0.0043400686476867019,461,3
3,20,0.33333333333333331,0.5,0.41666666666666669,475,500,487.5,2.021276595744681,2.1276595744680851,2.0744680851063828,D235_F10_V01,235,10,common_grid,absolute,6,detrended_51,mean,x1_ztop,0.028593247697751397,461,3
4,1,0.5,0.66666666666666663,0.58333333333333337,0,25,12.5,0,0.10638297872340426,0.053191489361702128,D235_F10_V01,235,10,common_grid,absolute,6,detrended_51,mean,x1_ztop,0.192121320751755,461,3
4,2,0.5,0.66666666666666663,0.58333333333333337,25,50,37.5,0.10638297872340426,0.21276595744680851,0.15957446808510639,D235_F10_V01,235,10,common_grid,absolute,6,detrended_51,mean,x1_ztop,0.15160494238457392,461,3
4,3,0.5,0.66666666666666663,0.58333333333333337,50,75,62.5,0.21276595744680851,0.31914893617021278,0.26595744680851063,D235_F10_V01,235,10,common_grid,absolute,6,detrended_51,mean,x1_ztop,0.15819175626877396,461,3
4,4,0.5,0.66666666666666663,0.58333333333333337,75,100,87.5,0.31914893617021278,0.42553191489361702,0.37234042553191488,D235_F10_V01,235,10,common_grid,absolute,6,detrended_51,mean,x1_ztop,0.18137488533553048,461,3
4,5,0.5,0.66666666666666663,0.58333333333333337,100,125,112.5,0.42553191489361702,0.53191489361702127,0.47872340425531917,D235_F10_V01,235,10,common_grid,absolute,6,detrended_51,mean,x1_ztop,0.12013950756052806,461,3
4,6,0.5,0.66666666666666663,0.58333333333333337,125,150,137.5,0.53191489361702127,0.63829787234042556,0.58510638297872342,D235_F10_V01,235,10,common_grid,absolute,6,detrended_51,mean,x1_ztop,0.13807453638259265,461,3
4,7,0.5,0.66666666666666663,0.58333333333333337,150,175,162.5,0.63829787234042556,0.74468085106382975,0.69148936170212771,D235_F10_V01,235,10,common_grid,absolute,6,detrended_51,mean,x1_ztop,0.10546474504396161,461,3
4,8,0.5,0.66666666666666663,0.58333333333333337,175,200,187.5,0.74468085106382975,0.85106382978723405,0.7978723404255319,D235_F10_V01,235,10,common_grid,absolute,6,detrended_51,mean,x1_ztop,0.049359521114625091,461,3
4,9,0.5,0.66666666666666663,0.58333333333333337,200,225,212.5,0.85106382978723405,0.95744680851063835,0.9042553191489362,D235_F10_V01,235,10,common_grid,absolute,6,detrended_51,mean,x1_ztop,0.13598770742940552,461,3
4,10,0.5,0.66666666666666663,0.58333333333333337,225,250,237.5,0.95744680851063835,1.0638297872340425,1.0106382978723405,D235_F10_V01,235,10,common_grid,absolute,6,detrended_51,mean,x1_ztop,0.023048123987310772,461,3
4,11,0.5,0.66666666666666663,0.58333333333333337,250,275,262.5,1.0638297872340425,1.1702127659574468,1.1170212765957446,D235_F10_V01,235,10,common_grid,absolute,6,detrended_51,mean,x1_ztop,0.10441065325081979,461,3
4,12,0.5,0.66666666666666663,0.58333333333333337,275,300,287.5,1.1702127659574468,1.2765957446808511,1.2234042553191489,D235_F10_V01,235,10,common_grid,absolute,6,detrended_51,mean,x1_ztop,-0.04729172533985751,461,3
4,13,0.5,0.66666666666666663,0.58333333333333337,300,325,312.5,1.2765957446808511,1.3829787234042554,1.3297872340425532,D235_F10_V01,235,10,common_grid,absolute,6,detrended_51,mean,x1_ztop,0.02918990151426562,461,3
4,14,0.5,0.66666666666666663,0.58333333333333337,325,350,337.5,1.3829787234042554,1.4893617021276595,1.4361702127659575,D235_F10_V01,235,10,common_grid,absolute,6,detrended_51,mean,x1_ztop,-0.052542349637664396,461,3
4,15,0.5,0.66666666666666663,0.58333333333333337,350,375,362.5,1.4893617021276595,1.5957446808510638,1.5425531914893618,D235_F10_V01,235,10,common_grid,absolute,6,detrended_51,mean,x1_ztop,0.053596471902569685,461,3
4,16,0.5,0.66666666666666663,0.58333333333333337,375,400,387.5,1.5957446808510638,1.7021276595744681,1.6489361702127661,D235_F10_V01,235,10,common_grid,absolute,6,detrended_51,mean,x1_ztop,-0.028430989852837145,461,3
4,17,0.5,0.66666666666666663,0.58333333333333337,400,425,412.5,1.7021276595744681,1.8085106382978724,1.7553191489361701,D235_F10_V01,235,10,common_grid,absolute,6,detrended_51,mean,x1_ztop,-0.0087434539272925778,461,3
4,18,0.5,0.66666666666666663,0.58333333333333337,425,450,437.5,1.8085106382978724,1.9148936170212767,1.8617021276595744,D235_F10_V01,235,10,common_grid,absolute,6,detrended_51,mean,x1_ztop,0.00031297282923843997,461,3
4,19,0.5,0.66666666666666663,0.58333333333333337,450,475,462.5,1.9148936170212767,2.021276595744681,1.9680851063829787,D235_F10_V01,235,10,common_grid,absolute,6,detrended_51,mean,x1_ztop,0.0033554210708999395,461,3
4,20,0.5,0.66666666666666663,0.58333333333333337,475,500,487.5,2.021276595744681,2.1276595744680851,2.0744680851063828,D235_F10_V01,235,10,common_grid,absolute,6,detrended_51,mean,x1_ztop,0.055656694164257309,461,3
5,1,0.66666666666666663,0.83333333333333337,0.75,0,25,12.5,0,0.10638297872340426,0.053191489361702128,D235_F10_V01,235,10,common_grid,absolute,6,detrended_51,mean,x1_ztop,0.20176035994829433,461,3
5,2,0.66666666666666663,0.83333333333333337,0.75,25,50,37.5,0.10638297872340426,0.21276595744680851,0.15957446808510639,D235_F10_V01,235,10,common_grid,absolute,6,detrended_51,mean,x1_ztop,0.18282129901167124,461,3
5,3,0.66666666666666663,0.83333333333333337,0.75,50,75,62.5,0.21276595744680851,0.31914893617021278,0.26595744680851063,D235_F10_V01,235,10,common_grid,absolute,6,detrended_51,mean,x1_ztop,0.17433821583838074,461,3
5,4,0.66666666666666663,0.83333333333333337,0.75,75,100,87.5,0.31914893617021278,0.42553191489361702,0.37234042553191488,D235_F10_V01,235,10,common_grid,absolute,6,detrended_51,mean,x1_ztop,0.13331233245436358,461,3
5,5,0.66666666666666663,0.83333333333333337,0.75,100,125,112.5,0.42553191489361702,0.53191489361702127,0.47872340425531917,D235_F10_V01,235,10,common_grid,absolute,6,detrended_51,mean,x1_ztop,0.12520913149959947,461,3
5,6,0.66666666666666663,0.83333333333333337,0.75,125,150,137.5,0.53191489361702127,0.63829787234042556,0.58510638297872342,D235_F10_V01,235,10,common_grid,absolute,6,detrended_51,mean,x1_ztop,0.12855571867578308,461,3
5,7,0.66666666666666663,0.83333333333333337,0.75,150,175,162.5,0.63829787234042556,0.74468085106382975,0.69148936170212771,D235_F10_V01,235,10,common_grid,absolute,6,detrended_51,mean,x1_ztop,0.06166798557616307,461,3
5,8,0.66666666666666663,0.83333333333333337,0.75,175,200,187.5,0.74468085106382975,0.85106382978723405,0.7978723404255319,D235_F10_V01,235,10,common_grid,absolute,6,detrended_51,mean,x1_ztop,-0.031368212311240054,461,3
5,9,0.66666666666666663,0.83333333333333337,0.75,200,225,212.5,0.85106382978723405,0.95744680851063835,0.9042553191489362,D235_F10_V01,235,10,common_grid,absolute,6,detrended_51,mean,x1_ztop,0.077332438904150022,461,3
5,10,0.66666666666666663,0.83333333333333337,0.75,225,250,237.5,0.95744680851063835,1.0638297872340425,1.0106382978723405,D235_F10_V01,235,10,common_grid,absolute,6,detrended_51,mean,x1_ztop,-0.0094717038088781638,461,3
5,11,0.66666666666666663,0.83333333333333337,0.75,250,275,262.5,1.0638297872340425,1.1702127659574468,1.1170212765957446,D235_F10_V01,235,10,common_grid,absolute,6,detrended_51,mean,x1_ztop,0.067206021872740204,461,3
5,12,0.66666666666666663,0.83333333333333337,0.75,275,300,287.5,1.1702127659574468,1.2765957446808511,1.2234042553191489,D235_F10_V01,235,10,common_grid,absolute,6,detrended_51,mean,x1_ztop,0.047976188262743601,461,3
5,13,0.66666666666666663,0.83333333333333337,0.75,300,325,312.5,1.2765957446808511,1.3829787234042554,1.3297872340425532,D235_F10_V01,235,10,common_grid,absolute,6,detrended_51,mean,x1_ztop,-0.033064326136537529,461,3
5,14,0.66666666666666663,0.83333333333333337,0.75,325,350,337.5,1.3829787234042554,1.4893617021276595,1.4361702127659575,D235_F10_V01,235,10,common_grid,absolute,6,detrended_51,mean,x1_ztop,-0.064503743293364266,461,3
5,15,0.66666666666666663,0.83333333333333337,0.75,350,375,362.5,1.4893617021276595,1.5957446808510638,1.5425531914893618,D235_F10_V01,235,10,common_grid,absolute,6,detrended_51,mean,x1_ztop,0.059210820517221138,461,3
5,16,0.66666666666666663,0.83333333333333337,0.75,375,400,387.5,1.5957446808510638,1.7021276595744681,1.6489361702127661,D235_F10_V01,235,10,common_grid,absolute,6,detrended_51,mean,x1_ztop,-0.0063090387731883357,461,3
5,17,0.66666666666666663,0.83333333333333337,0.75,400,425,412.5,1.7021276595744681,1.8085106382978724,1.7553191489361701,D235_F10_V01,235,10,common_grid,absolute,6,detrended_51,mean,x1_ztop,0.056472848714334348,461,3
5,18,0.66666666666666663,0.83333333333333337,0.75,425,450,437.5,1.8085106382978724,1.9148936170212767,1.8617021276595744,D235_F10_V01,235,10,common_grid,absolute,6,detrended_51,mean,x1_ztop,0.0040856470997073296,461,3
5,19,0.66666666666666663,0.83333333333333337,0.75,450,475,462.5,1.9148936170212767,2.021276595744681,1.9680851063829787,D235_F10_V01,235,10,common_grid,absolute,6,detrended_51,mean,x1_ztop,0.094813597395634247,461,3
5,20,0.66666666666666663,0.83333333333333337,0.75,475,500,487.5,2.021276595744681,2.1276595744680851,2.0744680851063828,D235_F10_V01,235,10,common_grid,absolute,6,detrended_51,mean,x1_ztop,0.042485528986789846,461,3
6,1,0.83333333333333337,1,0.91666666666666663,0,25,12.5,0,0.10638297872340426,0.053191489361702128,D235_F10_V01,235,10,common_grid,absolute,6,detrended_51,mean,x1_ztop,0.13270079939450899,461,3
6,2,0.83333333333333337,1,0.91666666666666663,25,50,37.5,0.10638297872340426,0.21276595744680851,0.15957446808510639,D235_F10_V01,235,10,common_grid,absolute,6,detrended_51,mean,x1_ztop,0.031974366269525746,461,3
6,3,0.83333333333333337,1,0.91666666666666663,50,75,62.5,0.21276595744680851,0.31914893617021278,0.26595744680851063,D235_F10_V01,235,10,common_grid,absolute,6,detrended_51,mean,x1_ztop,0.11516234707503611,461,3
6,4,0.83333333333333337,1,0.91666666666666663,75,100,87.5,0.31914893617021278,0.42553191489361702,0.37234042553191488,D235_F10_V01,235,10,common_grid,absolute,6,detrended_51,mean,x1_ztop,0.11350190531403138,461,3
6,5,0.83333333333333337,1,0.91666666666666663,100,125,112.5,0.42553191489361702,0.53191489361702127,0.47872340425531917,D235_F10_V01,235,10,common_grid,absolute,6,detrended_51,mean,x1_ztop,0.07950370878847958,461,3
6,6,0.83333333333333337,1,0.91666666666666663,125,150,137.5,0.53191489361702127,0.63829787234042556,0.58510638297872342,D235_F10_V01,235,10,common_grid,absolute,6,detrended_51,mean,x1_ztop,0.12072981754757352,461,3
6,7,0.83333333333333337,1,0.91666666666666663,150,175,162.5,0.63829787234042556,0.74468085106382975,0.69148936170212771,D235_F10_V01,235,10,common_grid,absolute,6,detrended_51,mean,x1_ztop,0.013576859263397027,461,3
6,8,0.83333333333333337,1,0.91666666666666663,175,200,187.5,0.74468085106382975,0.85106382978723405,0.7978723404255319,D235_F10_V01,235,10,common_grid,absolute,6,detrended_51,mean,x1_ztop,-0.025342304711298821,461,3
6,9,0.83333333333333337,1,0.91666666666666663,200,225,212.5,0.85106382978723405,0.95744680851063835,0.9042553191489362,D235_F10_V01,235,10,common_grid,absolute,6,detrended_51,mean,x1_ztop,0.087714406525935845,461,3
6,10,0.83333333333333337,1,0.91666666666666663,225,250,237.5,0.95744680851063835,1.0638297872340425,1.0106382978723405,D235_F10_V01,235,10,common_grid,absolute,6,detrended_51,mean,x1_ztop,0.023954240591730298,461,3
6,11,0.83333333333333337,1,0.91666666666666663,250,275,262.5,1.0638297872340425,1.1702127659574468,1.1170212765957446,D235_F10_V01,235,10,common_grid,absolute,6,detrended_51,mean,x1_ztop,0.077755211066971974,461,3
6,12,0.83333333333333337,1,0.91666666666666663,275,300,287.5,1.1702127659574468,1.2765957446808511,1.2234042553191489,D235_F10_V01,235,10,common_grid,absolute,6,detrended_51,mean,x1_ztop,-0.12587450696971411,461,3
6,13,0.83333333333333337,1,0.91666666666666663,300,325,312.5,1.2765957446808511,1.3829787234042554,1.3297872340425532,D235_F10_V01,235,10,common_grid,absolute,6,detrended_51,mean,x1_ztop,0.023313994006032367,461,3
6,14,0.83333333333333337,1,0.91666666666666663,325,350,337.5,1.3829787234042554,1.4893617021276595,1.4361702127659575,D235_F10_V01,235,10,common_grid,absolute,6,detrended_51,mean,x1_ztop,-0.044240128612233975,461,3
6,15,0.83333333333333337,1,0.91666666666666663,350,375,362.5,1.4893617021276595,1.5957446808510638,1.5425531914893618,D235_F10_V01,235,10,common_grid,absolute,6,detrended_51,mean,x1_ztop,0.060804041626387098,461,3
6,16,0.83333333333333337,1,0.91666666666666663,375,400,387.5,1.5957446808510638,1.7021276595744681,1.6489361702127661,D235_F10_V01,235,10,common_grid,absolute,6,detrended_51,mean,x1_ztop,0.0044840525320959269,461,3
6,17,0.83333333333333337,1,0.91666666666666663,400,425,412.5,1.7021276595744681,1.8085106382978724,1.7553191489361701,D235_F10_V01,235,10,common_grid,absolute,6,detrended_51,mean,x1_ztop,0.086509785058298067,461,3
6,18,0.83333333333333337,1,0.91666666666666663,425,450,437.5,1.8085106382978724,1.9148936170212767,1.8617021276595744,D235_F10_V01,235,10,common_grid,absolute,6,detrended_51,mean,x1_ztop,0.010755167530823628,461,3
6,19,0.83333333333333337,1,0.91666666666666663,450,475,462.5,1.9148936170212767,2.021276595744681,1.9680851063829787,D235_F10_V01,235,10,common_grid,absolute,6,detrended_51,mean,x1_ztop,0.020775771027614739,461,3
6,20,0.83333333333333337,1,0.91666666666666663,475,500,487.5,2.021276595744681,2.1276595744680851,2.0744680851063828,D235_F10_V01,235,10,common_grid,absolute,6,detrended_51,mean,x1_ztop,0.028904634711266627,461,3
1,1,0,0.16666666666666666,0.083333333333333329,0,25,12.5,0,0.08771929824561403,0.043859649122807015,D285_F01_V01,285,1,common_grid,absolute,6,detrended_51,mean,x1_ztop,0.010537763894242463,453,3
1,2,0,0.16666666666666666,0.083333333333333329,25,50,37.5,0.08771929824561403,0.17543859649122806,0.13157894736842105,D285_F01_V01,285,1,common_grid,absolute,6,detrended_51,mean,x1_ztop,-0.11552521403021417,453,3
1,3,0,0.16666666666666666,0.083333333333333329,50,75,62.5,0.17543859649122806,0.26315789473684209,0.21929824561403508,D285_F01_V01,285,1,common_grid,absolute,6,detrended_51,mean,x1_ztop,-0.093794791040896872,453,3
1,4,0,0.16666666666666666,0.083333333333333329,75,100,87.5,0.26315789473684209,0.35087719298245612,0.30701754385964913,D285_F01_V01,285,1,common_grid,absolute,6,detrended_51,mean,x1_ztop,0.039915374462166961,453,3
1,5,0,0.16666666666666666,0.083333333333333329,100,125,112.5,0.35087719298245612,0.43859649122807015,0.39473684210526316,D285_F01_V01,285,1,common_grid,absolute,6,detrended_51,mean,x1_ztop,-0.060431899891227131,453,3
1,6,0,0.16666666666666666,0.083333333333333329,125,150,137.5,0.43859649122807015,0.52631578947368418,0.48245614035087719,D285_F01_V01,285,1,common_grid,absolute,6,detrended_51,mean,x1_ztop,-0.048407691940603681,453,3
1,7,0,0.16666666666666666,0.083333333333333329,150,175,162.5,0.52631578947368418,0.61403508771929827,0.57017543859649122,D285_F01_V01,285,1,common_grid,absolute,6,detrended_51,mean,x1_ztop,-0.047840310091665408,453,3
1,8,0,0.16666666666666666,0.083333333333333329,175,200,187.5,0.61403508771929827,0.70175438596491224,0.65789473684210531,D285_F01_V01,285,1,common_grid,absolute,6,detrended_51,mean,x1_ztop,0.053300755248501128,453,3
1,9,0,0.16666666666666666,0.083333333333333329,200,225,212.5,0.70175438596491224,0.78947368421052633,0.74561403508771928,D285_F01_V01,285,1,common_grid,absolute,6,detrended_51,mean,x1_ztop,-0.09064457422447178,453,3
1,10,0,0.16666666666666666,0.083333333333333329,225,250,237.5,0.78947368421052633,0.8771929824561403,0.83333333333333337,D285_F01_V01,285,1,common_grid,absolute,6,detrended_51,mean,x1_ztop,0.025106029099064175,453,3
1,11,0,0.16666666666666666,0.083333333333333329,250,275,262.5,0.8771929824561403,0.96491228070175439,0.92105263157894735,D285_F01_V01,285,1,common_grid,absolute,6,detrended_51,mean,x1_ztop,0.063908774306395522,453,3
1,12,0,0.16666666666666666,0.083333333333333329,275,300,287.5,0.96491228070175439,1.0526315789473684,1.0087719298245614,D285_F01_V01,285,1,common_grid,absolute,6,detrended_51,mean,x1_ztop,0.0028768589797892727,453,3
1,13,0,0.16666666666666666,0.083333333333333329,300,325,312.5,1.0526315789473684,1.1403508771929824,1.0964912280701755,D285_F01_V01,285,1,common_grid,absolute,6,detrended_51,mean,x1_ztop,0.0012091679178578684,453,3
1,14,0,0.16666666666666666,0.083333333333333329,325,350,337.5,1.1403508771929824,1.2280701754385965,1.1842105263157894,D285_F01_V01,285,1,common_grid,absolute,6,detrended_51,mean,x1_ztop,-0.027723762905009643,453,3
1,15,0,0.16666666666666666,0.083333333333333329,350,375,362.5,1.2280701754385965,1.3157894736842106,1.2719298245614035,D285_F01_V01,285,1,common_grid,absolute,6,detrended_51,mean,x1_ztop,0.12058539097115602,453,3
1,16,0,0.16666666666666666,0.083333333333333329,375,400,387.5,1.3157894736842106,1.4035087719298245,1.3596491228070176,D285_F01_V01,285,1,common_grid,absolute,6,detrended_51,mean,x1_ztop,-0.028923920279591502,453,3
1,17,0,0.16666666666666666,0.083333333333333329,400,425,412.5,1.4035087719298245,1.4912280701754386,1.4473684210526316,D285_F01_V01,285,1,common_grid,absolute,6,detrended_51,mean,x1_ztop,0.086739242161902125,453,3
1,18,0,0.16666666666666666,0.083333333333333329,425,450,437.5,1.4912280701754386,1.5789473684210527,1.5350877192982457,D285_F01_V01,285,1,common_grid,absolute,6,detrended_51,mean,x1_ztop,-0.02340333081217422,453,3
1,19,0,0.16666666666666666,0.083333333333333329,450,475,462.5,1.5789473684210527,1.6666666666666667,1.6228070175438596,D285_F01_V01,285,1,common_grid,absolute,6,detrended_51,mean,x1_ztop,0.085855733524578343,453,3
1,20,0,0.16666666666666666,0.083333333333333329,475,500,487.5,1.6666666666666667,1.7543859649122806,1.7105263157894737,D285_F01_V01,285,1,common_grid,absolute,6,detrended_51,mean,x1_ztop,-0.077170708940486984,453,3
2,1,0.16666666666666666,0.33333333333333331,0.25,0,25,12.5,0,0.08771929824561403,0.043859649122807015,D285_F01_V01,285,1,common_grid,absolute,6,detrended_51,mean,x1_ztop,0.11580784816317166,453,3
2,2,0.16666666666666666,0.33333333333333331,0.25,25,50,37.5,0.08771929824561403,0.17543859649122806,0.13157894736842105,D285_F01_V01,285,1,common_grid,absolute,6,detrended_51,mean,x1_ztop,0.17686642546470452,453,3
2,3,0.16666666666666666,0.33333333333333331,0.25,50,75,62.5,0.17543859649122806,0.26315789473684209,0.21929824561403508,D285_F01_V01,285,1,common_grid,absolute,6,detrended_51,mean,x1_ztop,0.13862589710460504,453,3
2,4,0.16666666666666666,0.33333333333333331,0.25,75,100,87.5,0.26315789473684209,0.35087719298245612,0.30701754385964913,D285_F01_V01,285,1,common_grid,absolute,6,detrended_51,mean,x1_ztop,0.14535180875955964,453,3
2,5,0.16666666666666666,0.33333333333333331,0.25,100,125,112.5,0.35087719298245612,0.43859649122807015,0.39473684210526316,D285_F01_V01,285,1,common_grid,absolute,6,detrended_51,mean,x1_ztop,0.016758914512907688,453,3
2,6,0.16666666666666666,0.33333333333333331,0.25,125,150,137.5,0.43859649122807015,0.52631578947368418,0.48245614035087719,D285_F01_V01,285,1,common_grid,absolute,6,detrended_51,mean,x1_ztop,0.049753764235170639,453,3
2,7,0.16666666666666666,0.33333333333333331,0.25,150,175,162.5,0.52631578947368418,0.61403508771929827,0.57017543859649122,D285_F01_V01,285,1,common_grid,absolute,6,detrended_51,mean,x1_ztop,0.022558040774733099,453,3
2,8,0.16666666666666666,0.33333333333333331,0.25,175,200,187.5,0.61403508771929827,0.70175438596491224,0.65789473684210531,D285_F01_V01,285,1,common_grid,absolute,6,detrended_51,mean,x1_ztop,0.1374865068726461,453,3
2,9,0.16666666666666666,0.33333333333333331,0.25,200,225,212.5,0.70175438596491224,0.78947368421052633,0.74561403508771928,D285_F01_V01,285,1,common_grid,absolute,6,detrended_51,mean,x1_ztop,0.074199706412830468,453,3
2,10,0.16666666666666666,0.33333333333333331,0.25,225,250,237.5,0.78947368421052633,0.8771929824561403,0.83333333333333337,D285_F01_V01,285,1,common_grid,absolute,6,detrended_51,mean,x1_ztop,0.055336551356695129,453,3
2,11,0.16666666666666666,0.33333333333333331,0.25,250,275,262.5,0.8771929824561403,0.96491228070175439,0.92105263157894735,D285_F01_V01,285,1,common_grid,absolute,6,detrended_51,mean,x1_ztop,0.068505660625383075,453,3
2,12,0.16666666666666666,0.33333333333333331,0.25,275,300,287.5,0.96491228070175439,1.0526315789473684,1.0087719298245614,D285_F01_V01,285,1,common_grid,absolute,6,detrended_51,mean,x1_ztop,-0.0028023061041540336,453,3
2,13,0.16666666666666666,0.33333333333333331,0.25,300,325,312.5,1.0526315789473684,1.1403508771929824,1.0964912280701755,D285_F01_V01,285,1,common_grid,absolute,6,detrended_51,mean,x1_ztop,0.022190879421765577,453,3
2,14,0.16666666666666666,0.33333333333333331,0.25,325,350,337.5,1.1403508771929824,1.2280701754385965,1.1842105263157894,D285_F01_V01,285,1,common_grid,absolute,6,detrended_51,mean,x1_ztop,0.042374899806187985,453,3
2,15,0.16666666666666666,0.33333333333333331,0.25,350,375,362.5,1.2280701754385965,1.3157894736842106,1.2719298245614035,D285_F01_V01,285,1,common_grid,absolute,6,detrended_51,mean,x1_ztop,0.050013321038137208,453,3
2,16,0.16666666666666666,0.33333333333333331,0.25,375,400,387.5,1.3157894736842106,1.4035087719298245,1.3596491228070176,D285_F01_V01,285,1,common_grid,absolute,6,detrended_51,mean,x1_ztop,0.06975058125364636,453,3
2,17,0.16666666666666666,0.33333333333333331,0.25,400,425,412.5,1.4035087719298245,1.4912280701754386,1.4473684210526316,D285_F01_V01,285,1,common_grid,absolute,6,detrended_51,mean,x1_ztop,0.02613889931000838,453,3
2,18,0.16666666666666666,0.33333333333333331,0.25,425,450,437.5,1.4912280701754386,1.5789473684210527,1.5350877192982457,D285_F01_V01,285,1,common_grid,absolute,6,detrended_51,mean,x1_ztop,-0.065417006909120945,453,3
2,19,0.16666666666666666,0.33333333333333331,0.25,450,475,462.5,1.5789473684210527,1.6666666666666667,1.6228070175438596,D285_F01_V01,285,1,common_grid,absolute,6,detrended_51,mean,x1_ztop,-0.045730239856351329,453,3
2,20,0.16666666666666666,0.33333333333333331,0.25,475,500,487.5,1.6666666666666667,1.7543859649122806,1.7105263157894737,D285_F01_V01,285,1,common_grid,absolute,6,detrended_51,mean,x1_ztop,0.010314368647437427,453,3
3,1,0.33333333333333331,0.5,0.41666666666666669,0,25,12.5,0,0.08771929824561403,0.043859649122807015,D285_F01_V01,285,1,common_grid,absolute,6,detrended_51,mean,x1_ztop,0.23688021539762999,453,3
3,2,0.33333333333333331,0.5,0.41666666666666669,25,50,37.5,0.08771929824561403,0.17543859649122806,0.13157894736842105,D285_F01_V01,285,1,common_grid,absolute,6,detrended_51,mean,x1_ztop,0.20004518691107218,453,3
3,3,0.33333333333333331,0.5,0.41666666666666669,50,75,62.5,0.17543859649122806,0.26315789473684209,0.21929824561403508,D285_F01_V01,285,1,common_grid,absolute,6,detrended_51,mean,x1_ztop,0.18132559862262887,453,3
3,4,0.33333333333333331,0.5,0.41666666666666669,75,100,87.5,0.26315789473684209,0.35087719298245612,0.30701754385964913,D285_F01_V01,285,1,common_grid,absolute,6,detrended_51,mean,x1_ztop,0.18390584464501575,453,3
3,5,0.33333333333333331,0.5,0.41666666666666669,100,125,112.5,0.35087719298245612,0.43859649122807015,0.39473684210526316,D285_F01_V01,285,1,common_grid,absolute,6,detrended_51,mean,x1_ztop,0.06618406603487946,453,3
3,6,0.33333333333333331,0.5,0.41666666666666669,125,150,137.5,0.43859649122807015,0.52631578947368418,0.48245614035087719,D285_F01_V01,285,1,common_grid,absolute,6,detrended_51,mean,x1_ztop,0.05890903353004362,453,3
3,7,0.33333333333333331,0.5,0.41666666666666669,150,175,162.5,0.52631578947368418,0.61403508771929827,0.57017543859649122,D285_F01_V01,285,1,common_grid,absolute,6,detrended_51,mean,x1_ztop,0.10946899549514449,453,3
3,8,0.33333333333333331,0.5,0.41666666666666669,175,200,187.5,0.61403508771929827,0.70175438596491224,0.65789473684210531,D285_F01_V01,285,1,common_grid,absolute,6,detrended_51,mean,x1_ztop,0.091710228187602716,453,3
3,9,0.33333333333333331,0.5,0.41666666666666669,200,225,212.5,0.70175438596491224,0.78947368421052633,0.74561403508771928,D285_F01_V01,285,1,common_grid,absolute,6,detrended_51,mean,x1_ztop,-0.043632783927110466,453,3
3,10,0.33333333333333331,0.5,0.41666666666666669,225,250,237.5,0.78947368421052633,0.8771929824561403,0.83333333333333337,D285_F01_V01,285,1,common_grid,absolute,6,detrended_51,mean,x1_ztop,0.077776452001492455,453,3
3,11,0.33333333333333331,0.5,0.41666666666666669,250,275,262.5,0.8771929824561403,0.96491228070175439,0.92105263157894735,D285_F01_V01,285,1,common_grid,absolute,6,detrended_51,mean,x1_ztop,-0.027411596417130209,453,3
3,12,0.33333333333333331,0.5,0.41666666666666669,275,300,287.5,0.96491228070175439,1.0526315789473684,1.0087719298245614,D285_F01_V01,285,1,common_grid,absolute,6,detrended_51,mean,x1_ztop,0.056062186448283653,453,3
3,13,0.33333333333333331,0.5,0.41666666666666669,300,325,312.5,1.0526315789473684,1.1403508771929824,1.0964912280701755,D285_F01_V01,285,1,common_grid,absolute,6,detrended_51,mean,x1_ztop,0.069679229552152028,453,3
3,14,0.33333333333333331,0.5,0.41666666666666669,325,350,337.5,1.1403508771929824,1.2280701754385965,1.1842105263157894,D285_F01_V01,285,1,common_grid,absolute,6,detrended_51,mean,x1_ztop,0.084867517579691285,453,3
3,15,0.33333333333333331,0.5,0.41666666666666669,350,375,362.5,1.2280701754385965,1.3157894736842106,1.2719298245614035,D285_F01_V01,285,1,common_grid,absolute,6,detrended_51,mean,x1_ztop,0.10247647997992151,453,3
3,16,0.33333333333333331,0.5,0.41666666666666669,375,400,387.5,1.3157894736842106,1.4035087719298245,1.3596491228070176,D285_F01_V01,285,1,common_grid,absolute,6,detrended_51,mean,x1_ztop,0.12145627490731697,453,3
3,17,0.33333333333333331,0.5,0.41666666666666669,400,425,412.5,1.4035087719298245,1.4912280701754386,1.4473684210526316,D285_F01_V01,285,1,common_grid,absolute,6,detrended_51,mean,x1_ztop,-0.0020288680778267,453,3
3,18,0.33333333333333331,0.5,0.41666666666666669,425,450,437.5,1.4912280701754386,1.5789473684210527,1.5350877192982457,D285_F01_V01,285,1,common_grid,absolute,6,detrended_51,mean,x1_ztop,-0.0021028542216160583,453,3
3,19,0.33333333333333331,0.5,0.41666666666666669,450,475,462.5,1.5789473684210527,1.6666666666666667,1.6228070175438596,D285_F01_V01,285,1,common_grid,absolute,6,detrended_51,mean,x1_ztop,0.0031451144255526808,453,3
3,20,0.33333333333333331,0.5,0.41666666666666669,475,500,487.5,1.6666666666666667,1.7543859649122806,1.7105263157894737,D285_F01_V01,285,1,common_grid,absolute,6,detrended_51,mean,x1_ztop,0.069814188654224535,453,3
4,1,0.5,0.66666666666666663,0.58333333333333337,0,25,12.5,0,0.08771929824561403,0.043859649122807015,D285_F01_V01,285,1,common_grid,absolute,6,detrended_51,mean,x1_ztop,0.19707078307520315,453,3
4,2,0.5,0.66666666666666663,0.58333333333333337,25,50,37.5,0.08771929824561403,0.17543859649122806,0.13157894736842105,D285_F01_V01,285,1,common_grid,absolute,6,detrended_51,mean,x1_ztop,0.20706617341230768,453,3
4,3,0.5,0.66666666666666663,0.58333333333333337,50,75,62.5,0.17543859649122806,0.26315789473684209,0.21929824561403508,D285_F01_V01,285,1,common_grid,absolute,6,detrended_51,mean,x1_ztop,0.16335117865059365,453,3
4,4,0.5,0.66666666666666663,0.58333333333333337,75,100,87.5,0.26315789473684209,0.35087719298245612,0.30701754385964913,D285_F01_V01,285,1,common_grid,absolute,6,detrended_51,mean,x1_ztop,0.17915836044061728,453,3
4,5,0.5,0.66666666666666663,0.58333333333333337,100,125,112.5,0.35087719298245612,0.43859649122807015,0.39473684210526316,D285_F01_V01,285,1,common_grid,absolute,6,detrended_51,mean,x1_ztop,0.10841898256005611,453,3
4,6,0.5,0.66666666666666663,0.58333333333333337,125,150,137.5,0.43859649122807015,0.52631578947368418,0.48245614035087719,D285_F01_V01,285,1,common_grid,absolute,6,detrended_51,mean,x1_ztop,0.081894657025432097,453,3
4,7,0.5,0.66666666666666663,0.58333333333333337,150,175,162.5,0.52631578947368418,0.61403508771929827,0.57017543859649122,D285_F01_V01,285,1,common_grid,absolute,6,detrended_51,mean,x1_ztop,0.039550829361087524,453,3
4,8,0.5,0.66666666666666663,0.58333333333333337,175,200,187.5,0.61403508771929827,0.70175438596491224,0.65789473684210531,D285_F01_V01,285,1,common_grid,absolute,6,detrended_51,mean,x1_ztop,0.05081494734999132,453,3
4,9,0.5,0.66666666666666663,0.58333333333333337,200,225,212.5,0.70175438596491224,0.78947368421052633,0.74561403508771928,D285_F01_V01,285,1,common_grid,absolute,6,detrended_51,mean,x1_ztop,0.081246229031822825,453,3
4,10,0.5,0.66666666666666663,0.58333333333333337,225,250,237.5,0.78947368421052633,0.8771929824561403,0.83333333333333337,D285_F01_V01,285,1,common_grid,absolute,6,detrended_51,mean,x1_ztop,0.11097329297983737,453,3
4,11,0.5,0.66666666666666663,0.58333333333333337,250,275,262.5,0.8771929824561403,0.96491228070175439,0.92105263157894735,D285_F01_V01,285,1,common_grid,absolute,6,detrended_51,mean,x1_ztop,-0.067672228816991309,453,3
4,12,0.5,0.66666666666666663,0.58333333333333337,275,300,287.5,0.96491228070175439,1.0526315789473684,1.0087719298245614,D285_F01_V01,285,1,common_grid,absolute,6,detrended_51,mean,x1_ztop,-0.049416484211966524,453,3
4,13,0.5,0.66666666666666663,0.58333333333333337,300,325,312.5,1.0526315789473684,1.1403508771929824,1.0964912280701755,D285_F01_V01,285,1,common_grid,absolute,6,detrended_51,mean,x1_ztop,0.046114177388955249,453,3
4,14,0.5,0.66666666666666663,0.58333333333333337,325,350,337.5,1.1403508771929824,1.2280701754385965,1.1842105263157894,D285_F01_V01,285,1,common_grid,absolute,6,detrended_51,mean,x1_ztop,0.11441449676282525,453,3
4,15,0.5,0.66666666666666663,0.58333333333333337,350,375,362.5,1.2280701754385965,1.3157894736842106,1.2719298245614035,D285_F01_V01,285,1,common_grid,absolute,6,detrended_51,mean,x1_ztop,0.034183960829704624,453,3
4,16,0.5,0.66666666666666663,0.58333333333333337,375,400,387.5,1.3157894736842106,1.4035087719298245,1.3596491228070176,D285_F01_V01,285,1,common_grid,absolute,6,detrended_51,mean,x1_ztop,-0.024183737652276174,453,3
4,17,0.5,0.66666666666666663,0.58333333333333337,400,425,412.5,1.4035087719298245,1.4912280701754386,1.4473684210526316,D285_F01_V01,285,1,common_grid,absolute,6,detrended_51,mean,x1_ztop,-0.082683725595299962,453,3
4,18,0.5,0.66666666666666663,0.58333333333333337,425,450,437.5,1.4912280701754386,1.5789473684210527,1.5350877192982457,D285_F01_V01,285,1,common_grid,absolute,6,detrended_51,mean,x1_ztop,-0.034414116612257538,453,3
4,19,0.5,0.66666666666666663,0.58333333333333337,450,475,462.5,1.5789473684210527,1.6666666666666667,1.6228070175438596,D285_F01_V01,285,1,common_grid,absolute,6,detrended_51,mean,x1_ztop,0.011777442255946347,453,3
4,20,0.5,0.66666666666666663,0.58333333333333337,475,500,487.5,1.6666666666666667,1.7543859649122806,1.7105263157894737,D285_F01_V01,285,1,common_grid,absolute,6,detrended_51,mean,x1_ztop,0.032539782795750524,453,3
5,1,0.66666666666666663,0.83333333333333337,0.75,0,25,12.5,0,0.08771929824561403,0.043859649122807015,D285_F01_V01,285,1,common_grid,absolute,6,detrended_51,mean,x1_ztop,0.056076581155999415,453,3
5,2,0.66666666666666663,0.83333333333333337,0.75,25,50,37.5,0.08771929824561403,0.17543859649122806,0.13157894736842105,D285_F01_V01,285,1,common_grid,absolute,6,detrended_51,mean,x1_ztop,0.093450395783668067,453,3
5,3,0.66666666666666663,0.83333333333333337,0.75,50,75,62.5,0.17543859649122806,0.26315789473684209,0.21929824561403508,D285_F01_V01,285,1,common_grid,absolute,6,detrended_51,mean,x1_ztop,0.084911588317321984,453,3
5,4,0.66666666666666663,0.83333333333333337,0.75,75,100,87.5,0.26315789473684209,0.35087719298245612,0.30701754385964913,D285_F01_V01,285,1,common_grid,absolute,6,detrended_51,mean,x1_ztop,0.086353537046628959,453,3
5,5,0.66666666666666663,0.83333333333333337,0.75,100,125,112.5,0.35087719298245612,0.43859649122807015,0.39473684210526316,D285_F01_V01,285,1,common_grid,absolute,6,detrended_51,mean,x1_ztop,0.11549788885772051,453,3
5,6,0.66666666666666663,0.83333333333333337,0.75,125,150,137.5,0.43859649122807015,0.52631578947368418,0.48245614035087719,D285_F01_V01,285,1,common_grid,absolute,6,detrended_51,mean,x1_ztop,0.094765565629214288,453,3
5,7,0.66666666666666663,0.83333333333333337,0.75,150,175,162.5,0.52631578947368418,0.61403508771929827,0.57017543859649122,D285_F01_V01,285,1,common_grid,absolute,6,detrended_51,mean,x1_ztop,0.062339615636560854,453,3
5,8,0.66666666666666663,0.83333333333333337,0.75,175,200,187.5,0.61403508771929827,0.70175438596491224,0.65789473684210531,D285_F01_V01,285,1,common_grid,absolute,6,detrended_51,mean,x1_ztop,0.080956607307117123,453,3
5,9,0.66666666666666663,0.83333333333333337,0.75,200,225,212.5,0.70175438596491224,0.78947368421052633,0.74561403508771928,D285_F01_V01,285,1,common_grid,absolute,6,detrended_51,mean,x1_ztop,0.057527412657218939,453,3
5,10,0.66666666666666663,0.83333333333333337,0.75,225,250,237.5,0.78947368421052633,0.8771929824561403,0.83333333333333337,D285_F01_V01,285,1,common_grid,absolute,6,detrended_51,mean,x1_ztop,0.10835514259111886,453,3
5,11,0.66666666666666663,0.83333333333333337,0.75,250,275,262.5,0.8771929824561403,0.96491228070175439,0.92105263157894735,D285_F01_V01,285,1,common_grid,absolute,6,detrended_51,mean,x1_ztop,-0.029053666596411926,453,3
5,12,0.66666666666666663,0.83333333333333337,0.75,275,300,287.5,0.96491228070175439,1.0526315789473684,1.0087719298245614,D285_F01_V01,285,1,common_grid,absolute,6,detrended_51,mean,x1_ztop,0.03922836487290015,453,3
5,13,0.66666666666666663,0.83333333333333337,0.75,300,325,312.5,1.0526315789473684,1.1403508771929824,1.0964912280701755,D285_F01_V01,285,1,common_grid,absolute,6,detrended_51,mean,x1_ztop,-0.0085848757385921515,453,3
5,14,0.66666666666666663,0.83333333333333337,0.75,325,350,337.5,1.1403508771929824,1.2280701754385965,1.1842105263157894,D285_F01_V01,285,1,common_grid,absolute,6,detrended_51,mean,x1_ztop,0.076440648771959385,453,3
5,15,0.66666666666666663,0.83333333333333337,0.75,350,375,362.5,1.2280701754385965,1.3157894736842106,1.2719298245614035,D285_F01_V01,285,1,common_grid,absolute,6,detrended_51,mean,x1_ztop,0.094443697333380178,453,3
5,16,0.66666666666666663,0.83333333333333337,0.75,375,400,387.5,1.3157894736842106,1.4035087719298245,1.3596491228070176,D285_F01_V01,285,1,common_grid,absolute,6,detrended_51,mean,x1_ztop,0.082744537491531697,453,3
5,17,0.66666666666666663,0.83333333333333337,0.75,400,425,412.5,1.4035087719298245,1.4912280701754386,1.4473684210526316,D285_F01_V01,285,1,common_grid,absolute,6,detrended_51,mean,x1_ztop,0.038024932961519153,453,3
5,18,0.66666666666666663,0.83333333333333337,0.75,425,450,437.5,1.4912280701754386,1.5789473684210527,1.5350877192982457,D285_F01_V01,285,1,common_grid,absolute,6,detrended_51,mean,x1_ztop,0.0075997479434541659,453,3
5,19,0.66666666666666663,0.83333333333333337,0.75,450,475,462.5,1.5789473684210527,1.6666666666666667,1.6228070175438596,D285_F01_V01,285,1,common_grid,absolute,6,detrended_51,mean,x1_ztop,0.02995764276374974,453,3
5,20,0.66666666666666663,0.83333333333333337,0.75,475,500,487.5,1.6666666666666667,1.7543859649122806,1.7105263157894737,D285_F01_V01,285,1,common_grid,absolute,6,detrended_51,mean,x1_ztop,-0.074388517234348125,453,3
6,1,0.83333333333333337,1,0.91666666666666663,0,25,12.5,0,0.08771929824561403,0.043859649122807015,D285_F01_V01,285,1,common_grid,absolute,6,detrended_51,mean,x1_ztop,0.14961060745668819,453,3
6,2,0.83333333333333337,1,0.91666666666666663,25,50,37.5,0.08771929824561403,0.17543859649122806,0.13157894736842105,D285_F01_V01,285,1,common_grid,absolute,6,detrended_51,mean,x1_ztop,0.12001321000623802,453,3
6,3,0.83333333333333337,1,0.91666666666666663,50,75,62.5,0.17543859649122806,0.26315789473684209,0.21929824561403508,D285_F01_V01,285,1,common_grid,absolute,6,detrended_51,mean,x1_ztop,0.041728527200580498,453,3
6,4,0.83333333333333337,1,0.91666666666666663,75,100,87.5,0.26315789473684209,0.35087719298245612,0.30701754385964913,D285_F01_V01,285,1,common_grid,absolute,6,detrended_51,mean,x1_ztop,0.109043464442141,453,3
6,5,0.83333333333333337,1,0.91666666666666663,100,125,112.5,0.35087719298245612,0.43859649122807015,0.39473684210526316,D285_F01_V01,285,1,common_grid,absolute,6,detrended_51,mean,x1_ztop,0.011827791243353172,453,3
6,6,0.83333333333333337,1,0.91666666666666663,125,150,137.5,0.43859649122807015,0.52631578947368418,0.48245614035087719,D285_F01_V01,285,1,common_grid,absolute,6,detrended_51,mean,x1_ztop,0.054106934462869891,453,3
6,7,0.83333333333333337,1,0.91666666666666663,150,175,162.5,0.52631578947368418,0.61403508771929827,0.57017543859649122,D285_F01_V01,285,1,common_grid,absolute,6,detrended_51,mean,x1_ztop,0.010690335277113031,453,3
6,8,0.83333333333333337,1,0.91666666666666663,175,200,187.5,0.61403508771929827,0.70175438596491224,0.65789473684210531,D285_F01_V01,285,1,common_grid,absolute,6,detrended_51,mean,x1_ztop,0.078777483479694863,453,3
6,9,0.83333333333333337,1,0.91666666666666663,200,225,212.5,0.70175438596491224,0.78947368421052633,0.74561403508771928,D285_F01_V01,285,1,common_grid,absolute,6,detrended_51,mean,x1_ztop,0.074036765107221986,453,3
6,10,0.83333333333333337,1,0.91666666666666663,225,250,237.5,0.78947368421052633,0.8771929824561403,0.83333333333333337,D285_F01_V01,285,1,common_grid,absolute,6,detrended_51,mean,x1_ztop,0.03759607415301712,453,3
6,11,0.83333333333333337,1,0.91666666666666663,250,275,262.5,0.8771929824561403,0.96491228070175439,0.92105263157894735,D285_F01_V01,285,1,common_grid,absolute,6,detrended_51,mean,x1_ztop,0.042001305628508435,453,3
6,12,0.83333333333333337,1,0.91666666666666663,275,300,287.5,0.96491228070175439,1.0526315789473684,1.0087719298245614,D285_F01_V01,285,1,common_grid,absolute,6,detrended_51,mean,x1_ztop,0.049997276370884629,453,3
6,13,0.83333333333333337,1,0.91666666666666663,300,325,312.5,1.0526315789473684,1.1403508771929824,1.0964912280701755,D285_F01_V01,285,1,common_grid,absolute,6,detrended_51,mean,x1_ztop,0.048931637169877834,453,3
6,14,0.83333333333333337,1,0.91666666666666663,325,350,337.5,1.1403508771929824,1.2280701754385965,1.1842105263157894,D285_F01_V01,285,1,common_grid,absolute,6,detrended_51,mean,x1_ztop,0.011588067162590757,453,3
6,15,0.83333333333333337,1,0.91666666666666663,350,375,362.5,1.2280701754385965,1.3157894736842106,1.2719298245614035,D285_F01_V01,285,1,common_grid,absolute,6,detrended_51,mean,x1_ztop,-0.010344766840926591,453,3
6,16,0.83333333333333337,1,0.91666666666666663,375,400,387.5,1.3157894736842106,1.4035087719298245,1.3596491228070176,D285_F01_V01,285,1,common_grid,absolute,6,detrended_51,mean,x1_ztop,0.063143729864609255,453,3
6,17,0.83333333333333337,1,0.91666666666666663,400,425,412.5,1.4035087719298245,1.4912280701754386,1.4473684210526316,D285_F01_V01,285,1,common_grid,absolute,6,detrended_51,mean,x1_ztop,0.044171321929873344,453,3
6,18,0.83333333333333337,1,0.91666666666666663,425,450,437.5,1.4912280701754386,1.5789473684210527,1.5350877192982457,D285_F01_V01,285,1,common_grid,absolute,6,detrended_51,mean,x1_ztop,-0.028428868730862741,453,3
6,19,0.83333333333333337,1,0.91666666666666663,450,475,462.5,1.5789473684210527,1.6666666666666667,1.6228070175438596,D285_F01_V01,285,1,common_grid,absolute,6,detrended_51,mean,x1_ztop,-0.088299746475112142,453,3
6,20,0.83333333333333337,1,0.91666666666666663,475,500,487.5,1.6666666666666667,1.7543859649122806,1.7105263157894737,D285_F01_V01,285,1,common_grid,absolute,6,detrended_51,mean,x1_ztop,-0.078911358263637821,453,3
1,1,0,0.16666666666666666,0.083333333333333329,0,25,12.5,0,0.08771929824561403,0.043859649122807015,D285_F03_V01,285,3,common_grid,absolute,6,detrended_51,mean,x1_ztop,0.07436901078505298,474,3
1,2,0,0.16666666666666666,0.083333333333333329,25,50,37.5,0.08771929824561403,0.17543859649122806,0.13157894736842105,D285_F03_V01,285,3,common_grid,absolute,6,detrended_51,mean,x1_ztop,0.014925669602603709,474,3
1,3,0,0.16666666666666666,0.083333333333333329,50,75,62.5,0.17543859649122806,0.26315789473684209,0.21929824561403508,D285_F03_V01,285,3,common_grid,absolute,6,detrended_51,mean,x1_ztop,-0.096979916114071016,474,3
1,4,0,0.16666666666666666,0.083333333333333329,75,100,87.5,0.26315789473684209,0.35087719298245612,0.30701754385964913,D285_F03_V01,285,3,common_grid,absolute,6,detrended_51,mean,x1_ztop,-0.037084713679473302,474,3
1,5,0,0.16666666666666666,0.083333333333333329,100,125,112.5,0.35087719298245612,0.43859649122807015,0.39473684210526316,D285_F03_V01,285,3,common_grid,absolute,6,detrended_51,mean,x1_ztop,0.017333623993993536,474,3
1,6,0,0.16666666666666666,0.083333333333333329,125,150,137.5,0.43859649122807015,0.52631578947368418,0.48245614035087719,D285_F03_V01,285,3,common_grid,absolute,6,detrended_51,mean,x1_ztop,0.024177599676370211,474,3
1,7,0,0.16666666666666666,0.083333333333333329,150,175,162.5,0.52631578947368418,0.61403508771929827,0.57017543859649122,D285_F03_V01,285,3,common_grid,absolute,6,detrended_51,mean,x1_ztop,0.097780238679718995,474,3
1,8,0,0.16666666666666666,0.083333333333333329,175,200,187.5,0.61403508771929827,0.70175438596491224,0.65789473684210531,D285_F03_V01,285,3,common_grid,absolute,6,detrended_51,mean,x1_ztop,0.03886594896615235,474,3
1,9,0,0.16666666666666666,0.083333333333333329,200,225,212.5,0.70175438596491224,0.78947368421052633,0.74561403508771928,D285_F03_V01,285,3,common_grid,absolute,6,detrended_51,mean,x1_ztop,0.057232151063699888,474,3
1,10,0,0.16666666666666666,0.083333333333333329,225,250,237.5,0.78947368421052633,0.8771929824561403,0.83333333333333337,D285_F03_V01,285,3,common_grid,absolute,6,detrended_51,mean,x1_ztop,-0.02128845532929402,474,3
1,11,0,0.16666666666666666,0.083333333333333329,250,275,262.5,0.8771929824561403,0.96491228070175439,0.92105263157894735,D285_F03_V01,285,3,common_grid,absolute,6,detrended_51,mean,x1_ztop,0.041147618757796607,474,3
1,12,0,0.16666666666666666,0.083333333333333329,275,300,287.5,0.96491228070175439,1.0526315789473684,1.0087719298245614,D285_F03_V01,285,3,common_grid,absolute,6,detrended_51,mean,x1_ztop,0.027369364744410089,474,3
1,13,0,0.16666666666666666,0.083333333333333329,300,325,312.5,1.0526315789473684,1.1403508771929824,1.0964912280701755,D285_F03_V01,285,3,common_grid,absolute,6,detrended_51,mean,x1_ztop,-0.029393171212413936,474,3
1,14,0,0.16666666666666666,0.083333333333333329,325,350,337.5,1.1403508771929824,1.2280701754385965,1.1842105263157894,D285_F03_V01,285,3,common_grid,absolute,6,detrended_51,mean,x1_ztop,-0.016167016895848551,474,3
1,15,0,0.16666666666666666,0.083333333333333329,350,375,362.5,1.2280701754385965,1.3157894736842106,1.2719298245614035,D285_F03_V01,285,3,common_grid,absolute,6,detrended_51,mean,x1_ztop,0.051410409157334219,474,3
1,16,0,0.16666666666666666,0.083333333333333329,375,400,387.5,1.3157894736842106,1.4035087719298245,1.3596491228070176,D285_F03_V01,285,3,common_grid,absolute,6,detrended_51,mean,x1_ztop,-0.0091737253251003778,474,3
1,17,0,0.16666666666666666,0.083333333333333329,400,425,412.5,1.4035087719298245,1.4912280701754386,1.4473684210526316,D285_F03_V01,285,3,common_grid,absolute,6,detrended_51,mean,x1_ztop,-0.0047004979747775309,474,3
1,18,0,0.16666666666666666,0.083333333333333329,425,450,437.5,1.4912280701754386,1.5789473684210527,1.5350877192982457,D285_F03_V01,285,3,common_grid,absolute,6,detrended_51,mean,x1_ztop,0.049004662788272507,474,3
1,19,0,0.16666666666666666,0.083333333333333329,450,475,462.5,1.5789473684210527,1.6666666666666667,1.6228070175438596,D285_F03_V01,285,3,common_grid,absolute,6,detrended_51,mean,x1_ztop,-0.047958864264050466,474,3
1,20,0,0.16666666666666666,0.083333333333333329,475,500,487.5,1.6666666666666667,1.7543859649122806,1.7105263157894737,D285_F03_V01,285,3,common_grid,absolute,6,detrended_51,mean,x1_ztop,-0.032516881225895126,474,3
2,1,0.16666666666666666,0.33333333333333331,0.25,0,25,12.5,0,0.08771929824561403,0.043859649122807015,D285_F03_V01,285,3,common_grid,absolute,6,detrended_51,mean,x1_ztop,-0.0087875718235135639,474,3
2,2,0.16666666666666666,0.33333333333333331,0.25,25,50,37.5,0.08771929824561403,0.17543859649122806,0.13157894736842105,D285_F03_V01,285,3,common_grid,absolute,6,detrended_51,mean,x1_ztop,0.15537606770282386,474,3
2,3,0.16666666666666666,0.33333333333333331,0.25,50,75,62.5,0.17543859649122806,0.26315789473684209,0.21929824561403508,D285_F03_V01,285,3,common_grid,absolute,6,detrended_51,mean,x1_ztop,0.073413100795293576,474,3
2,4,0.16666666666666666,0.33333333333333331,0.25,75,100,87.5,0.26315789473684209,0.35087719298245612,0.30701754385964913,D285_F03_V01,285,3,common_grid,absolute,6,detrended_51,mean,x1_ztop,0.081886115373889276,474,3
2,5,0.16666666666666666,0.33333333333333331,0.25,100,125,112.5,0.35087719298245612,0.43859649122807015,0.39473684210526316,D285_F03_V01,285,3,common_grid,absolute,6,detrended_51,mean,x1_ztop,0.093694839592548193,474,3
2,6,0.16666666666666666,0.33333333333333331,0.25,125,150,137.5,0.43859649122807015,0.52631578947368418,0.48245614035087719,D285_F03_V01,285,3,common_grid,absolute,6,detrended_51,mean,x1_ztop,-0.092299578681409658,474,3
2,7,0.16666666666666666,0.33333333333333331,0.25,150,175,162.5,0.52631578947368418,0.61403508771929827,0.57017543859649122,D285_F03_V01,285,3,common_grid,absolute,6,detrended_51,mean,x1_ztop,0.059289367532109977,474,3
2,8,0.16666666666666666,0.33333333333333331,0.25,175,200,187.5,0.61403508771929827,0.70175438596491224,0.65789473684210531,D285_F03_V01,285,3,common_grid,absolute,6,detrended_51,mean,x1_ztop,0.10098777982328701,474,3
2,9,0.16666666666666666,0.33333333333333331,0.25,200,225,212.5,0.70175438596491224,0.78947368421052633,0.74561403508771928,D285_F03_V01,285,3,common_grid,absolute,6,detrended_51,mean,x1_ztop,0.11683662718089793,474,3
2,10,0.16666666666666666,0.33333333333333331,0.25,225,250,237.5,0.78947368421052633,0.8771929824561403,0.83333333333333337,D285_F03_V01,285,3,common_grid,absolute,6,detrended_51,mean,x1_ztop,0.079196969603207823,474,3
2,11,0.16666666666666666,0.33333333333333331,0.25,250,275,262.5,0.8771929824561403,0.96491228070175439,0.92105263157894735,D285_F03_V01,285,3,common_grid,absolute,6,detrended_51,mean,x1_ztop,0.12065784335696107,474,3
2,12,0.16666666666666666,0.33333333333333331,0.25,275,300,287.5,0.96491228070175439,1.0526315789473684,1.0087719298245614,D285_F03_V01,285,3,common_grid,absolute,6,detrended_51,mean,x1_ztop,0.1065378606364753,474,3
2,13,0.16666666666666666,0.33333333333333331,0.25,300,325,312.5,1.0526315789473684,1.1403508771929824,1.0964912280701755,D285_F03_V01,285,3,common_grid,absolute,6,detrended_51,mean,x1_ztop,0.1264382275975775,474,3
2,14,0.16666666666666666,0.33333333333333331,0.25,325,350,337.5,1.1403508771929824,1.2280701754385965,1.1842105263157894,D285_F03_V01,285,3,common_grid,absolute,6,detrended_51,mean,x1_ztop,0.044229266247145183,474,3
2,15,0.16666666666666666,0.33333333333333331,0.25,350,375,362.5,1.2280701754385965,1.3157894736842106,1.2719298245614035,D285_F03_V01,285,3,common_grid,absolute,6,detrended_51,mean,x1_ztop,0.076237837693356708,474,3
2,16,0.16666666666666666,0.33333333333333331,0.25,375,400,387.5,1.3157894736842106,1.4035087719298245,1.3596491228070176,D285_F03_V01,285,3,common_grid,absolute,6,detrended_51,mean,x1_ztop,-0.049731709212777822,474,3
2,17,0.16666666666666666,0.33333333333333331,0.25,400,425,412.5,1.4035087719298245,1.4912280701754386,1.4473684210526316,D285_F03_V01,285,3,common_grid,absolute,6,detrended_51,mean,x1_ztop,-0.0029533019656307127,474,3
2,18,0.16666666666666666,0.33333333333333331,0.25,425,450,437.5,1.4912280701754386,1.5789473684210527,1.5350877192982457,D285_F03_V01,285,3,common_grid,absolute,6,detrended_51,mean,x1_ztop,-0.024139445199132192,474,3
2,19,0.16666666666666666,0.33333333333333331,0.25,450,475,462.5,1.5789473684210527,1.6666666666666667,1.6228070175438596,D285_F03_V01,285,3,common_grid,absolute,6,detrended_51,mean,x1_ztop,0.0077276966020331916,474,3
2,20,0.16666666666666666,0.33333333333333331,0.25,475,500,487.5,1.6666666666666667,1.7543859649122806,1.7105263157894737,D285_F03_V01,285,3,common_grid,absolute,6,detrended_51,mean,x1_ztop,0.041854330075391216,474,3
3,1,0.33333333333333331,0.5,0.41666666666666669,0,25,12.5,0,0.08771929824561403,0.043859649122807015,D285_F03_V01,285,3,common_grid,absolute,6,detrended_51,mean,x1_ztop,0.083864915848571364,474,3
3,2,0.33333333333333331,0.5,0.41666666666666669,25,50,37.5,0.08771929824561403,0.17543859649122806,0.13157894736842105,D285_F03_V01,285,3,common_grid,absolute,6,detrended_51,mean,x1_ztop,0.089636007138014118,474,3
3,3,0.33333333333333331,0.5,0.41666666666666669,50,75,62.5,0.17543859649122806,0.26315789473684209,0.21929824561403508,D285_F03_V01,285,3,common_grid,absolute,6,detrended_51,mean,x1_ztop,0.1238624518946983,474,3
3,4,0.33333333333333331,0.5,0.41666666666666669,75,100,87.5,0.26315789473684209,0.35087719298245612,0.30701754385964913,D285_F03_V01,285,3,common_grid,absolute,6,detrended_51,mean,x1_ztop,0.04748663033264075,474,3
3,5,0.33333333333333331,0.5,0.41666666666666669,100,125,112.5,0.35087719298245612,0.43859649122807015,0.39473684210526316,D285_F03_V01,285,3,common_grid,absolute,6,detrended_51,mean,x1_ztop,0.13802158771257811,474,3
3,6,0.33333333333333331,0.5,0.41666666666666669,125,150,137.5,0.43859649122807015,0.52631578947368418,0.48245614035087719,D285_F03_V01,285,3,common_grid,absolute,6,detrended_51,mean,x1_ztop,0.041365343368185772,474,3
3,7,0.33333333333333331,0.5,0.41666666666666669,150,175,162.5,0.52631578947368418,0.61403508771929827,0.57017543859649122,D285_F03_V01,285,3,common_grid,absolute,6,detrended_51,mean,x1_ztop,0.10139589216423049,474,3
3,8,0.33333333333333331,0.5,0.41666666666666669,175,200,187.5,0.61403508771929827,0.70175438596491224,0.65789473684210531,D285_F03_V01,285,3,common_grid,absolute,6,detrended_51,mean,x1_ztop,0.15738105921022549,474,3
3,9,0.33333333333333331,0.5,0.41666666666666669,200,225,212.5,0.70175438596491224,0.78947368421052633,0.74561403508771928,D285_F03_V01,285,3,common_grid,absolute,6,detrended_51,mean,x1_ztop,-0.020758755050690737,474,3
3,10,0.33333333333333331,0.5,0.41666666666666669,225,250,237.5,0.78947368421052633,0.8771929824561403,0.83333333333333337,D285_F03_V01,285,3,common_grid,absolute,6,detrended_51,mean,x1_ztop,0.11891753656807884,474,3
3,11,0.33333333333333331,0.5,0.41666666666666669,250,275,262.5,0.8771929824561403,0.96491228070175439,0.92105263157894735,D285_F03_V01,285,3,common_grid,absolute,6,detrended_51,mean,x1_ztop,0.071804173597222978,474,3
3,12,0.33333333333333331,0.5,0.41666666666666669,275,300,287.5,0.96491228070175439,1.0526315789473684,1.0087719298245614,D285_F03_V01,285,3,common_grid,absolute,6,detrended_51,mean,x1_ztop,0.11286980228447603,474,3
3,13,0.33333333333333331,0.5,0.41666666666666669,300,325,312.5,1.0526315789473684,1.1403508771929824,1.0964912280701755,D285_F03_V01,285,3,common_grid,absolute,6,detrended_51,mean,x1_ztop,0.057133928254470792,474,3
3,14,0.33333333333333331,0.5,0.41666666666666669,325,350,337.5,1.1403508771929824,1.2280701754385965,1.1842105263157894,D285_F03_V01,285,3,common_grid,absolute,6,detrended_51,mean,x1_ztop,-0.02740208796510387,474,3
3,15,0.33333333333333331,0.5,0.41666666666666669,350,375,362.5,1.2280701754385965,1.3157894736842106,1.2719298245614035,D285_F03_V01,285,3,common_grid,absolute,6,detrended_51,mean,x1_ztop,-0.041361537366131941,474,3
3,16,0.33333333333333331,0.5,0.41666666666666669,375,400,387.5,1.3157894736842106,1.4035087719298245,1.3596491228070176,D285_F03_V01,285,3,common_grid,absolute,6,detrended_51,mean,x1_ztop,0.036391235129854302,474,3
3,17,0.33333333333333331,0.5,0.41666666666666669,400,425,412.5,1.4035087719298245,1.4912280701754386,1.4473684210526316,D285_F03_V01,285,3,common_grid,absolute,6,detrended_51,mean,x1_ztop,-0.021018424903363985,474,3
3,18,0.33333333333333331,0.5,0.41666666666666669,425,450,437.5,1.4912280701754386,1.5789473684210527,1.5350877192982457,D285_F03_V01,285,3,common_grid,absolute,6,detrended_51,mean,x1_ztop,0.041144896484670693,474,3
3,19,0.33333333333333331,0.5,0.41666666666666669,450,475,462.5,1.5789473684210527,1.6666666666666667,1.6228070175438596,D285_F03_V01,285,3,common_grid,absolute,6,detrended_51,mean,x1_ztop,0.070937389706174886,474,3
3,20,0.33333333333333331,0.5,0.41666666666666669,475,500,487.5,1.6666666666666667,1.7543859649122806,1.7105263157894737,D285_F03_V01,285,3,common_grid,absolute,6,detrended_51,mean,x1_ztop,0.013386214883315477,474,3
4,1,0.5,0.66666666666666663,0.58333333333333337,0,25,12.5,0,0.08771929824561403,0.043859649122807015,D285_F03_V01,285,3,common_grid,absolute,6,detrended_51,mean,x1_ztop,0.051020120040079331,474,3
4,2,0.5,0.66666666666666663,0.58333333333333337,25,50,37.5,0.08771929824561403,0.17543859649122806,0.13157894736842105,D285_F03_V01,285,3,common_grid,absolute,6,detrended_51,mean,x1_ztop,0.1279892094787185,474,3
4,3,0.5,0.66666666666666663,0.58333333333333337,50,75,62.5,0.17543859649122806,0.26315789473684209,0.21929824561403508,D285_F03_V01,285,3,common_grid,absolute,6,detrended_51,mean,x1_ztop,0.030106687651447635,474,3
4,4,0.5,0.66666666666666663,0.58333333333333337,75,100,87.5,0.26315789473684209,0.35087719298245612,0.30701754385964913,D285_F03_V01,285,3,common_grid,absolute,6,detrended_51,mean,x1_ztop,0.11796183999635117,474,3
4,5,0.5,0.66666666666666663,0.58333333333333337,100,125,112.5,0.35087719298245612,0.43859649122807015,0.39473684210526316,D285_F03_V01,285,3,common_grid,absolute,6,detrended_51,mean,x1_ztop,0.12692742009821187,474,3
4,6,0.5,0.66666666666666663,0.58333333333333337,125,150,137.5,0.43859649122807015,0.52631578947368418,0.48245614035087719,D285_F03_V01,285,3,common_grid,absolute,6,detrended_51,mean,x1_ztop,0.033779544366152818,474,3
4,7,0.5,0.66666666666666663,0.58333333333333337,150,175,162.5,0.52631578947368418,0.61403508771929827,0.57017543859649122,D285_F03_V01,285,3,common_grid,absolute,6,detrended_51,mean,x1_ztop,0.10717636223880848,474,3
4,8,0.5,0.66666666666666663,0.58333333333333337,175,200,187.5,0.61403508771929827,0.70175438596491224,0.65789473684210531,D285_F03_V01,285,3,common_grid,absolute,6,detrended_51,mean,x1_ztop,0.12207372878161887,474,3
4,9,0.5,0.66666666666666663,0.58333333333333337,200,225,212.5,0.70175438596491224,0.78947368421052633,0.74561403508771928,D285_F03_V01,285,3,common_grid,absolute,6,detrended_51,mean,x1_ztop,0.022511115168564286,474,3
4,10,0.5,0.66666666666666663,0.58333333333333337,225,250,237.5,0.78947368421052633,0.8771929824561403,0.83333333333333337,D285_F03_V01,285,3,common_grid,absolute,6,detrended_51,mean,x1_ztop,0.063682751156375117,474,3
4,11,0.5,0.66666666666666663,0.58333333333333337,250,275,262.5,0.8771929824561403,0.96491228070175439,0.92105263157894735,D285_F03_V01,285,3,common_grid,absolute,6,detrended_51,mean,x1_ztop,0.1028307780748558,474,3
4,12,0.5,0.66666666666666663,0.58333333333333337,275,300,287.5,0.96491228070175439,1.0526315789473684,1.0087719298245614,D285_F03_V01,285,3,common_grid,absolute,6,detrended_51,mean,x1_ztop,0.13390518721205721,474,3
4,13,0.5,0.66666666666666663,0.58333333333333337,300,325,312.5,1.0526315789473684,1.1403508771929824,1.0964912280701755,D285_F03_V01,285,3,common_grid,absolute,6,detrended_51,mean,x1_ztop,0.099526947354615883,474,3
4,14,0.5,0.66666666666666663,0.58333333333333337,325,350,337.5,1.1403508771929824,1.2280701754385965,1.1842105263157894,D285_F03_V01,285,3,common_grid,absolute,6,detrended_51,mean,x1_ztop,0.085166490565386554,474,3
4,15,0.5,0.66666666666666663,0.58333333333333337,350,375,362.5,1.2280701754385965,1.3157894736842106,1.2719298245614035,D285_F03_V01,285,3,common_grid,absolute,6,detrended_51,mean,x1_ztop,0.013198157924700294,474,3
4,16,0.5,0.66666666666666663,0.58333333333333337,375,400,387.5,1.3157894736842106,1.4035087719298245,1.3596491228070176,D285_F03_V01,285,3,common_grid,absolute,6,detrended_51,mean,x1_ztop,0.045165114414853616,474,3
4,17,0.5,0.66666666666666663,0.58333333333333337,400,425,412.5,1.4035087719298245,1.4912280701754386,1.4473684210526316,D285_F03_V01,285,3,common_grid,absolute,6,detrended_51,mean,x1_ztop,0.015016836856678428,474,3
4,18,0.5,0.66666666666666663,0.58333333333333337,425,450,437.5,1.4912280701754386,1.5789473684210527,1.5350877192982457,D285_F03_V01,285,3,common_grid,absolute,6,detrended_51,mean,x1_ztop,0.022240662540541526,474,3
4,19,0.5,0.66666666666666663,0.58333333333333337,450,475,462.5,1.5789473684210527,1.6666666666666667,1.6228070175438596,D285_F03_V01,285,3,common_grid,absolute,6,detrended_51,mean,x1_ztop,0.039479500872968407,474,3
4,20,0.5,0.66666666666666663,0.58333333333333337,475,500,487.5,1.6666666666666667,1.7543859649122806,1.7105263157894737,D285_F03_V01,285,3,common_grid,absolute,6,detrended_51,mean,x1_ztop,-0.026197311382424683,474,3
5,1,0.66666666666666663,0.83333333333333337,0.75,0,25,12.5,0,0.08771929824561403,0.043859649122807015,D285_F03_V01,285,3,common_grid,absolute,6,detrended_51,mean,x1_ztop,0.025431650346175196,474,3
5,2,0.66666666666666663,0.83333333333333337,0.75,25,50,37.5,0.08771929824561403,0.17543859649122806,0.13157894736842105,D285_F03_V01,285,3,common_grid,absolute,6,detrended_51,mean,x1_ztop,0.13607070994409365,474,3
5,3,0.66666666666666663,0.83333333333333337,0.75,50,75,62.5,0.17543859649122806,0.26315789473684209,0.21929824561403508,D285_F03_V01,285,3,common_grid,absolute,6,detrended_51,mean,x1_ztop,0.19772214815659683,474,3
5,4,0.66666666666666663,0.83333333333333337,0.75,75,100,87.5,0.26315789473684209,0.35087719298245612,0.30701754385964913,D285_F03_V01,285,3,common_grid,absolute,6,detrended_51,mean,x1_ztop,0.17568806151298258,474,3
5,5,0.66666666666666663,0.83333333333333337,0.75,100,125,112.5,0.35087719298245612,0.43859649122807015,0.39473684210526316,D285_F03_V01,285,3,common_grid,absolute,6,detrended_51,mean,x1_ztop,0.029187976355564017,474,3
5,6,0.66666666666666663,0.83333333333333337,0.75,125,150,137.5,0.43859649122807015,0.52631578947368418,0.48245614035087719,D285_F03_V01,285,3,common_grid,absolute,6,detrended_51,mean,x1_ztop,0.058941216828685208,474,3
5,7,0.66666666666666663,0.83333333333333337,0.75,150,175,162.5,0.52631578947368418,0.61403508771929827,0.57017543859649122,D285_F03_V01,285,3,common_grid,absolute,6,detrended_51,mean,x1_ztop,0.078625676236781905,474,3
5,8,0.66666666666666663,0.83333333333333337,0.75,175,200,187.5,0.61403508771929827,0.70175438596491224,0.65789473684210531,D285_F03_V01,285,3,common_grid,absolute,6,detrended_51,mean,x1_ztop,0.16442806459339332,474,3
5,9,0.66666666666666663,0.83333333333333337,0.75,200,225,212.5,0.70175438596491224,0.78947368421052633,0.74561403508771928,D285_F03_V01,285,3,common_grid,absolute,6,detrended_51,mean,x1_ztop,0.14024655124356816,474,3
5,10,0.66666666666666663,0.83333333333333337,0.75,225,250,237.5,0.78947368421052633,0.8771929824561403,0.83333333333333337,D285_F03_V01,285,3,common_grid,absolute,6,detrended_51,mean,x1_ztop,0.14668659877429882,474,3
5,11,0.66666666666666663,0.83333333333333337,0.75,250,275,262.5,0.8771929824561403,0.96491228070175439,0.92105263157894735,D285_F03_V01,285,3,common_grid,absolute,6,detrended_51,mean,x1_ztop,0.056253644543245857,474,3
5,12,0.66666666666666663,0.83333333333333337,0.75,275,300,287.5,0.96491228070175439,1.0526315789473684,1.0087719298245614,D285_F03_V01,285,3,common_grid,absolute,6,detrended_51,mean,x1_ztop,0.080914594366280373,474,3
5,13,0.66666666666666663,0.83333333333333337,0.75,300,325,312.5,1.0526315789473684,1.1403508771929824,1.0964912280701755,D285_F03_V01,285,3,common_grid,absolute,6,detrended_51,mean,x1_ztop,0.047462426270129865,474,3
5,14,0.66666666666666663,0.83333333333333337,0.75,325,350,337.5,1.1403508771929824,1.2280701754385965,1.1842105263157894,D285_F03_V01,285,3,common_grid,absolute,6,detrended_51,mean,x1_ztop,0.081041873048714852,474,3
5,15,0.66666666666666663,0.83333333333333337,0.75,350,375,362.5,1.2280701754385965,1.3157894736842106,1.2719298245614035,D285_F03_V01,285,3,common_grid,absolute,6,detrended_51,mean,x1_ztop,0.04278383077778751,474,3
5,16,0.66666666666666663,0.83333333333333337,0.75,375,400,387.5,1.3157894736842106,1.4035087719298245,1.3596491228070176,D285_F03_V01,285,3,common_grid,absolute,6,detrended_51,mean,x1_ztop,0.089541287211950205,474,3
5,17,0.66666666666666663,0.83333333333333337,0.75,400,425,412.5,1.4035087719298245,1.4912280701754386,1.4473684210526316,D285_F03_V01,285,3,common_grid,absolute,6,detrended_51,mean,x1_ztop,-0.0071181324897932226,474,3
5,18,0.66666666666666663,0.83333333333333337,0.75,425,450,437.5,1.4912280701754386,1.5789473684210527,1.5350877192982457,D285_F03_V01,285,3,common_grid,absolute,6,detrended_51,mean,x1_ztop,-0.0011347177566914668,474,3
5,19,0.66666666666666663,0.83333333333333337,0.75,450,475,462.5,1.5789473684210527,1.6666666666666667,1.6228070175438596,D285_F03_V01,285,3,common_grid,absolute,6,detrended_51,mean,x1_ztop,0.045044330804904623,474,3
5,20,0.66666666666666663,0.83333333333333337,0.75,475,500,487.5,1.6666666666666667,1.7543859649122806,1.7105263157894737,D285_F03_V01,285,3,common_grid,absolute,6,detrended_51,mean,x1_ztop,0.015400378494254801,474,3
6,1,0.83333333333333337,1,0.91666666666666663,0,25,12.5,0,0.08771929824561403,0.043859649122807015,D285_F03_V01,285,3,common_grid,absolute,6,detrended_51,mean,x1_ztop,0.13486712815863841,474,3
6,2,0.83333333333333337,1,0.91666666666666663,25,50,37.5,0.08771929824561403,0.17543859649122806,0.13157894736842105,D285_F03_V01,285,3,common_grid,absolute,6,detrended_51,mean,x1_ztop,0.065348644583633084,474,3
6,3,0.83333333333333337,1,0.91666666666666663,50,75,62.5,0.17543859649122806,0.26315789473684209,0.21929824561403508,D285_F03_V01,285,3,common_grid,absolute,6,detrended_51,mean,x1_ztop,0.088639246608032282,474,3
6,4,0.83333333333333337,1,0.91666666666666663,75,100,87.5,0.26315789473684209,0.35087719298245612,0.30701754385964913,D285_F03_V01,285,3,common_grid,absolute,6,detrended_51,mean,x1_ztop,0.053374138961382697,474,3
6,5,0.83333333333333337,1,0.91666666666666663,100,125,112.5,0.35087719298245612,0.43859649122807015,0.39473684210526316,D285_F03_V01,285,3,common_grid,absolute,6,detrended_51,mean,x1_ztop,0.063779460175190317,474,3
6,6,0.83333333333333337,1,0.91666666666666663,125,150,137.5,0.43859649122807015,0.52631578947368418,0.48245614035087719,D285_F03_V01,285,3,common_grid,absolute,6,detrended_51,mean,x1_ztop,0.033444800312730262,474,3
6,7,0.83333333333333337,1,0.91666666666666663,150,175,162.5,0.52631578947368418,0.61403508771929827,0.57017543859649122,D285_F03_V01,285,3,common_grid,absolute,6,detrended_51,mean,x1_ztop,0.069558545580068756,474,3
6,8,0.83333333333333337,1,0.91666666666666663,175,200,187.5,0.61403508771929827,0.70175438596491224,0.65789473684210531,D285_F03_V01,285,3,common_grid,absolute,6,detrended_51,mean,x1_ztop,0.071343456221084303,474,3
6,9,0.83333333333333337,1,0.91666666666666663,200,225,212.5,0.70175438596491224,0.78947368421052633,0.74561403508771928,D285_F03_V01,285,3,common_grid,absolute,6,detrended_51,mean,x1_ztop,0.068936722450597523,474,3
6,10,0.83333333333333337,1,0.91666666666666663,225,250,237.5,0.78947368421052633,0.8771929824561403,0.83333333333333337,D285_F03_V01,285,3,common_grid,absolute,6,detrended_51,mean,x1_ztop,-0.019218513268766259,474,3
6,11,0.83333333333333337,1,0.91666666666666663,250,275,262.5,0.8771929824561403,0.96491228070175439,0.92105263157894735,D285_F03_V01,285,3,common_grid,absolute,6,detrended_51,mean,x1_ztop,0.012324330830123017,474,3
6,12,0.83333333333333337,1,0.91666666666666663,275,300,287.5,0.96491228070175439,1.0526315789473684,1.0087719298245614,D285_F03_V01,285,3,common_grid,absolute,6,detrended_51,mean,x1_ztop,0.081717709428429611,474,3
6,13,0.83333333333333337,1,0.91666666666666663,300,325,312.5,1.0526315789473684,1.1403508771929824,1.0964912280701755,D285_F03_V01,285,3,common_grid,absolute,6,detrended_51,mean,x1_ztop,0.072448470300994411,474,3
6,14,0.83333333333333337,1,0.91666666666666663,325,350,337.5,1.1403508771929824,1.2280701754385965,1.1842105263157894,D285_F03_V01,285,3,common_grid,absolute,6,detrended_51,mean,x1_ztop,0.062800480651417023,474,3
6,15,0.83333333333333337,1,0.91666666666666663,350,375,362.5,1.2280701754385965,1.3157894736842106,1.2719298245614035,D285_F03_V01,285,3,common_grid,absolute,6,detrended_51,mean,x1_ztop,0.010346052088901873,474,3
6,16,0.83333333333333337,1,0.91666666666666663,375,400,387.5,1.3157894736842106,1.4035087719298245,1.3596491228070176,D285_F03_V01,285,3,common_grid,absolute,6,detrended_51,mean,x1_ztop,0.094823910022533778,474,3
6,17,0.83333333333333337,1,0.91666666666666663,400,425,412.5,1.4035087719298245,1.4912280701754386,1.4473684210526316,D285_F03_V01,285,3,common_grid,absolute,6,detrended_51,mean,x1_ztop,0.078244003952685243,474,3
6,18,0.83333333333333337,1,0.91666666666666663,425,450,437.5,1.4912280701754386,1.5789473684210527,1.5350877192982457,D285_F03_V01,285,3,common_grid,absolute,6,detrended_51,mean,x1_ztop,0.085740260334885979,474,3
6,19,0.83333333333333337,1,0.91666666666666663,450,475,462.5,1.5789473684210527,1.6666666666666667,1.6228070175438596,D285_F03_V01,285,3,common_grid,absolute,6,detrended_51,mean,x1_ztop,-0.024848987887099577,474,3
6,20,0.83333333333333337,1,0.91666666666666663,475,500,487.5,1.6666666666666667,1.7543859649122806,1.7105263157894737,D285_F03_V01,285,3,common_grid,absolute,6,detrended_51,mean,x1_ztop,0.034498388897196905,474,3
1,1,0,0.16666666666666666,0.083333333333333329,0,25,12.5,0,0.08771929824561403,0.043859649122807015,D285_F05_V01,285,5,common_grid,absolute,6,detrended_51,mean,x1_ztop,-0.052345295458765803,492,3
1,2,0,0.16666666666666666,0.083333333333333329,25,50,37.5,0.08771929824561403,0.17543859649122806,0.13157894736842105,D285_F05_V01,285,5,common_grid,absolute,6,detrended_51,mean,x1_ztop,-0.10172005818136824,492,3
1,3,0,0.16666666666666666,0.083333333333333329,50,75,62.5,0.17543859649122806,0.26315789473684209,0.21929824561403508,D285_F05_V01,285,5,common_grid,absolute,6,detrended_51,mean,x1_ztop,-0.062787971234959244,492,3
1,4,0,0.16666666666666666,0.083333333333333329,75,100,87.5,0.26315789473684209,0.35087719298245612,0.30701754385964913,D285_F05_V01,285,5,common_grid,absolute,6,detrended_51,mean,x1_ztop,-0.059357967125980494,492,3
1,5,0,0.16666666666666666,0.083333333333333329,100,125,112.5,0.35087719298245612,0.43859649122807015,0.39473684210526316,D285_F05_V01,285,5,common_grid,absolute,6,detrended_51,mean,x1_ztop,-0.093902179047648401,492,3
1,6,0,0.16666666666666666,0.083333333333333329,125,150,137.5,0.43859649122807015,0.52631578947368418,0.48245614035087719,D285_F05_V01,285,5,common_grid,absolute,6,detrended_51,mean,x1_ztop,-0.042926954988520769,492,3
1,7,0,0.16666666666666666,0.083333333333333329,150,175,162.5,0.52631578947368418,0.61403508771929827,0.57017543859649122,D285_F05_V01,285,5,common_grid,absolute,6,detrended_51,mean,x1_ztop,0.035313437528921729,492,3
1,8,0,0.16666666666666666,0.083333333333333329,175,200,187.5,0.61403508771929827,0.70175438596491224,0.65789473684210531,D285_F05_V01,285,5,common_grid,absolute,6,detrended_51,mean,x1_ztop,-0.036085238134401607,492,3
1,9,0,0.16666666666666666,0.083333333333333329,200,225,212.5,0.70175438596491224,0.78947368421052633,0.74561403508771928,D285_F05_V01,285,5,common_grid,absolute,6,detrended_51,mean,x1_ztop,-0.0029600992568291074,492,3
1,10,0,0.16666666666666666,0.083333333333333329,225,250,237.5,0.78947368421052633,0.8771929824561403,0.83333333333333337,D285_F05_V01,285,5,common_grid,absolute,6,detrended_51,mean,x1_ztop,0.037165096464060715,492,3
1,11,0,0.16666666666666666,0.083333333333333329,250,275,262.5,0.8771929824561403,0.96491228070175439,0.92105263157894735,D285_F05_V01,285,5,common_grid,absolute,6,detrended_51,mean,x1_ztop,0.032370521174182335,492,3
1,12,0,0.16666666666666666,0.083333333333333329,275,300,287.5,0.96491228070175439,1.0526315789473684,1.0087719298245614,D285_F05_V01,285,5,common_grid,absolute,6,detrended_51,mean,x1_ztop,-0.022838283472731938,492,3
1,13,0,0.16666666666666666,0.083333333333333329,300,325,312.5,1.0526315789473684,1.1403508771929824,1.0964912280701755,D285_F05_V01,285,5,common_grid,absolute,6,detrended_51,mean,x1_ztop,0.0068734377425992109,492,3
1,14,0,0.16666666666666666,0.083333333333333329,325,350,337.5,1.1403508771929824,1.2280701754385965,1.1842105263157894,D285_F05_V01,285,5,common_grid,absolute,6,detrended_51,mean,x1_ztop,0.035997727626100637,492,3
1,15,0,0.16666666666666666,0.083333333333333329,350,375,362.5,1.2280701754385965,1.3157894736842106,1.2719298245614035,D285_F05_V01,285,5,common_grid,absolute,6,detrended_51,mean,x1_ztop,-0.038979607683902878,492,3
1,16,0,0.16666666666666666,0.083333333333333329,375,400,387.5,1.3157894736842106,1.4035087719298245,1.3596491228070176,D285_F05_V01,285,5,common_grid,absolute,6,detrended_51,mean,x1_ztop,0.063588718217649776,492,3
1,17,0,0.16666666666666666,0.083333333333333329,400,425,412.5,1.4035087719298245,1.4912280701754386,1.4473684210526316,D285_F05_V01,285,5,common_grid,absolute,6,detrended_51,mean,x1_ztop,0.0022611448733091798,492,3
1,18,0,0.16666666666666666,0.083333333333333329,425,450,437.5,1.4912280701754386,1.5789473684210527,1.5350877192982457,D285_F05_V01,285,5,common_grid,absolute,6,detrended_51,mean,x1_ztop,0.024326645311836689,492,3
1,19,0,0.16666666666666666,0.083333333333333329,450,475,462.5,1.5789473684210527,1.6666666666666667,1.6228070175438596,D285_F05_V01,285,5,common_grid,absolute,6,detrended_51,mean,x1_ztop,0.05303867592393393,492,3
1,20,0,0.16666666666666666,0.083333333333333329,475,500,487.5,1.6666666666666667,1.7543859649122806,1.7105263157894737,D285_F05_V01,285,5,common_grid,absolute,6,detrended_51,mean,x1_ztop,0.0041873849389294686,492,3
2,1,0.16666666666666666,0.33333333333333331,0.25,0,25,12.5,0,0.08771929824561403,0.043859649122807015,D285_F05_V01,285,5,common_grid,absolute,6,detrended_51,mean,x1_ztop,0.13876573841164747,492,3
2,2,0.16666666666666666,0.33333333333333331,0.25,25,50,37.5,0.08771929824561403,0.17543859649122806,0.13157894736842105,D285_F05_V01,285,5,common_grid,absolute,6,detrended_51,mean,x1_ztop,0.11491155000441729,492,3
2,3,0.16666666666666666,0.33333333333333331,0.25,50,75,62.5,0.17543859649122806,0.26315789473684209,0.21929824561403508,D285_F05_V01,285,5,common_grid,absolute,6,detrended_51,mean,x1_ztop,0.094259968289278059,492,3
2,4,0.16666666666666666,0.33333333333333331,0.25,75,100,87.5,0.26315789473684209,0.35087719298245612,0.30701754385964913,D285_F05_V01,285,5,common_grid,absolute,6,detrended_51,mean,x1_ztop,0.087381111820873519,492,3
2,5,0.16666666666666666,0.33333333333333331,0.25,100,125,112.5,0.35087719298245612,0.43859649122807015,0.39473684210526316,D285_F05_V01,285,5,common_grid,absolute,6,detrended_51,mean,x1_ztop,0.093254283725226456,492,3
2,6,0.16666666666666666,0.33333333333333331,0.25,125,150,137.5,0.43859649122807015,0.52631578947368418,0.48245614035087719,D285_F05_V01,285,5,common_grid,absolute,6,detrended_51,mean,x1_ztop,0.048386696375360715,492,3
2,7,0.16666666666666666,0.33333333333333331,0.25,150,175,162.5,0.52631578947368418,0.61403508771929827,0.57017543859649122,D285_F05_V01,285,5,common_grid,absolute,6,detrended_51,mean,x1_ztop,0.080974333873876425,492,3
2,8,0.16666666666666666,0.33333333333333331,0.25,175,200,187.5,0.61403508771929827,0.70175438596491224,0.65789473684210531,D285_F05_V01,285,5,common_grid,absolute,6,detrended_51,mean,x1_ztop,0.11063677510692849,492,3
2,9,0.16666666666666666,0.33333333333333331,0.25,200,225,212.5,0.70175438596491224,0.78947368421052633,0.74561403508771928,D285_F05_V01,285,5,common_grid,absolute,6,detrended_51,mean,x1_ztop,0.063380467013531894,492,3
2,10,0.16666666666666666,0.33333333333333331,0.25,225,250,237.5,0.78947368421052633,0.8771929824561403,0.83333333333333337,D285_F05_V01,285,5,common_grid,absolute,6,detrended_51,mean,x1_ztop,0.13523706525501727,492,3
2,11,0.16666666666666666,0.33333333333333331,0.25,250,275,262.5,0.8771929824561403,0.96491228070175439,0.92105263157894735,D285_F05_V01,285,5,common_grid,absolute,6,detrended_51,mean,x1_ztop,0.012412316561090439,492,3
2,12,0.16666666666666666,0.33333333333333331,0.25,275,300,287.5,0.96491228070175439,1.0526315789473684,1.0087719298245614,D285_F05_V01,285,5,common_grid,absolute,6,detrended_51,mean,x1_ztop,0.046833933925457032,492,3
2,13,0.16666666666666666,0.33333333333333331,0.25,300,325,312.5,1.0526315789473684,1.1403508771929824,1.0964912280701755,D285_F05_V01,285,5,common_grid,absolute,6,detrended_51,mean,x1_ztop,0.033689698138792606,492,3
2,14,0.16666666666666666,0.33333333333333331,0.25,325,350,337.5,1.1403508771929824,1.2280701754385965,1.1842105263157894,D285_F05_V01,285,5,common_grid,absolute,6,detrended_51,mean,x1_ztop,0.035125444600360628,492,3
2,15,0.16666666666666666,0.33333333333333331,0.25,350,375,362.5,1.2280701754385965,1.3157894736842106,1.2719298245614035,D285_F05_V01,285,5,common_grid,absolute,6,detrended_51,mean,x1_ztop,0.06986204782539214,492,3
2,16,0.16666666666666666,0.33333333333333331,0.25,375,400,387.5,1.3157894736842106,1.4035087719298245,1.3596491228070176,D285_F05_V01,285,5,common_grid,absolute,6,detrended_51,mean,x1_ztop,-0.018524316503772717,492,3
2,17,0.16666666666666666,0.33333333333333331,0.25,400,425,412.5,1.4035087719298245,1.4912280701754386,1.4473684210526316,D285_F05_V01,285,5,common_grid,absolute,6,detrended_51,mean,x1_ztop,0.049448703998790138,492,3
2,18,0.16666666666666666,0.33333333333333331,0.25,425,450,437.5,1.4912280701754386,1.5789473684210527,1.5350877192982457,D285_F05_V01,285,5,common_grid,absolute,6,detrended_51,mean,x1_ztop,0.077537091163524308,492,3
2,19,0.16666666666666666,0.33333333333333331,0.25,450,475,462.5,1.5789473684210527,1.6666666666666667,1.6228070175438596,D285_F05_V01,285,5,common_grid,absolute,6,detrended_51,mean,x1_ztop,0.072204131050371212,492,3
2,20,0.16666666666666666,0.33333333333333331,0.25,475,500,487.5,1.6666666666666667,1.7543859649122806,1.7105263157894737,D285_F05_V01,285,5,common_grid,absolute,6,detrended_51,mean,x1_ztop,0.0059826964658983364,492,3
3,1,0.33333333333333331,0.5,0.41666666666666669,0,25,12.5,0,0.08771929824561403,0.043859649122807015,D285_F05_V01,285,5,common_grid,absolute,6,detrended_51,mean,x1_ztop,0.16388978055836156,492,3
3,2,0.33333333333333331,0.5,0.41666666666666669,25,50,37.5,0.08771929824561403,0.17543859649122806,0.13157894736842105,D285_F05_V01,285,5,common_grid,absolute,6,detrended_51,mean,x1_ztop,0.10537307551771297,492,3
3,3,0.33333333333333331,0.5,0.41666666666666669,50,75,62.5,0.17543859649122806,0.26315789473684209,0.21929824561403508,D285_F05_V01,285,5,common_grid,absolute,6,detrended_51,mean,x1_ztop,0.1510462692971378,492,3
3,4,0.33333333333333331,0.5,0.41666666666666669,75,100,87.5,0.26315789473684209,0.35087719298245612,0.30701754385964913,D285_F05_V01,285,5,common_grid,absolute,6,detrended_51,mean,x1_ztop,0.12855394688741179,492,3
3,5,0.33333333333333331,0.5,0.41666666666666669,100,125,112.5,0.35087719298245612,0.43859649122807015,0.39473684210526316,D285_F05_V01,285,5,common_grid,absolute,6,detrended_51,mean,x1_ztop,0.11894223347917163,492,3
3,6,0.33333333333333331,0.5,0.41666666666666669,125,150,137.5,0.43859649122807015,0.52631578947368418,0.48245614035087719,D285_F05_V01,285,5,common_grid,absolute,6,detrended_51,mean,x1_ztop,0.17122899582992215,492,3
3,7,0.33333333333333331,0.5,0.41666666666666669,150,175,162.5,0.52631578947368418,0.61403508771929827,0.57017543859649122,D285_F05_V01,285,5,common_grid,absolute,6,detrended_51,mean,x1_ztop,0.11186598696579732,492,3
3,8,0.33333333333333331,0.5,0.41666666666666669,175,200,187.5,0.61403508771929827,0.70175438596491224,0.65789473684210531,D285_F05_V01,285,5,common_grid,absolute,6,detrended_51,mean,x1_ztop,0.076758561041776585,492,3
3,9,0.33333333333333331,0.5,0.41666666666666669,200,225,212.5,0.70175438596491224,0.78947368421052633,0.74561403508771928,D285_F05_V01,285,5,common_grid,absolute,6,detrended_51,mean,x1_ztop,0.10176944904167839,492,3
3,10,0.33333333333333331,0.5,0.41666666666666669,225,250,237.5,0.78947368421052633,0.8771929824561403,0.83333333333333337,D285_F05_V01,285,5,common_grid,absolute,6,detrended_51,mean,x1_ztop,0.09692749746547763,492,3
3,11,0.33333333333333331,0.5,0.41666666666666669,250,275,262.5,0.8771929824561403,0.96491228070175439,0.92105263157894735,D285_F05_V01,285,5,common_grid,absolute,6,detrended_51,mean,x1_ztop,0.05979013948022209,492,3
3,12,0.33333333333333331,0.5,0.41666666666666669,275,300,287.5,0.96491228070175439,1.0526315789473684,1.0087719298245614,D285_F05_V01,285,5,common_grid,absolute,6,detrended_51,mean,x1_ztop,0.062024699229485905,492,3
3,13,0.33333333333333331,0.5,0.41666666666666669,300,325,312.5,1.0526315789473684,1.1403508771929824,1.0964912280701755,D285_F05_V01,285,5,common_grid,absolute,6,detrended_51,mean,x1_ztop,0.0044142597926917944,492,3
3,14,0.33333333333333331,0.5,0.41666666666666669,325,350,337.5,1.1403508771929824,1.2280701754385965,1.1842105263157894,D285_F05_V01,285,5,common_grid,absolute,6,detrended_51,mean,x1_ztop,0.019696392448816807,492,3
3,15,0.33333333333333331,0.5,0.41666666666666669,350,375,362.5,1.2280701754385965,1.3157894736842106,1.2719298245614035,D285_F05_V01,285,5,common_grid,absolute,6,detrended_51,mean,x1_ztop,0.04087778143686438,492,3
3,16,0.33333333333333331,0.5,0.41666666666666669,375,400,387.5,1.3157894736842106,1.4035087719298245,1.3596491228070176,D285_F05_V01,285,5,common_grid,absolute,6,detrended_51,mean,x1_ztop,0.03342675959909841,492,3
3,17,0.33333333333333331,0.5,0.41666666666666669,400,425,412.5,1.4035087719298245,1.4912280701754386,1.4473684210526316,D285_F05_V01,285,5,common_grid,absolute,6,detrended_51,mean,x1_ztop,0.010704897268922035,492,3
3,18,0.33333333333333331,0.5,0.41666666666666669,425,450,437.5,1.4912280701754386,1.5789473684210527,1.5350877192982457,D285_F05_V01,285,5,common_grid,absolute,6,detrended_51,mean,x1_ztop,-0.022343456512377319,492,3
3,19,0.33333333333333331,0.5,0.41666666666666669,450,475,462.5,1.5789473684210527,1.6666666666666667,1.6228070175438596,D285_F05_V01,285,5,common_grid,absolute,6,detrended_51,mean,x1_ztop,0.053333391066671801,492,3
3,20,0.33333333333333331,0.5,0.41666666666666669,475,500,487.5,1.6666666666666667,1.7543859649122806,1.7105263157894737,D285_F05_V01,285,5,common_grid,absolute,6,detrended_51,mean,x1_ztop,0.11104404190539786,492,3
4,1,0.5,0.66666666666666663,0.58333333333333337,0,25,12.5,0,0.08771929824561403,0.043859649122807015,D285_F05_V01,285,5,common_grid,absolute,6,detrended_51,mean,x1_ztop,0.14557106752250662,492,3
4,2,0.5,0.66666666666666663,0.58333333333333337,25,50,37.5,0.08771929824561403,0.17543859649122806,0.13157894736842105,D285_F05_V01,285,5,common_grid,absolute,6,detrended_51,mean,x1_ztop,0.11605189228726048,492,3
4,3,0.5,0.66666666666666663,0.58333333333333337,50,75,62.5,0.17543859649122806,0.26315789473684209,0.21929824561403508,D285_F05_V01,285,5,common_grid,absolute,6,detrended_51,mean,x1_ztop,0.13458545223505253,492,3
4,4,0.5,0.66666666666666663,0.58333333333333337,75,100,87.5,0.26315789473684209,0.35087719298245612,0.30701754385964913,D285_F05_V01,285,5,common_grid,absolute,6,detrended_51,mean,x1_ztop,0.064358941306984774,492,3
4,5,0.5,0.66666666666666663,0.58333333333333337,100,125,112.5,0.35087719298245612,0.43859649122807015,0.39473684210526316,D285_F05_V01,285,5,common_grid,absolute,6,detrended_51,mean,x1_ztop,0.06612841617108102,492,3
4,6,0.5,0.66666666666666663,0.58333333333333337,125,150,137.5,0.43859649122807015,0.52631578947368418,0.48245614035087719,D285_F05_V01,285,5,common_grid,absolute,6,detrended_51,mean,x1_ztop,0.16329122296511339,492,3
4,7,0.5,0.66666666666666663,0.58333333333333337,150,175,162.5,0.52631578947368418,0.61403508771929827,0.57017543859649122,D285_F05_V01,285,5,common_grid,absolute,6,detrended_51,mean,x1_ztop,0.016010841614772463,492,3
4,8,0.5,0.66666666666666663,0.58333333333333337,175,200,187.5,0.61403508771929827,0.70175438596491224,0.65789473684210531,D285_F05_V01,285,5,common_grid,absolute,6,detrended_51,mean,x1_ztop,-0.019509907075810518,492,3
4,9,0.5,0.66666666666666663,0.58333333333333337,200,225,212.5,0.70175438596491224,0.78947368421052633,0.74561403508771928,D285_F05_V01,285,5,common_grid,absolute,6,detrended_51,mean,x1_ztop,0.011308391347244557,492,3
4,10,0.5,0.66666666666666663,0.58333333333333337,225,250,237.5,0.78947368421052633,0.8771929824561403,0.83333333333333337,D285_F05_V01,285,5,common_grid,absolute,6,detrended_51,mean,x1_ztop,0.035300287959166649,492,3
4,11,0.5,0.66666666666666663,0.58333333333333337,250,275,262.5,0.8771929824561403,0.96491228070175439,0.92105263157894735,D285_F05_V01,285,5,common_grid,absolute,6,detrended_51,mean,x1_ztop,-0.11911348544033803,492,3
4,12,0.5,0.66666666666666663,0.58333333333333337,275,300,287.5,0.96491228070175439,1.0526315789473684,1.0087719298245614,D285_F05_V01,285,5,common_grid,absolute,6,detrended_51,mean,x1_ztop,0.025057745329492703,492,3
4,13,0.5,0.66666666666666663,0.58333333333333337,300,325,312.5,1.0526315789473684,1.1403508771929824,1.0964912280701755,D285_F05_V01,285,5,common_grid,absolute,6,detrended_51,mean,x1_ztop,0.039669008333677924,492,3
4,14,0.5,0.66666666666666663,0.58333333333333337,325,350,337.5,1.1403508771929824,1.2280701754385965,1.1842105263157894,D285_F05_V01,285,5,common_grid,absolute,6,detrended_51,mean,x1_ztop,-0.038220610735045887,492,3
4,15,0.5,0.66666666666666663,0.58333333333333337,350,375,362.5,1.2280701754385965,1.3157894736842106,1.2719298245614035,D285_F05_V01,285,5,common_grid,absolute,6,detrended_51,mean,x1_ztop,-0.0041929266592848347,492,3
4,16,0.5,0.66666666666666663,0.58333333333333337,375,400,387.5,1.3157894736842106,1.4035087719298245,1.3596491228070176,D285_F05_V01,285,5,common_grid,absolute,6,detrended_51,mean,x1_ztop,0.048298643062878836,492,3
4,17,0.5,0.66666666666666663,0.58333333333333337,400,425,412.5,1.4035087719298245,1.4912280701754386,1.4473684210526316,D285_F05_V01,285,5,common_grid,absolute,6,detrended_51,mean,x1_ztop,0.061631842101172819,492,3
4,18,0.5,0.66666666666666663,0.58333333333333337,425,450,437.5,1.4912280701754386,1.5789473684210527,1.5350877192982457,D285_F05_V01,285,5,common_grid,absolute,6,detrended_51,mean,x1_ztop,-0.025044272443846764,492,3
4,19,0.5,0.66666666666666663,0.58333333333333337,450,475,462.5,1.5789473684210527,1.6666666666666667,1.6228070175438596,D285_F05_V01,285,5,common_grid,absolute,6,detrended_51,mean,x1_ztop,0.051484565150623496,492,3
4,20,0.5,0.66666666666666663,0.58333333333333337,475,500,487.5,1.6666666666666667,1.7543859649122806,1.7105263157894737,D285_F05_V01,285,5,common_grid,absolute,6,detrended_51,mean,x1_ztop,-0.051531954972460194,492,3
5,1,0.66666666666666663,0.83333333333333337,0.75,0,25,12.5,0,0.08771929824561403,0.043859649122807015,D285_F05_V01,285,5,common_grid,absolute,6,detrended_51,mean,x1_ztop,0.042000752155304077,492,3
5,2,0.66666666666666663,0.83333333333333337,0.75,25,50,37.5,0.08771929824561403,0.17543859649122806,0.13157894736842105,D285_F05_V01,285,5,common_grid,absolute,6,detrended_51,mean,x1_ztop,0.15906167407005201,492,3
5,3,0.66666666666666663,0.83333333333333337,0.75,50,75,62.5,0.17543859649122806,0.26315789473684209,0.21929824561403508,D285_F05_V01,285,5,common_grid,absolute,6,detrended_51,mean,x1_ztop,0.057915896788620344,492,3
5,4,0.66666666666666663,0.83333333333333337,0.75,75,100,87.5,0.26315789473684209,0.35087719298245612,0.30701754385964913,D285_F05_V01,285,5,common_grid,absolute,6,detrended_51,mean,x1_ztop,0.07522037600163671,492,3
5,5,0.66666666666666663,0.83333333333333337,0.75,100,125,112.5,0.35087719298245612,0.43859649122807015,0.39473684210526316,D285_F05_V01,285,5,common_grid,absolute,6,detrended_51,mean,x1_ztop,0.11761264137525715,492,3
5,6,0.66666666666666663,0.83333333333333337,0.75,125,150,137.5,0.43859649122807015,0.52631578947368418,0.48245614035087719,D285_F05_V01,285,5,common_grid,absolute,6,detrended_51,mean,x1_ztop,0.093393046461961754,492,3
5,7,0.66666666666666663,0.83333333333333337,0.75,150,175,162.5,0.52631578947368418,0.61403508771929827,0.57017543859649122,D285_F05_V01,285,5,common_grid,absolute,6,detrended_51,mean,x1_ztop,0.031171964327199916,492,3
5,8,0.66666666666666663,0.83333333333333337,0.75,175,200,187.5,0.61403508771929827,0.70175438596491224,0.65789473684210531,D285_F05_V01,285,5,common_grid,absolute,6,detrended_51,mean,x1_ztop,0.044688863655256941,492,3
5,9,0.66666666666666663,0.83333333333333337,0.75,200,225,212.5,0.70175438596491224,0.78947368421052633,0.74561403508771928,D285_F05_V01,285,5,common_grid,absolute,6,detrended_51,mean,x1_ztop,0.0292197504596996,492,3
5,10,0.66666666666666663,0.83333333333333337,0.75,225,250,237.5,0.78947368421052633,0.8771929824561403,0.83333333333333337,D285_F05_V01,285,5,common_grid,absolute,6,detrended_51,mean,x1_ztop,0.049507568576759295,492,3
5,11,0.66666666666666663,0.83333333333333337,0.75,250,275,262.5,0.8771929824561403,0.96491228070175439,0.92105263157894735,D285_F05_V01,285,5,common_grid,absolute,6,detrended_51,mean,x1_ztop,-0.0099398180138251246,492,3
5,12,0.66666666666666663,0.83333333333333337,0.75,275,300,287.5,0.96491228070175439,1.0526315789473684,1.0087719298245614,D285_F05_V01,285,5,common_grid,absolute,6,detrended_51,mean,x1_ztop,-0.020544989550641789,492,3
5,13,0.66666666666666663,0.83333333333333337,0.75,300,325,312.5,1.0526315789473684,1.1403508771929824,1.0964912280701755,D285_F05_V01,285,5,common_grid,absolute,6,detrended_51,mean,x1_ztop,0.010721759117025574,492,3
5,14,0.66666666666666663,0.83333333333333337,0.75,325,350,337.5,1.1403508771929824,1.2280701754385965,1.1842105263157894,D285_F05_V01,285,5,common_grid,absolute,6,detrended_51,mean,x1_ztop,-0.030238493215058438,492,3
5,15,0.66666666666666663,0.83333333333333337,0.75,350,375,362.5,1.2280701754385965,1.3157894736842106,1.2719298245614035,D285_F05_V01,285,5,common_grid,absolute,6,detrended_51,mean,x1_ztop,-0.022796498568046848,492,3
5,16,0.66666666666666663,0.83333333333333337,0.75,375,400,387.5,1.3157894736842106,1.4035087719298245,1.3596491228070176,D285_F05_V01,285,5,common_grid,absolute,6,detrended_51,mean,x1_ztop,-0.0065948894472441649,492,3
5,17,0.66666666666666663,0.83333333333333337,0.75,400,425,412.5,1.4035087719298245,1.4912280701754386,1.4473684210526316,D285_F05_V01,285,5,common_grid,absolute,6,detrended_51,mean,x1_ztop,0.0044008825389194421,492,3
5,18,0.66666666666666663,0.83333333333333337,0.75,425,450,437.5,1.4912280701754386,1.5789473684210527,1.5350877192982457,D285_F05_V01,285,5,common_grid,absolute,6,detrended_51,mean,x1_ztop,-0.039238308261886304,492,3
5,19,0.66666666666666663,0.83333333333333337,0.75,450,475,462.5,1.5789473684210527,1.6666666666666667,1.6228070175438596,D285_F05_V01,285,5,common_grid,absolute,6,detrended_51,mean,x1_ztop,0.0060681215186647918,492,3
5,20,0.66666666666666663,0.83333333333333337,0.75,475,500,487.5,1.6666666666666667,1.7543859649122806,1.7105263157894737,D285_F05_V01,285,5,common_grid,absolute,6,detrended_51,mean,x1_ztop,-0.033609166064246361,492,3
6,1,0.83333333333333337,1,0.91666666666666663,0,25,12.5,0,0.08771929824561403,0.043859649122807015,D285_F05_V01,285,5,common_grid,absolute,6,detrended_51,mean,x1_ztop,0.11796999922400123,492,3
6,2,0.83333333333333337,1,0.91666666666666663,25,50,37.5,0.08771929824561403,0.17543859649122806,0.13157894736842105,D285_F05_V01,285,5,common_grid,absolute,6,detrended_51,mean,x1_ztop,0.14203699475281328,492,3
6,3,0.83333333333333337,1,0.91666666666666663,50,75,62.5,0.17543859649122806,0.26315789473684209,0.21929824561403508,D285_F05_V01,285,5,common_grid,absolute,6,detrended_51,mean,x1_ztop,0.089280273184419154,492,3
6,4,0.83333333333333337,1,0.91666666666666663,75,100,87.5,0.26315789473684209,0.35087719298245612,0.30701754385964913,D285_F05_V01,285,5,common_grid,absolute,6,detrended_51,mean,x1_ztop,0.078308585791737911,492,3
6,5,0.83333333333333337,1,0.91666666666666663,100,125,112.5,0.35087719298245612,0.43859649122807015,0.39473684210526316,D285_F05_V01,285,5,common_grid,absolute,6,detrended_51,mean,x1_ztop,0.082412189539692135,492,3
6,6,0.83333333333333337,1,0.91666666666666663,125,150,137.5,0.43859649122807015,0.52631578947368418,0.48245614035087719,D285_F05_V01,285,5,common_grid,absolute,6,detrended_51,mean,x1_ztop,0.087350990250177785,492,3
6,7,0.83333333333333337,1,0.91666666666666663,150,175,162.5,0.52631578947368418,0.61403508771929827,0.57017543859649122,D285_F05_V01,285,5,common_grid,absolute,6,detrended_51,mean,x1_ztop,0.084267622274661558,492,3
6,8,0.83333333333333337,1,0.91666666666666663,175,200,187.5,0.61403508771929827,0.70175438596491224,0.65789473684210531,D285_F05_V01,285,5,common_grid,absolute,6,detrended_51,mean,x1_ztop,-0.030044386062623631,492,3
6,9,0.83333333333333337,1,0.91666666666666663,200,225,212.5,0.70175438596491224,0.78947368421052633,0.74561403508771928,D285_F05_V01,285,5,common_grid,absolute,6,detrended_51,mean,x1_ztop,-0.0067114450415471684,492,3
6,10,0.83333333333333337,1,0.91666666666666663,225,250,237.5,0.78947368421052633,0.8771929824561403,0.83333333333333337,D285_F05_V01,285,5,common_grid,absolute,6,detrended_51,mean,x1_ztop,0.00086879687713440484,492,3
6,11,0.83333333333333337,1,0.91666666666666663,250,275,262.5,0.8771929824561403,0.96491228070175439,0.92105263157894735,D285_F05_V01,285,5,common_grid,absolute,6,detrended_51,mean,x1_ztop,-0.018069746572570145,492,3
6,12,0.83333333333333337,1,0.91666666666666663,275,300,287.5,0.96491228070175439,1.0526315789473684,1.0087719298245614,D285_F05_V01,285,5,common_grid,absolute,6,detrended_51,mean,x1_ztop,-0.0017845530929222649,492,3
6,13,0.83333333333333337,1,0.91666666666666663,300,325,312.5,1.0526315789473684,1.1403508771929824,1.0964912280701755,D285_F05_V01,285,5,common_grid,absolute,6,detrended_51,mean,x1_ztop,-0.12308135894761243,492,3
6,14,0.83333333333333337,1,0.91666666666666663,325,350,337.5,1.1403508771929824,1.2280701754385965,1.1842105263157894,D285_F05_V01,285,5,common_grid,absolute,6,detrended_51,mean,x1_ztop,0.049692046896320743,492,3
6,15,0.83333333333333337,1,0.91666666666666663,350,375,362.5,1.2280701754385965,1.3157894736842106,1.2719298245614035,D285_F05_V01,285,5,common_grid,absolute,6,detrended_51,mean,x1_ztop,-0.029049523652267081,492,3
6,16,0.83333333333333337,1,0.91666666666666663,375,400,387.5,1.3157894736842106,1.4035087719298245,1.3596491228070176,D285_F05_V01,285,5,common_grid,absolute,6,detrended_51,mean,x1_ztop,0.0340016443830361,492,3
6,17,0.83333333333333337,1,0.91666666666666663,400,425,412.5,1.4035087719298245,1.4912280701754386,1.4473684210526316,D285_F05_V01,285,5,common_grid,absolute,6,detrended_51,mean,x1_ztop,0.019062922833280586,492,3
6,18,0.83333333333333337,1,0.91666666666666663,425,450,437.5,1.4912280701754386,1.5789473684210527,1.5350877192982457,D285_F05_V01,285,5,common_grid,absolute,6,detrended_51,mean,x1_ztop,0.016884910452617533,492,3
6,19,0.83333333333333337,1,0.91666666666666663,450,475,462.5,1.5789473684210527,1.6666666666666667,1.6228070175438596,D285_F05_V01,285,5,common_grid,absolute,6,detrended_51,mean,x1_ztop,-0.0017251284088639282,492,3
6,20,0.83333333333333337,1,0.91666666666666663,475,500,487.5,1.6666666666666667,1.7543859649122806,1.7105263157894737,D285_F05_V01,285,5,common_grid,absolute,6,detrended_51,mean,x1_ztop,0.089595958055438935,492,3
1,1,0,0.16666666666666666,0.083333333333333329,0,25,12.5,0,0.08771929824561403,0.043859649122807015,D285_F07_V01,285,7,common_grid,absolute,6,detrended_51,mean,x1_ztop,0.0066654099549882349,458,3
1,2,0,0.16666666666666666,0.083333333333333329,25,50,37.5,0.08771929824561403,0.17543859649122806,0.13157894736842105,D285_F07_V01,285,7,common_grid,absolute,6,detrended_51,mean,x1_ztop,0.018067341270749264,458,3
1,3,0,0.16666666666666666,0.083333333333333329,50,75,62.5,0.17543859649122806,0.26315789473684209,0.21929824561403508,D285_F07_V01,285,7,common_grid,absolute,6,detrended_51,mean,x1_ztop,-0.022417251676216204,458,3
1,4,0,0.16666666666666666,0.083333333333333329,75,100,87.5,0.26315789473684209,0.35087719298245612,0.30701754385964913,D285_F07_V01,285,7,common_grid,absolute,6,detrended_51,mean,x1_ztop,-0.024949048313839525,458,3
1,5,0,0.16666666666666666,0.083333333333333329,100,125,112.5,0.35087719298245612,0.43859649122807015,0.39473684210526316,D285_F07_V01,285,7,common_grid,absolute,6,detrended_51,mean,x1_ztop,-0.037493008568634925,458,3
1,6,0,0.16666666666666666,0.083333333333333329,125,150,137.5,0.43859649122807015,0.52631578947368418,0.48245614035087719,D285_F07_V01,285,7,common_grid,absolute,6,detrended_51,mean,x1_ztop,-0.056206214734590337,458,3
1,7,0,0.16666666666666666,0.083333333333333329,150,175,162.5,0.52631578947368418,0.61403508771929827,0.57017543859649122,D285_F07_V01,285,7,common_grid,absolute,6,detrended_51,mean,x1_ztop,-0.010361464724975719,458,3
1,8,0,0.16666666666666666,0.083333333333333329,175,200,187.5,0.61403508771929827,0.70175438596491224,0.65789473684210531,D285_F07_V01,285,7,common_grid,absolute,6,detrended_51,mean,x1_ztop,-0.011320769019149204,458,3
1,9,0,0.16666666666666666,0.083333333333333329,200,225,212.5,0.70175438596491224,0.78947368421052633,0.74561403508771928,D285_F07_V01,285,7,common_grid,absolute,6,detrended_51,mean,x1_ztop,0.041516658050735317,458,3
1,10,0,0.16666666666666666,0.083333333333333329,225,250,237.5,0.78947368421052633,0.8771929824561403,0.83333333333333337,D285_F07_V01,285,7,common_grid,absolute,6,detrended_51,mean,x1_ztop,-0.024765832853637766,458,3
1,11,0,0.16666666666666666,0.083333333333333329,250,275,262.5,0.8771929824561403,0.96491228070175439,0.92105263157894735,D285_F07_V01,285,7,common_grid,absolute,6,detrended_51,mean,x1_ztop,-0.038563558237139604,458,3
1,12,0,0.16666666666666666,0.083333333333333329,275,300,287.5,0.96491228070175439,1.0526315789473684,1.0087719298245614,D285_F07_V01,285,7,common_grid,absolute,6,detrended_51,mean,x1_ztop,0.015478916669489928,458,3
1,13,0,0.16666666666666666,0.083333333333333329,300,325,312.5,1.0526315789473684,1.1403508771929824,1.0964912280701755,D285_F07_V01,285,7,common_grid,absolute,6,detrended_51,mean,x1_ztop,-0.012289839047882056,458,3
1,14,0,0.16666666666666666,0.083333333333333329,325,350,337.5,1.1403508771929824,1.2280701754385965,1.1842105263157894,D285_F07_V01,285,7,common_grid,absolute,6,detrended_51,mean,x1_ztop,0.01147408219414868,458,3
1,15,0,0.16666666666666666,0.083333333333333329,350,375,362.5,1.2280701754385965,1.3157894736842106,1.2719298245614035,D285_F07_V01,285,7,common_grid,absolute,6,detrended_51,mean,x1_ztop,-0.0020225475918025249,458,3
1,16,0,0.16666666666666666,0.083333333333333329,375,400,387.5,1.3157894736842106,1.4035087719298245,1.3596491228070176,D285_F07_V01,285,7,common_grid,absolute,6,detrended_51,mean,x1_ztop,0.01392117346505448,458,3
1,17,0,0.16666666666666666,0.083333333333333329,400,425,412.5,1.4035087719298245,1.4912280701754386,1.4473684210526316,D285_F07_V01,285,7,common_grid,absolute,6,detrended_51,mean,x1_ztop,-0.035598318983554825,458,3
1,18,0,0.16666666666666666,0.083333333333333329,425,450,437.5,1.4912280701754386,1.5789473684210527,1.5350877192982457,D285_F07_V01,285,7,common_grid,absolute,6,detrended_51,mean,x1_ztop,0.11957997840034623,458,3
1,19,0,0.16666666666666666,0.083333333333333329,450,475,462.5,1.5789473684210527,1.6666666666666667,1.6228070175438596,D285_F07_V01,285,7,common_grid,absolute,6,detrended_51,mean,x1_ztop,0.048209947846025142,458,3
1,20,0,0.16666666666666666,0.083333333333333329,475,500,487.5,1.6666666666666667,1.7543859649122806,1.7105263157894737,D285_F07_V01,285,7,common_grid,absolute,6,detrended_51,mean,x1_ztop,-0.015271953983391647,458,3
2,1,0.16666666666666666,0.33333333333333331,0.25,0,25,12.5,0,0.08771929824561403,0.043859649122807015,D285_F07_V01,285,7,common_grid,absolute,6,detrended_51,mean,x1_ztop,0.15961468510362145,458,3
2,2,0.16666666666666666,0.33333333333333331,0.25,25,50,37.5,0.08771929824561403,0.17543859649122806,0.13157894736842105,D285_F07_V01,285,7,common_grid,absolute,6,detrended_51,mean,x1_ztop,0.096322926451327048,458,3
2,3,0.16666666666666666,0.33333333333333331,0.25,50,75,62.5,0.17543859649122806,0.26315789473684209,0.21929824561403508,D285_F07_V01,285,7,common_grid,absolute,6,detrended_51,mean,x1_ztop,0.023653151911275642,458,3
2,4,0.16666666666666666,0.33333333333333331,0.25,75,100,87.5,0.26315789473684209,0.35087719298245612,0.30701754385964913,D285_F07_V01,285,7,common_grid,absolute,6,detrended_51,mean,x1_ztop,0.097401361956639593,458,3
2,5,0.16666666666666666,0.33333333333333331,0.25,100,125,112.5,0.35087719298245612,0.43859649122807015,0.39473684210526316,D285_F07_V01,285,7,common_grid,absolute,6,detrended_51,mean,x1_ztop,0.11992926961602715,458,3
2,6,0.16666666666666666,0.33333333333333331,0.25,125,150,137.5,0.43859649122807015,0.52631578947368418,0.48245614035087719,D285_F07_V01,285,7,common_grid,absolute,6,detrended_51,mean,x1_ztop,-0.0039167059494689925,458,3
2,7,0.16666666666666666,0.33333333333333331,0.25,150,175,162.5,0.52631578947368418,0.61403508771929827,0.57017543859649122,D285_F07_V01,285,7,common_grid,absolute,6,detrended_51,mean,x1_ztop,0.029469517390728006,458,3
2,8,0.16666666666666666,0.33333333333333331,0.25,175,200,187.5,0.61403508771929827,0.70175438596491224,0.65789473684210531,D285_F07_V01,285,7,common_grid,absolute,6,detrended_51,mean,x1_ztop,0.00062679395804120588,458,3
2,9,0.16666666666666666,0.33333333333333331,0.25,200,225,212.5,0.70175438596491224,0.78947368421052633,0.74561403508771928,D285_F07_V01,285,7,common_grid,absolute,6,detrended_51,mean,x1_ztop,0.11816911154169793,458,3
2,10,0.16666666666666666,0.33333333333333331,0.25,225,250,237.5,0.78947368421052633,0.8771929824561403,0.83333333333333337,D285_F07_V01,285,7,common_grid,absolute,6,detrended_51,mean,x1_ztop,-0.026588053707026119,458,3
2,11,0.16666666666666666,0.33333333333333331,0.25,250,275,262.5,0.8771929824561403,0.96491228070175439,0.92105263157894735,D285_F07_V01,285,7,common_grid,absolute,6,detrended_51,mean,x1_ztop,-0.025577212078986465,458,3
2,12,0.16666666666666666,0.33333333333333331,0.25,275,300,287.5,0.96491228070175439,1.0526315789473684,1.0087719298245614,D285_F07_V01,285,7,common_grid,absolute,6,detrended_51,mean,x1_ztop,0.049909072551490137,458,3
2,13,0.16666666666666666,0.33333333333333331,0.25,300,325,312.5,1.0526315789473684,1.1403508771929824,1.0964912280701755,D285_F07_V01,285,7,common_grid,absolute,6,detrended_51,mean,x1_ztop,0.073833284878441818,458,3
2,14,0.16666666666666666,0.33333333333333331,0.25,325,350,337.5,1.1403508771929824,1.2280701754385965,1.1842105263157894,D285_F07_V01,285,7,common_grid,absolute,6,detrended_51,mean,x1_ztop,0.015703221463740352,458,3
2,15,0.16666666666666666,0.33333333333333331,0.25,350,375,362.5,1.2280701754385965,1.3157894736842106,1.2719298245614035,D285_F07_V01,285,7,common_grid,absolute,6,detrended_51,mean,x1_ztop,-0.049119982962968947,458,3
2,16,0.16666666666666666,0.33333333333333331,0.25,375,400,387.5,1.3157894736842106,1.4035087719298245,1.3596491228070176,D285_F07_V01,285,7,common_grid,absolute,6,detrended_51,mean,x1_ztop,0.02378484449248577,458,3
2,17,0.16666666666666666,0.33333333333333331,0.25,400,425,412.5,1.4035087719298245,1.4912280701754386,1.4473684210526316,D285_F07_V01,285,7,common_grid,absolute,6,detrended_51,mean,x1_ztop,-0.0068317536865100288,458,3
2,18,0.16666666666666666,0.33333333333333331,0.25,425,450,437.5,1.4912280701754386,1.5789473684210527,1.5350877192982457,D285_F07_V01,285,7,common_grid,absolute,6,detrended_51,mean,x1_ztop,-0.012542225012952938,458,3
2,19,0.16666666666666666,0.33333333333333331,0.25,450,475,462.5,1.5789473684210527,1.6666666666666667,1.6228070175438596,D285_F07_V01,285,7,common_grid,absolute,6,detrended_51,mean,x1_ztop,0.034643394313943941,458,3
2,20,0.16666666666666666,0.33333333333333331,0.25,475,500,487.5,1.6666666666666667,1.7543859649122806,1.7105263157894737,D285_F07_V01,285,7,common_grid,absolute,6,detrended_51,mean,x1_ztop,0.063013352798939826,458,3
3,1,0.33333333333333331,0.5,0.41666666666666669,0,25,12.5,0,0.08771929824561403,0.043859649122807015,D285_F07_V01,285,7,common_grid,absolute,6,detrended_51,mean,x1_ztop,0.24188314097921715,458,3
3,2,0.33333333333333331,0.5,0.41666666666666669,25,50,37.5,0.08771929824561403,0.17543859649122806,0.13157894736842105,D285_F07_V01,285,7,common_grid,absolute,6,detrended_51,mean,x1_ztop,0.12785159618073585,458,3
3,3,0.33333333333333331,0.5,0.41666666666666669,50,75,62.5,0.17543859649122806,0.26315789473684209,0.21929824561403508,D285_F07_V01,285,7,common_grid,absolute,6,detrended_51,mean,x1_ztop,0.084069975169056524,458,3
3,4,0.33333333333333331,0.5,0.41666666666666669,75,100,87.5,0.26315789473684209,0.35087719298245612,0.30701754385964913,D285_F07_V01,285,7,common_grid,absolute,6,detrended_51,mean,x1_ztop,0.098736658629080182,458,3
3,5,0.33333333333333331,0.5,0.41666666666666669,100,125,112.5,0.35087719298245612,0.43859649122807015,0.39473684210526316,D285_F07_V01,285,7,common_grid,absolute,6,detrended_51,mean,x1_ztop,0.14781130978724988,458,3
3,6,0.33333333333333331,0.5,0.41666666666666669,125,150,137.5,0.43859649122807015,0.52631578947368418,0.48245614035087719,D285_F07_V01,285,7,common_grid,absolute,6,detrended_51,mean,x1_ztop,0.080524387337674169,458,3
3,7,0.33333333333333331,0.5,0.41666666666666669,150,175,162.5,0.52631578947368418,0.61403508771929827,0.57017543859649122,D285_F07_V01,285,7,common_grid,absolute,6,detrended_51,mean,x1_ztop,0.12236905833969805,458,3
3,8,0.33333333333333331,0.5,0.41666666666666669,175,200,187.5,0.61403508771929827,0.70175438596491224,0.65789473684210531,D285_F07_V01,285,7,common_grid,absolute,6,detrended_51,mean,x1_ztop,0.11535460462949811,458,3
3,9,0.33333333333333331,0.5,0.41666666666666669,200,225,212.5,0.70175438596491224,0.78947368421052633,0.74561403508771928,D285_F07_V01,285,7,common_grid,absolute,6,detrended_51,mean,x1_ztop,0.13202936038526589,458,3
3,10,0.33333333333333331,0.5,0.41666666666666669,225,250,237.5,0.78947368421052633,0.8771929824561403,0.83333333333333337,D285_F07_V01,285,7,common_grid,absolute,6,detrended_51,mean,x1_ztop,0.10729301850032663,458,3
3,11,0.33333333333333331,0.5,0.41666666666666669,250,275,262.5,0.8771929824561403,0.96491228070175439,0.92105263157894735,D285_F07_V01,285,7,common_grid,absolute,6,detrended_51,mean,x1_ztop,0.039278213794171873,458,3
3,12,0.33333333333333331,0.5,0.41666666666666669,275,300,287.5,0.96491228070175439,1.0526315789473684,1.0087719298245614,D285_F07_V01,285,7,common_grid,absolute,6,detrended_51,mean,x1_ztop,0.056261694497756906,458,3
3,13,0.33333333333333331,0.5,0.41666666666666669,300,325,312.5,1.0526315789473684,1.1403508771929824,1.0964912280701755,D285_F07_V01,285,7,common_grid,absolute,6,detrended_51,mean,x1_ztop,0.070969504179677664,458,3
3,14,0.33333333333333331,0.5,0.41666666666666669,325,350,337.5,1.1403508771929824,1.2280701754385965,1.1842105263157894,D285_F07_V01,285,7,common_grid,absolute,6,detrended_51,mean,x1_ztop,0.051551549904755585,458,3
3,15,0.33333333333333331,0.5,0.41666666666666669,350,375,362.5,1.2280701754385965,1.3157894736842106,1.2719298245614035,D285_F07_V01,285,7,common_grid,absolute,6,detrended_51,mean,x1_ztop,-0.0024378014406603648,458,3
3,16,0.33333333333333331,0.5,0.41666666666666669,375,400,387.5,1.3157894736842106,1.4035087719298245,1.3596491228070176,D285_F07_V01,285,7,common_grid,absolute,6,detrended_51,mean,x1_ztop,0.081661041043033594,458,3
3,17,0.33333333333333331,0.5,0.41666666666666669,400,425,412.5,1.4035087719298245,1.4912280701754386,1.4473684210526316,D285_F07_V01,285,7,common_grid,absolute,6,detrended_51,mean,x1_ztop,0.042588437029675311,458,3
3,18,0.33333333333333331,0.5,0.41666666666666669,425,450,437.5,1.4912280701754386,1.5789473684210527,1.5350877192982457,D285_F07_V01,285,7,common_grid,absolute,6,detrended_51,mean,x1_ztop,-0.019403873800623386,458,3
3,19,0.33333333333333331,0.5,0.41666666666666669,450,475,462.5,1.5789473684210527,1.6666666666666667,1.6228070175438596,D285_F07_V01,285,7,common_grid,absolute,6,detrended_51,mean,x1_ztop,0.011407605232335801,458,3
3,20,0.33333333333333331,0.5,0.41666666666666669,475,500,487.5,1.6666666666666667,1.7543859649122806,1.7105263157894737,D285_F07_V01,285,7,common_grid,absolute,6,detrended_51,mean,x1_ztop,-0.06856426651466245,458,3
4,1,0.5,0.66666666666666663,0.58333333333333337,0,25,12.5,0,0.08771929824561403,0.043859649122807015,D285_F07_V01,285,7,common_grid,absolute,6,detrended_51,mean,x1_ztop,0.21204325679030206,458,3
4,2,0.5,0.66666666666666663,0.58333333333333337,25,50,37.5,0.08771929824561403,0.17543859649122806,0.13157894736842105,D285_F07_V01,285,7,common_grid,absolute,6,detrended_51,mean,x1_ztop,0.085188086751591369,458,3
4,3,0.5,0.66666666666666663,0.58333333333333337,50,75,62.5,0.17543859649122806,0.26315789473684209,0.21929824561403508,D285_F07_V01,285,7,common_grid,absolute,6,detrended_51,mean,x1_ztop,0.11939398883001309,458,3
4,4,0.5,0.66666666666666663,0.58333333333333337,75,100,87.5,0.26315789473684209,0.35087719298245612,0.30701754385964913,D285_F07_V01,285,7,common_grid,absolute,6,detrended_51,mean,x1_ztop,0.1541166947051722,458,3
4,5,0.5,0.66666666666666663,0.58333333333333337,100,125,112.5,0.35087719298245612,0.43859649122807015,0.39473684210526316,D285_F07_V01,285,7,common_grid,absolute,6,detrended_51,mean,x1_ztop,0.14290543954031965,458,3
4,6,0.5,0.66666666666666663,0.58333333333333337,125,150,137.5,0.43859649122807015,0.52631578947368418,0.48245614035087719,D285_F07_V01,285,7,common_grid,absolute,6,detrended_51,mean,x1_ztop,-0.052141298362975513,458,3
4,7,0.5,0.66666666666666663,0.58333333333333337,150,175,162.5,0.52631578947368418,0.61403508771929827,0.57017543859649122,D285_F07_V01,285,7,common_grid,absolute,6,detrended_51,mean,x1_ztop,0.062150780565245409,458,3
4,8,0.5,0.66666666666666663,0.58333333333333337,175,200,187.5,0.61403508771929827,0.70175438596491224,0.65789473684210531,D285_F07_V01,285,7,common_grid,absolute,6,detrended_51,mean,x1_ztop,-0.011628646101673239,458,3
4,9,0.5,0.66666666666666663,0.58333333333333337,200,225,212.5,0.70175438596491224,0.78947368421052633,0.74561403508771928,D285_F07_V01,285,7,common_grid,absolute,6,detrended_51,mean,x1_ztop,0.089087058767381239,458,3
4,10,0.5,0.66666666666666663,0.58333333333333337,225,250,237.5,0.78947368421052633,0.8771929824561403,0.83333333333333337,D285_F07_V01,285,7,common_grid,absolute,6,detrended_51,mean,x1_ztop,0.071034086255125778,458,3
4,11,0.5,0.66666666666666663,0.58333333333333337,250,275,262.5,0.8771929824561403,0.96491228070175439,0.92105263157894735,D285_F07_V01,285,7,common_grid,absolute,6,detrended_51,mean,x1_ztop,0.046388779996974383,458,3
4,12,0.5,0.66666666666666663,0.58333333333333337,275,300,287.5,0.96491228070175439,1.0526315789473684,1.0087719298245614,D285_F07_V01,285,7,common_grid,absolute,6,detrended_51,mean,x1_ztop,0.036968196833517868,458,3
4,13,0.5,0.66666666666666663,0.58333333333333337,300,325,312.5,1.0526315789473684,1.1403508771929824,1.0964912280701755,D285_F07_V01,285,7,common_grid,absolute,6,detrended_51,mean,x1_ztop,0.062406755476923342,458,3
4,14,0.5,0.66666666666666663,0.58333333333333337,325,350,337.5,1.1403508771929824,1.2280701754385965,1.1842105263157894,D285_F07_V01,285,7,common_grid,absolute,6,detrended_51,mean,x1_ztop,0.00060605149665195028,458,3
4,15,0.5,0.66666666666666663,0.58333333333333337,350,375,362.5,1.2280701754385965,1.3157894736842106,1.2719298245614035,D285_F07_V01,285,7,common_grid,absolute,6,detrended_51,mean,x1_ztop,0.035555166763008864,458,3
4,16,0.5,0.66666666666666663,0.58333333333333337,375,400,387.5,1.3157894736842106,1.4035087719298245,1.3596491228070176,D285_F07_V01,285,7,common_grid,absolute,6,detrended_51,mean,x1_ztop,0.066130401110829157,458,3
4,17,0.5,0.66666666666666663,0.58333333333333337,400,425,412.5,1.4035087719298245,1.4912280701754386,1.4473684210526316,D285_F07_V01,285,7,common_grid,absolute,6,detrended_51,mean,x1_ztop,0.11142085661704583,458,3
4,18,0.5,0.66666666666666663,0.58333333333333337,425,450,437.5,1.4912280701754386,1.5789473684210527,1.5350877192982457,D285_F07_V01,285,7,common_grid,absolute,6,detrended_51,mean,x1_ztop,0.017043777629848409,458,3
4,19,0.5,0.66666666666666663,0.58333333333333337,450,475,462.5,1.5789473684210527,1.6666666666666667,1.6228070175438596,D285_F07_V01,285,7,common_grid,absolute,6,detrended_51,mean,x1_ztop,0.028743993623440947,458,3
4,20,0.5,0.66666666666666663,0.58333333333333337,475,500,487.5,1.6666666666666667,1.7543859649122806,1.7105263157894737,D285_F07_V01,285,7,common_grid,absolute,6,detrended_51,mean,x1_ztop,0.027664163280406495,458,3
5,1,0.66666666666666663,0.83333333333333337,0.75,0,25,12.5,0,0.08771929824561403,0.043859649122807015,D285_F07_V01,285,7,common_grid,absolute,6,detrended_51,mean,x1_ztop,0.079829429784528311,458,3
5,2,0.66666666666666663,0.83333333333333337,0.75,25,50,37.5,0.08771929824561403,0.17543859649122806,0.13157894736842105,D285_F07_V01,285,7,common_grid,absolute,6,detrended_51,mean,x1_ztop,0.057945119630264247,458,3
5,3,0.66666666666666663,0.83333333333333337,0.75,50,75,62.5,0.17543859649122806,0.26315789473684209,0.21929824561403508,D285_F07_V01,285,7,common_grid,absolute,6,detrended_51,mean,x1_ztop,0.04627778648332425,458,3
5,4,0.66666666666666663,0.83333333333333337,0.75,75,100,87.5,0.26315789473684209,0.35087719298245612,0.30701754385964913,D285_F07_V01,285,7,common_grid,absolute,6,detrended_51,mean,x1_ztop,0.014453785856313787,458,3
5,5,0.66666666666666663,0.83333333333333337,0.75,100,125,112.5,0.35087719298245612,0.43859649122807015,0.39473684210526316,D285_F07_V01,285,7,common_grid,absolute,6,detrended_51,mean,x1_ztop,0.029987292319384275,458,3
5,6,0.66666666666666663,0.83333333333333337,0.75,125,150,137.5,0.43859649122807015,0.52631578947368418,0.48245614035087719,D285_F07_V01,285,7,common_grid,absolute,6,detrended_51,mean,x1_ztop,0.03560113930882354,458,3
5,7,0.66666666666666663,0.83333333333333337,0.75,150,175,162.5,0.52631578947368418,0.61403508771929827,0.57017543859649122,D285_F07_V01,285,7,common_grid,absolute,6,detrended_51,mean,x1_ztop,0.056671375815746432,458,3
5,8,0.66666666666666663,0.83333333333333337,0.75,175,200,187.5,0.61403508771929827,0.70175438596491224,0.65789473684210531,D285_F07_V01,285,7,common_grid,absolute,6,detrended_51,mean,x1_ztop,0.080631640803771096,458,3
5,9,0.66666666666666663,0.83333333333333337,0.75,200,225,212.5,0.70175438596491224,0.78947368421052633,0.74561403508771928,D285_F07_V01,285,7,common_grid,absolute,6,detrended_51,mean,x1_ztop,0.13239541607871766,458,3
5,10,0.66666666666666663,0.83333333333333337,0.75,225,250,237.5,0.78947368421052633,0.8771929824561403,0.83333333333333337,D285_F07_V01,285,7,common_grid,absolute,6,detrended_51,mean,x1_ztop,0.10352994201257457,458,3
5,11,0.66666666666666663,0.83333333333333337,0.75,250,275,262.5,0.8771929824561403,0.96491228070175439,0.92105263157894735,D285_F07_V01,285,7,common_grid,absolute,6,detrended_51,mean,x1_ztop,-0.017981573370580928,458,3
5,12,0.66666666666666663,0.83333333333333337,0.75,275,300,287.5,0.96491228070175439,1.0526315789473684,1.0087719298245614,D285_F07_V01,285,7,common_grid,absolute,6,detrended_51,mean,x1_ztop,0.043953699611265482,458,3
5,13,0.66666666666666663,0.83333333333333337,0.75,300,325,312.5,1.0526315789473684,1.1403508771929824,1.0964912280701755,D285_F07_V01,285,7,common_grid,absolute,6,detrended_51,mean,x1_ztop,0.048122814769822726,458,3
5,14,0.66666666666666663,0.83333333333333337,0.75,325,350,337.5,1.1403508771929824,1.2280701754385965,1.1842105263157894,D285_F07_V01,285,7,common_grid,absolute,6,detrended_51,mean,x1_ztop,0.011795439893145698,458,3
5,15,0.66666666666666663,0.83333333333333337,0.75,350,375,362.5,1.2280701754385965,1.3157894736842106,1.2719298245614035,D285_F07_V01,285,7,common_grid,absolute,6,detrended_51,mean,x1_ztop,-0.053921982454362541,458,3
5,16,0.66666666666666663,0.83333333333333337,0.75,375,400,387.5,1.3157894736842106,1.4035087719298245,1.3596491228070176,D285_F07_V01,285,7,common_grid,absolute,6,detrended_51,mean,x1_ztop,-0.030463223956649754,458,3
5,17,0.66666666666666663,0.83333333333333337,0.75,400,425,412.5,1.4035087719298245,1.4912280701754386,1.4473684210526316,D285_F07_V01,285,7,common_grid,absolute,6,detrended_51,mean,x1_ztop,0.088039716160554587,458,3
5,18,0.66666666666666663,0.83333333333333337,0.75,425,450,437.5,1.4912280701754386,1.5789473684210527,1.5350877192982457,D285_F07_V01,285,7,common_grid,absolute,6,detrended_51,mean,x1_ztop,-0.030221365648278722,458,3
5,19,0.66666666666666663,0.83333333333333337,0.75,450,475,462.5,1.5789473684210527,1.6666666666666667,1.6228070175438596,D285_F07_V01,285,7,common_grid,absolute,6,detrended_51,mean,x1_ztop,-0.02988877258940929,458,3
5,20,0.66666666666666663,0.83333333333333337,0.75,475,500,487.5,1.6666666666666667,1.7543859649122806,1.7105263157894737,D285_F07_V01,285,7,common_grid,absolute,6,detrended_51,mean,x1_ztop,0.017209719654184809,458,3
6,1,0.83333333333333337,1,0.91666666666666663,0,25,12.5,0,0.08771929824561403,0.043859649122807015,D285_F07_V01,285,7,common_grid,absolute,6,detrended_51,mean,x1_ztop,0.18489963800067349,458,3
6,2,0.83333333333333337,1,0.91666666666666663,25,50,37.5,0.08771929824561403,0.17543859649122806,0.13157894736842105,D285_F07_V01,285,7,common_grid,absolute,6,detrended_51,mean,x1_ztop,0.055947526334236997,458,3
6,3,0.83333333333333337,1,0.91666666666666663,50,75,62.5,0.17543859649122806,0.26315789473684209,0.21929824561403508,D285_F07_V01,285,7,common_grid,absolute,6,detrended_51,mean,x1_ztop,0.026981647544902967,458,3
6,4,0.83333333333333337,1,0.91666666666666663,75,100,87.5,0.26315789473684209,0.35087719298245612,0.30701754385964913,D285_F07_V01,285,7,common_grid,absolute,6,detrended_51,mean,x1_ztop,0.044206751111772788,458,3
6,5,0.83333333333333337,1,0.91666666666666663,100,125,112.5,0.35087719298245612,0.43859649122807015,0.39473684210526316,D285_F07_V01,285,7,common_grid,absolute,6,detrended_51,mean,x1_ztop,0.10049161365108097,458,3
6,6,0.83333333333333337,1,0.91666666666666663,125,150,137.5,0.43859649122807015,0.52631578947368418,0.48245614035087719,D285_F07_V01,285,7,common_grid,absolute,6,detrended_51,mean,x1_ztop,-0.043202550008634946,458,3
6,7,0.83333333333333337,1,0.91666666666666663,150,175,162.5,0.52631578947368418,0.61403508771929827,0.57017543859649122,D285_F07_V01,285,7,common_grid,absolute,6,detrended_51,mean,x1_ztop,-0.044597655914928896,458,3
6,8,0.83333333333333337,1,0.91666666666666663,175,200,187.5,0.61403508771929827,0.70175438596491224,0.65789473684210531,D285_F07_V01,285,7,common_grid,absolute,6,detrended_51,mean,x1_ztop,-0.021138787029929169,458,3
6,9,0.83333333333333337,1,0.91666666666666663,200,225,212.5,0.70175438596491224,0.78947368421052633,0.74561403508771928,D285_F07_V01,285,7,common_grid,absolute,6,detrended_51,mean,x1_ztop,-0.0030791786274815894,458,3
6,10,0.83333333333333337,1,0.91666666666666663,225,250,237.5,0.78947368421052633,0.8771929824561403,0.83333333333333337,D285_F07_V01,285,7,common_grid,absolute,6,detrended_51,mean,x1_ztop,0.006903372255136344,458,3
6,11,0.83333333333333337,1,0.91666666666666663,250,275,262.5,0.8771929824561403,0.96491228070175439,0.92105263157894735,D285_F07_V01,285,7,common_grid,absolute,6,detrended_51,mean,x1_ztop,-0.097388092733550174,458,3
6,12,0.83333333333333337,1,0.91666666666666663,275,300,287.5,0.96491228070175439,1.0526315789473684,1.0087719298245614,D285_F07_V01,285,7,common_grid,absolute,6,detrended_51,mean,x1_ztop,0.043245470960753908,458,3
6,13,0.83333333333333337,1,0.91666666666666663,300,325,312.5,1.0526315789473684,1.1403508771929824,1.0964912280701755,D285_F07_V01,285,7,common_grid,absolute,6,detrended_51,mean,x1_ztop,-0.018775182488033261,458,3
6,14,0.83333333333333337,1,0.91666666666666663,325,350,337.5,1.1403508771929824,1.2280701754385965,1.1842105263157894,D285_F07_V01,285,7,common_grid,absolute,6,detrended_51,mean,x1_ztop,0.021968803377528642,458,3
6,15,0.83333333333333337,1,0.91666666666666663,350,375,362.5,1.2280701754385965,1.3157894736842106,1.2719298245614035,D285_F07_V01,285,7,common_grid,absolute,6,detrended_51,mean,x1_ztop,0.086730010621510617,458,3
6,16,0.83333333333333337,1,0.91666666666666663,375,400,387.5,1.3157894736842106,1.4035087719298245,1.3596491228070176,D285_F07_V01,285,7,common_grid,absolute,6,detrended_51,mean,x1_ztop,-0.036344414047179932,458,3
6,17,0.83333333333333337,1,0.91666666666666663,400,425,412.5,1.4035087719298245,1.4912280701754386,1.4473684210526316,D285_F07_V01,285,7,common_grid,absolute,6,detrended_51,mean,x1_ztop,0.036887463811215021,458,3
6,18,0.83333333333333337,1,0.91666666666666663,425,450,437.5,1.4912280701754386,1.5789473684210527,1.5350877192982457,D285_F07_V01,285,7,common_grid,absolute,6,detrended_51,mean,x1_ztop,0.043996269822776324,458,3
6,19,0.83333333333333337,1,0.91666666666666663,450,475,462.5,1.5789473684210527,1.6666666666666667,1.6228070175438596,D285_F07_V01,285,7,common_grid,absolute,6,detrended_51,mean,x1_ztop,-0.02111864614430975,458,3
6,20,0.83333333333333337,1,0.91666666666666663,475,500,487.5,1.6666666666666667,1.7543859649122806,1.7105263157894737,D285_F07_V01,285,7,common_grid,absolute,6,detrended_51,mean,x1_ztop,0.027245766209822355,458,3
1,1,0,0.16666666666666666,0.083333333333333329,0,25,12.5,0,0.08771929824561403,0.043859649122807015,D285_F10_V01,285,10,common_grid,absolute,6,detrended_51,mean,x1_ztop,0.020961667296675771,494,3
1,2,0,0.16666666666666666,0.083333333333333329,25,50,37.5,0.08771929824561403,0.17543859649122806,0.13157894736842105,D285_F10_V01,285,10,common_grid,absolute,6,detrended_51,mean,x1_ztop,0.013692715252873737,494,3
1,3,0,0.16666666666666666,0.083333333333333329,50,75,62.5,0.17543859649122806,0.26315789473684209,0.21929824561403508,D285_F10_V01,285,10,common_grid,absolute,6,detrended_51,mean,x1_ztop,-0.026351686327501341,494,3
1,4,0,0.16666666666666666,0.083333333333333329,75,100,87.5,0.26315789473684209,0.35087719298245612,0.30701754385964913,D285_F10_V01,285,10,common_grid,absolute,6,detrended_51,mean,x1_ztop,-0.030542099900025769,494,3
1,5,0,0.16666666666666666,0.083333333333333329,100,125,112.5,0.35087719298245612,0.43859649122807015,0.39473684210526316,D285_F10_V01,285,10,common_grid,absolute,6,detrended_51,mean,x1_ztop,-0.054226748342346143,494,3
1,6,0,0.16666666666666666,0.083333333333333329,125,150,137.5,0.43859649122807015,0.52631578947368418,0.48245614035087719,D285_F10_V01,285,10,common_grid,absolute,6,detrended_51,mean,x1_ztop,0.036624241534419684,494,3
1,7,0,0.16666666666666666,0.083333333333333329,150,175,162.5,0.52631578947368418,0.61403508771929827,0.57017543859649122,D285_F10_V01,285,10,common_grid,absolute,6,detrended_51,mean,x1_ztop,0.12772864399091483,494,3
1,8,0,0.16666666666666666,0.083333333333333329,175,200,187.5,0.61403508771929827,0.70175438596491224,0.65789473684210531,D285_F10_V01,285,10,common_grid,absolute,6,detrended_51,mean,x1_ztop,-0.034395982048492924,494,3
1,9,0,0.16666666666666666,0.083333333333333329,200,225,212.5,0.70175438596491224,0.78947368421052633,0.74561403508771928,D285_F10_V01,285,10,common_grid,absolute,6,detrended_51,mean,x1_ztop,-0.025045996442312517,494,3
1,10,0,0.16666666666666666,0.083333333333333329,225,250,237.5,0.78947368421052633,0.8771929824561403,0.83333333333333337,D285_F10_V01,285,10,common_grid,absolute,6,detrended_51,mean,x1_ztop,0.072243235426824551,494,3
1,11,0,0.16666666666666666,0.083333333333333329,250,275,262.5,0.8771929824561403,0.96491228070175439,0.92105263157894735,D285_F10_V01,285,10,common_grid,absolute,6,detrended_51,mean,x1_ztop,-0.0058132525795535749,494,3
1,12,0,0.16666666666666666,0.083333333333333329,275,300,287.5,0.96491228070175439,1.0526315789473684,1.0087719298245614,D285_F10_V01,285,10,common_grid,absolute,6,detrended_51,mean,x1_ztop,0.036668369227970177,494,3
1,13,0,0.16666666666666666,0.083333333333333329,300,325,312.5,1.0526315789473684,1.1403508771929824,1.0964912280701755,D285_F10_V01,285,10,common_grid,absolute,6,detrended_51,mean,x1_ztop,0.10947814998146321,494,3
1,14,0,0.16666666666666666,0.083333333333333329,325,350,337.5,1.1403508771929824,1.2280701754385965,1.1842105263157894,D285_F10_V01,285,10,common_grid,absolute,6,detrended_51,mean,x1_ztop,0.049648137894700309,494,3
1,15,0,0.16666666666666666,0.083333333333333329,350,375,362.5,1.2280701754385965,1.3157894736842106,1.2719298245614035,D285_F10_V01,285,10,common_grid,absolute,6,detrended_51,mean,x1_ztop,-0.10488778489187012,494,3
1,16,0,0.16666666666666666,0.083333333333333329,375,400,387.5,1.3157894736842106,1.4035087719298245,1.3596491228070176,D285_F10_V01,285,10,common_grid,absolute,6,detrended_51,mean,x1_ztop,-0.021399510540322519,494,3
1,17,0,0.16666666666666666,0.083333333333333329,400,425,412.5,1.4035087719298245,1.4912280701754386,1.4473684210526316,D285_F10_V01,285,10,common_grid,absolute,6,detrended_51,mean,x1_ztop,-0.014920150602143648,494,3
1,18,0,0.16666666666666666,0.083333333333333329,425,450,437.5,1.4912280701754386,1.5789473684210527,1.5350877192982457,D285_F10_V01,285,10,common_grid,absolute,6,detrended_51,mean,x1_ztop,0.012045980552774251,494,3
1,19,0,0.16666666666666666,0.083333333333333329,450,475,462.5,1.5789473684210527,1.6666666666666667,1.6228070175438596,D285_F10_V01,285,10,common_grid,absolute,6,detrended_51,mean,x1_ztop,-0.060907176860151901,494,3
1,20,0,0.16666666666666666,0.083333333333333329,475,500,487.5,1.6666666666666667,1.7543859649122806,1.7105263157894737,D285_F10_V01,285,10,common_grid,absolute,6,detrended_51,mean,x1_ztop,0.018197249542968107,494,3
2,1,0.16666666666666666,0.33333333333333331,0.25,0,25,12.5,0,0.08771929824561403,0.043859649122807015,D285_F10_V01,285,10,common_grid,absolute,6,detrended_51,mean,x1_ztop,0.073070316215497602,494,3
2,2,0.16666666666666666,0.33333333333333331,0.25,25,50,37.5,0.08771929824561403,0.17543859649122806,0.13157894736842105,D285_F10_V01,285,10,common_grid,absolute,6,detrended_51,mean,x1_ztop,0.093554583877024491,494,3
2,3,0.16666666666666666,0.33333333333333331,0.25,50,75,62.5,0.17543859649122806,0.26315789473684209,0.21929824561403508,D285_F10_V01,285,10,common_grid,absolute,6,detrended_51,mean,x1_ztop,-0.050204846566702321,494,3
2,4,0.16666666666666666,0.33333333333333331,0.25,75,100,87.5,0.26315789473684209,0.35087719298245612,0.30701754385964913,D285_F10_V01,285,10,common_grid,absolute,6,detrended_51,mean,x1_ztop,0.06488813910644449,494,3
2,5,0.16666666666666666,0.33333333333333331,0.25,100,125,112.5,0.35087719298245612,0.43859649122807015,0.39473684210526316,D285_F10_V01,285,10,common_grid,absolute,6,detrended_51,mean,x1_ztop,0.01079107490172819,494,3
2,6,0.16666666666666666,0.33333333333333331,0.25,125,150,137.5,0.43859649122807015,0.52631578947368418,0.48245614035087719,D285_F10_V01,285,10,common_grid,absolute,6,detrended_51,mean,x1_ztop,0.066173057553054387,494,3
2,7,0.16666666666666666,0.33333333333333331,0.25,150,175,162.5,0.52631578947368418,0.61403508771929827,0.57017543859649122,D285_F10_V01,285,10,common_grid,absolute,6,detrended_51,mean,x1_ztop,0.047360979720838248,494,3
2,8,0.16666666666666666,0.33333333333333331,0.25,175,200,187.5,0.61403508771929827,0.70175438596491224,0.65789473684210531,D285_F10_V01,285,10,common_grid,absolute,6,detrended_51,mean,x1_ztop,0.05800836106256263,494,3
2,9,0.16666666666666666,0.33333333333333331,0.25,200,225,212.5,0.70175438596491224,0.78947368421052633,0.74561403508771928,D285_F10_V01,285,10,common_grid,absolute,6,detrended_51,mean,x1_ztop,0.010454631099279722,494,3
2,10,0.16666666666666666,0.33333333333333331,0.25,225,250,237.5,0.78947368421052633,0.8771929824561403,0.83333333333333337,D285_F10_V01,285,10,common_grid,absolute,6,detrended_51,mean,x1_ztop,0.10458753266247403,494,3
2,11,0.16666666666666666,0.33333333333333331,0.25,250,275,262.5,0.8771929824561403,0.96491228070175439,0.92105263157894735,D285_F10_V01,285,10,common_grid,absolute,6,detrended_51,mean,x1_ztop,0.057401684214165555,494,3
2,12,0.16666666666666666,0.33333333333333331,0.25,275,300,287.5,0.96491228070175439,1.0526315789473684,1.0087719298245614,D285_F10_V01,285,10,common_grid,absolute,6,detrended_51,mean,x1_ztop,0.017504025634833366,494,3
2,13,0.16666666666666666,0.33333333333333331,0.25,300,325,312.5,1.0526315789473684,1.1403508771929824,1.0964912280701755,D285_F10_V01,285,10,common_grid,absolute,6,detrended_51,mean,x1_ztop,0.080756058935468097,494,3
2,14,0.16666666666666666,0.33333333333333331,0.25,325,350,337.5,1.1403508771929824,1.2280701754385965,1.1842105263157894,D285_F10_V01,285,10,common_grid,absolute,6,detrended_51,mean,x1_ztop,0.093625753236393938,494,3
2,15,0.16666666666666666,0.33333333333333331,0.25,350,375,362.5,1.2280701754385965,1.3157894736842106,1.2719298245614035,D285_F10_V01,285,10,common_grid,absolute,6,detrended_51,mean,x1_ztop,-0.05444964928432372,494,3
2,16,0.16666666666666666,0.33333333333333331,0.25,375,400,387.5,1.3157894736842106,1.4035087719298245,1.3596491228070176,D285_F10_V01,285,10,common_grid,absolute,6,detrended_51,mean,x1_ztop,0.016518901870202642,494,3
2,17,0.16666666666666666,0.33333333333333331,0.25,400,425,412.5,1.4035087719298245,1.4912280701754386,1.4473684210526316,D285_F10_V01,285,10,common_grid,absolute,6,detrended_51,mean,x1_ztop,-0.083932476028256375,494,3
2,18,0.16666666666666666,0.33333333333333331,0.25,425,450,437.5,1.4912280701754386,1.5789473684210527,1.5350877192982457,D285_F10_V01,285,10,common_grid,absolute,6,detrended_51,mean,x1_ztop,0.020795450368013196,494,3
2,19,0.16666666666666666,0.33333333333333331,0.25,450,475,462.5,1.5789473684210527,1.6666666666666667,1.6228070175438596,D285_F10_V01,285,10,common_grid,absolute,6,detrended_51,mean,x1_ztop,-0.032394632008815295,494,3
2,20,0.16666666666666666,0.33333333333333331,0.25,475,500,487.5,1.6666666666666667,1.7543859649122806,1.7105263157894737,D285_F10_V01,285,10,common_grid,absolute,6,detrended_51,mean,x1_ztop,0.10137772992470766,494,3
3,1,0.33333333333333331,0.5,0.41666666666666669,0,25,12.5,0,0.08771929824561403,0.043859649122807015,D285_F10_V01,285,10,common_grid,absolute,6,detrended_51,mean,x1_ztop,0.17712191992316459,494,3
3,2,0.33333333333333331,0.5,0.41666666666666669,25,50,37.5,0.08771929824561403,0.17543859649122806,0.13157894736842105,D285_F10_V01,285,10,common_grid,absolute,6,detrended_51,mean,x1_ztop,0.22788745608552763,494,3
3,3,0.33333333333333331,0.5,0.41666666666666669,50,75,62.5,0.17543859649122806,0.26315789473684209,0.21929824561403508,D285_F10_V01,285,10,common_grid,absolute,6,detrended_51,mean,x1_ztop,0.1296242534724239,494,3
3,4,0.33333333333333331,0.5,0.41666666666666669,75,100,87.5,0.26315789473684209,0.35087719298245612,0.30701754385964913,D285_F10_V01,285,10,common_grid,absolute,6,detrended_51,mean,x1_ztop,0.09721960473169855,494,3
3,5,0.33333333333333331,0.5,0.41666666666666669,100,125,112.5,0.35087719298245612,0.43859649122807015,0.39473684210526316,D285_F10_V01,285,10,common_grid,absolute,6,detrended_51,mean,x1_ztop,0.080109411710077544,494,3
3,6,0.33333333333333331,0.5,0.41666666666666669,125,150,137.5,0.43859649122807015,0.52631578947368418,0.48245614035087719,D285_F10_V01,285,10,common_grid,absolute,6,detrended_51,mean,x1_ztop,0.11903701560110222,494,3
3,7,0.33333333333333331,0.5,0.41666666666666669,150,175,162.5,0.52631578947368418,0.61403508771929827,0.57017543859649122,D285_F10_V01,285,10,common_grid,absolute,6,detrended_51,mean,x1_ztop,0.21941488916711893,494,3
3,8,0.33333333333333331,0.5,0.41666666666666669,175,200,187.5,0.61403508771929827,0.70175438596491224,0.65789473684210531,D285_F10_V01,285,10,common_grid,absolute,6,detrended_51,mean,x1_ztop,0.094395592847085735,494,3
3,9,0.33333333333333331,0.5,0.41666666666666669,200,225,212.5,0.70175438596491224,0.78947368421052633,0.74561403508771928,D285_F10_V01,285,10,common_grid,absolute,6,detrended_51,mean,x1_ztop,0.068548033898298513,494,3
3,10,0.33333333333333331,0.5,0.41666666666666669,225,250,237.5,0.78947368421052633,0.8771929824561403,0.83333333333333337,D285_F10_V01,285,10,common_grid,absolute,6,detrended_51,mean,x1_ztop,0.12195994585376577,494,3
3,11,0.33333333333333331,0.5,0.41666666666666669,250,275,262.5,0.8771929824561403,0.96491228070175439,0.92105263157894735,D285_F10_V01,285,10,common_grid,absolute,6,detrended_51,mean,x1_ztop,0.087421194660152995,494,3
3,12,0.33333333333333331,0.5,0.41666666666666669,275,300,287.5,0.96491228070175439,1.0526315789473684,1.0087719298245614,D285_F10_V01,285,10,common_grid,absolute,6,detrended_51,mean,x1_ztop,0.069194754189274024,494,3
3,13,0.33333333333333331,0.5,0.41666666666666669,300,325,312.5,1.0526315789473684,1.1403508771929824,1.0964912280701755,D285_F10_V01,285,10,common_grid,absolute,6,detrended_51,mean,x1_ztop,0.077683866037272259,494,3
3,14,0.33333333333333331,0.5,0.41666666666666669,325,350,337.5,1.1403508771929824,1.2280701754385965,1.1842105263157894,D285_F10_V01,285,10,common_grid,absolute,6,detrended_51,mean,x1_ztop,0.022544413558126641,494,3
3,15,0.33333333333333331,0.5,0.41666666666666669,350,375,362.5,1.2280701754385965,1.3157894736842106,1.2719298245614035,D285_F10_V01,285,10,common_grid,absolute,6,detrended_51,mean,x1_ztop,0.075689195297777706,494,3
3,16,0.33333333333333331,0.5,0.41666666666666669,375,400,387.5,1.3157894736842106,1.4035087719298245,1.3596491228070176,D285_F10_V01,285,10,common_grid,absolute,6,detrended_51,mean,x1_ztop,0.012981504062577648,494,3
3,17,0.33333333333333331,0.5,0.41666666666666669,400,425,412.5,1.4035087719298245,1.4912280701754386,1.4473684210526316,D285_F10_V01,285,10,common_grid,absolute,6,detrended_51,mean,x1_ztop,0.087386976291398577,494,3
3,18,0.33333333333333331,0.5,0.41666666666666669,425,450,437.5,1.4912280701754386,1.5789473684210527,1.5350877192982457,D285_F10_V01,285,10,common_grid,absolute,6,detrended_51,mean,x1_ztop,0.12058468839132135,494,3
3,19,0.33333333333333331,0.5,0.41666666666666669,450,475,462.5,1.5789473684210527,1.6666666666666667,1.6228070175438596,D285_F10_V01,285,10,common_grid,absolute,6,detrended_51,mean,x1_ztop,0.018610396952081033,494,3
3,20,0.33333333333333331,0.5,0.41666666666666669,475,500,487.5,1.6666666666666667,1.7543859649122806,1.7105263157894737,D285_F10_V01,285,10,common_grid,absolute,6,detrended_51,mean,x1_ztop,0.046386367743092759,494,3
4,1,0.5,0.66666666666666663,0.58333333333333337,0,25,12.5,0,0.08771929824561403,0.043859649122807015,D285_F10_V01,285,10,common_grid,absolute,6,detrended_51,mean,x1_ztop,0.26364945913013066,494,3
4,2,0.5,0.66666666666666663,0.58333333333333337,25,50,37.5,0.08771929824561403,0.17543859649122806,0.13157894736842105,D285_F10_V01,285,10,common_grid,absolute,6,detrended_51,mean,x1_ztop,0.1841318657517983,494,3
4,3,0.5,0.66666666666666663,0.58333333333333337,50,75,62.5,0.17543859649122806,0.26315789473684209,0.21929824561403508,D285_F10_V01,285,10,common_grid,absolute,6,detrended_51,mean,x1_ztop,0.18517790913709106,494,3
4,4,0.5,0.66666666666666663,0.58333333333333337,75,100,87.5,0.26315789473684209,0.35087719298245612,0.30701754385964913,D285_F10_V01,285,10,common_grid,absolute,6,detrended_51,mean,x1_ztop,0.097553900052345641,494,3
4,5,0.5,0.66666666666666663,0.58333333333333337,100,125,112.5,0.35087719298245612,0.43859649122807015,0.39473684210526316,D285_F10_V01,285,10,common_grid,absolute,6,detrended_51,mean,x1_ztop,0.11266725934260964,494,3
4,6,0.5,0.66666666666666663,0.58333333333333337,125,150,137.5,0.43859649122807015,0.52631578947368418,0.48245614035087719,D285_F10_V01,285,10,common_grid,absolute,6,detrended_51,mean,x1_ztop,0.15370477133871038,494,3
4,7,0.5,0.66666666666666663,0.58333333333333337,150,175,162.5,0.52631578947368418,0.61403508771929827,0.57017543859649122,D285_F10_V01,285,10,common_grid,absolute,6,detrended_51,mean,x1_ztop,0.22172547608698656,494,3
4,8,0.5,0.66666666666666663,0.58333333333333337,175,200,187.5,0.61403508771929827,0.70175438596491224,0.65789473684210531,D285_F10_V01,285,10,common_grid,absolute,6,detrended_51,mean,x1_ztop,0.072053238548537207,494,3
4,9,0.5,0.66666666666666663,0.58333333333333337,200,225,212.5,0.70175438596491224,0.78947368421052633,0.74561403508771928,D285_F10_V01,285,10,common_grid,absolute,6,detrended_51,mean,x1_ztop,0.060021416480167136,494,3
4,10,0.5,0.66666666666666663,0.58333333333333337,225,250,237.5,0.78947368421052633,0.8771929824561403,0.83333333333333337,D285_F10_V01,285,10,common_grid,absolute,6,detrended_51,mean,x1_ztop,0.091534626686507289,494,3
4,11,0.5,0.66666666666666663,0.58333333333333337,250,275,262.5,0.8771929824561403,0.96491228070175439,0.92105263157894735,D285_F10_V01,285,10,common_grid,absolute,6,detrended_51,mean,x1_ztop,0.083613748796346671,494,3
4,12,0.5,0.66666666666666663,0.58333333333333337,275,300,287.5,0.96491228070175439,1.0526315789473684,1.0087719298245614,D285_F10_V01,285,10,common_grid,absolute,6,detrended_51,mean,x1_ztop,0.070278948550127313,494,3
4,13,0.5,0.66666666666666663,0.58333333333333337,300,325,312.5,1.0526315789473684,1.1403508771929824,1.0964912280701755,D285_F10_V01,285,10,common_grid,absolute,6,detrended_51,mean,x1_ztop,0.0078575599005645674,494,3
4,14,0.5,0.66666666666666663,0.58333333333333337,325,350,337.5,1.1403508771929824,1.2280701754385965,1.1842105263157894,D285_F10_V01,285,10,common_grid,absolute,6,detrended_51,mean,x1_ztop,0.025880382489400951,494,3
4,15,0.5,0.66666666666666663,0.58333333333333337,350,375,362.5,1.2280701754385965,1.3157894736842106,1.2719298245614035,D285_F10_V01,285,10,common_grid,absolute,6,detrended_51,mean,x1_ztop,0.071630732858333393,494,3
4,16,0.5,0.66666666666666663,0.58333333333333337,375,400,387.5,1.3157894736842106,1.4035087719298245,1.3596491228070176,D285_F10_V01,285,10,common_grid,absolute,6,detrended_51,mean,x1_ztop,0.026999181941769312,494,3
4,17,0.5,0.66666666666666663,0.58333333333333337,400,425,412.5,1.4035087719298245,1.4912280701754386,1.4473684210526316,D285_F10_V01,285,10,common_grid,absolute,6,detrended_51,mean,x1_ztop,-0.039164610994874609,494,3
4,18,0.5,0.66666666666666663,0.58333333333333337,425,450,437.5,1.4912280701754386,1.5789473684210527,1.5350877192982457,D285_F10_V01,285,10,common_grid,absolute,6,detrended_51,mean,x1_ztop,0.052831959175871732,494,3
4,19,0.5,0.66666666666666663,0.58333333333333337,450,475,462.5,1.5789473684210527,1.6666666666666667,1.6228070175438596,D285_F10_V01,285,10,common_grid,absolute,6,detrended_51,mean,x1_ztop,0.024037169538360319,494,3
4,20,0.5,0.66666666666666663,0.58333333333333337,475,500,487.5,1.6666666666666667,1.7543859649122806,1.7105263157894737,D285_F10_V01,285,10,common_grid,absolute,6,detrended_51,mean,x1_ztop,0.063390614114428992,494,3
5,1,0.66666666666666663,0.83333333333333337,0.75,0,25,12.5,0,0.08771929824561403,0.043859649122807015,D285_F10_V01,285,10,common_grid,absolute,6,detrended_51,mean,x1_ztop,0.12022676372555038,494,3
5,2,0.66666666666666663,0.83333333333333337,0.75,25,50,37.5,0.08771929824561403,0.17543859649122806,0.13157894736842105,D285_F10_V01,285,10,common_grid,absolute,6,detrended_51,mean,x1_ztop,0.208609998761902,494,3
5,3,0.66666666666666663,0.83333333333333337,0.75,50,75,62.5,0.17543859649122806,0.26315789473684209,0.21929824561403508,D285_F10_V01,285,10,common_grid,absolute,6,detrended_51,mean,x1_ztop,0.12121160766223948,494,3
5,4,0.66666666666666663,0.83333333333333337,0.75,75,100,87.5,0.26315789473684209,0.35087719298245612,0.30701754385964913,D285_F10_V01,285,10,common_grid,absolute,6,detrended_51,mean,x1_ztop,0.16765703289629469,494,3
5,5,0.66666666666666663,0.83333333333333337,0.75,100,125,112.5,0.35087719298245612,0.43859649122807015,0.39473684210526316,D285_F10_V01,285,10,common_grid,absolute,6,detrended_51,mean,x1_ztop,0.092612820363541598,494,3
5,6,0.66666666666666663,0.83333333333333337,0.75,125,150,137.5,0.43859649122807015,0.52631578947368418,0.48245614035087719,D285_F10_V01,285,10,common_grid,absolute,6,detrended_51,mean,x1_ztop,0.14732773794679244,494,3
5,7,0.66666666666666663,0.83333333333333337,0.75,150,175,162.5,0.52631578947368418,0.61403508771929827,0.57017543859649122,D285_F10_V01,285,10,common_grid,absolute,6,detrended_51,mean,x1_ztop,0.1169440967299118,494,3
5,8,0.66666666666666663,0.83333333333333337,0.75,175,200,187.5,0.61403508771929827,0.70175438596491224,0.65789473684210531,D285_F10_V01,285,10,common_grid,absolute,6,detrended_51,mean,x1_ztop,0.020248491405902444,494,3
5,9,0.66666666666666663,0.83333333333333337,0.75,200,225,212.5,0.70175438596491224,0.78947368421052633,0.74561403508771928,D285_F10_V01,285,10,common_grid,absolute,6,detrended_51,mean,x1_ztop,0.031963011534043337,494,3
5,10,0.66666666666666663,0.83333333333333337,0.75,225,250,237.5,0.78947368421052633,0.8771929824561403,0.83333333333333337,D285_F10_V01,285,10,common_grid,absolute,6,detrended_51,mean,x1_ztop,0.15122547385105795,494,3
5,11,0.66666666666666663,0.83333333333333337,0.75,250,275,262.5,0.8771929824561403,0.96491228070175439,0.92105263157894735,D285_F10_V01,285,10,common_grid,absolute,6,detrended_51,mean,x1_ztop,0.038476553690647682,494,3
5,12,0.66666666666666663,0.83333333333333337,0.75,275,300,287.5,0.96491228070175439,1.0526315789473684,1.0087719298245614,D285_F10_V01,285,10,common_grid,absolute,6,detrended_51,mean,x1_ztop,0.05771677669376718,494,3
5,13,0.66666666666666663,0.83333333333333337,0.75,300,325,312.5,1.0526315789473684,1.1403508771929824,1.0964912280701755,D285_F10_V01,285,10,common_grid,absolute,6,detrended_51,mean,x1_ztop,0.063847846206130487,494,3
5,14,0.66666666666666663,0.83333333333333337,0.75,325,350,337.5,1.1403508771929824,1.2280701754385965,1.1842105263157894,D285_F10_V01,285,10,common_grid,absolute,6,detrended_51,mean,x1_ztop,0.063598470246270772,494,3
5,15,0.66666666666666663,0.83333333333333337,0.75,350,375,362.5,1.2280701754385965,1.3157894736842106,1.2719298245614035,D285_F10_V01,285,10,common_grid,absolute,6,detrended_51,mean,x1_ztop,-0.022981522491498405,494,3
5,16,0.66666666666666663,0.83333333333333337,0.75,375,400,387.5,1.3157894736842106,1.4035087719298245,1.3596491228070176,D285_F10_V01,285,10,common_grid,absolute,6,detrended_51,mean,x1_ztop,0.042624436487567079,494,3
5,17,0.66666666666666663,0.83333333333333337,0.75,400,425,412.5,1.4035087719298245,1.4912280701754386,1.4473684210526316,D285_F10_V01,285,10,common_grid,absolute,6,detrended_51,mean,x1_ztop,-0.025050374260307335,494,3
5,18,0.66666666666666663,0.83333333333333337,0.75,425,450,437.5,1.4912280701754386,1.5789473684210527,1.5350877192982457,D285_F10_V01,285,10,common_grid,absolute,6,detrended_51,mean,x1_ztop,0.063283340755778988,494,3
5,19,0.66666666666666663,0.83333333333333337,0.75,450,475,462.5,1.5789473684210527,1.6666666666666667,1.6228070175438596,D285_F10_V01,285,10,common_grid,absolute,6,detrended_51,mean,x1_ztop,0.057713200721870472,494,3
5,20,0.66666666666666663,0.83333333333333337,0.75,475,500,487.5,1.6666666666666667,1.7543859649122806,1.7105263157894737,D285_F10_V01,285,10,common_grid,absolute,6,detrended_51,mean,x1_ztop,0.087395818273770645,494,3
6,1,0.83333333333333337,1,0.91666666666666663,0,25,12.5,0,0.08771929824561403,0.043859649122807015,D285_F10_V01,285,10,common_grid,absolute,6,detrended_51,mean,x1_ztop,0.10921350784050024,494,3
6,2,0.83333333333333337,1,0.91666666666666663,25,50,37.5,0.08771929824561403,0.17543859649122806,0.13157894736842105,D285_F10_V01,285,10,common_grid,absolute,6,detrended_51,mean,x1_ztop,0.056661355827127426,494,3
6,3,0.83333333333333337,1,0.91666666666666663,50,75,62.5,0.17543859649122806,0.26315789473684209,0.21929824561403508,D285_F10_V01,285,10,common_grid,absolute,6,detrended_51,mean,x1_ztop,-0.050670095164566657,494,3
6,4,0.83333333333333337,1,0.91666666666666663,75,100,87.5,0.26315789473684209,0.35087719298245612,0.30701754385964913,D285_F10_V01,285,10,common_grid,absolute,6,detrended_51,mean,x1_ztop,0.065745541833333282,494,3
6,5,0.83333333333333337,1,0.91666666666666663,100,125,112.5,0.35087719298245612,0.43859649122807015,0.39473684210526316,D285_F10_V01,285,10,common_grid,absolute,6,detrended_51,mean,x1_ztop,-0.030329012333908827,494,3
6,6,0.83333333333333337,1,0.91666666666666663,125,150,137.5,0.43859649122807015,0.52631578947368418,0.48245614035087719,D285_F10_V01,285,10,common_grid,absolute,6,detrended_51,mean,x1_ztop,0.090158403896210063,494,3
6,7,0.83333333333333337,1,0.91666666666666663,150,175,162.5,0.52631578947368418,0.61403508771929827,0.57017543859649122,D285_F10_V01,285,10,common_grid,absolute,6,detrended_51,mean,x1_ztop,0.045717242889973794,494,3
6,8,0.83333333333333337,1,0.91666666666666663,175,200,187.5,0.61403508771929827,0.70175438596491224,0.65789473684210531,D285_F10_V01,285,10,common_grid,absolute,6,detrended_51,mean,x1_ztop,0.042662192341180911,494,3
6,9,0.83333333333333337,1,0.91666666666666663,200,225,212.5,0.70175438596491224,0.78947368421052633,0.74561403508771928,D285_F10_V01,285,10,common_grid,absolute,6,detrended_51,mean,x1_ztop,-0.044893493891071654,494,3
6,10,0.83333333333333337,1,0.91666666666666663,225,250,237.5,0.78947368421052633,0.8771929824561403,0.83333333333333337,D285_F10_V01,285,10,common_grid,absolute,6,detrended_51,mean,x1_ztop,0.067002866649734261,494,3
6,11,0.83333333333333337,1,0.91666666666666663,250,275,262.5,0.8771929824561403,0.96491228070175439,0.92105263157894735,D285_F10_V01,285,10,common_grid,absolute,6,detrended_51,mean,x1_ztop,0.016410705874080573,494,3
6,12,0.83333333333333337,1,0.91666666666666663,275,300,287.5,0.96491228070175439,1.0526315789473684,1.0087719298245614,D285_F10_V01,285,10,common_grid,absolute,6,detrended_51,mean,x1_ztop,-0.06374680133631197,494,3
6,13,0.83333333333333337,1,0.91666666666666663,300,325,312.5,1.0526315789473684,1.1403508771929824,1.0964912280701755,D285_F10_V01,285,10,common_grid,absolute,6,detrended_51,mean,x1_ztop,0.0085327696283349352,494,3
6,14,0.83333333333333337,1,0.91666666666666663,325,350,337.5,1.1403508771929824,1.2280701754385965,1.1842105263157894,D285_F10_V01,285,10,common_grid,absolute,6,detrended_51,mean,x1_ztop,0.084105045804235376,494,3
6,15,0.83333333333333337,1,0.91666666666666663,350,375,362.5,1.2280701754385965,1.3157894736842106,1.2719298245614035,D285_F10_V01,285,10,common_grid,absolute,6,detrended_51,mean,x1_ztop,-0.0045463564565851843,494,3
6,16,0.83333333333333337,1,0.91666666666666663,375,400,387.5,1.3157894736842106,1.4035087719298245,1.3596491228070176,D285_F10_V01,285,10,common_grid,absolute,6,detrended_51,mean,x1_ztop,-0.033116905215368184,494,3
6,17,0.83333333333333337,1,0.91666666666666663,400,425,412.5,1.4035087719298245,1.4912280701754386,1.4473684210526316,D285_F10_V01,285,10,common_grid,absolute,6,detrended_51,mean,x1_ztop,0.039174481724919802,494,3
6,18,0.83333333333333337,1,0.91666666666666663,425,450,437.5,1.4912280701754386,1.5789473684210527,1.5350877192982457,D285_F10_V01,285,10,common_grid,absolute,6,detrended_51,mean,x1_ztop,0.047761842104397101,494,3
6,19,0.83333333333333337,1,0.91666666666666663,450,475,462.5,1.5789473684210527,1.6666666666666667,1.6228070175438596,D285_F10_V01,285,10,common_grid,absolute,6,detrended_51,mean,x1_ztop,0.031528530949535651,494,3
6,20,0.83333333333333337,1,0.91666666666666663,475,500,487.5,1.6666666666666667,1.7543859649122806,1.7105263157894737,D285_F10_V01,285,10,common_grid,absolute,6,detrended_51,mean,x1_ztop,0.021000319782775383,494,3
1,1,0,0.16666666666666666,0.083333333333333329,0,25,12.5,0,0.050000000000000003,0.025000000000000001,D500_F01_V01,500,1,common_grid,absolute,6,detrended_51,mean,x1_ztop,0.090030378111273235,500,3
1,2,0,0.16666666666666666,0.083333333333333329,25,50,37.5,0.050000000000000003,0.10000000000000001,0.074999999999999997,D500_F01_V01,500,1,common_grid,absolute,6,detrended_51,mean,x1_ztop,0.026155319631410129,500,3
1,3,0,0.16666666666666666,0.083333333333333329,50,75,62.5,0.10000000000000001,0.14999999999999999,0.125,D500_F01_V01,500,1,common_grid,absolute,6,detrended_51,mean,x1_ztop,0.073670645601509127,500,3
1,4,0,0.16666666666666666,0.083333333333333329,75,100,87.5,0.14999999999999999,0.20000000000000001,0.17499999999999999,D500_F01_V01,500,1,common_grid,absolute,6,detrended_51,mean,x1_ztop,0.11490959123057543,500,3
1,5,0,0.16666666666666666,0.083333333333333329,100,125,112.5,0.20000000000000001,0.25,0.22500000000000001,D500_F01_V01,500,1,common_grid,absolute,6,detrended_51,mean,x1_ztop,0.11579614713735768,500,3
1,6,0,0.16666666666666666,0.083333333333333329,125,150,137.5,0.25,0.29999999999999999,0.27500000000000002,D500_F01_V01,500,1,common_grid,absolute,6,detrended_51,mean,x1_ztop,0.06450467822089577,500,3
1,7,0,0.16666666666666666,0.083333333333333329,150,175,162.5,0.29999999999999999,0.34999999999999998,0.32500000000000001,D500_F01_V01,500,1,common_grid,absolute,6,detrended_51,mean,x1_ztop,0.0057897450217644468,500,3
1,8,0,0.16666666666666666,0.083333333333333329,175,200,187.5,0.34999999999999998,0.40000000000000002,0.375,D500_F01_V01,500,1,common_grid,absolute,6,detrended_51,mean,x1_ztop,0.12988998912866392,500,3
1,9,0,0.16666666666666666,0.083333333333333329,200,225,212.5,0.40000000000000002,0.45000000000000001,0.42499999999999999,D500_F01_V01,500,1,common_grid,absolute,6,detrended_51,mean,x1_ztop,0.065090061945170946,500,3
1,10,0,0.16666666666666666,0.083333333333333329,225,250,237.5,0.45000000000000001,0.5,0.47499999999999998,D500_F01_V01,500,1,common_grid,absolute,6,detrended_51,mean,x1_ztop,0.11244343031991236,500,3
1,11,0,0.16666666666666666,0.083333333333333329,250,275,262.5,0.5,0.55000000000000004,0.52500000000000002,D500_F01_V01,500,1,common_grid,absolute,6,detrended_51,mean,x1_ztop,0.020938579501089582,500,3
1,12,0,0.16666666666666666,0.083333333333333329,275,300,287.5,0.55000000000000004,0.59999999999999998,0.57499999999999996,D500_F01_V01,500,1,common_grid,absolute,6,detrended_51,mean,x1_ztop,0.039242803837340787,500,3
1,13,0,0.16666666666666666,0.083333333333333329,300,325,312.5,0.59999999999999998,0.65000000000000002,0.625,D500_F01_V01,500,1,common_grid,absolute,6,detrended_51,mean,x1_ztop,0.089883722216672082,500,3
1,14,0,0.16666666666666666,0.083333333333333329,325,350,337.5,0.65000000000000002,0.69999999999999996,0.67500000000000004,D500_F01_V01,500,1,common_grid,absolute,6,detrended_51,mean,x1_ztop,0.093009900866233119,500,3
1,15,0,0.16666666666666666,0.083333333333333329,350,375,362.5,0.69999999999999996,0.75,0.72499999999999998,D500_F01_V01,500,1,common_grid,absolute,6,detrended_51,mean,x1_ztop,0.0093298405572190424,500,3
1,16,0,0.16666666666666666,0.083333333333333329,375,400,387.5,0.75,0.80000000000000004,0.77500000000000002,D500_F01_V01,500,1,common_grid,absolute,6,detrended_51,mean,x1_ztop,0.12451547822273003,500,3
1,17,0,0.16666666666666666,0.083333333333333329,400,425,412.5,0.80000000000000004,0.84999999999999998,0.82499999999999996,D500_F01_V01,500,1,common_grid,absolute,6,detrended_51,mean,x1_ztop,0.020894093507721968,500,3
1,18,0,0.16666666666666666,0.083333333333333329,425,450,437.5,0.84999999999999998,0.90000000000000002,0.875,D500_F01_V01,500,1,common_grid,absolute,6,detrended_51,mean,x1_ztop,0.02296620697643649,500,3
1,19,0,0.16666666666666666,0.083333333333333329,450,475,462.5,0.90000000000000002,0.94999999999999996,0.92500000000000004,D500_F01_V01,500,1,common_grid,absolute,6,detrended_51,mean,x1_ztop,-0.023590879848678473,500,3
1,20,0,0.16666666666666666,0.083333333333333329,475,500,487.5,0.94999999999999996,1,0.97499999999999998,D500_F01_V01,500,1,common_grid,absolute,6,detrended_51,mean,x1_ztop,-0.012333786073362659,500,3
2,1,0.16666666666666666,0.33333333333333331,0.25,0,25,12.5,0,0.050000000000000003,0.025000000000000001,D500_F01_V01,500,1,common_grid,absolute,6,detrended_51,mean,x1_ztop,0.12857354651790279,500,3
2,2,0.16666666666666666,0.33333333333333331,0.25,25,50,37.5,0.050000000000000003,0.10000000000000001,0.074999999999999997,D500_F01_V01,500,1,common_grid,absolute,6,detrended_51,mean,x1_ztop,0.093009055275590599,500,3
2,3,0.16666666666666666,0.33333333333333331,0.25,50,75,62.5,0.10000000000000001,0.14999999999999999,0.125,D500_F01_V01,500,1,common_grid,absolute,6,detrended_51,mean,x1_ztop,0.067401227742419051,500,3
2,4,0.16666666666666666,0.33333333333333331,0.25,75,100,87.5,0.14999999999999999,0.20000000000000001,0.17499999999999999,D500_F01_V01,500,1,common_grid,absolute,6,detrended_51,mean,x1_ztop,0.1471470018533414,500,3
2,5,0.16666666666666666,0.33333333333333331,0.25,100,125,112.5,0.20000000000000001,0.25,0.22500000000000001,D500_F01_V01,500,1,common_grid,absolute,6,detrended_51,mean,x1_ztop,0.069135580824985235,500,3
2,6,0.16666666666666666,0.33333333333333331,0.25,125,150,137.5,0.25,0.29999999999999999,0.27500000000000002,D500_F01_V01,500,1,common_grid,absolute,6,detrended_51,mean,x1_ztop,0.086778036222899049,500,3
2,7,0.16666666666666666,0.33333333333333331,0.25,150,175,162.5,0.29999999999999999,0.34999999999999998,0.32500000000000001,D500_F01_V01,500,1,common_grid,absolute,6,detrended_51,mean,x1_ztop,0.1435181388835014,500,3
2,8,0.16666666666666666,0.33333333333333331,0.25,175,200,187.5,0.34999999999999998,0.40000000000000002,0.375,D500_F01_V01,500,1,common_grid,absolute,6,detrended_51,mean,x1_ztop,0.078587232096160003,500,3
2,9,0.16666666666666666,0.33333333333333331,0.25,200,225,212.5,0.40000000000000002,0.45000000000000001,0.42499999999999999,D500_F01_V01,500,1,common_grid,absolute,6,detrended_51,mean,x1_ztop,0.050937258430807549,500,3
2,10,0.16666666666666666,0.33333333333333331,0.25,225,250,237.5,0.45000000000000001,0.5,0.47499999999999998,D500_F01_V01,500,1,common_grid,absolute,6,detrended_51,mean,x1_ztop,0.048197810010606218,500,3
2,11,0.16666666666666666,0.33333333333333331,0.25,250,275,262.5,0.5,0.55000000000000004,0.52500000000000002,D500_F01_V01,500,1,common_grid,absolute,6,detrended_51,mean,x1_ztop,0.053472712815292409,500,3
2,12,0.16666666666666666,0.33333333333333331,0.25,275,300,287.5,0.55000000000000004,0.59999999999999998,0.57499999999999996,D500_F01_V01,500,1,common_grid,absolute,6,detrended_51,mean,x1_ztop,0.15469336575698811,500,3
2,13,0.16666666666666666,0.33333333333333331,0.25,300,325,312.5,0.59999999999999998,0.65000000000000002,0.625,D500_F01_V01,500,1,common_grid,absolute,6,detrended_51,mean,x1_ztop,-0.022655082813355001,500,3
2,14,0.16666666666666666,0.33333333333333331,0.25,325,350,337.5,0.65000000000000002,0.69999999999999996,0.67500000000000004,D500_F01_V01,500,1,common_grid,absolute,6,detrended_51,mean,x1_ztop,-0.024168768882367984,500,3
2,15,0.16666666666666666,0.33333333333333331,0.25,350,375,362.5,0.69999999999999996,0.75,0.72499999999999998,D500_F01_V01,500,1,common_grid,absolute,6,detrended_51,mean,x1_ztop,0.00071540030373253363,500,3
2,16,0.16666666666666666,0.33333333333333331,0.25,375,400,387.5,0.75,0.80000000000000004,0.77500000000000002,D500_F01_V01,500,1,common_grid,absolute,6,detrended_51,mean,x1_ztop,0.012427845880687127,500,3
2,17,0.16666666666666666,0.33333333333333331,0.25,400,425,412.5,0.80000000000000004,0.84999999999999998,0.82499999999999996,D500_F01_V01,500,1,common_grid,absolute,6,detrended_51,mean,x1_ztop,-0.0014522752609589474,500,3
2,18,0.16666666666666666,0.33333333333333331,0.25,425,450,437.5,0.84999999999999998,0.90000000000000002,0.875,D500_F01_V01,500,1,common_grid,absolute,6,detrended_51,mean,x1_ztop,-0.0034795229853712291,500,3
2,19,0.16666666666666666,0.33333333333333331,0.25,450,475,462.5,0.90000000000000002,0.94999999999999996,0.92500000000000004,D500_F01_V01,500,1,common_grid,absolute,6,detrended_51,mean,x1_ztop,0.010436244248651666,500,3
2,20,0.16666666666666666,0.33333333333333331,0.25,475,500,487.5,0.94999999999999996,1,0.97499999999999998,D500_F01_V01,500,1,common_grid,absolute,6,detrended_51,mean,x1_ztop,-0.025142858237192634,500,3
3,1,0.33333333333333331,0.5,0.41666666666666669,0,25,12.5,0,0.050000000000000003,0.025000000000000001,D500_F01_V01,500,1,common_grid,absolute,6,detrended_51,mean,x1_ztop,0.098608579209209957,500,3
3,2,0.33333333333333331,0.5,0.41666666666666669,25,50,37.5,0.050000000000000003,0.10000000000000001,0.074999999999999997,D500_F01_V01,500,1,common_grid,absolute,6,detrended_51,mean,x1_ztop,0.11490894914135663,500,3
3,3,0.33333333333333331,0.5,0.41666666666666669,50,75,62.5,0.10000000000000001,0.14999999999999999,0.125,D500_F01_V01,500,1,common_grid,absolute,6,detrended_51,mean,x1_ztop,0.098860691595799965,500,3
3,4,0.33333333333333331,0.5,0.41666666666666669,75,100,87.5,0.14999999999999999,0.20000000000000001,0.17499999999999999,D500_F01_V01,500,1,common_grid,absolute,6,detrended_51,mean,x1_ztop,0.077048758057371547,500,3
3,5,0.33333333333333331,0.5,0.41666666666666669,100,125,112.5,0.20000000000000001,0.25,0.22500000000000001,D500_F01_V01,500,1,common_grid,absolute,6,detrended_51,mean,x1_ztop,0.038320680910191245,500,3
3,6,0.33333333333333331,0.5,0.41666666666666669,125,150,137.5,0.25,0.29999999999999999,0.27500000000000002,D500_F01_V01,500,1,common_grid,absolute,6,detrended_51,mean,x1_ztop,-0.0073528727301229342,500,3
3,7,0.33333333333333331,0.5,0.41666666666666669,150,175,162.5,0.29999999999999999,0.34999999999999998,0.32500000000000001,D500_F01_V01,500,1,common_grid,absolute,6,detrended_51,mean,x1_ztop,0.032371387107109205,500,3
3,8,0.33333333333333331,0.5,0.41666666666666669,175,200,187.5,0.34999999999999998,0.40000000000000002,0.375,D500_F01_V01,500,1,common_grid,absolute,6,detrended_51,mean,x1_ztop,0.047245681996982099,500,3
3,9,0.33333333333333331,0.5,0.41666666666666669,200,225,212.5,0.40000000000000002,0.45000000000000001,0.42499999999999999,D500_F01_V01,500,1,common_grid,absolute,6,detrended_51,mean,x1_ztop,0.026655903956740785,500,3
3,10,0.33333333333333331,0.5,0.41666666666666669,225,250,237.5,0.45000000000000001,0.5,0.47499999999999998,D500_F01_V01,500,1,common_grid,absolute,6,detrended_51,mean,x1_ztop,0.016214891511663602,500,3
3,11,0.33333333333333331,0.5,0.41666666666666669,250,275,262.5,0.5,0.55000000000000004,0.52500000000000002,D500_F01_V01,500,1,common_grid,absolute,6,detrended_51,mean,x1_ztop,0.0062916926717762924,500,3
3,12,0.33333333333333331,0.5,0.41666666666666669,275,300,287.5,0.55000000000000004,0.59999999999999998,0.57499999999999996,D500_F01_V01,500,1,common_grid,absolute,6,detrended_51,mean,x1_ztop,0.014352633914986406,500,3
3,13,0.33333333333333331,0.5,0.41666666666666669,300,325,312.5,0.59999999999999998,0.65000000000000002,0.625,D500_F01_V01,500,1,common_grid,absolute,6,detrended_51,mean,x1_ztop,0.10185864008723955,500,3
3,14,0.33333333333333331,0.5,0.41666666666666669,325,350,337.5,0.65000000000000002,0.69999999999999996,0.67500000000000004,D500_F01_V01,500,1,common_grid,absolute,6,detrended_51,mean,x1_ztop,-0.0082151384518500542,500,3
3,15,0.33333333333333331,0.5,0.41666666666666669,350,375,362.5,0.69999999999999996,0.75,0.72499999999999998,D500_F01_V01,500,1,common_grid,absolute,6,detrended_51,mean,x1_ztop,0.040639278024970173,500,3
3,16,0.33333333333333331,0.5,0.41666666666666669,375,400,387.5,0.75,0.80000000000000004,0.77500000000000002,D500_F01_V01,500,1,common_grid,absolute,6,detrended_51,mean,x1_ztop,0.039553130753368686,500,3
3,17,0.33333333333333331,0.5,0.41666666666666669,400,425,412.5,0.80000000000000004,0.84999999999999998,0.82499999999999996,D500_F01_V01,500,1,common_grid,absolute,6,detrended_51,mean,x1_ztop,0.0037580927977904511,500,3
3,18,0.33333333333333331,0.5,0.41666666666666669,425,450,437.5,0.84999999999999998,0.90000000000000002,0.875,D500_F01_V01,500,1,common_grid,absolute,6,detrended_51,mean,x1_ztop,-0.02201517511956947,500,3
3,19,0.33333333333333331,0.5,0.41666666666666669,450,475,462.5,0.90000000000000002,0.94999999999999996,0.92500000000000004,D500_F01_V01,500,1,common_grid,absolute,6,detrended_51,mean,x1_ztop,-0.039994711975927695,500,3
3,20,0.33333333333333331,0.5,0.41666666666666669,475,500,487.5,0.94999999999999996,1,0.97499999999999998,D500_F01_V01,500,1,common_grid,absolute,6,detrended_51,mean,x1_ztop,0.0032241368459614041,500,3
4,1,0.5,0.66666666666666663,0.58333333333333337,0,25,12.5,0,0.050000000000000003,0.025000000000000001,D500_F01_V01,500,1,common_grid,absolute,6,detrended_51,mean,x1_ztop,0.097001236559187881,500,3
4,2,0.5,0.66666666666666663,0.58333333333333337,25,50,37.5,0.050000000000000003,0.10000000000000001,0.074999999999999997,D500_F01_V01,500,1,common_grid,absolute,6,detrended_51,mean,x1_ztop,-0.0069881974705538856,500,3
4,3,0.5,0.66666666666666663,0.58333333333333337,50,75,62.5,0.10000000000000001,0.14999999999999999,0.125,D500_F01_V01,500,1,common_grid,absolute,6,detrended_51,mean,x1_ztop,0.010369038490005325,500,3
4,4,0.5,0.66666666666666663,0.58333333333333337,75,100,87.5,0.14999999999999999,0.20000000000000001,0.17499999999999999,D500_F01_V01,500,1,common_grid,absolute,6,detrended_51,mean,x1_ztop,0.020898240822053604,500,3
4,5,0.5,0.66666666666666663,0.58333333333333337,100,125,112.5,0.20000000000000001,0.25,0.22500000000000001,D500_F01_V01,500,1,common_grid,absolute,6,detrended_51,mean,x1_ztop,0.024358158522183954,500,3
4,6,0.5,0.66666666666666663,0.58333333333333337,125,150,137.5,0.25,0.29999999999999999,0.27500000000000002,D500_F01_V01,500,1,common_grid,absolute,6,detrended_51,mean,x1_ztop,0.042968672381214885,500,3
4,7,0.5,0.66666666666666663,0.58333333333333337,150,175,162.5,0.29999999999999999,0.34999999999999998,0.32500000000000001,D500_F01_V01,500,1,common_grid,absolute,6,detrended_51,mean,x1_ztop,0.016941017690687177,500,3
4,8,0.5,0.66666666666666663,0.58333333333333337,175,200,187.5,0.34999999999999998,0.40000000000000002,0.375,D500_F01_V01,500,1,common_grid,absolute,6,detrended_51,mean,x1_ztop,-0.0085832700512444779,500,3
4,9,0.5,0.66666666666666663,0.58333333333333337,200,225,212.5,0.40000000000000002,0.45000000000000001,0.42499999999999999,D500_F01_V01,500,1,common_grid,absolute,6,detrended_51,mean,x1_ztop,-0.00536639423985295,500,3
4,10,0.5,0.66666666666666663,0.58333333333333337,225,250,237.5,0.45000000000000001,0.5,0.47499999999999998,D500_F01_V01,500,1,common_grid,absolute,6,detrended_51,mean,x1_ztop,0.052403234330065919,500,3
4,11,0.5,0.66666666666666663,0.58333333333333337,250,275,262.5,0.5,0.55000000000000004,0.52500000000000002,D500_F01_V01,500,1,common_grid,absolute,6,detrended_51,mean,x1_ztop,0.043488823973952935,500,3
4,12,0.5,0.66666666666666663,0.58333333333333337,275,300,287.5,0.55000000000000004,0.59999999999999998,0.57499999999999996,D500_F01_V01,500,1,common_grid,absolute,6,detrended_51,mean,x1_ztop,-0.057530145853656206,500,3
4,13,0.5,0.66666666666666663,0.58333333333333337,300,325,312.5,0.59999999999999998,0.65000000000000002,0.625,D500_F01_V01,500,1,common_grid,absolute,6,detrended_51,mean,x1_ztop,-0.0016893065119213679,500,3
4,14,0.5,0.66666666666666663,0.58333333333333337,325,350,337.5,0.65000000000000002,0.69999999999999996,0.67500000000000004,D500_F01_V01,500,1,common_grid,absolute,6,detrended_51,mean,x1_ztop,-0.061737585761542577,500,3
4,15,0.5,0.66666666666666663,0.58333333333333337,350,375,362.5,0.69999999999999996,0.75,0.72499999999999998,D500_F01_V01,500,1,common_grid,absolute,6,detrended_51,mean,x1_ztop,-0.027848068307643768,500,3
4,16,0.5,0.66666666666666663,0.58333333333333337,375,400,387.5,0.75,0.80000000000000004,0.77500000000000002,D500_F01_V01,500,1,common_grid,absolute,6,detrended_51,mean,x1_ztop,0.016046221129192916,500,3
4,17,0.5,0.66666666666666663,0.58333333333333337,400,425,412.5,0.80000000000000004,0.84999999999999998,0.82499999999999996,D500_F01_V01,500,1,common_grid,absolute,6,detrended_51,mean,x1_ztop,-0.018042234021710409,500,3
4,18,0.5,0.66666666666666663,0.58333333333333337,425,450,437.5,0.84999999999999998,0.90000000000000002,0.875,D500_F01_V01,500,1,common_grid,absolute,6,detrended_51,mean,x1_ztop,0.067518108443428357,500,3
4,19,0.5,0.66666666666666663,0.58333333333333337,450,475,462.5,0.90000000000000002,0.94999999999999996,0.92500000000000004,D500_F01_V01,500,1,common_grid,absolute,6,detrended_51,mean,x1_ztop,-0.049177587025367592,500,3
4,20,0.5,0.66666666666666663,0.58333333333333337,475,500,487.5,0.94999999999999996,1,0.97499999999999998,D500_F01_V01,500,1,common_grid,absolute,6,detrended_51,mean,x1_ztop,0.016061729992959149,500,3
5,1,0.66666666666666663,0.83333333333333337,0.75,0,25,12.5,0,0.050000000000000003,0.025000000000000001,D500_F01_V01,500,1,common_grid,absolute,6,detrended_51,mean,x1_ztop,0.10481200047206096,500,3
5,2,0.66666666666666663,0.83333333333333337,0.75,25,50,37.5,0.050000000000000003,0.10000000000000001,0.074999999999999997,D500_F01_V01,500,1,common_grid,absolute,6,detrended_51,mean,x1_ztop,0.053571066955021569,500,3
5,3,0.66666666666666663,0.83333333333333337,0.75,50,75,62.5,0.10000000000000001,0.14999999999999999,0.125,D500_F01_V01,500,1,common_grid,absolute,6,detrended_51,mean,x1_ztop,0.13728773936786778,500,3
5,4,0.66666666666666663,0.83333333333333337,0.75,75,100,87.5,0.14999999999999999,0.20000000000000001,0.17499999999999999,D500_F01_V01,500,1,common_grid,absolute,6,detrended_51,mean,x1_ztop,0.10432662498595355,500,3
5,5,0.66666666666666663,0.83333333333333337,0.75,100,125,112.5,0.20000000000000001,0.25,0.22500000000000001,D500_F01_V01,500,1,common_grid,absolute,6,detrended_51,mean,x1_ztop,0.086659472773875021,500,3
5,6,0.66666666666666663,0.83333333333333337,0.75,125,150,137.5,0.25,0.29999999999999999,0.27500000000000002,D500_F01_V01,500,1,common_grid,absolute,6,detrended_51,mean,x1_ztop,0.1042634314059389,500,3
5,7,0.66666666666666663,0.83333333333333337,0.75,150,175,162.5,0.29999999999999999,0.34999999999999998,0.32500000000000001,D500_F01_V01,500,1,common_grid,absolute,6,detrended_51,mean,x1_ztop,0.019139905622950971,500,3
5,8,0.66666666666666663,0.83333333333333337,0.75,175,200,187.5,0.34999999999999998,0.40000000000000002,0.375,D500_F01_V01,500,1,common_grid,absolute,6,detrended_51,mean,x1_ztop,0.14508481507617813,500,3
5,9,0.66666666666666663,0.83333333333333337,0.75,200,225,212.5,0.40000000000000002,0.45000000000000001,0.42499999999999999,D500_F01_V01,500,1,common_grid,absolute,6,detrended_51,mean,x1_ztop,-0.025151376737742703,500,3
5,10,0.66666666666666663,0.83333333333333337,0.75,225,250,237.5,0.45000000000000001,0.5,0.47499999999999998,D500_F01_V01,500,1,common_grid,absolute,6,detrended_51,mean,x1_ztop,0.099840850407451512,500,3
5,11,0.66666666666666663,0.83333333333333337,0.75,250,275,262.5,0.5,0.55000000000000004,0.52500000000000002,D500_F01_V01,500,1,common_grid,absolute,6,detrended_51,mean,x1_ztop,0.0278249514392289,500,3
5,12,0.66666666666666663,0.83333333333333337,0.75,275,300,287.5,0.55000000000000004,0.59999999999999998,0.57499999999999996,D500_F01_V01,500,1,common_grid,absolute,6,detrended_51,mean,x1_ztop,0.011581583825712682,500,3
5,13,0.66666666666666663,0.83333333333333337,0.75,300,325,312.5,0.59999999999999998,0.65000000000000002,0.625,D500_F01_V01,500,1,common_grid,absolute,6,detrended_51,mean,x1_ztop,0.048652178205857856,500,3
5,14,0.66666666666666663,0.83333333333333337,0.75,325,350,337.5,0.65000000000000002,0.69999999999999996,0.67500000000000004,D500_F01_V01,500,1,common_grid,absolute,6,detrended_51,mean,x1_ztop,-0.062494076725015266,500,3
5,15,0.66666666666666663,0.83333333333333337,0.75,350,375,362.5,0.69999999999999996,0.75,0.72499999999999998,D500_F01_V01,500,1,common_grid,absolute,6,detrended_51,mean,x1_ztop,0.042050010454593473,500,3
5,16,0.66666666666666663,0.83333333333333337,0.75,375,400,387.5,0.75,0.80000000000000004,0.77500000000000002,D500_F01_V01,500,1,common_grid,absolute,6,detrended_51,mean,x1_ztop,0.099100313740417792,500,3
5,17,0.66666666666666663,0.83333333333333337,0.75,400,425,412.5,0.80000000000000004,0.84999999999999998,0.82499999999999996,D500_F01_V01,500,1,common_grid,absolute,6,detrended_51,mean,x1_ztop,0.029471810158898118,500,3
5,18,0.66666666666666663,0.83333333333333337,0.75,425,450,437.5,0.84999999999999998,0.90000000000000002,0.875,D500_F01_V01,500,1,common_grid,absolute,6,detrended_51,mean,x1_ztop,0.069886355716280962,500,3
5,19,0.66666666666666663,0.83333333333333337,0.75,450,475,462.5,0.90000000000000002,0.94999999999999996,0.92500000000000004,D500_F01_V01,500,1,common_grid,absolute,6,detrended_51,mean,x1_ztop,0.0066848087548667598,500,3
5,20,0.66666666666666663,0.83333333333333337,0.75,475,500,487.5,0.94999999999999996,1,0.97499999999999998,D500_F01_V01,500,1,common_grid,absolute,6,detrended_51,mean,x1_ztop,0.032616801827948828,500,3
6,1,0.83333333333333337,1,0.91666666666666663,0,25,12.5,0,0.050000000000000003,0.025000000000000001,D500_F01_V01,500,1,common_grid,absolute,6,detrended_51,mean,x1_ztop,0.076946305880826349,500,3
6,2,0.83333333333333337,1,0.91666666666666663,25,50,37.5,0.050000000000000003,0.10000000000000001,0.074999999999999997,D500_F01_V01,500,1,common_grid,absolute,6,detrended_51,mean,x1_ztop,0.17705462947943293,500,3
6,3,0.83333333333333337,1,0.91666666666666663,50,75,62.5,0.10000000000000001,0.14999999999999999,0.125,D500_F01_V01,500,1,common_grid,absolute,6,detrended_51,mean,x1_ztop,0.0622777868682097,500,3
6,4,0.83333333333333337,1,0.91666666666666663,75,100,87.5,0.14999999999999999,0.20000000000000001,0.17499999999999999,D500_F01_V01,500,1,common_grid,absolute,6,detrended_51,mean,x1_ztop,0.12707723342921345,500,3
6,5,0.83333333333333337,1,0.91666666666666663,100,125,112.5,0.20000000000000001,0.25,0.22500000000000001,D500_F01_V01,500,1,common_grid,absolute,6,detrended_51,mean,x1_ztop,0.032081074563230227,500,3
6,6,0.83333333333333337,1,0.91666666666666663,125,150,137.5,0.25,0.29999999999999999,0.27500000000000002,D500_F01_V01,500,1,common_grid,absolute,6,detrended_51,mean,x1_ztop,0.15047092399397874,500,3
6,7,0.83333333333333337,1,0.91666666666666663,150,175,162.5,0.29999999999999999,0.34999999999999998,0.32500000000000001,D500_F01_V01,500,1,common_grid,absolute,6,detrended_51,mean,x1_ztop,0.045681358273014588,500,3
6,8,0.83333333333333337,1,0.91666666666666663,175,200,187.5,0.34999999999999998,0.40000000000000002,0.375,D500_F01_V01,500,1,common_grid,absolute,6,detrended_51,mean,x1_ztop,0.049244103175574143,500,3
6,9,0.83333333333333337,1,0.91666666666666663,200,225,212.5,0.40000000000000002,0.45000000000000001,0.42499999999999999,D500_F01_V01,500,1,common_grid,absolute,6,detrended_51,mean,x1_ztop,0.0062176201083947967,500,3
6,10,0.83333333333333337,1,0.91666666666666663,225,250,237.5,0.45000000000000001,0.5,0.47499999999999998,D500_F01_V01,500,1,common_grid,absolute,6,detrended_51,mean,x1_ztop,0.043731911057122846,500,3
6,11,0.83333333333333337,1,0.91666666666666663,250,275,262.5,0.5,0.55000000000000004,0.52500000000000002,D500_F01_V01,500,1,common_grid,absolute,6,detrended_51,mean,x1_ztop,-0.00029325949380894223,500,3
6,12,0.83333333333333337,1,0.91666666666666663,275,300,287.5,0.55000000000000004,0.59999999999999998,0.57499999999999996,D500_F01_V01,500,1,common_grid,absolute,6,detrended_51,mean,x1_ztop,-0.009167324633293731,500,3
6,13,0.83333333333333337,1,0.91666666666666663,300,325,312.5,0.59999999999999998,0.65000000000000002,0.625,D500_F01_V01,500,1,common_grid,absolute,6,detrended_51,mean,x1_ztop,0.095055284075680965,500,3
6,14,0.83333333333333337,1,0.91666666666666663,325,350,337.5,0.65000000000000002,0.69999999999999996,0.67500000000000004,D500_F01_V01,500,1,common_grid,absolute,6,detrended_51,mean,x1_ztop,0.013013131027830516,500,3
6,15,0.83333333333333337,1,0.91666666666666663,350,375,362.5,0.69999999999999996,0.75,0.72499999999999998,D500_F01_V01,500,1,common_grid,absolute,6,detrended_51,mean,x1_ztop,0.029240070936929846,500,3
6,16,0.83333333333333337,1,0.91666666666666663,375,400,387.5,0.75,0.80000000000000004,0.77500000000000002,D500_F01_V01,500,1,common_grid,absolute,6,detrended_51,mean,x1_ztop,0.037170232235274651,500,3
6,17,0.83333333333333337,1,0.91666666666666663,400,425,412.5,0.80000000000000004,0.84999999999999998,0.82499999999999996,D500_F01_V01,500,1,common_grid,absolute,6,detrended_51,mean,x1_ztop,-0.051220838909460789,500,3
6,18,0.83333333333333337,1,0.91666666666666663,425,450,437.5,0.84999999999999998,0.90000000000000002,0.875,D500_F01_V01,500,1,common_grid,absolute,6,detrended_51,mean,x1_ztop,0.03749155102192385,500,3
6,19,0.83333333333333337,1,0.91666666666666663,450,475,462.5,0.90000000000000002,0.94999999999999996,0.92500000000000004,D500_F01_V01,500,1,common_grid,absolute,6,detrended_51,mean,x1_ztop,-0.018736675493472181,500,3
6,20,0.83333333333333337,1,0.91666666666666663,475,500,487.5,0.94999999999999996,1,0.97499999999999998,D500_F01_V01,500,1,common_grid,absolute,6,detrended_51,mean,x1_ztop,0.04152463432383361,500,3
1,1,0,0.16666666666666666,0.083333333333333329,0,25,12.5,0,0.050000000000000003,0.025000000000000001,D500_F02_V01,500,2,d500_extension,absolute,6,detrended_51,mean,x1_ztop,0.093681231203975979,493,3
1,2,0,0.16666666666666666,0.083333333333333329,25,50,37.5,0.050000000000000003,0.10000000000000001,0.074999999999999997,D500_F02_V01,500,2,d500_extension,absolute,6,detrended_51,mean,x1_ztop,0.041715547683893496,493,3
1,3,0,0.16666666666666666,0.083333333333333329,50,75,62.5,0.10000000000000001,0.14999999999999999,0.125,D500_F02_V01,500,2,d500_extension,absolute,6,detrended_51,mean,x1_ztop,0.096682218914459439,493,3
1,4,0,0.16666666666666666,0.083333333333333329,75,100,87.5,0.14999999999999999,0.20000000000000001,0.17499999999999999,D500_F02_V01,500,2,d500_extension,absolute,6,detrended_51,mean,x1_ztop,0.067833608024377282,493,3
1,5,0,0.16666666666666666,0.083333333333333329,100,125,112.5,0.20000000000000001,0.25,0.22500000000000001,D500_F02_V01,500,2,d500_extension,absolute,6,detrended_51,mean,x1_ztop,0.037404221501917759,493,3
1,6,0,0.16666666666666666,0.083333333333333329,125,150,137.5,0.25,0.29999999999999999,0.27500000000000002,D500_F02_V01,500,2,d500_extension,absolute,6,detrended_51,mean,x1_ztop,-0.024171345183848957,493,3
1,7,0,0.16666666666666666,0.083333333333333329,150,175,162.5,0.29999999999999999,0.34999999999999998,0.32500000000000001,D500_F02_V01,500,2,d500_extension,absolute,6,detrended_51,mean,x1_ztop,-0.03189430903182168,493,3
1,8,0,0.16666666666666666,0.083333333333333329,175,200,187.5,0.34999999999999998,0.40000000000000002,0.375,D500_F02_V01,500,2,d500_extension,absolute,6,detrended_51,mean,x1_ztop,0.030533897019444776,493,3
1,9,0,0.16666666666666666,0.083333333333333329,200,225,212.5,0.40000000000000002,0.45000000000000001,0.42499999999999999,D500_F02_V01,500,2,d500_extension,absolute,6,detrended_51,mean,x1_ztop,0.025212839424331016,493,3
1,10,0,0.16666666666666666,0.083333333333333329,225,250,237.5,0.45000000000000001,0.5,0.47499999999999998,D500_F02_V01,500,2,d500_extension,absolute,6,detrended_51,mean,x1_ztop,0.060536787647381858,493,3
1,11,0,0.16666666666666666,0.083333333333333329,250,275,262.5,0.5,0.55000000000000004,0.52500000000000002,D500_F02_V01,500,2,d500_extension,absolute,6,detrended_51,mean,x1_ztop,0.080006918003716412,493,3
1,12,0,0.16666666666666666,0.083333333333333329,275,300,287.5,0.55000000000000004,0.59999999999999998,0.57499999999999996,D500_F02_V01,500,2,d500_extension,absolute,6,detrended_51,mean,x1_ztop,0.028028288733694152,493,3
1,13,0,0.16666666666666666,0.083333333333333329,300,325,312.5,0.59999999999999998,0.65000000000000002,0.625,D500_F02_V01,500,2,d500_extension,absolute,6,detrended_51,mean,x1_ztop,0.051192062682099963,493,3
1,14,0,0.16666666666666666,0.083333333333333329,325,350,337.5,0.65000000000000002,0.69999999999999996,0.67500000000000004,D500_F02_V01,500,2,d500_extension,absolute,6,detrended_51,mean,x1_ztop,0.047323457791465934,493,3
1,15,0,0.16666666666666666,0.083333333333333329,350,375,362.5,0.69999999999999996,0.75,0.72499999999999998,D500_F02_V01,500,2,d500_extension,absolute,6,detrended_51,mean,x1_ztop,0.014955185595115911,493,3
1,16,0,0.16666666666666666,0.083333333333333329,375,400,387.5,0.75,0.80000000000000004,0.77500000000000002,D500_F02_V01,500,2,d500_extension,absolute,6,detrended_51,mean,x1_ztop,0.13020092013180889,493,3
1,17,0,0.16666666666666666,0.083333333333333329,400,425,412.5,0.80000000000000004,0.84999999999999998,0.82499999999999996,D500_F02_V01,500,2,d500_extension,absolute,6,detrended_51,mean,x1_ztop,0.066466213736022642,493,3
1,18,0,0.16666666666666666,0.083333333333333329,425,450,437.5,0.84999999999999998,0.90000000000000002,0.875,D500_F02_V01,500,2,d500_extension,absolute,6,detrended_51,mean,x1_ztop,-0.0036562430793646589,493,3
1,19,0,0.16666666666666666,0.083333333333333329,450,475,462.5,0.90000000000000002,0.94999999999999996,0.92500000000000004,D500_F02_V01,500,2,d500_extension,absolute,6,detrended_51,mean,x1_ztop,0.032967642349218916,493,3
1,20,0,0.16666666666666666,0.083333333333333329,475,500,487.5,0.94999999999999996,1,0.97499999999999998,D500_F02_V01,500,2,d500_extension,absolute,6,detrended_51,mean,x1_ztop,0.072010481358536882,493,3
2,1,0.16666666666666666,0.33333333333333331,0.25,0,25,12.5,0,0.050000000000000003,0.025000000000000001,D500_F02_V01,500,2,d500_extension,absolute,6,detrended_51,mean,x1_ztop,0.036299804498895291,493,3
2,2,0.16666666666666666,0.33333333333333331,0.25,25,50,37.5,0.050000000000000003,0.10000000000000001,0.074999999999999997,D500_F02_V01,500,2,d500_extension,absolute,6,detrended_51,mean,x1_ztop,0.086637942702933499,493,3
2,3,0.16666666666666666,0.33333333333333331,0.25,50,75,62.5,0.10000000000000001,0.14999999999999999,0.125,D500_F02_V01,500,2,d500_extension,absolute,6,detrended_51,mean,x1_ztop,0.093454140068206709,493,3
2,4,0.16666666666666666,0.33333333333333331,0.25,75,100,87.5,0.14999999999999999,0.20000000000000001,0.17499999999999999,D500_F02_V01,500,2,d500_extension,absolute,6,detrended_51,mean,x1_ztop,0.067119556560880797,493,3
2,5,0.16666666666666666,0.33333333333333331,0.25,100,125,112.5,0.20000000000000001,0.25,0.22500000000000001,D500_F02_V01,500,2,d500_extension,absolute,6,detrended_51,mean,x1_ztop,0.032564011258926578,493,3
2,6,0.16666666666666666,0.33333333333333331,0.25,125,150,137.5,0.25,0.29999999999999999,0.27500000000000002,D500_F02_V01,500,2,d500_extension,absolute,6,detrended_51,mean,x1_ztop,0.063632386817059794,493,3
2,7,0.16666666666666666,0.33333333333333331,0.25,150,175,162.5,0.29999999999999999,0.34999999999999998,0.32500000000000001,D500_F02_V01,500,2,d500_extension,absolute,6,detrended_51,mean,x1_ztop,0.098683486201963266,493,3
2,8,0.16666666666666666,0.33333333333333331,0.25,175,200,187.5,0.34999999999999998,0.40000000000000002,0.375,D500_F02_V01,500,2,d500_extension,absolute,6,detrended_51,mean,x1_ztop,-0.030343868582638163,493,3
2,9,0.16666666666666666,0.33333333333333331,0.25,200,225,212.5,0.40000000000000002,0.45000000000000001,0.42499999999999999,D500_F02_V01,500,2,d500_extension,absolute,6,detrended_51,mean,x1_ztop,-0.0069132007543303425,493,3
2,10,0.16666666666666666,0.33333333333333331,0.25,225,250,237.5,0.45000000000000001,0.5,0.47499999999999998,D500_F02_V01,500,2,d500_extension,absolute,6,detrended_51,mean,x1_ztop,-0.01018199762157854,493,3
2,11,0.16666666666666666,0.33333333333333331,0.25,250,275,262.5,0.5,0.55000000000000004,0.52500000000000002,D500_F02_V01,500,2,d500_extension,absolute,6,detrended_51,mean,x1_ztop,0.065182515956880321,493,3
2,12,0.16666666666666666,0.33333333333333331,0.25,275,300,287.5,0.55000000000000004,0.59999999999999998,0.57499999999999996,D500_F02_V01,500,2,d500_extension,absolute,6,detrended_51,mean,x1_ztop,-0.04986433499824014,493,3
2,13,0.16666666666666666,0.33333333333333331,0.25,300,325,312.5,0.59999999999999998,0.65000000000000002,0.625,D500_F02_V01,500,2,d500_extension,absolute,6,detrended_51,mean,x1_ztop,0.053903123095599449,493,3
2,14,0.16666666666666666,0.33333333333333331,0.25,325,350,337.5,0.65000000000000002,0.69999999999999996,0.67500000000000004,D500_F02_V01,500,2,d500_extension,absolute,6,detrended_51,mean,x1_ztop,0.031964101256449967,493,3
2,15,0.16666666666666666,0.33333333333333331,0.25,350,375,362.5,0.69999999999999996,0.75,0.72499999999999998,D500_F02_V01,500,2,d500_extension,absolute,6,detrended_51,mean,x1_ztop,0.028692840551898424,493,3
2,16,0.16666666666666666,0.33333333333333331,0.25,375,400,387.5,0.75,0.80000000000000004,0.77500000000000002,D500_F02_V01,500,2,d500_extension,absolute,6,detrended_51,mean,x1_ztop,0.0043517561121071578,493,3
2,17,0.16666666666666666,0.33333333333333331,0.25,400,425,412.5,0.80000000000000004,0.84999999999999998,0.82499999999999996,D500_F02_V01,500,2,d500_extension,absolute,6,detrended_51,mean,x1_ztop,0.036540713070368311,493,3
2,18,0.16666666666666666,0.33333333333333331,0.25,425,450,437.5,0.84999999999999998,0.90000000000000002,0.875,D500_F02_V01,500,2,d500_extension,absolute,6,detrended_51,mean,x1_ztop,0.1299634381033519,493,3
2,19,0.16666666666666666,0.33333333333333331,0.25,450,475,462.5,0.90000000000000002,0.94999999999999996,0.92500000000000004,D500_F02_V01,500,2,d500_extension,absolute,6,detrended_51,mean,x1_ztop,0.046375004295765923,493,3
2,20,0.16666666666666666,0.33333333333333331,0.25,475,500,487.5,0.94999999999999996,1,0.97499999999999998,D500_F02_V01,500,2,d500_extension,absolute,6,detrended_51,mean,x1_ztop,0.055926237964118851,493,3
3,1,0.33333333333333331,0.5,0.41666666666666669,0,25,12.5,0,0.050000000000000003,0.025000000000000001,D500_F02_V01,500,2,d500_extension,absolute,6,detrended_51,mean,x1_ztop,0.037748904355882927,493,3
3,2,0.33333333333333331,0.5,0.41666666666666669,25,50,37.5,0.050000000000000003,0.10000000000000001,0.074999999999999997,D500_F02_V01,500,2,d500_extension,absolute,6,detrended_51,mean,x1_ztop,0.057510281733387701,493,3
3,3,0.33333333333333331,0.5,0.41666666666666669,50,75,62.5,0.10000000000000001,0.14999999999999999,0.125,D500_F02_V01,500,2,d500_extension,absolute,6,detrended_51,mean,x1_ztop,0.066425558677524144,493,3
3,4,0.33333333333333331,0.5,0.41666666666666669,75,100,87.5,0.14999999999999999,0.20000000000000001,0.17499999999999999,D500_F02_V01,500,2,d500_extension,absolute,6,detrended_51,mean,x1_ztop,0.022734831752865024,493,3
3,5,0.33333333333333331,0.5,0.41666666666666669,100,125,112.5,0.20000000000000001,0.25,0.22500000000000001,D500_F02_V01,500,2,d500_extension,absolute,6,detrended_51,mean,x1_ztop,0.11064333377384371,493,3
3,6,0.33333333333333331,0.5,0.41666666666666669,125,150,137.5,0.25,0.29999999999999999,0.27500000000000002,D500_F02_V01,500,2,d500_extension,absolute,6,detrended_51,mean,x1_ztop,0.046588899105233131,493,3
3,7,0.33333333333333331,0.5,0.41666666666666669,150,175,162.5,0.29999999999999999,0.34999999999999998,0.32500000000000001,D500_F02_V01,500,2,d500_extension,absolute,6,detrended_51,mean,x1_ztop,-0.03213129360116769,493,3
3,8,0.33333333333333331,0.5,0.41666666666666669,175,200,187.5,0.34999999999999998,0.40000000000000002,0.375,D500_F02_V01,500,2,d500_extension,absolute,6,detrended_51,mean,x1_ztop,0.093665303163034772,493,3
3,9,0.33333333333333331,0.5,0.41666666666666669,200,225,212.5,0.40000000000000002,0.45000000000000001,0.42499999999999999,D500_F02_V01,500,2,d500_extension,absolute,6,detrended_51,mean,x1_ztop,0.12794978003514607,493,3
3,10,0.33333333333333331,0.5,0.41666666666666669,225,250,237.5,0.45000000000000001,0.5,0.47499999999999998,D500_F02_V01,500,2,d500_extension,absolute,6,detrended_51,mean,x1_ztop,0.039932515311189201,493,3
3,11,0.33333333333333331,0.5,0.41666666666666669,250,275,262.5,0.5,0.55000000000000004,0.52500000000000002,D500_F02_V01,500,2,d500_extension,absolute,6,detrended_51,mean,x1_ztop,0.086705871682838997,493,3
3,12,0.33333333333333331,0.5,0.41666666666666669,275,300,287.5,0.55000000000000004,0.59999999999999998,0.57499999999999996,D500_F02_V01,500,2,d500_extension,absolute,6,detrended_51,mean,x1_ztop,-0.0055471501895015887,493,3
3,13,0.33333333333333331,0.5,0.41666666666666669,300,325,312.5,0.59999999999999998,0.65000000000000002,0.625,D500_F02_V01,500,2,d500_extension,absolute,6,detrended_51,mean,x1_ztop,0.026746048883755993,493,3
3,14,0.33333333333333331,0.5,0.41666666666666669,325,350,337.5,0.65000000000000002,0.69999999999999996,0.67500000000000004,D500_F02_V01,500,2,d500_extension,absolute,6,detrended_51,mean,x1_ztop,0.021411201290325629,493,3
3,15,0.33333333333333331,0.5,0.41666666666666669,350,375,362.5,0.69999999999999996,0.75,0.72499999999999998,D500_F02_V01,500,2,d500_extension,absolute,6,detrended_51,mean,x1_ztop,-0.016118771144658907,493,3
3,16,0.33333333333333331,0.5,0.41666666666666669,375,400,387.5,0.75,0.80000000000000004,0.77500000000000002,D500_F02_V01,500,2,d500_extension,absolute,6,detrended_51,mean,x1_ztop,0.042294382641855602,493,3
3,17,0.33333333333333331,0.5,0.41666666666666669,400,425,412.5,0.80000000000000004,0.84999999999999998,0.82499999999999996,D500_F02_V01,500,2,d500_extension,absolute,6,detrended_51,mean,x1_ztop,0.072000285439517225,493,3
3,18,0.33333333333333331,0.5,0.41666666666666669,425,450,437.5,0.84999999999999998,0.90000000000000002,0.875,D500_F02_V01,500,2,d500_extension,absolute,6,detrended_51,mean,x1_ztop,0.069221351007165699,493,3
3,19,0.33333333333333331,0.5,0.41666666666666669,450,475,462.5,0.90000000000000002,0.94999999999999996,0.92500000000000004,D500_F02_V01,500,2,d500_extension,absolute,6,detrended_51,mean,x1_ztop,0.049083961004264848,493,3
3,20,0.33333333333333331,0.5,0.41666666666666669,475,500,487.5,0.94999999999999996,1,0.97499999999999998,D500_F02_V01,500,2,d500_extension,absolute,6,detrended_51,mean,x1_ztop,0.007107005231478716,493,3
4,1,0.5,0.66666666666666663,0.58333333333333337,0,25,12.5,0,0.050000000000000003,0.025000000000000001,D500_F02_V01,500,2,d500_extension,absolute,6,detrended_51,mean,x1_ztop,0.0020591008394354807,493,3
4,2,0.5,0.66666666666666663,0.58333333333333337,25,50,37.5,0.050000000000000003,0.10000000000000001,0.074999999999999997,D500_F02_V01,500,2,d500_extension,absolute,6,detrended_51,mean,x1_ztop,0.0066416871792315205,493,3
4,3,0.5,0.66666666666666663,0.58333333333333337,50,75,62.5,0.10000000000000001,0.14999999999999999,0.125,D500_F02_V01,500,2,d500_extension,absolute,6,detrended_51,mean,x1_ztop,0.042453104900373455,493,3
4,4,0.5,0.66666666666666663,0.58333333333333337,75,100,87.5,0.14999999999999999,0.20000000000000001,0.17499999999999999,D500_F02_V01,500,2,d500_extension,absolute,6,detrended_51,mean,x1_ztop,-0.019317888549965381,493,3
4,5,0.5,0.66666666666666663,0.58333333333333337,100,125,112.5,0.20000000000000001,0.25,0.22500000000000001,D500_F02_V01,500,2,d500_extension,absolute,6,detrended_51,mean,x1_ztop,-0.033375357475320964,493,3
4,6,0.5,0.66666666666666663,0.58333333333333337,125,150,137.5,0.25,0.29999999999999999,0.27500000000000002,D500_F02_V01,500,2,d500_extension,absolute,6,detrended_51,mean,x1_ztop,0.092549615856367728,493,3
4,7,0.5,0.66666666666666663,0.58333333333333337,150,175,162.5,0.29999999999999999,0.34999999999999998,0.32500000000000001,D500_F02_V01,500,2,d500_extension,absolute,6,detrended_51,mean,x1_ztop,0.099468131670386595,493,3
4,8,0.5,0.66666666666666663,0.58333333333333337,175,200,187.5,0.34999999999999998,0.40000000000000002,0.375,D500_F02_V01,500,2,d500_extension,absolute,6,detrended_51,mean,x1_ztop,0.046070472570138188,493,3
4,9,0.5,0.66666666666666663,0.58333333333333337,200,225,212.5,0.40000000000000002,0.45000000000000001,0.42499999999999999,D500_F02_V01,500,2,d500_extension,absolute,6,detrended_51,mean,x1_ztop,0.042827704882251377,493,3
4,10,0.5,0.66666666666666663,0.58333333333333337,225,250,237.5,0.45000000000000001,0.5,0.47499999999999998,D500_F02_V01,500,2,d500_extension,absolute,6,detrended_51,mean,x1_ztop,0.02233800031678812,493,3
4,11,0.5,0.66666666666666663,0.58333333333333337,250,275,262.5,0.5,0.55000000000000004,0.52500000000000002,D500_F02_V01,500,2,d500_extension,absolute,6,detrended_51,mean,x1_ztop,-0.015940536195570384,493,3
4,12,0.5,0.66666666666666663,0.58333333333333337,275,300,287.5,0.55000000000000004,0.59999999999999998,0.57499999999999996,D500_F02_V01,500,2,d500_extension,absolute,6,detrended_51,mean,x1_ztop,-0.039191622510765078,493,3
4,13,0.5,0.66666666666666663,0.58333333333333337,300,325,312.5,0.59999999999999998,0.65000000000000002,0.625,D500_F02_V01,500,2,d500_extension,absolute,6,detrended_51,mean,x1_ztop,0.0033386489813611304,493,3
4,14,0.5,0.66666666666666663,0.58333333333333337,325,350,337.5,0.65000000000000002,0.69999999999999996,0.67500000000000004,D500_F02_V01,500,2,d500_extension,absolute,6,detrended_51,mean,x1_ztop,-0.076582048897260932,493,3
4,15,0.5,0.66666666666666663,0.58333333333333337,350,375,362.5,0.69999999999999996,0.75,0.72499999999999998,D500_F02_V01,500,2,d500_extension,absolute,6,detrended_51,mean,x1_ztop,-0.021430073862492897,493,3
4,16,0.5,0.66666666666666663,0.58333333333333337,375,400,387.5,0.75,0.80000000000000004,0.77500000000000002,D500_F02_V01,500,2,d500_extension,absolute,6,detrended_51,mean,x1_ztop,0.10393602423756067,493,3
4,17,0.5,0.66666666666666663,0.58333333333333337,400,425,412.5,0.80000000000000004,0.84999999999999998,0.82499999999999996,D500_F02_V01,500,2,d500_extension,absolute,6,detrended_51,mean,x1_ztop,0.043887516196871909,493,3
4,18,0.5,0.66666666666666663,0.58333333333333337,425,450,437.5,0.84999999999999998,0.90000000000000002,0.875,D500_F02_V01,500,2,d500_extension,absolute,6,detrended_51,mean,x1_ztop,0.054019738849124685,493,3
4,19,0.5,0.66666666666666663,0.58333333333333337,450,475,462.5,0.90000000000000002,0.94999999999999996,0.92500000000000004,D500_F02_V01,500,2,d500_extension,absolute,6,detrended_51,mean,x1_ztop,-0.010447003803051837,493,3
4,20,0.5,0.66666666666666663,0.58333333333333337,475,500,487.5,0.94999999999999996,1,0.97499999999999998,D500_F02_V01,500,2,d500_extension,absolute,6,detrended_51,mean,x1_ztop,0.031908126098298892,493,3
5,1,0.66666666666666663,0.83333333333333337,0.75,0,25,12.5,0,0.050000000000000003,0.025000000000000001,D500_F02_V01,500,2,d500_extension,absolute,6,detrended_51,mean,x1_ztop,0.044135434511962973,493,3
5,2,0.66666666666666663,0.83333333333333337,0.75,25,50,37.5,0.050000000000000003,0.10000000000000001,0.074999999999999997,D500_F02_V01,500,2,d500_extension,absolute,6,detrended_51,mean,x1_ztop,0.05370246682150398,493,3
5,3,0.66666666666666663,0.83333333333333337,0.75,50,75,62.5,0.10000000000000001,0.14999999999999999,0.125,D500_F02_V01,500,2,d500_extension,absolute,6,detrended_51,mean,x1_ztop,0.087501298107830458,493,3
5,4,0.66666666666666663,0.83333333333333337,0.75,75,100,87.5,0.14999999999999999,0.20000000000000001,0.17499999999999999,D500_F02_V01,500,2,d500_extension,absolute,6,detrended_51,mean,x1_ztop,0.088493469560300658,493,3
5,5,0.66666666666666663,0.83333333333333337,0.75,100,125,112.5,0.20000000000000001,0.25,0.22500000000000001,D500_F02_V01,500,2,d500_extension,absolute,6,detrended_51,mean,x1_ztop,0.08865657364491468,493,3
5,6,0.66666666666666663,0.83333333333333337,0.75,125,150,137.5,0.25,0.29999999999999999,0.27500000000000002,D500_F02_V01,500,2,d500_extension,absolute,6,detrended_51,mean,x1_ztop,-0.023523759802366751,493,3
5,7,0.66666666666666663,0.83333333333333337,0.75,150,175,162.5,0.29999999999999999,0.34999999999999998,0.32500000000000001,D500_F02_V01,500,2,d500_extension,absolute,6,detrended_51,mean,x1_ztop,0.065073489722707295,493,3
5,8,0.66666666666666663,0.83333333333333337,0.75,175,200,187.5,0.34999999999999998,0.40000000000000002,0.375,D500_F02_V01,500,2,d500_extension,absolute,6,detrended_51,mean,x1_ztop,0.14975743806638905,493,3
5,9,0.66666666666666663,0.83333333333333337,0.75,200,225,212.5,0.40000000000000002,0.45000000000000001,0.42499999999999999,D500_F02_V01,500,2,d500_extension,absolute,6,detrended_51,mean,x1_ztop,0.020905385160522719,493,3
5,10,0.66666666666666663,0.83333333333333337,0.75,225,250,237.5,0.45000000000000001,0.5,0.47499999999999998,D500_F02_V01,500,2,d500_extension,absolute,6,detrended_51,mean,x1_ztop,-0.056118455489938185,493,3
5,11,0.66666666666666663,0.83333333333333337,0.75,250,275,262.5,0.5,0.55000000000000004,0.52500000000000002,D500_F02_V01,500,2,d500_extension,absolute,6,detrended_51,mean,x1_ztop,0.076375522222768749,493,3
5,12,0.66666666666666663,0.83333333333333337,0.75,275,300,287.5,0.55000000000000004,0.59999999999999998,0.57499999999999996,D500_F02_V01,500,2,d500_extension,absolute,6,detrended_51,mean,x1_ztop,0.083992232036872255,493,3
5,13,0.66666666666666663,0.83333333333333337,0.75,300,325,312.5,0.59999999999999998,0.65000000000000002,0.625,D500_F02_V01,500,2,d500_extension,absolute,6,detrended_51,mean,x1_ztop,0.047209327512880053,493,3
5,14,0.66666666666666663,0.83333333333333337,0.75,325,350,337.5,0.65000000000000002,0.69999999999999996,0.67500000000000004,D500_F02_V01,500,2,d500_extension,absolute,6,detrended_51,mean,x1_ztop,0.059165380451338248,493,3
5,15,0.66666666666666663,0.83333333333333337,0.75,350,375,362.5,0.69999999999999996,0.75,0.72499999999999998,D500_F02_V01,500,2,d500_extension,absolute,6,detrended_51,mean,x1_ztop,0.0053901196147912471,493,3
5,16,0.66666666666666663,0.83333333333333337,0.75,375,400,387.5,0.75,0.80000000000000004,0.77500000000000002,D500_F02_V01,500,2,d500_extension,absolute,6,detrended_51,mean,x1_ztop,0.0033744080410047037,493,3
5,17,0.66666666666666663,0.83333333333333337,0.75,400,425,412.5,0.80000000000000004,0.84999999999999998,0.82499999999999996,D500_F02_V01,500,2,d500_extension,absolute,6,detrended_51,mean,x1_ztop,0.13670965633939397,493,3
5,18,0.66666666666666663,0.83333333333333337,0.75,425,450,437.5,0.84999999999999998,0.90000000000000002,0.875,D500_F02_V01,500,2,d500_extension,absolute,6,detrended_51,mean,x1_ztop,0.12717606162763226,493,3
5,19,0.66666666666666663,0.83333333333333337,0.75,450,475,462.5,0.90000000000000002,0.94999999999999996,0.92500000000000004,D500_F02_V01,500,2,d500_extension,absolute,6,detrended_51,mean,x1_ztop,0.063582587947029839,493,3
5,20,0.66666666666666663,0.83333333333333337,0.75,475,500,487.5,0.94999999999999996,1,0.97499999999999998,D500_F02_V01,500,2,d500_extension,absolute,6,detrended_51,mean,x1_ztop,-0.03146237117494971,493,3
6,1,0.83333333333333337,1,0.91666666666666663,0,25,12.5,0,0.050000000000000003,0.025000000000000001,D500_F02_V01,500,2,d500_extension,absolute,6,detrended_51,mean,x1_ztop,0.079262398551770447,493,3
6,2,0.83333333333333337,1,0.91666666666666663,25,50,37.5,0.050000000000000003,0.10000000000000001,0.074999999999999997,D500_F02_V01,500,2,d500_extension,absolute,6,detrended_51,mean,x1_ztop,0.10161088637660881,493,3
6,3,0.83333333333333337,1,0.91666666666666663,50,75,62.5,0.10000000000000001,0.14999999999999999,0.125,D500_F02_V01,500,2,d500_extension,absolute,6,detrended_51,mean,x1_ztop,0.10404399193322268,493,3
6,4,0.83333333333333337,1,0.91666666666666663,75,100,87.5,0.14999999999999999,0.20000000000000001,0.17499999999999999,D500_F02_V01,500,2,d500_extension,absolute,6,detrended_51,mean,x1_ztop,0.061262500058432701,493,3
6,5,0.83333333333333337,1,0.91666666666666663,100,125,112.5,0.20000000000000001,0.25,0.22500000000000001,D500_F02_V01,500,2,d500_extension,absolute,6,detrended_51,mean,x1_ztop,0.066957685013370877,493,3
6,6,0.83333333333333337,1,0.91666666666666663,125,150,137.5,0.25,0.29999999999999999,0.27500000000000002,D500_F02_V01,500,2,d500_extension,absolute,6,detrended_51,mean,x1_ztop,0.028468004957124819,493,3
6,7,0.83333333333333337,1,0.91666666666666663,150,175,162.5,0.29999999999999999,0.34999999999999998,0.32500000000000001,D500_F02_V01,500,2,d500_extension,absolute,6,detrended_51,mean,x1_ztop,0.045254448618209979,493,3
6,8,0.83333333333333337,1,0.91666666666666663,175,200,187.5,0.34999999999999998,0.40000000000000002,0.375,D500_F02_V01,500,2,d500_extension,absolute,6,detrended_51,mean,x1_ztop,0.074652512567836254,493,3
6,9,0.83333333333333337,1,0.91666666666666663,200,225,212.5,0.40000000000000002,0.45000000000000001,0.42499999999999999,D500_F02_V01,500,2,d500_extension,absolute,6,detrended_51,mean,x1_ztop,0.017261329689949079,493,3
6,10,0.83333333333333337,1,0.91666666666666663,225,250,237.5,0.45000000000000001,0.5,0.47499999999999998,D500_F02_V01,500,2,d500_extension,absolute,6,detrended_51,mean,x1_ztop,-0.035836081951782936,493,3
6,11,0.83333333333333337,1,0.91666666666666663,250,275,262.5,0.5,0.55000000000000004,0.52500000000000002,D500_F02_V01,500,2,d500_extension,absolute,6,detrended_51,mean,x1_ztop,0.012568695107850837,493,3
6,12,0.83333333333333337,1,0.91666666666666663,275,300,287.5,0.55000000000000004,0.59999999999999998,0.57499999999999996,D500_F02_V01,500,2,d500_extension,absolute,6,detrended_51,mean,x1_ztop,0.052393392666576333,493,3
6,13,0.83333333333333337,1,0.91666666666666663,300,325,312.5,0.59999999999999998,0.65000000000000002,0.625,D500_F02_V01,500,2,d500_extension,absolute,6,detrended_51,mean,x1_ztop,0.020693398292521654,493,3
6,14,0.83333333333333337,1,0.91666666666666663,325,350,337.5,0.65000000000000002,0.69999999999999996,0.67500000000000004,D500_F02_V01,500,2,d500_extension,absolute,6,detrended_51,mean,x1_ztop,0.029721551334044874,493,3
6,15,0.83333333333333337,1,0.91666666666666663,350,375,362.5,0.69999999999999996,0.75,0.72499999999999998,D500_F02_V01,500,2,d500_extension,absolute,6,detrended_51,mean,x1_ztop,0.048083223887119546,493,3
6,16,0.83333333333333337,1,0.91666666666666663,375,400,387.5,0.75,0.80000000000000004,0.77500000000000002,D500_F02_V01,500,2,d500_extension,absolute,6,detrended_51,mean,x1_ztop,0.038089786613823014,493,3
6,17,0.83333333333333337,1,0.91666666666666663,400,425,412.5,0.80000000000000004,0.84999999999999998,0.82499999999999996,D500_F02_V01,500,2,d500_extension,absolute,6,detrended_51,mean,x1_ztop,0.079481188254256485,493,3
6,18,0.83333333333333337,1,0.91666666666666663,425,450,437.5,0.84999999999999998,0.90000000000000002,0.875,D500_F02_V01,500,2,d500_extension,absolute,6,detrended_51,mean,x1_ztop,0.0039343675502512901,493,3
6,19,0.83333333333333337,1,0.91666666666666663,450,475,462.5,0.90000000000000002,0.94999999999999996,0.92500000000000004,D500_F02_V01,500,2,d500_extension,absolute,6,detrended_51,mean,x1_ztop,0.0066036639996490225,493,3
6,20,0.83333333333333337,1,0.91666666666666663,475,500,487.5,0.94999999999999996,1,0.97499999999999998,D500_F02_V01,500,2,d500_extension,absolute,6,detrended_51,mean,x1_ztop,0.031626781439558084,493,3
1,1,0,0.16666666666666666,0.083333333333333329,0,25,12.5,0,0.050000000000000003,0.025000000000000001,D500_F03_V01,500,3,common_grid,absolute,6,detrended_51,mean,x1_ztop,0.099147151417439183,490,3
1,2,0,0.16666666666666666,0.083333333333333329,25,50,37.5,0.050000000000000003,0.10000000000000001,0.074999999999999997,D500_F03_V01,500,3,common_grid,absolute,6,detrended_51,mean,x1_ztop,0.071896725438833076,490,3
1,3,0,0.16666666666666666,0.083333333333333329,50,75,62.5,0.10000000000000001,0.14999999999999999,0.125,D500_F03_V01,500,3,common_grid,absolute,6,detrended_51,mean,x1_ztop,0.047605715923732278,490,3
1,4,0,0.16666666666666666,0.083333333333333329,75,100,87.5,0.14999999999999999,0.20000000000000001,0.17499999999999999,D500_F03_V01,500,3,common_grid,absolute,6,detrended_51,mean,x1_ztop,0.055391786811469682,490,3
1,5,0,0.16666666666666666,0.083333333333333329,100,125,112.5,0.20000000000000001,0.25,0.22500000000000001,D500_F03_V01,500,3,common_grid,absolute,6,detrended_51,mean,x1_ztop,0.087632621896118756,490,3
1,6,0,0.16666666666666666,0.083333333333333329,125,150,137.5,0.25,0.29999999999999999,0.27500000000000002,D500_F03_V01,500,3,common_grid,absolute,6,detrended_51,mean,x1_ztop,0.077652918461724507,490,3
1,7,0,0.16666666666666666,0.083333333333333329,150,175,162.5,0.29999999999999999,0.34999999999999998,0.32500000000000001,D500_F03_V01,500,3,common_grid,absolute,6,detrended_51,mean,x1_ztop,0.0087901754735990392,490,3
1,8,0,0.16666666666666666,0.083333333333333329,175,200,187.5,0.34999999999999998,0.40000000000000002,0.375,D500_F03_V01,500,3,common_grid,absolute,6,detrended_51,mean,x1_ztop,0.062396474851488269,490,3
1,9,0,0.16666666666666666,0.083333333333333329,200,225,212.5,0.40000000000000002,0.45000000000000001,0.42499999999999999,D500_F03_V01,500,3,common_grid,absolute,6,detrended_51,mean,x1_ztop,0.038369009871765836,490,3
1,10,0,0.16666666666666666,0.083333333333333329,225,250,237.5,0.45000000000000001,0.5,0.47499999999999998,D500_F03_V01,500,3,common_grid,absolute,6,detrended_51,mean,x1_ztop,-0.002130945307425568,490,3
1,11,0,0.16666666666666666,0.083333333333333329,250,275,262.5,0.5,0.55000000000000004,0.52500000000000002,D500_F03_V01,500,3,common_grid,absolute,6,detrended_51,mean,x1_ztop,0.11840310159144911,490,3
1,12,0,0.16666666666666666,0.083333333333333329,275,300,287.5,0.55000000000000004,0.59999999999999998,0.57499999999999996,D500_F03_V01,500,3,common_grid,absolute,6,detrended_51,mean,x1_ztop,0.090472678074764418,490,3
1,13,0,0.16666666666666666,0.083333333333333329,300,325,312.5,0.59999999999999998,0.65000000000000002,0.625,D500_F03_V01,500,3,common_grid,absolute,6,detrended_51,mean,x1_ztop,-0.012182274212775211,490,3
1,14,0,0.16666666666666666,0.083333333333333329,325,350,337.5,0.65000000000000002,0.69999999999999996,0.67500000000000004,D500_F03_V01,500,3,common_grid,absolute,6,detrended_51,mean,x1_ztop,-0.015766729394451839,490,3
1,15,0,0.16666666666666666,0.083333333333333329,350,375,362.5,0.69999999999999996,0.75,0.72499999999999998,D500_F03_V01,500,3,common_grid,absolute,6,detrended_51,mean,x1_ztop,0.0038042478849823445,490,3
1,16,0,0.16666666666666666,0.083333333333333329,375,400,387.5,0.75,0.80000000000000004,0.77500000000000002,D500_F03_V01,500,3,common_grid,absolute,6,detrended_51,mean,x1_ztop,0.036822179034962085,490,3
1,17,0,0.16666666666666666,0.083333333333333329,400,425,412.5,0.80000000000000004,0.84999999999999998,0.82499999999999996,D500_F03_V01,500,3,common_grid,absolute,6,detrended_51,mean,x1_ztop,0.063527683927578335,490,3
1,18,0,0.16666666666666666,0.083333333333333329,425,450,437.5,0.84999999999999998,0.90000000000000002,0.875,D500_F03_V01,500,3,common_grid,absolute,6,detrended_51,mean,x1_ztop,0.076486422467058945,490,3
1,19,0,0.16666666666666666,0.083333333333333329,450,475,462.5,0.90000000000000002,0.94999999999999996,0.92500000000000004,D500_F03_V01,500,3,common_grid,absolute,6,detrended_51,mean,x1_ztop,0.029818329860054456,490,3
1,20,0,0.16666666666666666,0.083333333333333329,475,500,487.5,0.94999999999999996,1,0.97499999999999998,D500_F03_V01,500,3,common_grid,absolute,6,detrended_51,mean,x1_ztop,0.037586452145202592,490,3
2,1,0.16666666666666666,0.33333333333333331,0.25,0,25,12.5,0,0.050000000000000003,0.025000000000000001,D500_F03_V01,500,3,common_grid,absolute,6,detrended_51,mean,x1_ztop,0.21753113114523021,490,3
2,2,0.16666666666666666,0.33333333333333331,0.25,25,50,37.5,0.050000000000000003,0.10000000000000001,0.074999999999999997,D500_F03_V01,500,3,common_grid,absolute,6,detrended_51,mean,x1_ztop,0.16033486555848983,490,3
2,3,0.16666666666666666,0.33333333333333331,0.25,50,75,62.5,0.10000000000000001,0.14999999999999999,0.125,D500_F03_V01,500,3,common_grid,absolute,6,detrended_51,mean,x1_ztop,0.12406183505034395,490,3
2,4,0.16666666666666666,0.33333333333333331,0.25,75,100,87.5,0.14999999999999999,0.20000000000000001,0.17499999999999999,D500_F03_V01,500,3,common_grid,absolute,6,detrended_51,mean,x1_ztop,0.015417768411155674,490,3
2,5,0.16666666666666666,0.33333333333333331,0.25,100,125,112.5,0.20000000000000001,0.25,0.22500000000000001,D500_F03_V01,500,3,common_grid,absolute,6,detrended_51,mean,x1_ztop,0.086708368375113323,490,3
2,6,0.16666666666666666,0.33333333333333331,0.25,125,150,137.5,0.25,0.29999999999999999,0.27500000000000002,D500_F03_V01,500,3,common_grid,absolute,6,detrended_51,mean,x1_ztop,0.14719165348389032,490,3
2,7,0.16666666666666666,0.33333333333333331,0.25,150,175,162.5,0.29999999999999999,0.34999999999999998,0.32500000000000001,D500_F03_V01,500,3,common_grid,absolute,6,detrended_51,mean,x1_ztop,0.097113354448106676,490,3
2,8,0.16666666666666666,0.33333333333333331,0.25,175,200,187.5,0.34999999999999998,0.40000000000000002,0.375,D500_F03_V01,500,3,common_grid,absolute,6,detrended_51,mean,x1_ztop,0.092743739629455854,490,3
2,9,0.16666666666666666,0.33333333333333331,0.25,200,225,212.5,0.40000000000000002,0.45000000000000001,0.42499999999999999,D500_F03_V01,500,3,common_grid,absolute,6,detrended_51,mean,x1_ztop,0.042055789552007533,490,3
2,10,0.16666666666666666,0.33333333333333331,0.25,225,250,237.5,0.45000000000000001,0.5,0.47499999999999998,D500_F03_V01,500,3,common_grid,absolute,6,detrended_51,mean,x1_ztop,0.030725092421604219,490,3
2,11,0.16666666666666666,0.33333333333333331,0.25,250,275,262.5,0.5,0.55000000000000004,0.52500000000000002,D500_F03_V01,500,3,common_grid,absolute,6,detrended_51,mean,x1_ztop,0.0024021997732474355,490,3
2,12,0.16666666666666666,0.33333333333333331,0.25,275,300,287.5,0.55000000000000004,0.59999999999999998,0.57499999999999996,D500_F03_V01,500,3,common_grid,absolute,6,detrended_51,mean,x1_ztop,0.094819380964921873,490,3
2,13,0.16666666666666666,0.33333333333333331,0.25,300,325,312.5,0.59999999999999998,0.65000000000000002,0.625,D500_F03_V01,500,3,common_grid,absolute,6,detrended_51,mean,x1_ztop,0.047888357719951244,490,3
2,14,0.16666666666666666,0.33333333333333331,0.25,325,350,337.5,0.65000000000000002,0.69999999999999996,0.67500000000000004,D500_F03_V01,500,3,common_grid,absolute,6,detrended_51,mean,x1_ztop,0.012122132880594902,490,3
2,15,0.16666666666666666,0.33333333333333331,0.25,350,375,362.5,0.69999999999999996,0.75,0.72499999999999998,D500_F03_V01,500,3,common_grid,absolute,6,detrended_51,mean,x1_ztop,0.13229390101962635,490,3
2,16,0.16666666666666666,0.33333333333333331,0.25,375,400,387.5,0.75,0.80000000000000004,0.77500000000000002,D500_F03_V01,500,3,common_grid,absolute,6,detrended_51,mean,x1_ztop,0.068951684098491769,490,3
2,17,0.16666666666666666,0.33333333333333331,0.25,400,425,412.5,0.80000000000000004,0.84999999999999998,0.82499999999999996,D500_F03_V01,500,3,common_grid,absolute,6,detrended_51,mean,x1_ztop,0.068296190796824863,490,3
2,18,0.16666666666666666,0.33333333333333331,0.25,425,450,437.5,0.84999999999999998,0.90000000000000002,0.875,D500_F03_V01,500,3,common_grid,absolute,6,detrended_51,mean,x1_ztop,-0.0021106087428744719,490,3
2,19,0.16666666666666666,0.33333333333333331,0.25,450,475,462.5,0.90000000000000002,0.94999999999999996,0.92500000000000004,D500_F03_V01,500,3,common_grid,absolute,6,detrended_51,mean,x1_ztop,0.0081896013861136752,490,3
2,20,0.16666666666666666,0.33333333333333331,0.25,475,500,487.5,0.94999999999999996,1,0.97499999999999998,D500_F03_V01,500,3,common_grid,absolute,6,detrended_51,mean,x1_ztop,-0.020588356930117128,490,3
3,1,0.33333333333333331,0.5,0.41666666666666669,0,25,12.5,0,0.050000000000000003,0.025000000000000001,D500_F03_V01,500,3,common_grid,absolute,6,detrended_51,mean,x1_ztop,0.031778407820150179,490,3
3,2,0.33333333333333331,0.5,0.41666666666666669,25,50,37.5,0.050000000000000003,0.10000000000000001,0.074999999999999997,D500_F03_V01,500,3,common_grid,absolute,6,detrended_51,mean,x1_ztop,0.00014912927092360778,490,3
3,3,0.33333333333333331,0.5,0.41666666666666669,50,75,62.5,0.10000000000000001,0.14999999999999999,0.125,D500_F03_V01,500,3,common_grid,absolute,6,detrended_51,mean,x1_ztop,0.077831404852200234,490,3
3,4,0.33333333333333331,0.5,0.41666666666666669,75,100,87.5,0.14999999999999999,0.20000000000000001,0.17499999999999999,D500_F03_V01,500,3,common_grid,absolute,6,detrended_51,mean,x1_ztop,0.015978367622567713,490,3
3,5,0.33333333333333331,0.5,0.41666666666666669,100,125,112.5,0.20000000000000001,0.25,0.22500000000000001,D500_F03_V01,500,3,common_grid,absolute,6,detrended_51,mean,x1_ztop,-0.055792099790387323,490,3
3,6,0.33333333333333331,0.5,0.41666666666666669,125,150,137.5,0.25,0.29999999999999999,0.27500000000000002,D500_F03_V01,500,3,common_grid,absolute,6,detrended_51,mean,x1_ztop,0.079217905698330426,490,3
3,7,0.33333333333333331,0.5,0.41666666666666669,150,175,162.5,0.29999999999999999,0.34999999999999998,0.32500000000000001,D500_F03_V01,500,3,common_grid,absolute,6,detrended_51,mean,x1_ztop,0.12915228198062115,490,3
3,8,0.33333333333333331,0.5,0.41666666666666669,175,200,187.5,0.34999999999999998,0.40000000000000002,0.375,D500_F03_V01,500,3,common_grid,absolute,6,detrended_51,mean,x1_ztop,-0.040889579967429632,490,3
3,9,0.33333333333333331,0.5,0.41666666666666669,200,225,212.5,0.40000000000000002,0.45000000000000001,0.42499999999999999,D500_F03_V01,500,3,common_grid,absolute,6,detrended_51,mean,x1_ztop,0.030603565242859398,490,3
3,10,0.33333333333333331,0.5,0.41666666666666669,225,250,237.5,0.45000000000000001,0.5,0.47499999999999998,D500_F03_V01,500,3,common_grid,absolute,6,detrended_51,mean,x1_ztop,-0.016603924258263798,490,3
3,11,0.33333333333333331,0.5,0.41666666666666669,250,275,262.5,0.5,0.55000000000000004,0.52500000000000002,D500_F03_V01,500,3,common_grid,absolute,6,detrended_51,mean,x1_ztop,0.088544758580313479,490,3
3,12,0.33333333333333331,0.5,0.41666666666666669,275,300,287.5,0.55000000000000004,0.59999999999999998,0.57499999999999996,D500_F03_V01,500,3,common_grid,absolute,6,detrended_51,mean,x1_ztop,0.044450307914165828,490,3
3,13,0.33333333333333331,0.5,0.41666666666666669,300,325,312.5,0.59999999999999998,0.65000000000000002,0.625,D500_F03_V01,500,3,common_grid,absolute,6,detrended_51,mean,x1_ztop,0.01548802023861999,490,3
3,14,0.33333333333333331,0.5,0.41666666666666669,325,350,337.5,0.65000000000000002,0.69999999999999996,0.67500000000000004,D500_F03_V01,500,3,common_grid,absolute,6,detrended_51,mean,x1_ztop,-0.04380556272769371,490,3
3,15,0.33333333333333331,0.5,0.41666666666666669,350,375,362.5,0.69999999999999996,0.75,0.72499999999999998,D500_F03_V01,500,3,common_grid,absolute,6,detrended_51,mean,x1_ztop,0.09571840950258996,490,3
3,16,0.33333333333333331,0.5,0.41666666666666669,375,400,387.5,0.75,0.80000000000000004,0.77500000000000002,D500_F03_V01,500,3,common_grid,absolute,6,detrended_51,mean,x1_ztop,0.032866499234856142,490,3
3,17,0.33333333333333331,0.5,0.41666666666666669,400,425,412.5,0.80000000000000004,0.84999999999999998,0.82499999999999996,D500_F03_V01,500,3,common_grid,absolute,6,detrended_51,mean,x1_ztop,0.024869135554992802,490,3
3,18,0.33333333333333331,0.5,0.41666666666666669,425,450,437.5,0.84999999999999998,0.90000000000000002,0.875,D500_F03_V01,500,3,common_grid,absolute,6,detrended_51,mean,x1_ztop,0.008992869971175238,490,3
3,19,0.33333333333333331,0.5,0.41666666666666669,450,475,462.5,0.90000000000000002,0.94999999999999996,0.92500000000000004,D500_F03_V01,500,3,common_grid,absolute,6,detrended_51,mean,x1_ztop,-0.023777435275683725,490,3
3,20,0.33333333333333331,0.5,0.41666666666666669,475,500,487.5,0.94999999999999996,1,0.97499999999999998,D500_F03_V01,500,3,common_grid,absolute,6,detrended_51,mean,x1_ztop,-0.05384207533004319,490,3
4,1,0.5,0.66666666666666663,0.58333333333333337,0,25,12.5,0,0.050000000000000003,0.025000000000000001,D500_F03_V01,500,3,common_grid,absolute,6,detrended_51,mean,x1_ztop,0.013656721839717632,490,3
4,2,0.5,0.66666666666666663,0.58333333333333337,25,50,37.5,0.050000000000000003,0.10000000000000001,0.074999999999999997,D500_F03_V01,500,3,common_grid,absolute,6,detrended_51,mean,x1_ztop,0.02182057231235137,490,3
4,3,0.5,0.66666666666666663,0.58333333333333337,50,75,62.5,0.10000000000000001,0.14999999999999999,0.125,D500_F03_V01,500,3,common_grid,absolute,6,detrended_51,mean,x1_ztop,0.10797314378008993,490,3
4,4,0.5,0.66666666666666663,0.58333333333333337,75,100,87.5,0.14999999999999999,0.20000000000000001,0.17499999999999999,D500_F03_V01,500,3,common_grid,absolute,6,detrended_51,mean,x1_ztop,-0.021338617793017749,490,3
4,5,0.5,0.66666666666666663,0.58333333333333337,100,125,112.5,0.20000000000000001,0.25,0.22500000000000001,D500_F03_V01,500,3,common_grid,absolute,6,detrended_51,mean,x1_ztop,-0.032446520416445863,490,3
4,6,0.5,0.66666666666666663,0.58333333333333337,125,150,137.5,0.25,0.29999999999999999,0.27500000000000002,D500_F03_V01,500,3,common_grid,absolute,6,detrended_51,mean,x1_ztop,-0.020607506823773811,490,3
4,7,0.5,0.66666666666666663,0.58333333333333337,150,175,162.5,0.29999999999999999,0.34999999999999998,0.32500000000000001,D500_F03_V01,500,3,common_grid,absolute,6,detrended_51,mean,x1_ztop,0.10781815160063112,490,3
4,8,0.5,0.66666666666666663,0.58333333333333337,175,200,187.5,0.34999999999999998,0.40000000000000002,0.375,D500_F03_V01,500,3,common_grid,absolute,6,detrended_51,mean,x1_ztop,0.052887933231507624,490,3
4,9,0.5,0.66666666666666663,0.58333333333333337,200,225,212.5,0.40000000000000002,0.45000000000000001,0.42499999999999999,D500_F03_V01,500,3,common_grid,absolute,6,detrended_51,mean,x1_ztop,0.10849220901846067,490,3
4,10,0.5,0.66666666666666663,0.58333333333333337,225,250,237.5,0.45000000000000001,0.5,0.47499999999999998,D500_F03_V01,500,3,common_grid,absolute,6,detrended_51,mean,x1_ztop,0.088763359903865482,490,3
4,11,0.5,0.66666666666666663,0.58333333333333337,250,275,262.5,0.5,0.55000000000000004,0.52500000000000002,D500_F03_V01,500,3,common_grid,absolute,6,detrended_51,mean,x1_ztop,0.0061505304623787754,490,3
4,12,0.5,0.66666666666666663,0.58333333333333337,275,300,287.5,0.55000000000000004,0.59999999999999998,0.57499999999999996,D500_F03_V01,500,3,common_grid,absolute,6,detrended_51,mean,x1_ztop,0.052432926969478932,490,3
4,13,0.5,0.66666666666666663,0.58333333333333337,300,325,312.5,0.59999999999999998,0.65000000000000002,0.625,D500_F03_V01,500,3,common_grid,absolute,6,detrended_51,mean,x1_ztop,-0.021993328385913592,490,3
4,14,0.5,0.66666666666666663,0.58333333333333337,325,350,337.5,0.65000000000000002,0.69999999999999996,0.67500000000000004,D500_F03_V01,500,3,common_grid,absolute,6,detrended_51,mean,x1_ztop,-0.046116226707795416,490,3
4,15,0.5,0.66666666666666663,0.58333333333333337,350,375,362.5,0.69999999999999996,0.75,0.72499999999999998,D500_F03_V01,500,3,common_grid,absolute,6,detrended_51,mean,x1_ztop,0.0023880312242835003,490,3
4,16,0.5,0.66666666666666663,0.58333333333333337,375,400,387.5,0.75,0.80000000000000004,0.77500000000000002,D500_F03_V01,500,3,common_grid,absolute,6,detrended_51,mean,x1_ztop,0.015530476891149673,490,3
4,17,0.5,0.66666666666666663,0.58333333333333337,400,425,412.5,0.80000000000000004,0.84999999999999998,0.82499999999999996,D500_F03_V01,500,3,common_grid,absolute,6,detrended_51,mean,x1_ztop,0.015703222860818031,490,3
4,18,0.5,0.66666666666666663,0.58333333333333337,425,450,437.5,0.84999999999999998,0.90000000000000002,0.875,D500_F03_V01,500,3,common_grid,absolute,6,detrended_51,mean,x1_ztop,0.065681077510969299,490,3
4,19,0.5,0.66666666666666663,0.58333333333333337,450,475,462.5,0.90000000000000002,0.94999999999999996,0.92500000000000004,D500_F03_V01,500,3,common_grid,absolute,6,detrended_51,mean,x1_ztop,0.036275012024811829,490,3
4,20,0.5,0.66666666666666663,0.58333333333333337,475,500,487.5,0.94999999999999996,1,0.97499999999999998,D500_F03_V01,500,3,common_grid,absolute,6,detrended_51,mean,x1_ztop,-0.028718357474335168,490,3
5,1,0.66666666666666663,0.83333333333333337,0.75,0,25,12.5,0,0.050000000000000003,0.025000000000000001,D500_F03_V01,500,3,common_grid,absolute,6,detrended_51,mean,x1_ztop,0.088044656199132904,490,3
5,2,0.66666666666666663,0.83333333333333337,0.75,25,50,37.5,0.050000000000000003,0.10000000000000001,0.074999999999999997,D500_F03_V01,500,3,common_grid,absolute,6,detrended_51,mean,x1_ztop,0.071110881280358321,490,3
5,3,0.66666666666666663,0.83333333333333337,0.75,50,75,62.5,0.10000000000000001,0.14999999999999999,0.125,D500_F03_V01,500,3,common_grid,absolute,6,detrended_51,mean,x1_ztop,0.014567148965560082,490,3
5,4,0.66666666666666663,0.83333333333333337,0.75,75,100,87.5,0.14999999999999999,0.20000000000000001,0.17499999999999999,D500_F03_V01,500,3,common_grid,absolute,6,detrended_51,mean,x1_ztop,0.066254625710602727,490,3
5,5,0.66666666666666663,0.83333333333333337,0.75,100,125,112.5,0.20000000000000001,0.25,0.22500000000000001,D500_F03_V01,500,3,common_grid,absolute,6,detrended_51,mean,x1_ztop,0.048830324139991013,490,3
5,6,0.66666666666666663,0.83333333333333337,0.75,125,150,137.5,0.25,0.29999999999999999,0.27500000000000002,D500_F03_V01,500,3,common_grid,absolute,6,detrended_51,mean,x1_ztop,0.088858606883874799,490,3
5,7,0.66666666666666663,0.83333333333333337,0.75,150,175,162.5,0.29999999999999999,0.34999999999999998,0.32500000000000001,D500_F03_V01,500,3,common_grid,absolute,6,detrended_51,mean,x1_ztop,0.04553572543997661,490,3
5,8,0.66666666666666663,0.83333333333333337,0.75,175,200,187.5,0.34999999999999998,0.40000000000000002,0.375,D500_F03_V01,500,3,common_grid,absolute,6,detrended_51,mean,x1_ztop,-0.035906011396413029,490,3
5,9,0.66666666666666663,0.83333333333333337,0.75,200,225,212.5,0.40000000000000002,0.45000000000000001,0.42499999999999999,D500_F03_V01,500,3,common_grid,absolute,6,detrended_51,mean,x1_ztop,-0.025740546572515885,490,3
5,10,0.66666666666666663,0.83333333333333337,0.75,225,250,237.5,0.45000000000000001,0.5,0.47499999999999998,D500_F03_V01,500,3,common_grid,absolute,6,detrended_51,mean,x1_ztop,0.00046255697859128725,490,3
5,11,0.66666666666666663,0.83333333333333337,0.75,250,275,262.5,0.5,0.55000000000000004,0.52500000000000002,D500_F03_V01,500,3,common_grid,absolute,6,detrended_51,mean,x1_ztop,0.049752768867221554,490,3
5,12,0.66666666666666663,0.83333333333333337,0.75,275,300,287.5,0.55000000000000004,0.59999999999999998,0.57499999999999996,D500_F03_V01,500,3,common_grid,absolute,6,detrended_51,mean,x1_ztop,0.0060675367525310255,490,3
5,13,0.66666666666666663,0.83333333333333337,0.75,300,325,312.5,0.59999999999999998,0.65000000000000002,0.625,D500_F03_V01,500,3,common_grid,absolute,6,detrended_51,mean,x1_ztop,0.052100000536990973,490,3
5,14,0.66666666666666663,0.83333333333333337,0.75,325,350,337.5,0.65000000000000002,0.69999999999999996,0.67500000000000004,D500_F03_V01,500,3,common_grid,absolute,6,detrended_51,mean,x1_ztop,-0.010467609017306735,490,3
5,15,0.66666666666666663,0.83333333333333337,0.75,350,375,362.5,0.69999999999999996,0.75,0.72499999999999998,D500_F03_V01,500,3,common_grid,absolute,6,detrended_51,mean,x1_ztop,-0.015096984618555638,490,3
5,16,0.66666666666666663,0.83333333333333337,0.75,375,400,387.5,0.75,0.80000000000000004,0.77500000000000002,D500_F03_V01,500,3,common_grid,absolute,6,detrended_51,mean,x1_ztop,0.06352002710378582,490,3
5,17,0.66666666666666663,0.83333333333333337,0.75,400,425,412.5,0.80000000000000004,0.84999999999999998,0.82499999999999996,D500_F03_V01,500,3,common_grid,absolute,6,detrended_51,mean,x1_ztop,-0.031395829362509439,490,3
5,18,0.66666666666666663,0.83333333333333337,0.75,425,450,437.5,0.84999999999999998,0.90000000000000002,0.875,D500_F03_V01,500,3,common_grid,absolute,6,detrended_51,mean,x1_ztop,-0.0022341756090421645,490,3
5,19,0.66666666666666663,0.83333333333333337,0.75,450,475,462.5,0.90000000000000002,0.94999999999999996,0.92500000000000004,D500_F03_V01,500,3,common_grid,absolute,6,detrended_51,mean,x1_ztop,-0.080253444414762815,490,3
5,20,0.66666666666666663,0.83333333333333337,0.75,475,500,487.5,0.94999999999999996,1,0.97499999999999998,D500_F03_V01,500,3,common_grid,absolute,6,detrended_51,mean,x1_ztop,0.007696228920357092,490,3
6,1,0.83333333333333337,1,0.91666666666666663,0,25,12.5,0,0.050000000000000003,0.025000000000000001,D500_F03_V01,500,3,common_grid,absolute,6,detrended_51,mean,x1_ztop,-0.015198581034591763,490,3
6,2,0.83333333333333337,1,0.91666666666666663,25,50,37.5,0.050000000000000003,0.10000000000000001,0.074999999999999997,D500_F03_V01,500,3,common_grid,absolute,6,detrended_51,mean,x1_ztop,-0.0035520592603340492,490,3
6,3,0.83333333333333337,1,0.91666666666666663,50,75,62.5,0.10000000000000001,0.14999999999999999,0.125,D500_F03_V01,500,3,common_grid,absolute,6,detrended_51,mean,x1_ztop,-0.074616220077398487,490,3
6,4,0.83333333333333337,1,0.91666666666666663,75,100,87.5,0.14999999999999999,0.20000000000000001,0.17499999999999999,D500_F03_V01,500,3,common_grid,absolute,6,detrended_51,mean,x1_ztop,0.063703919350918847,490,3
6,5,0.83333333333333337,1,0.91666666666666663,100,125,112.5,0.20000000000000001,0.25,0.22500000000000001,D500_F03_V01,500,3,common_grid,absolute,6,detrended_51,mean,x1_ztop,-0.049158333562029116,490,3
6,6,0.83333333333333337,1,0.91666666666666663,125,150,137.5,0.25,0.29999999999999999,0.27500000000000002,D500_F03_V01,500,3,common_grid,absolute,6,detrended_51,mean,x1_ztop,0.063245088102248784,490,3
6,7,0.83333333333333337,1,0.91666666666666663,150,175,162.5,0.29999999999999999,0.34999999999999998,0.32500000000000001,D500_F03_V01,500,3,common_grid,absolute,6,detrended_51,mean,x1_ztop,0.032665573262175923,490,3
6,8,0.83333333333333337,1,0.91666666666666663,175,200,187.5,0.34999999999999998,0.40000000000000002,0.375,D500_F03_V01,500,3,common_grid,absolute,6,detrended_51,mean,x1_ztop,0.074680443644741079,490,3
6,9,0.83333333333333337,1,0.91666666666666663,200,225,212.5,0.40000000000000002,0.45000000000000001,0.42499999999999999,D500_F03_V01,500,3,common_grid,absolute,6,detrended_51,mean,x1_ztop,0.086050987219474628,490,3
6,10,0.83333333333333337,1,0.91666666666666663,225,250,237.5,0.45000000000000001,0.5,0.47499999999999998,D500_F03_V01,500,3,common_grid,absolute,6,detrended_51,mean,x1_ztop,0.093264149419281753,490,3
6,11,0.83333333333333337,1,0.91666666666666663,250,275,262.5,0.5,0.55000000000000004,0.52500000000000002,D500_F03_V01,500,3,common_grid,absolute,6,detrended_51,mean,x1_ztop,0.084935113852139407,490,3
6,12,0.83333333333333337,1,0.91666666666666663,275,300,287.5,0.55000000000000004,0.59999999999999998,0.57499999999999996,D500_F03_V01,500,3,common_grid,absolute,6,detrended_51,mean,x1_ztop,0.081632861424218869,490,3
6,13,0.83333333333333337,1,0.91666666666666663,300,325,312.5,0.59999999999999998,0.65000000000000002,0.625,D500_F03_V01,500,3,common_grid,absolute,6,detrended_51,mean,x1_ztop,0.054410246946621325,490,3
6,14,0.83333333333333337,1,0.91666666666666663,325,350,337.5,0.65000000000000002,0.69999999999999996,0.67500000000000004,D500_F03_V01,500,3,common_grid,absolute,6,detrended_51,mean,x1_ztop,0.12209409686609835,490,3
6,15,0.83333333333333337,1,0.91666666666666663,350,375,362.5,0.69999999999999996,0.75,0.72499999999999998,D500_F03_V01,500,3,common_grid,absolute,6,detrended_51,mean,x1_ztop,0.015638083513424744,490,3
6,16,0.83333333333333337,1,0.91666666666666663,375,400,387.5,0.75,0.80000000000000004,0.77500000000000002,D500_F03_V01,500,3,common_grid,absolute,6,detrended_51,mean,x1_ztop,0.06589247433713509,490,3
6,17,0.83333333333333337,1,0.91666666666666663,400,425,412.5,0.80000000000000004,0.84999999999999998,0.82499999999999996,D500_F03_V01,500,3,common_grid,absolute,6,detrended_51,mean,x1_ztop,0.00076703368747974877,490,3
6,18,0.83333333333333337,1,0.91666666666666663,425,450,437.5,0.84999999999999998,0.90000000000000002,0.875,D500_F03_V01,500,3,common_grid,absolute,6,detrended_51,mean,x1_ztop,-0.022571411230023285,490,3
6,19,0.83333333333333337,1,0.91666666666666663,450,475,462.5,0.90000000000000002,0.94999999999999996,0.92500000000000004,D500_F03_V01,500,3,common_grid,absolute,6,detrended_51,mean,x1_ztop,0.010502348312354238,490,3
6,20,0.83333333333333337,1,0.91666666666666663,475,500,487.5,0.94999999999999996,1,0.97499999999999998,D500_F03_V01,500,3,common_grid,absolute,6,detrended_51,mean,x1_ztop,-0.031860109324168009,490,3
1,1,0,0.16666666666666666,0.083333333333333329,0,25,12.5,0,0.050000000000000003,0.025000000000000001,D500_F05_V01,500,5,common_grid,absolute,6,detrended_51,mean,x1_ztop,0.045089488738780992,471,3
1,2,0,0.16666666666666666,0.083333333333333329,25,50,37.5,0.050000000000000003,0.10000000000000001,0.074999999999999997,D500_F05_V01,500,5,common_grid,absolute,6,detrended_51,mean,x1_ztop,-0.0051422738416489408,471,3
1,3,0,0.16666666666666666,0.083333333333333329,50,75,62.5,0.10000000000000001,0.14999999999999999,0.125,D500_F05_V01,500,5,common_grid,absolute,6,detrended_51,mean,x1_ztop,0.016874879493082813,471,3
1,4,0,0.16666666666666666,0.083333333333333329,75,100,87.5,0.14999999999999999,0.20000000000000001,0.17499999999999999,D500_F05_V01,500,5,common_grid,absolute,6,detrended_51,mean,x1_ztop,-0.050818178598849829,471,3
1,5,0,0.16666666666666666,0.083333333333333329,100,125,112.5,0.20000000000000001,0.25,0.22500000000000001,D500_F05_V01,500,5,common_grid,absolute,6,detrended_51,mean,x1_ztop,0.080447004857017765,471,3
1,6,0,0.16666666666666666,0.083333333333333329,125,150,137.5,0.25,0.29999999999999999,0.27500000000000002,D500_F05_V01,500,5,common_grid,absolute,6,detrended_51,mean,x1_ztop,0.062398863830031528,471,3
1,7,0,0.16666666666666666,0.083333333333333329,150,175,162.5,0.29999999999999999,0.34999999999999998,0.32500000000000001,D500_F05_V01,500,5,common_grid,absolute,6,detrended_51,mean,x1_ztop,-0.040868679171683256,471,3
1,8,0,0.16666666666666666,0.083333333333333329,175,200,187.5,0.34999999999999998,0.40000000000000002,0.375,D500_F05_V01,500,5,common_grid,absolute,6,detrended_51,mean,x1_ztop,0.0015746216664731597,471,3
1,9,0,0.16666666666666666,0.083333333333333329,200,225,212.5,0.40000000000000002,0.45000000000000001,0.42499999999999999,D500_F05_V01,500,5,common_grid,absolute,6,detrended_51,mean,x1_ztop,-0.026538883163969074,471,3
1,10,0,0.16666666666666666,0.083333333333333329,225,250,237.5,0.45000000000000001,0.5,0.47499999999999998,D500_F05_V01,500,5,common_grid,absolute,6,detrended_51,mean,x1_ztop,-0.033604359933621999,471,3
1,11,0,0.16666666666666666,0.083333333333333329,250,275,262.5,0.5,0.55000000000000004,0.52500000000000002,D500_F05_V01,500,5,common_grid,absolute,6,detrended_51,mean,x1_ztop,-0.0087590611491705841,471,3
1,12,0,0.16666666666666666,0.083333333333333329,275,300,287.5,0.55000000000000004,0.59999999999999998,0.57499999999999996,D500_F05_V01,500,5,common_grid,absolute,6,detrended_51,mean,x1_ztop,-0.012588301811667819,471,3
1,13,0,0.16666666666666666,0.083333333333333329,300,325,312.5,0.59999999999999998,0.65000000000000002,0.625,D500_F05_V01,500,5,common_grid,absolute,6,detrended_51,mean,x1_ztop,-0.024451721988208715,471,3
1,14,0,0.16666666666666666,0.083333333333333329,325,350,337.5,0.65000000000000002,0.69999999999999996,0.67500000000000004,D500_F05_V01,500,5,common_grid,absolute,6,detrended_51,mean,x1_ztop,0.020869493712718335,471,3
1,15,0,0.16666666666666666,0.083333333333333329,350,375,362.5,0.69999999999999996,0.75,0.72499999999999998,D500_F05_V01,500,5,common_grid,absolute,6,detrended_51,mean,x1_ztop,0.024146010466342981,471,3
1,16,0,0.16666666666666666,0.083333333333333329,375,400,387.5,0.75,0.80000000000000004,0.77500000000000002,D500_F05_V01,500,5,common_grid,absolute,6,detrended_51,mean,x1_ztop,-0.041845979306620554,471,3
1,17,0,0.16666666666666666,0.083333333333333329,400,425,412.5,0.80000000000000004,0.84999999999999998,0.82499999999999996,D500_F05_V01,500,5,common_grid,absolute,6,detrended_51,mean,x1_ztop,0.034249568873479692,471,3
1,18,0,0.16666666666666666,0.083333333333333329,425,450,437.5,0.84999999999999998,0.90000000000000002,0.875,D500_F05_V01,500,5,common_grid,absolute,6,detrended_51,mean,x1_ztop,0.065274048159460932,471,3
1,19,0,0.16666666666666666,0.083333333333333329,450,475,462.5,0.90000000000000002,0.94999999999999996,0.92500000000000004,D500_F05_V01,500,5,common_grid,absolute,6,detrended_51,mean,x1_ztop,-0.0025611232042207985,471,3
1,20,0,0.16666666666666666,0.083333333333333329,475,500,487.5,0.94999999999999996,1,0.97499999999999998,D500_F05_V01,500,5,common_grid,absolute,6,detrended_51,mean,x1_ztop,-0.030016472987436583,471,3
2,1,0.16666666666666666,0.33333333333333331,0.25,0,25,12.5,0,0.050000000000000003,0.025000000000000001,D500_F05_V01,500,5,common_grid,absolute,6,detrended_51,mean,x1_ztop,0.08594219905624266,471,3
2,2,0.16666666666666666,0.33333333333333331,0.25,25,50,37.5,0.050000000000000003,0.10000000000000001,0.074999999999999997,D500_F05_V01,500,5,common_grid,absolute,6,detrended_51,mean,x1_ztop,0.1038155543978658,471,3
2,3,0.16666666666666666,0.33333333333333331,0.25,50,75,62.5,0.10000000000000001,0.14999999999999999,0.125,D500_F05_V01,500,5,common_grid,absolute,6,detrended_51,mean,x1_ztop,0.12794024108817112,471,3
2,4,0.16666666666666666,0.33333333333333331,0.25,75,100,87.5,0.14999999999999999,0.20000000000000001,0.17499999999999999,D500_F05_V01,500,5,common_grid,absolute,6,detrended_51,mean,x1_ztop,0.088044469876348411,471,3
2,5,0.16666666666666666,0.33333333333333331,0.25,100,125,112.5,0.20000000000000001,0.25,0.22500000000000001,D500_F05_V01,500,5,common_grid,absolute,6,detrended_51,mean,x1_ztop,0.022492459523599514,471,3
2,6,0.16666666666666666,0.33333333333333331,0.25,125,150,137.5,0.25,0.29999999999999999,0.27500000000000002,D500_F05_V01,500,5,common_grid,absolute,6,detrended_51,mean,x1_ztop,0.0016082896427130977,471,3
2,7,0.16666666666666666,0.33333333333333331,0.25,150,175,162.5,0.29999999999999999,0.34999999999999998,0.32500000000000001,D500_F05_V01,500,5,common_grid,absolute,6,detrended_51,mean,x1_ztop,0.028060592274032087,471,3
2,8,0.16666666666666666,0.33333333333333331,0.25,175,200,187.5,0.34999999999999998,0.40000000000000002,0.375,D500_F05_V01,500,5,common_grid,absolute,6,detrended_51,mean,x1_ztop,0.049490884035262944,471,3
2,9,0.16666666666666666,0.33333333333333331,0.25,200,225,212.5,0.40000000000000002,0.45000000000000001,0.42499999999999999,D500_F05_V01,500,5,common_grid,absolute,6,detrended_51,mean,x1_ztop,0.041181863941670629,471,3
2,10,0.16666666666666666,0.33333333333333331,0.25,225,250,237.5,0.45000000000000001,0.5,0.47499999999999998,D500_F05_V01,500,5,common_grid,absolute,6,detrended_51,mean,x1_ztop,0.024804458040476703,471,3
2,11,0.16666666666666666,0.33333333333333331,0.25,250,275,262.5,0.5,0.55000000000000004,0.52500000000000002,D500_F05_V01,500,5,common_grid,absolute,6,detrended_51,mean,x1_ztop,0.018170103888144822,471,3
2,12,0.16666666666666666,0.33333333333333331,0.25,275,300,287.5,0.55000000000000004,0.59999999999999998,0.57499999999999996,D500_F05_V01,500,5,common_grid,absolute,6,detrended_51,mean,x1_ztop,0.080158209986867249,471,3
2,13,0.16666666666666666,0.33333333333333331,0.25,300,325,312.5,0.59999999999999998,0.65000000000000002,0.625,D500_F05_V01,500,5,common_grid,absolute,6,detrended_51,mean,x1_ztop,0.024001407302878336,471,3
2,14,0.16666666666666666,0.33333333333333331,0.25,325,350,337.5,0.65000000000000002,0.69999999999999996,0.67500000000000004,D500_F05_V01,500,5,common_grid,absolute,6,detrended_51,mean,x1_ztop,-0.011916709086777241,471,3
2,15,0.16666666666666666,0.33333333333333331,0.25,350,375,362.5,0.69999999999999996,0.75,0.72499999999999998,D500_F05_V01,500,5,common_grid,absolute,6,detrended_51,mean,x1_ztop,-0.022850347538820294,471,3
2,16,0.16666666666666666,0.33333333333333331,0.25,375,400,387.5,0.75,0.80000000000000004,0.77500000000000002,D500_F05_V01,500,5,common_grid,absolute,6,detrended_51,mean,x1_ztop,-0.036385850092074498,471,3
2,17,0.16666666666666666,0.33333333333333331,0.25,400,425,412.5,0.80000000000000004,0.84999999999999998,0.82499999999999996,D500_F05_V01,500,5,common_grid,absolute,6,detrended_51,mean,x1_ztop,-0.040391289835661939,471,3
2,18,0.16666666666666666,0.33333333333333331,0.25,425,450,437.5,0.84999999999999998,0.90000000000000002,0.875,D500_F05_V01,500,5,common_grid,absolute,6,detrended_51,mean,x1_ztop,0.016170704467705549,471,3
2,19,0.16666666666666666,0.33333333333333331,0.25,450,475,462.5,0.90000000000000002,0.94999999999999996,0.92500000000000004,D500_F05_V01,500,5,common_grid,absolute,6,detrended_51,mean,x1_ztop,0.045971493910609229,471,3
2,20,0.16666666666666666,0.33333333333333331,0.25,475,500,487.5,0.94999999999999996,1,0.97499999999999998,D500_F05_V01,500,5,common_grid,absolute,6,detrended_51,mean,x1_ztop,-0.021010250499716644,471,3
3,1,0.33333333333333331,0.5,0.41666666666666669,0,25,12.5,0,0.050000000000000003,0.025000000000000001,D500_F05_V01,500,5,common_grid,absolute,6,detrended_51,mean,x1_ztop,0.090169931244716603,471,3
3,2,0.33333333333333331,0.5,0.41666666666666669,25,50,37.5,0.050000000000000003,0.10000000000000001,0.074999999999999997,D500_F05_V01,500,5,common_grid,absolute,6,detrended_51,mean,x1_ztop,-0.050278313359436125,471,3
3,3,0.33333333333333331,0.5,0.41666666666666669,50,75,62.5,0.10000000000000001,0.14999999999999999,0.125,D500_F05_V01,500,5,common_grid,absolute,6,detrended_51,mean,x1_ztop,0.10492838334009363,471,3
3,4,0.33333333333333331,0.5,0.41666666666666669,75,100,87.5,0.14999999999999999,0.20000000000000001,0.17499999999999999,D500_F05_V01,500,5,common_grid,absolute,6,detrended_51,mean,x1_ztop,0.017830625205126786,471,3
3,5,0.33333333333333331,0.5,0.41666666666666669,100,125,112.5,0.20000000000000001,0.25,0.22500000000000001,D500_F05_V01,500,5,common_grid,absolute,6,detrended_51,mean,x1_ztop,0.059638572975710041,471,3
3,6,0.33333333333333331,0.5,0.41666666666666669,125,150,137.5,0.25,0.29999999999999999,0.27500000000000002,D500_F05_V01,500,5,common_grid,absolute,6,detrended_51,mean,x1_ztop,-0.071768326368140206,471,3
3,7,0.33333333333333331,0.5,0.41666666666666669,150,175,162.5,0.29999999999999999,0.34999999999999998,0.32500000000000001,D500_F05_V01,500,5,common_grid,absolute,6,detrended_51,mean,x1_ztop,0.01384109551272528,471,3
3,8,0.33333333333333331,0.5,0.41666666666666669,175,200,187.5,0.34999999999999998,0.40000000000000002,0.375,D500_F05_V01,500,5,common_grid,absolute,6,detrended_51,mean,x1_ztop,0.00070782728099193573,471,3
3,9,0.33333333333333331,0.5,0.41666666666666669,200,225,212.5,0.40000000000000002,0.45000000000000001,0.42499999999999999,D500_F05_V01,500,5,common_grid,absolute,6,detrended_51,mean,x1_ztop,0.073632362010199612,471,3
3,10,0.33333333333333331,0.5,0.41666666666666669,225,250,237.5,0.45000000000000001,0.5,0.47499999999999998,D500_F05_V01,500,5,common_grid,absolute,6,detrended_51,mean,x1_ztop,0.0051612024410060669,471,3
3,11,0.33333333333333331,0.5,0.41666666666666669,250,275,262.5,0.5,0.55000000000000004,0.52500000000000002,D500_F05_V01,500,5,common_grid,absolute,6,detrended_51,mean,x1_ztop,-0.030249713117689567,471,3
3,12,0.33333333333333331,0.5,0.41666666666666669,275,300,287.5,0.55000000000000004,0.59999999999999998,0.57499999999999996,D500_F05_V01,500,5,common_grid,absolute,6,detrended_51,mean,x1_ztop,0.013102176738242377,471,3
3,13,0.33333333333333331,0.5,0.41666666666666669,300,325,312.5,0.59999999999999998,0.65000000000000002,0.625,D500_F05_V01,500,5,common_grid,absolute,6,detrended_51,mean,x1_ztop,-0.043207712118166861,471,3
3,14,0.33333333333333331,0.5,0.41666666666666669,325,350,337.5,0.65000000000000002,0.69999999999999996,0.67500000000000004,D500_F05_V01,500,5,common_grid,absolute,6,detrended_51,mean,x1_ztop,-0.012005243583543308,471,3
3,15,0.33333333333333331,0.5,0.41666666666666669,350,375,362.5,0.69999999999999996,0.75,0.72499999999999998,D500_F05_V01,500,5,common_grid,absolute,6,detrended_51,mean,x1_ztop,-0.0097858053091858764,471,3
3,16,0.33333333333333331,0.5,0.41666666666666669,375,400,387.5,0.75,0.80000000000000004,0.77500000000000002,D500_F05_V01,500,5,common_grid,absolute,6,detrended_51,mean,x1_ztop,0.050018922235206771,471,3
3,17,0.33333333333333331,0.5,0.41666666666666669,400,425,412.5,0.80000000000000004,0.84999999999999998,0.82499999999999996,D500_F05_V01,500,5,common_grid,absolute,6,detrended_51,mean,x1_ztop,0.034952076763854506,471,3
3,18,0.33333333333333331,0.5,0.41666666666666669,425,450,437.5,0.84999999999999998,0.90000000000000002,0.875,D500_F05_V01,500,5,common_grid,absolute,6,detrended_51,mean,x1_ztop,0.019516461194853927,471,3
3,19,0.33333333333333331,0.5,0.41666666666666669,450,475,462.5,0.90000000000000002,0.94999999999999996,0.92500000000000004,D500_F05_V01,500,5,common_grid,absolute,6,detrended_51,mean,x1_ztop,0.0071962226998286642,471,3
3,20,0.33333333333333331,0.5,0.41666666666666669,475,500,487.5,0.94999999999999996,1,0.97499999999999998,D500_F05_V01,500,5,common_grid,absolute,6,detrended_51,mean,x1_ztop,-0.031632064161831279,471,3
4,1,0.5,0.66666666666666663,0.58333333333333337,0,25,12.5,0,0.050000000000000003,0.025000000000000001,D500_F05_V01,500,5,common_grid,absolute,6,detrended_51,mean,x1_ztop,0.017664302920143107,471,3
4,2,0.5,0.66666666666666663,0.58333333333333337,25,50,37.5,0.050000000000000003,0.10000000000000001,0.074999999999999997,D500_F05_V01,500,5,common_grid,absolute,6,detrended_51,mean,x1_ztop,0.047851477245567063,471,3
4,3,0.5,0.66666666666666663,0.58333333333333337,50,75,62.5,0.10000000000000001,0.14999999999999999,0.125,D500_F05_V01,500,5,common_grid,absolute,6,detrended_51,mean,x1_ztop,0.0092373993270709193,471,3
4,4,0.5,0.66666666666666663,0.58333333333333337,75,100,87.5,0.14999999999999999,0.20000000000000001,0.17499999999999999,D500_F05_V01,500,5,common_grid,absolute,6,detrended_51,mean,x1_ztop,0.00094889866560352726,471,3
4,5,0.5,0.66666666666666663,0.58333333333333337,100,125,112.5,0.20000000000000001,0.25,0.22500000000000001,D500_F05_V01,500,5,common_grid,absolute,6,detrended_51,mean,x1_ztop,0.0036127193092160429,471,3
4,6,0.5,0.66666666666666663,0.58333333333333337,125,150,137.5,0.25,0.29999999999999999,0.27500000000000002,D500_F05_V01,500,5,common_grid,absolute,6,detrended_51,mean,x1_ztop,-0.053562423418048011,471,3
4,7,0.5,0.66666666666666663,0.58333333333333337,150,175,162.5,0.29999999999999999,0.34999999999999998,0.32500000000000001,D500_F05_V01,500,5,common_grid,absolute,6,detrended_51,mean,x1_ztop,-0.048097682059289951,471,3
4,8,0.5,0.66666666666666663,0.58333333333333337,175,200,187.5,0.34999999999999998,0.40000000000000002,0.375,D500_F05_V01,500,5,common_grid,absolute,6,detrended_51,mean,x1_ztop,-0.069478155530952115,471,3
4,9,0.5,0.66666666666666663,0.58333333333333337,200,225,212.5,0.40000000000000002,0.45000000000000001,0.42499999999999999,D500_F05_V01,500,5,common_grid,absolute,6,detrended_51,mean,x1_ztop,0.039054826890949614,471,3
4,10,0.5,0.66666666666666663,0.58333333333333337,225,250,237.5,0.45000000000000001,0.5,0.47499999999999998,D500_F05_V01,500,5,common_grid,absolute,6,detrended_51,mean,x1_ztop,0.052984052846612312,471,3
4,11,0.5,0.66666666666666663,0.58333333333333337,250,275,262.5,0.5,0.55000000000000004,0.52500000000000002,D500_F05_V01,500,5,common_grid,absolute,6,detrended_51,mean,x1_ztop,-0.017325611762785114,471,3
4,12,0.5,0.66666666666666663,0.58333333333333337,275,300,287.5,0.55000000000000004,0.59999999999999998,0.57499999999999996,D500_F05_V01,500,5,common_grid,absolute,6,detrended_51,mean,x1_ztop,0.018970885214248584,471,3
4,13,0.5,0.66666666666666663,0.58333333333333337,300,325,312.5,0.59999999999999998,0.65000000000000002,0.625,D500_F05_V01,500,5,common_grid,absolute,6,detrended_51,mean,x1_ztop,0.022885777491804239,471,3
4,14,0.5,0.66666666666666663,0.58333333333333337,325,350,337.5,0.65000000000000002,0.69999999999999996,0.67500000000000004,D500_F05_V01,500,5,common_grid,absolute,6,detrended_51,mean,x1_ztop,-0.0011032532495065441,471,3
4,15,0.5,0.66666666666666663,0.58333333333333337,350,375,362.5,0.69999999999999996,0.75,0.72499999999999998,D500_F05_V01,500,5,common_grid,absolute,6,detrended_51,mean,x1_ztop,-0.084417367518708347,471,3
4,16,0.5,0.66666666666666663,0.58333333333333337,375,400,387.5,0.75,0.80000000000000004,0.77500000000000002,D500_F05_V01,500,5,common_grid,absolute,6,detrended_51,mean,x1_ztop,-0.11349430083791576,471,3
4,17,0.5,0.66666666666666663,0.58333333333333337,400,425,412.5,0.80000000000000004,0.84999999999999998,0.82499999999999996,D500_F05_V01,500,5,common_grid,absolute,6,detrended_51,mean,x1_ztop,-0.11902785037202002,471,3
4,18,0.5,0.66666666666666663,0.58333333333333337,425,450,437.5,0.84999999999999998,0.90000000000000002,0.875,D500_F05_V01,500,5,common_grid,absolute,6,detrended_51,mean,x1_ztop,-0.033483749641294303,471,3
4,19,0.5,0.66666666666666663,0.58333333333333337,450,475,462.5,0.90000000000000002,0.94999999999999996,0.92500000000000004,D500_F05_V01,500,5,common_grid,absolute,6,detrended_51,mean,x1_ztop,-0.01546030788529518,471,3
4,20,0.5,0.66666666666666663,0.58333333333333337,475,500,487.5,0.94999999999999996,1,0.97499999999999998,D500_F05_V01,500,5,common_grid,absolute,6,detrended_51,mean,x1_ztop,-0.053690580897849532,471,3
5,1,0.66666666666666663,0.83333333333333337,0.75,0,25,12.5,0,0.050000000000000003,0.025000000000000001,D500_F05_V01,500,5,common_grid,absolute,6,detrended_51,mean,x1_ztop,0.051617378063689268,471,3
5,2,0.66666666666666663,0.83333333333333337,0.75,25,50,37.5,0.050000000000000003,0.10000000000000001,0.074999999999999997,D500_F05_V01,500,5,common_grid,absolute,6,detrended_51,mean,x1_ztop,0.023099548444698283,471,3
5,3,0.66666666666666663,0.83333333333333337,0.75,50,75,62.5,0.10000000000000001,0.14999999999999999,0.125,D500_F05_V01,500,5,common_grid,absolute,6,detrended_51,mean,x1_ztop,0.065325444959060647,471,3
5,4,0.66666666666666663,0.83333333333333337,0.75,75,100,87.5,0.14999999999999999,0.20000000000000001,0.17499999999999999,D500_F05_V01,500,5,common_grid,absolute,6,detrended_51,mean,x1_ztop,0.076227271611010811,471,3
5,5,0.66666666666666663,0.83333333333333337,0.75,100,125,112.5,0.20000000000000001,0.25,0.22500000000000001,D500_F05_V01,500,5,common_grid,absolute,6,detrended_51,mean,x1_ztop,0.043624020454063044,471,3
5,6,0.66666666666666663,0.83333333333333337,0.75,125,150,137.5,0.25,0.29999999999999999,0.27500000000000002,D500_F05_V01,500,5,common_grid,absolute,6,detrended_51,mean,x1_ztop,0.0072755759038749535,471,3
5,7,0.66666666666666663,0.83333333333333337,0.75,150,175,162.5,0.29999999999999999,0.34999999999999998,0.32500000000000001,D500_F05_V01,500,5,common_grid,absolute,6,detrended_51,mean,x1_ztop,0.091899682625736806,471,3
5,8,0.66666666666666663,0.83333333333333337,0.75,175,200,187.5,0.34999999999999998,0.40000000000000002,0.375,D500_F05_V01,500,5,common_grid,absolute,6,detrended_51,mean,x1_ztop,-0.033938639887392583,471,3
5,9,0.66666666666666663,0.83333333333333337,0.75,200,225,212.5,0.40000000000000002,0.45000000000000001,0.42499999999999999,D500_F05_V01,500,5,common_grid,absolute,6,detrended_51,mean,x1_ztop,0.030239057444238382,471,3
5,10,0.66666666666666663,0.83333333333333337,0.75,225,250,237.5,0.45000000000000001,0.5,0.47499999999999998,D500_F05_V01,500,5,common_grid,absolute,6,detrended_51,mean,x1_ztop,-0.055282782771240116,471,3
5,11,0.66666666666666663,0.83333333333333337,0.75,250,275,262.5,0.5,0.55000000000000004,0.52500000000000002,D500_F05_V01,500,5,common_grid,absolute,6,detrended_51,mean,x1_ztop,-0.012888733068904928,471,3
5,12,0.66666666666666663,0.83333333333333337,0.75,275,300,287.5,0.55000000000000004,0.59999999999999998,0.57499999999999996,D500_F05_V01,500,5,common_grid,absolute,6,detrended_51,mean,x1_ztop,-0.035158153013596809,471,3
5,13,0.66666666666666663,0.83333333333333337,0.75,300,325,312.5,0.59999999999999998,0.65000000000000002,0.625,D500_F05_V01,500,5,common_grid,absolute,6,detrended_51,mean,x1_ztop,0.012309145871561688,471,3
5,14,0.66666666666666663,0.83333333333333337,0.75,325,350,337.5,0.65000000000000002,0.69999999999999996,0.67500000000000004,D500_F05_V01,500,5,common_grid,absolute,6,detrended_51,mean,x1_ztop,0.00076200278472795917,471,3
5,15,0.66666666666666663,0.83333333333333337,0.75,350,375,362.5,0.69999999999999996,0.75,0.72499999999999998,D500_F05_V01,500,5,common_grid,absolute,6,detrended_51,mean,x1_ztop,-0.062920734477496992,471,3
5,16,0.66666666666666663,0.83333333333333337,0.75,375,400,387.5,0.75,0.80000000000000004,0.77500000000000002,D500_F05_V01,500,5,common_grid,absolute,6,detrended_51,mean,x1_ztop,0.030092605245954293,471,3
5,17,0.66666666666666663,0.83333333333333337,0.75,400,425,412.5,0.80000000000000004,0.84999999999999998,0.82499999999999996,D500_F05_V01,500,5,common_grid,absolute,6,detrended_51,mean,x1_ztop,-0.026634626878786767,471,3
5,18,0.66666666666666663,0.83333333333333337,0.75,425,450,437.5,0.84999999999999998,0.90000000000000002,0.875,D500_F05_V01,500,5,common_grid,absolute,6,detrended_51,mean,x1_ztop,0.074938961130109324,471,3
5,19,0.66666666666666663,0.83333333333333337,0.75,450,475,462.5,0.90000000000000002,0.94999999999999996,0.92500000000000004,D500_F05_V01,500,5,common_grid,absolute,6,detrended_51,mean,x1_ztop,-0.012118903647427241,471,3
5,20,0.66666666666666663,0.83333333333333337,0.75,475,500,487.5,0.94999999999999996,1,0.97499999999999998,D500_F05_V01,500,5,common_grid,absolute,6,detrended_51,mean,x1_ztop,0.048279458324465535,471,3
6,1,0.83333333333333337,1,0.91666666666666663,0,25,12.5,0,0.050000000000000003,0.025000000000000001,D500_F05_V01,500,5,common_grid,absolute,6,detrended_51,mean,x1_ztop,0.041038566104112981,471,3
6,2,0.83333333333333337,1,0.91666666666666663,25,50,37.5,0.050000000000000003,0.10000000000000001,0.074999999999999997,D500_F05_V01,500,5,common_grid,absolute,6,detrended_51,mean,x1_ztop,0.0061855291631990397,471,3
6,3,0.83333333333333337,1,0.91666666666666663,50,75,62.5,0.10000000000000001,0.14999999999999999,0.125,D500_F05_V01,500,5,common_grid,absolute,6,detrended_51,mean,x1_ztop,0.027396173364186947,471,3
6,4,0.83333333333333337,1,0.91666666666666663,75,100,87.5,0.14999999999999999,0.20000000000000001,0.17499999999999999,D500_F05_V01,500,5,common_grid,absolute,6,detrended_51,mean,x1_ztop,0.010158545342926468,471,3
6,5,0.83333333333333337,1,0.91666666666666663,100,125,112.5,0.20000000000000001,0.25,0.22500000000000001,D500_F05_V01,500,5,common_grid,absolute,6,detrended_51,mean,x1_ztop,-0.096587773220974893,471,3
6,6,0.83333333333333337,1,0.91666666666666663,125,150,137.5,0.25,0.29999999999999999,0.27500000000000002,D500_F05_V01,500,5,common_grid,absolute,6,detrended_51,mean,x1_ztop,0.0074456623496486412,471,3
6,7,0.83333333333333337,1,0.91666666666666663,150,175,162.5,0.29999999999999999,0.34999999999999998,0.32500000000000001,D500_F05_V01,500,5,common_grid,absolute,6,detrended_51,mean,x1_ztop,-0.0054586043478314517,471,3
6,8,0.83333333333333337,1,0.91666666666666663,175,200,187.5,0.34999999999999998,0.40000000000000002,0.375,D500_F05_V01,500,5,common_grid,absolute,6,detrended_51,mean,x1_ztop,0.029224877960666029,471,3
6,9,0.83333333333333337,1,0.91666666666666663,200,225,212.5,0.40000000000000002,0.45000000000000001,0.42499999999999999,D500_F05_V01,500,5,common_grid,absolute,6,detrended_51,mean,x1_ztop,0.10967156540463736,471,3
6,10,0.83333333333333337,1,0.91666666666666663,225,250,237.5,0.45000000000000001,0.5,0.47499999999999998,D500_F05_V01,500,5,common_grid,absolute,6,detrended_51,mean,x1_ztop,0.019189329708285647,471,3
6,11,0.83333333333333337,1,0.91666666666666663,250,275,262.5,0.5,0.55000000000000004,0.52500000000000002,D500_F05_V01,500,5,common_grid,absolute,6,detrended_51,mean,x1_ztop,-0.013628873174441933,471,3
6,12,0.83333333333333337,1,0.91666666666666663,275,300,287.5,0.55000000000000004,0.59999999999999998,0.57499999999999996,D500_F05_V01,500,5,common_grid,absolute,6,detrended_51,mean,x1_ztop,0.060576093958370256,471,3
6,13,0.83333333333333337,1,0.91666666666666663,300,325,312.5,0.59999999999999998,0.65000000000000002,0.625,D500_F05_V01,500,5,common_grid,absolute,6,detrended_51,mean,x1_ztop,0.058429713116250628,471,3
6,14,0.83333333333333337,1,0.91666666666666663,325,350,337.5,0.65000000000000002,0.69999999999999996,0.67500000000000004,D500_F05_V01,500,5,common_grid,absolute,6,detrended_51,mean,x1_ztop,-0.068118815984099551,471,3
6,15,0.83333333333333337,1,0.91666666666666663,350,375,362.5,0.69999999999999996,0.75,0.72499999999999998,D500_F05_V01,500,5,common_grid,absolute,6,detrended_51,mean,x1_ztop,-0.018285375222635118,471,3
6,16,0.83333333333333337,1,0.91666666666666663,375,400,387.5,0.75,0.80000000000000004,0.77500000000000002,D500_F05_V01,500,5,common_grid,absolute,6,detrended_51,mean,x1_ztop,0.026363498457522918,471,3
6,17,0.83333333333333337,1,0.91666666666666663,400,425,412.5,0.80000000000000004,0.84999999999999998,0.82499999999999996,D500_F05_V01,500,5,common_grid,absolute,6,detrended_51,mean,x1_ztop,-0.11871324937475236,471,3
6,18,0.83333333333333337,1,0.91666666666666663,425,450,437.5,0.84999999999999998,0.90000000000000002,0.875,D500_F05_V01,500,5,common_grid,absolute,6,detrended_51,mean,x1_ztop,-0.025987767950339729,471,3
6,19,0.83333333333333337,1,0.91666666666666663,450,475,462.5,0.90000000000000002,0.94999999999999996,0.92500000000000004,D500_F05_V01,500,5,common_grid,absolute,6,detrended_51,mean,x1_ztop,0.039546490085985028,471,3
6,20,0.83333333333333337,1,0.91666666666666663,475,500,487.5,0.94999999999999996,1,0.97499999999999998,D500_F05_V01,500,5,common_grid,absolute,6,detrended_51,mean,x1_ztop,-0.049560530296931235,471,3
1,1,0,0.16666666666666666,0.083333333333333329,0,25,12.5,0,0.050000000000000003,0.025000000000000001,D500_F07_V01,500,7,common_grid,absolute,6,detrended_51,mean,x1_ztop,0.014604605605919259,477,3
1,2,0,0.16666666666666666,0.083333333333333329,25,50,37.5,0.050000000000000003,0.10000000000000001,0.074999999999999997,D500_F07_V01,500,7,common_grid,absolute,6,detrended_51,mean,x1_ztop,-0.0047853097949550755,477,3
1,3,0,0.16666666666666666,0.083333333333333329,50,75,62.5,0.10000000000000001,0.14999999999999999,0.125,D500_F07_V01,500,7,common_grid,absolute,6,detrended_51,mean,x1_ztop,-0.011591278143723217,477,3
1,4,0,0.16666666666666666,0.083333333333333329,75,100,87.5,0.14999999999999999,0.20000000000000001,0.17499999999999999,D500_F07_V01,500,7,common_grid,absolute,6,detrended_51,mean,x1_ztop,-0.0045751416344592096,477,3
1,5,0,0.16666666666666666,0.083333333333333329,100,125,112.5,0.20000000000000001,0.25,0.22500000000000001,D500_F07_V01,500,7,common_grid,absolute,6,detrended_51,mean,x1_ztop,0.030898942445908052,477,3
1,6,0,0.16666666666666666,0.083333333333333329,125,150,137.5,0.25,0.29999999999999999,0.27500000000000002,D500_F07_V01,500,7,common_grid,absolute,6,detrended_51,mean,x1_ztop,0.034149348875938651,477,3
1,7,0,0.16666666666666666,0.083333333333333329,150,175,162.5,0.29999999999999999,0.34999999999999998,0.32500000000000001,D500_F07_V01,500,7,common_grid,absolute,6,detrended_51,mean,x1_ztop,-0.041483398768420221,477,3
1,8,0,0.16666666666666666,0.083333333333333329,175,200,187.5,0.34999999999999998,0.40000000000000002,0.375,D500_F07_V01,500,7,common_grid,absolute,6,detrended_51,mean,x1_ztop,-0.013008326917948062,477,3
1,9,0,0.16666666666666666,0.083333333333333329,200,225,212.5,0.40000000000000002,0.45000000000000001,0.42499999999999999,D500_F07_V01,500,7,common_grid,absolute,6,detrended_51,mean,x1_ztop,-0.089030389968269993,477,3
1,10,0,0.16666666666666666,0.083333333333333329,225,250,237.5,0.45000000000000001,0.5,0.47499999999999998,D500_F07_V01,500,7,common_grid,absolute,6,detrended_51,mean,x1_ztop,-0.087469115852149282,477,3
1,11,0,0.16666666666666666,0.083333333333333329,250,275,262.5,0.5,0.55000000000000004,0.52500000000000002,D500_F07_V01,500,7,common_grid,absolute,6,detrended_51,mean,x1_ztop,0.0023381625164328491,477,3
1,12,0,0.16666666666666666,0.083333333333333329,275,300,287.5,0.55000000000000004,0.59999999999999998,0.57499999999999996,D500_F07_V01,500,7,common_grid,absolute,6,detrended_51,mean,x1_ztop,0.00027674959157612811,477,3
1,13,0,0.16666666666666666,0.083333333333333329,300,325,312.5,0.59999999999999998,0.65000000000000002,0.625,D500_F07_V01,500,7,common_grid,absolute,6,detrended_51,mean,x1_ztop,0.058544152039954125,477,3
1,14,0,0.16666666666666666,0.083333333333333329,325,350,337.5,0.65000000000000002,0.69999999999999996,0.67500000000000004,D500_F07_V01,500,7,common_grid,absolute,6,detrended_51,mean,x1_ztop,0.040659693530853608,477,3
1,15,0,0.16666666666666666,0.083333333333333329,350,375,362.5,0.69999999999999996,0.75,0.72499999999999998,D500_F07_V01,500,7,common_grid,absolute,6,detrended_51,mean,x1_ztop,0.033342014321734267,477,3
1,16,0,0.16666666666666666,0.083333333333333329,375,400,387.5,0.75,0.80000000000000004,0.77500000000000002,D500_F07_V01,500,7,common_grid,absolute,6,detrended_51,mean,x1_ztop,0.02323634180614725,477,3
1,17,0,0.16666666666666666,0.083333333333333329,400,425,412.5,0.80000000000000004,0.84999999999999998,0.82499999999999996,D500_F07_V01,500,7,common_grid,absolute,6,detrended_51,mean,x1_ztop,-0.022387430442301477,477,3
1,18,0,0.16666666666666666,0.083333333333333329,425,450,437.5,0.84999999999999998,0.90000000000000002,0.875,D500_F07_V01,500,7,common_grid,absolute,6,detrended_51,mean,x1_ztop,0.067081029895789818,477,3
1,19,0,0.16666666666666666,0.083333333333333329,450,475,462.5,0.90000000000000002,0.94999999999999996,0.92500000000000004,D500_F07_V01,500,7,common_grid,absolute,6,detrended_51,mean,x1_ztop,-0.002704704062577298,477,3
1,20,0,0.16666666666666666,0.083333333333333329,475,500,487.5,0.94999999999999996,1,0.97499999999999998,D500_F07_V01,500,7,common_grid,absolute,6,detrended_51,mean,x1_ztop,-0.041519466090452463,477,3
2,1,0.16666666666666666,0.33333333333333331,0.25,0,25,12.5,0,0.050000000000000003,0.025000000000000001,D500_F07_V01,500,7,common_grid,absolute,6,detrended_51,mean,x1_ztop,0.06482450558022386,477,3
2,2,0.16666666666666666,0.33333333333333331,0.25,25,50,37.5,0.050000000000000003,0.10000000000000001,0.074999999999999997,D500_F07_V01,500,7,common_grid,absolute,6,detrended_51,mean,x1_ztop,0.12733593762460774,477,3
2,3,0.16666666666666666,0.33333333333333331,0.25,50,75,62.5,0.10000000000000001,0.14999999999999999,0.125,D500_F07_V01,500,7,common_grid,absolute,6,detrended_51,mean,x1_ztop,-0.0004228535716275534,477,3
2,4,0.16666666666666666,0.33333333333333331,0.25,75,100,87.5,0.14999999999999999,0.20000000000000001,0.17499999999999999,D500_F07_V01,500,7,common_grid,absolute,6,detrended_51,mean,x1_ztop,0.064629600052280023,477,3
2,5,0.16666666666666666,0.33333333333333331,0.25,100,125,112.5,0.20000000000000001,0.25,0.22500000000000001,D500_F07_V01,500,7,common_grid,absolute,6,detrended_51,mean,x1_ztop,0.043080428498414883,477,3
2,6,0.16666666666666666,0.33333333333333331,0.25,125,150,137.5,0.25,0.29999999999999999,0.27500000000000002,D500_F07_V01,500,7,common_grid,absolute,6,detrended_51,mean,x1_ztop,0.057812035923293925,477,3
2,7,0.16666666666666666,0.33333333333333331,0.25,150,175,162.5,0.29999999999999999,0.34999999999999998,0.32500000000000001,D500_F07_V01,500,7,common_grid,absolute,6,detrended_51,mean,x1_ztop,0.086884206824359267,477,3
2,8,0.16666666666666666,0.33333333333333331,0.25,175,200,187.5,0.34999999999999998,0.40000000000000002,0.375,D500_F07_V01,500,7,common_grid,absolute,6,detrended_51,mean,x1_ztop,-0.031832054010326218,477,3
2,9,0.16666666666666666,0.33333333333333331,0.25,200,225,212.5,0.40000000000000002,0.45000000000000001,0.42499999999999999,D500_F07_V01,500,7,common_grid,absolute,6,detrended_51,mean,x1_ztop,0.077980413473191429,477,3
2,10,0.16666666666666666,0.33333333333333331,0.25,225,250,237.5,0.45000000000000001,0.5,0.47499999999999998,D500_F07_V01,500,7,common_grid,absolute,6,detrended_51,mean,x1_ztop,0.047377280069214683,477,3
2,11,0.16666666666666666,0.33333333333333331,0.25,250,275,262.5,0.5,0.55000000000000004,0.52500000000000002,D500_F07_V01,500,7,common_grid,absolute,6,detrended_51,mean,x1_ztop,0.022495570817871777,477,3
2,12,0.16666666666666666,0.33333333333333331,0.25,275,300,287.5,0.55000000000000004,0.59999999999999998,0.57499999999999996,D500_F07_V01,500,7,common_grid,absolute,6,detrended_51,mean,x1_ztop,0.0074433653588210982,477,3
2,13,0.16666666666666666,0.33333333333333331,0.25,300,325,312.5,0.59999999999999998,0.65000000000000002,0.625,D500_F07_V01,500,7,common_grid,absolute,6,detrended_51,mean,x1_ztop,-0.015146593827309283,477,3
2,14,0.16666666666666666,0.33333333333333331,0.25,325,350,337.5,0.65000000000000002,0.69999999999999996,0.67500000000000004,D500_F07_V01,500,7,common_grid,absolute,6,detrended_51,mean,x1_ztop,0.059420932853373847,477,3
2,15,0.16666666666666666,0.33333333333333331,0.25,350,375,362.5,0.69999999999999996,0.75,0.72499999999999998,D500_F07_V01,500,7,common_grid,absolute,6,detrended_51,mean,x1_ztop,0.10994083314003836,477,3
2,16,0.16666666666666666,0.33333333333333331,0.25,375,400,387.5,0.75,0.80000000000000004,0.77500000000000002,D500_F07_V01,500,7,common_grid,absolute,6,detrended_51,mean,x1_ztop,-0.019164726265587802,477,3
2,17,0.16666666666666666,0.33333333333333331,0.25,400,425,412.5,0.80000000000000004,0.84999999999999998,0.82499999999999996,D500_F07_V01,500,7,common_grid,absolute,6,detrended_51,mean,x1_ztop,0.059947410606176033,477,3
2,18,0.16666666666666666,0.33333333333333331,0.25,425,450,437.5,0.84999999999999998,0.90000000000000002,0.875,D500_F07_V01,500,7,common_grid,absolute,6,detrended_51,mean,x1_ztop,-0.0051625796399666557,477,3
2,19,0.16666666666666666,0.33333333333333331,0.25,450,475,462.5,0.90000000000000002,0.94999999999999996,0.92500000000000004,D500_F07_V01,500,7,common_grid,absolute,6,detrended_51,mean,x1_ztop,0.13400008406842828,477,3
2,20,0.16666666666666666,0.33333333333333331,0.25,475,500,487.5,0.94999999999999996,1,0.97499999999999998,D500_F07_V01,500,7,common_grid,absolute,6,detrended_51,mean,x1_ztop,-0.0051101409398910322,477,3
3,1,0.33333333333333331,0.5,0.41666666666666669,0,25,12.5,0,0.050000000000000003,0.025000000000000001,D500_F07_V01,500,7,common_grid,absolute,6,detrended_51,mean,x1_ztop,0.038822585591323365,477,3
3,2,0.33333333333333331,0.5,0.41666666666666669,25,50,37.5,0.050000000000000003,0.10000000000000001,0.074999999999999997,D500_F07_V01,500,7,common_grid,absolute,6,detrended_51,mean,x1_ztop,0.099996553535741675,477,3
3,3,0.33333333333333331,0.5,0.41666666666666669,50,75,62.5,0.10000000000000001,0.14999999999999999,0.125,D500_F07_V01,500,7,common_grid,absolute,6,detrended_51,mean,x1_ztop,0.043314676382255661,477,3
3,4,0.33333333333333331,0.5,0.41666666666666669,75,100,87.5,0.14999999999999999,0.20000000000000001,0.17499999999999999,D500_F07_V01,500,7,common_grid,absolute,6,detrended_51,mean,x1_ztop,0.0048352336993926492,477,3
3,5,0.33333333333333331,0.5,0.41666666666666669,100,125,112.5,0.20000000000000001,0.25,0.22500000000000001,D500_F07_V01,500,7,common_grid,absolute,6,detrended_51,mean,x1_ztop,0.038041479673017138,477,3
3,6,0.33333333333333331,0.5,0.41666666666666669,125,150,137.5,0.25,0.29999999999999999,0.27500000000000002,D500_F07_V01,500,7,common_grid,absolute,6,detrended_51,mean,x1_ztop,0.039462699271436655,477,3
3,7,0.33333333333333331,0.5,0.41666666666666669,150,175,162.5,0.29999999999999999,0.34999999999999998,0.32500000000000001,D500_F07_V01,500,7,common_grid,absolute,6,detrended_51,mean,x1_ztop,-0.02083618166458568,477,3
3,8,0.33333333333333331,0.5,0.41666666666666669,175,200,187.5,0.34999999999999998,0.40000000000000002,0.375,D500_F07_V01,500,7,common_grid,absolute,6,detrended_51,mean,x1_ztop,-0.10190381520711916,477,3
3,9,0.33333333333333331,0.5,0.41666666666666669,200,225,212.5,0.40000000000000002,0.45000000000000001,0.42499999999999999,D500_F07_V01,500,7,common_grid,absolute,6,detrended_51,mean,x1_ztop,0.0039860168177389167,477,3
3,10,0.33333333333333331,0.5,0.41666666666666669,225,250,237.5,0.45000000000000001,0.5,0.47499999999999998,D500_F07_V01,500,7,common_grid,absolute,6,detrended_51,mean,x1_ztop,0.07600973805333687,477,3
3,11,0.33333333333333331,0.5,0.41666666666666669,250,275,262.5,0.5,0.55000000000000004,0.52500000000000002,D500_F07_V01,500,7,common_grid,absolute,6,detrended_51,mean,x1_ztop,-0.0063028004943162363,477,3
3,12,0.33333333333333331,0.5,0.41666666666666669,275,300,287.5,0.55000000000000004,0.59999999999999998,0.57499999999999996,D500_F07_V01,500,7,common_grid,absolute,6,detrended_51,mean,x1_ztop,0.025544250244594831,477,3
3,13,0.33333333333333331,0.5,0.41666666666666669,300,325,312.5,0.59999999999999998,0.65000000000000002,0.625,D500_F07_V01,500,7,common_grid,absolute,6,detrended_51,mean,x1_ztop,0.022286693344530269,477,3
3,14,0.33333333333333331,0.5,0.41666666666666669,325,350,337.5,0.65000000000000002,0.69999999999999996,0.67500000000000004,D500_F07_V01,500,7,common_grid,absolute,6,detrended_51,mean,x1_ztop,0.10672105440183147,477,3
3,15,0.33333333333333331,0.5,0.41666666666666669,350,375,362.5,0.69999999999999996,0.75,0.72499999999999998,D500_F07_V01,500,7,common_grid,absolute,6,detrended_51,mean,x1_ztop,0.0030233801092956099,477,3
3,16,0.33333333333333331,0.5,0.41666666666666669,375,400,387.5,0.75,0.80000000000000004,0.77500000000000002,D500_F07_V01,500,7,common_grid,absolute,6,detrended_51,mean,x1_ztop,0.11426300402208332,477,3
3,17,0.33333333333333331,0.5,0.41666666666666669,400,425,412.5,0.80000000000000004,0.84999999999999998,0.82499999999999996,D500_F07_V01,500,7,common_grid,absolute,6,detrended_51,mean,x1_ztop,0.06455742902296023,477,3
3,18,0.33333333333333331,0.5,0.41666666666666669,425,450,437.5,0.84999999999999998,0.90000000000000002,0.875,D500_F07_V01,500,7,common_grid,absolute,6,detrended_51,mean,x1_ztop,-0.026485615684223595,477,3
3,19,0.33333333333333331,0.5,0.41666666666666669,450,475,462.5,0.90000000000000002,0.94999999999999996,0.92500000000000004,D500_F07_V01,500,7,common_grid,absolute,6,detrended_51,mean,x1_ztop,-0.058669255080091132,477,3
3,20,0.33333333333333331,0.5,0.41666666666666669,475,500,487.5,0.94999999999999996,1,0.97499999999999998,D500_F07_V01,500,7,common_grid,absolute,6,detrended_51,mean,x1_ztop,0.07843980519370658,477,3
4,1,0.5,0.66666666666666663,0.58333333333333337,0,25,12.5,0,0.050000000000000003,0.025000000000000001,D500_F07_V01,500,7,common_grid,absolute,6,detrended_51,mean,x1_ztop,-0.051300786982471536,477,3
4,2,0.5,0.66666666666666663,0.58333333333333337,25,50,37.5,0.050000000000000003,0.10000000000000001,0.074999999999999997,D500_F07_V01,500,7,common_grid,absolute,6,detrended_51,mean,x1_ztop,-0.023584165150919465,477,3
4,3,0.5,0.66666666666666663,0.58333333333333337,50,75,62.5,0.10000000000000001,0.14999999999999999,0.125,D500_F07_V01,500,7,common_grid,absolute,6,detrended_51,mean,x1_ztop,-0.01461108744437619,477,3
4,4,0.5,0.66666666666666663,0.58333333333333337,75,100,87.5,0.14999999999999999,0.20000000000000001,0.17499999999999999,D500_F07_V01,500,7,common_grid,absolute,6,detrended_51,mean,x1_ztop,-0.073992194277323439,477,3
4,5,0.5,0.66666666666666663,0.58333333333333337,100,125,112.5,0.20000000000000001,0.25,0.22500000000000001,D500_F07_V01,500,7,common_grid,absolute,6,detrended_51,mean,x1_ztop,-0.04813426175756249,477,3
4,6,0.5,0.66666666666666663,0.58333333333333337,125,150,137.5,0.25,0.29999999999999999,0.27500000000000002,D500_F07_V01,500,7,common_grid,absolute,6,detrended_51,mean,x1_ztop,-0.12060389442174528,477,3
4,7,0.5,0.66666666666666663,0.58333333333333337,150,175,162.5,0.29999999999999999,0.34999999999999998,0.32500000000000001,D500_F07_V01,500,7,common_grid,absolute,6,detrended_51,mean,x1_ztop,0.0043682976172532912,477,3
4,8,0.5,0.66666666666666663,0.58333333333333337,175,200,187.5,0.34999999999999998,0.40000000000000002,0.375,D500_F07_V01,500,7,common_grid,absolute,6,detrended_51,mean,x1_ztop,0.048556300006254827,477,3
4,9,0.5,0.66666666666666663,0.58333333333333337,200,225,212.5,0.40000000000000002,0.45000000000000001,0.42499999999999999,D500_F07_V01,500,7,common_grid,absolute,6,detrended_51,mean,x1_ztop,0.00020784350328464929,477,3
4,10,0.5,0.66666666666666663,0.58333333333333337,225,250,237.5,0.45000000000000001,0.5,0.47499999999999998,D500_F07_V01,500,7,common_grid,absolute,6,detrended_51,mean,x1_ztop,-0.03072964112061756,477,3
4,11,0.5,0.66666666666666663,0.58333333333333337,250,275,262.5,0.5,0.55000000000000004,0.52500000000000002,D500_F07_V01,500,7,common_grid,absolute,6,detrended_51,mean,x1_ztop,-0.069108756946898331,477,3
4,12,0.5,0.66666666666666663,0.58333333333333337,275,300,287.5,0.55000000000000004,0.59999999999999998,0.57499999999999996,D500_F07_V01,500,7,common_grid,absolute,6,detrended_51,mean,x1_ztop,-0.034258050268571767,477,3
4,13,0.5,0.66666666666666663,0.58333333333333337,300,325,312.5,0.59999999999999998,0.65000000000000002,0.625,D500_F07_V01,500,7,common_grid,absolute,6,detrended_51,mean,x1_ztop,0.050998787259597382,477,3
4,14,0.5,0.66666666666666663,0.58333333333333337,325,350,337.5,0.65000000000000002,0.69999999999999996,0.67500000000000004,D500_F07_V01,500,7,common_grid,absolute,6,detrended_51,mean,x1_ztop,-0.022600229760344717,477,3
4,15,0.5,0.66666666666666663,0.58333333333333337,350,375,362.5,0.69999999999999996,0.75,0.72499999999999998,D500_F07_V01,500,7,common_grid,absolute,6,detrended_51,mean,x1_ztop,-0.052441565294947257,477,3
4,16,0.5,0.66666666666666663,0.58333333333333337,375,400,387.5,0.75,0.80000000000000004,0.77500000000000002,D500_F07_V01,500,7,common_grid,absolute,6,detrended_51,mean,x1_ztop,0.0098235428525126518,477,3
4,17,0.5,0.66666666666666663,0.58333333333333337,400,425,412.5,0.80000000000000004,0.84999999999999998,0.82499999999999996,D500_F07_V01,500,7,common_grid,absolute,6,detrended_51,mean,x1_ztop,0.084386019832334472,477,3
4,18,0.5,0.66666666666666663,0.58333333333333337,425,450,437.5,0.84999999999999998,0.90000000000000002,0.875,D500_F07_V01,500,7,common_grid,absolute,6,detrended_51,mean,x1_ztop,-0.012117744516940605,477,3
4,19,0.5,0.66666666666666663,0.58333333333333337,450,475,462.5,0.90000000000000002,0.94999999999999996,0.92500000000000004,D500_F07_V01,500,7,common_grid,absolute,6,detrended_51,mean,x1_ztop,0.027970437414197462,477,3
4,20,0.5,0.66666666666666663,0.58333333333333337,475,500,487.5,0.94999999999999996,1,0.97499999999999998,D500_F07_V01,500,7,common_grid,absolute,6,detrended_51,mean,x1_ztop,0.016892778271639718,477,3
5,1,0.66666666666666663,0.83333333333333337,0.75,0,25,12.5,0,0.050000000000000003,0.025000000000000001,D500_F07_V01,500,7,common_grid,absolute,6,detrended_51,mean,x1_ztop,0.036970100979741141,477,3
5,2,0.66666666666666663,0.83333333333333337,0.75,25,50,37.5,0.050000000000000003,0.10000000000000001,0.074999999999999997,D500_F07_V01,500,7,common_grid,absolute,6,detrended_51,mean,x1_ztop,0.017165892698983019,477,3
5,3,0.66666666666666663,0.83333333333333337,0.75,50,75,62.5,0.10000000000000001,0.14999999999999999,0.125,D500_F07_V01,500,7,common_grid,absolute,6,detrended_51,mean,x1_ztop,-0.11470383895134009,477,3
5,4,0.66666666666666663,0.83333333333333337,0.75,75,100,87.5,0.14999999999999999,0.20000000000000001,0.17499999999999999,D500_F07_V01,500,7,common_grid,absolute,6,detrended_51,mean,x1_ztop,0.0981677685999712,477,3
5,5,0.66666666666666663,0.83333333333333337,0.75,100,125,112.5,0.20000000000000001,0.25,0.22500000000000001,D500_F07_V01,500,7,common_grid,absolute,6,detrended_51,mean,x1_ztop,0.040521888523370082,477,3
5,6,0.66666666666666663,0.83333333333333337,0.75,125,150,137.5,0.25,0.29999999999999999,0.27500000000000002,D500_F07_V01,500,7,common_grid,absolute,6,detrended_51,mean,x1_ztop,0.045413550213100125,477,3
5,7,0.66666666666666663,0.83333333333333337,0.75,150,175,162.5,0.29999999999999999,0.34999999999999998,0.32500000000000001,D500_F07_V01,500,7,common_grid,absolute,6,detrended_51,mean,x1_ztop,0.051913364654673874,477,3
5,8,0.66666666666666663,0.83333333333333337,0.75,175,200,187.5,0.34999999999999998,0.40000000000000002,0.375,D500_F07_V01,500,7,common_grid,absolute,6,detrended_51,mean,x1_ztop,-0.0030549556412756626,477,3
5,9,0.66666666666666663,0.83333333333333337,0.75,200,225,212.5,0.40000000000000002,0.45000000000000001,0.42499999999999999,D500_F07_V01,500,7,common_grid,absolute,6,detrended_51,mean,x1_ztop,0.08421645852292825,477,3
5,10,0.66666666666666663,0.83333333333333337,0.75,225,250,237.5,0.45000000000000001,0.5,0.47499999999999998,D500_F07_V01,500,7,common_grid,absolute,6,detrended_51,mean,x1_ztop,-0.078008109303148054,477,3
5,11,0.66666666666666663,0.83333333333333337,0.75,250,275,262.5,0.5,0.55000000000000004,0.52500000000000002,D500_F07_V01,500,7,common_grid,absolute,6,detrended_51,mean,x1_ztop,0.023434853669781479,477,3
5,12,0.66666666666666663,0.83333333333333337,0.75,275,300,287.5,0.55000000000000004,0.59999999999999998,0.57499999999999996,D500_F07_V01,500,7,common_grid,absolute,6,detrended_51,mean,x1_ztop,0.066225216073046253,477,3
5,13,0.66666666666666663,0.83333333333333337,0.75,300,325,312.5,0.59999999999999998,0.65000000000000002,0.625,D500_F07_V01,500,7,common_grid,absolute,6,detrended_51,mean,x1_ztop,0.085004907959439102,477,3
5,14,0.66666666666666663,0.83333333333333337,0.75,325,350,337.5,0.65000000000000002,0.69999999999999996,0.67500000000000004,D500_F07_V01,500,7,common_grid,absolute,6,detrended_51,mean,x1_ztop,0.067434584156007948,477,3
5,15,0.66666666666666663,0.83333333333333337,0.75,350,375,362.5,0.69999999999999996,0.75,0.72499999999999998,D500_F07_V01,500,7,common_grid,absolute,6,detrended_51,mean,x1_ztop,0.060458534387162442,477,3
5,16,0.66666666666666663,0.83333333333333337,0.75,375,400,387.5,0.75,0.80000000000000004,0.77500000000000002,D500_F07_V01,500,7,common_grid,absolute,6,detrended_51,mean,x1_ztop,-0.054047681814522366,477,3
5,17,0.66666666666666663,0.83333333333333337,0.75,400,425,412.5,0.80000000000000004,0.84999999999999998,0.82499999999999996,D500_F07_V01,500,7,common_grid,absolute,6,detrended_51,mean,x1_ztop,0.037517926375896543,477,3
5,18,0.66666666666666663,0.83333333333333337,0.75,425,450,437.5,0.84999999999999998,0.90000000000000002,0.875,D500_F07_V01,500,7,common_grid,absolute,6,detrended_51,mean,x1_ztop,-0.066758756997780902,477,3
5,19,0.66666666666666663,0.83333333333333337,0.75,450,475,462.5,0.90000000000000002,0.94999999999999996,0.92500000000000004,D500_F07_V01,500,7,common_grid,absolute,6,detrended_51,mean,x1_ztop,0.072607644845303576,477,3
5,20,0.66666666666666663,0.83333333333333337,0.75,475,500,487.5,0.94999999999999996,1,0.97499999999999998,D500_F07_V01,500,7,common_grid,absolute,6,detrended_51,mean,x1_ztop,0.0041505526885334335,477,3
6,1,0.83333333333333337,1,0.91666666666666663,0,25,12.5,0,0.050000000000000003,0.025000000000000001,D500_F07_V01,500,7,common_grid,absolute,6,detrended_51,mean,x1_ztop,0.069505092869100574,477,3
6,2,0.83333333333333337,1,0.91666666666666663,25,50,37.5,0.050000000000000003,0.10000000000000001,0.074999999999999997,D500_F07_V01,500,7,common_grid,absolute,6,detrended_51,mean,x1_ztop,0.058160656826384188,477,3
6,3,0.83333333333333337,1,0.91666666666666663,50,75,62.5,0.10000000000000001,0.14999999999999999,0.125,D500_F07_V01,500,7,common_grid,absolute,6,detrended_51,mean,x1_ztop,0.0088835216620489106,477,3
6,4,0.83333333333333337,1,0.91666666666666663,75,100,87.5,0.14999999999999999,0.20000000000000001,0.17499999999999999,D500_F07_V01,500,7,common_grid,absolute,6,detrended_51,mean,x1_ztop,-0.034960876648131217,477,3
6,5,0.83333333333333337,1,0.91666666666666663,100,125,112.5,0.20000000000000001,0.25,0.22500000000000001,D500_F07_V01,500,7,common_grid,absolute,6,detrended_51,mean,x1_ztop,0.1068165533085309,477,3
6,6,0.83333333333333337,1,0.91666666666666663,125,150,137.5,0.25,0.29999999999999999,0.27500000000000002,D500_F07_V01,500,7,common_grid,absolute,6,detrended_51,mean,x1_ztop,-0.031223569378221943,477,3
6,7,0.83333333333333337,1,0.91666666666666663,150,175,162.5,0.29999999999999999,0.34999999999999998,0.32500000000000001,D500_F07_V01,500,7,common_grid,absolute,6,detrended_51,mean,x1_ztop,0.078822594501503238,477,3
6,8,0.83333333333333337,1,0.91666666666666663,175,200,187.5,0.34999999999999998,0.40000000000000002,0.375,D500_F07_V01,500,7,common_grid,absolute,6,detrended_51,mean,x1_ztop,0.059854471830734467,477,3
6,9,0.83333333333333337,1,0.91666666666666663,200,225,212.5,0.40000000000000002,0.45000000000000001,0.42499999999999999,D500_F07_V01,500,7,common_grid,absolute,6,detrended_51,mean,x1_ztop,0.037794594917935645,477,3
6,10,0.83333333333333337,1,0.91666666666666663,225,250,237.5,0.45000000000000001,0.5,0.47499999999999998,D500_F07_V01,500,7,common_grid,absolute,6,detrended_51,mean,x1_ztop,0.077995628198588379,477,3
6,11,0.83333333333333337,1,0.91666666666666663,250,275,262.5,0.5,0.55000000000000004,0.52500000000000002,D500_F07_V01,500,7,common_grid,absolute,6,detrended_51,mean,x1_ztop,0.031769275330356117,477,3
6,12,0.83333333333333337,1,0.91666666666666663,275,300,287.5,0.55000000000000004,0.59999999999999998,0.57499999999999996,D500_F07_V01,500,7,common_grid,absolute,6,detrended_51,mean,x1_ztop,0.019671980355380224,477,3
6,13,0.83333333333333337,1,0.91666666666666663,300,325,312.5,0.59999999999999998,0.65000000000000002,0.625,D500_F07_V01,500,7,common_grid,absolute,6,detrended_51,mean,x1_ztop,-0.012555310860527396,477,3
6,14,0.83333333333333337,1,0.91666666666666663,325,350,337.5,0.65000000000000002,0.69999999999999996,0.67500000000000004,D500_F07_V01,500,7,common_grid,absolute,6,detrended_51,mean,x1_ztop,-0.060683788834018003,477,3
6,15,0.83333333333333337,1,0.91666666666666663,350,375,362.5,0.69999999999999996,0.75,0.72499999999999998,D500_F07_V01,500,7,common_grid,absolute,6,detrended_51,mean,x1_ztop,0.11923841431389502,477,3
6,16,0.83333333333333337,1,0.91666666666666663,375,400,387.5,0.75,0.80000000000000004,0.77500000000000002,D500_F07_V01,500,7,common_grid,absolute,6,detrended_51,mean,x1_ztop,-0.0067979192182224691,477,3
6,17,0.83333333333333337,1,0.91666666666666663,400,425,412.5,0.80000000000000004,0.84999999999999998,0.82499999999999996,D500_F07_V01,500,7,common_grid,absolute,6,detrended_51,mean,x1_ztop,0.091423205283586786,477,3
6,18,0.83333333333333337,1,0.91666666666666663,425,450,437.5,0.84999999999999998,0.90000000000000002,0.875,D500_F07_V01,500,7,common_grid,absolute,6,detrended_51,mean,x1_ztop,0.030636643729173338,477,3
6,19,0.83333333333333337,1,0.91666666666666663,450,475,462.5,0.90000000000000002,0.94999999999999996,0.92500000000000004,D500_F07_V01,500,7,common_grid,absolute,6,detrended_51,mean,x1_ztop,0.046749396465585284,477,3
6,20,0.83333333333333337,1,0.91666666666666663,475,500,487.5,0.94999999999999996,1,0.97499999999999998,D500_F07_V01,500,7,common_grid,absolute,6,detrended_51,mean,x1_ztop,-0.016612541533283721,477,3
1,1,0,0.16666666666666666,0.083333333333333329,0,25,12.5,0,0.050000000000000003,0.025000000000000001,D500_F09_V01,500,9,d500_extension,absolute,6,detrended_51,mean,x1_ztop,-0.033629257199153731,482,3
1,2,0,0.16666666666666666,0.083333333333333329,25,50,37.5,0.050000000000000003,0.10000000000000001,0.074999999999999997,D500_F09_V01,500,9,d500_extension,absolute,6,detrended_51,mean,x1_ztop,-0.056180434720253969,482,3
1,3,0,0.16666666666666666,0.083333333333333329,50,75,62.5,0.10000000000000001,0.14999999999999999,0.125,D500_F09_V01,500,9,d500_extension,absolute,6,detrended_51,mean,x1_ztop,-0.044352660389804496,482,3
1,4,0,0.16666666666666666,0.083333333333333329,75,100,87.5,0.14999999999999999,0.20000000000000001,0.17499999999999999,D500_F09_V01,500,9,d500_extension,absolute,6,detrended_51,mean,x1_ztop,-0.0026646470916188991,482,3
1,5,0,0.16666666666666666,0.083333333333333329,100,125,112.5,0.20000000000000001,0.25,0.22500000000000001,D500_F09_V01,500,9,d500_extension,absolute,6,detrended_51,mean,x1_ztop,0.023252371834917039,482,3
1,6,0,0.16666666666666666,0.083333333333333329,125,150,137.5,0.25,0.29999999999999999,0.27500000000000002,D500_F09_V01,500,9,d500_extension,absolute,6,detrended_51,mean,x1_ztop,-0.01898073560371619,482,3
1,7,0,0.16666666666666666,0.083333333333333329,150,175,162.5,0.29999999999999999,0.34999999999999998,0.32500000000000001,D500_F09_V01,500,9,d500_extension,absolute,6,detrended_51,mean,x1_ztop,-0.036176616455375316,482,3
1,8,0,0.16666666666666666,0.083333333333333329,175,200,187.5,0.34999999999999998,0.40000000000000002,0.375,D500_F09_V01,500,9,d500_extension,absolute,6,detrended_51,mean,x1_ztop,0.02529726291528302,482,3
1,9,0,0.16666666666666666,0.083333333333333329,200,225,212.5,0.40000000000000002,0.45000000000000001,0.42499999999999999,D500_F09_V01,500,9,d500_extension,absolute,6,detrended_51,mean,x1_ztop,0.0075537893598540528,482,3
1,10,0,0.16666666666666666,0.083333333333333329,225,250,237.5,0.45000000000000001,0.5,0.47499999999999998,D500_F09_V01,500,9,d500_extension,absolute,6,detrended_51,mean,x1_ztop,-0.066828116567164877,482,3
1,11,0,0.16666666666666666,0.083333333333333329,250,275,262.5,0.5,0.55000000000000004,0.52500000000000002,D500_F09_V01,500,9,d500_extension,absolute,6,detrended_51,mean,x1_ztop,0.022095564549171588,482,3
1,12,0,0.16666666666666666,0.083333333333333329,275,300,287.5,0.55000000000000004,0.59999999999999998,0.57499999999999996,D500_F09_V01,500,9,d500_extension,absolute,6,detrended_51,mean,x1_ztop,-0.043112561562554233,482,3
1,13,0,0.16666666666666666,0.083333333333333329,300,325,312.5,0.59999999999999998,0.65000000000000002,0.625,D500_F09_V01,500,9,d500_extension,absolute,6,detrended_51,mean,x1_ztop,0.044470786179365944,482,3
1,14,0,0.16666666666666666,0.083333333333333329,325,350,337.5,0.65000000000000002,0.69999999999999996,0.67500000000000004,D500_F09_V01,500,9,d500_extension,absolute,6,detrended_51,mean,x1_ztop,0.018843459390228821,482,3
1,15,0,0.16666666666666666,0.083333333333333329,350,375,362.5,0.69999999999999996,0.75,0.72499999999999998,D500_F09_V01,500,9,d500_extension,absolute,6,detrended_51,mean,x1_ztop,-0.028476751406363042,482,3
1,16,0,0.16666666666666666,0.083333333333333329,375,400,387.5,0.75,0.80000000000000004,0.77500000000000002,D500_F09_V01,500,9,d500_extension,absolute,6,detrended_51,mean,x1_ztop,0.066138480375757869,482,3
1,17,0,0.16666666666666666,0.083333333333333329,400,425,412.5,0.80000000000000004,0.84999999999999998,0.82499999999999996,D500_F09_V01,500,9,d500_extension,absolute,6,detrended_51,mean,x1_ztop,0.034880963634498996,482,3
1,18,0,0.16666666666666666,0.083333333333333329,425,450,437.5,0.84999999999999998,0.90000000000000002,0.875,D500_F09_V01,500,9,d500_extension,absolute,6,detrended_51,mean,x1_ztop,-0.041596505465618175,482,3
1,19,0,0.16666666666666666,0.083333333333333329,450,475,462.5,0.90000000000000002,0.94999999999999996,0.92500000000000004,D500_F09_V01,500,9,d500_extension,absolute,6,detrended_51,mean,x1_ztop,0.029370424974505094,482,3
1,20,0,0.16666666666666666,0.083333333333333329,475,500,487.5,0.94999999999999996,1,0.97499999999999998,D500_F09_V01,500,9,d500_extension,absolute,6,detrended_51,mean,x1_ztop,-0.071490308981107267,482,3
2,1,0.16666666666666666,0.33333333333333331,0.25,0,25,12.5,0,0.050000000000000003,0.025000000000000001,D500_F09_V01,500,9,d500_extension,absolute,6,detrended_51,mean,x1_ztop,0.063449371244477554,482,3
2,2,0.16666666666666666,0.33333333333333331,0.25,25,50,37.5,0.050000000000000003,0.10000000000000001,0.074999999999999997,D500_F09_V01,500,9,d500_extension,absolute,6,detrended_51,mean,x1_ztop,0.14360948029344894,482,3
2,3,0.16666666666666666,0.33333333333333331,0.25,50,75,62.5,0.10000000000000001,0.14999999999999999,0.125,D500_F09_V01,500,9,d500_extension,absolute,6,detrended_51,mean,x1_ztop,0.05503130582492663,482,3
2,4,0.16666666666666666,0.33333333333333331,0.25,75,100,87.5,0.14999999999999999,0.20000000000000001,0.17499999999999999,D500_F09_V01,500,9,d500_extension,absolute,6,detrended_51,mean,x1_ztop,0.060537599887670261,482,3
2,5,0.16666666666666666,0.33333333333333331,0.25,100,125,112.5,0.20000000000000001,0.25,0.22500000000000001,D500_F09_V01,500,9,d500_extension,absolute,6,detrended_51,mean,x1_ztop,0.099881619146006975,482,3
2,6,0.16666666666666666,0.33333333333333331,0.25,125,150,137.5,0.25,0.29999999999999999,0.27500000000000002,D500_F09_V01,500,9,d500_extension,absolute,6,detrended_51,mean,x1_ztop,0.11524416677956413,482,3
2,7,0.16666666666666666,0.33333333333333331,0.25,150,175,162.5,0.29999999999999999,0.34999999999999998,0.32500000000000001,D500_F09_V01,500,9,d500_extension,absolute,6,detrended_51,mean,x1_ztop,0.094885836952224689,482,3
2,8,0.16666666666666666,0.33333333333333331,0.25,175,200,187.5,0.34999999999999998,0.40000000000000002,0.375,D500_F09_V01,500,9,d500_extension,absolute,6,detrended_51,mean,x1_ztop,0.02507659650396734,482,3
2,9,0.16666666666666666,0.33333333333333331,0.25,200,225,212.5,0.40000000000000002,0.45000000000000001,0.42499999999999999,D500_F09_V01,500,9,d500_extension,absolute,6,detrended_51,mean,x1_ztop,0.038184487861889473,482,3
2,10,0.16666666666666666,0.33333333333333331,0.25,225,250,237.5,0.45000000000000001,0.5,0.47499999999999998,D500_F09_V01,500,9,d500_extension,absolute,6,detrended_51,mean,x1_ztop,0.05902762467279378,482,3
2,11,0.16666666666666666,0.33333333333333331,0.25,250,275,262.5,0.5,0.55000000000000004,0.52500000000000002,D500_F09_V01,500,9,d500_extension,absolute,6,detrended_51,mean,x1_ztop,0.045208225049923202,482,3
2,12,0.16666666666666666,0.33333333333333331,0.25,275,300,287.5,0.55000000000000004,0.59999999999999998,0.57499999999999996,D500_F09_V01,500,9,d500_extension,absolute,6,detrended_51,mean,x1_ztop,0.075311108833917326,482,3
2,13,0.16666666666666666,0.33333333333333331,0.25,300,325,312.5,0.59999999999999998,0.65000000000000002,0.625,D500_F09_V01,500,9,d500_extension,absolute,6,detrended_51,mean,x1_ztop,-0.021984188224630084,482,3
2,14,0.16666666666666666,0.33333333333333331,0.25,325,350,337.5,0.65000000000000002,0.69999999999999996,0.67500000000000004,D500_F09_V01,500,9,d500_extension,absolute,6,detrended_51,mean,x1_ztop,0.011069193209404428,482,3
2,15,0.16666666666666666,0.33333333333333331,0.25,350,375,362.5,0.69999999999999996,0.75,0.72499999999999998,D500_F09_V01,500,9,d500_extension,absolute,6,detrended_51,mean,x1_ztop,-0.011462341568954827,482,3
2,16,0.16666666666666666,0.33333333333333331,0.25,375,400,387.5,0.75,0.80000000000000004,0.77500000000000002,D500_F09_V01,500,9,d500_extension,absolute,6,detrended_51,mean,x1_ztop,-0.043802216422587442,482,3
2,17,0.16666666666666666,0.33333333333333331,0.25,400,425,412.5,0.80000000000000004,0.84999999999999998,0.82499999999999996,D500_F09_V01,500,9,d500_extension,absolute,6,detrended_51,mean,x1_ztop,0.041119746400054127,482,3
2,18,0.16666666666666666,0.33333333333333331,0.25,425,450,437.5,0.84999999999999998,0.90000000000000002,0.875,D500_F09_V01,500,9,d500_extension,absolute,6,detrended_51,mean,x1_ztop,0.040301954262191825,482,3
2,19,0.16666666666666666,0.33333333333333331,0.25,450,475,462.5,0.90000000000000002,0.94999999999999996,0.92500000000000004,D500_F09_V01,500,9,d500_extension,absolute,6,detrended_51,mean,x1_ztop,0.075916001275543113,482,3
2,20,0.16666666666666666,0.33333333333333331,0.25,475,500,487.5,0.94999999999999996,1,0.97499999999999998,D500_F09_V01,500,9,d500_extension,absolute,6,detrended_51,mean,x1_ztop,-0.060178563170313538,482,3
3,1,0.33333333333333331,0.5,0.41666666666666669,0,25,12.5,0,0.050000000000000003,0.025000000000000001,D500_F09_V01,500,9,d500_extension,absolute,6,detrended_51,mean,x1_ztop,0.087418667389772234,482,3
3,2,0.33333333333333331,0.5,0.41666666666666669,25,50,37.5,0.050000000000000003,0.10000000000000001,0.074999999999999997,D500_F09_V01,500,9,d500_extension,absolute,6,detrended_51,mean,x1_ztop,0.045942375431849161,482,3
3,3,0.33333333333333331,0.5,0.41666666666666669,50,75,62.5,0.10000000000000001,0.14999999999999999,0.125,D500_F09_V01,500,9,d500_extension,absolute,6,detrended_51,mean,x1_ztop,0.0267096344936016,482,3
3,4,0.33333333333333331,0.5,0.41666666666666669,75,100,87.5,0.14999999999999999,0.20000000000000001,0.17499999999999999,D500_F09_V01,500,9,d500_extension,absolute,6,detrended_51,mean,x1_ztop,0.014029896241890856,482,3
3,5,0.33333333333333331,0.5,0.41666666666666669,100,125,112.5,0.20000000000000001,0.25,0.22500000000000001,D500_F09_V01,500,9,d500_extension,absolute,6,detrended_51,mean,x1_ztop,0.1400667186731949,482,3
3,6,0.33333333333333331,0.5,0.41666666666666669,125,150,137.5,0.25,0.29999999999999999,0.27500000000000002,D500_F09_V01,500,9,d500_extension,absolute,6,detrended_51,mean,x1_ztop,0.09669462715713531,482,3
3,7,0.33333333333333331,0.5,0.41666666666666669,150,175,162.5,0.29999999999999999,0.34999999999999998,0.32500000000000001,D500_F09_V01,500,9,d500_extension,absolute,6,detrended_51,mean,x1_ztop,-0.033790409268530219,482,3
3,8,0.33333333333333331,0.5,0.41666666666666669,175,200,187.5,0.34999999999999998,0.40000000000000002,0.375,D500_F09_V01,500,9,d500_extension,absolute,6,detrended_51,mean,x1_ztop,-0.070046560244135442,482,3
3,9,0.33333333333333331,0.5,0.41666666666666669,200,225,212.5,0.40000000000000002,0.45000000000000001,0.42499999999999999,D500_F09_V01,500,9,d500_extension,absolute,6,detrended_51,mean,x1_ztop,-0.00050542720019068968,482,3
3,10,0.33333333333333331,0.5,0.41666666666666669,225,250,237.5,0.45000000000000001,0.5,0.47499999999999998,D500_F09_V01,500,9,d500_extension,absolute,6,detrended_51,mean,x1_ztop,0.012901969698391757,482,3
3,11,0.33333333333333331,0.5,0.41666666666666669,250,275,262.5,0.5,0.55000000000000004,0.52500000000000002,D500_F09_V01,500,9,d500_extension,absolute,6,detrended_51,mean,x1_ztop,-0.027002618221799061,482,3
3,12,0.33333333333333331,0.5,0.41666666666666669,275,300,287.5,0.55000000000000004,0.59999999999999998,0.57499999999999996,D500_F09_V01,500,9,d500_extension,absolute,6,detrended_51,mean,x1_ztop,0.034734013997669531,482,3
3,13,0.33333333333333331,0.5,0.41666666666666669,300,325,312.5,0.59999999999999998,0.65000000000000002,0.625,D500_F09_V01,500,9,d500_extension,absolute,6,detrended_51,mean,x1_ztop,-0.041278031419603865,482,3
3,14,0.33333333333333331,0.5,0.41666666666666669,325,350,337.5,0.65000000000000002,0.69999999999999996,0.67500000000000004,D500_F09_V01,500,9,d500_extension,absolute,6,detrended_51,mean,x1_ztop,-0.066426472256423758,482,3
3,15,0.33333333333333331,0.5,0.41666666666666669,350,375,362.5,0.69999999999999996,0.75,0.72499999999999998,D500_F09_V01,500,9,d500_extension,absolute,6,detrended_51,mean,x1_ztop,0.055974839252943234,482,3
3,16,0.33333333333333331,0.5,0.41666666666666669,375,400,387.5,0.75,0.80000000000000004,0.77500000000000002,D500_F09_V01,500,9,d500_extension,absolute,6,detrended_51,mean,x1_ztop,-0.020807444960464955,482,3
3,17,0.33333333333333331,0.5,0.41666666666666669,400,425,412.5,0.80000000000000004,0.84999999999999998,0.82499999999999996,D500_F09_V01,500,9,d500_extension,absolute,6,detrended_51,mean,x1_ztop,0.0069929477350589679,482,3
3,18,0.33333333333333331,0.5,0.41666666666666669,425,450,437.5,0.84999999999999998,0.90000000000000002,0.875,D500_F09_V01,500,9,d500_extension,absolute,6,detrended_51,mean,x1_ztop,-0.019356334267095154,482,3
3,19,0.33333333333333331,0.5,0.41666666666666669,450,475,462.5,0.90000000000000002,0.94999999999999996,0.92500000000000004,D500_F09_V01,500,9,d500_extension,absolute,6,detrended_51,mean,x1_ztop,-0.094366596811246858,482,3
3,20,0.33333333333333331,0.5,0.41666666666666669,475,500,487.5,0.94999999999999996,1,0.97499999999999998,D500_F09_V01,500,9,d500_extension,absolute,6,detrended_51,mean,x1_ztop,0.093874937954159396,482,3
4,1,0.5,0.66666666666666663,0.58333333333333337,0,25,12.5,0,0.050000000000000003,0.025000000000000001,D500_F09_V01,500,9,d500_extension,absolute,6,detrended_51,mean,x1_ztop,0.046330679625573634,482,3
4,2,0.5,0.66666666666666663,0.58333333333333337,25,50,37.5,0.050000000000000003,0.10000000000000001,0.074999999999999997,D500_F09_V01,500,9,d500_extension,absolute,6,detrended_51,mean,x1_ztop,0.011696026947245919,482,3
4,3,0.5,0.66666666666666663,0.58333333333333337,50,75,62.5,0.10000000000000001,0.14999999999999999,0.125,D500_F09_V01,500,9,d500_extension,absolute,6,detrended_51,mean,x1_ztop,0.023461539426343818,482,3
4,4,0.5,0.66666666666666663,0.58333333333333337,75,100,87.5,0.14999999999999999,0.20000000000000001,0.17499999999999999,D500_F09_V01,500,9,d500_extension,absolute,6,detrended_51,mean,x1_ztop,-0.030543172098470479,482,3
4,5,0.5,0.66666666666666663,0.58333333333333337,100,125,112.5,0.20000000000000001,0.25,0.22500000000000001,D500_F09_V01,500,9,d500_extension,absolute,6,detrended_51,mean,x1_ztop,0.013468930157348312,482,3
4,6,0.5,0.66666666666666663,0.58333333333333337,125,150,137.5,0.25,0.29999999999999999,0.27500000000000002,D500_F09_V01,500,9,d500_extension,absolute,6,detrended_51,mean,x1_ztop,-0.061215018646022745,482,3
4,7,0.5,0.66666666666666663,0.58333333333333337,150,175,162.5,0.29999999999999999,0.34999999999999998,0.32500000000000001,D500_F09_V01,500,9,d500_extension,absolute,6,detrended_51,mean,x1_ztop,-0.0015553538013879419,482,3
4,8,0.5,0.66666666666666663,0.58333333333333337,175,200,187.5,0.34999999999999998,0.40000000000000002,0.375,D500_F09_V01,500,9,d500_extension,absolute,6,detrended_51,mean,x1_ztop,0.09256057921123631,482,3
4,9,0.5,0.66666666666666663,0.58333333333333337,200,225,212.5,0.40000000000000002,0.45000000000000001,0.42499999999999999,D500_F09_V01,500,9,d500_extension,absolute,6,detrended_51,mean,x1_ztop,-0.012596651324077359,482,3
4,10,0.5,0.66666666666666663,0.58333333333333337,225,250,237.5,0.45000000000000001,0.5,0.47499999999999998,D500_F09_V01,500,9,d500_extension,absolute,6,detrended_51,mean,x1_ztop,0.090140485356738437,482,3
4,11,0.5,0.66666666666666663,0.58333333333333337,250,275,262.5,0.5,0.55000000000000004,0.52500000000000002,D500_F09_V01,500,9,d500_extension,absolute,6,detrended_51,mean,x1_ztop,0.06388728916172276,482,3
4,12,0.5,0.66666666666666663,0.58333333333333337,275,300,287.5,0.55000000000000004,0.59999999999999998,0.57499999999999996,D500_F09_V01,500,9,d500_extension,absolute,6,detrended_51,mean,x1_ztop,-0.0039784392651776744,482,3
4,13,0.5,0.66666666666666663,0.58333333333333337,300,325,312.5,0.59999999999999998,0.65000000000000002,0.625,D500_F09_V01,500,9,d500_extension,absolute,6,detrended_51,mean,x1_ztop,-0.066783125020181522,482,3
4,14,0.5,0.66666666666666663,0.58333333333333337,325,350,337.5,0.65000000000000002,0.69999999999999996,0.67500000000000004,D500_F09_V01,500,9,d500_extension,absolute,6,detrended_51,mean,x1_ztop,-0.058918996967232268,482,3
4,15,0.5,0.66666666666666663,0.58333333333333337,350,375,362.5,0.69999999999999996,0.75,0.72499999999999998,D500_F09_V01,500,9,d500_extension,absolute,6,detrended_51,mean,x1_ztop,-0.045653594973668367,482,3
4,16,0.5,0.66666666666666663,0.58333333333333337,375,400,387.5,0.75,0.80000000000000004,0.77500000000000002,D500_F09_V01,500,9,d500_extension,absolute,6,detrended_51,mean,x1_ztop,-0.13078811848567987,482,3
4,17,0.5,0.66666666666666663,0.58333333333333337,400,425,412.5,0.80000000000000004,0.84999999999999998,0.82499999999999996,D500_F09_V01,500,9,d500_extension,absolute,6,detrended_51,mean,x1_ztop,-0.089670304359628084,482,3
4,18,0.5,0.66666666666666663,0.58333333333333337,425,450,437.5,0.84999999999999998,0.90000000000000002,0.875,D500_F09_V01,500,9,d500_extension,absolute,6,detrended_51,mean,x1_ztop,0.030485125603544948,482,3
4,19,0.5,0.66666666666666663,0.58333333333333337,450,475,462.5,0.90000000000000002,0.94999999999999996,0.92500000000000004,D500_F09_V01,500,9,d500_extension,absolute,6,detrended_51,mean,x1_ztop,-0.046192373851736003,482,3
4,20,0.5,0.66666666666666663,0.58333333333333337,475,500,487.5,0.94999999999999996,1,0.97499999999999998,D500_F09_V01,500,9,d500_extension,absolute,6,detrended_51,mean,x1_ztop,-0.045447412343904744,482,3
5,1,0.66666666666666663,0.83333333333333337,0.75,0,25,12.5,0,0.050000000000000003,0.025000000000000001,D500_F09_V01,500,9,d500_extension,absolute,6,detrended_51,mean,x1_ztop,0.026715611442655635,482,3
5,2,0.66666666666666663,0.83333333333333337,0.75,25,50,37.5,0.050000000000000003,0.10000000000000001,0.074999999999999997,D500_F09_V01,500,9,d500_extension,absolute,6,detrended_51,mean,x1_ztop,0.10485485672517064,482,3
5,3,0.66666666666666663,0.83333333333333337,0.75,50,75,62.5,0.10000000000000001,0.14999999999999999,0.125,D500_F09_V01,500,9,d500_extension,absolute,6,detrended_51,mean,x1_ztop,0.035017976007814325,482,3
5,4,0.66666666666666663,0.83333333333333337,0.75,75,100,87.5,0.14999999999999999,0.20000000000000001,0.17499999999999999,D500_F09_V01,500,9,d500_extension,absolute,6,detrended_51,mean,x1_ztop,0.0019121173279422182,482,3
5,5,0.66666666666666663,0.83333333333333337,0.75,100,125,112.5,0.20000000000000001,0.25,0.22500000000000001,D500_F09_V01,500,9,d500_extension,absolute,6,detrended_51,mean,x1_ztop,-0.034662679454404231,482,3
5,6,0.66666666666666663,0.83333333333333337,0.75,125,150,137.5,0.25,0.29999999999999999,0.27500000000000002,D500_F09_V01,500,9,d500_extension,absolute,6,detrended_51,mean,x1_ztop,0.01360914643535675,482,3
5,7,0.66666666666666663,0.83333333333333337,0.75,150,175,162.5,0.29999999999999999,0.34999999999999998,0.32500000000000001,D500_F09_V01,500,9,d500_extension,absolute,6,detrended_51,mean,x1_ztop,0.0014135819685692792,482,3
5,8,0.66666666666666663,0.83333333333333337,0.75,175,200,187.5,0.34999999999999998,0.40000000000000002,0.375,D500_F09_V01,500,9,d500_extension,absolute,6,detrended_51,mean,x1_ztop,-0.0348257346505602,482,3
5,9,0.66666666666666663,0.83333333333333337,0.75,200,225,212.5,0.40000000000000002,0.45000000000000001,0.42499999999999999,D500_F09_V01,500,9,d500_extension,absolute,6,detrended_51,mean,x1_ztop,0.00087763991487864804,482,3
5,10,0.66666666666666663,0.83333333333333337,0.75,225,250,237.5,0.45000000000000001,0.5,0.47499999999999998,D500_F09_V01,500,9,d500_extension,absolute,6,detrended_51,mean,x1_ztop,-0.016279473555057627,482,3
5,11,0.66666666666666663,0.83333333333333337,0.75,250,275,262.5,0.5,0.55000000000000004,0.52500000000000002,D500_F09_V01,500,9,d500_extension,absolute,6,detrended_51,mean,x1_ztop,0.071166878088725946,482,3
5,12,0.66666666666666663,0.83333333333333337,0.75,275,300,287.5,0.55000000000000004,0.59999999999999998,0.57499999999999996,D500_F09_V01,500,9,d500_extension,absolute,6,detrended_51,mean,x1_ztop,0.0071091791841317795,482,3
5,13,0.66666666666666663,0.83333333333333337,0.75,300,325,312.5,0.59999999999999998,0.65000000000000002,0.625,D500_F09_V01,500,9,d500_extension,absolute,6,detrended_51,mean,x1_ztop,0.0044413327997777103,482,3
5,14,0.66666666666666663,0.83333333333333337,0.75,325,350,337.5,0.65000000000000002,0.69999999999999996,0.67500000000000004,D500_F09_V01,500,9,d500_extension,absolute,6,detrended_51,mean,x1_ztop,0.051715184435013134,482,3
5,15,0.66666666666666663,0.83333333333333337,0.75,350,375,362.5,0.69999999999999996,0.75,0.72499999999999998,D500_F09_V01,500,9,d500_extension,absolute,6,detrended_51,mean,x1_ztop,-0.052974073011870987,482,3
5,16,0.66666666666666663,0.83333333333333337,0.75,375,400,387.5,0.75,0.80000000000000004,0.77500000000000002,D500_F09_V01,500,9,d500_extension,absolute,6,detrended_51,mean,x1_ztop,-0.01677441855347276,482,3
5,17,0.66666666666666663,0.83333333333333337,0.75,400,425,412.5,0.80000000000000004,0.84999999999999998,0.82499999999999996,D500_F09_V01,500,9,d500_extension,absolute,6,detrended_51,mean,x1_ztop,-0.03009485770607577,482,3
5,18,0.66666666666666663,0.83333333333333337,0.75,425,450,437.5,0.84999999999999998,0.90000000000000002,0.875,D500_F09_V01,500,9,d500_extension,absolute,6,detrended_51,mean,x1_ztop,0.018096884008362037,482,3
5,19,0.66666666666666663,0.83333333333333337,0.75,450,475,462.5,0.90000000000000002,0.94999999999999996,0.92500000000000004,D500_F09_V01,500,9,d500_extension,absolute,6,detrended_51,mean,x1_ztop,0.051067731778669634,482,3
5,20,0.66666666666666663,0.83333333333333337,0.75,475,500,487.5,0.94999999999999996,1,0.97499999999999998,D500_F09_V01,500,9,d500_extension,absolute,6,detrended_51,mean,x1_ztop,0.019203862442811741,482,3
6,1,0.83333333333333337,1,0.91666666666666663,0,25,12.5,0,0.050000000000000003,0.025000000000000001,D500_F09_V01,500,9,d500_extension,absolute,6,detrended_51,mean,x1_ztop,-0.035196238445768711,482,3
6,2,0.83333333333333337,1,0.91666666666666663,25,50,37.5,0.050000000000000003,0.10000000000000001,0.074999999999999997,D500_F09_V01,500,9,d500_extension,absolute,6,detrended_51,mean,x1_ztop,0.07452969869224399,482,3
6,3,0.83333333333333337,1,0.91666666666666663,50,75,62.5,0.10000000000000001,0.14999999999999999,0.125,D500_F09_V01,500,9,d500_extension,absolute,6,detrended_51,mean,x1_ztop,0.0030697056710106731,482,3
6,4,0.83333333333333337,1,0.91666666666666663,75,100,87.5,0.14999999999999999,0.20000000000000001,0.17499999999999999,D500_F09_V01,500,9,d500_extension,absolute,6,detrended_51,mean,x1_ztop,-0.092252989925791146,482,3
6,5,0.83333333333333337,1,0.91666666666666663,100,125,112.5,0.20000000000000001,0.25,0.22500000000000001,D500_F09_V01,500,9,d500_extension,absolute,6,detrended_51,mean,x1_ztop,0.03192527190620334,482,3
6,6,0.83333333333333337,1,0.91666666666666663,125,150,137.5,0.25,0.29999999999999999,0.27500000000000002,D500_F09_V01,500,9,d500_extension,absolute,6,detrended_51,mean,x1_ztop,0.067401162588794361,482,3
6,7,0.83333333333333337,1,0.91666666666666663,150,175,162.5,0.29999999999999999,0.34999999999999998,0.32500000000000001,D500_F09_V01,500,9,d500_extension,absolute,6,detrended_51,mean,x1_ztop,0.024629778033229049,482,3
6,8,0.83333333333333337,1,0.91666666666666663,175,200,187.5,0.34999999999999998,0.40000000000000002,0.375,D500_F09_V01,500,9,d500_extension,absolute,6,detrended_51,mean,x1_ztop,-0.0051038280284377256,482,3
6,9,0.83333333333333337,1,0.91666666666666663,200,225,212.5,0.40000000000000002,0.45000000000000001,0.42499999999999999,D500_F09_V01,500,9,d500_extension,absolute,6,detrended_51,mean,x1_ztop,-0.0078873775772670737,482,3
6,10,0.83333333333333337,1,0.91666666666666663,225,250,237.5,0.45000000000000001,0.5,0.47499999999999998,D500_F09_V01,500,9,d500_extension,absolute,6,detrended_51,mean,x1_ztop,0.032447538177736081,482,3
6,11,0.83333333333333337,1,0.91666666666666663,250,275,262.5,0.5,0.55000000000000004,0.52500000000000002,D500_F09_V01,500,9,d500_extension,absolute,6,detrended_51,mean,x1_ztop,0.0078227390506225552,482,3
6,12,0.83333333333333337,1,0.91666666666666663,275,300,287.5,0.55000000000000004,0.59999999999999998,0.57499999999999996,D500_F09_V01,500,9,d500_extension,absolute,6,detrended_51,mean,x1_ztop,0.029367278078069149,482,3
6,13,0.83333333333333337,1,0.91666666666666663,300,325,312.5,0.59999999999999998,0.65000000000000002,0.625,D500_F09_V01,500,9,d500_extension,absolute,6,detrended_51,mean,x1_ztop,0.073663113353729076,482,3
6,14,0.83333333333333337,1,0.91666666666666663,325,350,337.5,0.65000000000000002,0.69999999999999996,0.67500000000000004,D500_F09_V01,500,9,d500_extension,absolute,6,detrended_51,mean,x1_ztop,-0.013575928910557018,482,3
6,15,0.83333333333333337,1,0.91666666666666663,350,375,362.5,0.69999999999999996,0.75,0.72499999999999998,D500_F09_V01,500,9,d500_extension,absolute,6,detrended_51,mean,x1_ztop,-0.038813888431043587,482,3
6,16,0.83333333333333337,1,0.91666666666666663,375,400,387.5,0.75,0.80000000000000004,0.77500000000000002,D500_F09_V01,500,9,d500_extension,absolute,6,detrended_51,mean,x1_ztop,0.022577381885916098,482,3
6,17,0.83333333333333337,1,0.91666666666666663,400,425,412.5,0.80000000000000004,0.84999999999999998,0.82499999999999996,D500_F09_V01,500,9,d500_extension,absolute,6,detrended_51,mean,x1_ztop,0.095727726007762914,482,3
6,18,0.83333333333333337,1,0.91666666666666663,425,450,437.5,0.84999999999999998,0.90000000000000002,0.875,D500_F09_V01,500,9,d500_extension,absolute,6,detrended_51,mean,x1_ztop,-0.021367396491722691,482,3
6,19,0.83333333333333337,1,0.91666666666666663,450,475,462.5,0.90000000000000002,0.94999999999999996,0.92500000000000004,D500_F09_V01,500,9,d500_extension,absolute,6,detrended_51,mean,x1_ztop,0.031523636440696681,482,3
6,20,0.83333333333333337,1,0.91666666666666663,475,500,487.5,0.94999999999999996,1,0.97499999999999998,D500_F09_V01,500,9,d500_extension,absolute,6,detrended_51,mean,x1_ztop,-0.041647358736841167,482,3
1,1,0,0.16666666666666666,0.083333333333333329,0,25,12.5,0,0.050000000000000003,0.025000000000000001,D500_F10_V01,500,10,common_grid,absolute,6,detrended_51,mean,x1_ztop,-0.020449480540951463,500,3
1,2,0,0.16666666666666666,0.083333333333333329,25,50,37.5,0.050000000000000003,0.10000000000000001,0.074999999999999997,D500_F10_V01,500,10,common_grid,absolute,6,detrended_51,mean,x1_ztop,0.021896630315645701,500,3
1,3,0,0.16666666666666666,0.083333333333333329,50,75,62.5,0.10000000000000001,0.14999999999999999,0.125,D500_F10_V01,500,10,common_grid,absolute,6,detrended_51,mean,x1_ztop,-0.047227979312604883,500,3
1,4,0,0.16666666666666666,0.083333333333333329,75,100,87.5,0.14999999999999999,0.20000000000000001,0.17499999999999999,D500_F10_V01,500,10,common_grid,absolute,6,detrended_51,mean,x1_ztop,0.047379373302339864,500,3
1,5,0,0.16666666666666666,0.083333333333333329,100,125,112.5,0.20000000000000001,0.25,0.22500000000000001,D500_F10_V01,500,10,common_grid,absolute,6,detrended_51,mean,x1_ztop,0.032167023792212236,500,3
1,6,0,0.16666666666666666,0.083333333333333329,125,150,137.5,0.25,0.29999999999999999,0.27500000000000002,D500_F10_V01,500,10,common_grid,absolute,6,detrended_51,mean,x1_ztop,0.026087732591289749,500,3
1,7,0,0.16666666666666666,0.083333333333333329,150,175,162.5,0.29999999999999999,0.34999999999999998,0.32500000000000001,D500_F10_V01,500,10,common_grid,absolute,6,detrended_51,mean,x1_ztop,-0.00032199022728654882,500,3
1,8,0,0.16666666666666666,0.083333333333333329,175,200,187.5,0.34999999999999998,0.40000000000000002,0.375,D500_F10_V01,500,10,common_grid,absolute,6,detrended_51,mean,x1_ztop,-0.0064145861127188099,500,3
1,9,0,0.16666666666666666,0.083333333333333329,200,225,212.5,0.40000000000000002,0.45000000000000001,0.42499999999999999,D500_F10_V01,500,10,common_grid,absolute,6,detrended_51,mean,x1_ztop,-0.018794449374337396,500,3
1,10,0,0.16666666666666666,0.083333333333333329,225,250,237.5,0.45000000000000001,0.5,0.47499999999999998,D500_F10_V01,500,10,common_grid,absolute,6,detrended_51,mean,x1_ztop,0.11891170233410184,500,3
1,11,0,0.16666666666666666,0.083333333333333329,250,275,262.5,0.5,0.55000000000000004,0.52500000000000002,D500_F10_V01,500,10,common_grid,absolute,6,detrended_51,mean,x1_ztop,-0.020409395439465433,500,3
1,12,0,0.16666666666666666,0.083333333333333329,275,300,287.5,0.55000000000000004,0.59999999999999998,0.57499999999999996,D500_F10_V01,500,10,common_grid,absolute,6,detrended_51,mean,x1_ztop,0.0069777167967418974,500,3
1,13,0,0.16666666666666666,0.083333333333333329,300,325,312.5,0.59999999999999998,0.65000000000000002,0.625,D500_F10_V01,500,10,common_grid,absolute,6,detrended_51,mean,x1_ztop,-0.041669186565245604,500,3
1,14,0,0.16666666666666666,0.083333333333333329,325,350,337.5,0.65000000000000002,0.69999999999999996,0.67500000000000004,D500_F10_V01,500,10,common_grid,absolute,6,detrended_51,mean,x1_ztop,-0.02168886435722521,500,3
1,15,0,0.16666666666666666,0.083333333333333329,350,375,362.5,0.69999999999999996,0.75,0.72499999999999998,D500_F10_V01,500,10,common_grid,absolute,6,detrended_51,mean,x1_ztop,0.068465507742457257,500,3
1,16,0,0.16666666666666666,0.083333333333333329,375,400,387.5,0.75,0.80000000000000004,0.77500000000000002,D500_F10_V01,500,10,common_grid,absolute,6,detrended_51,mean,x1_ztop,0.093095751409042651,500,3
1,17,0,0.16666666666666666,0.083333333333333329,400,425,412.5,0.80000000000000004,0.84999999999999998,0.82499999999999996,D500_F10_V01,500,10,common_grid,absolute,6,detrended_51,mean,x1_ztop,0.0098189342525033876,500,3
1,18,0,0.16666666666666666,0.083333333333333329,425,450,437.5,0.84999999999999998,0.90000000000000002,0.875,D500_F10_V01,500,10,common_grid,absolute,6,detrended_51,mean,x1_ztop,-0.018071229463528033,500,3
1,19,0,0.16666666666666666,0.083333333333333329,450,475,462.5,0.90000000000000002,0.94999999999999996,0.92500000000000004,D500_F10_V01,500,10,common_grid,absolute,6,detrended_51,mean,x1_ztop,0.052023351548571246,500,3
1,20,0,0.16666666666666666,0.083333333333333329,475,500,487.5,0.94999999999999996,1,0.97499999999999998,D500_F10_V01,500,10,common_grid,absolute,6,detrended_51,mean,x1_ztop,-0.027712480751479668,500,3
2,1,0.16666666666666666,0.33333333333333331,0.25,0,25,12.5,0,0.050000000000000003,0.025000000000000001,D500_F10_V01,500,10,common_grid,absolute,6,detrended_51,mean,x1_ztop,0.15430625486829447,500,3
2,2,0.16666666666666666,0.33333333333333331,0.25,25,50,37.5,0.050000000000000003,0.10000000000000001,0.074999999999999997,D500_F10_V01,500,10,common_grid,absolute,6,detrended_51,mean,x1_ztop,0.055459764579369096,500,3
2,3,0.16666666666666666,0.33333333333333331,0.25,50,75,62.5,0.10000000000000001,0.14999999999999999,0.125,D500_F10_V01,500,10,common_grid,absolute,6,detrended_51,mean,x1_ztop,0.12280133095042636,500,3
2,4,0.16666666666666666,0.33333333333333331,0.25,75,100,87.5,0.14999999999999999,0.20000000000000001,0.17499999999999999,D500_F10_V01,500,10,common_grid,absolute,6,detrended_51,mean,x1_ztop,-0.027102687982868238,500,3
2,5,0.16666666666666666,0.33333333333333331,0.25,100,125,112.5,0.20000000000000001,0.25,0.22500000000000001,D500_F10_V01,500,10,common_grid,absolute,6,detrended_51,mean,x1_ztop,0.01421984108599747,500,3
2,6,0.16666666666666666,0.33333333333333331,0.25,125,150,137.5,0.25,0.29999999999999999,0.27500000000000002,D500_F10_V01,500,10,common_grid,absolute,6,detrended_51,mean,x1_ztop,-0.00016223339270515433,500,3
2,7,0.16666666666666666,0.33333333333333331,0.25,150,175,162.5,0.29999999999999999,0.34999999999999998,0.32500000000000001,D500_F10_V01,500,10,common_grid,absolute,6,detrended_51,mean,x1_ztop,0.045956014969330952,500,3
2,8,0.16666666666666666,0.33333333333333331,0.25,175,200,187.5,0.34999999999999998,0.40000000000000002,0.375,D500_F10_V01,500,10,common_grid,absolute,6,detrended_51,mean,x1_ztop,0.051675049647241247,500,3
2,9,0.16666666666666666,0.33333333333333331,0.25,200,225,212.5,0.40000000000000002,0.45000000000000001,0.42499999999999999,D500_F10_V01,500,10,common_grid,absolute,6,detrended_51,mean,x1_ztop,0.070719650658946712,500,3
2,10,0.16666666666666666,0.33333333333333331,0.25,225,250,237.5,0.45000000000000001,0.5,0.47499999999999998,D500_F10_V01,500,10,common_grid,absolute,6,detrended_51,mean,x1_ztop,0.021045404499814735,500,3
2,11,0.16666666666666666,0.33333333333333331,0.25,250,275,262.5,0.5,0.55000000000000004,0.52500000000000002,D500_F10_V01,500,10,common_grid,absolute,6,detrended_51,mean,x1_ztop,0.11786507821342869,500,3
2,12,0.16666666666666666,0.33333333333333331,0.25,275,300,287.5,0.55000000000000004,0.59999999999999998,0.57499999999999996,D500_F10_V01,500,10,common_grid,absolute,6,detrended_51,mean,x1_ztop,-0.014176578306169231,500,3
2,13,0.16666666666666666,0.33333333333333331,0.25,300,325,312.5,0.59999999999999998,0.65000000000000002,0.625,D500_F10_V01,500,10,common_grid,absolute,6,detrended_51,mean,x1_ztop,-0.017409489438462711,500,3
2,14,0.16666666666666666,0.33333333333333331,0.25,325,350,337.5,0.65000000000000002,0.69999999999999996,0.67500000000000004,D500_F10_V01,500,10,common_grid,absolute,6,detrended_51,mean,x1_ztop,0.03860356407809086,500,3
2,15,0.16666666666666666,0.33333333333333331,0.25,350,375,362.5,0.69999999999999996,0.75,0.72499999999999998,D500_F10_V01,500,10,common_grid,absolute,6,detrended_51,mean,x1_ztop,0.088986818428347075,500,3
2,16,0.16666666666666666,0.33333333333333331,0.25,375,400,387.5,0.75,0.80000000000000004,0.77500000000000002,D500_F10_V01,500,10,common_grid,absolute,6,detrended_51,mean,x1_ztop,-0.0014470286713985439,500,3
2,17,0.16666666666666666,0.33333333333333331,0.25,400,425,412.5,0.80000000000000004,0.84999999999999998,0.82499999999999996,D500_F10_V01,500,10,common_grid,absolute,6,detrended_51,mean,x1_ztop,-0.046185359654022588,500,3
2,18,0.16666666666666666,0.33333333333333331,0.25,425,450,437.5,0.84999999999999998,0.90000000000000002,0.875,D500_F10_V01,500,10,common_grid,absolute,6,detrended_51,mean,x1_ztop,0.015408022506901743,500,3
2,19,0.16666666666666666,0.33333333333333331,0.25,450,475,462.5,0.90000000000000002,0.94999999999999996,0.92500000000000004,D500_F10_V01,500,10,common_grid,absolute,6,detrended_51,mean,x1_ztop,-0.055268021856817416,500,3
2,20,0.16666666666666666,0.33333333333333331,0.25,475,500,487.5,0.94999999999999996,1,0.97499999999999998,D500_F10_V01,500,10,common_grid,absolute,6,detrended_51,mean,x1_ztop,0.020055292760820013,500,3
3,1,0.33333333333333331,0.5,0.41666666666666669,0,25,12.5,0,0.050000000000000003,0.025000000000000001,D500_F10_V01,500,10,common_grid,absolute,6,detrended_51,mean,x1_ztop,0.087707535035063663,500,3
3,2,0.33333333333333331,0.5,0.41666666666666669,25,50,37.5,0.050000000000000003,0.10000000000000001,0.074999999999999997,D500_F10_V01,500,10,common_grid,absolute,6,detrended_51,mean,x1_ztop,-0.015954231241755018,500,3
3,3,0.33333333333333331,0.5,0.41666666666666669,50,75,62.5,0.10000000000000001,0.14999999999999999,0.125,D500_F10_V01,500,10,common_grid,absolute,6,detrended_51,mean,x1_ztop,0.0034826599841907887,500,3
3,4,0.33333333333333331,0.5,0.41666666666666669,75,100,87.5,0.14999999999999999,0.20000000000000001,0.17499999999999999,D500_F10_V01,500,10,common_grid,absolute,6,detrended_51,mean,x1_ztop,-0.072548373891247409,500,3
3,5,0.33333333333333331,0.5,0.41666666666666669,100,125,112.5,0.20000000000000001,0.25,0.22500000000000001,D500_F10_V01,500,10,common_grid,absolute,6,detrended_51,mean,x1_ztop,0.016082012848845247,500,3
3,6,0.33333333333333331,0.5,0.41666666666666669,125,150,137.5,0.25,0.29999999999999999,0.27500000000000002,D500_F10_V01,500,10,common_grid,absolute,6,detrended_51,mean,x1_ztop,0.079310341366480921,500,3
3,7,0.33333333333333331,0.5,0.41666666666666669,150,175,162.5,0.29999999999999999,0.34999999999999998,0.32500000000000001,D500_F10_V01,500,10,common_grid,absolute,6,detrended_51,mean,x1_ztop,0.085942259106823821,500,3
3,8,0.33333333333333331,0.5,0.41666666666666669,175,200,187.5,0.34999999999999998,0.40000000000000002,0.375,D500_F10_V01,500,10,common_grid,absolute,6,detrended_51,mean,x1_ztop,0.011274110387029457,500,3
3,9,0.33333333333333331,0.5,0.41666666666666669,200,225,212.5,0.40000000000000002,0.45000000000000001,0.42499999999999999,D500_F10_V01,500,10,common_grid,absolute,6,detrended_51,mean,x1_ztop,0.02329673823546333,500,3
3,10,0.33333333333333331,0.5,0.41666666666666669,225,250,237.5,0.45000000000000001,0.5,0.47499999999999998,D500_F10_V01,500,10,common_grid,absolute,6,detrended_51,mean,x1_ztop,0.021002871578587188,500,3
3,11,0.33333333333333331,0.5,0.41666666666666669,250,275,262.5,0.5,0.55000000000000004,0.52500000000000002,D500_F10_V01,500,10,common_grid,absolute,6,detrended_51,mean,x1_ztop,-0.074156681621136103,500,3
3,12,0.33333333333333331,0.5,0.41666666666666669,275,300,287.5,0.55000000000000004,0.59999999999999998,0.57499999999999996,D500_F10_V01,500,10,common_grid,absolute,6,detrended_51,mean,x1_ztop,0.026065910584104936,500,3
3,13,0.33333333333333331,0.5,0.41666666666666669,300,325,312.5,0.59999999999999998,0.65000000000000002,0.625,D500_F10_V01,500,10,common_grid,absolute,6,detrended_51,mean,x1_ztop,0.027352629586392667,500,3
3,14,0.33333333333333331,0.5,0.41666666666666669,325,350,337.5,0.65000000000000002,0.69999999999999996,0.67500000000000004,D500_F10_V01,500,10,common_grid,absolute,6,detrended_51,mean,x1_ztop,0.064515866922774917,500,3
3,15,0.33333333333333331,0.5,0.41666666666666669,350,375,362.5,0.69999999999999996,0.75,0.72499999999999998,D500_F10_V01,500,10,common_grid,absolute,6,detrended_51,mean,x1_ztop,0.067017803486993183,500,3
3,16,0.33333333333333331,0.5,0.41666666666666669,375,400,387.5,0.75,0.80000000000000004,0.77500000000000002,D500_F10_V01,500,10,common_grid,absolute,6,detrended_51,mean,x1_ztop,0.0028045874177426312,500,3
3,17,0.33333333333333331,0.5,0.41666666666666669,400,425,412.5,0.80000000000000004,0.84999999999999998,0.82499999999999996,D500_F10_V01,500,10,common_grid,absolute,6,detrended_51,mean,x1_ztop,-0.076731157701240338,500,3
3,18,0.33333333333333331,0.5,0.41666666666666669,425,450,437.5,0.84999999999999998,0.90000000000000002,0.875,D500_F10_V01,500,10,common_grid,absolute,6,detrended_51,mean,x1_ztop,0.04257050450977988,500,3
3,19,0.33333333333333331,0.5,0.41666666666666669,450,475,462.5,0.90000000000000002,0.94999999999999996,0.92500000000000004,D500_F10_V01,500,10,common_grid,absolute,6,detrended_51,mean,x1_ztop,-0.033436753564235352,500,3
3,20,0.33333333333333331,0.5,0.41666666666666669,475,500,487.5,0.94999999999999996,1,0.97499999999999998,D500_F10_V01,500,10,common_grid,absolute,6,detrended_51,mean,x1_ztop,0.022814238017199777,500,3
4,1,0.5,0.66666666666666663,0.58333333333333337,0,25,12.5,0,0.050000000000000003,0.025000000000000001,D500_F10_V01,500,10,common_grid,absolute,6,detrended_51,mean,x1_ztop,0.11260477948123238,500,3
4,2,0.5,0.66666666666666663,0.58333333333333337,25,50,37.5,0.050000000000000003,0.10000000000000001,0.074999999999999997,D500_F10_V01,500,10,common_grid,absolute,6,detrended_51,mean,x1_ztop,0.064314570036964155,500,3
4,3,0.5,0.66666666666666663,0.58333333333333337,50,75,62.5,0.10000000000000001,0.14999999999999999,0.125,D500_F10_V01,500,10,common_grid,absolute,6,detrended_51,mean,x1_ztop,0.047729264312980586,500,3
4,4,0.5,0.66666666666666663,0.58333333333333337,75,100,87.5,0.14999999999999999,0.20000000000000001,0.17499999999999999,D500_F10_V01,500,10,common_grid,absolute,6,detrended_51,mean,x1_ztop,-0.049925620540575838,500,3
4,5,0.5,0.66666666666666663,0.58333333333333337,100,125,112.5,0.20000000000000001,0.25,0.22500000000000001,D500_F10_V01,500,10,common_grid,absolute,6,detrended_51,mean,x1_ztop,-0.025456979531849909,500,3
4,6,0.5,0.66666666666666663,0.58333333333333337,125,150,137.5,0.25,0.29999999999999999,0.27500000000000002,D500_F10_V01,500,10,common_grid,absolute,6,detrended_51,mean,x1_ztop,-0.062567124644246436,500,3
4,7,0.5,0.66666666666666663,0.58333333333333337,150,175,162.5,0.29999999999999999,0.34999999999999998,0.32500000000000001,D500_F10_V01,500,10,common_grid,absolute,6,detrended_51,mean,x1_ztop,-0.055328204995286637,500,3
4,8,0.5,0.66666666666666663,0.58333333333333337,175,200,187.5,0.34999999999999998,0.40000000000000002,0.375,D500_F10_V01,500,10,common_grid,absolute,6,detrended_51,mean,x1_ztop,0.039374070065679251,500,3
4,9,0.5,0.66666666666666663,0.58333333333333337,200,225,212.5,0.40000000000000002,0.45000000000000001,0.42499999999999999,D500_F10_V01,500,10,common_grid,absolute,6,detrended_51,mean,x1_ztop,0.040344821974118275,500,3
4,10,0.5,0.66666666666666663,0.58333333333333337,225,250,237.5,0.45000000000000001,0.5,0.47499999999999998,D500_F10_V01,500,10,common_grid,absolute,6,detrended_51,mean,x1_ztop,0.0025374154394575063,500,3
4,11,0.5,0.66666666666666663,0.58333333333333337,250,275,262.5,0.5,0.55000000000000004,0.52500000000000002,D500_F10_V01,500,10,common_grid,absolute,6,detrended_51,mean,x1_ztop,0.050449121255089699,500,3
4,12,0.5,0.66666666666666663,0.58333333333333337,275,300,287.5,0.55000000000000004,0.59999999999999998,0.57499999999999996,D500_F10_V01,500,10,common_grid,absolute,6,detrended_51,mean,x1_ztop,-0.049682244477248061,500,3
4,13,0.5,0.66666666666666663,0.58333333333333337,300,325,312.5,0.59999999999999998,0.65000000000000002,0.625,D500_F10_V01,500,10,common_grid,absolute,6,detrended_51,mean,x1_ztop,0.025354952735750173,500,3
4,14,0.5,0.66666666666666663,0.58333333333333337,325,350,337.5,0.65000000000000002,0.69999999999999996,0.67500000000000004,D500_F10_V01,500,10,common_grid,absolute,6,detrended_51,mean,x1_ztop,0.058795604547306361,500,3
4,15,0.5,0.66666666666666663,0.58333333333333337,350,375,362.5,0.69999999999999996,0.75,0.72499999999999998,D500_F10_V01,500,10,common_grid,absolute,6,detrended_51,mean,x1_ztop,0.097462757294632218,500,3
4,16,0.5,0.66666666666666663,0.58333333333333337,375,400,387.5,0.75,0.80000000000000004,0.77500000000000002,D500_F10_V01,500,10,common_grid,absolute,6,detrended_51,mean,x1_ztop,0.042011913151317574,500,3
4,17,0.5,0.66666666666666663,0.58333333333333337,400,425,412.5,0.80000000000000004,0.84999999999999998,0.82499999999999996,D500_F10_V01,500,10,common_grid,absolute,6,detrended_51,mean,x1_ztop,-0.040693486378366402,500,3
4,18,0.5,0.66666666666666663,0.58333333333333337,425,450,437.5,0.84999999999999998,0.90000000000000002,0.875,D500_F10_V01,500,10,common_grid,absolute,6,detrended_51,mean,x1_ztop,-0.013883490001785828,500,3
4,19,0.5,0.66666666666666663,0.58333333333333337,450,475,462.5,0.90000000000000002,0.94999999999999996,0.92500000000000004,D500_F10_V01,500,10,common_grid,absolute,6,detrended_51,mean,x1_ztop,-0.012330353475267354,500,3
4,20,0.5,0.66666666666666663,0.58333333333333337,475,500,487.5,0.94999999999999996,1,0.97499999999999998,D500_F10_V01,500,10,common_grid,absolute,6,detrended_51,mean,x1_ztop,0.020889027468008727,500,3
5,1,0.66666666666666663,0.83333333333333337,0.75,0,25,12.5,0,0.050000000000000003,0.025000000000000001,D500_F10_V01,500,10,common_grid,absolute,6,detrended_51,mean,x1_ztop,0.081847681062167221,500,3
5,2,0.66666666666666663,0.83333333333333337,0.75,25,50,37.5,0.050000000000000003,0.10000000000000001,0.074999999999999997,D500_F10_V01,500,10,common_grid,absolute,6,detrended_51,mean,x1_ztop,-0.063210951211209759,500,3
5,3,0.66666666666666663,0.83333333333333337,0.75,50,75,62.5,0.10000000000000001,0.14999999999999999,0.125,D500_F10_V01,500,10,common_grid,absolute,6,detrended_51,mean,x1_ztop,-0.03315947781801163,500,3
5,4,0.66666666666666663,0.83333333333333337,0.75,75,100,87.5,0.14999999999999999,0.20000000000000001,0.17499999999999999,D500_F10_V01,500,10,common_grid,absolute,6,detrended_51,mean,x1_ztop,0.08156604758141138,500,3
5,5,0.66666666666666663,0.83333333333333337,0.75,100,125,112.5,0.20000000000000001,0.25,0.22500000000000001,D500_F10_V01,500,10,common_grid,absolute,6,detrended_51,mean,x1_ztop,-0.031086026826155695,500,3
5,6,0.66666666666666663,0.83333333333333337,0.75,125,150,137.5,0.25,0.29999999999999999,0.27500000000000002,D500_F10_V01,500,10,common_grid,absolute,6,detrended_51,mean,x1_ztop,-0.062111307995002453,500,3
5,7,0.66666666666666663,0.83333333333333337,0.75,150,175,162.5,0.29999999999999999,0.34999999999999998,0.32500000000000001,D500_F10_V01,500,10,common_grid,absolute,6,detrended_51,mean,x1_ztop,0.066813660594367774,500,3
5,8,0.66666666666666663,0.83333333333333337,0.75,175,200,187.5,0.34999999999999998,0.40000000000000002,0.375,D500_F10_V01,500,10,common_grid,absolute,6,detrended_51,mean,x1_ztop,0.046829161633784998,500,3
5,9,0.66666666666666663,0.83333333333333337,0.75,200,225,212.5,0.40000000000000002,0.45000000000000001,0.42499999999999999,D500_F10_V01,500,10,common_grid,absolute,6,detrended_51,mean,x1_ztop,0.050382154065272314,500,3
5,10,0.66666666666666663,0.83333333333333337,0.75,225,250,237.5,0.45000000000000001,0.5,0.47499999999999998,D500_F10_V01,500,10,common_grid,absolute,6,detrended_51,mean,x1_ztop,-0.09077847054752422,500,3
5,11,0.66666666666666663,0.83333333333333337,0.75,250,275,262.5,0.5,0.55000000000000004,0.52500000000000002,D500_F10_V01,500,10,common_grid,absolute,6,detrended_51,mean,x1_ztop,0.051471837518483832,500,3
5,12,0.66666666666666663,0.83333333333333337,0.75,275,300,287.5,0.55000000000000004,0.59999999999999998,0.57499999999999996,D500_F10_V01,500,10,common_grid,absolute,6,detrended_51,mean,x1_ztop,-0.057115574136260935,500,3
5,13,0.66666666666666663,0.83333333333333337,0.75,300,325,312.5,0.59999999999999998,0.65000000000000002,0.625,D500_F10_V01,500,10,common_grid,absolute,6,detrended_51,mean,x1_ztop,0.020729764607810106,500,3
5,14,0.66666666666666663,0.83333333333333337,0.75,325,350,337.5,0.65000000000000002,0.69999999999999996,0.67500000000000004,D500_F10_V01,500,10,common_grid,absolute,6,detrended_51,mean,x1_ztop,-0.036606999610075977,500,3
5,15,0.66666666666666663,0.83333333333333337,0.75,350,375,362.5,0.69999999999999996,0.75,0.72499999999999998,D500_F10_V01,500,10,common_grid,absolute,6,detrended_51,mean,x1_ztop,-0.0091190535953056054,500,3
5,16,0.66666666666666663,0.83333333333333337,0.75,375,400,387.5,0.75,0.80000000000000004,0.77500000000000002,D500_F10_V01,500,10,common_grid,absolute,6,detrended_51,mean,x1_ztop,-0.005203868141783476,500,3
5,17,0.66666666666666663,0.83333333333333337,0.75,400,425,412.5,0.80000000000000004,0.84999999999999998,0.82499999999999996,D500_F10_V01,500,10,common_grid,absolute,6,detrended_51,mean,x1_ztop,0.07909643067573402,500,3
5,18,0.66666666666666663,0.83333333333333337,0.75,425,450,437.5,0.84999999999999998,0.90000000000000002,0.875,D500_F10_V01,500,10,common_grid,absolute,6,detrended_51,mean,x1_ztop,0.061958239388082932,500,3
5,19,0.66666666666666663,0.83333333333333337,0.75,450,475,462.5,0.90000000000000002,0.94999999999999996,0.92500000000000004,D500_F10_V01,500,10,common_grid,absolute,6,detrended_51,mean,x1_ztop,0.069492723713370008,500,3
5,20,0.66666666666666663,0.83333333333333337,0.75,475,500,487.5,0.94999999999999996,1,0.97499999999999998,D500_F10_V01,500,10,common_grid,absolute,6,detrended_51,mean,x1_ztop,-0.007930200343261827,500,3
6,1,0.83333333333333337,1,0.91666666666666663,0,25,12.5,0,0.050000000000000003,0.025000000000000001,D500_F10_V01,500,10,common_grid,absolute,6,detrended_51,mean,x1_ztop,0.068307170867566019,500,3
6,2,0.83333333333333337,1,0.91666666666666663,25,50,37.5,0.050000000000000003,0.10000000000000001,0.074999999999999997,D500_F10_V01,500,10,common_grid,absolute,6,detrended_51,mean,x1_ztop,0.027117057486054291,500,3
6,3,0.83333333333333337,1,0.91666666666666663,50,75,62.5,0.10000000000000001,0.14999999999999999,0.125,D500_F10_V01,500,10,common_grid,absolute,6,detrended_51,mean,x1_ztop,-0.005820618471119518,500,3
6,4,0.83333333333333337,1,0.91666666666666663,75,100,87.5,0.14999999999999999,0.20000000000000001,0.17499999999999999,D500_F10_V01,500,10,common_grid,absolute,6,detrended_51,mean,x1_ztop,0.10832537492942133,500,3
6,5,0.83333333333333337,1,0.91666666666666663,100,125,112.5,0.20000000000000001,0.25,0.22500000000000001,D500_F10_V01,500,10,common_grid,absolute,6,detrended_51,mean,x1_ztop,0.024337728018733573,500,3
6,6,0.83333333333333337,1,0.91666666666666663,125,150,137.5,0.25,0.29999999999999999,0.27500000000000002,D500_F10_V01,500,10,common_grid,absolute,6,detrended_51,mean,x1_ztop,-0.022062724514024759,500,3
6,7,0.83333333333333337,1,0.91666666666666663,150,175,162.5,0.29999999999999999,0.34999999999999998,0.32500000000000001,D500_F10_V01,500,10,common_grid,absolute,6,detrended_51,mean,x1_ztop,0.09165982716971191,500,3
6,8,0.83333333333333337,1,0.91666666666666663,175,200,187.5,0.34999999999999998,0.40000000000000002,0.375,D500_F10_V01,500,10,common_grid,absolute,6,detrended_51,mean,x1_ztop,-0.032008723030004148,500,3
6,9,0.83333333333333337,1,0.91666666666666663,200,225,212.5,0.40000000000000002,0.45000000000000001,0.42499999999999999,D500_F10_V01,500,10,common_grid,absolute,6,detrended_51,mean,x1_ztop,0.0066601251487258713,500,3
6,10,0.83333333333333337,1,0.91666666666666663,225,250,237.5,0.45000000000000001,0.5,0.47499999999999998,D500_F10_V01,500,10,common_grid,absolute,6,detrended_51,mean,x1_ztop,-0.07036808798789454,500,3
6,11,0.83333333333333337,1,0.91666666666666663,250,275,262.5,0.5,0.55000000000000004,0.52500000000000002,D500_F10_V01,500,10,common_grid,absolute,6,detrended_51,mean,x1_ztop,0.019260524873459126,500,3
6,12,0.83333333333333337,1,0.91666666666666663,275,300,287.5,0.55000000000000004,0.59999999999999998,0.57499999999999996,D500_F10_V01,500,10,common_grid,absolute,6,detrended_51,mean,x1_ztop,-0.038132537884201428,500,3
6,13,0.83333333333333337,1,0.91666666666666663,300,325,312.5,0.59999999999999998,0.65000000000000002,0.625,D500_F10_V01,500,10,common_grid,absolute,6,detrended_51,mean,x1_ztop,0.040029563529038865,500,3
6,14,0.83333333333333337,1,0.91666666666666663,325,350,337.5,0.65000000000000002,0.69999999999999996,0.67500000000000004,D500_F10_V01,500,10,common_grid,absolute,6,detrended_51,mean,x1_ztop,0.0013716031544126969,500,3
6,15,0.83333333333333337,1,0.91666666666666663,350,375,362.5,0.69999999999999996,0.75,0.72499999999999998,D500_F10_V01,500,10,common_grid,absolute,6,detrended_51,mean,x1_ztop,0.011848145944290286,500,3
6,16,0.83333333333333337,1,0.91666666666666663,375,400,387.5,0.75,0.80000000000000004,0.77500000000000002,D500_F10_V01,500,10,common_grid,absolute,6,detrended_51,mean,x1_ztop,-0.05255003847869643,500,3
6,17,0.83333333333333337,1,0.91666666666666663,400,425,412.5,0.80000000000000004,0.84999999999999998,0.82499999999999996,D500_F10_V01,500,10,common_grid,absolute,6,detrended_51,mean,x1_ztop,-0.0083874611103846534,500,3
6,18,0.83333333333333337,1,0.91666666666666663,425,450,437.5,0.84999999999999998,0.90000000000000002,0.875,D500_F10_V01,500,10,common_grid,absolute,6,detrended_51,mean,x1_ztop,-0.093159754746445556,500,3
6,19,0.83333333333333337,1,0.91666666666666663,450,475,462.5,0.90000000000000002,0.94999999999999996,0.92500000000000004,D500_F10_V01,500,10,common_grid,absolute,6,detrended_51,mean,x1_ztop,0.031868617170238082,500,3
6,20,0.83333333333333337,1,0.91666666666666663,475,500,487.5,0.94999999999999996,1,0.97499999999999998,D500_F10_V01,500,10,common_grid,absolute,6,detrended_51,mean,x1_ztop,-0.0032272653917790233,500,3
1,1,0,0.16666666666666666,0.083333333333333329,0,25,12.5,0,0.050000000000000003,0.025000000000000001,D500_F12_V01,500,12,d500_extension,absolute,6,detrended_51,mean,x1_ztop,0.0094999138168084269,500,3
1,2,0,0.16666666666666666,0.083333333333333329,25,50,37.5,0.050000000000000003,0.10000000000000001,0.074999999999999997,D500_F12_V01,500,12,d500_extension,absolute,6,detrended_51,mean,x1_ztop,0.056032425743749101,500,3
1,3,0,0.16666666666666666,0.083333333333333329,50,75,62.5,0.10000000000000001,0.14999999999999999,0.125,D500_F12_V01,500,12,d500_extension,absolute,6,detrended_51,mean,x1_ztop,-0.017641931606549432,500,3
1,4,0,0.16666666666666666,0.083333333333333329,75,100,87.5,0.14999999999999999,0.20000000000000001,0.17499999999999999,D500_F12_V01,500,12,d500_extension,absolute,6,detrended_51,mean,x1_ztop,0.043232963516188216,500,3
1,5,0,0.16666666666666666,0.083333333333333329,100,125,112.5,0.20000000000000001,0.25,0.22500000000000001,D500_F12_V01,500,12,d500_extension,absolute,6,detrended_51,mean,x1_ztop,0.077191722332922208,500,3
1,6,0,0.16666666666666666,0.083333333333333329,125,150,137.5,0.25,0.29999999999999999,0.27500000000000002,D500_F12_V01,500,12,d500_extension,absolute,6,detrended_51,mean,x1_ztop,0.00024554683616354045,500,3
1,7,0,0.16666666666666666,0.083333333333333329,150,175,162.5,0.29999999999999999,0.34999999999999998,0.32500000000000001,D500_F12_V01,500,12,d500_extension,absolute,6,detrended_51,mean,x1_ztop,0.026740112225863789,500,3
1,8,0,0.16666666666666666,0.083333333333333329,175,200,187.5,0.34999999999999998,0.40000000000000002,0.375,D500_F12_V01,500,12,d500_extension,absolute,6,detrended_51,mean,x1_ztop,0.018033739341780129,500,3
1,9,0,0.16666666666666666,0.083333333333333329,200,225,212.5,0.40000000000000002,0.45000000000000001,0.42499999999999999,D500_F12_V01,500,12,d500_extension,absolute,6,detrended_51,mean,x1_ztop,0.026638700196462479,500,3
1,10,0,0.16666666666666666,0.083333333333333329,225,250,237.5,0.45000000000000001,0.5,0.47499999999999998,D500_F12_V01,500,12,d500_extension,absolute,6,detrended_51,mean,x1_ztop,0.083332363226165634,500,3
1,11,0,0.16666666666666666,0.083333333333333329,250,275,262.5,0.5,0.55000000000000004,0.52500000000000002,D500_F12_V01,500,12,d500_extension,absolute,6,detrended_51,mean,x1_ztop,0.0094300141127781206,500,3
1,12,0,0.16666666666666666,0.083333333333333329,275,300,287.5,0.55000000000000004,0.59999999999999998,0.57499999999999996,D500_F12_V01,500,12,d500_extension,absolute,6,detrended_51,mean,x1_ztop,-0.03981767173865236,500,3
1,13,0,0.16666666666666666,0.083333333333333329,300,325,312.5,0.59999999999999998,0.65000000000000002,0.625,D500_F12_V01,500,12,d500_extension,absolute,6,detrended_51,mean,x1_ztop,-0.014442138858317268,500,3
1,14,0,0.16666666666666666,0.083333333333333329,325,350,337.5,0.65000000000000002,0.69999999999999996,0.67500000000000004,D500_F12_V01,500,12,d500_extension,absolute,6,detrended_51,mean,x1_ztop,0.024774726521079864,500,3
1,15,0,0.16666666666666666,0.083333333333333329,350,375,362.5,0.69999999999999996,0.75,0.72499999999999998,D500_F12_V01,500,12,d500_extension,absolute,6,detrended_51,mean,x1_ztop,0.094753021156327097,500,3
1,16,0,0.16666666666666666,0.083333333333333329,375,400,387.5,0.75,0.80000000000000004,0.77500000000000002,D500_F12_V01,500,12,d500_extension,absolute,6,detrended_51,mean,x1_ztop,-0.0075918271466867415,500,3
1,17,0,0.16666666666666666,0.083333333333333329,400,425,412.5,0.80000000000000004,0.84999999999999998,0.82499999999999996,D500_F12_V01,500,12,d500_extension,absolute,6,detrended_51,mean,x1_ztop,-0.034206873249850688,500,3
1,18,0,0.16666666666666666,0.083333333333333329,425,450,437.5,0.84999999999999998,0.90000000000000002,0.875,D500_F12_V01,500,12,d500_extension,absolute,6,detrended_51,mean,x1_ztop,0.0073617436755855706,500,3
1,19,0,0.16666666666666666,0.083333333333333329,450,475,462.5,0.90000000000000002,0.94999999999999996,0.92500000000000004,D500_F12_V01,500,12,d500_extension,absolute,6,detrended_51,mean,x1_ztop,-0.039463714900226855,500,3
1,20,0,0.16666666666666666,0.083333333333333329,475,500,487.5,0.94999999999999996,1,0.97499999999999998,D500_F12_V01,500,12,d500_extension,absolute,6,detrended_51,mean,x1_ztop,-0.047006000713127022,500,3
2,1,0.16666666666666666,0.33333333333333331,0.25,0,25,12.5,0,0.050000000000000003,0.025000000000000001,D500_F12_V01,500,12,d500_extension,absolute,6,detrended_51,mean,x1_ztop,0.072901036627994173,500,3
2,2,0.16666666666666666,0.33333333333333331,0.25,25,50,37.5,0.050000000000000003,0.10000000000000001,0.074999999999999997,D500_F12_V01,500,12,d500_extension,absolute,6,detrended_51,mean,x1_ztop,0.080005595819751002,500,3
2,3,0.16666666666666666,0.33333333333333331,0.25,50,75,62.5,0.10000000000000001,0.14999999999999999,0.125,D500_F12_V01,500,12,d500_extension,absolute,6,detrended_51,mean,x1_ztop,0.058678152234373677,500,3
2,4,0.16666666666666666,0.33333333333333331,0.25,75,100,87.5,0.14999999999999999,0.20000000000000001,0.17499999999999999,D500_F12_V01,500,12,d500_extension,absolute,6,detrended_51,mean,x1_ztop,-0.0049755150489332461,500,3
2,5,0.16666666666666666,0.33333333333333331,0.25,100,125,112.5,0.20000000000000001,0.25,0.22500000000000001,D500_F12_V01,500,12,d500_extension,absolute,6,detrended_51,mean,x1_ztop,0.0443144918035938,500,3
2,6,0.16666666666666666,0.33333333333333331,0.25,125,150,137.5,0.25,0.29999999999999999,0.27500000000000002,D500_F12_V01,500,12,d500_extension,absolute,6,detrended_51,mean,x1_ztop,-0.0065270190467950351,500,3
2,7,0.16666666666666666,0.33333333333333331,0.25,150,175,162.5,0.29999999999999999,0.34999999999999998,0.32500000000000001,D500_F12_V01,500,12,d500_extension,absolute,6,detrended_51,mean,x1_ztop,0.047290168139890287,500,3
2,8,0.16666666666666666,0.33333333333333331,0.25,175,200,187.5,0.34999999999999998,0.40000000000000002,0.375,D500_F12_V01,500,12,d500_extension,absolute,6,detrended_51,mean,x1_ztop,0.072691096622012008,500,3
2,9,0.16666666666666666,0.33333333333333331,0.25,200,225,212.5,0.40000000000000002,0.45000000000000001,0.42499999999999999,D500_F12_V01,500,12,d500_extension,absolute,6,detrended_51,mean,x1_ztop,0.041481818189809998,500,3
2,10,0.16666666666666666,0.33333333333333331,0.25,225,250,237.5,0.45000000000000001,0.5,0.47499999999999998,D500_F12_V01,500,12,d500_extension,absolute,6,detrended_51,mean,x1_ztop,-0.026307330899737833,500,3
2,11,0.16666666666666666,0.33333333333333331,0.25,250,275,262.5,0.5,0.55000000000000004,0.52500000000000002,D500_F12_V01,500,12,d500_extension,absolute,6,detrended_51,mean,x1_ztop,0.04421984071546229,500,3
2,12,0.16666666666666666,0.33333333333333331,0.25,275,300,287.5,0.55000000000000004,0.59999999999999998,0.57499999999999996,D500_F12_V01,500,12,d500_extension,absolute,6,detrended_51,mean,x1_ztop,0.017841089101995413,500,3
2,13,0.16666666666666666,0.33333333333333331,0.25,300,325,312.5,0.59999999999999998,0.65000000000000002,0.625,D500_F12_V01,500,12,d500_extension,absolute,6,detrended_51,mean,x1_ztop,0.0025427017928694173,500,3
2,14,0.16666666666666666,0.33333333333333331,0.25,325,350,337.5,0.65000000000000002,0.69999999999999996,0.67500000000000004,D500_F12_V01,500,12,d500_extension,absolute,6,detrended_51,mean,x1_ztop,0.061384180339635518,500,3
2,15,0.16666666666666666,0.33333333333333331,0.25,350,375,362.5,0.69999999999999996,0.75,0.72499999999999998,D500_F12_V01,500,12,d500_extension,absolute,6,detrended_51,mean,x1_ztop,0.038141820130811702,500,3
2,16,0.16666666666666666,0.33333333333333331,0.25,375,400,387.5,0.75,0.80000000000000004,0.77500000000000002,D500_F12_V01,500,12,d500_extension,absolute,6,detrended_51,mean,x1_ztop,0.016341533346318299,500,3
2,17,0.16666666666666666,0.33333333333333331,0.25,400,425,412.5,0.80000000000000004,0.84999999999999998,0.82499999999999996,D500_F12_V01,500,12,d500_extension,absolute,6,detrended_51,mean,x1_ztop,-0.033063502890324017,500,3
2,18,0.16666666666666666,0.33333333333333331,0.25,425,450,437.5,0.84999999999999998,0.90000000000000002,0.875,D500_F12_V01,500,12,d500_extension,absolute,6,detrended_51,mean,x1_ztop,-0.023793311958640876,500,3
2,19,0.16666666666666666,0.33333333333333331,0.25,450,475,462.5,0.90000000000000002,0.94999999999999996,0.92500000000000004,D500_F12_V01,500,12,d500_extension,absolute,6,detrended_51,mean,x1_ztop,0.094100446256487225,500,3
2,20,0.16666666666666666,0.33333333333333331,0.25,475,500,487.5,0.94999999999999996,1,0.97499999999999998,D500_F12_V01,500,12,d500_extension,absolute,6,detrended_51,mean,x1_ztop,0.02299187238393216,500,3
3,1,0.33333333333333331,0.5,0.41666666666666669,0,25,12.5,0,0.050000000000000003,0.025000000000000001,D500_F12_V01,500,12,d500_extension,absolute,6,detrended_51,mean,x1_ztop,0.032636089965306876,500,3
3,2,0.33333333333333331,0.5,0.41666666666666669,25,50,37.5,0.050000000000000003,0.10000000000000001,0.074999999999999997,D500_F12_V01,500,12,d500_extension,absolute,6,detrended_51,mean,x1_ztop,-0.027901571712499709,500,3
3,3,0.33333333333333331,0.5,0.41666666666666669,50,75,62.5,0.10000000000000001,0.14999999999999999,0.125,D500_F12_V01,500,12,d500_extension,absolute,6,detrended_51,mean,x1_ztop,-0.051464602834711784,500,3
3,4,0.33333333333333331,0.5,0.41666666666666669,75,100,87.5,0.14999999999999999,0.20000000000000001,0.17499999999999999,D500_F12_V01,500,12,d500_extension,absolute,6,detrended_51,mean,x1_ztop,-0.060149388989453559,500,3
3,5,0.33333333333333331,0.5,0.41666666666666669,100,125,112.5,0.20000000000000001,0.25,0.22500000000000001,D500_F12_V01,500,12,d500_extension,absolute,6,detrended_51,mean,x1_ztop,-0.032607328223852344,500,3
3,6,0.33333333333333331,0.5,0.41666666666666669,125,150,137.5,0.25,0.29999999999999999,0.27500000000000002,D500_F12_V01,500,12,d500_extension,absolute,6,detrended_51,mean,x1_ztop,0.047194859784241636,500,3
3,7,0.33333333333333331,0.5,0.41666666666666669,150,175,162.5,0.29999999999999999,0.34999999999999998,0.32500000000000001,D500_F12_V01,500,12,d500_extension,absolute,6,detrended_51,mean,x1_ztop,0.045558871038958906,500,3
3,8,0.33333333333333331,0.5,0.41666666666666669,175,200,187.5,0.34999999999999998,0.40000000000000002,0.375,D500_F12_V01,500,12,d500_extension,absolute,6,detrended_51,mean,x1_ztop,0.014244835511015221,500,3
3,9,0.33333333333333331,0.5,0.41666666666666669,200,225,212.5,0.40000000000000002,0.45000000000000001,0.42499999999999999,D500_F12_V01,500,12,d500_extension,absolute,6,detrended_51,mean,x1_ztop,-0.048640094414405609,500,3
3,10,0.33333333333333331,0.5,0.41666666666666669,225,250,237.5,0.45000000000000001,0.5,0.47499999999999998,D500_F12_V01,500,12,d500_extension,absolute,6,detrended_51,mean,x1_ztop,-0.0042881716890785897,500,3
3,11,0.33333333333333331,0.5,0.41666666666666669,250,275,262.5,0.5,0.55000000000000004,0.52500000000000002,D500_F12_V01,500,12,d500_extension,absolute,6,detrended_51,mean,x1_ztop,0.0037325920612873622,500,3
3,12,0.33333333333333331,0.5,0.41666666666666669,275,300,287.5,0.55000000000000004,0.59999999999999998,0.57499999999999996,D500_F12_V01,500,12,d500_extension,absolute,6,detrended_51,mean,x1_ztop,0.038314269022756309,500,3
3,13,0.33333333333333331,0.5,0.41666666666666669,300,325,312.5,0.59999999999999998,0.65000000000000002,0.625,D500_F12_V01,500,12,d500_extension,absolute,6,detrended_51,mean,x1_ztop,-0.03009255895855064,500,3
3,14,0.33333333333333331,0.5,0.41666666666666669,325,350,337.5,0.65000000000000002,0.69999999999999996,0.67500000000000004,D500_F12_V01,500,12,d500_extension,absolute,6,detrended_51,mean,x1_ztop,0.039986856225795717,500,3
3,15,0.33333333333333331,0.5,0.41666666666666669,350,375,362.5,0.69999999999999996,0.75,0.72499999999999998,D500_F12_V01,500,12,d500_extension,absolute,6,detrended_51,mean,x1_ztop,0.04779720247615242,500,3
3,16,0.33333333333333331,0.5,0.41666666666666669,375,400,387.5,0.75,0.80000000000000004,0.77500000000000002,D500_F12_V01,500,12,d500_extension,absolute,6,detrended_51,mean,x1_ztop,-0.049080342422206297,500,3
3,17,0.33333333333333331,0.5,0.41666666666666669,400,425,412.5,0.80000000000000004,0.84999999999999998,0.82499999999999996,D500_F12_V01,500,12,d500_extension,absolute,6,detrended_51,mean,x1_ztop,0.016180131738576749,500,3
3,18,0.33333333333333331,0.5,0.41666666666666669,425,450,437.5,0.84999999999999998,0.90000000000000002,0.875,D500_F12_V01,500,12,d500_extension,absolute,6,detrended_51,mean,x1_ztop,0.030042891337952779,500,3
3,19,0.33333333333333331,0.5,0.41666666666666669,450,475,462.5,0.90000000000000002,0.94999999999999996,0.92500000000000004,D500_F12_V01,500,12,d500_extension,absolute,6,detrended_51,mean,x1_ztop,0.025316017380675088,500,3
3,20,0.33333333333333331,0.5,0.41666666666666669,475,500,487.5,0.94999999999999996,1,0.97499999999999998,D500_F12_V01,500,12,d500_extension,absolute,6,detrended_51,mean,x1_ztop,-0.036806946330222343,500,3
4,1,0.5,0.66666666666666663,0.58333333333333337,0,25,12.5,0,0.050000000000000003,0.025000000000000001,D500_F12_V01,500,12,d500_extension,absolute,6,detrended_51,mean,x1_ztop,-0.046835715957799576,500,3
4,2,0.5,0.66666666666666663,0.58333333333333337,25,50,37.5,0.050000000000000003,0.10000000000000001,0.074999999999999997,D500_F12_V01,500,12,d500_extension,absolute,6,detrended_51,mean,x1_ztop,0.033236897051835565,500,3
4,3,0.5,0.66666666666666663,0.58333333333333337,50,75,62.5,0.10000000000000001,0.14999999999999999,0.125,D500_F12_V01,500,12,d500_extension,absolute,6,detrended_51,mean,x1_ztop,0.046019090387941691,500,3
4,4,0.5,0.66666666666666663,0.58333333333333337,75,100,87.5,0.14999999999999999,0.20000000000000001,0.17499999999999999,D500_F12_V01,500,12,d500_extension,absolute,6,detrended_51,mean,x1_ztop,0.0044006467703911825,500,3
4,5,0.5,0.66666666666666663,0.58333333333333337,100,125,112.5,0.20000000000000001,0.25,0.22500000000000001,D500_F12_V01,500,12,d500_extension,absolute,6,detrended_51,mean,x1_ztop,-0.06581451982791181,500,3
4,6,0.5,0.66666666666666663,0.58333333333333337,125,150,137.5,0.25,0.29999999999999999,0.27500000000000002,D500_F12_V01,500,12,d500_extension,absolute,6,detrended_51,mean,x1_ztop,-0.087608546584420882,500,3
4,7,0.5,0.66666666666666663,0.58333333333333337,150,175,162.5,0.29999999999999999,0.34999999999999998,0.32500000000000001,D500_F12_V01,500,12,d500_extension,absolute,6,detrended_51,mean,x1_ztop,-0.034328115882407126,500,3
4,8,0.5,0.66666666666666663,0.58333333333333337,175,200,187.5,0.34999999999999998,0.40000000000000002,0.375,D500_F12_V01,500,12,d500_extension,absolute,6,detrended_51,mean,x1_ztop,-0.0027145192734524207,500,3
4,9,0.5,0.66666666666666663,0.58333333333333337,200,225,212.5,0.40000000000000002,0.45000000000000001,0.42499999999999999,D500_F12_V01,500,12,d500_extension,absolute,6,detrended_51,mean,x1_ztop,0.010734744125142819,500,3
4,10,0.5,0.66666666666666663,0.58333333333333337,225,250,237.5,0.45000000000000001,0.5,0.47499999999999998,D500_F12_V01,500,12,d500_extension,absolute,6,detrended_51,mean,x1_ztop,0.11778275504237622,500,3
4,11,0.5,0.66666666666666663,0.58333333333333337,250,275,262.5,0.5,0.55000000000000004,0.52500000000000002,D500_F12_V01,500,12,d500_extension,absolute,6,detrended_51,mean,x1_ztop,-0.018430106448079533,500,3
4,12,0.5,0.66666666666666663,0.58333333333333337,275,300,287.5,0.55000000000000004,0.59999999999999998,0.57499999999999996,D500_F12_V01,500,12,d500_extension,absolute,6,detrended_51,mean,x1_ztop,-0.035890560804595337,500,3
4,13,0.5,0.66666666666666663,0.58333333333333337,300,325,312.5,0.59999999999999998,0.65000000000000002,0.625,D500_F12_V01,500,12,d500_extension,absolute,6,detrended_51,mean,x1_ztop,-0.017755658936703424,500,3
4,14,0.5,0.66666666666666663,0.58333333333333337,325,350,337.5,0.65000000000000002,0.69999999999999996,0.67500000000000004,D500_F12_V01,500,12,d500_extension,absolute,6,detrended_51,mean,x1_ztop,0.030615955810774212,500,3
4,15,0.5,0.66666666666666663,0.58333333333333337,350,375,362.5,0.69999999999999996,0.75,0.72499999999999998,D500_F12_V01,500,12,d500_extension,absolute,6,detrended_51,mean,x1_ztop,0.057946269019467284,500,3
4,16,0.5,0.66666666666666663,0.58333333333333337,375,400,387.5,0.75,0.80000000000000004,0.77500000000000002,D500_F12_V01,500,12,d500_extension,absolute,6,detrended_51,mean,x1_ztop,0.038368989700061432,500,3
4,17,0.5,0.66666666666666663,0.58333333333333337,400,425,412.5,0.80000000000000004,0.84999999999999998,0.82499999999999996,D500_F12_V01,500,12,d500_extension,absolute,6,detrended_51,mean,x1_ztop,-0.0024289817941170154,500,3
4,18,0.5,0.66666666666666663,0.58333333333333337,425,450,437.5,0.84999999999999998,0.90000000000000002,0.875,D500_F12_V01,500,12,d500_extension,absolute,6,detrended_51,mean,x1_ztop,-0.036729331193354642,500,3
4,19,0.5,0.66666666666666663,0.58333333333333337,450,475,462.5,0.90000000000000002,0.94999999999999996,0.92500000000000004,D500_F12_V01,500,12,d500_extension,absolute,6,detrended_51,mean,x1_ztop,0.098862110438709599,500,3
4,20,0.5,0.66666666666666663,0.58333333333333337,475,500,487.5,0.94999999999999996,1,0.97499999999999998,D500_F12_V01,500,12,d500_extension,absolute,6,detrended_51,mean,x1_ztop,0.074602520648014495,500,3
5,1,0.66666666666666663,0.83333333333333337,0.75,0,25,12.5,0,0.050000000000000003,0.025000000000000001,D500_F12_V01,500,12,d500_extension,absolute,6,detrended_51,mean,x1_ztop,-0.017418915642943077,500,3
5,2,0.66666666666666663,0.83333333333333337,0.75,25,50,37.5,0.050000000000000003,0.10000000000000001,0.074999999999999997,D500_F12_V01,500,12,d500_extension,absolute,6,detrended_51,mean,x1_ztop,-0.075176357983974734,500,3
5,3,0.66666666666666663,0.83333333333333337,0.75,50,75,62.5,0.10000000000000001,0.14999999999999999,0.125,D500_F12_V01,500,12,d500_extension,absolute,6,detrended_51,mean,x1_ztop,-0.014715134151462712,500,3
5,4,0.66666666666666663,0.83333333333333337,0.75,75,100,87.5,0.14999999999999999,0.20000000000000001,0.17499999999999999,D500_F12_V01,500,12,d500_extension,absolute,6,detrended_51,mean,x1_ztop,0.019422047222610803,500,3
5,5,0.66666666666666663,0.83333333333333337,0.75,100,125,112.5,0.20000000000000001,0.25,0.22500000000000001,D500_F12_V01,500,12,d500_extension,absolute,6,detrended_51,mean,x1_ztop,0.0065466589462252235,500,3
5,6,0.66666666666666663,0.83333333333333337,0.75,125,150,137.5,0.25,0.29999999999999999,0.27500000000000002,D500_F12_V01,500,12,d500_extension,absolute,6,detrended_51,mean,x1_ztop,-0.030063270327297633,500,3
5,7,0.66666666666666663,0.83333333333333337,0.75,150,175,162.5,0.29999999999999999,0.34999999999999998,0.32500000000000001,D500_F12_V01,500,12,d500_extension,absolute,6,detrended_51,mean,x1_ztop,-0.017544352183075654,500,3
5,8,0.66666666666666663,0.83333333333333337,0.75,175,200,187.5,0.34999999999999998,0.40000000000000002,0.375,D500_F12_V01,500,12,d500_extension,absolute,6,detrended_51,mean,x1_ztop,-0.00067879626159312104,500,3
5,9,0.66666666666666663,0.83333333333333337,0.75,200,225,212.5,0.40000000000000002,0.45000000000000001,0.42499999999999999,D500_F12_V01,500,12,d500_extension,absolute,6,detrended_51,mean,x1_ztop,0.037406307938361326,500,3
5,10,0.66666666666666663,0.83333333333333337,0.75,225,250,237.5,0.45000000000000001,0.5,0.47499999999999998,D500_F12_V01,500,12,d500_extension,absolute,6,detrended_51,mean,x1_ztop,-0.057033553316138741,500,3
5,11,0.66666666666666663,0.83333333333333337,0.75,250,275,262.5,0.5,0.55000000000000004,0.52500000000000002,D500_F12_V01,500,12,d500_extension,absolute,6,detrended_51,mean,x1_ztop,0.036210946792660223,500,3
5,12,0.66666666666666663,0.83333333333333337,0.75,275,300,287.5,0.55000000000000004,0.59999999999999998,0.57499999999999996,D500_F12_V01,500,12,d500_extension,absolute,6,detrended_51,mean,x1_ztop,-0.053720175323146609,500,3
5,13,0.66666666666666663,0.83333333333333337,0.75,300,325,312.5,0.59999999999999998,0.65000000000000002,0.625,D500_F12_V01,500,12,d500_extension,absolute,6,detrended_51,mean,x1_ztop,0.0131838654253659,500,3
5,14,0.66666666666666663,0.83333333333333337,0.75,325,350,337.5,0.65000000000000002,0.69999999999999996,0.67500000000000004,D500_F12_V01,500,12,d500_extension,absolute,6,detrended_51,mean,x1_ztop,0.00581245617864087,500,3
5,15,0.66666666666666663,0.83333333333333337,0.75,350,375,362.5,0.69999999999999996,0.75,0.72499999999999998,D500_F12_V01,500,12,d500_extension,absolute,6,detrended_51,mean,x1_ztop,0.042610446225176235,500,3
5,16,0.66666666666666663,0.83333333333333337,0.75,375,400,387.5,0.75,0.80000000000000004,0.77500000000000002,D500_F12_V01,500,12,d500_extension,absolute,6,detrended_51,mean,x1_ztop,0.034867289009782129,500,3
5,17,0.66666666666666663,0.83333333333333337,0.75,400,425,412.5,0.80000000000000004,0.84999999999999998,0.82499999999999996,D500_F12_V01,500,12,d500_extension,absolute,6,detrended_51,mean,x1_ztop,0.083599707542678869,500,3
5,18,0.66666666666666663,0.83333333333333337,0.75,425,450,437.5,0.84999999999999998,0.90000000000000002,0.875,D500_F12_V01,500,12,d500_extension,absolute,6,detrended_51,mean,x1_ztop,-0.0026351435708635192,500,3
5,19,0.66666666666666663,0.83333333333333337,0.75,450,475,462.5,0.90000000000000002,0.94999999999999996,0.92500000000000004,D500_F12_V01,500,12,d500_extension,absolute,6,detrended_51,mean,x1_ztop,0.012535823782349652,500,3
5,20,0.66666666666666663,0.83333333333333337,0.75,475,500,487.5,0.94999999999999996,1,0.97499999999999998,D500_F12_V01,500,12,d500_extension,absolute,6,detrended_51,mean,x1_ztop,0.035031535813905244,500,3
6,1,0.83333333333333337,1,0.91666666666666663,0,25,12.5,0,0.050000000000000003,0.025000000000000001,D500_F12_V01,500,12,d500_extension,absolute,6,detrended_51,mean,x1_ztop,-0.007478707918797789,500,3
6,2,0.83333333333333337,1,0.91666666666666663,25,50,37.5,0.050000000000000003,0.10000000000000001,0.074999999999999997,D500_F12_V01,500,12,d500_extension,absolute,6,detrended_51,mean,x1_ztop,0.021685498695595388,500,3
6,3,0.83333333333333337,1,0.91666666666666663,50,75,62.5,0.10000000000000001,0.14999999999999999,0.125,D500_F12_V01,500,12,d500_extension,absolute,6,detrended_51,mean,x1_ztop,-0.029675280674978481,500,3
6,4,0.83333333333333337,1,0.91666666666666663,75,100,87.5,0.14999999999999999,0.20000000000000001,0.17499999999999999,D500_F12_V01,500,12,d500_extension,absolute,6,detrended_51,mean,x1_ztop,-0.044634233955525092,500,3
6,5,0.83333333333333337,1,0.91666666666666663,100,125,112.5,0.20000000000000001,0.25,0.22500000000000001,D500_F12_V01,500,12,d500_extension,absolute,6,detrended_51,mean,x1_ztop,0.02002977070236853,500,3
6,6,0.83333333333333337,1,0.91666666666666663,125,150,137.5,0.25,0.29999999999999999,0.27500000000000002,D500_F12_V01,500,12,d500_extension,absolute,6,detrended_51,mean,x1_ztop,-0.048917743526272137,500,3
6,7,0.83333333333333337,1,0.91666666666666663,150,175,162.5,0.29999999999999999,0.34999999999999998,0.32500000000000001,D500_F12_V01,500,12,d500_extension,absolute,6,detrended_51,mean,x1_ztop,0.095871811588080336,500,3
6,8,0.83333333333333337,1,0.91666666666666663,175,200,187.5,0.34999999999999998,0.40000000000000002,0.375,D500_F12_V01,500,12,d500_extension,absolute,6,detrended_51,mean,x1_ztop,0.03316833200434105,500,3
6,9,0.83333333333333337,1,0.91666666666666663,200,225,212.5,0.40000000000000002,0.45000000000000001,0.42499999999999999,D500_F12_V01,500,12,d500_extension,absolute,6,detrended_51,mean,x1_ztop,-0.049473187641019684,500,3
6,10,0.83333333333333337,1,0.91666666666666663,225,250,237.5,0.45000000000000001,0.5,0.47499999999999998,D500_F12_V01,500,12,d500_extension,absolute,6,detrended_51,mean,x1_ztop,-0.025239546683909236,500,3
6,11,0.83333333333333337,1,0.91666666666666663,250,275,262.5,0.5,0.55000000000000004,0.52500000000000002,D500_F12_V01,500,12,d500_extension,absolute,6,detrended_51,mean,x1_ztop,0.00044921457924026846,500,3
6,12,0.83333333333333337,1,0.91666666666666663,275,300,287.5,0.55000000000000004,0.59999999999999998,0.57499999999999996,D500_F12_V01,500,12,d500_extension,absolute,6,detrended_51,mean,x1_ztop,0.068987302237896508,500,3
6,13,0.83333333333333337,1,0.91666666666666663,300,325,312.5,0.59999999999999998,0.65000000000000002,0.625,D500_F12_V01,500,12,d500_extension,absolute,6,detrended_51,mean,x1_ztop,0.035959687852008537,500,3
6,14,0.83333333333333337,1,0.91666666666666663,325,350,337.5,0.65000000000000002,0.69999999999999996,0.67500000000000004,D500_F12_V01,500,12,d500_extension,absolute,6,detrended_51,mean,x1_ztop,0.070353518676967375,500,3
6,15,0.83333333333333337,1,0.91666666666666663,350,375,362.5,0.69999999999999996,0.75,0.72499999999999998,D500_F12_V01,500,12,d500_extension,absolute,6,detrended_51,mean,x1_ztop,0.011052869880997688,500,3
6,16,0.83333333333333337,1,0.91666666666666663,375,400,387.5,0.75,0.80000000000000004,0.77500000000000002,D500_F12_V01,500,12,d500_extension,absolute,6,detrended_51,mean,x1_ztop,-0.0058972893783975147,500,3
6,17,0.83333333333333337,1,0.91666666666666663,400,425,412.5,0.80000000000000004,0.84999999999999998,0.82499999999999996,D500_F12_V01,500,12,d500_extension,absolute,6,detrended_51,mean,x1_ztop,-0.0237155592254506,500,3
6,18,0.83333333333333337,1,0.91666666666666663,425,450,437.5,0.84999999999999998,0.90000000000000002,0.875,D500_F12_V01,500,12,d500_extension,absolute,6,detrended_51,mean,x1_ztop,-0.009098281381425195,500,3
6,19,0.83333333333333337,1,0.91666666666666663,450,475,462.5,0.90000000000000002,0.94999999999999996,0.92500000000000004,D500_F12_V01,500,12,d500_extension,absolute,6,detrended_51,mean,x1_ztop,0.084449834886993674,500,3
6,20,0.83333333333333337,1,0.91666666666666663,475,500,487.5,0.94999999999999996,1,0.97499999999999998,D500_F12_V01,500,12,d500_extension,absolute,6,detrended_51,mean,x1_ztop,0.04143343512770948,500,3
