scan_id,frame_index,coordinate_base,alpha,diameter_um,diameter_axial_px,x_center_px,z_peak_px,z_upper_px,z_lower_op_px,z_tail_start_px,tracking_class,tracking_confidence,old_tracking_class,old_tracking_confidence,new_tracking_class,overall_tracking_confidence,x_path_confidence_class,x_path_confidence,x_local_evidence_available,x_local_evidence_strong,x_local_peak_px,x_local_peak_score,x_local_baseline_score,x_local_noise_sigma,x_local_peak_snr,x_local_path_residual_px,x_alignment_tolerance_px,x_local_window_half_width_px,x_local_window_x0_px,x_local_window_x1_exclusive_px,x_local_path_change_px,z_edge_confidence_class,z_edge_confidence,z_candidate_present,z_candidate_accepted,z_residual_tolerance_px,peak_excess,background_sigma,peak_snr,upper_threshold,upper_component_width_px,seed_x_px,seed_z_upper_px,model_z_upper_px,residual_x_px,residual_z_px,distance_to_z_anchor_frames,x_robust_snr,central_x0_px,central_x1_exclusive_px,side_left_x0_px,side_left_x1_exclusive_px,side_right_x0_px,side_right_x1_exclusive_px,window_300_fits,qc_valid,qc_flags
flow07,0,0,0.1,128.0,19,230.56649226927541,217.0,202.0,221.0,223.0,high_confidence,0.5,high_confidence,0.5,high_confidence,0.822656385521095,strong_evidence,0.7976356536287461,True,True,228.0,44339.4140625,12561.521484375,3679.008056640625,8.637625166589611,-2.5664922692754146,3.5275590551181097,16.0,214,248,0.13298453855080083,strong_evidence,0.8484619833125304,True,True,4.36246552226844,52059.60546875,2958.371826171875,17.59738414495212,8875.115478515625,107,228.0,199.0,202.39576604624074,-2.5664922692754146,-3.3957660462407375,0.0,8.637625166589611,230,233,203,219,244,260,True,True,
flow07,1,0,0.1,128.0,19,230.4335077307246,217.0,204.0,223.0,225.0,high_confidence,0.5,high_confidence,0.5,high_confidence,0.8030968960036231,strong_evidence,0.7181711434596905,True,True,230.0,49710.06640625,14849.0380859375,10572.857421875,3.2972191839252303,-0.4335077307246138,3.5275590551181097,16.0,214,248,0.13298453855080083,strong_evidence,0.8980653570451551,True,True,4.36246552226844,52862.4375,3244.54541015625,16.292710015562477,9733.63623046875,104,230.0,206.0,203.5946143029927,-0.4335077307246138,2.40538569700729,0.0,3.2972191839252303,229,232,202,218,243,259,True,True,
flow07,2,0,0.1,128.0,19,230.3077097472643,217.0,205.0,224.0,226.0,model_assisted,0.012993802352118174,model_assisted,0.012993802352118174,model_assisted,0.0,strong_evidence,0.9779493293283357,True,True,230.0,49093.87109375,11754.7919921875,3102.117431640625,12.036642688221795,-0.3077097472643118,3.5275590551181097,16.0,214,248,0.12579798346030202,weak_evidence,0.0,True,False,4.36246552226844,53260.109375,12854.0634765625,4.1434453371194255,38562.1904296875,30,230.0,215.0,204.8638507433547,-0.3077097472643118,10.136149256645297,1.0,12.036642688221795,229,232,202,218,243,259,True,True,UPPER_SEED_TRAJECTORY_OUTLIER;Z_EDGE_EVIDENCE_WEAK
flow07,3,0,0.1,128.0,19,230.20122405323707,218.0,206.0,225.0,227.0,model_assisted,0.0012155359436604733,model_assisted,0.0012155359436604733,model_assisted,0.0,strong_evidence,0.9856359810279746,True,True,230.0,50252.53125,16631.30078125,4709.68310546875,7.138745795807362,-0.2012240532370697,3.5275590551181097,16.0,214,248,0.10648569402724206,weak_evidence,0.0,True,False,4.36246552226844,54197.12109375,1281.64111328125,42.28728349311053,5419.712109375,131,230.0,187.0,206.12656660789585,-0.2012240532370697,-19.126566607895853,1.0,7.138745795807362,229,232,202,218,243,259,True,True,UPPER_SEED_TRAJECTORY_OUTLIER;Z_EDGE_EVIDENCE_WEAK
flow07,4,0,0.1,128.0,19,230.1205648533383,219.0,207.0,226.0,228.0,high_confidence,0.5,high_confidence,0.5,high_confidence,0.9824112313008594,strong_evidence,0.991418684770063,True,True,230.0,50988.453125,13993.5,5912.47412109375,6.25710191153552,-0.12056485333829414,3.5275590551181097,16.0,214,248,0.08065919989877557,strong_evidence,0.9734856143143107,True,True,4.36246552226844,55667.890625,5001.40478515625,11.130450946545585,15004.21435546875,101,230.0,208.0,207.32423001798628,-0.12056485333829414,0.6757699820137191,0.0,6.25710191153552,229,232,202,218,243,259,True,True,
flow07,5,0,0.1,128.0,19,230.06589327509263,220.0,208.0,227.0,229.0,model_assisted,0.15571540676412987,model_assisted,0.15571540676412987,model_assisted,0.8416696541760758,strong_evidence,0.9953191531305084,True,True,230.0,49433.65234375,20879.158203125,2404.323974609375,11.876308867761542,-0.06589327509263398,3.5275590551181097,16.0,214,248,0.05467157824566016,weak_evidence,0.7117393496676607,True,False,4.36246552226844,56576.33984375,8021.04833984375,7.053484463210716,24063.14501953125,57,230.0,214.0,208.42082423968748,-0.06589327509263398,5.579175760312523,1.0,11.876308867761542,229,232,202,218,243,259,True,True,UPPER_SEED_TRAJECTORY_OUTLIER;Z_EDGE_EVIDENCE_WEAK
flow07,6,0,0.1,128.0,19,230.03273328667177,220.0,209.0,228.0,230.0,model_assisted,0.21561760383252007,model_assisted,0.21561760383252007,model_assisted,0.8505845930129996,strong_evidence,0.9289233443592986,True,True,231.0,51288.7890625,13010.0322265625,1808.5714111328125,21.165189607836005,0.9672667133282289,3.5275590551181097,16.0,214,248,0.033159988420862874,weak_evidence,0.7788523716885402,True,False,4.36246552226844,56958.828125,8492.6826171875,6.706812286818145,25478.0478515625,57,231.0,214.0,209.39725362144586,0.9672667133282289,4.602746378554144,2.0,21.165189607836005,229,232,202,218,243,259,True,True,UPPER_SEED_TRAJECTORY_OUTLIER;Z_EDGE_EVIDENCE_WEAK
flow07,7,0,0.1,128.0,19,230.0147357864809,220.0,210.0,229.0,231.0,model_assisted,2.0839968407598066e-06,model_assisted,2.0839968407598066e-06,model_assisted,0.0,strong_evidence,0.9989551210318974,True,True,230.0,50672.94140625,11637.8671875,2522.793701171875,15.472955319579889,-0.014735786480912338,3.5275590551181097,16.0,214,248,0.017997500190858773,weak_evidence,0.0,True,False,4.36246552226844,56714.82421875,1384.5745849609375,40.96191338103326,5671.482421875,150,230.0,171.0,210.24366885007348,-0.014735786480912338,-39.243668850073476,1.0,15.472955319579889,229,232,202,218,243,259,True,True,UPPER_SEED_TRAJECTORY_OUTLIER;Z_EDGE_EVIDENCE_WEAK
flow07,8,0,0.1,128.0,19,230.00599490843322,219.0,211.0,230.0,232.0,high_confidence,0.5,high_confidence,0.5,high_confidence,0.8631090593215316,strong_evidence,0.9995750473353958,True,True,230.0,52253.05859375,13758.7607421875,5454.2939453125,7.057613366189232,-0.005994908433223145,3.5275590551181097,16.0,214,248,0.008740878047689193,strong_evidence,0.7452739544356968,True,True,4.36246552226844,55900.6875,12072.33203125,4.630479625253638,36216.99609375,28,230.0,215.0,210.95495316566968,-0.005994908433223145,4.045046834330321,0.0,7.057613366189232,229,232,202,218,243,259,True,True,
flow07,9,0,0.1,128.0,19,230.0021961384929,219.0,212.0,231.0,233.0,model_assisted,0.1355121461589644,model_assisted,0.1355121461589644,model_assisted,0.8140549017005052,strong_evidence,0.9262546332129403,True,True,229.0,46617.53125,11016.1943359375,4158.83935546875,8.56040204275931,-1.0021961384929057,3.5275590551181097,16.0,214,248,0.00379876994031747,weak_evidence,0.7154462274417275,True,False,4.36246552226844,55430.9375,2784.691162109375,19.905596087004362,8354.073486328125,108,229.0,206.0,211.52976820039683,-1.0021961384929057,-5.5297682003968305,1.0,8.56040204275931,229,232,202,218,243,259,True,True,UPPER_SEED_TRAJECTORY_OUTLIER;Z_EDGE_EVIDENCE_WEAK
flow07,10,0,0.1,128.0,19,230.0007188137145,218.0,212.0,231.0,233.0,high_confidence,0.5,high_confidence,0.5,high_confidence,0.9153386424022549,strong_evidence,0.8736479990274371,True,True,231.0,47587.859375,17042.71875,5725.162109375,5.335244669313744,0.9992811862854865,3.5275590551181097,16.0,214,248,0.0014773247783921306,strong_evidence,0.9590187709552466,True,True,4.36246552226844,55422.52734375,7441.4384765625,7.447824438555581,22324.3154296875,60,231.0,213.0,211.97068384971953,0.9992811862854865,1.029316150280465,0.0,5.335244669313744,229,232,202,218,243,259,True,True,
flow07,11,0,0.1,128.0,19,230.0002047061087,218.0,212.0,231.0,233.0,model_assisted,0.08821387581828909,model_assisted,0.08821387581828909,model_assisted,0.7407046495970251,strong_evidence,0.9999854922631759,True,True,230.0,48250.4375,15010.03125,2563.97265625,12.964415267445386,-0.00020470610868983385,3.5275590551181097,16.0,214,248,0.0005141076058237104,weak_evidence,0.5486513376238661,True,False,4.36246552226844,56250.31640625,3921.996826171875,14.342264642053262,11765.990478515625,92,230.0,205.0,212.28397301842122,-0.00020470610868983385,-7.2839730184212215,1.0,12.964415267445386,229,232,202,218,243,259,True,True,UPPER_SEED_TRAJECTORY_OUTLIER;Z_EDGE_EVIDENCE_WEAK
flow07,12,0,0.1,128.0,19,230.0000446113428,218.0,212.0,231.0,233.0,high_confidence,0.5,high_confidence,0.5,high_confidence,0.9322636560733456,strong_evidence,0.9264260638771736,True,True,231.0,48375.359375,14825.623046875,4384.08447265625,7.652620869277577,0.999955388657213,3.5275590551181097,16.0,214,248,0.00016009476590284066,strong_evidence,0.9381380320820393,True,True,4.36246552226844,57038.875,8551.3017578125,6.670197896816012,25653.9052734375,58,231.0,214.0,212.47887864519163,0.999955388657213,1.521121354808372,0.0,7.652620869277577,229,232,202,218,243,259,True,True,
flow07,13,0,0.1,128.0,19,230.00000000000003,218.0,213.0,232.0,234.0,high_confidence,0.5,high_confidence,0.5,high_confidence,0.8313019528356902,strong_evidence,0.8464737781779547,True,True,232.0,47582.78125,16019.123046875,4386.654296875,7.195383102245047,1.9999999999999716,3.5275590551181097,16.0,214,248,4.461134275857148e-05,strong_evidence,0.8164020606473523,True,True,4.36246552226844,57642.69140625,12731.0380859375,4.527729083610329,38193.1142578125,32,232.0,215.0,212.5664370764755,1.9999999999999716,2.433562923524505,0.0,7.195383102245047,229,232,202,218,243,259,True,True,
flow07,14,0,0.1,128.0,19,230.00000000000003,218.0,213.0,232.0,234.0,high_confidence,0.5,high_confidence,0.5,high_confidence,0.9265538221000558,strong_evidence,0.916658766170593,True,True,230.0,48483.74609375,17465.1484375,6152.55517578125,5.041579761584384,-2.842170943040401e-14,3.5275590551181097,16.0,214,248,0.0,strong_evidence,0.9365556921848626,True,True,4.36246552226844,58159.35546875,6124.46826171875,9.496229384072008,18373.40478515625,80,230.0,211.0,212.55751150092883,-2.842170943040401e-14,-1.5575115009288254,0.0,5.041579761584384,229,232,202,218,243,259,True,True,
flow07,15,0,0.1,128.0,19,230.00000000000003,218.0,212.0,231.0,233.0,model_assisted,2.7063927689665367e-06,model_assisted,2.7063927689665367e-06,model_assisted,0.0,strong_evidence,0.999999999999998,True,True,230.0,48419.88671875,11989.873046875,2936.179931640625,12.40728242819891,-2.842170943040401e-14,3.5275590551181097,16.0,214,248,0.0,weak_evidence,0.0,True,False,4.36246552226844,58660.5,1796.7967529296875,32.64726514245627,5866.05,142,230.0,174.0,212.4596816739324,-2.842170943040401e-14,-38.45968167393241,1.0,12.40728242819891,229,232,202,218,243,259,True,True,UPPER_SEED_TRAJECTORY_OUTLIER;Z_EDGE_EVIDENCE_WEAK
flow07,16,0,0.1,128.0,19,230.00000000000003,218.0,212.0,231.0,233.0,model_assisted,2.880361505857408e-06,model_assisted,2.880361505857408e-06,model_assisted,0.0,strong_evidence,0.999999999999998,True,True,230.0,51868.90234375,17525.75,3223.804443359375,10.652988711673409,-2.842170943040401e-14,3.5275590551181097,16.0,214,248,0.0,weak_evidence,0.0,True,False,4.36246552226844,59014.59765625,1006.3972778320312,58.639464708587575,5901.459765625001,142,230.0,174.0,212.2727842464798,-2.842170943040401e-14,-38.2727842464798,2.0,10.652988711673409,229,232,202,218,243,259,True,True,UPPER_SEED_TRAJECTORY_OUTLIER;Z_EDGE_EVIDENCE_WEAK
flow07,17,0,0.1,128.0,19,230.00000000000003,217.0,212.0,231.0,233.0,model_assisted,4.204361512444045e-06,model_assisted,4.204361512444045e-06,model_assisted,0.0,strong_evidence,0.999999999999998,True,True,230.0,50772.06640625,13336.947265625,3937.724609375,9.506789543255222,-2.842170943040401e-14,3.5275590551181097,16.0,214,248,0.0,weak_evidence,0.0,True,False,4.36246552226844,59318.08203125,921.9882202148438,64.337136560625,5931.808203125001,142,230.0,175.0,211.98642776578194,-2.842170943040401e-14,-36.98642776578194,1.0,9.506789543255222,229,232,202,218,243,259,True,True,UPPER_SEED_TRAJECTORY_OUTLIER;Z_EDGE_EVIDENCE_WEAK
flow07,18,0,0.1,128.0,19,230.00000000000003,217.0,212.0,231.0,233.0,high_confidence,0.5,high_confidence,0.5,high_confidence,0.935068409915328,strong_evidence,0.999999999999998,True,True,230.0,49475.25,16104.3388671875,4328.89501953125,7.708875124540682,-2.842170943040401e-14,3.5275590551181097,16.0,214,248,0.0,strong_evidence,0.8743529312215816,True,True,4.36246552226844,59256.3984375,12372.2451171875,4.789462048014319,37116.7353515625,34,230.0,213.0,211.58118941621186,-2.842170943040401e-14,1.4188105837881437,0.0,7.708875124540682,229,232,202,218,243,259,True,True,
flow07,19,0,0.1,128.0,19,230.00000000000003,217.0,211.0,230.0,232.0,high_confidence,0.5,high_confidence,0.5,high_confidence,0.8296006687086559,strong_evidence,0.8464737781779547,True,True,232.0,49724.56640625,12381.650390625,4004.806640625,9.324524094825506,1.9999999999999716,3.5275590551181097,16.0,214,248,4.461134275857148e-05,strong_evidence,0.8130638978602365,True,True,4.36246552226844,58947.203125,990.675048828125,59.50205690022069,5894.720312500001,110,232.0,207.0,211.0353285038438,1.9999999999999716,-4.0353285038438,0.0,9.324524094825506,229,232,202,218,243,259,True,True,
flow07,20,0,0.1,128.0,19,230.0000446113428,218.0,210.0,229.0,231.0,high_confidence,0.5,high_confidence,0.5,high_confidence,0.8571513502835995,strong_evidence,0.9264260638771736,True,True,231.0,48475.66796875,11948.4658203125,3155.80810546875,11.574595453107218,0.999955388657213,3.5275590551181097,16.0,214,248,0.00016009476590284066,strong_evidence,0.7930567434795379,True,True,4.36246552226844,57573.75,13364.5048828125,4.3079598163073785,40093.5146484375,23,231.0,213.0,210.33621009481823,0.999955388657213,2.6637899051817726,0.0,11.574595453107218,229,232,202,218,243,259,True,True,
flow07,21,0,0.1,128.0,19,230.0002047061087,222.0,209.0,228.0,230.0,model_assisted,1.5562327519567817e-05,model_assisted,1.5562327519567817e-05,model_assisted,0.0,strong_evidence,0.9264383108629534,True,True,231.0,48517.90234375,11942.583984375,4649.4423828125,7.866603206995799,0.9997952938913102,3.5275590551181097,16.0,214,248,0.0005141076058237104,weak_evidence,0.0,True,False,4.36246552226844,56659.109375,1034.70849609375,54.75852338016019,5665.910937500001,140,231.0,177.0,209.4920961909309,0.9997952938913102,-32.49209619093091,1.0,7.866603206995799,229,232,202,218,243,259,True,True,UPPER_SEED_TRAJECTORY_OUTLIER;Z_EDGE_EVIDENCE_WEAK
flow07,22,0,0.1,128.0,19,230.0007188137145,222.0,209.0,228.0,230.0,high_confidence,0.5,high_confidence,0.5,high_confidence,0.8539547923668331,strong_evidence,0.9263676608913849,True,True,229.0,48674.125,12324.5859375,3424.00244140625,10.616096128591286,-1.0007188137145135,3.5275590551181097,16.0,214,248,0.0014773247783921306,strong_evidence,0.787202336817955,True,True,4.36246552226844,57501.65625,11853.208984375,4.851146750706848,35559.626953125,36,229.0,212.0,208.53921543052414,-1.0007188137145135,3.4607845694758623,0.0,10.616096128591286,229,232,202,218,243,259,True,True,
flow07,23,0,0.1,128.0,19,230.0021961384929,222.0,208.0,227.0,229.0,model_assisted,0.05491654385139789,model_assisted,0.05491654385139789,model_assisted,0.8067623846323577,strong_evidence,0.9998443463744794,True,True,230.0,49557.04296875,15710.9169921875,4738.97021484375,7.142084554688101,-0.002196138492905675,3.5275590551181097,16.0,214,248,0.00379876994031747,weak_evidence,0.6509668706111927,True,False,4.36246552226844,58186.015625,13152.1533203125,4.424067619036658,39456.4599609375,24,230.0,213.0,207.53920429703555,-0.002196138492905675,5.460795702964447,1.0,7.142084554688101,229,232,202,218,243,259,True,True,UPPER_SEED_TRAJECTORY_OUTLIER;Z_EDGE_EVIDENCE_WEAK
flow07,24,0,0.1,128.0,19,230.00599490843322,222.0,207.0,226.0,228.0,model_assisted,9.907357271876134e-06,model_assisted,9.907357271876134e-06,model_assisted,0.0,strong_evidence,0.9268811430360798,True,True,231.0,51271.671875,11997.68359375,2799.234130859375,14.030262009270636,0.9940050915667769,3.5275590551181097,16.0,214,248,0.008740878047689193,weak_evidence,0.0,True,False,4.36246552226844,58471.17578125,427.4716491699219,136.78375137811173,5847.117578125,145,231.0,172.0,206.56669875416233,0.9940050915667769,-34.56669875416233,1.0,14.030262009270636,229,232,202,218,243,259,True,True,UPPER_SEED_TRAJECTORY_OUTLIER;Z_EDGE_EVIDENCE_WEAK
flow07,25,0,0.1,128.0,19,230.0147357864809,222.0,206.0,225.0,227.0,high_confidence,0.5,high_confidence,0.5,high_confidence,0.8658312163066995,strong_evidence,0.8477472398354122,True,True,230.0,50692.203125,15900.73046875,8051.5732421875,4.321077584434622,-0.014735786480912338,3.5275590551181097,16.0,214,248,0.017997500190858773,strong_evidence,0.8843009565878195,True,True,4.36246552226844,58074.86328125,2345.097412109375,24.764371399400698,7035.292236328125,114,230.0,203.0,205.6915286998349,-0.014735786480912338,-2.6915286998348904,0.0,4.321077584434622,229,232,202,218,243,259,True,True,
flow07,26,0,0.1,128.0,19,230.03273328667177,224.0,205.0,224.0,226.0,model_assisted,1.1393795545268558e-07,model_assisted,1.1393795545268558e-07,model_assisted,0.0,strong_evidence,0.9976774773822272,True,True,230.0,49262.11328125,13693.068359375,3012.535400390625,11.807013095103509,-0.03273328667177111,3.5275590551181097,16.0,214,248,0.033159988420862874,weak_evidence,0.0,True,False,4.36246552226844,58087.9453125,1762.2445068359375,32.96247773062737,5808.794531250001,162,230.0,157.0,204.9628353613749,-0.03273328667177111,-47.962835361374914,1.0,11.807013095103509,229,232,202,218,243,259,True,True,UPPER_SEED_TRAJECTORY_OUTLIER;Z_EDGE_EVIDENCE_WEAK
flow07,27,0,0.1,128.0,19,230.06589327509263,225.0,204.0,223.0,225.0,model_assisted,0.0182384631234439,model_assisted,0.0182384631234439,model_assisted,0.0,strong_evidence,0.9953191531305084,True,True,230.0,50477.34375,15240.5869140625,1930.716552734375,18.250611041809055,-0.06589327509263398,3.5275590551181097,16.0,214,248,0.05467157824566016,weak_evidence,0.0,True,False,4.36246552226844,58049.73046875,13370.1689453125,4.341735000222408,40110.5068359375,27,230.0,214.0,204.40127853835259,-0.06589327509263398,9.598721461647415,1.0,18.250611041809055,229,232,202,218,243,259,True,True,UPPER_SEED_TRAJECTORY_OUTLIER;Z_EDGE_EVIDENCE_WEAK
flow07,28,0,0.1,128.0,19,230.1205648533383,225.0,204.0,223.0,225.0,high_confidence,0.6383777864792107,high_confidence,0.6383777864792107,high_confidence,0.9956791396241431,strong_evidence,0.991418684770063,True,True,230.0,49007.546875,18100.98828125,4839.6435546875,6.386122912670924,-0.12056485333829414,3.5275590551181097,16.0,214,248,0.08065919989877557,strong_evidence,0.9999579030655461,True,True,4.36246552226844,57936.65625,4415.66943359375,13.120695994411768,13247.00830078125,89,230.0,204.0,204.00110183216583,-0.12056485333829414,-0.0011018321658298191,0.0,6.386122912670924,229,232,202,218,243,259,True,True,
flow07,29,0,0.1,128.0,19,230.20122405323707,225.0,204.0,223.0,225.0,model_assisted,1.3034592593988897e-07,model_assisted,1.3034592593988897e-07,model_assisted,0.0,strong_evidence,0.9416903108105396,True,True,231.0,50136.89453125,14472.408203125,4686.81494140625,7.6095358519583645,0.7987759467629303,3.5275590551181097,16.0,214,248,0.10648569402724206,weak_evidence,0.0,True,False,4.36246552226844,57370.05078125,1318.7349853515625,43.50385135642373,5737.005078125,164,231.0,157.0,203.7396731109789,0.7987759467629303,-46.73967311097891,1.0,7.6095358519583645,229,232,202,218,243,259,True,True,UPPER_SEED_TRAJECTORY_OUTLIER;Z_EDGE_EVIDENCE_WEAK
flow07,30,0,0.1,128.0,19,230.3077097472643,224.0,204.0,223.0,225.0,model_assisted,0.023502883959142365,model_assisted,0.023502883959142365,model_assisted,0.5338223063178265,strong_evidence,0.8999357342109545,True,True,230.0,47514.8984375,13950.5009765625,6605.98095703125,5.080910417280624,-0.3077097472643118,3.5275590551181097,16.0,214,248,0.12579798346030202,weak_evidence,0.31665178288795925,True,False,4.36246552226844,56775.3515625,10732.0908203125,5.290241436928764,32196.2724609375,46,230.0,212.0,203.58925260035264,-0.3077097472643118,8.410747399647363,2.0,5.080910417280624,229,232,202,218,243,259,True,True,UPPER_SEED_TRAJECTORY_OUTLIER;Z_EDGE_EVIDENCE_WEAK
flow07,31,0,0.1,128.0,19,230.4335077307246,223.0,204.0,223.0,225.0,model_assisted,3.8120137565446964e-06,model_assisted,3.8120137565446964e-06,model_assisted,0.0,strong_evidence,0.9687900442172827,True,True,230.0,48879.203125,11658.13671875,5032.66259765625,7.395899423812782,-0.4335077307246138,3.5275590551181097,16.0,214,248,0.13298453855080083,weak_evidence,0.0,True,False,4.36246552226844,57047.84375,2219.011962890625,25.708668859849624,6657.035888671875,153,230.0,167.0,203.52708075542776,-0.4335077307246138,-36.52708075542776,3.0,7.395899423812782,229,232,202,218,243,259,True,True,UPPER_SEED_TRAJECTORY_OUTLIER;Z_EDGE_EVIDENCE_WEAK
flow07,32,0,0.1,128.0,19,230.56649226927541,223.0,204.0,223.0,225.0,model_assisted,0.007035778110245721,model_assisted,0.007035778110245721,model_assisted,0.0,strong_evidence,0.8484226976945582,True,True,231.0,49015.0703125,17570.71484375,6833.23291015625,4.601680622068974,0.43350773072458537,3.5275590551181097,16.0,214,248,0.13298453855080083,weak_evidence,0.0,True,False,4.36246552226844,57866.48046875,4121.390625,14.040523147147693,12364.171875,108,231.0,191.0,203.5417504560595,0.43350773072458537,-12.541750456059503,4.0,4.601680622068974,230,233,203,219,244,260,True,True,UPPER_SEED_TRAJECTORY_OUTLIER;Z_EDGE_EVIDENCE_WEAK
flow07,33,0,0.1,128.0,19,230.69229025273572,223.0,204.0,223.0,225.0,model_assisted,6.730869322411568e-06,model_assisted,6.730869322411568e-06,model_assisted,0.0,strong_evidence,0.865323158689738,True,True,230.0,49099.875,13073.625,7231.97705078125,4.9815216153248425,-0.6922902527357166,3.5275590551181097,16.0,214,248,0.12579798346030202,weak_evidence,0.0,True,False,4.36246552226844,58578.0546875,303.2137756347656,193.1906113594913,5857.805468750001,150,230.0,170.0,203.63586964410064,-0.6922902527357166,-33.63586964410064,4.0,4.9815216153248425,230,233,203,219,244,260,True,True,UPPER_SEED_TRAJECTORY_OUTLIER;Z_EDGE_EVIDENCE_WEAK
flow07,34,0,0.1,128.0,19,230.79877594676296,223.0,204.0,223.0,225.0,model_assisted,1.2367326133983918e-05,model_assisted,1.2367326133983918e-05,model_assisted,0.0,strong_evidence,0.9856359810279767,True,True,231.0,48727.0,14892.705078125,4844.13330078125,6.98459204589153,0.2012240532370413,3.5275590551181097,16.0,214,248,0.10648569402724206,weak_evidence,0.0,True,False,4.36246552226844,58768.37890625,945.1690673828125,62.177636715281565,5876.837890625,149,231.0,171.0,203.82472213782438,0.2012240532370413,-32.82472213782438,3.0,6.98459204589153,230,233,203,219,244,260,True,True,UPPER_SEED_TRAJECTORY_OUTLIER;Z_EDGE_EVIDENCE_WEAK
flow07,35,0,0.1,128.0,19,230.87943514666173,223.0,204.0,223.0,225.0,model_assisted,2.2317257860943755e-05,model_assisted,2.2317257860943755e-05,model_assisted,0.0,strong_evidence,0.991418684770065,True,True,231.0,51554.91796875,10957.04296875,3612.61767578125,11.237800023004224,0.12056485333826572,3.5275590551181097,16.0,214,248,0.08065919989877557,weak_evidence,0.0,True,False,4.36246552226844,57927.578125,545.5203857421875,106.18774227142545,5792.7578125,147,231.0,172.0,204.13045085107308,0.12056485333826572,-32.13045085107308,2.0,11.237800023004224,230,233,203,219,244,260,True,True,UPPER_SEED_TRAJECTORY_OUTLIER;Z_EDGE_EVIDENCE_WEAK
flow07,36,0,0.1,128.0,19,230.9341067249074,226.0,205.0,224.0,226.0,model_assisted,8.928034086041993e-06,model_assisted,8.928034086041993e-06,model_assisted,0.0,strong_evidence,0.9953191531305104,True,True,231.0,48910.08203125,12289.451171875,4057.338134765625,9.025777404547135,0.06589327509260556,3.5275590551181097,16.0,214,248,0.05467157824566016,weak_evidence,0.0,True,False,4.36246552226844,55633.81640625,1081.2952880859375,51.45108558156264,5563.381640625001,149,231.0,170.0,204.5714416429241,0.06589327509260556,-34.5714416429241,1.0,9.025777404547135,230,233,203,219,244,260,True,True,UPPER_SEED_TRAJECTORY_OUTLIER;Z_EDGE_EVIDENCE_WEAK
flow07,37,0,0.1,128.0,19,230.96731132467104,226.0,205.0,224.0,226.0,high_confidence,0.5,high_confidence,0.5,high_confidence,0.9270007096153512,strong_evidence,0.9976806463670091,True,True,231.0,46888.7578125,10957.123046875,4067.412109375,8.83402856642089,0.032688675328955696,3.5275590551181097,16.0,214,248,0.03320459976364987,strong_evidence,0.8613280399460104,True,True,4.36246552226844,54832.26171875,4586.67822265625,11.954678104058363,13760.03466796875,83,231.0,202.0,205.14963722043672,0.032688675328955696,-3.1496372204367162,0.0,8.83402856642089,230,233,203,219,244,260,True,True,
flow07,38,0,0.1,128.0,19,230.98546891962778,226.0,206.0,225.0,227.0,model_assisted,0.1791321175590412,model_assisted,0.1791321175590412,model_assisted,0.8610203850253618,strong_evidence,0.9989696437324943,True,True,231.0,47032.67578125,13321.677734375,2882.860595703125,11.693592849103043,0.014531080372222505,3.5275590551181097,16.0,214,248,0.018157594956733192,weak_evidence,0.7421207521974951,True,False,4.36246552226844,53957.65234375,7587.1953125,7.111673038764942,22761.5859375,52,231.0,211.0,205.84110502458532,0.014531080372222505,5.1588949754146824,1.0,11.693592849103043,230,233,203,219,244,260,True,True,UPPER_SEED_TRAJECTORY_OUTLIER;Z_EDGE_EVIDENCE_WEAK
flow07,39,0,0.1,128.0,19,230.99472390528132,228.0,207.0,226.0,228.0,model_assisted,0.013329022423691685,model_assisted,0.013329022423691685,model_assisted,0.5985283232985233,weak_evidence,0.551191307560167,True,False,231.0,46862.89453125,17585.91015625,16048.9072265625,1.8242353801225637,0.005276094718681179,3.5275590551181097,16.0,214,248,0.009254985653541326,weak_evidence,0.6499307026017229,True,False,4.36246552226844,50151.80859375,11587.9306640625,4.3279348183610695,34763.7919921875,38,231.0,212.0,206.595800002663,0.005276094718681179,5.4041999973370025,1.0,1.8242353801225637,230,233,203,219,244,260,True,True,X_LOCAL_EVIDENCE_WEAK;UPPER_SEED_TRAJECTORY_OUTLIER;Z_EDGE_EVIDENCE_WEAK
flow07,40,0,0.1,128.0,19,231.0,231.0,207.0,226.0,228.0,high_confidence,0.5,high_confidence,0.5,high_confidence,0.9061220540466086,strong_evidence,0.9264226511541201,True,True,232.0,48051.25,13687.421875,3607.92724609375,9.52453466521677,1.0,3.5275590551181097,16.0,215,248,0.005276094718709601,strong_evidence,0.8862663016785992,True,True,4.36246552226844,43935.3515625,6724.06298828125,6.534048184716722,20172.18896484375,51,232.0,210.0,207.34878819920215,1.0,2.651211800797853,0.0,9.52453466521677,230,233,203,219,244,260,True,True,
flow07,41,0,0.1,128.0,19,231.0052760947187,234.0,208.0,227.0,229.0,model_assisted,0.010116417688864513,model_assisted,0.010116417688864513,model_assisted,0.0,strong_evidence,0.7568921359253028,True,True,230.0,48185.5,19938.431640625,7046.83154296875,4.00847787933282,-1.0052760947187096,3.5275590551181097,16.0,215,249,0.009254985653512904,weak_evidence,0.0,True,False,4.36246552226844,42986.625,3995.3056640625,10.7592831724145,11985.9169921875,98,230.0,197.0,208.0382664684649,-1.0052760947187096,-11.038266468464911,1.0,4.00847787933282,230,233,203,219,244,260,True,True,UPPER_SEED_TRAJECTORY_OUTLIER;Z_EDGE_EVIDENCE_WEAK
flow07,42,0,0.1,128.0,19,231.01453108037222,233.0,209.0,228.0,230.0,high_confidence,0.5,high_confidence,0.5,high_confidence,0.8476656465472002,strong_evidence,0.7609037321618644,True,True,231.0,47769.55078125,19147.52734375,8222.3173828125,3.4810166167180525,-0.014531080372222505,3.5275590551181097,16.0,215,249,0.018157594956761614,strong_evidence,0.9443205729781217,True,True,4.36246552226844,44502.0234375,5546.037109375,8.024112092988695,16638.111328125,65,231.0,210.0,208.62224349888515,-0.014531080372222505,1.3777565011148454,0.0,3.4810166167180525,230,233,203,219,244,260,True,True,
flow07,43,0,0.1,128.0,19,231.03268867532898,230.0,209.0,228.0,230.0,model_assisted,4.559047149772782e-05,model_assisted,4.559047149772782e-05,model_assisted,0.0,strong_evidence,0.9289199408109072,True,True,232.0,46761.01953125,13410.947265625,4503.626953125,7.405158689372325,0.9673113246710159,3.5275590551181097,16.0,215,249,0.03320459976364987,weak_evidence,0.0,True,False,4.36246552226844,47007.265625,1981.3363037109375,23.72503120089098,5944.0089111328125,146,232.0,180.0,209.08621081856418,0.9673113246710159,-29.086210818564183,1.0,7.405158689372325,230,233,203,219,244,260,True,True,UPPER_SEED_TRAJECTORY_OUTLIER;Z_EDGE_EVIDENCE_WEAK
flow07,44,0,0.1,128.0,19,231.06589327509263,227.0,209.0,228.0,230.0,high_confidence,0.5,high_confidence,0.5,high_confidence,0.8814846539740937,strong_evidence,0.9314497903714382,True,True,232.0,49851.80078125,17759.708984375,2499.396484375,12.839936359636818,0.934106724907366,3.5275590551181097,16.0,215,249,0.054671578245631736,strong_evidence,0.8341997638777439,True,True,4.36246552226844,52356.40625,10620.7109375,4.929651749125198,31862.1328125,38,232.0,212.0,209.43970159536696,0.934106724907366,2.560298404633045,0.0,12.839936359636818,230,233,203,219,244,260,True,True,
flow07,45,0,0.1,128.0,19,231.12056485333827,226.0,210.0,229.0,231.0,high_confidence,0.5,high_confidence,0.5,high_confidence,0.9012329835801878,strong_evidence,0.991418684770065,True,True,231.0,47963.7265625,12266.765625,4614.7265625,7.735444441622861,-0.12056485333826572,3.5275590551181097,16.0,215,249,0.08065919989877557,strong_evidence,0.8192511430034441,True,True,4.36246552226844,52918.61328125,11821.4482421875,4.476491559841037,35464.3447265625,37,231.0,212.0,209.70530109238325,-0.12056485333826572,2.2946989076167483,0.0,7.735444441622861,230,233,203,219,244,260,True,True,
flow07,46,0,0.1,128.0,19,231.20122405323704,223.0,210.0,229.0,231.0,high_confidence,0.5,high_confidence,0.5,high_confidence,0.9528227626383267,strong_evidence,0.9856359810279767,True,True,231.0,48581.00390625,14830.556640625,3780.5849609375,8.927308237838318,-0.2012240532370413,3.5275590551181097,16.0,215,249,0.10648569402727048,strong_evidence,0.9211019427830361,True,True,4.36246552226844,54482.31640625,5889.83984375,9.250220354304519,17669.51953125,83,231.0,208.0,209.9064898663745,-0.2012240532370413,-1.9064898663744998,0.0,8.927308237838318,230,233,203,219,244,260,True,True,
flow07,47,0,0.1,128.0,19,231.3077097472643,222.0,210.0,229.0,231.0,high_confidence,0.6209674508703376,high_confidence,0.6209674508703376,high_confidence,0.9733960741968548,strong_evidence,0.9496704890843387,True,True,232.0,46306.8984375,17650.181640625,4523.939453125,6.334460726940059,0.6922902527356882,3.5275590551181097,16.0,215,249,0.12579798346030202,strong_evidence,0.9977143947848872,True,True,4.36246552226844,57379.2109375,9293.71875,6.173977552042879,27881.15625,51,232.0,210.0,210.05968861097722,0.6922902527356882,-0.05968861097721856,0.0,6.334460726940059,230,233,203,219,244,260,True,True,
flow07,48,0,0.1,128.0,19,231.4335077307246,222.0,210.0,229.0,231.0,model_assisted,0.00014206180186706352,model_assisted,0.00014206180186706352,model_assisted,0.0,strong_evidence,0.9687900442172827,True,True,231.0,49464.0859375,13394.5234375,4128.2734375,8.737202863636622,-0.4335077307246138,3.5275590551181097,16.0,215,249,0.1329845385507724,weak_evidence,0.0,True,False,4.36246552226844,58947.71484375,1261.4739990234375,46.729234918344744,5894.771484375,138,231.0,184.0,210.17276013278317,-0.4335077307246138,-26.172760132783168,1.0,8.737202863636622,230,233,203,219,244,260,True,True,UPPER_SEED_TRAJECTORY_OUTLIER;Z_EDGE_EVIDENCE_WEAK
flow07,49,0,0.1,128.0,19,231.5664922692754,222.0,210.0,229.0,231.0,model_assisted,0.00015852271429681747,model_assisted,0.00015852271429681747,model_assisted,0.0,strong_evidence,0.9590123976241933,True,True,231.0,50529.75390625,15071.84375,2631.92333984375,13.472242758542897,-0.5664922692753862,3.5275590551181097,16.0,215,249,0.1329845385507724,weak_evidence,0.0,True,False,4.36246552226844,59874.5546875,2594.916259765625,23.073790709881298,7784.748779296875,132,231.0,184.0,210.24883800114452,-0.5664922692753862,-26.24883800114452,2.0,13.472242758542897,231,234,204,220,245,261,True,True,UPPER_SEED_TRAJECTORY_OUTLIER;Z_EDGE_EVIDENCE_WEAK
flow07,50,0,0.1,128.0,19,231.69229025273572,222.0,210.0,229.0,231.0,model_assisted,8.578545180393184e-05,model_assisted,8.578545180393184e-05,model_assisted,0.0,strong_evidence,0.9084211572249778,True,True,231.0,48477.50390625,20480.59375,5099.53125,5.490094831020008,-0.6922902527357166,3.5275590551181097,16.0,215,249,0.12579798346033044,weak_evidence,0.0,True,False,4.36246552226844,59735.171875,2835.764892578125,21.064923975658644,8507.294677734375,131,231.0,184.0,210.29206468308988,-0.6922902527357166,-26.292064683089876,1.0,5.490094831020008,231,234,204,220,245,261,True,True,UPPER_SEED_TRAJECTORY_OUTLIER;Z_EDGE_EVIDENCE_WEAK
flow07,51,0,0.1,128.0,19,231.79877594676296,222.0,210.0,229.0,231.0,high_confidence,0.5,high_confidence,0.5,high_confidence,0.8624197927306388,strong_evidence,0.8241125824950164,True,True,232.0,49579.56640625,14758.625,8301.3603515625,4.194606658617817,0.2012240532370413,3.5275590551181097,16.0,215,249,0.10648569402724206,strong_evidence,0.902507636325351,True,True,4.36246552226844,58409.8671875,5174.11328125,11.288865166359273,15522.33984375,93,232.0,208.0,210.31114218317072,0.2012240532370413,-2.311142183170716,0.0,4.194606658617817,231,234,204,220,245,261,True,True,
flow07,52,0,0.1,128.0,19,231.87943514666173,224.0,210.0,229.0,231.0,high_confidence,0.5,high_confidence,0.5,high_confidence,0.9198183241248696,strong_evidence,0.991418684770065,True,True,232.0,48330.75390625,11717.146484375,5055.14990234375,7.2428331759063385,0.12056485333826572,3.5275590551181097,16.0,215,249,0.08065919989877557,strong_evidence,0.8533889489808311,True,True,4.36246552226844,56243.97265625,12175.9619140625,4.619263188667797,36527.8857421875,32,232.0,212.0,210.3184565830864,0.12056485333826572,1.6815434169135983,0.0,7.2428331759063385,231,234,204,220,245,261,True,True,
flow07,53,0,0.1,128.0,19,231.93410672490742,224.0,210.0,229.0,231.0,high_confidence,0.5,high_confidence,0.5,high_confidence,0.8882477318473518,strong_evidence,0.9314497903714338,True,True,231.0,47271.4609375,10423.123046875,4751.10302734375,7.755743809080519,-0.9341067249074229,3.5275590551181097,16.0,215,249,0.05467157824568858,strong_evidence,0.8470494505316729,True,True,4.36246552226844,54591.26953125,12097.7158203125,4.5125270209760835,36293.1474609375,32,231.0,212.0,210.32556597645905,-0.9341067249074229,1.6744340235409538,0.0,7.755743809080519,231,234,204,220,245,261,True,True,
flow07,54,0,0.1,128.0,19,231.96726671332826,225.0,210.0,229.0,231.0,high_confidence,0.5,high_confidence,0.5,high_confidence,0.8084583286477504,strong_evidence,0.7887098294335454,True,True,233.0,43068.5078125,13178.880859375,6835.951171875,4.372416683738061,1.0327332866717427,3.5275590551181097,16.0,215,249,0.03315998842083445,strong_evidence,0.8287013103784133,True,True,4.36246552226844,52651.62890625,12482.4814453125,4.218041832220954,37447.4443359375,20,233.0,212.0,210.33818672808292,1.0327332866717427,1.661813271917083,0.0,4.372416683738061,231,234,204,220,245,261,True,True,
flow07,55,0,0.1,128.0,19,231.98526421351912,224.0,210.0,229.0,231.0,high_confidence,0.5,high_confidence,0.5,high_confidence,0.876627110981866,strong_evidence,0.9252946894948039,True,True,233.0,42757.28125,13969.5458984375,2566.0048828125,11.218893441858677,1.014735786480884,3.5275590551181097,16.0,215,249,0.017997500190858773,strong_evidence,0.8305192934026108,True,True,4.36246552226844,50643.3515625,11954.97265625,4.236174604383048,35864.91796875,20,233.0,212.0,210.35434062327585,1.014735786480884,1.6456593767241543,0.0,11.218893441858677,231,234,204,220,245,261,True,True,
flow07,56,0,0.1,128.0,19,231.99400509156683,224.0,210.0,229.0,231.0,high_confidence,0.5,high_confidence,0.5,high_confidence,0.9247242612729958,strong_evidence,0.9995750473353998,True,True,232.0,47412.640625,12636.021484375,2848.439453125,12.209007673472522,0.005994908433166302,3.5275590551181097,16.0,215,249,0.008740878047717615,strong_evidence,0.8554784972538039,True,True,4.36246552226844,49489.25390625,12217.5703125,4.0506625000239795,36652.7109375,20,232.0,211.0,210.36629786302353,0.005994908433166302,0.633702136976467,0.0,12.209007673472522,231,234,204,220,245,261,True,True,
flow07,57,0,0.1,128.0,19,231.99780386150715,223.0,210.0,229.0,231.0,high_confidence,0.5,high_confidence,0.5,high_confidence,0.9529829621418359,strong_evidence,0.9611727071414676,True,True,232.0,49918.671875,16567.39453125,6014.8271484375,5.544843853478619,0.0021961384928488314,3.5275590551181097,16.0,215,249,0.00379876994031747,strong_evidence,0.9448629984860362,True,True,4.36246552226844,49916.25390625,6507.73193359375,7.670299639813968,19523.19580078125,63,232.0,209.0,210.36508839468348,0.0021961384928488314,-1.3650883946834824,0.0,5.544843853478619,231,234,204,220,245,261,True,True,
flow07,58,0,0.1,128.0,19,231.99928118628551,222.0,210.0,229.0,231.0,high_confidence,0.5227574739967521,high_confidence,0.5227574739967521,high_confidence,0.9692064515894054,strong_evidence,0.9999490559893295,True,True,232.0,47019.50390625,12463.25,4279.57177734375,8.07469898955601,0.0007188137144851225,3.5275590551181097,16.0,215,249,0.001477324778363709,strong_evidence,0.9394090030648026,True,True,4.36246552226844,51321.78515625,9909.9658203125,5.178805465812557,29729.8974609375,38,232.0,210.0,210.34485788517506,0.0007188137144851225,-0.34485788517505966,0.0,8.07469898955601,231,234,204,220,245,261,True,True,
flow07,59,0,0.1,128.0,19,231.99979529389137,224.0,210.0,229.0,231.0,model_assisted,0.01185397165611941,model_assisted,0.01185397165611941,model_assisted,0.0,strong_evidence,0.926438310862949,True,True,231.0,48449.45703125,17372.39453125,992.8612670898438,31.300508469918835,-0.999795293891367,3.5275590551181097,16.0,215,249,0.0005141076058521321,weak_evidence,0.0,True,False,4.36246552226844,52826.4921875,2507.82373046875,21.064675138721146,7523.47119140625,117,231.0,197.0,210.30527692010267,-0.999795293891367,-13.30527692010267,1.0,31.300508469918835,231,234,204,220,245,261,True,True,UPPER_SEED_TRAJECTORY_OUTLIER;Z_EDGE_EVIDENCE_WEAK
flow07,60,0,0.1,128.0,19,231.99995538865724,224.0,210.0,229.0,231.0,model_assisted,0.0037042165971978764,model_assisted,0.0037042165971978764,model_assisted,0.0,strong_evidence,0.6625941553869372,True,True,231.0,50246.4921875,17206.8203125,10764.919921875,3.0691981096730028,-0.9999553886572414,3.5275590551181097,16.0,215,249,0.00016009476587441895,weak_evidence,0.0,True,False,4.36246552226844,54842.51953125,2917.285400390625,18.79916155063422,8751.856201171875,113,231.0,197.0,210.25134415930262,-0.9999553886572414,-13.251344159302619,1.0,3.0691981096730028,231,234,204,220,245,261,True,True,UPPER_SEED_TRAJECTORY_OUTLIER;Z_EDGE_EVIDENCE_WEAK
flow07,61,0,0.1,128.0,19,232.00000000000003,223.0,210.0,229.0,231.0,high_confidence,0.5,high_confidence,0.5,high_confidence,0.8561173377825237,strong_evidence,0.8464737781779499,True,True,230.0,47491.80859375,20945.09375,2382.4541015625,11.14259234893117,-2.0000000000000284,3.5275590551181097,16.0,216,250,4.461134278699319e-05,strong_evidence,0.8658707628598913,True,True,4.36246552226844,56100.2578125,13068.1064453125,4.292914053559996,39204.3193359375,31,230.0,211.0,210.19133326756105,-2.0000000000000284,0.8086667324389509,0.0,11.14259234893117,231,234,204,220,245,261,True,True,
flow07,62,0,0.1,128.0,19,232.00000000000003,223.0,210.0,229.0,231.0,model_assisted,2.1474336498692242e-12,model_assisted,2.1474336498692242e-12,model_assisted,0.0,strong_evidence,0.9264226511541179,True,True,231.0,48448.88671875,15506.6572265625,5371.09716796875,6.133240278847095,-1.0000000000000284,3.5275590551181097,16.0,216,250,4.461134273014977e-05,weak_evidence,0.0,True,False,4.36246552226844,56603.5546875,559.3919067382812,101.18765396079051,5660.35546875,189,231.0,131.0,210.13365724667665,-1.0000000000000284,-79.13365724667665,1.0,6.133240278847095,231,234,204,220,245,261,True,True,UPPER_SEED_TRAJECTORY_OUTLIER;Z_EDGE_EVIDENCE_WEAK
flow07,63,0,0.1,128.0,19,232.00004461134276,223.0,210.0,229.0,231.0,high_confidence,0.9188051968196717,high_confidence,0.9188051968196717,high_confidence,0.99376551760179,strong_evidence,0.9999968383652418,True,True,232.0,47330.70703125,16529.35546875,3080.726806640625,9.998079510363107,-4.461134275857148e-05,3.5275590551181097,16.0,216,250,0.00016009476593126237,strong_evidence,0.9875730263195599,True,True,4.36246552226844,56394.7421875,9664.3427734375,5.835341679157041,28993.0283203125,48,232.0,210.0,210.08411774303744,-4.461134275857148e-05,-0.08411774303743869,0.0,9.998079510363107,231,234,204,220,245,261,True,True,
flow07,64,0,0.1,128.0,19,232.0002047061087,223.0,210.0,229.0,231.0,model_assisted,0.0002281369469734566,model_assisted,0.0002281369469734566,model_assisted,0.0,strong_evidence,0.9999854922631759,True,True,232.0,51499.11328125,12768.15625,4021.267822265625,9.63152884689699,-0.00020470610868983385,3.5275590551181097,16.0,216,250,0.0005141076057952887,weak_evidence,0.0,True,False,4.36246552226844,55718.4921875,2668.61767578125,20.87915878440255,8005.85302734375,125,232.0,185.0,210.0440640310499,-0.00020470610868983385,-25.044064031049913,1.0,9.63152884689699,231,234,204,220,245,261,True,True,UPPER_SEED_TRAJECTORY_OUTLIER;Z_EDGE_EVIDENCE_WEAK
flow07,65,0,0.1,128.0,19,232.00071881371449,223.0,210.0,229.0,231.0,high_confidence,0.5,high_confidence,0.5,high_confidence,0.8943414497988705,strong_evidence,0.8924866751079699,True,True,233.0,47694.1796875,12841.35546875,6259.6943359375,5.567815670911696,0.9992811862855149,3.5275590551181097,16.0,216,250,0.0014773247784205523,strong_evidence,0.896200079100994,True,True,4.36246552226844,54783.45703125,12670.748046875,4.323616634833277,38012.244140625,24,233.0,210.0,210.00965779010897,0.9992811862855149,-0.009657790108974496,0.0,5.567815670911696,231,234,204,220,245,261,True,True,
flow07,66,0,0.1,128.0,19,232.0021961384929,223.0,210.0,229.0,231.0,model_assisted,0.07013402590308578,model_assisted,0.07013402590308578,model_assisted,0.6398902382173499,strong_evidence,0.9265906386287412,True,True,233.0,49875.13671875,14071.28125,2210.860595703125,16.19453326832813,0.9978038615070943,3.5275590551181097,16.0,216,250,0.00379876994031747,weak_evidence,0.44189904354291204,True,False,4.36246552226844,53696.2578125,3567.24560546875,15.052582230441658,10701.73681640625,107,233.0,202.0,209.97204163537435,0.9978038615070943,-7.972041635374353,1.0,16.19453326832813,231,234,204,220,245,261,True,True,UPPER_SEED_TRAJECTORY_OUTLIER;Z_EDGE_EVIDENCE_WEAK
flow07,67,0,0.1,128.0,19,232.00599490843322,224.0,210.0,229.0,231.0,high_confidence,0.5,high_confidence,0.5,high_confidence,0.9072433653743318,strong_evidence,0.9259639322495166,True,True,231.0,46204.7265625,12092.619140625,3306.1494140625,10.317775499431841,-1.0059949084332231,3.5275590551181097,16.0,216,250,0.008740878047660772,strong_evidence,0.8889012793577663,True,True,4.36246552226844,53595.078125,12597.841796875,4.254306331922243,37793.525390625,24,231.0,210.0,209.91768240914206,-1.0059949084332231,0.0823175908579401,0.0,10.317775499431841,231,234,204,220,245,261,True,True,
flow07,68,0,0.1,128.0,19,232.01473578648088,224.0,210.0,229.0,231.0,high_confidence,0.7585771559818879,high_confidence,0.7585771559818879,high_confidence,0.9460502673812572,strong_evidence,0.9252946894948039,True,True,231.0,48186.2578125,14746.814453125,3067.135986328125,10.90249780525956,-1.014735786480884,3.5275590551181097,16.0,216,250,0.017997500190858773,strong_evidence,0.9672714202010714,True,True,4.36246552226844,53307.45703125,7136.8671875,7.469307699128316,21410.6015625,66,231.0,209.0,209.82893229071408,-1.014735786480884,-0.8289322907140786,0.0,10.90249780525956,231,234,204,220,245,261,True,True,
flow07,69,0,0.1,128.0,19,232.03273328667174,225.0,210.0,229.0,231.0,high_confidence,0.5,high_confidence,0.5,high_confidence,0.893703236671625,strong_evidence,0.9239151895315918,True,True,231.0,48693.90625,18958.689453125,4771.087890625,6.232376656758626,-1.0327332866717427,3.5275590551181097,16.0,216,250,0.033159988420891295,strong_evidence,0.8644792122556917,True,True,4.36246552226844,53720.38671875,13358.4287109375,4.02145999961547,40075.2861328125,22,231.0,210.0,209.685014114461,-1.0327332866717427,0.314985885538988,0.0,6.232376656758626,231,234,204,220,245,261,True,True,
flow07,70,0,0.1,128.0,19,232.06589327509263,225.0,209.0,228.0,230.0,high_confidence,0.5,high_confidence,0.5,high_confidence,0.9339357586998333,strong_evidence,0.9953191531305084,True,True,232.0,51071.515625,17820.96875,2039.5174560546875,16.303144048259828,-0.06589327509263398,3.5275590551181097,16.0,216,250,0.054671578245631736,strong_evidence,0.8763380053873671,True,True,4.36246552226844,53377.70703125,12406.08984375,4.302540744386183,37218.26953125,29,232.0,210.0,209.4635472516784,-0.06589327509263398,0.5364527483216079,0.0,16.303144048259828,231,234,204,220,245,261,True,True,
flow07,71,0,0.1,128.0,19,232.12056485333827,226.0,209.0,228.0,230.0,high_confidence,0.5,high_confidence,0.5,high_confidence,0.9229024212191567,strong_evidence,0.9356002993053298,True,True,233.0,50496.140625,12458.130859375,2147.1328125,17.71572282076752,0.8794351466617343,3.5275590551181097,16.0,216,250,0.08065919989880399,strong_evidence,0.910376877524081,True,True,4.36246552226844,52364.54296875,4316.3623046875,12.131637539296214,12949.0869140625,84,233.0,207.0,209.1419036979198,0.8794351466617343,-2.141903697919787,0.0,17.71572282076752,231,234,204,220,245,261,True,True,
flow07,72,0,0.1,128.0,19,232.20122405323707,226.0,209.0,228.0,230.0,high_confidence,0.5678692634985527,high_confidence,0.5678692634985527,high_confidence,0.9576270907016442,strong_evidence,0.9856359810279746,True,True,232.0,48508.5859375,14165.359375,2356.603515625,14.573188207008066,-0.2012240532370697,3.5275590551181097,16.0,216,250,0.10648569402724206,strong_evidence,0.9304141310763159,True,True,4.36246552226844,50809.0234375,6067.9384765625,8.373358371010283,18203.8154296875,76,232.0,207.0,208.69759216995317,-0.2012240532370697,-1.6975921699531682,0.0,14.573188207008066,231,234,204,220,245,261,True,True,
flow07,73,0,0.1,128.0,19,232.3077097472643,225.0,208.0,227.0,229.0,high_confidence,0.5,high_confidence,0.5,high_confidence,0.7462318576246325,strong_evidence,0.7269851858796421,True,True,234.0,48193.08203125,14757.5400390625,8014.85302734375,4.171697456973653,1.6922902527356882,3.5275590551181097,16.0,216,250,0.12579798346030202,strong_evidence,0.7659880780928354,True,True,4.36246552226844,48999.44921875,14229.30859375,3.44355798427706,42687.92578125,24,234.0,210.0,208.10744693498302,1.6922902527356882,1.8925530650169833,0.0,4.171697456973653,231,234,204,220,245,261,True,True,
flow07,74,0,0.1,128.0,19,232.4335077307246,225.0,207.0,226.0,228.0,high_confidence,0.5,high_confidence,0.5,high_confidence,0.8456243734593757,strong_evidence,0.9590123976241933,True,True,233.0,44583.41015625,12665.390625,3497.541015625,9.125845669474257,0.5664922692753862,3.5275590551181097,16.0,216,250,0.1329845385507724,strong_evidence,0.7456426869559398,True,True,4.36246552226844,47385.9453125,13257.986328125,3.5741434739585767,39773.958984375,25,233.0,210.0,207.34709408119437,0.5664922692753862,2.6529059188056294,0.0,9.125845669474257,231,234,204,220,245,261,True,True,
flow07,75,0,0.1,128.0,19,232.5664922692754,225.0,206.0,225.0,227.0,model_assisted,0.0005750779982283252,model_assisted,0.0005750779982283252,model_assisted,0.0,strong_evidence,0.9590123976241933,True,True,232.0,47150.171875,19716.63671875,3815.4638671875,7.190091719168116,-0.5664922692753862,3.5275590551181097,16.0,216,250,0.1329845385507724,weak_evidence,0.0,True,False,4.36246552226844,45909.2265625,1763.8277587890625,26.028180095100954,5291.4832763671875,134,232.0,185.0,206.3933711372658,-0.5664922692753862,-21.393371137265802,1.0,7.190091719168116,232,235,205,221,246,262,True,True,UPPER_SEED_TRAJECTORY_OUTLIER;Z_EDGE_EVIDENCE_WEAK
flow07,76,0,0.1,128.0,19,232.6922902527357,224.0,205.0,224.0,226.0,high_confidence,0.5,high_confidence,0.5,high_confidence,0.8321171187728134,strong_evidence,0.7863789766903386,True,True,230.0,47014.875,11929.759765625,3684.255859375,9.522985529112212,-2.6922902527356882,3.5275590551181097,16.0,216,250,0.12579798346030202,strong_evidence,0.8805155273465938,True,True,4.36246552226844,45953.36328125,7620.0673828125,6.030571774850765,22860.2021484375,53,230.0,208.0,205.2313209025903,-2.6922902527356882,2.768679097409688,0.0,9.522985529112212,232,235,205,221,246,262,True,True,
flow07,77,0,0.1,128.0,19,232.79877594676293,224.0,204.0,223.0,225.0,model_assisted,0.0008553583825113946,model_assisted,0.0008553583825113946,model_assisted,0.0,strong_evidence,0.9856359810279746,True,True,233.0,45519.12109375,15339.021484375,4697.998046875,6.424034090318558,0.2012240532370697,3.5275590551181097,16.0,216,250,0.10648569402724206,weak_evidence,0.0,True,False,4.36246552226844,46760.26953125,1985.5364990234375,23.55044571290857,5956.6094970703125,132,233.0,184.0,203.86435361910182,0.2012240532370697,-19.86435361910182,1.0,6.424034090318558,232,235,205,221,246,262,True,True,UPPER_SEED_TRAJECTORY_OUTLIER;Z_EDGE_EVIDENCE_WEAK
flow07,78,0,0.1,128.0,19,232.87943514666176,224.0,202.0,221.0,223.0,model_assisted,0.006352581627196912,model_assisted,0.006352581627196912,model_assisted,0.35221647612804263,strong_evidence,0.8565085222177579,True,True,231.0,47034.41015625,12284.73828125,3249.50146484375,10.693847118075054,-1.8794351466617627,3.5275590551181097,16.0,216,250,0.08065919989883241,weak_evidence,0.14483971009983254,True,False,4.36246552226844,48454.75390625,14491.123046875,3.34375422453536,43473.369140625,15,231.0,211.0,202.3226399078585,-1.8794351466617627,8.677360092141498,2.0,10.693847118075054,232,235,205,221,246,262,True,True,UPPER_SEED_TRAJECTORY_OUTLIER;Z_EDGE_EVIDENCE_WEAK
flow07,79,0,0.1,128.0,19,232.9341067249074,224.0,201.0,220.0,222.0,model_assisted,0.1455534992428164,model_assisted,0.1455534992428164,model_assisted,0.8782585318945595,strong_evidence,0.9953191531305104,True,True,233.0,47842.51953125,11787.052734375,5232.90771484375,6.890140006596998,0.06589327509260556,3.5275590551181097,16.0,216,250,0.054671578245631736,weak_evidence,0.7749655438856463,True,False,4.36246552226844,50649.70703125,3761.75439453125,13.46438435876711,11285.26318359375,96,233.0,196.0,200.66415363894478,0.06589327509260556,-4.664153638944782,2.0,6.890140006596998,232,235,205,221,246,262,True,True,UPPER_SEED_TRAJECTORY_OUTLIER;Z_EDGE_EVIDENCE_WEAK
flow07,80,0,0.1,128.0,19,232.96726671332823,224.0,199.0,218.0,220.0,model_assisted,0.010883503880253229,model_assisted,0.010883503880253229,model_assisted,0.0,strong_evidence,0.9976774773822272,True,True,233.0,47244.48828125,16525.953125,2228.40869140625,13.784964703608697,0.03273328667177111,3.5275590551181097,16.0,216,250,0.03315998842083445,weak_evidence,0.0,True,False,4.36246552226844,52664.16015625,12270.806640625,4.291825443805348,36812.419921875,31,233.0,210.0,198.96614686879758,0.03273328667177111,11.03385313120242,1.0,13.784964703608697,232,235,205,221,246,262,True,True,UPPER_SEED_TRAJECTORY_OUTLIER;Z_EDGE_EVIDENCE_WEAK
flow07,81,0,0.1,128.0,19,232.9852642135191,219.0,197.0,216.0,218.0,high_confidence,0.6102182553562561,high_confidence,0.6102182553562561,high_confidence,0.9727357385592639,strong_evidence,0.9989551210318974,True,True,233.0,44509.69140625,13145.4033203125,3321.04052734375,9.444114827175394,0.014735786480912338,3.5275590551181097,16.0,216,250,0.017997500190858773,strong_evidence,0.9472045311635409,True,True,4.36246552226844,54760.33984375,3220.279541015625,17.004840463781434,9660.838623046875,115,233.0,196.0,197.31023582512415,0.014735786480912338,-1.3102358251241526,0.0,9.444114827175394,232,235,205,221,246,262,True,True,
flow07,82,0,0.1,128.0,19,232.9940050915668,219.0,196.0,215.0,217.0,model_assisted,0.009732568254018883,model_assisted,0.009732568254018883,model_assisted,0.0,strong_evidence,0.7103308933662809,True,True,232.0,49665.32421875,15589.86328125,9669.79296875,3.5239080141242036,-0.9940050915668053,3.5275590551181097,16.0,216,250,0.008740878047717615,weak_evidence,0.0,True,False,4.36246552226844,54967.9296875,972.4002685546875,56.528089784673504,5496.79296875,133,232.0,185.0,195.7677889326647,-0.9940050915668053,-10.7677889326647,1.0,3.5239080141242036,232,235,205,221,246,262,True,True,UPPER_SEED_TRAJECTORY_OUTLIER;Z_EDGE_EVIDENCE_WEAK
flow07,83,0,0.1,128.0,19,232.99780386150712,219.0,194.0,213.0,215.0,model_assisted,0.0003368457847391197,model_assisted,0.0003368457847391197,model_assisted,0.0,strong_evidence,0.926590638628739,True,True,232.0,49241.2890625,13881.849609375,4313.5361328125,8.197320797697836,-0.9978038615071227,3.5275590551181097,16.0,216,250,0.00379876994031747,weak_evidence,0.0,True,False,4.36246552226844,54983.8046875,1847.2891845703125,29.764589727887934,5541.8675537109375,147,232.0,171.0,194.39132286089375,-0.9978038615071227,-23.39132286089375,2.0,8.197320797697836,232,235,205,221,246,262,True,True,UPPER_SEED_TRAJECTORY_OUTLIER;Z_EDGE_EVIDENCE_WEAK
flow07,84,0,0.1,128.0,19,232.99928118628554,218.0,193.0,212.0,214.0,model_assisted,0.014089970781422307,model_assisted,0.014089970781422307,model_assisted,0.0,strong_evidence,0.9999490559893316,True,True,233.0,48662.12109375,12233.73828125,2235.316162109375,16.296747381866577,0.0007188137144567008,3.5275590551181097,16.0,216,250,0.0014773247784205523,weak_evidence,0.0,True,False,4.36246552226844,55123.54296875,5570.9169921875,9.894877817431803,16712.7509765625,77,233.0,206.0,193.2131239196481,0.0007188137144567008,12.786876080351902,2.0,16.296747381866577,232,235,205,221,246,262,True,True,UPPER_SEED_TRAJECTORY_OUTLIER;Z_EDGE_EVIDENCE_WEAK
flow07,85,0,0.1,128.0,19,232.99979529389134,218.0,192.0,211.0,213.0,model_assisted,0.0015398730520496601,model_assisted,0.0015398730520496601,model_assisted,0.0,strong_evidence,0.9264383108629511,True,True,232.0,49690.02734375,12891.0390625,5327.93212890625,6.906805002563784,-0.9997952938913386,3.5275590551181097,16.0,216,250,0.0005141076057952887,weak_evidence,0.0,True,False,4.36246552226844,55352.23046875,11580.44921875,4.779799938946129,34741.34765625,33,232.0,209.0,192.24840187995667,-0.9997952938913386,16.751598120043326,1.0,6.906805002563784,232,235,205,221,246,262,True,True,UPPER_SEED_TRAJECTORY_OUTLIER;Z_EDGE_EVIDENCE_WEAK
flow07,86,0,0.1,128.0,19,232.9999553886572,218.0,191.0,210.0,212.0,high_confidence,0.6066922244878461,high_confidence,0.6066922244878461,high_confidence,0.9327358531365486,strong_evidence,0.9264260638771736,True,True,232.0,45597.265625,18478.623046875,2637.261474609375,10.282879736883787,-0.999955388657213,3.5275590551181097,16.0,216,250,0.00016009476587441895,strong_evidence,0.9390886176985949,True,True,4.36246552226844,55693.484375,2677.6943359375,20.79904477054544,8033.0830078125,126,232.0,190.0,191.49920098057032,-0.999955388657213,-1.499200980570322,0.0,10.282879736883787,232,235,205,221,246,262,True,True,
flow07,87,0,0.1,128.0,19,233.0,218.0,191.0,210.0,212.0,model_assisted,0.004638141878035344,model_assisted,0.004638141878035344,model_assisted,0.0,strong_evidence,1.0,True,True,233.0,45554.2421875,15312.638671875,4332.16162109375,6.980719133001746,0.0,3.5275590551181097,16.0,217,250,4.461134278699319e-05,weak_evidence,0.0,True,False,4.36246552226844,56196.35546875,5960.00244140625,9.428914840425902,17880.00732421875,73,233.0,206.0,190.95797511082304,0.0,15.042024889176957,1.0,6.980719133001746,232,235,205,221,246,262,True,True,UPPER_SEED_TRAJECTORY_OUTLIER;Z_EDGE_EVIDENCE_WEAK
flow07,88,0,0.1,128.0,19,233.0,218.0,191.0,210.0,212.0,model_assisted,0.010430226451250064,model_assisted,0.010430226451250064,model_assisted,0.0,strong_evidence,1.0,True,True,233.0,50093.22265625,12909.87109375,5324.671875,6.983219329829597,0.0,3.5275590551181097,16.0,217,250,0.0,weak_evidence,0.0,True,False,4.36246552226844,56777.0,2933.5419921875,19.354418703126253,8800.6259765625,135,233.0,178.0,190.6119167144937,0.0,-12.611916714493702,2.0,6.983219329829597,232,235,205,221,246,262,True,True,UPPER_SEED_TRAJECTORY_OUTLIER;Z_EDGE_EVIDENCE_WEAK
flow07,89,0,0.1,128.0,19,233.0,218.0,190.0,209.0,211.0,model_assisted,0.000654562932282392,model_assisted,0.000654562932282392,model_assisted,0.0,strong_evidence,0.9264226511541201,True,True,234.0,44991.70703125,15281.69140625,4672.34375,6.358696451861017,1.0,3.5275590551181097,16.0,217,250,0.0,weak_evidence,0.0,True,False,4.36246552226844,57264.87109375,12734.8955078125,4.496689514147926,38204.6865234375,32,234.0,209.0,190.44972644945744,1.0,18.550273550542556,3.0,6.358696451861017,232,235,205,221,246,262,True,True,UPPER_SEED_TRAJECTORY_OUTLIER;Z_EDGE_EVIDENCE_WEAK
flow07,90,0,0.1,128.0,19,233.0,217.0,190.0,209.0,211.0,model_assisted,7.201184470034561e-05,model_assisted,7.201184470034561e-05,model_assisted,0.0,strong_evidence,0.9027331376974801,True,True,233.0,47800.20703125,11137.4111328125,7498.1748046875,4.889562707382825,0.0,3.5275590551181097,16.0,217,250,0.0,weak_evidence,0.0,True,False,4.36246552226844,55842.0859375,1761.6700439453125,31.6983796877422,5584.208593750001,153,233.0,164.0,190.46959317005707,0.0,-26.469593170057067,4.0,4.889562707382825,232,235,205,221,246,262,True,True,UPPER_SEED_TRAJECTORY_OUTLIER;Z_EDGE_EVIDENCE_WEAK
flow07,91,0,0.1,128.0,19,233.0,212.0,191.0,210.0,212.0,model_assisted,1.651286137053752e-06,model_assisted,1.651286137053752e-06,model_assisted,0.0,strong_evidence,1.0,True,True,233.0,46656.515625,16412.96875,3295.394775390625,9.177518608954836,0.0,3.5275590551181097,16.0,217,250,0.0,weak_evidence,0.0,True,False,4.36246552226844,57069.89453125,331.9778747558594,171.9087290778637,5706.989453125,167,233.0,151.0,190.68438360324444,0.0,-39.68438360324444,5.0,9.177518608954836,232,235,205,221,246,262,True,True,UPPER_SEED_TRAJECTORY_OUTLIER;Z_EDGE_EVIDENCE_WEAK
flow07,92,0,0.1,128.0,19,233.0,211.0,191.0,210.0,212.0,model_assisted,1.3631015966005504e-06,model_assisted,1.3631015966005504e-06,model_assisted,0.0,strong_evidence,1.0,True,True,233.0,46419.18359375,11123.2685546875,5623.79248046875,6.276176647990493,0.0,3.5275590551181097,16.0,217,250,0.0,weak_evidence,0.0,True,False,4.36246552226844,59432.50390625,1927.55517578125,30.833101253333325,5943.250390625,166,233.0,152.0,191.11977127141546,0.0,-39.11977127141546,6.0,6.276176647990493,232,235,205,221,246,262,True,True,UPPER_SEED_TRAJECTORY_OUTLIER;Z_EDGE_EVIDENCE_WEAK
flow07,93,0,0.1,128.0,19,233.0,212.0,192.0,211.0,213.0,model_assisted,2.4130459187159583e-06,model_assisted,2.4130459187159583e-06,model_assisted,0.0,strong_evidence,0.9264226511541201,True,True,232.0,48478.265625,15285.8779296875,2821.707763671875,11.763226554729892,-1.0,3.5275590551181097,16.0,217,250,4.461134278699319e-05,weak_evidence,0.0,True,False,4.36246552226844,60725.6484375,1464.6878662109375,41.45978801244099,6072.56484375,166,232.0,153.0,191.80386222534534,-1.0,-38.80386222534534,6.0,11.763226554729892,232,235,205,221,246,262,True,True,UPPER_SEED_TRAJECTORY_OUTLIER;Z_EDGE_EVIDENCE_WEAK
flow07,94,0,0.1,128.0,19,233.0000446113428,212.0,193.0,212.0,214.0,model_assisted,2.4554298382406068e-06,model_assisted,2.4554298382406068e-06,model_assisted,0.0,strong_evidence,0.9999968383652398,True,True,233.0,47249.6953125,12498.779296875,2874.481201171875,12.089456699684684,-4.461134278699319e-05,3.5275590551181097,16.0,217,251,0.00016009476587441895,weak_evidence,0.0,True,False,4.36246552226844,61071.45703125,1184.2445068359375,51.56997282125514,6107.145703125,170,233.0,154.0,192.75162617555196,-4.461134278699319e-05,-38.75162617555196,5.0,12.089456699684684,232,235,205,221,246,262,True,True,UPPER_SEED_TRAJECTORY_OUTLIER;Z_EDGE_EVIDENCE_WEAK
flow07,95,0,0.1,128.0,19,233.00020470610866,212.0,194.0,213.0,215.0,model_assisted,0.0012937712168145155,model_assisted,0.0012937712168145155,model_assisted,0.0,strong_evidence,0.9999854922631779,True,True,233.0,47115.99609375,12011.685546875,1931.693115234375,18.172819621307056,-0.00020470610866141215,3.5275590551181097,16.0,217,251,0.0005141076058521321,weak_evidence,0.0,True,False,4.36246552226844,60555.69140625,1722.389892578125,35.15794633212136,6055.569140625001,150,233.0,174.0,193.95058170484472,-0.00020470610866141215,-19.950581704844723,4.0,18.172819621307056,232,235,205,221,246,262,True,True,UPPER_SEED_TRAJECTORY_OUTLIER;Z_EDGE_EVIDENCE_WEAK
flow07,96,0,0.1,128.0,19,233.0007188137145,213.0,195.0,214.0,216.0,model_assisted,0.017933287027335487,model_assisted,0.017933287027335487,model_assisted,0.0,strong_evidence,0.9264776381529568,True,True,234.0,47507.21484375,13026.966796875,5531.099609375,6.23388665581656,0.9992811862854865,3.5275590551181097,16.0,217,251,0.001477324778363709,weak_evidence,0.0,True,False,4.36246552226844,60085.86328125,8399.0234375,7.153910657395995,25197.0703125,58,234.0,206.0,195.35446523247137,0.9992811862854865,10.64553476752863,3.0,6.23388665581656,232,235,205,221,246,262,True,True,UPPER_SEED_TRAJECTORY_OUTLIER;Z_EDGE_EVIDENCE_WEAK
flow07,97,0,0.1,128.0,19,233.00219613849288,213.0,197.0,216.0,218.0,model_assisted,0.00048605263910047925,model_assisted,0.00048605263910047925,model_assisted,0.0,strong_evidence,0.926590638628739,True,True,234.0,47681.08203125,11445.484375,2958.859130859375,12.246476109096037,0.9978038615071227,3.5275590551181097,16.0,217,251,0.00379876994031747,weak_evidence,0.0,True,False,4.36246552226844,58810.50390625,2125.15576171875,27.6735027924194,6375.46728515625,150,234.0,174.0,196.88758088706794,0.9978038615071227,-22.88758088706794,2.0,12.246476109096037,232,235,205,221,246,262,True,True,UPPER_SEED_TRAJECTORY_OUTLIER;Z_EDGE_EVIDENCE_WEAK
flow07,98,0,0.1,128.0,19,233.0059949084332,213.0,198.0,217.0,219.0,model_assisted,0.09745339965808394,model_assisted,0.09745339965808394,model_assisted,0.8451327808353025,strong_evidence,0.9995750473353978,True,True,233.0,50212.8359375,15482.9970703125,5619.00830078125,6.180777284553712,-0.005994908433194723,3.5275590551181097,16.0,217,251,0.008740878047660772,weak_evidence,0.7145530684728587,True,False,4.36246552226844,56931.4375,5888.8408203125,9.667681507644971,17666.5224609375,79,233.0,204.0,198.45828026332512,-0.005994908433194723,5.541719736674878,1.0,6.180777284553712,232,235,205,221,246,262,True,True,UPPER_SEED_TRAJECTORY_OUTLIER;Z_EDGE_EVIDENCE_WEAK
flow07,99,0,0.1,128.0,19,233.01473578648086,214.0,200.0,219.0,221.0,high_confidence,0.5,high_confidence,0.5,high_confidence,0.9789027609700797,strong_evidence,0.9989551210319014,True,True,233.0,48254.74609375,11300.4150390625,5594.734375,6.605198491606226,-0.014735786480855495,3.5275590551181097,16.0,217,251,0.017997500190858773,strong_evidence,0.9592529186346135,True,True,4.36246552226844,54784.01171875,4307.81591796875,12.717352078633416,12923.44775390625,94,233.0,201.0,199.97632195734067,-0.014735786480855495,1.023678042659327,0.0,6.605198491606226,232,235,205,221,246,262,True,True,
flow07,100,0,0.1,128.0,19,233.03273328667171,217.0,201.0,220.0,222.0,model_assisted,0.029395724913660267,model_assisted,0.029395724913660267,model_assisted,0.7297822528004366,strong_evidence,0.9976774773822313,True,True,233.0,47656.27734375,12707.591796875,1493.6485595703125,23.398198540712222,-0.03273328667171427,3.5275590551181097,16.0,217,251,0.033159988420891295,weak_evidence,0.5338219500553454,True,False,4.36246552226844,52025.5703125,13675.3330078125,3.8043366317133644,41025.9990234375,25,233.0,208.0,201.36833099088534,-0.03273328667171427,6.63166900911466,1.0,23.398198540712222,232,235,205,221,246,262,True,True,UPPER_SEED_TRAJECTORY_OUTLIER;Z_EDGE_EVIDENCE_WEAK
flow07,101,0,0.1,128.0,19,233.0658932750926,218.0,203.0,222.0,224.0,model_assisted,0.00047795020250605624,model_assisted,0.00047795020250605624,model_assisted,0.0,strong_evidence,0.931449790371436,True,True,234.0,45935.5546875,13126.39453125,3687.92333984375,8.896378024397887,0.9341067249073944,3.5275590551181097,16.0,217,251,0.054671578245631736,weak_evidence,0.0,True,False,4.36246552226844,52450.390625,3091.13037109375,16.968029273524692,9273.39111328125,125,234.0,180.0,202.58718944135563,0.9341067249073944,-22.587189441355633,1.0,8.896378024397887,232,235,205,221,246,262,True,True,UPPER_SEED_TRAJECTORY_OUTLIER;Z_EDGE_EVIDENCE_WEAK
flow07,102,0,0.1,128.0,19,233.12056485333824,218.0,204.0,223.0,225.0,high_confidence,0.5,high_confidence,0.5,high_confidence,0.9440617630440753,strong_evidence,0.9914186847700671,True,True,233.0,49315.8671875,14554.6669921875,1443.829345703125,24.075698626546668,-0.1205648533382373,3.5275590551181097,16.0,217,251,0.08065919989883241,strong_evidence,0.8989669310585868,True,True,4.36246552226844,53004.41796875,8580.3818359375,6.17739617912455,25741.1455078125,59,233.0,206.0,203.61366612209122,-0.1205648533382373,2.3863338779087826,0.0,24.075698626546668,232,235,205,221,246,262,True,True,
flow07,103,0,0.1,128.0,19,233.20122405323707,217.0,204.0,223.0,225.0,high_confidence,0.860249159746069,high_confidence,0.860249159746069,high_confidence,0.9618494935936366,strong_evidence,0.9416903108105396,True,True,234.0,48124.6484375,18279.71875,1872.7249755859375,15.936632488260658,0.7987759467629303,3.5275590551181097,16.0,217,251,0.10648569402724206,strong_evidence,0.9824402329572961,True,True,4.36246552226844,53521.515625,5520.40185546875,9.695220932508612,16561.20556640625,66,234.0,204.0,204.45159963318162,0.7987759467629303,-0.45159963318161545,0.0,15.936632488260658,232,235,205,221,246,262,True,True,
flow07,104,0,0.1,128.0,19,233.3077097472643,217.0,205.0,224.0,226.0,high_confidence,0.5,high_confidence,0.5,high_confidence,0.8456584616461379,strong_evidence,0.9496704890843387,True,True,234.0,47390.94921875,14924.65234375,5274.48974609375,6.155343632821414,0.6922902527356882,3.5275590551181097,16.0,217,251,0.12579798346030202,strong_evidence,0.7530382821974814,True,True,4.36246552226844,53849.71484375,14078.6220703125,3.824927935050018,42235.8662109375,22,234.0,208.0,205.11948550077744,0.6922902527356882,2.8805144992225564,0.0,6.155343632821414,232,235,205,221,246,262,True,True,
flow07,105,0,0.1,128.0,19,233.4335077307246,217.0,206.0,225.0,227.0,high_confidence,0.5,high_confidence,0.5,high_confidence,0.8551698100778893,strong_evidence,0.8493929460246982,True,True,234.0,47952.33203125,14535.6533203125,7099.751953125,4.706738901804723,0.5664922692753862,3.5275590551181097,16.0,217,251,0.1329845385507724,strong_evidence,0.8609859635535381,True,True,4.36246552226844,53764.79296875,11854.322265625,4.535459030387288,35562.966796875,37,234.0,207.0,205.64189168476827,0.5664922692753862,1.358108315231732,0.0,4.706738901804723,232,235,205,221,246,262,True,True,
flow07,106,0,0.1,128.0,19,233.5664922692754,217.0,206.0,225.0,227.0,high_confidence,0.5,high_confidence,0.5,high_confidence,0.9079948654186201,strong_evidence,0.9590123976241933,True,True,233.0,47526.01953125,14406.884765625,3067.6181640625,10.796368059629936,-0.5664922692753862,3.5275590551181097,16.0,217,251,0.1329845385507724,strong_evidence,0.8596913633953415,True,True,4.36246552226844,53258.0234375,12438.0986328125,4.281846044941461,37314.2958984375,36,233.0,207.0,206.04308111873718,-0.5664922692753862,0.9569188812628227,0.0,10.796368059629936,233,236,206,222,247,263,True,True,
flow07,107,0,0.1,128.0,19,233.6922902527357,217.0,206.0,225.0,227.0,high_confidence,0.5736745952794539,high_confidence,0.5736745952794539,high_confidence,0.9239282719432761,strong_evidence,0.902576212463618,True,True,235.0,47715.0546875,12851.578125,3883.397705078125,8.977570470547164,1.3077097472643118,3.5275590551181097,16.0,217,251,0.12579798346030202,strong_evidence,0.9457854526943872,True,True,4.36246552226844,52394.46484375,5993.26416015625,8.742225178738664,17979.79248046875,67,235.0,205.0,206.34351146311633,1.3077097472643118,-1.3435114631163287,0.0,8.977570470547164,233,236,206,222,247,263,True,True,
flow07,108,0,0.1,128.0,19,233.79877594676293,219.0,207.0,226.0,228.0,high_confidence,0.5,high_confidence,0.5,high_confidence,0.8890248594668461,strong_evidence,0.8773624484153173,True,True,233.0,48591.84375,14114.826171875,6619.67333984375,5.208265696527374,-0.7987759467629303,3.5275590551181097,16.0,217,251,0.10648569402724206,strong_evidence,0.900842294057142,True,True,4.36246552226844,52754.25,11418.978515625,4.619874704888398,34256.935546875,39,233.0,207.0,206.55886428408104,-0.7987759467629303,0.4411357159189606,0.0,5.208265696527374,233,236,206,222,247,263,True,True,
flow07,109,0,0.1,128.0,19,233.87943514666173,219.0,207.0,226.0,228.0,high_confidence,0.5,high_confidence,0.5,high_confidence,0.8817813302376836,strong_evidence,0.9356002993053298,True,True,233.0,47424.58203125,13715.1123046875,4638.4248046875,7.2674390867555685,-0.8794351466617343,3.5275590551181097,16.0,217,251,0.08065919989880399,strong_evidence,0.8310582146382917,True,True,4.36246552226844,53064.33203125,13113.8251953125,4.046441922240788,39341.4755859375,31,233.0,208.0,206.70071565315868,-0.8794351466617343,1.2992843468413184,0.0,7.2674390867555685,233,236,206,222,247,263,True,True,
flow07,110,0,0.1,128.0,19,233.9341067249074,219.0,207.0,226.0,228.0,high_confidence,0.5061308427360154,high_confidence,0.5061308427360154,high_confidence,0.938163080259546,strong_evidence,0.8877464008107867,True,True,233.0,47085.87109375,14258.84765625,6023.1171875,5.450171799019143,-0.9341067249073944,3.5275590551181097,16.0,217,251,0.05467157824566016,strong_evidence,0.9914430116058262,True,True,4.36246552226844,53096.0703125,8685.79296875,6.112979034099776,26057.37890625,50,233.0,207.0,206.7779337042624,-0.9341067249073944,0.22206629573759074,0.0,5.450171799019143,233,236,206,222,247,263,True,True,
flow07,111,0,0.1,128.0,19,233.96726671332826,219.0,207.0,226.0,228.0,model_assisted,0.011717495687979026,model_assisted,0.011717495687979026,model_assisted,0.0,strong_evidence,0.9239151895315918,True,True,235.0,47218.6875,14233.8154296875,3951.231689453125,8.347997450607057,1.0327332866717427,3.5275590551181097,16.0,217,251,0.033159988420862874,weak_evidence,0.0,True,False,4.36246552226844,52950.4921875,2774.031494140625,19.08792034241258,8322.094482421875,113,235.0,194.0,206.79832636099115,1.0327332866717427,-12.798326360991155,1.0,8.347997450607057,233,236,206,222,247,263,True,True,UPPER_SEED_TRAJECTORY_OUTLIER;Z_EDGE_EVIDENCE_WEAK
flow07,112,0,0.1,128.0,19,233.98526421351912,219.0,207.0,226.0,228.0,high_confidence,0.5779599725837979,high_confidence,0.5779599725837979,high_confidence,0.9842029341196813,strong_evidence,0.9989551210318994,True,True,234.0,46633.47265625,11616.12109375,4687.107421875,7.470994029083269,0.014735786480883917,3.5275590551181097,16.0,217,251,0.017997500190858773,strong_evidence,0.9696686018578985,True,True,4.36246552226844,52746.1484375,6546.95166015625,8.056596592656247,19640.85498046875,61,234.0,206.0,206.770080893239,0.014735786480883917,-0.7700808932389975,0.0,7.470994029083269,233,236,206,222,247,263,True,True,
flow07,113,0,0.1,128.0,19,233.9940050915668,219.0,207.0,226.0,228.0,model_assisted,0.07601500286120677,model_assisted,0.07601500286120677,model_assisted,0.8039764829128037,strong_evidence,0.9203757066454246,True,True,234.0,47539.484375,15501.990234375,6298.07470703125,5.086871088534078,0.005994908433194723,3.5275590551181097,16.0,217,251,0.008740878047689193,weak_evidence,0.7022981815032405,True,False,4.36246552226844,52534.02734375,3897.3115234375,13.479555593085879,11691.9345703125,105,234.0,201.0,206.7027071498435,0.005994908433194723,-5.702707149843491,1.0,5.086871088534078,233,236,206,222,247,263,True,True,UPPER_SEED_TRAJECTORY_OUTLIER;Z_EDGE_EVIDENCE_WEAK
flow07,114,0,0.1,128.0,19,233.99780386150712,217.0,207.0,226.0,228.0,high_confidence,0.5,high_confidence,0.5,high_confidence,0.949219580086337,strong_evidence,0.9998443463744814,True,True,234.0,46969.109375,14506.0068359375,2186.5634765625,14.846631660608269,0.002196138492877253,3.5275590551181097,16.0,217,251,0.00379876994031747,strong_evidence,0.9011580797415593,True,True,4.36246552226844,53111.59765625,11551.4501953125,4.597829429053188,34654.3505859375,41,234.0,207.0,206.60733907619874,0.002196138492877253,0.39266092380125883,0.0,14.846631660608269,233,236,206,222,247,263,True,True,
flow07,115,0,0.1,128.0,19,233.99928118628551,216.0,206.0,225.0,227.0,model_assisted,0.0022487549525810253,model_assisted,0.0022487549525810253,model_assisted,0.0,strong_evidence,0.8100571778967905,True,True,236.0,47053.5703125,11827.275390625,6409.8759765625,5.495628160463445,2.000718813714485,3.5275590551181097,16.0,217,251,0.0014773247783921306,weak_evidence,0.0,True,False,4.36246552226844,55017.2265625,1799.8380126953125,30.56787676137033,5501.72265625,130,236.0,190.0,206.49623912072616,2.000718813714485,-16.49623912072616,1.0,5.495628160463445,233,236,206,222,247,263,True,True,UPPER_SEED_TRAJECTORY_OUTLIER;Z_EDGE_EVIDENCE_WEAK
flow07,116,0,0.1,128.0,19,233.99979529389134,216.0,206.0,225.0,227.0,model_assisted,0.006011861657549309,model_assisted,0.006011861657549309,model_assisted,0.0,strong_evidence,0.9999854922631779,True,True,234.0,48784.578125,7410.6015625,5698.68017578125,7.260273481978292,0.00020470610866141215,3.5275590551181097,16.0,217,251,0.0005141076058237104,weak_evidence,0.0,True,False,4.36246552226844,56334.3671875,1868.8955078125,30.143133712937278,5633.43671875,128,234.0,192.0,206.381559669709,0.00020470610866141215,-14.381559669708992,1.0,7.260273481978292,233,236,206,222,247,263,True,True,UPPER_SEED_TRAJECTORY_OUTLIER;Z_EDGE_EVIDENCE_WEAK
flow07,117,0,0.1,128.0,19,233.9999553886572,216.0,206.0,225.0,227.0,high_confidence,0.5,high_confidence,0.5,high_confidence,0.9281493941359789,strong_evidence,0.9999968383652398,True,True,234.0,46305.09765625,15652.93359375,3345.44189453125,9.162366296843084,4.461134278699319e-05,3.5275590551181097,16.0,217,251,0.00016009476587441895,strong_evidence,0.8614640214695797,True,True,4.36246552226844,57097.5078125,13646.0517578125,4.184177872534531,40938.1552734375,22,234.0,207.0,206.2736794309576,4.461134278699319e-05,0.7263205690424002,0.0,9.162366296843084,233,236,206,222,247,263,True,True,
flow07,118,0,0.1,128.0,19,234.0,215.0,206.0,225.0,227.0,high_confidence,0.5,high_confidence,0.5,high_confidence,0.9532279665317475,strong_evidence,1.0,True,True,234.0,47292.69140625,12207.478515625,4932.0078125,7.11377885527731,0.0,3.5275590551181097,16.0,218,251,4.461134278699319e-05,strong_evidence,0.9086435561782502,True,True,4.36246552226844,57553.734375,6775.90625,8.493879969930221,20327.71875,81,234.0,204.0,206.179433617938,0.0,-2.1794336179380025,0.0,7.11377885527731,233,236,206,222,247,263,True,True,
flow07,119,0,0.1,128.0,19,234.0,215.0,206.0,225.0,227.0,high_confidence,0.5,high_confidence,0.5,high_confidence,0.9491638184523183,strong_evidence,0.976407859346507,True,True,234.0,46856.5390625,12306.15625,6040.02978515625,5.7202338467617695,0.0,3.5275590551181097,16.0,218,251,0.0,strong_evidence,0.92267994940347,True,True,4.36246552226844,58355.93359375,12238.4482421875,4.768246140273701,36715.3447265625,24,234.0,206.0,206.10094912780437,0.0,-0.10094912780436971,0.0,5.7202338467617695,233,236,206,222,247,263,True,True,
flow07,120,0,0.1,128.0,19,234.0,215.0,206.0,225.0,227.0,model_assisted,7.119958798251589e-09,model_assisted,7.119958798251589e-09,model_assisted,0.0,strong_evidence,0.9264226511541201,True,True,235.0,45214.59765625,16642.50390625,4327.29248046875,6.602764633765859,1.0,3.5275590551181097,16.0,218,251,0.0,weak_evidence,0.0,True,False,4.36246552226844,59064.765625,1042.0889892578125,56.679195571451714,5906.4765625,174,235.0,151.0,206.0358017516097,1.0,-55.03580175160971,1.0,6.602764633765859,233,236,206,222,247,263,True,True,UPPER_SEED_TRAJECTORY_OUTLIER;Z_EDGE_EVIDENCE_WEAK
flow07,121,0,0.1,128.0,19,234.0,214.0,206.0,225.0,227.0,model_assisted,1.031872820356815e-08,model_assisted,1.031872820356815e-08,model_assisted,0.0,strong_evidence,0.9264226511541201,True,True,235.0,47141.8125,12703.9453125,3668.039306640625,9.388630902933244,1.0,3.5275590551181097,16.0,218,251,0.0,weak_evidence,0.0,True,False,4.36246552226844,60021.2734375,1335.4605712890625,44.94424974266672,6002.12734375,174,235.0,151.0,205.97865911931038,1.0,-54.97865911931038,1.0,9.388630902933244,233,236,206,222,247,263,True,True,UPPER_SEED_TRAJECTORY_OUTLIER;Z_EDGE_EVIDENCE_WEAK
flow07,122,0,0.1,128.0,19,234.0,214.0,206.0,225.0,227.0,high_confidence,0.5265511191415073,high_confidence,0.5265511191415073,high_confidence,0.923357673902273,strong_evidence,0.9264226511541201,True,True,233.0,46815.7890625,17030.359375,2314.77294921875,12.867538346494314,-1.0,3.5275590551181097,16.0,218,251,0.0,strong_evidence,0.9203028368229945,True,True,4.36246552226844,60944.625,7697.0263671875,7.9179441634509065,23091.0791015625,63,233.0,204.0,205.92422057920422,-1.0,-1.924220579204217,0.0,12.867538346494314,233,236,206,222,247,263,True,True,
flow07,123,0,0.1,128.0,19,234.0,214.0,206.0,225.0,227.0,high_confidence,0.5917302935043208,high_confidence,0.5917302935043208,high_confidence,0.9826415922082632,strong_evidence,1.0,True,True,234.0,49645.5703125,15343.2041015625,4337.40478515625,7.9085001077901005,0.0,3.5275590551181097,16.0,218,251,0.0,strong_evidence,0.9655844987375906,True,True,4.36246552226844,61529.859375,8121.83154296875,7.57586008149452,24365.49462890625,61,234.0,205.0,205.87017215278723,0.0,-0.8701721527872337,0.0,7.9085001077901005,233,236,206,222,247,263,True,True,
flow07,124,0,0.1,128.0,19,234.0,214.0,206.0,225.0,227.0,model_assisted,0.00012125268504151337,model_assisted,0.00012125268504151337,model_assisted,0.0,strong_evidence,1.0,True,True,234.0,47349.9765625,20200.234375,2935.159912109375,9.249834080756653,0.0,3.5275590551181097,16.0,218,251,0.0,weak_evidence,0.0,True,False,4.36246552226844,61694.92578125,2386.70361328125,25.84942907780307,7160.11083984375,137,234.0,179.0,205.81896321462054,0.0,-26.81896321462054,1.0,9.249834080756653,233,236,206,222,247,263,True,True,UPPER_SEED_TRAJECTORY_OUTLIER;Z_EDGE_EVIDENCE_WEAK
flow07,125,0,0.1,128.0,19,234.0,213.0,206.0,225.0,227.0,high_confidence,0.8904917092897383,high_confidence,0.8904917092897383,high_confidence,0.9949795874527233,strong_evidence,1.0,True,True,234.0,50677.921875,12948.4736328125,3899.56298828125,9.675301657024118,0.0,3.5275590551181097,16.0,218,251,0.0,strong_evidence,0.9899843794475914,True,True,4.36246552226844,61389.60546875,10275.681640625,5.974261135732898,30827.044921875,37,234.0,206.0,205.77693148198043,0.0,0.2230685180195735,0.0,9.675301657024118,233,236,206,222,247,263,True,True,
flow07,126,0,0.1,128.0,19,234.0,213.0,206.0,225.0,227.0,high_confidence,0.5,high_confidence,0.5,high_confidence,0.9467502349938846,strong_evidence,0.9529082060753516,True,True,234.0,50239.2578125,12524.1513671875,6922.48388671875,5.448204295234469,0.0,3.5275590551181097,16.0,218,251,0.0,strong_evidence,0.9406320585197031,True,True,4.36246552226844,60802.9609375,11828.724609375,5.140280372180604,35486.173828125,36,234.0,206.0,205.75096798640269,0.0,0.24903201359731497,0.0,5.448204295234469,233,236,206,222,247,263,True,True,
flow07,127,0,0.1,128.0,19,234.0,212.0,206.0,225.0,227.0,model_assisted,3.36306519369269e-06,model_assisted,3.36306519369269e-06,model_assisted,0.0,strong_evidence,0.8478534766026059,True,True,235.0,48417.66796875,14974.791015625,6654.70947265625,5.025445076233533,1.0,3.5275590551181097,16.0,218,251,0.0,weak_evidence,0.0,True,False,4.36246552226844,59658.953125,1348.770751953125,44.232092843508944,5965.895312500001,146,235.0,170.0,205.7437600076943,1.0,-35.743760007694306,1.0,5.025445076233533,233,236,206,222,247,263,True,True,UPPER_SEED_TRAJECTORY_OUTLIER;Z_EDGE_EVIDENCE_WEAK
flow07,128,0,0.1,128.0,19,234.0,212.0,206.0,225.0,227.0,high_confidence,0.5,high_confidence,0.5,high_confidence,0.9082519743270964,strong_evidence,0.9264226511541201,True,True,235.0,51588.5,11181.3359375,3666.365478515625,11.021040946212311,1.0,3.5275590551181097,16.0,218,251,0.0,strong_evidence,0.8904376936826797,True,True,4.36246552226844,57964.4140625,13291.1884765625,4.361115950218722,39873.5654296875,35,235.0,206.0,205.7498059366148,1.0,0.25019406338520866,0.0,11.021040946212311,233,236,206,222,247,263,True,True,
flow07,129,0,0.1,128.0,19,234.0,211.0,206.0,225.0,227.0,model_assisted,3.6235908535192275e-06,model_assisted,3.6235908535192275e-06,model_assisted,0.0,strong_evidence,0.95159038814949,True,True,234.0,51530.90234375,11739.517578125,7323.82080078125,5.433145600910983,0.0,3.5275590551181097,16.0,218,251,0.0,weak_evidence,0.0,True,False,4.36246552226844,55982.28515625,1947.373291015625,28.747588053368663,5842.119873046875,153,234.0,170.0,205.7539347466114,0.0,-35.75393474661141,1.0,5.433145600910983,233,236,206,222,247,263,True,True,UPPER_SEED_TRAJECTORY_OUTLIER;Z_EDGE_EVIDENCE_WEAK
flow07,130,0,0.1,128.0,19,234.0,211.0,206.0,225.0,227.0,high_confidence,0.5,high_confidence,0.5,high_confidence,0.9086734038917267,strong_evidence,0.9264226511541201,True,True,235.0,48561.65234375,16141.501953125,4030.46826171875,8.043767692838692,1.0,3.5275590551181097,16.0,218,251,0.0,strong_evidence,0.8912642128423254,True,True,4.36246552226844,53856.61328125,12290.9462890625,4.381811783619628,36872.8388671875,35,235.0,206.0,205.73328824096254,1.0,0.266711759037463,0.0,8.043767692838692,233,236,206,222,247,263,True,True,
flow07,131,0,0.1,128.0,19,234.0,215.0,206.0,225.0,227.0,model_assisted,0.001020487388825253,model_assisted,0.001020487388825253,model_assisted,0.0,strong_evidence,0.9264226511541201,True,True,233.0,49570.99609375,13678.701171875,2294.526123046875,15.64257410772645,-1.0,3.5275590551181097,16.0,218,251,0.0,weak_evidence,0.0,True,False,4.36246552226844,52477.08203125,3065.99072265625,17.115864586108724,9197.97216796875,133,233.0,185.0,205.66242480088934,-1.0,-20.66242480088934,1.0,15.64257410772645,233,236,206,222,247,263,True,True,UPPER_SEED_TRAJECTORY_OUTLIER;Z_EDGE_EVIDENCE_WEAK
flow07,132,0,0.1,128.0,19,234.0,210.0,206.0,225.0,227.0,high_confidence,0.5,high_confidence,0.5,high_confidence,0.9093385385825208,strong_evidence,0.9264226511541201,True,True,233.0,47071.9765625,14817.9765625,2311.494140625,13.953745083376637,-1.0,3.5275590551181097,16.0,218,251,0.0,strong_evidence,0.8925694732542022,True,True,4.36246552226844,52696.48046875,4481.63623046875,11.758312758739523,13444.90869140625,86,233.0,203.0,205.52069815436334,-1.0,-2.5206981543633447,0.0,13.953745083376637,233,236,206,222,247,263,True,True,
flow07,133,0,0.1,128.0,19,234.0,209.0,205.0,224.0,226.0,high_confidence,0.5,high_confidence,0.5,high_confidence,0.9502752896470023,strong_evidence,1.0,True,True,234.0,48078.92578125,14215.052734375,2821.60498046875,12.001634984798345,0.0,3.5275590551181097,16.0,218,251,0.0,strong_evidence,0.9030231261136941,True,True,4.36246552226844,52970.0859375,4645.587890625,11.402235235802115,13936.763671875,85,234.0,203.0,205.30014571732778,0.0,-2.30014571732778,0.0,12.001634984798345,233,236,206,222,247,263,True,True,
flow07,134,0,0.1,128.0,19,234.0,211.0,205.0,224.0,226.0,high_confidence,0.5,high_confidence,0.5,high_confidence,0.9485211943600472,strong_evidence,1.0,True,True,234.0,47407.91015625,14105.791015625,4343.36328125,7.667357525535097,0.0,3.5275590551181097,16.0,218,251,0.0,strong_evidence,0.8996924561502104,True,True,4.36246552226844,52984.3046875,10751.9189453125,4.927892867960979,32255.7568359375,36,234.0,206.0,205.01138552723702,0.0,0.9886144727629755,0.0,7.667357525535097,233,236,206,222,247,263,True,True,
flow07,135,0,0.1,128.0,19,234.0,211.0,205.0,224.0,226.0,high_confidence,0.57036701496501,high_confidence,0.57036701496501,high_confidence,0.9648807410715509,strong_evidence,1.0,True,True,234.0,48239.4765625,13786.7724609375,2297.00634765625,14.998959030616659,0.0,3.5275590551181097,16.0,218,251,0.0,strong_evidence,0.9309948444907852,True,True,4.36246552226844,53747.57421875,5801.61083984375,9.264250171629495,17404.83251953125,73,234.0,203.0,204.6844257183668,0.0,-1.6844257183668105,0.0,14.998959030616659,233,236,206,222,247,263,True,True,
flow07,136,0,0.1,128.0,19,234.0,211.0,204.0,223.0,225.0,high_confidence,0.5,high_confidence,0.5,high_confidence,0.8724652471938803,strong_evidence,0.9264226511541201,True,True,235.0,45976.86328125,16502.82421875,2895.115234375,10.180609984895085,1.0,3.5275590551181097,16.0,218,251,0.0,strong_evidence,0.8216504708869061,True,True,4.36246552226844,53975.64453125,13173.646484375,4.09724403909498,39520.939453125,19,235.0,206.0,204.36240046032722,1.0,1.6375995396727774,0.0,10.180609984895085,233,236,206,222,247,263,True,True,
flow07,137,0,0.1,128.0,19,234.0,210.0,204.0,223.0,225.0,high_confidence,0.5,high_confidence,0.5,high_confidence,0.8999618325722386,strong_evidence,1.0,True,True,234.0,46248.04296875,13842.728515625,3150.4677734375,10.28587396650857,0.0,3.5275590551181097,16.0,218,251,0.0,strong_evidence,0.809931300086782,True,True,4.36246552226844,54271.51171875,4675.98193359375,11.606441703473253,14027.94580078125,77,234.0,200.0,204.08932466820295,0.0,-4.0893246682029485,0.0,10.28587396650857,233,236,206,222,247,263,True,True,
flow07,138,0,0.1,128.0,19,234.0,210.0,204.0,223.0,225.0,high_confidence,0.5,high_confidence,0.5,high_confidence,0.8376728945376342,strong_evidence,0.8464737781779522,True,True,236.0,41273.94921875,14728.3125,3376.20361328125,7.862569844521594,2.0,3.5275590551181097,16.0,218,251,4.461134278699319e-05,strong_evidence,0.8289635146802414,True,True,4.36246552226844,54392.7734375,12077.4384765625,4.5036680205868755,36232.3154296875,25,236.0,206.0,203.8965193942973,2.0,2.103480605702714,0.0,7.862569844521594,233,236,206,222,247,263,True,True,
flow07,139,0,0.1,128.0,19,234.0000446113428,210.0,204.0,223.0,225.0,high_confidence,0.792305154879502,high_confidence,0.792305154879502,high_confidence,0.9960192243626136,strong_evidence,0.9999968383652398,True,True,234.0,44595.1484375,14472.6484375,3549.286376953125,8.48691731261724,-4.461134278699319e-05,3.5275590551181097,16.0,218,252,0.00016009476587441895,strong_evidence,0.9920574318231629,True,True,4.36246552226844,53796.2734375,7804.16015625,6.893281578084605,23412.48046875,41,234.0,204.0,203.7937517702154,-4.461134278699319e-05,0.20624822978459179,0.0,8.48691731261724,233,236,206,222,247,263,True,True,
flow07,140,0,0.1,128.0,19,234.00020470610866,215.0,204.0,223.0,225.0,high_confidence,0.5,high_confidence,0.5,high_confidence,0.9019392797888139,strong_evidence,0.9999854922631779,True,True,234.0,45067.83203125,12262.212890625,4695.18701171875,6.9870740097775075,-0.00020470610866141215,3.5275590551181097,16.0,218,252,0.0005141076058237104,strong_evidence,0.8135062665607828,True,True,4.36246552226844,53647.74609375,12361.427734375,4.339931215596145,37084.283203125,24,234.0,206.0,203.7690813844962,-0.00020470610866141215,2.2309186155038105,0.0,6.9870740097775075,233,236,206,222,247,263,True,True,
flow07,141,0,0.1,128.0,19,234.00071881371449,216.0,204.0,223.0,225.0,high_confidence,0.5,high_confidence,0.5,high_confidence,0.9794270079823041,strong_evidence,0.990387637058757,True,True,234.0,46850.39453125,14196.60546875,5547.8876953125,5.885805707655134,-0.0007188137144851225,3.5275590551181097,16.0,218,252,0.0014773247783921306,strong_evidence,0.9685876802885183,True,True,4.36246552226844,55187.64453125,5452.251953125,10.121990877479309,16356.755859375,80,234.0,203.0,203.79665385088552,-0.0007188137144851225,-0.7966538508855194,0.0,5.885805707655134,233,236,206,222,247,263,True,True,
flow07,142,0,0.1,128.0,19,234.00219613849288,216.0,204.0,223.0,225.0,model_assisted,0.15143829556888772,model_assisted,0.15143829556888772,model_assisted,0.8037926459351068,strong_evidence,0.8466576286586232,True,True,236.0,45517.078125,16242.423828125,3841.09521484375,7.621434163814617,1.9978038615071227,3.5275590551181097,16.0,218,252,0.00379876994031747,weak_evidence,0.7630978518234834,True,False,4.36246552226844,56616.59765625,3351.510009765625,16.892862468344312,10054.530029296875,107,236.0,199.0,203.84786948932492,1.9978038615071227,-4.847869489324921,1.0,7.621434163814617,233,236,206,222,247,263,True,True,UPPER_SEED_TRAJECTORY_OUTLIER;Z_EDGE_EVIDENCE_WEAK
flow07,143,0,0.1,128.0,19,234.0059949084332,216.0,204.0,223.0,225.0,model_assisted,0.09895591679587744,model_assisted,0.09895591679587744,model_assisted,0.8284573535487306,strong_evidence,0.9995750473353978,True,True,234.0,48758.5546875,16589.9375,4547.90283203125,7.07328594642212,-0.005994908433194723,3.5275590551181097,16.0,218,252,0.008740878047717615,weak_evidence,0.6866333733305681,True,False,4.36246552226844,57157.18359375,3396.102294921875,16.8302302552005,10188.306884765625,109,234.0,198.0,203.90046259509856,-0.005994908433194723,-5.90046259509856,2.0,7.07328594642212,233,236,206,222,247,263,True,True,UPPER_SEED_TRAJECTORY_OUTLIER;Z_EDGE_EVIDENCE_WEAK
flow07,144,0,0.1,128.0,19,234.0147357864809,216.0,204.0,223.0,225.0,model_assisted,0.13155413309154576,model_assisted,0.13155413309154576,model_assisted,0.7951031238782245,strong_evidence,0.9252946894948016,True,True,233.0,49720.96875,14797.6318359375,3662.53369140625,9.535294377224826,-1.0147357864809123,3.5275590551181097,16.0,218,252,0.017997500190858773,weak_evidence,0.6832298777658367,True,False,4.36246552226844,56531.625,3705.6826171875,15.255387695049226,11117.0478515625,105,233.0,198.0,203.94225561748738,-1.0147357864809123,-5.942255617487376,1.0,9.535294377224826,233,236,206,222,247,263,True,True,UPPER_SEED_TRAJECTORY_OUTLIER;Z_EDGE_EVIDENCE_WEAK
flow07,145,0,0.1,128.0,19,234.03273328667177,216.0,204.0,223.0,225.0,high_confidence,0.5,high_confidence,0.5,high_confidence,0.9518680276355007,strong_evidence,0.9976774773822272,True,True,234.0,50216.03125,17784.23828125,3965.828125,8.177811026227971,-0.03273328667177111,3.5275590551181097,16.0,218,252,0.03315998842083445,strong_evidence,0.9081619687477159,True,True,4.36246552226844,55035.515625,12204.14453125,4.509575864500437,36612.43359375,32,234.0,204.0,203.97002696478705,-0.03273328667177111,0.029973035212947252,0.0,8.177811026227971,233,236,206,222,247,263,True,True,
flow07,146,0,0.1,128.0,19,234.0658932750926,211.0,204.0,223.0,225.0,model_assisted,0.04209563776605765,model_assisted,0.04209563776605765,model_assisted,0.6758093722473618,strong_evidence,0.7818550594709001,True,True,233.0,50245.796875,13486.423828125,8508.0625,4.320533969617054,-1.0658932750926056,3.5275590551181097,16.0,218,252,0.05467157824568858,weak_evidence,0.5841470258265584,True,False,4.36246552226844,53551.0390625,3540.1728515625,15.126673557440725,10620.5185546875,106,233.0,197.0,203.98581519611625,-1.0658932750926056,-6.985815196116249,1.0,4.320533969617054,233,236,206,222,247,263,True,True,UPPER_SEED_TRAJECTORY_OUTLIER;Z_EDGE_EVIDENCE_WEAK
flow07,147,0,0.1,128.0,19,234.1205648533383,212.0,204.0,223.0,225.0,high_confidence,0.5,high_confidence,0.5,high_confidence,0.9399353517602683,strong_evidence,0.9171531699136356,True,True,233.0,49899.41796875,16548.6484375,5461.349609375,6.106690088838074,-1.1205648533382941,3.5275590551181097,16.0,218,252,0.08065919989877557,strong_evidence,0.9632834454160941,True,True,4.36246552226844,54541.3046875,10161.90625,5.367231634074561,30485.71875,39,233.0,204.0,203.99323638715475,-1.1205648533382941,0.006763612845247735,0.0,6.106690088838074,233,236,206,222,247,263,True,True,
flow07,148,0,0.1,128.0,19,234.20122405323707,212.0,204.0,223.0,225.0,model_assisted,0.0064098552080247605,model_assisted,0.0064098552080247605,model_assisted,0.0,strong_evidence,0.9108991248587334,True,True,233.0,48828.328125,12470.544921875,3827.984130859375,9.497892875267157,-1.2012240532370697,3.5275590551181097,16.0,218,252,0.10648569402724206,weak_evidence,0.0,True,False,4.36246552226844,54001.94921875,874.5877685546875,61.74560308337229,5400.194921875001,128,233.0,189.0,203.99521042549054,-1.2012240532370697,-14.99521042549054,1.0,9.497892875267157,233,236,206,222,247,263,True,True,UPPER_SEED_TRAJECTORY_OUTLIER;Z_EDGE_EVIDENCE_WEAK
flow07,149,0,0.1,128.0,19,234.3077097472643,211.0,204.0,223.0,225.0,high_confidence,0.5,high_confidence,0.5,high_confidence,0.899141176188842,strong_evidence,0.9779493293283357,True,True,234.0,48924.26953125,11967.8046875,3192.9013671875,11.574571398772484,-0.3077097472643118,3.5275590551181097,16.0,218,252,0.12584259480308901,strong_evidence,0.8266837866472165,True,True,4.36246552226844,52390.484375,13671.697265625,3.832039530799615,41015.091796875,24,234.0,205.0,203.99301136229153,-0.3077097472643118,1.0069886377084742,0.0,11.574571398772484,233,236,206,222,247,263,True,True,
flow07,150,0,0.1,128.0,19,234.4335523420674,211.0,204.0,223.0,225.0,high_confidence,0.6095422482398478,high_confidence,0.6095422482398478,high_confidence,0.9647836735377837,strong_evidence,0.9687867807288661,True,True,234.0,45499.5703125,14274.484375,3687.228271484375,8.468443947173808,-0.4335523420674008,3.5275590551181097,16.0,218,252,0.13314463331664683,strong_evidence,0.9607971075170622,True,True,4.36246552226844,51040.25,5593.66162109375,9.124658132255755,16780.98486328125,77,234.0,203.0,203.98642610477208,-0.4335523420674008,-0.9864261047720788,0.0,8.468443947173808,233,236,206,222,247,263,True,True,
flow07,151,0,0.1,128.0,19,234.56669697538405,216.0,204.0,223.0,225.0,high_confidence,0.8451877764705986,high_confidence,0.8451877764705986,high_confidence,0.9443439051879312,strong_evidence,0.8926601221120627,True,True,236.0,44604.19140625,14720.767578125,3505.643798828125,8.524375419463468,1.4333030246159524,3.5275590551181097,16.0,218,252,0.13314463331664683,strong_evidence,0.9990201076257326,True,True,4.36246552226844,50871.91796875,7303.0791015625,6.9658177408849244,21909.2373046875,67,236.0,204.0,203.97437664435137,1.4333030246159524,0.025623355648633606,0.0,8.524375419463468,234,237,207,223,248,264,True,True,
flow07,152,0,0.1,128.0,19,234.6930090664502,216.0,204.0,223.0,225.0,high_confidence,0.7228007785856918,high_confidence,0.7228007785856918,high_confidence,0.9318684592147324,strong_evidence,0.9026326521521492,True,True,236.0,46276.39453125,11821.5556640625,3465.965576171875,9.94090625252041,1.3069909335497982,3.5275590551181097,16.0,218,252,0.12631209106615415,strong_evidence,0.962051199021841,True,True,4.36246552226844,51188.35546875,4972.82763671875,10.293611443674711,14918.48291015625,86,236.0,203.0,203.95608421666674,1.3069909335497982,-0.9560842166667385,0.0,9.94090625252041,234,237,207,223,248,264,True,True,
flow07,153,0,0.1,128.0,19,234.80097208525584,216.0,204.0,223.0,225.0,high_confidence,0.5,high_confidence,0.5,high_confidence,0.9268635934531723,strong_evidence,0.8920540562867525,True,True,235.0,43661.83984375,20104.2421875,4794.79052734375,4.913165136600992,0.19902791474416404,3.5275590551181097,16.0,218,252,0.10796301880563419,strong_evidence,0.9630314607221244,True,True,4.36246552226844,51831.859375,5152.67919921875,10.059205584321795,15458.03759765625,85,235.0,203.0,203.9323123052564,0.19902791474416404,-0.9323123052564029,0.0,4.913165136600992,234,237,207,223,248,264,True,True,
flow07,154,0,0.1,128.0,19,234.88543005509493,215.0,204.0,223.0,225.0,high_confidence,0.6453370490001699,high_confidence,0.6453370490001699,high_confidence,0.9861986993167657,strong_evidence,0.9918471319995047,True,True,235.0,43154.12109375,12619.900390625,4155.91357421875,7.347174130988751,0.114569944905071,3.5275590551181097,16.0,218,252,0.08445796983909304,strong_evidence,0.9805824336794737,True,True,4.36246552226844,52616.31640625,9200.845703125,5.718639145136327,27602.537109375,45,235.0,204.0,203.90630289431127,0.114569944905071,0.09369710568873302,0.0,7.347174130988751,234,237,207,223,248,264,True,True,
flow07,155,0,0.1,128.0,19,234.94884251138828,215.0,204.0,223.0,225.0,model_assisted,2.4232913170832046e-05,model_assisted,2.4232913170832046e-05,model_assisted,0.0,strong_evidence,0.9225008462456867,True,True,236.0,42645.83984375,14048.1572265625,1013.3838500976562,28.21999049464982,1.0511574886117216,3.5275590551181097,16.0,218,252,0.06341245629334935,weak_evidence,0.0,True,False,4.36246552226844,53840.26953125,1500.8863525390625,35.872316008582494,5384.026953125001,150,236.0,172.0,203.88339640134467,1.0511574886117216,-31.88339640134467,1.0,28.21999049464982,234,237,207,223,248,264,True,True,UPPER_SEED_TRAJECTORY_OUTLIER;Z_EDGE_EVIDENCE_WEAK
flow07,156,0,0.1,128.0,19,235.00000000000003,215.0,204.0,223.0,225.0,high_confidence,0.5,high_confidence,0.5,high_confidence,0.9372914796000674,strong_evidence,0.999999999999998,True,True,235.0,44308.640625,13934.271484375,2879.50732421875,10.54846045542391,-2.842170943040401e-14,3.5275590551181097,16.0,219,253,0.05115748861175007,strong_evidence,0.8785153177308853,True,True,4.36246552226844,54440.08984375,11647.50390625,4.673970516080933,34942.51171875,29,235.0,205.0,203.86915126289077,-2.842170943040401e-14,1.1308487371092326,0.0,10.54846045542391,234,237,207,223,248,264,True,True,
flow07,157,0,0.1,128.0,19,235.05115748861172,215.0,204.0,223.0,225.0,high_confidence,0.5,high_confidence,0.5,high_confidence,0.8729980543933672,strong_evidence,0.8989726947523525,True,True,235.0,46929.015625,17669.9765625,5990.3916015625,4.884328272440192,-0.051157488611721647,3.5275590551181097,16.0,219,253,0.06341245629334935,strong_evidence,0.8477739172985155,True,True,4.36246552226844,54371.5234375,12940.2451171875,4.201738293603312,38820.7353515625,29,235.0,205.0,203.86651321553143,-0.051157488611721647,1.1334867844685732,0.0,4.884328272440192,234,237,207,223,248,264,True,True,
flow07,158,0,0.1,128.0,19,235.11456994490507,215.0,204.0,223.0,225.0,high_confidence,0.5,high_confidence,0.5,high_confidence,0.8136587994945147,strong_evidence,0.768775684096891,True,True,238.0,44596.2109375,16025.568359375,3390.370849609375,8.426996291988765,2.885430055094929,3.5275590551181097,16.0,219,253,0.08445796983909304,strong_evidence,0.8611623074064553,True,True,4.36246552226844,54003.96875,12273.8525390625,4.399919958149092,36821.5576171875,29,238.0,205.0,203.8734928137992,2.885430055094929,1.1265071862007972,0.0,8.426996291988765,234,237,207,223,248,264,True,True,
flow07,159,0,0.1,128.0,19,235.19902791474416,215.0,204.0,223.0,225.0,high_confidence,0.5906782428201682,high_confidence,0.5906782428201682,high_confidence,0.9107420595843384,strong_evidence,0.8629764116260011,True,True,237.0,48275.8828125,14320.6796875,4179.28564453125,8.12464282488842,1.800972085255836,3.5275590551181097,16.0,219,253,0.10796301880566261,strong_evidence,0.9611515308200478,True,True,4.36246552226844,53656.4453125,9052.5947265625,5.927189599580663,27157.7841796875,52,237.0,203.0,203.88269301646068,1.800972085255836,-0.8826930164606779,0.0,8.12464282488842,234,237,207,223,248,264,True,True,
flow07,160,0,0.1,128.0,19,235.30699093354983,215.0,204.0,223.0,225.0,high_confidence,0.5411235732129772,high_confidence,0.5411235732129772,high_confidence,0.957306139159629,strong_evidence,0.949616845054698,True,True,236.0,49683.91796875,17492.501953125,4432.13720703125,7.263181285217379,0.6930090664501733,3.5275590551181097,16.0,219,253,0.12631209106612573,strong_evidence,0.9650576954749873,True,True,4.36246552226844,53230.98828125,8329.2890625,6.390820138648538,24987.8671875,53,236.0,203.0,203.8830213300456,0.6930090664501733,-0.883021330045608,0.0,7.263181285217379,234,237,207,223,248,264,True,True,
flow07,161,0,0.1,128.0,19,235.43330302461595,215.0,204.0,223.0,225.0,model_assisted,3.405211597422749e-05,model_assisted,3.405211597422749e-05,model_assisted,0.0,strong_evidence,0.7976174651276083,True,True,238.0,47941.8125,11427.8896484375,3283.262451171875,11.121231821881862,2.5666969753840476,3.5275590551181097,16.0,219,253,0.13314463331667525,weak_evidence,0.0,True,False,4.36246552226844,52430.9296875,556.8878784179688,94.14988495789864,5243.09296875,144,238.0,173.0,203.86285515245132,2.5666969753840476,-30.862855152451317,1.0,11.121231821881862,234,237,207,223,248,264,True,True,UPPER_SEED_TRAJECTORY_OUTLIER;Z_EDGE_EVIDENCE_WEAK
flow07,162,0,0.1,128.0,19,235.56644765793263,216.0,204.0,223.0,225.0,high_confidence,0.5,high_confidence,0.5,high_confidence,0.9372948066213952,strong_evidence,0.9076572838993915,True,True,236.0,47944.859375,13476.8828125,6544.51025390625,5.266700673580113,0.43355234206737236,3.5275590551181097,16.0,219,253,0.13314463331667525,strong_evidence,0.9679000764971746,True,True,4.36246552226844,51847.75,7639.89990234375,6.786443626583939,22919.69970703125,68,236.0,203.0,203.8135268024065,0.43355234206737236,-0.8135268024064999,0.0,5.266700673580113,235,238,208,224,249,265,True,True,
flow07,163,0,0.1,128.0,19,235.6922902527357,217.0,204.0,223.0,225.0,model_assisted,0.003219274527312595,model_assisted,0.003219274527312595,model_assisted,0.0,strong_evidence,0.902576212463618,True,True,237.0,43671.9609375,10390.5625,5457.32177734375,6.098485630015224,1.3077097472643118,3.5275590551181097,16.0,219,253,0.1258425948030606,weak_evidence,0.0,True,False,4.36246552226844,51608.2734375,3825.134033203125,13.491886294578755,11475.402099609375,111,237.0,188.0,203.73216391063005,1.3077097472643118,-15.73216391063005,1.0,6.098485630015224,235,238,208,224,249,265,True,True,UPPER_SEED_TRAJECTORY_OUTLIER;Z_EDGE_EVIDENCE_WEAK
flow07,164,0,0.1,128.0,19,235.79877594676293,217.0,204.0,223.0,225.0,high_confidence,0.5,high_confidence,0.5,high_confidence,0.930460977047055,strong_evidence,0.9416903108105396,True,True,235.0,47275.40625,16076.197265625,4402.478515625,7.086737362520846,-0.7987759467629303,3.5275590551181097,16.0,219,253,0.10648569402724206,strong_evidence,0.9193655492347351,True,True,4.36246552226844,51704.96484375,10610.5888671875,4.872959030920891,31831.7666015625,40,235.0,204.0,203.62312143701155,-0.7987759467629303,0.3768785629884519,0.0,7.086737362520846,235,238,208,224,249,265,True,True,
flow07,165,0,0.1,128.0,19,235.87943514666173,217.0,203.0,222.0,224.0,high_confidence,0.5,high_confidence,0.5,high_confidence,0.9107991596255047,strong_evidence,0.8715395451066696,True,True,237.0,47201.828125,14995.5595703125,5944.2724609375,5.418033706619177,1.1205648533382657,3.5275590551181097,16.0,219,253,0.08065919989880399,strong_evidence,0.9518272737389036,True,True,4.36246552226844,52147.55078125,9498.1533203125,5.490283113216189,28494.4599609375,43,237.0,204.0,203.49736195264063,1.1205648533382657,0.502638047359369,0.0,5.418033706619177,235,238,208,224,249,265,True,True,
flow07,166,0,0.1,128.0,19,235.9341067249074,217.0,203.0,222.0,224.0,high_confidence,0.5,high_confidence,0.5,high_confidence,0.8737356870159317,strong_evidence,0.931449790371436,True,True,235.0,47498.5234375,16675.9765625,4264.44775390625,7.227793293226874,-0.9341067249073944,3.5275590551181097,16.0,219,253,0.05467157824566016,strong_evidence,0.8195976408570279,True,True,4.36246552226844,52961.59765625,13036.7763671875,4.062476502208783,39110.3291015625,27,235.0,205.0,203.36961302280235,-0.9341067249073944,1.6303869771976451,0.0,7.227793293226874,235,238,208,224,249,265,True,True,
flow07,167,0,0.1,128.0,19,235.96726671332826,215.0,203.0,222.0,224.0,model_assisted,0.0044062200987125925,model_assisted,0.0044062200987125925,model_assisted,0.0,strong_evidence,0.9976774773822293,True,True,236.0,48770.3984375,13815.521484375,4911.115234375,7.1175029061547646,0.03273328667174269,3.5275590551181097,16.0,219,253,0.033159988420862874,weak_evidence,0.0,True,False,4.36246552226844,54008.18359375,3712.546875,14.547475200228954,11137.640625,102,236.0,188.0,203.2541297990648,0.03273328667174269,-15.254129799064799,1.0,7.1175029061547646,235,238,208,224,249,265,True,True,UPPER_SEED_TRAJECTORY_OUTLIER;Z_EDGE_EVIDENCE_WEAK
flow07,168,0,0.1,128.0,19,235.98526421351912,215.0,203.0,222.0,224.0,high_confidence,0.5,high_confidence,0.5,high_confidence,0.8742807092973022,strong_evidence,0.8477066257302701,True,True,234.0,48229.8671875,15787.9296875,4602.45947265625,7.048826327041302,-1.985264213519116,3.5275590551181097,16.0,219,253,0.017997500190858773,strong_evidence,0.9016878427615429,True,True,4.36246552226844,54810.32421875,11262.16796875,4.866764940004128,33786.50390625,37,234.0,204.0,203.16079210023332,-1.985264213519116,0.8392078997666772,0.0,7.048826327041302,235,238,208,224,249,265,True,True,
flow07,169,0,0.1,128.0,19,235.9940050915668,217.0,203.0,222.0,224.0,model_assisted,5.1458447818191884e-09,model_assisted,5.1458447818191884e-09,model_assisted,0.0,strong_evidence,0.9995750473353978,True,True,236.0,46683.8359375,11149.0166015625,3750.673095703125,9.4742512688315,0.005994908433194723,3.5275590551181097,16.0,219,253,0.008740878047689193,weak_evidence,0.0,True,False,4.36246552226844,53702.94921875,1398.98583984375,38.38705703036135,5370.294921875,174,236.0,146.0,203.09320675854406,0.005994908433194723,-57.093206758544056,1.0,9.4742512688315,235,238,208,224,249,265,True,True,UPPER_SEED_TRAJECTORY_OUTLIER;Z_EDGE_EVIDENCE_WEAK
flow07,170,0,0.1,128.0,19,235.99780386150712,218.0,203.0,222.0,224.0,high_confidence,0.5050466756436665,high_confidence,0.5050466756436665,high_confidence,0.9204215388613005,strong_evidence,0.9262546332129424,True,True,237.0,48083.28125,12957.0439453125,3331.15966796875,10.544747417077884,1.0021961384928773,3.5275590551181097,16.0,219,253,0.00379876994031747,strong_evidence,0.9146251784578573,True,True,4.36246552226844,52214.19921875,6105.47412109375,8.552030224541548,18316.42236328125,75,237.0,201.0,203.0493132808822,1.0021961384928773,-2.0493132808821883,0.0,10.544747417077884,235,238,208,224,249,265,True,True,
flow07,171,0,0.1,128.0,19,235.99928118628551,223.0,203.0,222.0,224.0,high_confidence,0.5,high_confidence,0.5,high_confidence,0.9115728894583941,strong_evidence,0.9999490559893295,True,True,236.0,49067.5390625,16249.0751953125,3534.161376953125,9.286068282337743,0.0007188137144851225,3.5275590551181097,16.0,219,253,0.0014773247783921306,strong_evidence,0.8310074676488248,True,True,4.36246552226844,50138.5,12932.134765625,3.8770474410206046,38796.404296875,27,236.0,204.0,203.0237345365763,0.0007188137144851225,0.9762654634236867,0.0,9.286068282337743,235,238,208,224,249,265,True,True,
flow07,172,0,0.1,128.0,19,235.99979529389134,222.0,203.0,222.0,224.0,high_confidence,0.5601427992451696,high_confidence,0.5601427992451696,high_confidence,0.9796894458021428,strong_evidence,0.9999854922631779,True,True,236.0,47607.875,16735.181640625,3935.594970703125,7.844479319948757,0.00020470610866141215,3.5275590551181097,16.0,219,253,0.0005141076058237104,strong_evidence,0.9598053348193076,True,True,4.36246552226844,49606.4375,7778.236328125,6.377594535232897,23334.708984375,71,236.0,202.0,203.01036534745705,0.00020470610866141215,-1.0103653474570535,0.0,7.844479319948757,235,238,208,224,249,265,True,True,
flow07,173,0,0.1,128.0,19,235.99995538865724,222.0,203.0,222.0,224.0,model_assisted,0.056274003943204746,model_assisted,0.056274003943204746,model_assisted,0.7284937335623711,strong_evidence,0.9117151841136019,True,True,237.0,45648.0078125,13721.60546875,5494.08642578125,5.811048438177803,1.0000446113427586,3.5275590551181097,16.0,219,253,0.00016009476590284066,weak_evidence,0.5820931021957357,True,False,4.36246552226844,48696.10546875,3399.593017578125,14.32409856619872,10198.779052734375,86,237.0,196.0,203.00409552346304,1.0000446113427586,-7.004095523463036,1.0,5.811048438177803,235,238,208,224,249,265,True,True,UPPER_SEED_TRAJECTORY_OUTLIER;Z_EDGE_EVIDENCE_WEAK
flow07,174,0,0.1,128.0,19,236.0000446113428,222.0,203.0,222.0,224.0,high_confidence,0.5,high_confidence,0.5,high_confidence,0.8655732837276419,strong_evidence,0.8557423308322456,True,True,237.0,46028.08984375,15705.919921875,5923.0380859375,5.119360956645883,0.999955388657213,3.5275590551181097,16.0,220,254,0.00016009476587441895,strong_evidence,0.8755171767352066,True,True,4.36246552226844,47362.41796875,11760.236328125,4.027335560891849,35280.708984375,30,237.0,203.0,203.0014574761037,0.999955388657213,-0.0014574761036953987,0.0,5.119360956645883,235,238,208,224,249,265,True,True,
flow07,175,0,0.1,128.0,19,236.00020470610866,222.0,203.0,222.0,224.0,high_confidence,0.6264067867459551,high_confidence,0.6264067867459551,high_confidence,0.9661187415533806,strong_evidence,0.9999854922631779,True,True,236.0,48035.81640625,13140.0966796875,3082.98193359375,11.318820699635268,-0.00020470610866141215,3.5275590551181097,16.0,220,254,0.0005141076058237104,strong_evidence,0.9333989642872118,True,True,4.36246552226844,45839.34765625,9394.2529296875,4.879509632042113,28182.7587890625,45,236.0,203.0,203.0004617599116,-0.00020470610866141215,-0.0004617599115874782,0.0,11.318820699635268,235,238,208,224,249,265,True,True,
flow07,176,0,0.1,128.0,19,236.00071881371449,218.0,203.0,222.0,224.0,high_confidence,0.5,high_confidence,0.5,high_confidence,0.7827177024528736,strong_evidence,0.6696815151528337,True,True,235.0,46729.98046875,13040.5205078125,10744.171875,3.135603223113694,-1.0007188137144851,3.5275590551181097,16.0,220,254,0.0014773247784205523,strong_evidence,0.9148333765689918,True,True,4.36246552226844,47933.23828125,10434.0595703125,4.593920320105513,31302.1787109375,43,235.0,203.0,203.00012465872572,-1.0007188137144851,-0.00012465872572420267,0.0,3.135603223113694,235,238,208,224,249,265,True,True,
flow07,177,0,0.1,128.0,19,236.0021961384929,216.0,203.0,222.0,224.0,high_confidence,0.5,high_confidence,0.5,high_confidence,0.8841331775559791,strong_evidence,0.8995663216914901,True,True,235.0,48563.3984375,14455.48828125,6026.95947265625,5.659223412899056,-1.0021961384929057,3.5275590551181097,16.0,220,254,0.0037987699402890485,strong_evidence,0.8689648076034984,True,True,4.36246552226844,49719.671875,5815.5693359375,8.549407461751969,17446.7080078125,82,235.0,200.0,203.0000223056714,-1.0021961384929057,-3.0000223056713935,0.0,5.659223412899056,235,238,208,224,249,265,True,True,
flow07,178,0,0.1,128.0,19,236.0059949084332,217.0,203.0,222.0,224.0,high_confidence,0.5,high_confidence,0.5,high_confidence,0.9055857518221827,strong_evidence,0.9173737460140012,True,True,235.0,49526.52734375,16049.498046875,5684.48583984375,5.8891921345335225,-1.0059949084331947,3.5275590551181097,16.0,220,254,0.008740878047689193,strong_evidence,0.8939492300347905,True,True,4.36246552226844,48952.96484375,10111.64453125,4.841246613492102,30334.93359375,45,235.0,202.0,203.0,-1.0059949084331947,-1.0,0.0,5.8891921345335225,235,238,208,224,249,265,True,True,
flow07,179,0,0.1,128.0,19,236.01473578648088,219.0,203.0,222.0,224.0,high_confidence,0.5,high_confidence,0.5,high_confidence,0.9219569988479811,strong_evidence,0.9989551210318994,True,True,236.0,49080.94140625,15167.072265625,3603.982666015625,9.410108838874745,-0.014735786480883917,3.5275590551181097,16.0,220,254,0.017997500190858773,strong_evidence,0.8508937887487271,True,True,4.36246552226844,49328.7578125,13345.1318359375,3.696385949493667,40035.3955078125,31,236.0,203.0,203.0,-0.014735786480883917,0.0,0.0,9.410108838874745,235,238,208,224,249,265,True,True,
flow07,180,0,0.1,128.0,19,236.03273328667174,220.0,203.0,222.0,224.0,high_confidence,0.5,high_confidence,0.5,high_confidence,0.9323906729831891,strong_evidence,0.9976774773822293,True,True,236.0,47731.09765625,13551.5546875,3736.036865234375,9.148609663573486,-0.03273328667174269,3.5275590551181097,16.0,220,254,0.033159988420891295,strong_evidence,0.8713761579013564,True,True,4.36246552226844,50469.35546875,12713.3349609375,3.969796723190271,38140.0048828125,43,236.0,203.0,203.0,-0.03273328667174269,0.0,0.0,9.148609663573486,235,238,208,224,249,265,True,True,
flow07,181,0,0.1,128.0,19,236.06589327509263,220.0,203.0,222.0,224.0,model_assisted,1.1967291556046007e-05,model_assisted,1.1967291556046007e-05,model_assisted,0.0,strong_evidence,0.9953191531305084,True,True,236.0,47502.4375,12500.80078125,2948.1796875,11.872287454917892,-0.06589327509263398,3.5275590551181097,16.0,220,254,0.054671578245631736,weak_evidence,0.0,True,False,4.36246552226844,51452.7109375,2008.0469970703125,25.62326031839302,6024.1409912109375,149,236.0,169.0,203.0,-0.06589327509263398,-34.0,1.0,11.872287454917892,235,238,208,224,249,265,True,True,UPPER_SEED_TRAJECTORY_OUTLIER;Z_EDGE_EVIDENCE_WEAK
flow07,182,0,0.1,128.0,19,236.12056485333827,220.0,203.0,222.0,224.0,high_confidence,0.5,high_confidence,0.5,high_confidence,0.8976279846375184,strong_evidence,0.991418684770065,True,True,236.0,47620.1328125,12943.322265625,3874.983642578125,8.94889211036866,-0.12056485333826572,3.5275590551181097,16.0,220,254,0.08065919989877557,strong_evidence,0.8127101205393192,True,True,4.36246552226844,51772.91015625,14232.3603515625,3.637689664776237,42697.0810546875,29,236.0,204.0,203.0,-0.12056485333826572,1.0,0.0,8.94889211036866,235,238,208,224,249,265,True,True,
flow07,183,0,0.1,128.0,19,236.20122405323704,220.0,203.0,222.0,224.0,model_assisted,0.00046817581165277687,model_assisted,0.00046817581165277687,model_assisted,0.0,strong_evidence,0.9108991248587356,True,True,235.0,48857.6171875,16148.154296875,3193.99658203125,10.240919816458643,-1.2012240532370413,3.5275590551181097,16.0,220,254,0.10648569402724206,weak_evidence,0.0,True,False,4.36246552226844,51733.3671875,3071.843017578125,16.841149398411368,9215.529052734375,129,235.0,180.0,203.0,-1.2012240532370413,-23.0,1.0,10.240919816458643,235,238,208,224,249,265,True,True,UPPER_SEED_TRAJECTORY_OUTLIER;Z_EDGE_EVIDENCE_WEAK
flow07,184,0,0.1,128.0,19,236.30770974726428,220.0,203.0,222.0,224.0,high_confidence,0.776478214151517,high_confidence,0.776478214151517,high_confidence,0.9554503407464086,strong_evidence,0.9496704890843366,True,True,237.0,49114.61328125,13368.765625,2344.76806640625,15.244939646007932,0.6922902527357166,3.5275590551181097,16.0,220,254,0.12579798346033044,strong_evidence,0.9612653695416224,True,True,4.36246552226844,51640.89453125,9689.7509765625,5.329434642454551,29069.2529296875,55,237.0,203.0,203.0,0.6922902527357166,0.0,0.0,15.244939646007932,235,238,208,224,249,265,True,True,
flow07,185,0,0.1,128.0,19,236.4335077307246,220.0,203.0,222.0,224.0,high_confidence,0.5,high_confidence,0.5,high_confidence,0.8977958928188091,strong_evidence,0.9590123976241933,True,True,237.0,48223.09765625,12830.587890625,4698.33740234375,7.532985976692428,0.5664922692753862,3.5275590551181097,16.0,220,254,0.13298453855080083,strong_evidence,0.8404870126383739,True,True,4.36246552226844,51706.234375,12850.83203125,4.023570944609921,38552.49609375,35,237.0,204.0,203.0,0.5664922692753862,1.0,0.0,7.532985976692428,235,238,208,224,249,265,True,True,
flow07,186,0,0.1,128.0,19,236.56649226927541,218.0,203.0,222.0,224.0,high_confidence,0.5,high_confidence,0.5,high_confidence,0.893393937283386,strong_evidence,0.9590123976241912,True,True,236.0,49751.45703125,13017.802734375,3249.67529296875,11.30379222082735,-0.5664922692754146,3.5275590551181097,16.0,220,254,0.13298453855080083,strong_evidence,0.8322652857794266,True,True,4.36246552226844,52202.10546875,13362.38671875,3.9066453147550653,40087.16015625,35,236.0,204.0,203.0,-0.5664922692754146,1.0,0.0,11.30379222082735,236,239,209,225,250,266,True,True,
flow07,187,0,0.1,128.0,19,236.69229025273572,218.0,203.0,222.0,224.0,high_confidence,0.5,high_confidence,0.5,high_confidence,0.932718142260385,strong_evidence,0.9779493293283377,True,True,237.0,49341.9765625,15703.158203125,3643.012451171875,9.233791761692759,0.30770974726428335,3.5275590551181097,16.0,220,254,0.12579798346030202,strong_evidence,0.8895789452600376,True,True,4.36246552226844,54111.5390625,12811.0625,4.223813525419925,38433.1875,37,237.0,203.0,203.0,0.30770974726428335,0.0,0.0,9.233791761692759,236,239,209,225,250,266,True,True,
flow07,188,0,0.1,128.0,19,236.79877594676296,217.0,203.0,222.0,224.0,high_confidence,0.513417119032592,high_confidence,0.513417119032592,high_confidence,0.9506323297210412,strong_evidence,0.9856359810279767,True,True,237.0,49378.80078125,14091.60546875,2910.32861328125,12.124814755099237,0.2012240532370413,3.5275590551181097,16.0,220,254,0.10648569402724206,strong_evidence,0.9168717900987458,True,True,4.36246552226844,55349.1328125,8299.40234375,6.669050435201706,24898.20703125,77,237.0,201.0,203.0,0.2012240532370413,-2.0,0.0,12.124814755099237,236,239,209,225,250,266,True,True,
flow07,189,0,0.1,128.0,19,236.87943514666176,217.0,203.0,222.0,224.0,model_assisted,1.670170079024566e-05,model_assisted,1.670170079024566e-05,model_assisted,0.0,strong_evidence,0.9356002993053277,True,True,236.0,51012.33203125,11529.248046875,3327.156982421875,11.86691346184538,-0.8794351466617627,3.5275590551181097,16.0,220,254,0.08065919989880399,weak_evidence,0.0,True,False,4.36246552226844,55818.23046875,978.2169799804688,57.06119563561908,5581.823046875001,151,236.0,170.0,203.0,-0.8794351466617627,-33.0,1.0,11.86691346184538,236,239,209,225,250,266,True,True,UPPER_SEED_TRAJECTORY_OUTLIER;Z_EDGE_EVIDENCE_WEAK
flow07,190,0,0.1,128.0,19,236.9341067249074,217.0,203.0,222.0,224.0,high_confidence,0.5,high_confidence,0.5,high_confidence,0.9069382185192084,strong_evidence,0.931449790371436,True,True,236.0,50221.58984375,14511.30078125,2021.933349609375,17.66145707493227,-0.9341067249073944,3.5275590551181097,16.0,220,254,0.054671578245631736,strong_evidence,0.8830716810648386,True,True,4.36246552226844,55090.046875,13333.1884765625,4.131798404548096,39999.5654296875,36,236.0,203.0,203.0,-0.9341067249073944,0.0,0.0,17.66145707493227,236,239,209,225,250,266,True,True,
flow07,191,0,0.1,128.0,19,236.96726671332829,215.0,203.0,222.0,224.0,model_assisted,0.02069611378043752,model_assisted,0.02069611378043752,model_assisted,0.0,strong_evidence,0.9810281436181595,True,True,237.0,50851.32421875,14004.74609375,6351.31005859375,5.8014138477059705,0.03273328667171427,3.5275590551181097,16.0,220,254,0.033159988420891295,weak_evidence,0.0,True,False,4.36246552226844,54583.78125,5171.99658203125,10.553715646223951,15515.98974609375,92,237.0,193.0,202.99997769432863,0.03273328667171427,-9.999977694328635,1.0,5.8014138477059705,236,239,209,225,250,266,True,True,UPPER_SEED_TRAJECTORY_OUTLIER;Z_EDGE_EVIDENCE_WEAK
flow07,192,0,0.1,128.0,19,236.98526421351914,214.0,203.0,222.0,224.0,high_confidence,0.5,high_confidence,0.5,high_confidence,0.9455697216912202,strong_evidence,0.9989551210319014,True,True,237.0,47380.9453125,16720.404296875,4457.26806640625,6.878774298254311,0.014735786480855495,3.5275590551181097,16.0,220,254,0.017997500190858773,strong_evidence,0.8950373042340696,True,True,4.36246552226844,55945.046875,13004.1142578125,4.302103608586014,39012.3427734375,36,237.0,203.0,202.99987534127428,0.014735786480855495,0.00012465872572420267,0.0,6.878774298254311,236,239,209,225,250,266,True,True,
flow07,193,0,0.1,128.0,19,236.9940050915668,213.0,203.0,222.0,224.0,high_confidence,0.5,high_confidence,0.5,high_confidence,0.9421922657421573,strong_evidence,0.9683700835540465,True,True,237.0,50060.19921875,12116.677734375,6738.0537109375,5.631228706708502,0.005994908433194723,3.5275590551181097,16.0,220,254,0.008740878047660772,strong_evidence,0.9167221093471485,True,True,4.36246552226844,56374.1953125,12195.314453125,4.62261104698734,36585.943359375,36,237.0,203.0,202.99953824008844,0.005994908433194723,0.0004617599115590565,0.0,5.631228706708502,236,239,209,225,250,266,True,True,
flow07,194,0,0.1,128.0,19,236.99780386150712,214.0,203.0,222.0,224.0,model_assisted,6.339149579150521e-05,model_assisted,6.339149579150521e-05,model_assisted,0.0,strong_evidence,0.9998443463744814,True,True,237.0,50179.77734375,16993.095703125,3110.225341796875,10.670185595443709,0.002196138492877253,3.5275590551181097,16.0,220,254,0.00379876994031747,weak_evidence,0.0,True,False,4.36246552226844,56838.7421875,2099.4912109375,27.072626878070814,6298.4736328125,148,237.0,174.0,202.99854252389633,0.002196138492877253,-28.998542523896333,1.0,10.670185595443709,236,239,209,225,250,266,True,True,UPPER_SEED_TRAJECTORY_OUTLIER;Z_EDGE_EVIDENCE_WEAK
flow07,195,0,0.1,128.0,19,236.99928118628554,214.0,203.0,222.0,224.0,model_assisted,4.9239290678753834e-05,model_assisted,4.9239290678753834e-05,model_assisted,0.0,strong_evidence,0.9264776381529525,True,True,236.0,48624.11328125,10883.4765625,4863.06787109375,7.760664197816712,-0.9992811862855433,3.5275590551181097,16.0,220,254,0.0014773247784205523,weak_evidence,0.0,True,False,4.36246552226844,56965.5,1022.4126586914062,55.71673972905478,5696.55,148,236.0,174.0,202.99590447653696,-0.9992811862855433,-28.995904476536964,2.0,7.760664197816712,236,239,209,225,250,266,True,True,UPPER_SEED_TRAJECTORY_OUTLIER;Z_EDGE_EVIDENCE_WEAK
flow07,196,0,0.1,128.0,19,236.99979529389134,215.0,203.0,222.0,224.0,model_assisted,3.944734009836502e-05,model_assisted,3.944734009836502e-05,model_assisted,0.0,strong_evidence,0.9999854922631779,True,True,237.0,45693.79296875,10711.154296875,5638.3935546875,6.20436270235022,0.00020470610866141215,3.5275590551181097,16.0,220,254,0.0005141076057952887,weak_evidence,0.0,True,False,4.36246552226844,56989.1640625,1053.2193603515625,54.10949153410656,5698.91640625,148,237.0,174.0,202.98963465254297,0.00020470610866141215,-28.989634652542975,3.0,6.20436270235022,236,239,209,225,250,266,True,True,UPPER_SEED_TRAJECTORY_OUTLIER;Z_EDGE_EVIDENCE_WEAK
flow07,197,0,0.1,128.0,19,237.0,215.0,203.0,222.0,224.0,model_assisted,8.912935458352265e-05,model_assisted,8.912935458352265e-05,model_assisted,0.0,strong_evidence,0.9264226511541201,True,True,236.0,48179.33203125,12368.77734375,2326.470947265625,15.39265071398776,-1.0,3.5275590551181097,16.0,221,254,0.00020470610866141215,weak_evidence,0.0,True,False,4.36246552226844,56100.91796875,1395.187744140625,40.210300158066346,5610.091796875,146,236.0,175.0,202.9762654634237,-1.0,-27.976265463423687,3.0,15.39265071398776,236,239,209,225,250,266,True,True,UPPER_SEED_TRAJECTORY_OUTLIER;Z_EDGE_EVIDENCE_WEAK
flow07,198,0,0.1,128.0,19,237.00020470610866,214.0,203.0,222.0,224.0,model_assisted,0.0006642210395206977,model_assisted,0.0006642210395206977,model_assisted,0.0,strong_evidence,0.9999854922631779,True,True,237.0,41871.71875,9019.28515625,2707.20703125,12.135175926527138,-0.00020470610866141215,3.5275590551181097,16.0,221,255,0.0005141076058521321,weak_evidence,0.0,True,False,4.36246552226844,54512.0625,2235.059326171875,24.3895371642623,6705.177978515625,132,237.0,181.0,202.95068671911784,-0.00020470610866141215,-21.95068671911784,2.0,12.135175926527138,236,239,209,225,250,266,True,True,UPPER_SEED_TRAJECTORY_OUTLIER;Z_EDGE_EVIDENCE_WEAK
flow07,199,0,0.1,128.0,19,237.0007188137145,214.0,203.0,222.0,224.0,model_assisted,0.05135856062221602,model_assisted,0.05135856062221602,model_assisted,0.0,strong_evidence,0.9263676608913849,True,True,236.0,43671.4375,12618.724609375,2802.326904296875,11.081045841943398,-1.0007188137145135,3.5275590551181097,16.0,221,255,0.001477324778363709,weak_evidence,0.0,True,False,4.36246552226844,53322.3671875,4579.22705078125,11.644403432322232,13737.68115234375,92,236.0,194.0,202.90677093578458,-1.0007188137145135,-8.906770935784579,1.0,11.081045841943398,236,239,209,225,250,266,True,True,UPPER_SEED_TRAJECTORY_OUTLIER;Z_EDGE_EVIDENCE_WEAK
flow07,200,0,0.1,128.0,19,237.00219613849288,214.0,203.0,222.0,224.0,high_confidence,0.5,high_confidence,0.5,high_confidence,0.936269713347233,strong_evidence,0.9998443463744814,True,True,237.0,48233.3984375,13203.13671875,4580.228515625,7.648147161052708,-0.002196138492877253,3.5275590551181097,16.0,221,255,0.00379876994031747,strong_evidence,0.8767374434930174,True,True,4.36246552226844,52413.48828125,12723.296875,4.119489531383744,38169.890625,29,237.0,203.0,202.83910554671235,-0.002196138492877253,0.1608944532876535,0.0,7.648147161052708,236,239,209,225,250,266,True,True,
flow07,201,0,0.1,128.0,19,237.0059949084332,214.0,203.0,222.0,224.0,high_confidence,0.5,high_confidence,0.5,high_confidence,0.9447711445661331,strong_evidence,0.9995750473353978,True,True,237.0,44139.11328125,12397.37890625,3474.45068359375,9.135756200219937,-0.005994908433194723,3.5275590551181097,16.0,221,255,0.008740878047717615,strong_evidence,0.8929719864298498,True,True,4.36246552226844,52004.11328125,11817.296875,4.400677568765065,35451.890625,36,237.0,203.0,202.74553309974934,-0.005994908433194723,0.2544669002506623,0.0,9.135756200219937,236,239,209,225,250,266,True,True,
flow07,202,0,0.1,128.0,19,237.0147357864809,215.0,203.0,222.0,224.0,high_confidence,0.5,high_confidence,0.5,high_confidence,0.9085525962626964,strong_evidence,0.927549241137944,True,True,238.0,45123.96484375,13720.2568359375,1124.3863525390625,27.929641743602982,0.9852642135190877,3.5275590551181097,16.0,221,255,0.017997500190858773,strong_evidence,0.8899450116125139,True,True,4.36246552226844,52626.91015625,11546.5146484375,4.557817814172313,34639.5439453125,37,238.0,202.0,202.62939126100557,0.9852642135190877,-0.6293912610055656,0.0,27.929641743602982,236,239,209,225,250,266,True,True,
flow07,203,0,0.1,128.0,19,237.03273328667177,215.0,202.0,221.0,223.0,high_confidence,0.5,high_confidence,0.5,high_confidence,0.9170270125600596,strong_evidence,0.9976774773822272,True,True,237.0,46590.828125,14886.224609375,3677.275146484375,8.621765370463478,-0.03273328667177111,3.5275590551181097,16.0,221,255,0.03315998842083445,strong_evidence,0.8428961872240901,True,True,4.36246552226844,53733.515625,7245.70361328125,7.415914104809282,21737.11083984375,55,237.0,199.0,202.49995538865724,-0.03273328667177111,-3.4999553886572414,0.0,8.621765370463478,236,239,209,225,250,266,True,True,
flow07,204,0,0.1,128.0,19,237.0658932750926,215.0,202.0,221.0,223.0,high_confidence,0.5,high_confidence,0.5,high_confidence,0.9463133623633811,strong_evidence,0.9953191531305104,True,True,237.0,48144.93359375,10606.916015625,3638.699462890625,10.31632811694329,-0.06589327509260556,3.5275590551181097,16.0,221,255,0.054626966902901586,strong_evidence,0.8997204333614034,True,True,4.36246552226844,54638.32421875,7572.4140625,7.215443287673494,22717.2421875,55,237.0,200.0,202.37038172721444,-0.06589327509260556,-2.3703817272144363,0.0,10.31632811694329,236,239,209,225,250,266,True,True,
flow07,205,0,0.1,128.0,19,237.1205202419955,215.0,202.0,221.0,223.0,model_assisted,0.0005370515912661647,model_assisted,0.0005370515912661647,model_assisted,0.0,strong_evidence,0.9914218737604724,True,True,237.0,45440.6953125,13272.9296875,3596.358154296875,8.944538959938246,-0.12052024199550715,3.5275590551181097,16.0,221,255,0.08049910513290115,weak_evidence,0.0,True,False,4.36246552226844,54984.98828125,2308.5087890625,23.818401100209694,6925.5263671875,131,237.0,180.0,202.25362342781048,-0.12052024199550715,-22.25362342781048,1.0,8.944538959938246,236,239,209,225,250,266,True,True,UPPER_SEED_TRAJECTORY_OUTLIER;Z_EDGE_EVIDENCE_WEAK
flow07,206,0,0.1,128.0,19,237.2010193471284,215.0,202.0,221.0,223.0,model_assisted,0.00044412158853886777,model_assisted,0.00044412158853886777,model_assisted,0.0,strong_evidence,0.9856506999744623,True,True,237.0,47883.0390625,10642.5146484375,2955.0830078125,12.602192329490533,-0.2010193471284083,3.5275590551181097,16.0,221,255,0.10597158642141835,weak_evidence,0.0,True,False,4.36246552226844,54529.91015625,1709.04248046875,31.906702600683005,5452.991015625001,138,237.0,179.0,202.15823655488322,-0.2010193471284083,-23.158236554883217,1.0,12.602192329490533,236,239,209,225,250,266,True,True,UPPER_SEED_TRAJECTORY_OUTLIER;Z_EDGE_EVIDENCE_WEAK
flow07,207,0,0.1,128.0,19,237.30699093354983,213.0,202.0,221.0,223.0,high_confidence,0.5,high_confidence,0.5,high_confidence,0.9225776141021591,strong_evidence,0.949616845054698,True,True,238.0,49879.2109375,16587.171875,3762.727294921875,8.847847971185814,0.6930090664501733,3.5275590551181097,16.0,221,255,0.12432065868190989,strong_evidence,0.8963082936817598,True,True,4.36246552226844,53703.5625,12308.0380859375,4.363291868698293,36924.1142578125,31,238.0,202.0,202.08577667967856,0.6930090664501733,-0.08577667967855973,0.0,8.847847971185814,236,239,209,225,250,266,True,True,
flow07,208,0,0.1,128.0,19,237.43131159223174,213.0,202.0,221.0,223.0,high_confidence,0.5,high_confidence,0.5,high_confidence,0.8911187783870003,strong_evidence,0.968950686463202,True,True,237.0,46529.6328125,15743.3291015625,2501.24169921875,12.308408148062398,-0.43131159223173654,3.5275590551181097,16.0,221,255,0.12918576861045494,strong_evidence,0.8195387941696834,True,True,4.36246552226844,52510.15234375,14132.7412109375,3.715496630130873,42398.2236328125,25,237.0,203.0,202.03048197093827,-0.43131159223173654,0.9695180290617316,0.0,12.308408148062398,236,239,209,225,250,266,True,True,
flow07,209,0,0.1,128.0,19,237.5604973608422,212.0,202.0,221.0,223.0,model_assisted,0.0975999171780317,model_assisted,0.0975999171780317,model_assisted,0.7524762885977604,strong_evidence,0.968351395429411,True,True,238.0,44094.65625,10502.408203125,2299.90771484375,14.605911285078312,0.4395026391578085,3.5275590551181097,16.0,221,255,0.12918576861045494,weak_evidence,0.5847263375406943,True,False,4.36246552226844,51005.80859375,3452.538818359375,14.773420742590707,10357.616455078125,101,238.0,195.0,201.98063590244757,0.4395026391578085,-6.980635902447574,1.0,14.605911285078312,237,240,210,226,251,267,True,True,UPPER_SEED_TRAJECTORY_OUTLIER;Z_EDGE_EVIDENCE_WEAK
flow07,210,0,0.1,128.0,19,237.67755446625483,210.0,202.0,221.0,223.0,high_confidence,0.5,high_confidence,0.5,high_confidence,0.9299378009260743,strong_evidence,0.9768808650851968,True,True,238.0,44567.8203125,9481.9208984375,3595.40380859375,9.758542094826742,0.32244553374516727,3.5275590551181097,16.0,221,255,0.11705710541264125,strong_evidence,0.8852505402650122,True,True,4.36246552226844,51539.65234375,12269.5380859375,4.200618799400542,36808.6142578125,31,238.0,202.0,201.9207375357881,0.32244553374516727,0.07926246421189376,0.0,9.758542094826742,237,240,210,226,251,267,True,True,
flow07,211,0,0.1,128.0,19,237.766087271434,210.0,202.0,221.0,223.0,high_confidence,0.5027615110814893,high_confidence,0.5027615110814893,high_confidence,0.9454174289389965,strong_evidence,0.983282746331021,True,True,238.0,45359.01953125,13404.1796875,2872.213134765625,11.125511354629168,0.23391272856599699,3.5275590551181097,16.0,221,255,0.08853280517917028,strong_evidence,0.9090102702165395,True,True,4.36246552226844,52311.2109375,11386.9052734375,4.593979635496537,34160.7158203125,32,238.0,202.0,201.83421738924258,0.23391272856599699,0.16578261075741807,0.0,11.125511354629168,237,240,210,226,251,267,True,True,
flow07,212,0,0.1,128.0,19,237.81374657767776,210.0,202.0,221.0,223.0,model_assisted,2.913105481014982e-05,model_assisted,2.913105481014982e-05,model_assisted,0.0,strong_evidence,0.9867118324834296,True,True,238.0,46490.234375,12867.537109375,4139.82666015625,8.121764514738397,0.1862534223222383,3.5275590551181097,16.0,221,255,0.04765930624375869,weak_evidence,0.0,True,False,4.36246552226844,52734.21875,2454.241455078125,21.4869725392693,7362.724365234375,140,238.0,171.0,201.70700435865123,0.1862534223222383,-30.707004358651233,1.0,8.121764514738397,237,240,210,226,251,267,True,True,UPPER_SEED_TRAJECTORY_OUTLIER;Z_EDGE_EVIDENCE_WEAK
flow07,213,0,0.1,128.0,19,237.8142606852836,210.0,202.0,221.0,223.0,high_confidence,0.5,high_confidence,0.5,high_confidence,0.793375380287436,strong_evidence,0.6936694953411574,True,True,235.0,46246.23046875,15315.658203125,6439.92626953125,4.802938880211182,-2.814260685283614,3.5275590551181097,16.0,221,255,0.046021886699520564,strong_evidence,0.9074126774692078,True,True,4.36246552226844,52837.0390625,11153.7744140625,4.737144315549712,33461.3232421875,32,235.0,202.0,201.53185755935962,-2.814260685283614,0.4681424406403778,0.0,4.802938880211182,237,240,210,226,251,267,True,True,
flow07,214,0,0.1,128.0,19,237.7682387985841,210.0,201.0,220.0,222.0,high_confidence,0.5,high_confidence,0.5,high_confidence,0.8972754478853425,strong_evidence,0.9439857041161652,True,True,237.0,49152.1015625,14276.525390625,2305.494384765625,15.127157282328591,-0.7682387985840933,3.5275590551181097,16.0,221,255,0.08468942389606582,strong_evidence,0.8528765063573117,True,True,4.36246552226844,52915.7890625,3645.112548828125,14.516915007058426,10935.337646484375,112,237.0,198.0,201.31215002775042,-0.7682387985840933,-3.3121500277504197,0.0,15.127157282328591,237,240,210,226,251,267,True,True,
flow07,215,0,0.1,128.0,19,237.68354937468803,210.0,201.0,220.0,222.0,high_confidence,0.5,high_confidence,0.5,high_confidence,0.901649091721353,strong_evidence,0.9503225658992788,True,True,237.0,41578.359375,12721.203125,2742.88671875,10.520724772458305,-0.6835493746880275,3.5275590551181097,16.0,221,255,0.10831622736492363,strong_evidence,0.8554685680147309,True,True,4.36246552226844,53153.69140625,12630.650390625,4.208309925647447,37891.951171875,24,237.0,202.0,201.06292129740154,-0.6835493746880275,0.9370787025984555,0.0,10.520724772458305,237,240,210,226,251,267,True,True,
flow07,216,0,0.1,128.0,19,237.5752331473231,210.0,201.0,220.0,222.0,high_confidence,0.5939260710420874,high_confidence,0.5939260710420874,high_confidence,0.9687830361410951,strong_evidence,0.9694292605416006,True,True,238.0,45790.68359375,12232.060546875,4316.61962890625,7.774283103878236,0.4247668526768962,3.5275590551181097,16.0,221,255,0.11118826841965301,strong_evidence,0.9681372425156785,True,True,4.36246552226844,53423.6484375,6523.26611328125,8.189708576924438,19569.79833984375,74,238.0,200.0,200.8077097472643,0.4247668526768962,-0.8077097472643118,0.0,7.774283103878236,237,240,210,226,251,267,True,True,
flow07,217,0,0.1,128.0,19,237.46404487890345,210.0,201.0,220.0,222.0,high_confidence,0.5,high_confidence,0.5,high_confidence,0.9511188031289048,strong_evidence,0.9665535586160154,True,True,237.0,45807.60546875,11785.71484375,4067.305908203125,8.364723822809374,-0.4640448789034508,3.5275590551181097,16.0,221,255,0.11118826841965301,strong_evidence,0.9359305230438277,True,True,4.36246552226844,53498.375,6438.30712890625,8.309385359981793,19314.92138671875,75,237.0,199.0,200.57185509790293,-0.4640448789034508,-1.571855097902926,0.0,8.364723822809374,236,239,209,225,250,266,True,True,
flow07,218,0,0.1,128.0,19,237.37288420864243,210.0,200.0,219.0,221.0,model_assisted,0.03132520364950758,model_assisted,0.03132520364950758,model_assisted,0.0,strong_evidence,0.9732147721588625,True,True,237.0,47164.1953125,13204.314453125,4763.02197265625,7.12990220375494,-0.3728842086424322,3.5275590551181097,16.0,221,255,0.0911606702610186,weak_evidence,0.0,True,False,4.36246552226844,53375.515625,3054.6279296875,17.473655336629008,9163.8837890625,125,237.0,191.0,200.37513410664326,-0.3728842086424322,-9.375134106643259,1.0,7.12990220375494,236,239,209,225,250,266,True,True,UPPER_SEED_TRAJECTORY_OUTLIER;Z_EDGE_EVIDENCE_WEAK
flow07,219,0,0.1,128.0,19,237.32158420046667,209.0,200.0,219.0,221.0,high_confidence,0.6642816517770554,high_confidence,0.6642816517770554,high_confidence,0.9507174157140854,strong_evidence,0.9507053264287917,True,True,238.0,48085.265625,13564.388671875,3019.11279296875,11.434113039274687,0.678415799533326,3.5275590551181097,16.0,221,255,0.051300008175758194,strong_evidence,0.950729505153108,True,True,4.36246552226844,52912.65625,7981.40771484375,6.629489200456897,23944.22314453125,65,238.0,199.0,200.22714713523754,0.678415799533326,-1.2271471352375443,0.0,11.434113039274687,236,239,209,225,250,266,True,True,
flow07,220,0,0.1,128.0,19,237.32174429523258,209.0,200.0,219.0,221.0,high_confidence,0.5,high_confidence,0.5,high_confidence,0.9306772045357836,strong_evidence,0.9507172606530948,True,True,238.0,47496.29296875,11932.9853515625,5080.66455078125,6.999735420776591,0.6782557047674231,3.5275590551181097,16.0,221,255,0.051858727124340476,strong_evidence,0.9110595703790343,True,True,4.36246552226844,53431.97265625,6377.078125,8.378754597153378,19131.234375,76,238.0,198.0,200.127082725805,0.6782557047674231,-2.1270827258049962,0.0,6.999735420776591,236,239,209,225,250,266,True,True,
flow07,221,0,0.1,128.0,19,237.37360302235692,209.0,200.0,219.0,221.0,high_confidence,0.5,high_confidence,0.5,high_confidence,0.9402936614065149,strong_evidence,0.9731624259712137,True,True,237.0,50006.046875,12210.5205078125,4324.68896484375,8.739478532314067,-0.37360302235691734,3.5275590551181097,16.0,221,255,0.09268260638219772,strong_evidence,0.908535046242551,True,True,4.36246552226844,53588.84765625,11817.966796875,4.534523457150039,35453.900390625,36,237.0,200.0,200.06714887463403,-0.37360302235691734,-0.06714887463402874,0.0,8.739478532314067,236,239,209,225,250,266,True,True,
flow07,222,0,0.1,128.0,19,237.46628562873912,210.0,200.0,219.0,221.0,high_confidence,0.5,high_confidence,0.5,high_confidence,0.9010874638318707,strong_evidence,0.966389246313706,True,True,237.0,47945.015625,13068.771484375,3381.545654296875,10.313699031775107,-0.46628562873911505,3.5275590551181097,16.0,221,255,0.1151471331258449,strong_evidence,0.8401983161258995,True,True,4.36246552226844,53211.3125,13302.7255859375,4.000030832497247,39908.1767578125,27,237.0,201.0,200.0374567451072,-0.46628562873911505,0.9625432548928075,0.0,10.313699031775107,236,239,209,225,250,266,True,True,
flow07,223,0,0.1,128.0,19,237.58143276186496,210.0,200.0,219.0,221.0,model_assisted,1.5061265581391824e-05,model_assisted,1.5061265581391824e-05,model_assisted,0.0,strong_evidence,0.9579076664113233,True,True,237.0,49517.1875,13036.650390625,4005.103271484375,9.108513473075702,-0.58143276186496,3.5275590551181097,16.0,221,255,0.11757121301843654,weak_evidence,0.0,True,False,4.36246552226844,52088.5390625,700.9628295898438,74.30998743967452,5208.85390625,144,237.0,167.0,200.03002619853225,-0.58143276186496,-33.030026198532255,1.0,9.108513473075702,237,240,210,226,251,267,True,True,UPPER_SEED_TRAJECTORY_OUTLIER;Z_EDGE_EVIDENCE_WEAK
flow07,224,0,0.1,128.0,19,237.6990039748834,211.0,200.0,219.0,221.0,high_confidence,0.8145267973687891,high_confidence,0.8145267973687891,high_confidence,0.9734932030574569,strong_evidence,0.9491693356125644,True,True,237.0,43456.40625,16148.1513671875,3307.4111328125,8.256685905144963,-0.6990039748833965,3.5275590551181097,16.0,221,255,0.11757121301843654,strong_evidence,0.9984404055652072,True,True,4.36246552226844,50983.9765625,8441.1494140625,6.039932959552101,25323.4482421875,56,237.0,200.0,200.04075842894042,-0.6990039748833965,-0.040758428940421254,0.0,8.256685905144963,237,240,210,226,251,267,True,True,
flow07,225,0,0.1,128.0,19,237.80316822374874,204.0,200.0,219.0,221.0,high_confidence,0.8111120348529152,high_confidence,0.8111120348529152,high_confidence,0.9686264088632447,strong_evidence,0.9413596950307948,True,True,237.0,48012.42578125,14983.646484375,3963.1982421875,8.33387009140493,-0.8031682237487416,3.5275590551181097,16.0,221,255,0.10416424886534514,strong_evidence,0.9966829097315593,True,True,4.36246552226844,51848.9609375,8658.7236328125,5.988060496701473,25976.1708984375,56,237.0,200.0,200.06931250212193,-0.8031682237487416,-0.06931250212193163,0.0,8.33387009140493,237,240,210,226,251,267,True,True,
flow07,226,0,0.1,128.0,19,237.8861488688094,204.0,200.0,219.0,221.0,model_assisted,0.001707892689525409,model_assisted,0.001707892689525409,model_assisted,0.0,strong_evidence,0.991898492125929,True,True,238.0,44401.51953125,15029.83203125,1188.693359375,24.70922148958859,0.11385113119058587,3.5275590551181097,16.0,221,255,0.08298064506067249,weak_evidence,0.0,True,False,4.36246552226844,52534.109375,1735.5750732421875,30.2689927879998,5253.410937500001,131,238.0,181.0,200.11748504120874,0.11385113119058587,-19.117485041208738,1.0,24.70922148958859,237,240,210,226,251,267,True,True,UPPER_SEED_TRAJECTORY_OUTLIER;Z_EDGE_EVIDENCE_WEAK
flow07,227,0,0.1,128.0,19,237.9490472174969,205.0,200.0,219.0,221.0,high_confidence,0.5586015342461029,high_confidence,0.5586015342461029,high_confidence,0.9923119611978747,strong_evidence,0.9918172428042608,True,True,238.0,45324.0390625,14278.822265625,5221.9443359375,5.9451451029880475,0.050952782503088656,3.5275590551181097,16.0,221,255,0.06289834868749722,strong_evidence,0.9928069263569999,True,True,4.36246552226844,52586.078125,8071.39306640625,6.515117984263119,24214.17919921875,58,238.0,200.0,200.18692616990415,0.050952782503088656,-0.18692616990415445,0.0,5.9451451029880475,237,240,210,226,251,267,True,True,
flow07,228,0,0.1,128.0,19,238.0000446113428,205.0,200.0,219.0,221.0,high_confidence,0.6075419779272009,high_confidence,0.6075419779272009,high_confidence,0.9374515261617049,strong_evidence,0.9264192384184948,True,True,237.0,46123.2265625,11281.447265625,3746.716796875,9.299282861713824,-1.000044611342787,3.5275590551181097,16.0,222,256,0.051112877268963075,strong_evidence,0.9486151921921974,True,True,4.36246552226844,52302.8359375,7141.58251953125,7.323703926189876,21424.74755859375,64,237.0,199.0,200.27705859770285,-1.000044611342787,-1.2770585977028475,0.0,9.299282861713824,237,240,210,226,251,267,True,True,
flow07,229,0,0.1,128.0,19,238.05115748861175,205.0,200.0,219.0,221.0,model_assisted,7.095031073246916e-08,model_assisted,7.095031073246916e-08,model_assisted,0.0,strong_evidence,0.9303279238090475,True,True,239.0,47090.32421875,10165.666015625,3542.7001953125,10.422744281884652,0.9488425113882499,3.5275590551181097,16.0,222,256,0.06341245629334935,weak_evidence,0.0,True,False,4.36246552226844,51400.54296875,1480.3348388671875,34.72224095467738,5140.054296875001,166,239.0,151.0,200.38385816125623,0.9488425113882499,-49.38385816125623,1.0,10.422744281884652,237,240,210,226,251,267,True,True,UPPER_SEED_TRAJECTORY_OUTLIER;Z_EDGE_EVIDENCE_WEAK
flow07,230,0,0.1,128.0,19,238.1145699449051,212.0,200.0,219.0,221.0,high_confidence,0.5,high_confidence,0.5,high_confidence,0.8646996767431598,strong_evidence,0.9351460823399678,True,True,239.0,45454.3984375,16762.146484375,2502.07421875,11.467386434067985,0.8854300550949006,3.5275590551181097,16.0,222,256,0.08445796983909304,strong_evidence,0.799560138335585,True,True,4.36246552226844,49342.91015625,13322.6865234375,3.703675686540031,39968.0595703125,24,239.0,202.0,200.5,0.8854300550949006,1.5,0.0,11.467386434067985,237,240,210,226,251,267,True,True,
flow07,231,0,0.1,128.0,19,238.1990279147442,213.0,201.0,220.0,222.0,high_confidence,0.7330255461925785,high_confidence,0.7330255461925785,high_confidence,0.9585512361012812,strong_evidence,0.9415250174326038,True,True,239.0,46803.90625,14715.439453125,3564.844970703125,9.00136389116128,0.8009720852558075,3.5275590551181097,16.0,222,256,0.10796301880560577,strong_evidence,0.9758853511261747,True,True,4.36246552226844,50906.27734375,8210.3232421875,6.200276876088851,24630.9697265625,54,239.0,200.0,200.616097227401,0.8009720852558075,-0.6160972274010135,0.0,9.00136389116128,237,240,210,226,251,267,True,True,
flow07,232,0,0.1,128.0,19,238.3069909335498,211.0,201.0,220.0,222.0,high_confidence,0.5,high_confidence,0.5,high_confidence,0.8900964604789459,strong_evidence,0.9496168450546959,True,True,239.0,45510.8125,10379.61328125,3520.00048828125,9.980452939057376,0.6930090664502018,3.5275590551181097,16.0,222,256,0.12631209106615415,strong_evidence,0.8343067133687108,True,True,4.36246552226844,49123.05078125,12034.1787109375,4.081961217395214,36102.5361328125,31,239.0,202.0,200.72275900185988,0.6930090664502018,1.2772409981401154,0.0,9.980452939057376,237,240,210,226,251,267,True,True,
flow07,233,0,0.1,128.0,19,238.43330302461595,212.0,201.0,220.0,222.0,high_confidence,0.529425021942673,high_confidence,0.529425021942673,high_confidence,0.9426205665150619,strong_evidence,0.9589972698260064,True,True,239.0,47573.515625,10262.34765625,4142.291015625,9.007374862849995,0.5666969753840476,3.5275590551181097,16.0,222,256,0.13314463331667525,strong_evidence,0.9265235265772815,True,True,4.36246552226844,50103.18359375,10273.2744140625,4.877041299039633,30819.8232421875,47,239.0,201.0,200.81247967510706,0.5666969753840476,0.1875203248929438,0.0,9.007374862849995,237,240,210,226,251,267,True,True,
flow07,234,0,0.1,128.0,19,238.56644765793263,208.0,201.0,220.0,222.0,model_assisted,0.19652969676479612,model_assisted,0.19652969676479612,model_assisted,0.8585909857102961,strong_evidence,0.9687867807288681,True,True,239.0,48316.1328125,9787.048828125,3368.829833984375,11.436933856289787,0.43355234206737236,3.5275590551181097,16.0,222,256,0.13314463331667525,weak_evidence,0.7609295413675656,True,False,4.36246552226844,49977.3828125,4643.49755859375,10.762874790362826,13930.49267578125,93,239.0,196.0,200.8808251915527,0.43355234206737236,-4.880825191552702,1.0,11.436933856289787,238,241,211,227,252,268,True,True,UPPER_SEED_TRAJECTORY_OUTLIER;Z_EDGE_EVIDENCE_WEAK
flow07,235,0,0.1,128.0,19,238.69229025273572,207.0,201.0,220.0,222.0,high_confidence,0.5,high_confidence,0.5,high_confidence,0.9174477809138044,strong_evidence,0.9496704890843366,True,True,238.0,50335.23046875,12710.224609375,5064.564453125,7.429070398375353,-0.6922902527357166,3.5275590551181097,16.0,222,256,0.12584259480308901,strong_evidence,0.8863184024126447,True,True,4.36246552226844,51257.6015625,12166.240234375,4.213101219033523,36498.720703125,44,238.0,201.0,200.92635477165723,-0.6922902527357166,0.07364522834276954,0.0,7.429070398375353,238,241,211,227,252,268,True,True,
flow07,236,0,0.1,128.0,19,238.79873133542017,207.0,201.0,220.0,222.0,model_assisted,8.72102855086252e-06,model_assisted,8.72102855086252e-06,model_assisted,0.0,strong_evidence,0.9416936682031855,True,True,238.0,47491.1484375,11730.5888671875,3241.794677734375,11.031099475832576,-0.7987313354201717,3.5275590551181097,16.0,222,256,0.10644108268445507,weak_evidence,0.0,True,False,4.36246552226844,51709.54296875,1964.751953125,26.318611306890084,5894.255859375,148,238.0,166.0,200.94932012175622,-0.7987313354201717,-34.949320121756216,1.0,11.031099475832576,238,241,211,227,252,268,True,True,UPPER_SEED_TRAJECTORY_OUTLIER;Z_EDGE_EVIDENCE_WEAK
flow07,237,0,0.1,128.0,19,238.87923044055307,207.0,201.0,220.0,222.0,high_confidence,0.5,high_confidence,0.5,high_confidence,0.9461999584135066,strong_evidence,0.9914040514583528,True,True,239.0,49431.5,12220.0966796875,5779.52880859375,6.438483923634359,0.12076955944692713,3.5275590551181097,16.0,222,256,0.08049910513290115,strong_evidence,0.9030569927415022,True,True,4.36246552226844,51778.375,11650.533203125,4.444292299524247,34951.599609375,44,239.0,201.0,200.94980200074593,0.12076955944692713,0.05019799925406687,0.0,6.438483923634359,238,241,211,227,252,268,True,True,
flow07,238,0,0.1,128.0,19,238.9333879111929,207.0,201.0,220.0,222.0,model_assisted,9.121122894150724e-05,model_assisted,9.121122894150724e-05,model_assisted,0.0,strong_evidence,0.9315044806167283,True,True,238.0,48632.84375,12626.83203125,4992.68359375,7.211755169869661,-0.9333879111929093,3.5275590551181097,16.0,222,256,0.05415747063983645,weak_evidence,0.0,True,False,4.36246552226844,51668.48828125,3606.32958984375,14.327167551950962,10818.98876953125,109,238.0,174.0,200.9263794248097,-0.9333879111929093,-26.92637942480971,1.0,7.211755169869661,238,241,211,227,252,268,True,True,UPPER_SEED_TRAJECTORY_OUTLIER;Z_EDGE_EVIDENCE_WEAK
flow07,239,0,0.1,128.0,19,238.96507057483535,207.0,201.0,220.0,222.0,high_confidence,0.5,high_confidence,0.5,high_confidence,0.9126732041246952,strong_evidence,0.9290908796875846,True,True,238.0,49671.83984375,15332.201171875,2150.991943359375,15.964559410782385,-0.9650705748353516,3.5275590551181097,16.0,222,256,0.03168266364244232,strong_evidence,0.8965456401932739,True,True,4.36246552226844,51511.3359375,11744.505859375,4.385994315493598,35233.517578125,38,238.0,201.0,200.8763353393908,-0.9650705748353516,0.12366466060919379,0.0,15.964559410782385,238,241,211,227,252,268,True,True,
flow07,240,0,0.1,128.0,19,238.97926930508592,207.0,201.0,220.0,222.0,high_confidence,0.5,high_confidence,0.5,high_confidence,0.9447505343731881,strong_evidence,0.9985297236894952,True,True,239.0,48762.109375,14457.484375,1989.1859130859375,17.24555999231931,0.02073069491407864,3.5275590551181097,16.0,222,256,0.014198730250569724,strong_evidence,0.8938678048566282,True,True,4.36246552226844,51337.9921875,11702.4599609375,4.386940212473689,35107.3798828125,30,239.0,201.0,200.79765557184513,0.02073069491407864,0.2023444281548734,0.0,17.24555999231931,238,241,211,227,252,268,True,True,
flow07,241,0,0.1,128.0,19,238.97931391642868,205.0,201.0,220.0,222.0,model_assisted,8.339288380392171e-05,model_assisted,8.339288380392171e-05,model_assisted,0.0,strong_evidence,0.9280037695076936,True,True,238.0,49665.140625,9678.0546875,4698.65087890625,8.51033349104843,-0.9793139164286799,3.5275590551181097,16.0,222,256,0.014038635484666884,weak_evidence,0.0,True,False,4.36246552226844,51380.98046875,2012.7720947265625,25.52747059807095,6038.3162841796875,148,238.0,173.0,200.69193084587846,-0.9793139164286799,-27.69193084587846,1.0,8.51033349104843,238,241,211,227,252,268,True,True,UPPER_SEED_TRAJECTORY_OUTLIER;Z_EDGE_EVIDENCE_WEAK
flow07,242,0,0.1,128.0,19,238.965275280944,205.0,201.0,220.0,222.0,high_confidence,0.5,high_confidence,0.5,high_confidence,0.9663654109100438,strong_evidence,0.9975360049221021,True,True,239.0,47829.3828125,14515.5234375,4594.6162109375,7.250629398750704,0.03472471905598695,3.5275590551181097,16.0,222,256,0.03116855603661861,strong_evidence,0.9361688227747362,True,True,4.36246552226844,51773.8203125,6854.986328125,7.552724080583449,20564.958984375,72,239.0,199.0,200.56638991622106,0.03472471905598695,-1.5663899162210555,0.0,7.250629398750704,238,241,211,227,252,268,True,True,
flow07,243,0,0.1,128.0,19,238.9341067249074,211.0,200.0,219.0,221.0,high_confidence,0.5,high_confidence,0.5,high_confidence,0.9682550861862745,strong_evidence,0.9953191531305104,True,True,239.0,47661.7265625,15326.3017578125,5023.0341796875,6.43742878267637,0.06589327509260556,3.5275590551181097,16.0,222,256,0.05272475720420289,strong_evidence,0.9419269276361033,True,True,4.36246552226844,55720.76171875,7051.595703125,7.901865629371898,21154.787109375,67,239.0,199.0,200.43348542505322,0.06589327509260556,-1.4334854250532203,0.0,6.43742878267637,238,241,211,227,252,268,True,True,
flow07,244,0,0.1,128.0,19,238.8813819677032,211.0,200.0,219.0,221.0,high_confidence,0.5,high_confidence,0.5,high_confidence,0.8747621235571094,strong_evidence,0.9173035929194489,True,True,240.0,45558.390625,15783.36328125,3817.92724609375,7.798741417666833,1.1186180322968085,3.5275590551181097,16.0,222,256,0.07686042995848652,strong_evidence,0.8341935851082388,True,True,4.36246552226844,56647.56640625,13109.4931640625,4.321110335641343,39328.4794921875,26,240.0,202.0,200.3077097472643,1.1186180322968085,1.6922902527356882,0.0,7.798741417666833,238,241,211,227,252,268,True,True,
flow07,245,0,0.1,128.0,19,238.8045215377447,211.0,200.0,219.0,221.0,high_confidence,0.5,high_confidence,0.5,high_confidence,0.883593376522174,strong_evidence,0.8626848693608415,True,True,237.0,48105.53125,11044.953125,4504.2529296875,8.227907869190467,-1.804521537744705,3.5275590551181097,16.0,222,256,0.09821431224258959,strong_evidence,0.9050086338158454,True,True,4.36246552226844,56972.35546875,11637.3828125,4.895633011879148,34912.1484375,32,237.0,201.0,200.20122405323707,-1.804521537744705,0.7987759467629303,0.0,8.227907869190467,238,241,211,227,252,268,True,True,
flow07,246,0,0.1,128.0,19,238.70630722550212,210.0,200.0,219.0,221.0,high_confidence,0.5,high_confidence,0.5,high_confidence,0.8545577264188113,strong_evidence,0.9036761588330571,True,True,240.0,47666.734375,16667.19140625,2855.622314453125,10.85561728939167,1.2936927744978846,3.5275590551181097,16.0,222,256,0.1092778080478638,strong_evidence,0.8081090782843107,True,True,4.36246552226844,55233.04296875,4828.66455078125,11.438575280573925,14485.99365234375,86,240.0,196.0,200.1205425476669,1.2936927744978846,-4.120542547666901,0.0,10.85561728939167,238,241,211,227,252,268,True,True,
flow07,247,0,0.1,128.0,19,238.59702941745425,205.0,200.0,219.0,221.0,model_assisted,3.0459401318352616e-06,model_assisted,3.0459401318352616e-06,model_assisted,0.0,strong_evidence,0.9710213786914117,True,True,239.0,47139.99609375,9167.59375,3847.32666015625,9.869814990497282,0.40297058254574836,3.5275590551181097,16.0,222,256,0.1092778080478638,weak_evidence,0.0,True,False,4.36246552226844,53425.453125,338.66259765625,157.7542176040001,5342.5453125,145,239.0,162.0,200.06579092203827,0.40297058254574836,-38.065790922038275,1.0,9.869814990497282,238,241,211,227,252,268,True,True,UPPER_SEED_TRAJECTORY_OUTLIER;Z_EDGE_EVIDENCE_WEAK
flow07,248,0,0.1,128.0,19,238.49340609738402,206.0,200.0,219.0,221.0,high_confidence,0.5,high_confidence,0.5,high_confidence,0.926885902372309,strong_evidence,0.9634286883127522,True,True,239.0,49358.8828125,13478.4423828125,2666.931640625,13.453828318328721,0.5065939026159754,3.5275590551181097,16.0,222,256,0.10362332007022701,strong_evidence,0.8917291818672096,True,True,4.36246552226844,54370.80078125,12732.130859375,4.270361448666337,38196.392578125,28,239.0,200.0,200.0323738798145,0.5065939026159754,-0.03237387981448592,0.0,13.453828318328721,237,240,210,226,251,267,True,True,
flow07,249,0,0.1,128.0,19,238.4135388141217,206.0,200.0,219.0,221.0,model_assisted,3.1402127434904115e-06,model_assisted,3.1402127434904115e-06,model_assisted,0.0,strong_evidence,0.9702497438335608,True,True,238.0,48307.3046875,16888.63671875,1582.7218017578125,19.851036318483512,-0.4135388141216936,3.5275590551181097,16.0,222,256,0.07986728326233106,weak_evidence,0.0,True,False,4.36246552226844,55029.16796875,1615.6053466796875,34.061021202884255,5502.916796875001,145,238.0,162.0,200.0136600229058,-0.4135388141216936,-38.01366002290581,1.0,19.851036318483512,237,240,210,226,251,267,True,True,UPPER_SEED_TRAJECTORY_OUTLIER;Z_EDGE_EVIDENCE_WEAK
flow07,250,0,0.1,128.0,19,238.36971481980237,206.0,200.0,219.0,221.0,high_confidence,0.5,high_confidence,0.5,high_confidence,0.9205306813325433,strong_evidence,0.9734455430676084,True,True,238.0,44595.72265625,11130.919921875,4258.82470703125,7.8577553753562945,-0.3697148198023683,3.5275590551181097,16.0,222,256,0.043823994319325266,strong_evidence,0.8704921824432286,True,True,4.36246552226844,55132.0234375,13925.2734375,3.959133993665968,41775.8203125,27,238.0,200.0,200.00309980727093,-0.3697148198023683,-0.0030998072709280677,0.0,7.8577553753562945,237,240,210,226,251,267,True,True,
flow07,251,0,0.1,128.0,19,238.36238132550994,206.0,200.0,219.0,221.0,high_confidence,0.5028043138634443,high_confidence,0.5028043138634443,high_confidence,0.9409918589161367,strong_evidence,0.9739793029918626,True,True,238.0,48336.03125,14286.291015625,2147.425048828125,15.856078540648644,-0.3623813255099435,3.5275590551181097,16.0,222,256,0.016454826969010128,strong_evidence,0.9091216577461958,True,True,4.36246552226844,54786.08984375,12145.4140625,4.510845786057366,36436.2421875,33,238.0,200.0,199.99516534643828,-0.3623813255099435,0.0048346535617156405,0.0,15.856078540648644,237,240,210,226,251,267,True,True,
flow07,252,0,0.1,128.0,19,238.37883615247895,206.0,200.0,219.0,221.0,high_confidence,0.5036114177779206,high_confidence,0.5036114177779206,high_confidence,0.9404927954096973,strong_evidence,0.9727812487151237,True,True,238.0,49309.4765625,13659.166015625,1392.072998046875,25.609512286276352,-0.37883615247895364,3.5275590551181097,16.0,222,256,0.01916535023113397,strong_evidence,0.9092760570640666,True,True,4.36246552226844,54173.90625,11990.0693359375,4.518231273911491,35970.2080078125,33,238.0,200.0,199.9853478865707,-0.37883615247895364,0.014652113429292513,0.0,25.609512286276352,237,240,210,226,251,267,True,True,
flow07,253,0,0.1,128.0,19,238.3980015027101,206.0,200.0,219.0,221.0,model_assisted,0.000242793637138303,model_assisted,0.000242793637138303,model_assisted,0.0,strong_evidence,0.9713839820460757,True,True,238.0,47882.390625,11170.76953125,2251.010986328125,16.308947986804107,-0.3980015027100876,3.5275590551181097,16.0,222,256,0.01916535023113397,weak_evidence,0.0,True,False,4.36246552226844,53447.04296875,1117.530029296875,47.826046341124,5344.704296875,144,238.0,175.0,199.9698961159217,-0.3980015027100876,-24.9698961159217,1.0,16.308947986804107,237,240,210,226,251,267,True,True,UPPER_SEED_TRAJECTORY_OUTLIER;Z_EDGE_EVIDENCE_WEAK
flow07,254,0,0.1,128.0,19,238.3993162919523,205.0,200.0,219.0,221.0,high_confidence,0.5,high_confidence,0.5,high_confidence,0.9556735057462102,strong_evidence,0.9489298982714005,True,True,238.0,47258.890625,15111.916015625,5613.27978515625,5.726950346281406,-0.3993162919522888,3.5275590551181097,16.0,222,256,0.028053167480749153,strong_evidence,0.9624650369315673,True,True,4.36246552226844,52447.37890625,5958.57958984375,8.801993514636482,17875.73876953125,68,238.0,199.0,199.94605431433905,-0.3993162919522888,-0.946054314339051,0.0,5.726950346281406,237,240,210,226,251,267,True,True,
flow07,255,0,0.1,128.0,19,238.37126312447154,204.0,200.0,219.0,221.0,high_confidence,0.5,high_confidence,0.5,high_confidence,0.865588730504095,strong_evidence,0.8975721116026909,True,True,237.0,46078.3828125,13217.6640625,4956.9638671875,6.629202800432078,-1.3712631244715396,3.5275590551181097,16.0,222,256,0.056124108592314315,strong_evidence,0.8347450201386633,True,True,4.36246552226844,52355.390625,13132.7109375,3.986639991861924,39398.1328125,29,237.0,201.0,199.9128595155551,-1.3712631244715396,1.0871404844448875,0.0,6.629202800432078,237,240,210,226,251,267,True,True,
flow07,256,0,0.1,128.0,19,238.31513901587923,204.0,200.0,219.0,221.0,model_assisted,0.10119616421674912,model_assisted,0.10119616421674912,model_assisted,0.7529384187168435,strong_evidence,0.9502247472735571,True,True,239.0,45395.3984375,11212.3603515625,2690.579345703125,12.70471288666066,0.6848609841207747,3.5275590551181097,16.0,222,256,0.07264834133579257,weak_evidence,0.5966128160800395,True,False,4.36246552226844,53411.34375,4382.568359375,12.187224332906245,13147.705078125,85,239.0,193.0,199.87208327753098,0.6848609841207747,-6.872083277530976,1.0,12.70471288666066,237,240,210,226,251,267,True,True,UPPER_SEED_TRAJECTORY_OUTLIER;Z_EDGE_EVIDENCE_WEAK
flow07,257,0,0.1,128.0,19,238.24249067454343,204.0,200.0,219.0,221.0,model_assisted,0.00018237966072238052,model_assisted,0.00018237966072238052,model_assisted,0.0,strong_evidence,0.9447908851130242,True,True,239.0,48409.07421875,13984.712890625,2993.90576171875,11.498144587010168,0.7575093254565672,3.5275590551181097,16.0,222,256,0.07399990797813416,weak_evidence,0.0,True,False,4.36246552226844,54553.83984375,2251.816650390625,24.226590488300406,6755.449951171875,120,239.0,174.0,199.8282599872174,0.7575093254565672,-25.828259987217393,2.0,11.498144587010168,237,240,210,226,251,267,True,True,UPPER_SEED_TRAJECTORY_OUTLIER;Z_EDGE_EVIDENCE_WEAK
flow07,258,0,0.1,128.0,19,238.1684907665653,204.0,200.0,219.0,221.0,model_assisted,0.00018487963439050689,model_assisted,0.00018487963439050689,model_assisted,0.0,strong_evidence,0.9392236104092653,True,True,239.0,49507.93359375,12744.0732421875,2624.128173828125,14.00993317255945,0.8315092334347014,3.5275590551181097,16.0,222,256,0.07399990797813416,weak_evidence,0.0,True,False,4.36246552226844,55072.0859375,837.4271850585938,65.76343223637608,5507.208593750001,145,239.0,174.0,199.7874167086511,0.8315092334347014,-25.787416708651108,1.0,14.00993317255945,237,240,210,226,251,267,True,True,UPPER_SEED_TRAJECTORY_OUTLIER;Z_EDGE_EVIDENCE_WEAK
flow07,259,0,0.1,128.0,19,238.10515486448566,204.0,200.0,219.0,221.0,high_confidence,0.7625172051935363,high_confidence,0.7625172051935363,high_confidence,0.9521920190217259,strong_evidence,0.9344322831160916,True,True,239.0,49254.75,14290.91015625,3565.345947265625,9.806577078604352,0.8948451355143447,3.5275590551181097,16.0,222,256,0.06333590207964335,strong_evidence,0.9702892948702078,True,True,4.36246552226844,54537.18359375,8738.8916015625,6.240743801422006,26216.6748046875,53,239.0,199.0,199.7547952138356,0.8948451355143447,-0.7547952138355924,0.0,9.806577078604352,237,240,210,226,251,267,True,True,
flow07,260,0,0.1,128.0,19,238.05770222816653,204.0,200.0,219.0,221.0,model_assisted,0.13806511058683132,model_assisted,0.13806511058683132,model_assisted,0.8099167491783174,strong_evidence,0.85129115629554,True,True,240.0,47946.4140625,13950.18359375,5083.43701171875,6.687646643477462,1.9422977718334664,3.5275590551181097,16.0,222,256,0.047452636319121666,weak_evidence,0.77055321877659,True,False,4.36246552226844,53060.078125,6578.8330078125,8.06527207211219,19736.4990234375,67,240.0,195.0,199.73312050869816,1.9422977718334664,-4.733120508698164,1.0,6.687646643477462,237,240,210,226,251,267,True,True,UPPER_SEED_TRAJECTORY_OUTLIER;Z_EDGE_EVIDENCE_WEAK
flow07,261,0,0.1,128.0,19,238.0245422397457,205.0,200.0,219.0,221.0,high_confidence,0.5,high_confidence,0.5,high_confidence,0.8706010721147817,strong_evidence,0.8642467449805388,True,True,239.0,50203.734375,13217.107421875,7112.0205078125,5.200579344856426,0.9754577602543009,3.5275590551181097,16.0,222,256,0.03315998842083445,strong_evidence,0.877002119093286,True,True,4.36246552226844,51168.5703125,12241.0576171875,4.18007756459335,36723.1728515625,31,239.0,200.0,199.722620325221,0.9754577602543009,0.27737967477901293,0.0,5.200579344856426,237,240,210,226,251,267,True,True,
flow07,262,0,0.1,128.0,19,237.99928118628554,205.0,200.0,219.0,221.0,high_confidence,0.5,high_confidence,0.5,high_confidence,0.8580307038974971,strong_evidence,0.8464135937689166,True,True,240.0,45168.59375,15197.1318359375,2777.963134765625,10.789006354683384,2.0007188137144567,3.5275590551181097,16.0,221,255,0.0262242706327811,strong_evidence,0.8698072600093807,True,True,4.36246552226844,49851.5,12224.376953125,4.078040148071197,36673.130859375,31,240.0,200.0,199.722620325221,2.0007188137144567,0.27737967477901293,0.0,10.789006354683384,237,240,210,226,251,267,True,True,
flow07,263,0,0.1,128.0,19,237.97305691565276,205.0,200.0,219.0,221.0,high_confidence,0.5611837784796934,high_confidence,0.5611837784796934,high_confidence,0.9286624787199398,strong_evidence,0.9284814861990499,True,True,237.0,42275.93359375,10037.263671875,2963.036376953125,10.880281515485766,-0.9730569156527622,3.5275590551181097,16.0,221,255,0.03675405225249051,strong_evidence,0.9288435065224083,True,True,4.36246552226844,48215.3359375,7871.05615234375,6.125650103911787,23613.16845703125,52,237.0,198.0,199.73312050869816,-0.9730569156527622,-1.733120508698164,0.0,10.880281515485766,237,240,210,226,251,267,True,True,
flow07,264,0,0.1,128.0,19,237.93630286340027,205.0,200.0,219.0,221.0,model_assisted,0.003754006017188647,model_assisted,0.003754006017188647,model_assisted,0.0,strong_evidence,0.9954755143203786,True,True,238.0,45607.3203125,12667.3642578125,1885.8309326171875,17.467078031736854,0.06369713659972831,3.5275590551181097,16.0,221,255,0.055944196915390876,weak_evidence,0.0,True,False,4.36246552226844,46474.6015625,1111.7755126953125,41.80214533582428,4647.46015625,135,238.0,183.0,199.7547952138356,0.06369713659972831,-16.754795213835592,1.0,17.467078031736854,237,240,210,226,251,267,True,True,UPPER_SEED_TRAJECTORY_OUTLIER;Z_EDGE_EVIDENCE_WEAK
flow07,265,0,0.1,128.0,19,237.88035866648488,205.0,200.0,219.0,221.0,high_confidence,0.5,high_confidence,0.5,high_confidence,0.8174178117423033,strong_evidence,0.7044322481835076,True,True,236.0,40616.70703125,14722.103515625,6379.1884765625,4.059231610848816,-1.8803586664848808,3.5275590551181097,16.0,221,255,0.08065919989877557,strong_evidence,0.9485253985412576,True,True,4.36246552226844,45087.2890625,8010.84814453125,5.628279084690883,24032.54443359375,44,236.0,199.0,199.7874167086511,-1.8803586664848808,-0.7874167086511079,0.0,4.059231610848816,237,240,210,226,251,267,True,True,
flow07,266,0,0.1,128.0,19,237.7996994665861,205.0,200.0,219.0,221.0,high_confidence,0.56335381502958,high_confidence,0.56335381502958,high_confidence,0.8918229477599388,strong_evidence,0.86308091703887,True,True,236.0,43771.80078125,11284.796875,2745.2900390625,11.833723739202476,-1.7996994665861052,3.5275590551181097,16.0,221,255,0.10516846401475277,strong_evidence,0.9215221359313253,True,True,4.36246552226844,44450.19140625,9280.4970703125,4.78963476519402,27841.4912109375,30,236.0,200.0,199.8282599872174,-1.7996994665861052,0.17174001278260675,0.0,11.833723739202476,237,240,210,226,251,267,True,True,
flow07,267,0,0.1,128.0,19,237.69453100257135,205.0,200.0,219.0,221.0,high_confidence,0.7355720384130282,high_confidence,0.7355720384130282,high_confidence,0.9522232597206096,strong_evidence,0.949503255157757,True,True,237.0,39812.390625,13465.0869140625,2264.2138671875,11.636402414434853,-0.6945310025713525,3.5275590551181097,16.0,221,255,0.12204382486277154,strong_evidence,0.9549510561733602,True,True,4.36246552226844,44570.1796875,8404.94140625,5.3028543012039515,25214.82421875,30,237.0,200.0,199.87206840708336,-0.6945310025713525,0.1279315929166387,0.0,11.636402414434853,237,240,210,226,251,267,True,True,
flow07,268,0,0.1,128.0,19,237.57248717770858,205.0,200.0,219.0,221.0,high_confidence,0.5,high_confidence,0.5,high_confidence,0.8348699120336529,strong_evidence,0.958569274519305,True,True,237.0,44073.4375,14460.884765625,3251.216552734375,9.108145290866558,-0.5724871777085809,3.5275590551181097,16.0,221,255,0.12419904916032465,strong_evidence,0.7271334357849188,True,True,4.36246552226844,45074.0,12626.244140625,3.5698660265069795,37878.732421875,21,237.0,203.0,199.91279128018556,-0.5724871777085809,3.0872087198144413,0.0,9.108145290866558,237,240,210,226,251,267,True,True,
flow07,269,0,0.1,128.0,19,237.44828812854826,204.0,200.0,219.0,221.0,model_assisted,0.0004767158090381319,model_assisted,0.0004767158090381319,model_assisted,0.0,strong_evidence,0.9677082000018709,True,True,237.0,40688.51171875,13102.353515625,2091.817626953125,13.187649749039604,-0.4482881285482563,3.5275590551181097,16.0,221,255,0.12419904916032465,weak_evidence,0.0,True,False,4.36246552226844,45710.29296875,4078.523193359375,11.207559894026152,12235.569580078125,106,237.0,177.0,199.94577009842476,-0.4482881285482563,-22.94577009842476,1.0,13.187649749039604,236,239,209,225,250,266,True,True,UPPER_SEED_TRAJECTORY_OUTLIER;Z_EDGE_EVIDENCE_WEAK
flow07,270,0,0.1,128.0,19,237.34064774004472,204.0,200.0,219.0,221.0,high_confidence,0.5,high_confidence,0.5,high_confidence,0.8452145618249263,strong_evidence,0.874529377892199,True,True,239.0,46411.02734375,14854.7109375,3654.677001953125,8.634502143249797,1.6593522599552841,3.5275590551181097,16.0,221,255,0.10764038850354041,strong_evidence,0.8168823982136857,True,True,4.36246552226844,46590.61328125,5800.48828125,8.03218815765106,17401.46484375,61,239.0,196.0,199.96894449320115,1.6593522599552841,-3.9689444932011497,0.0,8.634502143249797,236,239,209,225,250,266,True,True,
flow07,271,0,0.1,128.0,19,237.26783614204416,203.0,200.0,219.0,221.0,high_confidence,0.5,high_confidence,0.5,high_confidence,0.9093465543743551,strong_evidence,0.9466901870792065,True,True,238.0,45742.5703125,12926.40234375,3201.4365234375,10.250450923672876,0.7321638579558396,3.5275590551181097,16.0,221,255,0.07281159800055548,strong_evidence,0.8734759979965092,True,True,4.36246552226844,46864.328125,11696.8623046875,4.006572609324399,35090.5869140625,27,238.0,200.0,199.98256253467565,0.7321638579558396,0.017437465324348977,0.0,10.250450923672876,236,239,209,225,250,266,True,True,
flow07,272,0,0.1,128.0,19,237.24332584516944,203.0,200.0,219.0,221.0,high_confidence,0.5,high_confidence,0.5,high_confidence,0.9168982250642174,strong_evidence,0.94485353075067,True,True,238.0,44383.9453125,14143.39453125,3365.381103515625,8.98577303760914,0.7566741548305629,3.5275590551181097,16.0,221,255,0.02978639159343288,strong_evidence,0.8897700307665556,True,True,4.36246552226844,46774.84375,11051.4931640625,4.232445612155244,33154.4794921875,30,238.0,200.0,199.987817674547,0.7566741548305629,0.012182325453011345,0.0,8.98577303760914,236,239,209,225,250,266,True,True,
flow07,273,0,0.1,128.0,19,237.27311223676287,203.0,200.0,219.0,221.0,high_confidence,0.5,high_confidence,0.5,high_confidence,0.8912950992031483,strong_evidence,0.9090676748001861,True,True,238.0,45118.51953125,14068.10546875,5616.96484375,5.527970162934135,0.72688776323713,3.5275590551181097,16.0,221,255,0.08206658365406838,strong_evidence,0.8738699833740775,True,True,4.36246552226844,46465.140625,11585.38671875,4.010668072892204,34756.16015625,26,238.0,200.0,199.98544688666863,0.72688776323713,0.01455311333137388,0.0,5.527970162934135,236,239,209,225,250,266,True,True,
flow07,274,0,0.1,128.0,19,237.35517882041694,203.0,200.0,219.0,221.0,high_confidence,0.5,high_confidence,0.5,high_confidence,0.9125011584823342,strong_evidence,0.9745032444509187,True,True,237.0,41259.015625,11832.1552734375,2735.98193359375,10.75550243597914,-0.3551788204169384,3.5275590551181097,16.0,221,255,0.12584259480308901,strong_evidence,0.8544439117806746,True,True,4.36246552226844,46418.515625,10944.8076171875,4.24114495645454,32834.4228515625,25,237.0,201.0,199.97489327321347,-0.3551788204169384,1.0251067267865324,0.0,10.75550243597914,236,239,209,225,250,266,True,True,
flow07,275,0,0.1,128.0,19,237.48102141522003,203.0,200.0,219.0,221.0,high_confidence,0.5,high_confidence,0.5,high_confidence,0.8948040718496553,strong_evidence,0.9653079867206246,True,True,237.0,43447.19921875,11759.392578125,3661.78515625,8.653649869801807,-0.4810214152200274,3.5275590551181097,16.0,221,255,0.1575637436898205,strong_evidence,0.829449603663593,True,True,4.36246552226844,46760.29296875,12020.201171875,3.8901422946364868,36060.603515625,24,237.0,201.0,199.95430077529824,-0.4810214152200274,1.0456992247017638,0.0,8.653649869801807,236,239,209,225,250,266,True,True,
flow07,276,0,0.1,128.0,19,237.63858515890985,203.0,200.0,219.0,221.0,high_confidence,0.5270834182712651,high_confidence,0.5270834182712651,high_confidence,0.9369076219921858,strong_evidence,0.9536698880523248,True,True,237.0,42640.06640625,17001.078125,2563.906982421875,9.999968195816264,-0.6385851589098479,3.5275590551181097,16.0,221,255,0.17718489937146842,strong_evidence,0.9204399794354109,True,True,4.36246552226844,47471.25,5350.52978515625,8.872252264008976,16051.58935546875,59,237.0,198.0,199.9211798208118,-0.6385851589098479,-1.9211798208118012,0.0,9.999968195816264,237,240,210,226,251,267,True,True,
flow07,277,0,0.1,128.0,19,237.81577005828132,203.0,200.0,219.0,221.0,high_confidence,0.8831435453095843,high_confidence,0.8831435453095843,high_confidence,0.9673889819144929,strong_evidence,0.9404104837249838,True,True,237.0,41006.3984375,17789.93359375,2520.252685546875,9.211959172543134,-0.8157700582813163,3.5275590551181097,16.0,221,255,0.18714489392607447,strong_evidence,0.9951414393241058,True,True,4.36246552226844,48597.0703125,7981.9013671875,6.0884077711453415,23945.7041015625,45,237.0,200.0,199.8734450507319,-0.8157700582813163,0.12655494926809752,0.0,9.211959172543134,237,240,210,226,251,267,True,True,
flow07,278,0,0.1,128.0,19,238.0029149522074,203.0,200.0,219.0,221.0,model_assisted,0.10329850211784884,model_assisted,0.10329850211784884,model_assisted,0.7474276203994129,strong_evidence,0.9261996329746573,True,True,237.0,41784.84765625,11389.79296875,2550.30517578125,11.918202957098616,-1.0029149522073908,3.5275590551181097,16.0,222,256,0.19042955626048297,weak_evidence,0.6031615948083783,True,False,4.36246552226844,50089.83203125,3700.11572265625,13.537369040796206,11100.34716796875,97,237.0,193.0,199.81039720981875,-1.0029149522073908,-6.8103972098187455,1.0,11.918202957098616,237,240,210,226,251,267,True,True,UPPER_SEED_TRAJECTORY_OUTLIER;Z_EDGE_EVIDENCE_WEAK
flow07,279,0,0.1,128.0,19,238.19334450846787,203.0,200.0,219.0,221.0,high_confidence,0.5,high_confidence,0.5,high_confidence,0.8355515238745529,strong_evidence,0.8451703450946246,True,True,237.0,44340.8046875,16805.79296875,5337.89794921875,5.158399800951608,-1.1933445084678738,3.5275590551181097,16.0,222,256,0.19042955626048297,strong_evidence,0.8260421737477356,True,True,4.36246552226844,51520.72265625,13022.4013671875,3.9563150607588082,39067.2041015625,17,237.0,201.0,199.7331834636053,-1.1933445084678738,1.266816536394714,0.0,5.158399800951608,237,240,210,226,251,267,True,True,
flow07,280,0,0.1,128.0,19,238.38239485345565,203.0,200.0,219.0,221.0,model_assisted,0.07821967375362571,model_assisted,0.07821967375362571,model_assisted,0.6962127906695131,strong_evidence,0.9725219502728072,True,True,238.0,47708.375,12736.7431640625,2997.835205078125,11.665628509765307,-0.3823948534556507,3.5275590551181097,16.0,222,256,0.18905034498777695,weak_evidence,0.4984075164122127,True,False,4.36246552226844,52175.8359375,2306.98486328125,22.616462191819384,6920.95458984375,118,238.0,192.0,199.6447022416358,-0.3823948534556507,-7.644702241635798,1.0,11.665628509765307,237,240,210,226,251,267,True,True,UPPER_SEED_TRAJECTORY_OUTLIER;Z_EDGE_EVIDENCE_WEAK
flow07,281,0,0.1,128.0,19,238.56649226927541,203.0,200.0,219.0,221.0,model_assisted,0.1572869402917181,model_assisted,0.1572869402917181,model_assisted,0.7983429103412624,strong_evidence,0.8926438698304925,True,True,240.0,49530.01171875,16297.775390625,1825.0914306640625,18.20853233420388,1.4335077307245854,3.5275590551181097,16.0,222,256,0.1840974158197639,weak_evidence,0.7140041219497604,True,False,4.36246552226844,51644.90625,5807.5556640625,8.892709641955179,17422.6669921875,67,240.0,194.0,199.54905048972475,1.4335077307245854,-5.549050489724749,1.0,18.20853233420388,238,241,211,227,252,268,True,True,UPPER_SEED_TRAJECTORY_OUTLIER;Z_EDGE_EVIDENCE_WEAK
flow07,282,0,0.1,128.0,19,238.74344774134744,211.0,199.0,218.0,220.0,high_confidence,0.6077684649179562,high_confidence,0.6077684649179562,high_confidence,0.9611989479188869,strong_evidence,0.9816496360622592,True,True,239.0,44974.0625,13929.619140625,3149.19287109375,9.857904748969192,0.2565522586525617,3.5275590551181097,16.0,222,256,0.17695547207202367,strong_evidence,0.941174308571514,True,True,4.36246552226844,46745.21875,6912.6484375,6.762273414110682,20737.9453125,61,239.0,198.0,199.45094951027528,0.2565522586525617,-1.4509495102752794,0.0,9.857904748969192,238,241,211,227,252,268,True,True,
flow07,283,0,0.1,128.0,19,238.91334589166803,213.0,199.0,218.0,220.0,model_assisted,0.02413701744533779,model_assisted,0.02413701744533779,model_assisted,0.48598072076333715,strong_evidence,0.6774881836759419,True,True,241.0,45741.09765625,16655.76171875,7437.67578125,3.9105409798612953,2.0866541083319703,3.5275590551181097,16.0,222,256,0.1698981503205914,weak_evidence,0.3486072032610117,True,False,4.36246552226844,49113.32421875,2815.45166015625,17.444207944960542,8446.35498046875,128,241.0,191.0,199.3552977583642,2.0866541083319703,-8.355297758364202,1.0,3.9105409798612953,238,241,211,227,252,268,True,True,UPPER_SEED_TRAJECTORY_OUTLIER;Z_EDGE_EVIDENCE_WEAK
flow07,284,0,0.1,128.0,19,239.0784630614059,213.0,199.0,218.0,220.0,high_confidence,0.5,high_confidence,0.5,high_confidence,0.8858355339300847,strong_evidence,0.8530177580414694,True,True,241.0,45167.24609375,15278.1298828125,3408.509765625,8.768968923712881,1.9215369385941017,3.5275590551181097,16.0,223,257,0.1651171697378686,strong_evidence,0.9199158936326035,True,True,4.36246552226844,51109.71484375,10607.6552734375,4.818191534912829,31822.9658203125,46,241.0,199.0,199.26681653639474,1.9215369385941017,-0.26681653639474234,0.0,8.768968923712881,238,241,211,227,252,268,True,True,
flow07,285,0,0.1,128.0,19,239.24109765845722,213.0,199.0,218.0,220.0,model_assisted,0.001667338180319838,model_assisted,0.001667338180319838,model_assisted,0.0,strong_evidence,0.9446863865855561,True,True,240.0,45266.65234375,10159.8125,2751.049072265625,12.761255405319899,0.7589023415427789,3.5275590551181097,16.0,223,257,0.16263459705132277,weak_evidence,0.0,True,False,4.36246552226844,53073.5703125,3681.37744140625,14.416769580743239,11044.13232421875,122,240.0,180.0,199.18958048450986,0.7589023415427789,-19.18958048450986,1.0,12.761255405319899,238,241,211,227,252,268,True,True,UPPER_SEED_TRAJECTORY_OUTLIER;Z_EDGE_EVIDENCE_WEAK
flow07,286,0,0.1,128.0,19,239.40056973794424,213.0,199.0,218.0,220.0,model_assisted,0.0017028204264344297,model_assisted,0.0017028204264344297,model_assisted,0.0,strong_evidence,0.9711965898632067,True,True,239.0,48404.03125,10926.4443359375,1907.68701171875,19.645563807815982,-0.4005697379442381,3.5275590551181097,16.0,223,257,0.15947207948701703,weak_evidence,0.0,True,False,4.36246552226844,54711.7265625,3318.540771484375,16.486682047913362,9955.622314453125,122,239.0,180.0,199.126407984871,-0.4005697379442381,-19.12640798487101,1.0,19.645563807815982,238,241,211,227,252,268,True,True,UPPER_SEED_TRAJECTORY_OUTLIER;Z_EDGE_EVIDENCE_WEAK
flow07,287,0,0.1,128.0,19,239.55171187145174,213.0,199.0,218.0,220.0,high_confidence,0.5,high_confidence,0.5,high_confidence,0.9102680039421821,strong_evidence,0.9587599076391692,True,True,239.0,48835.3203125,11750.595703125,6198.1298828125,5.9832119220688575,-0.5517118714517437,3.5275590551181097,16.0,223,257,0.1511421335075056,strong_evidence,0.8642287108575308,True,True,4.36246552226844,55899.72265625,12908.6953125,4.330392909817934,38726.0859375,25,239.0,200.0,199.07825606622234,-0.5517118714517437,0.9217439337776625,0.0,5.9832119220688575,239,242,212,228,253,269,True,True,
flow07,288,0,0.1,128.0,19,239.68629534430255,213.0,199.0,218.0,220.0,model_assisted,5.8819253938278886e-05,model_assisted,5.8819253938278886e-05,model_assisted,0.0,strong_evidence,0.8776249198511934,True,True,240.0,44566.13671875,14115.3603515625,6296.162109375,4.836402849578193,0.31370465569744965,3.5275590551181097,16.0,223,257,0.13458347285080663,weak_evidence,0.0,True,False,4.36246552226844,56490.71484375,1625.04833984375,34.76248272662562,5649.071484375,147,240.0,172.0,199.04388234174087,0.31370465569744965,-27.04388234174087,1.0,4.836402849578193,239,242,212,228,253,269,True,True,UPPER_SEED_TRAJECTORY_OUTLIER;Z_EDGE_EVIDENCE_WEAK
flow07,289,0,0.1,128.0,19,239.79657980827005,214.0,199.0,218.0,220.0,model_assisted,0.0013208276213197657,model_assisted,0.0013208276213197657,model_assisted,0.0,strong_evidence,0.9317890385782793,True,True,240.0,49109.109375,12412.3662109375,6841.24267578125,5.364046402559728,0.20342019172994696,3.5275590551181097,16.0,223,257,0.11028446396750269,weak_evidence,0.0,True,False,4.36246552226844,56349.0859375,3105.454833984375,18.145195776427613,9316.364501953125,126,240.0,181.0,199.0198908284057,0.20342019172994696,-18.019890828405693,1.0,5.364046402559728,239,242,212,228,253,269,True,True,UPPER_SEED_TRAJECTORY_OUTLIER;Z_EDGE_EVIDENCE_WEAK
flow07,290,0,0.1,128.0,19,239.87871633294725,214.0,199.0,218.0,220.0,high_confidence,0.5,high_confidence,0.5,high_confidence,0.9388791677967786,strong_evidence,0.9913672997860868,True,True,240.0,47102.6015625,13281.5869140625,4030.88671875,8.390465177578987,0.12128366705275084,3.5275590551181097,16.0,223,257,0.08213652467719612,strong_evidence,0.8891700300312272,True,True,4.36246552226844,55280.65234375,13104.2841796875,4.218517515778438,39312.8525390625,33,240.0,199.0,199.00108795860345,0.12128366705275084,-0.001087958603449124,0.0,8.390465177578987,239,242,212,228,253,269,True,True,
flow07,291,0,0.1,128.0,19,239.93390201879873,214.0,199.0,218.0,220.0,high_confidence,0.5,high_confidence,0.5,high_confidence,0.8842579277197689,strong_evidence,0.8519898214283961,True,True,238.0,47592.1875,15700.9697265625,4494.556640625,7.095520275611166,-1.933902018798733,3.5275590551181097,16.0,223,257,0.05518568585148387,strong_evidence,0.9177481503527263,True,True,4.36246552226844,53328.8125,4857.533203125,10.978579099715045,14572.599609375,103,238.0,197.0,198.98069818310765,-1.933902018798733,-1.9806981831076484,0.0,7.095520275611166,239,242,212,228,253,269,True,True,
flow07,292,0,0.1,128.0,19,239.9672221019855,209.0,199.0,218.0,220.0,high_confidence,0.5,high_confidence,0.5,high_confidence,0.9047662821583364,strong_evidence,0.928926747895215,True,True,239.0,48207.44140625,11311.54296875,2164.09716796875,17.04909510700528,-0.9672221019854987,3.5275590551181097,16.0,223,257,0.033320083186765714,strong_evidence,0.8812342062336207,True,True,4.36246552226844,52874.55859375,12804.2275390625,4.129461026246443,38412.6826171875,33,239.0,199.0,198.95055711880556,-0.9672221019854987,0.049442881194437405,0.0,17.04909510700528,239,242,212,228,253,269,True,True,
flow07,293,0,0.1,128.0,19,239.98526421351914,209.0,199.0,218.0,220.0,model_assisted,1.1057758825808317e-06,model_assisted,1.1057758825808317e-06,model_assisted,0.0,strong_evidence,0.9275492411379396,True,True,239.0,47596.625,11727.15625,5429.0517578125,6.606949122999834,-0.9852642135191445,3.5275590551181097,16.0,223,257,0.018042111533645766,weak_evidence,0.0,True,False,4.36246552226844,52046.0703125,223.71006774902344,232.6496560310804,5204.607031250001,157,239.0,159.0,198.90150063829188,-0.9852642135191445,-39.90150063829188,1.0,6.606949122999834,239,242,212,228,253,269,True,True,UPPER_SEED_TRAJECTORY_OUTLIER;Z_EDGE_EVIDENCE_WEAK
flow07,294,0,0.1,128.0,19,239.9940050915668,209.0,199.0,218.0,220.0,high_confidence,0.5,high_confidence,0.5,high_confidence,0.9253717388698375,strong_evidence,0.9259639322495188,True,True,241.0,42305.5546875,13824.2939453125,3770.54931640625,7.5536104562433595,1.0059949084331947,3.5275590551181097,16.0,223,257,0.008740878047660772,strong_evidence,0.9247799242230492,True,True,4.36246552226844,50580.57421875,7941.58447265625,6.369078411607216,23824.75341796875,59,241.0,197.0,198.82448470607724,1.0059949084331947,-1.824484706077243,0.0,7.5536104562433595,239,242,212,228,253,269,True,True,
flow07,295,0,0.1,128.0,19,239.99780386150712,209.0,199.0,218.0,220.0,high_confidence,0.5,high_confidence,0.5,high_confidence,0.9214678659644926,strong_evidence,0.9998443463744814,True,True,240.0,47281.6953125,11708.306640625,4375.23291015625,8.130627420839314,0.002196138492877253,3.5275590551181097,16.0,223,257,0.00379876994031747,strong_evidence,0.8492352145452181,True,True,4.36246552226844,48735.65234375,12824.9287109375,3.800071988095085,38474.7861328125,31,240.0,199.0,198.71240628853556,0.002196138492877253,0.2875937114644387,0.0,8.130627420839314,239,242,212,228,253,269,True,True,
flow07,296,0,0.1,128.0,19,239.99932579762827,210.0,199.0,218.0,220.0,high_confidence,0.5,high_confidence,0.5,high_confidence,0.8940810827778323,strong_evidence,0.9263710738170209,True,True,241.0,44906.44921875,14298.8076171875,1953.676513671875,15.666688618801267,1.0006742023717266,3.5275590551181097,16.0,223,257,0.001521936121150702,strong_evidence,0.8629166056399087,True,True,4.36246552226844,46178.71484375,11376.763671875,4.0590378929915225,34130.291015625,31,241.0,199.0,198.56205538025685,1.0006742023717266,0.43794461974314913,0.0,15.666688618801267,239,242,212,228,253,269,True,True,
flow07,297,0,0.1,128.0,19,240.0,216.0,198.0,217.0,219.0,high_confidence,0.5,high_confidence,0.5,high_confidence,0.9639547135680856,strong_evidence,1.0,True,True,240.0,43602.8125,12372.583984375,4531.744140625,6.891436838999885,0.0,3.5275590551181097,16.0,224,257,0.0006742023717265511,strong_evidence,0.9292086898101299,True,True,4.36246552226844,49764.1640625,9597.6123046875,5.185056708135111,28792.8369140625,39,240.0,199.0,198.37533962319867,0.0,0.6246603768013301,0.0,6.891436838999885,239,242,212,228,253,269,True,True,
flow07,298,0,0.1,128.0,19,240.00067420237173,209.0,198.0,217.0,219.0,high_confidence,0.5,high_confidence,0.5,high_confidence,0.8909390451488073,strong_evidence,0.9999522177751654,True,True,240.0,42218.30078125,16207.3984375,3660.6181640625,7.105603801868121,-0.0006742023717265511,3.5275590551181097,16.0,224,258,0.001521936121150702,strong_evidence,0.7938103121934816,True,True,4.36246552226844,48716.06640625,12806.97265625,3.8038705722133175,38420.91796875,24,240.0,200.0,198.15901933830037,-0.0006742023717265511,1.840980661699632,0.0,7.105603801868121,239,242,212,228,253,269,True,True,
flow07,299,0,0.1,128.0,19,240.00219613849288,208.0,198.0,217.0,219.0,model_assisted,3.764461821801196e-05,model_assisted,3.764461821801196e-05,model_assisted,0.0,strong_evidence,0.9822562277788226,True,True,240.0,44250.34765625,11762.310546875,5610.3173828125,5.790766349316314,-0.002196138492877253,3.5275590551181097,16.0,224,258,0.00379876994031747,weak_evidence,0.0,True,False,4.36246552226844,52437.22265625,1414.0,37.08431588136492,5243.722265625001,149,240.0,169.0,197.92300031073867,-0.002196138492877253,-28.923000310738672,1.0,5.790766349316314,239,242,212,228,253,269,True,True,UPPER_SEED_TRAJECTORY_OUTLIER;Z_EDGE_EVIDENCE_WEAK
flow07,300,0,0.1,128.0,19,240.0059949084332,208.0,198.0,217.0,219.0,high_confidence,0.5329360394874844,high_confidence,0.5329360394874844,high_confidence,0.9493837796118055,strong_evidence,0.9259639322495188,True,True,239.0,46004.796875,12777.833984375,4973.5439453125,6.680741792166324,-1.0059949084331947,3.5275590551181097,16.0,224,258,0.008740878047717615,strong_evidence,0.9733959710507567,True,True,4.36246552226844,54226.15625,7874.986328125,6.88587306575185,23624.958984375,62,239.0,197.0,197.67799339429794,-1.0059949084331947,-0.6779933942979426,0.0,6.680741792166324,239,242,212,228,253,269,True,True,
flow07,301,0,0.1,128.0,19,240.0147357864809,208.0,197.0,216.0,218.0,high_confidence,0.5,high_confidence,0.5,high_confidence,0.8761815541743252,strong_evidence,0.927549241137944,True,True,241.0,46383.70703125,12158.734375,3228.748046875,10.60007537267432,0.9852642135190877,3.5275590551181097,16.0,224,258,0.017997500190858773,strong_evidence,0.8276586102679646,True,True,4.36246552226844,55207.796875,13314.8466796875,4.146333653185988,39944.5400390625,24,241.0,199.0,197.43325067692172,0.9852642135190877,1.5667493230782839,0.0,10.60007537267432,239,242,212,228,253,269,True,True,
flow07,302,0,0.1,128.0,19,240.03273328667177,208.0,197.0,216.0,218.0,high_confidence,0.5,high_confidence,0.5,high_confidence,0.9426497584698527,strong_evidence,0.9976774773822272,True,True,240.0,46776.015625,12377.3984375,4854.10546875,7.086499749326239,-0.03273328667177111,3.5275590551181097,16.0,224,258,0.03315998842083445,strong_evidence,0.8906571384921003,True,True,4.36246552226844,55424.38671875,11868.580078125,4.669841409327708,35605.740234375,27,240.0,198.0,197.19538991246964,-0.03273328667177111,0.8046100875303637,0.0,7.086499749326239,239,242,212,228,253,269,True,True,
flow07,303,0,0.1,128.0,19,240.0658932750926,209.0,197.0,216.0,218.0,high_confidence,0.6528730910634053,high_confidence,0.6528730910634053,high_confidence,0.9463722064285834,strong_evidence,0.931449790371436,True,True,241.0,48299.859375,11842.2783203125,4043.316650390625,9.016751396694428,0.9341067249073944,3.5275590551181097,16.0,224,258,0.05467157824568858,strong_evidence,0.9615336890497951,True,True,4.36246552226844,55172.69140625,7701.580078125,7.163814547998851,23104.740234375,61,241.0,196.0,196.96861461026396,0.9341067249073944,-0.9686146102639555,0.0,9.016751396694428,239,242,212,228,253,269,True,True,
flow07,304,0,0.1,128.0,19,240.1205648533383,209.0,197.0,216.0,218.0,high_confidence,0.5569061414633528,high_confidence,0.5569061414633528,high_confidence,0.9590953625039996,strong_evidence,0.991418684770063,True,True,240.0,49820.58203125,11735.0576171875,2715.630126953125,14.024562489588222,-0.12056485333829414,3.5275590551181097,16.0,224,258,0.08065919989877557,strong_evidence,0.9278258807377833,True,True,4.36246552226844,54741.40234375,6186.8642578125,8.848004427222557,18560.5927734375,75,240.0,195.0,196.75607568150275,-0.12056485333829414,-1.7560756815027503,0.0,14.024562489588222,239,242,212,228,253,269,True,True,
flow07,305,0,0.1,128.0,19,240.20122405323707,202.0,197.0,216.0,218.0,model_assisted,1.369771857349942e-15,model_assisted,1.369771857349942e-15,model_assisted,0.0,strong_evidence,0.9856359810279746,True,True,240.0,49322.0703125,10578.7626953125,4020.2919921875,9.636938732926883,-0.2012240532370697,3.5275590551181097,16.0,224,258,0.10648569402724206,weak_evidence,0.0,True,False,4.36246552226844,52377.53515625,422.9029541015625,123.85237475468483,5237.753515625001,222,240.0,94.0,196.5614518083718,-0.2012240532370697,-102.5614518083718,1.0,9.636938732926883,239,242,212,228,253,269,True,True,UPPER_SEED_TRAJECTORY_OUTLIER;Z_EDGE_EVIDENCE_WEAK
flow07,306,0,0.1,128.0,19,240.3077097472643,202.0,196.0,215.0,217.0,high_confidence,0.5453806675820393,high_confidence,0.5453806675820393,high_confidence,0.9814111392273128,strong_evidence,0.9779493293283357,True,True,240.0,45903.72265625,15338.84765625,4921.6572265625,6.210281129502357,-0.3077097472643118,3.5275590551181097,16.0,224,258,0.12579798346030202,strong_evidence,0.9848852034705768,True,True,4.36246552226844,51891.32421875,6644.7568359375,7.809363909014847,19934.2705078125,76,240.0,196.0,196.38967698366312,-0.3077097472643118,-0.3896769836631222,0.0,6.210281129502357,239,242,212,228,253,269,True,True,
flow07,307,0,0.1,128.0,19,240.4335077307246,202.0,196.0,215.0,217.0,high_confidence,0.6600268737454603,high_confidence,0.6600268737454603,high_confidence,0.9208338216961711,strong_evidence,0.8926438698304903,True,True,239.0,47063.3203125,15518.025390625,3074.078369140625,10.261708106906088,-1.4335077307246138,3.5275590551181097,16.0,224,258,0.1329845385507724,strong_evidence,0.9499140204038992,True,True,4.36246552226844,51439.12890625,5176.10888671875,9.937798843110969,15528.32666015625,94,239.0,195.0,196.24642418098338,-1.4335077307246138,-1.2464241809833823,0.0,10.261708106906088,239,242,212,228,253,269,True,True,
flow07,308,0,0.1,128.0,19,240.5664922692754,203.0,196.0,215.0,217.0,model_assisted,5.519658270493531e-08,model_assisted,5.519658270493531e-08,model_assisted,0.0,strong_evidence,0.9687900442172827,True,True,241.0,47991.94921875,11264.564453125,2110.7763671875,17.3999412427392,0.4335077307246138,3.5275590551181097,16.0,224,258,0.1329845385507724,weak_evidence,0.0,True,False,4.36246552226844,52450.60546875,1193.164306640625,43.95924783940747,5245.060546875,182,241.0,146.0,196.137094379297,0.4335077307246138,-50.137094379297,1.0,17.3999412427392,240,243,213,229,254,270,True,True,UPPER_SEED_TRAJECTORY_OUTLIER;Z_EDGE_EVIDENCE_WEAK
flow07,309,0,0.1,128.0,19,240.6922902527357,204.0,196.0,215.0,217.0,high_confidence,0.9781933119323742,high_confidence,0.9781933119323742,high_confidence,0.9876597452768827,strong_evidence,0.9779493293283357,True,True,241.0,48974.9453125,10305.751953125,1175.1971435546875,32.90443103223518,0.3077097472643118,3.5275590551181097,16.0,224,258,0.12579798346030202,strong_evidence,0.9974665794907387,True,True,4.36246552226844,53341.73046875,6339.13427734375,8.414671173537828,19017.40283203125,77,241.0,196.0,196.06614390405107,0.3077097472643118,-0.06614390405107429,0.0,32.90443103223518,240,243,213,229,254,270,True,True,
flow07,310,0,0.1,128.0,19,240.798775946763,206.0,196.0,215.0,217.0,high_confidence,0.5,high_confidence,0.5,high_confidence,0.9051397790644227,strong_evidence,0.9416903108105353,True,True,240.0,48789.9296875,11951.5908203125,3666.407470703125,10.047529949016504,-0.7987759467629871,3.5275590551181097,16.0,224,258,0.1064856940272989,strong_evidence,0.8700079104983247,True,True,4.36246552226844,53855.390625,10563.982421875,5.098019712100317,31691.947265625,36,240.0,198.0,196.03716519746317,-0.7987759467629871,1.9628348025368325,0.0,10.047529949016504,240,243,213,229,254,270,True,True,
flow07,311,0,0.1,128.0,19,240.87943514666176,206.0,196.0,215.0,217.0,high_confidence,0.5,high_confidence,0.5,high_confidence,0.8696254123426543,strong_evidence,0.9914186847700671,True,True,241.0,47529.8125,16149.9541015625,4676.37744140625,6.710292056537068,0.1205648533382373,3.5275590551181097,16.0,224,258,0.08065919989877557,strong_evidence,0.762794134717688,True,True,4.36246552226844,53269.58984375,13246.6728515625,4.021356188128903,39740.0185546875,24,241.0,199.0,196.05287217611792,0.1205648533382373,2.9471278238820844,0.0,6.710292056537068,240,243,213,229,254,270,True,True,
flow07,312,0,0.1,128.0,19,240.9341067249074,206.0,196.0,215.0,217.0,model_assisted,6.099003245029144e-05,model_assisted,6.099003245029144e-05,model_assisted,0.0,strong_evidence,0.9953191531305104,True,True,241.0,46779.30078125,12509.609375,2915.936767578125,11.752549570789633,0.06589327509260556,3.5275590551181097,16.0,224,258,0.054671578245631736,weak_evidence,0.0,True,False,4.36246552226844,52224.83984375,1505.2298583984375,34.695591209781846,5222.483984375001,153,241.0,167.0,196.1144003287905,0.06589327509260556,-29.11440032879051,1.0,11.752549570789633,240,243,213,229,254,270,True,True,UPPER_SEED_TRAJECTORY_OUTLIER;Z_EDGE_EVIDENCE_WEAK
flow07,313,0,0.1,128.0,19,240.96726671332829,206.0,196.0,215.0,217.0,high_confidence,0.5,high_confidence,0.5,high_confidence,0.91529738131684,strong_evidence,0.923915189531594,True,True,242.0,45743.59375,9784.4931640625,2282.72607421875,15.752700681900388,1.0327332866717143,3.5275590551181097,16.0,224,258,0.033159988420891295,strong_evidence,0.9067599556082595,True,True,4.36246552226844,51768.52734375,5792.84375,8.936634505936743,17378.53125,85,242.0,194.0,196.22005536318096,1.0327332866717143,-2.220055363180961,0.0,15.752700681900388,240,243,213,229,254,270,True,True,
flow07,314,0,0.1,128.0,19,240.98526421351914,207.0,196.0,215.0,217.0,model_assisted,5.441314080925155e-06,model_assisted,5.441314080925155e-06,model_assisted,0.0,strong_evidence,0.9989551210319014,True,True,241.0,47073.73046875,11380.935546875,2347.764404296875,15.202886139916806,0.014735786480855495,3.5275590551181097,16.0,224,258,0.017997500190858773,weak_evidence,0.0,True,False,4.36246552226844,52439.66796875,1618.0472412109375,32.409231716562516,5243.966796875,160,241.0,160.0,196.3644699018205,0.014735786480855495,-36.36446990182051,1.0,15.202886139916806,240,243,213,229,254,270,True,True,UPPER_SEED_TRAJECTORY_OUTLIER;Z_EDGE_EVIDENCE_WEAK
flow07,315,0,0.1,128.0,19,240.9940050915668,207.0,197.0,216.0,218.0,high_confidence,0.598692950802244,high_confidence,0.598692950802244,high_confidence,0.9679680357151723,strong_evidence,0.9995750473353978,True,True,241.0,47331.13671875,11733.53125,2997.110595703125,11.877307937780243,0.005994908433194723,3.5275590551181097,16.0,224,258,0.008740878047660772,strong_evidence,0.9373604519880542,True,True,4.36246552226844,53354.83984375,6009.38623046875,8.878583901502394,18028.15869140625,81,241.0,195.0,196.53901924588135,0.005994908433194723,-1.5390192458813488,0.0,11.877307937780243,240,243,213,229,254,270,True,True,
flow07,316,0,0.1,128.0,19,240.99780386150712,206.0,197.0,216.0,218.0,high_confidence,0.5,high_confidence,0.5,high_confidence,0.8618873008827572,strong_evidence,0.926590638628739,True,True,240.0,49668.05078125,12737.7158203125,3316.1923828125,11.136366862291768,-0.9978038615071227,3.5275590551181097,16.0,224,258,0.00379876994031747,strong_evidence,0.8017021632360837,True,True,4.36246552226844,53965.93359375,12920.947265625,4.176623623975422,38762.841796875,21,240.0,199.0,196.73350077885914,-0.9978038615071227,2.2664992211408617,0.0,11.136366862291768,240,243,213,229,254,270,True,True,
flow07,317,0,0.1,128.0,19,240.99928118628554,206.0,197.0,216.0,218.0,model_assisted,0.05083042246695831,model_assisted,0.05083042246695831,model_assisted,0.0,strong_evidence,0.9999490559893316,True,True,241.0,46744.0390625,18148.203125,2668.061767578125,10.717831305478827,0.0007188137144567008,3.5275590551181097,16.0,224,258,0.0014773247784205523,weak_evidence,0.0,True,False,4.36246552226844,53744.1953125,3524.626708984375,15.248194986295854,10573.880126953125,103,241.0,188.0,196.93778070856234,0.0007188137144567008,-8.937780708562343,1.0,10.717831305478827,240,243,213,229,254,270,True,True,UPPER_SEED_TRAJECTORY_OUTLIER;Z_EDGE_EVIDENCE_WEAK
flow07,318,0,0.1,128.0,19,240.99979529389134,201.0,197.0,216.0,218.0,high_confidence,0.5,high_confidence,0.5,high_confidence,0.9183598996442711,strong_evidence,0.9264383108629511,True,True,240.0,49221.3203125,12986.0439453125,3202.266845703125,11.315508080099203,-0.9997952938913386,3.5275590551181097,16.0,224,258,0.0005141076057952887,strong_evidence,0.9103519310304067,True,True,4.36246552226844,52503.67578125,4050.031005859375,12.963771315649288,12150.093017578125,95,240.0,195.0,197.1424448549528,-0.9997952938913386,-2.1424448549527995,0.0,11.315508080099203,240,243,213,229,254,270,True,True,
flow07,319,0,0.1,128.0,19,240.9999553886572,201.0,197.0,216.0,218.0,high_confidence,0.7562983741174643,high_confidence,0.7562983741174643,high_confidence,0.9561866419234274,strong_evidence,0.9264260638771736,True,True,240.0,48324.55859375,13403.310546875,4124.93994140625,8.465880362604711,-0.999955388657213,3.5275590551181097,16.0,224,258,0.00016009476587441895,strong_evidence,0.9869032509366213,True,True,4.36246552226844,53444.6875,8233.2353515625,6.4913348420019705,24699.7060546875,45,240.0,197.0,197.33833467019625,-0.999955388657213,-0.33833467019624663,0.0,8.465880362604711,240,243,213,229,254,270,True,True,
flow07,320,0,0.1,128.0,19,241.0,200.0,198.0,217.0,219.0,high_confidence,0.5,high_confidence,0.5,high_confidence,0.883213589132881,strong_evidence,0.9264226511541201,True,True,242.0,46525.09765625,11386.365234375,4239.23193359375,8.288938414390229,1.0,3.5275590551181097,16.0,225,258,4.461134278699319e-05,strong_evidence,0.8420198308592663,True,True,4.36246552226844,52366.03515625,4681.24853515625,11.18633944832885,14043.74560546875,97,242.0,194.0,197.51623561989535,1.0,-3.5162356198953546,0.0,8.288938414390229,240,243,213,229,254,270,True,True,
flow07,321,0,0.1,128.0,19,241.0,201.0,198.0,217.0,219.0,high_confidence,0.5,high_confidence,0.5,high_confidence,0.9194498150161144,strong_evidence,0.9264226511541201,True,True,240.0,46179.1640625,11043.1875,3871.64404296875,9.075208405666853,-1.0,3.5275590551181097,16.0,225,258,0.0,strong_evidence,0.9125294608027971,True,True,4.36246552226844,53522.9921875,11292.134765625,4.739847096975166,33876.404296875,31,240.0,198.0,197.66753523729923,-1.0,0.3324647627007664,0.0,9.075208405666853,240,243,213,229,254,270,True,True,
flow07,322,0,0.1,128.0,19,241.0,201.0,198.0,217.0,219.0,model_assisted,0.022360270270294563,model_assisted,0.022360270270294563,model_assisted,0.0,strong_evidence,0.9264226511541201,True,True,242.0,45627.109375,14358.001953125,3838.97412109375,8.145172755935697,1.0,3.5275590551181097,16.0,225,258,0.0,weak_evidence,0.0,True,False,4.36246552226844,53349.0859375,3672.63330078125,14.526112891845607,11017.89990234375,125,242.0,187.0,197.78592970732143,1.0,-10.78592970732143,1.0,8.145172755935697,240,243,213,229,254,270,True,True,UPPER_SEED_TRAJECTORY_OUTLIER;Z_EDGE_EVIDENCE_WEAK
flow07,323,0,0.1,128.0,19,241.0,202.0,198.0,217.0,219.0,model_assisted,0.0033638511062485145,model_assisted,0.0033638511062485145,model_assisted,0.0,strong_evidence,0.8924176948153582,True,True,241.0,48232.74609375,11396.986328125,7708.7158203125,4.778456052117346,0.0,3.5275590551181097,16.0,225,258,0.0,weak_evidence,0.0,True,False,4.36246552226844,53542.18359375,3003.71630859375,17.82531307652581,9011.14892578125,130,241.0,183.0,197.86860359537962,0.0,-14.868603595379625,2.0,4.778456052117346,240,243,213,229,254,270,True,True,UPPER_SEED_TRAJECTORY_OUTLIER;Z_EDGE_EVIDENCE_WEAK
flow07,324,0,0.1,128.0,19,241.0,202.0,198.0,217.0,219.0,model_assisted,0.004720864642325503,model_assisted,0.004720864642325503,model_assisted,0.0,strong_evidence,1.0,True,True,241.0,48061.1328125,15500.28125,4779.7255859375,6.812284717410923,0.0,3.5275590551181097,16.0,225,258,0.0,weak_evidence,0.0,True,False,4.36246552226844,53279.67578125,3274.070068359375,16.2732240510504,9822.210205078125,130,241.0,183.0,197.91571732382994,0.0,-14.915717323829938,2.0,6.812284717410923,240,243,213,229,254,270,True,True,UPPER_SEED_TRAJECTORY_OUTLIER;Z_EDGE_EVIDENCE_WEAK
flow07,325,0,0.1,128.0,19,241.0,202.0,198.0,217.0,219.0,model_assisted,0.008198698625143705,model_assisted,0.008198698625143705,model_assisted,0.0,strong_evidence,1.0,True,True,241.0,48156.65234375,11590.830078125,5995.14404296875,6.0992399854863,0.0,3.5275590551181097,16.0,225,258,0.0,weak_evidence,0.0,True,False,4.36246552226844,52396.41796875,4094.314208984375,12.797361241541674,12282.942626953125,107,241.0,185.0,197.92807675831173,0.0,-12.928076758311732,1.0,6.0992399854863,240,243,213,229,254,270,True,True,UPPER_SEED_TRAJECTORY_OUTLIER;Z_EDGE_EVIDENCE_WEAK
flow07,326,0,0.1,128.0,19,241.0,207.0,198.0,217.0,219.0,high_confidence,0.5,high_confidence,0.5,high_confidence,0.9129807850460893,strong_evidence,0.9264226511541201,True,True,242.0,47332.37890625,10499.4345703125,4395.6923828125,8.379327106682256,1.0,3.5275590551181097,16.0,225,258,0.0,strong_evidence,0.8997339527751964,True,True,4.36246552226844,51488.37890625,11652.9619140625,4.418479978392028,34958.8857421875,38,242.0,198.0,197.9045104932199,1.0,0.0954895067800976,0.0,8.379327106682256,240,243,213,229,254,270,True,True,
flow07,327,0,0.1,128.0,19,241.0,206.0,198.0,217.0,219.0,high_confidence,0.5,high_confidence,0.5,high_confidence,0.8963855452574081,strong_evidence,0.8873400890595874,True,True,242.0,47161.46484375,18174.28125,5266.14599609375,5.504439796247905,1.0,3.5275590551181097,16.0,225,258,4.461134278699319e-05,strong_evidence,0.9055232099318158,True,True,4.36246552226844,51049.9453125,11249.7236328125,4.537884394208643,33749.1708984375,39,242.0,198.0,197.8406846458854,1.0,0.15931535411459663,0.0,5.504439796247905,240,243,213,229,254,270,True,True,
flow07,328,0,0.1,128.0,19,241.0000446113428,206.0,198.0,217.0,219.0,high_confidence,0.5,high_confidence,0.5,high_confidence,0.9055120639723219,strong_evidence,0.9999968383652398,True,True,241.0,48243.5546875,11277.380859375,5279.81884765625,7.001409498080517,-4.461134278699319e-05,3.5275590551181097,16.0,225,259,0.00016009476587441895,strong_evidence,0.8199546903966652,True,True,4.36246552226844,50493.61328125,13044.794921875,3.870786285538039,39134.384765625,22,241.0,199.0,197.73068653317745,-4.461134278699319e-05,1.2693134668225525,0.0,7.001409498080517,240,243,213,229,254,270,True,True,
flow07,329,0,0.1,128.0,19,241.00020470610866,206.0,198.0,217.0,219.0,high_confidence,0.5,high_confidence,0.5,high_confidence,0.9116690890610766,strong_evidence,0.9264383108629511,True,True,242.0,45653.28515625,15431.8447265625,4260.87939453125,7.092770677451253,0.9997952938913386,3.5275590551181097,16.0,225,259,0.0005141076058521321,strong_evidence,0.8971353172725223,True,True,4.36246552226844,49795.9375,10928.794921875,4.556397833061063,32786.384765625,38,242.0,198.0,197.57100658568297,0.9997952938913386,0.4289934143170342,0.0,7.092770677451253,240,243,213,229,254,270,True,True,
flow07,330,0,0.1,128.0,19,241.0007188137145,205.0,197.0,216.0,218.0,high_confidence,0.5,high_confidence,0.5,high_confidence,0.8483092469455257,strong_evidence,0.8465339583081767,True,True,243.0,46220.32421875,12744.724609375,3976.769775390625,8.4177866711147,1.9992811862854865,3.5275590551181097,16.0,225,259,0.0014773247784205523,strong_evidence,0.8500882585873861,True,True,4.36246552226844,49173.48828125,2033.8209228515625,24.177884949824023,6101.4627685546875,127,243.0,194.0,197.36506350992968,1.9992811862854865,-3.3650635099296835,0.0,8.4177866711147,240,243,213,229,254,270,True,True,
flow07,331,0,0.1,128.0,19,241.00219613849293,210.0,197.0,216.0,218.0,high_confidence,0.5,high_confidence,0.5,high_confidence,0.8400790058432329,strong_evidence,0.8936793679123967,True,True,241.0,45496.9453125,15851.123046875,6184.6279296875,4.793469001315162,-0.0021961384929340966,3.5275590551181097,16.0,225,259,0.0037987699402606268,strong_evidence,0.7896934419635548,True,True,4.36246552226844,49255.5,13088.7578125,3.7631913360762246,39266.2734375,24,241.0,199.0,197.12573106644615,-0.0021961384929340966,1.87426893355385,0.0,4.793469001315162,240,243,213,229,254,270,True,True,
flow07,332,0,0.1,128.0,19,241.0059949084332,210.0,197.0,216.0,218.0,high_confidence,0.638248037038208,high_confidence,0.638248037038208,high_confidence,0.9891278916218544,strong_evidence,0.9995750473353978,True,True,241.0,47554.8671875,10927.35546875,4968.4423828125,7.372031090761319,-0.005994908433194723,3.5275590551181097,16.0,225,259,0.008785489390504608,strong_evidence,0.9787899253711672,True,True,4.36246552226844,48205.19921875,8444.2392578125,5.708649144936435,25332.7177734375,45,241.0,197.0,196.87407735781397,-0.005994908433194723,0.12592264218602622,0.0,7.372031090761319,240,243,213,229,254,270,True,True,
flow07,333,0,0.1,128.0,19,241.0147803978237,211.0,197.0,216.0,218.0,high_confidence,0.6912265511690879,high_confidence,0.6912265511690879,high_confidence,0.9733569782589102,strong_evidence,0.9989519560901456,True,True,241.0,44905.67578125,12564.640625,2197.97607421875,14.714006915541752,-0.014780397823699332,3.5275590551181097,16.0,225,259,0.018157594956733192,strong_evidence,0.9484177906147679,True,True,4.36246552226844,46840.7421875,8767.5087890625,5.342537237708162,26302.5263671875,45,241.0,197.0,196.6342700240501,-0.014780397823699332,0.365729975949904,0.0,14.714006915541752,240,243,213,229,254,270,True,True,
flow07,334,0,0.1,128.0,19,241.03293799278043,213.0,196.0,215.0,217.0,high_confidence,0.5,high_confidence,0.5,high_confidence,0.9695411558063924,strong_evidence,0.9976629358719281,True,True,241.0,46735.97265625,13387.8017578125,4390.138671875,7.596154333820784,-0.03293799278043252,3.5275590551181097,16.0,225,259,0.033674096026686584,strong_evidence,0.9422120628154378,True,True,4.36246552226844,46599.08203125,4126.42919921875,11.292834502061135,12379.28759765625,92,241.0,195.0,196.42686173584164,-0.03293799278043252,-1.4268617358416407,0.0,7.596154333820784,240,243,213,229,254,270,True,True,
flow07,335,0,0.1,128.0,19,241.06661208880712,214.0,196.0,215.0,217.0,high_confidence,0.915997017493198,high_confidence,0.915997017493198,high_confidence,0.9925505993654005,strong_evidence,0.9952679695249836,True,True,241.0,44992.7734375,11299.537109375,3201.74267578125,10.523405451346457,-0.06661208880711911,3.5275590551181097,16.0,225,259,0.05614890302405229,strong_evidence,0.9898406484143223,True,True,4.36246552226844,47668.703125,5099.88330078125,9.347018414656203,15299.64990234375,90,241.0,196.0,196.2632265109753,-0.06661208880711911,-0.2632265109753007,0.0,10.523405451346457,240,243,213,229,254,270,True,True,
flow07,336,0,0.1,128.0,19,241.12276099183117,214.0,196.0,215.0,217.0,high_confidence,0.6473863180265053,high_confidence,0.6473863180265053,high_confidence,0.9549457791030834,strong_evidence,0.9169834535364552,True,True,240.0,48473.44140625,11828.376953125,5395.72509765625,6.791499527847068,-1.1227609918311714,3.5275590551181097,16.0,225,259,0.08445796983909304,strong_evidence,0.9944797122672848,True,True,4.36246552226844,48241.3671875,4859.6689453125,9.92688344213905,14579.0068359375,90,240.0,196.0,196.14369621761023,-1.1227609918311714,-0.143696217610227,0.0,6.791499527847068,240,243,213,229,254,270,True,True,
flow07,337,0,0.1,128.0,19,241.20721896167026,214.0,196.0,215.0,217.0,model_assisted,0.034975814993366695,model_assisted,0.034975814993366695,model_assisted,0.0,strong_evidence,0.985204832688381,True,True,241.0,47684.9296875,12265.546875,3201.65576171875,11.062832936632061,-0.20721896167026443,3.5275590551181097,16.0,225,259,0.11518196073217268,weak_evidence,0.0,True,False,4.36246552226844,48088.87109375,681.4515991210938,70.56828563579997,4808.887109375,131,241.0,186.0,196.05929536959874,-0.20721896167026443,-10.059295369598743,1.0,11.062832936632061,240,243,213,229,254,270,True,True,UPPER_SEED_TRAJECTORY_OUTLIER;Z_EDGE_EVIDENCE_WEAK
flow07,338,0,0.1,128.0,19,241.32240092240244,210.0,196.0,215.0,217.0,high_confidence,0.7174565585256697,high_confidence,0.7174565585256697,high_confidence,0.9304415383329773,strong_evidence,0.9014219191924209,True,True,240.0,46389.3125,10377.01171875,2628.0234375,13.70318858933312,-1.3224009224024371,3.5275590551181097,16.0,225,259,0.14363538888528637,strong_evidence,0.9603953906856764,True,True,4.36246552226844,50032.5234375,3941.27490234375,12.694502331655999,11823.82470703125,92,240.0,195.0,195.99612863637043,-1.3224009224024371,-0.9961286363704289,0.0,13.70318858933312,240,243,213,229,254,270,True,True,
flow07,339,0,0.1,128.0,19,241.46603631128772,209.0,196.0,215.0,217.0,high_confidence,0.730851542145898,high_confidence,0.730851542145898,high_confidence,0.9645462229710713,strong_evidence,0.9664075299341675,True,True,241.0,49109.0703125,10314.205078125,3210.9501953125,12.08205137875063,-0.4660363112877235,3.5275590551181097,16.0,225,259,0.16563041936581158,strong_evidence,0.9626885008968584,True,True,4.36246552226844,51488.89453125,4483.21728515625,11.484809068194762,13449.65185546875,79,241.0,195.0,195.9406347857321,-0.4660363112877235,-0.9406347857321009,0.0,12.08205137875063,240,243,213,229,254,270,True,True,
flow07,340,0,0.1,128.0,19,241.63166673065354,209.0,196.0,215.0,217.0,high_confidence,0.9622469286375552,high_confidence,0.9622469286375552,high_confidence,0.9844962637497513,strong_evidence,0.9735461199963993,True,True,242.0,47507.3515625,15463.91796875,2356.66650390625,13.596931742627557,0.36833326934646493,3.5275590551181097,16.0,225,259,0.17899223692757005,strong_evidence,0.9955695713119422,True,True,4.36246552226844,50991.32421875,7708.630859375,6.614835390221847,23125.892578125,65,242.0,196.0,195.88454746396496,0.36833326934646493,0.11545253603503625,0.0,13.596931742627557,241,244,214,230,255,271,True,True,
flow07,341,0,0.1,128.0,19,241.8106589675811,209.0,196.0,215.0,217.0,high_confidence,0.5202342980739209,high_confidence,0.5202342980739209,high_confidence,0.9768420007512831,strong_evidence,0.9864900400914112,True,True,242.0,47060.53125,15086.5166015625,4662.9189453125,6.857081374013603,0.18934103241889488,3.5275590551181097,16.0,225,259,0.18334612398570016,strong_evidence,0.9672883208667256,True,True,4.36246552226844,50260.23046875,3926.614013671875,12.799890769439394,11779.842041015625,78,242.0,195.0,195.8285183945816,0.18934103241889488,-0.8285183945816073,0.0,6.857081374013603,241,244,214,230,255,271,True,True,
flow07,342,0,0.1,128.0,19,241.9940050915668,209.0,196.0,215.0,217.0,high_confidence,0.5,high_confidence,0.5,high_confidence,0.8538506524393976,strong_evidence,0.9259639322495188,True,True,243.0,43126.66796875,11097.802734375,3244.5224609375,9.871673141421343,1.0059949084331947,3.5275590551181097,16.0,225,259,0.18334612398570016,strong_evidence,0.787353493240302,True,True,4.36246552226844,49215.3828125,12535.3896484375,3.9261151182990592,37606.1689453125,34,243.0,198.0,195.78324811996416,1.0059949084331947,2.2167518800358437,0.0,9.871673141421343,241,244,214,230,255,271,True,True,
flow07,343,0,0.1,128.0,19,242.17240910744516,208.0,196.0,215.0,217.0,high_confidence,0.9251504311468567,high_confidence,0.9251504311468567,high_confidence,0.9649175310360001,strong_evidence,0.9395192282144892,True,True,243.0,44078.625,14131.208984375,2266.09765625,13.215412819049819,0.8275908925548379,3.5275590551181097,16.0,226,260,0.17840401587835686,strong_evidence,0.9910024337341725,True,True,4.36246552226844,48067.234375,6514.513671875,7.3784839200691,19543.541015625,70,243.0,196.0,195.76660322072385,0.8275908925548379,0.23339677927614844,0.0,13.215412819049819,241,244,214,230,255,271,True,True,
flow07,344,0,0.1,128.0,19,242.33488116896027,206.0,196.0,215.0,217.0,high_confidence,0.7667631921792215,high_confidence,0.7667631921792215,high_confidence,0.9338910021063423,strong_evidence,0.9004401772920553,True,True,241.0,46643.421875,14240.791015625,3107.218994140625,10.428177389645725,-1.3348811689602655,3.5275590551181097,16.0,226,260,0.1624720615151034,strong_evidence,0.9685845054560556,True,True,4.36246552226844,51126.07421875,4166.05810546875,12.272050202957377,12498.17431640625,78,241.0,195.0,195.79673181244692,-1.3348811689602655,-0.7967318124469216,0.0,10.428177389645725,241,244,214,230,255,271,True,True,
flow07,345,0,0.1,128.0,19,242.46786570751104,206.0,196.0,215.0,217.0,high_confidence,0.5,high_confidence,0.5,high_confidence,0.8024508539015998,strong_evidence,0.8847788671810365,True,True,244.0,46361.5703125,10938.154296875,5388.69775390625,6.573650561482443,1.532134292488962,3.5275590551181097,16.0,226,260,0.1329845385507724,strong_evidence,0.7277834008162982,True,True,4.36246552226844,52039.71875,14462.177734375,3.5983321257563676,43386.533203125,12,244.0,199.0,195.88320377577915,1.532134292488962,3.116796224220849,0.0,6.573650561482443,241,244,214,230,255,271,True,True,
flow07,346,0,0.1,128.0,19,242.5569896129166,206.0,196.0,215.0,217.0,high_confidence,0.5,high_confidence,0.5,high_confidence,0.8839408935698913,strong_evidence,0.9680946405599052,True,True,243.0,47150.86328125,15456.58203125,2257.28173828125,14.040906242449296,0.44301038708340457,3.5275590551181097,16.0,226,260,0.08912390540555748,strong_evidence,0.8071023953538643,True,True,4.36246552226844,52252.0234375,12805.740234375,4.0803594701411825,38417.220703125,33,243.0,198.0,196.02036068334647,0.44301038708340457,1.9796393166535324,0.0,14.040906242449296,242,245,215,231,256,272,True,True,
flow07,347,0,0.1,128.0,19,242.59155698509272,206.0,196.0,215.0,217.0,high_confidence,0.5,high_confidence,0.5,high_confidence,0.932422547122913,strong_evidence,0.9571583354502545,True,True,242.0,46824.51171875,12867.21875,2602.898193359375,13.045955103193545,-0.5915569850927227,3.5275590551181097,16.0,226,260,0.034567372176127265,strong_evidence,0.9083260043639519,True,True,4.36246552226844,51646.9375,3346.86083984375,15.431456511472753,10040.58251953125,101,242.0,194.0,196.186293761004,-0.5915569850927227,-2.186293761004009,0.0,13.045955103193545,242,245,215,231,256,272,True,True,
flow07,348,0,0.1,128.0,19,242.56952926090457,208.0,196.0,215.0,217.0,high_confidence,0.5,high_confidence,0.5,high_confidence,0.8549499478959577,strong_evidence,0.958787939196913,True,True,242.0,47700.12890625,13465.1103515625,3633.9453125,9.420895365961153,-0.5695292609045737,3.5275590551181097,16.0,226,260,0.06964908043627815,strong_evidence,0.7623577472402714,True,True,4.36246552226844,50725.42578125,13282.5166015625,3.8189619710532017,39847.5498046875,28,242.0,199.0,196.34864361048514,-0.5695292609045737,2.6513563895148593,0.0,9.420895365961153,242,245,215,231,256,272,True,True,
flow07,349,0,0.1,128.0,19,242.4998801804683,208.0,196.0,215.0,217.0,high_confidence,0.5,high_confidence,0.5,high_confidence,0.9465427429531335,strong_evidence,0.9529782431821149,True,True,242.0,47165.53515625,11112.2421875,6147.68896484375,5.864527820929915,-0.4998801804682955,3.5275590551181097,16.0,226,260,0.09926583118132726,strong_evidence,0.9401507019148456,True,True,4.36246552226844,49381.51171875,4968.8193359375,9.938278770087917,14906.4580078125,86,242.0,195.0,196.47465691801975,-0.4998801804682955,-1.4746569180197469,0.0,5.864527820929915,241,244,214,230,255,271,True,True,
flow07,350,0,0.1,128.0,19,242.40061434928697,209.0,197.0,216.0,218.0,high_confidence,0.5331059729198695,high_confidence,0.5331059729198695,high_confidence,0.9160195026651277,strong_evidence,0.8952515967446435,True,True,241.0,43196.72265625,13176.75390625,3368.96875,8.910729358947007,-1.4006143492869683,3.5275590551181097,16.0,226,260,0.10748029373763757,strong_evidence,0.937269179205056,True,True,4.36246552226844,47997.06640625,5276.173828125,9.096945621919886,15828.521484375,85,241.0,195.0,196.54111816408727,-1.4006143492869683,-1.5411181640872655,0.0,8.910729358947007,241,244,214,230,255,271,True,True,
flow07,351,0,0.1,128.0,19,242.29313405554933,208.0,197.0,216.0,218.0,high_confidence,0.5,high_confidence,0.5,high_confidence,0.9429295312273637,strong_evidence,0.948582133332266,True,True,243.0,46086.09765625,12338.6767578125,4283.78271484375,7.877948800133862,0.7068659444506693,3.5275590551181097,16.0,226,260,0.10748029373763757,strong_evidence,0.9373106129853905,True,True,4.36246552226844,47117.23046875,6179.87939453125,7.624296116594989,18539.63818359375,73,243.0,195.0,196.54016539932144,0.7068659444506693,-1.5401653993214381,0.0,7.877948800133862,241,244,214,230,255,271,True,True,
flow07,352,0,0.1,128.0,19,242.19594795851836,207.0,196.0,215.0,217.0,high_confidence,0.5,high_confidence,0.5,high_confidence,0.8545566322910687,strong_evidence,0.9412931542065215,True,True,243.0,47023.63671875,13020.154296875,2738.19140625,12.418226988902632,0.8040520414816399,3.5275590551181097,16.0,226,260,0.09718609703097059,strong_evidence,0.7758125452513711,True,True,4.36246552226844,47235.09765625,13920.2763671875,3.3932586114160275,41760.8291015625,17,243.0,198.0,196.47895257312828,0.8040520414816399,1.5210474268717178,0.0,12.418226988902632,241,244,214,230,255,271,True,True,
flow07,353,0,0.1,128.0,19,242.1205648533383,205.0,196.0,215.0,217.0,high_confidence,0.5,high_confidence,0.5,high_confidence,0.8939486634450067,strong_evidence,0.991418684770063,True,True,242.0,47107.375,14091.12109375,5032.802734375,6.560212201591512,-0.12056485333829414,3.5275590551181097,16.0,226,260,0.07538310518006597,strong_evidence,0.8060612788031699,True,True,4.36246552226844,49283.33984375,12760.083984375,3.8623052876531627,38280.251953125,27,242.0,198.0,196.37363835604847,-0.12056485333829414,1.626361643951526,0.0,6.560212201591512,241,244,214,230,255,271,True,True,
flow07,354,0,0.1,128.0,19,242.07116936981134,204.0,196.0,215.0,217.0,high_confidence,0.5,high_confidence,0.5,high_confidence,0.8604480270054643,strong_evidence,0.9209621630889472,True,True,241.0,43539.06640625,13308.2294921875,4431.90478515625,6.821183752709319,-1.0711693698113436,3.5275590551181097,16.0,226,260,0.04939548352695056,strong_evidence,0.8039101244880249,True,True,4.36246552226844,52521.6171875,13450.40625,3.9048350073069353,40351.21875,21,241.0,198.0,196.2402604367874,-1.0711693698113436,1.7597395632126052,0.0,6.821183752709319,241,244,214,230,255,271,True,True,
flow07,355,0,0.1,128.0,19,242.04726436704397,203.0,196.0,215.0,217.0,high_confidence,0.626677198604027,high_confidence,0.626677198604027,high_confidence,0.934627136781539,strong_evidence,0.9227998843445006,True,True,241.0,44118.43359375,12155.091796875,3365.8603515625,9.496336287997503,-1.0472643670439652,3.5275590551181097,16.0,226,260,0.02390500276737839,strong_evidence,0.9466059756053797,True,True,4.36246552226844,52961.41796875,9316.5146484375,5.684681446578557,27949.5439453125,49,241.0,197.0,196.08621657979296,-1.0472643670439652,0.9137834202070394,0.0,9.496336287997503,241,244,214,230,255,271,True,True,
flow07,356,0,0.1,128.0,19,242.0474244618099,203.0,196.0,215.0,217.0,high_confidence,0.6799119987243415,high_confidence,0.6799119987243415,high_confidence,0.9965119784603141,strong_evidence,0.9966333357715574,True,True,242.0,45457.83984375,12500.9814453125,4697.48974609375,7.015844670197128,-0.04742446180989646,3.5275590551181097,16.0,226,260,0.02446372171590383,strong_evidence,0.9963906359264183,True,True,4.36246552226844,51789.76953125,6933.9521484375,7.469011672213563,20801.8564453125,65,242.0,196.0,195.90586622412846,-0.04742446180989646,0.09413377587154059,0.0,7.015844670197128,241,244,214,230,255,271,True,True,
flow07,357,0,0.1,128.0,19,242.0718881835258,202.0,196.0,215.0,217.0,high_confidence,0.5,high_confidence,0.5,high_confidence,0.8592538102985459,strong_evidence,0.9209068467632477,True,True,241.0,45210.12890625,11394.2099609375,3969.654296875,8.518605504749656,-1.0718881835258003,3.5275590551181097,16.0,226,260,0.05087280830537111,strong_evidence,0.8017283323580071,True,True,4.36246552226844,49126.57421875,11667.421875,4.210576659100192,35002.265625,30,241.0,198.0,195.68204897094628,-1.0718881835258003,2.3179510290537166,0.0,8.518605504749656,241,244,214,230,255,271,True,True,
flow07,358,0,0.1,128.0,19,242.12276099183117,200.0,195.0,214.0,216.0,high_confidence,0.5,high_confidence,0.5,high_confidence,0.8539185209865804,strong_evidence,0.7502728172725065,True,True,241.0,42927.1875,15340.986328125,6867.919921875,4.016674842700224,-1.1227609918311714,3.5275590551181097,16.0,226,260,0.07918187512038344,strong_evidence,0.9718822589557641,True,True,4.36246552226844,45201.3671875,7635.3857421875,5.919984754372087,22906.1572265625,63,241.0,196.0,195.39278075684302,-1.1227609918311714,0.6072192431569761,0.0,4.016674842700224,241,244,214,230,255,271,True,True,
flow07,359,0,0.1,128.0,19,242.20194286695155,197.0,195.0,214.0,216.0,high_confidence,0.7213240774585173,high_confidence,0.7213240774585173,high_confidence,0.9356161987494913,strong_evidence,0.9108431973958843,True,True,241.0,44052.75390625,10229.94140625,2092.556640625,16.163391634597705,-1.2019428669515548,3.5275590551181097,16.0,226,260,0.10597158642141835,strong_evidence,0.961062973149678,True,True,4.36246552226844,33907.90234375,5450.62255859375,6.2209228357390005,16351.86767578125,73,241.0,196.0,195.0199997218431,-1.2019428669515548,0.9800002781568935,0.0,16.163391634597705,241,244,214,230,255,271,True,True,
flow07,360,0,0.1,128.0,19,242.30791445337297,195.0,195.0,214.0,216.0,high_confidence,0.5,high_confidence,0.5,high_confidence,0.8773729346170506,strong_evidence,0.9496857654513184,True,True,243.0,44807.05078125,14103.302734375,1384.9149169921875,22.170133103597877,0.6920855466270268,3.5275590551181097,16.0,226,260,0.1256378886944276,strong_evidence,0.8105662887689085,True,True,4.36246552226844,17472.3359375,5190.1103515625,3.3664671373008273,15570.3310546875,74,243.0,195.0,194.5564827822986,0.6920855466270268,0.4435172177014124,0.0,22.170133103597877,241,244,214,230,255,271,True,True,
flow07,361,0,0.1,128.0,19,242.4335523420674,189.0,194.0,213.0,215.0,model_assisted,0.013894965833880984,model_assisted,0.013894965833880984,model_assisted,0.6690922307379603,strong_evidence,0.8942078391032305,True,True,243.0,46664.0703125,17287.791015625,5631.447265625,5.216470635566664,0.5664476579325992,3.5275590551181097,16.0,226,260,0.13293992720798542,weak_evidence,0.5006491708715805,True,False,4.36246552226844,15499.359375,4050.7744140625,3.826270680784659,12152.3232421875,100,243.0,187.0,194.00805845301116,0.5664476579325992,-7.008058453011159,1.0,5.216470635566664,241,244,214,230,255,271,True,True,UPPER_SEED_TRAJECTORY_OUTLIER;Z_EDGE_EVIDENCE_WEAK
flow07,362,0,0.1,128.0,19,242.5664922692754,195.0,193.0,212.0,214.0,model_assisted,0.0,model_assisted,0.0,model_assisted,0.0,strong_evidence,0.9687900442172827,True,True,243.0,46154.796875,14847.37109375,2282.87451171875,13.714037114409324,0.4335077307246138,3.5275590551181097,16.0,226,260,0.13293992720798542,unavailable,0.0,False,False,4.36246552226844,21646.884765625,8112.2412109375,2.668422227933648,24336.7236328125,0,243.0,,193.3910182036853,0.4335077307246138,,2.0,13.714037114409324,242,245,215,231,256,272,True,True,NO_VALID_UPPER_COMPONENT;LOW_PEAK_SNR;Z_EDGE_EVIDENCE_UNAVAILABLE
flow07,363,0,0.1,128.0,19,242.6922902527357,193.0,193.0,212.0,214.0,model_assisted,0.0,model_assisted,0.0,model_assisted,0.0,strong_evidence,0.9779493293283357,True,True,243.0,46200.34765625,12719.384765625,3710.6416015625,9.022957883220688,0.3077097472643118,3.5275590551181097,16.0,226,260,0.12579798346030202,unavailable,0.0,False,False,4.36246552226844,16810.890625,6948.9921875,2.419183986886588,20846.9765625,0,243.0,,192.7264459500295,0.3077097472643118,,1.0,9.022957883220688,242,245,215,231,256,272,True,True,NO_VALID_UPPER_COMPONENT;LOW_PEAK_SNR;Z_EDGE_EVIDENCE_UNAVAILABLE
flow07,364,0,0.1,128.0,19,242.79877594676293,192.0,192.0,211.0,213.0,high_confidence,0.5,high_confidence,0.5,high_confidence,0.8648192811234995,strong_evidence,0.9416903108105396,True,True,242.0,43756.18359375,13349.7939453125,2916.421875,10.425922912280138,-0.7987759467629303,3.5275590551181097,16.0,226,260,0.10648569402724206,strong_evidence,0.7942233029446985,True,True,4.36246552226844,15811.7724609375,5239.2939453125,3.0179204728690596,15717.8818359375,89,242.0,192.0,192.03465967059154,-0.7987759467629303,-0.034659670591537406,0.0,10.425922912280138,242,245,215,231,256,272,True,True,
flow07,365,0,0.1,128.0,19,242.8794351466617,191.0,191.0,210.0,212.0,model_assisted,0.0,model_assisted,0.0,model_assisted,0.0,strong_evidence,0.8448908331222821,True,True,242.0,45627.72265625,11396.236328125,6996.06787109375,4.892960868713431,-0.8794351466617059,3.5275590551181097,16.0,226,260,0.08065919989877557,unavailable,0.0,False,False,4.36246552226844,12323.5517578125,7778.01171875,1.5844089985239842,23334.03515625,0,242.0,,191.33187656853823,-0.8794351466617059,,1.0,4.892960868713431,242,245,215,231,256,272,True,True,NO_VALID_UPPER_COMPONENT;LOW_PEAK_SNR;Z_EDGE_EVIDENCE_UNAVAILABLE
flow07,366,0,0.1,128.0,19,242.9341067249074,186.0,191.0,210.0,212.0,model_assisted,0.0,model_assisted,0.0,model_assisted,0.0,strong_evidence,0.9953191531305104,True,True,243.0,42495.77734375,10485.63671875,3620.70849609375,8.84084997716181,0.06589327509260556,3.5275590551181097,16.0,226,260,0.05467157824568858,unavailable,0.0,False,False,4.36246552226844,10791.9482421875,11986.3994140625,0.9003494601995605,35959.1982421875,0,243.0,,190.62986224530556,0.06589327509260556,,2.0,8.84084997716181,242,245,215,231,256,272,True,True,NO_VALID_UPPER_COMPONENT;LOW_PEAK_SNR;Z_EDGE_EVIDENCE_UNAVAILABLE
flow07,367,0,0.1,128.0,19,242.96726671332829,186.0,190.0,209.0,211.0,model_assisted,0.0,model_assisted,0.0,model_assisted,0.0,strong_evidence,0.9976774773822313,True,True,243.0,44653.9375,10715.9052734375,2892.755859375,11.732076219489551,0.03273328667171427,3.5275590551181097,16.0,226,260,0.033159988420891295,unavailable,0.0,False,False,4.36246552226844,10658.7685546875,13132.23046875,0.8116495198627185,39396.69140625,0,243.0,,189.93782630505055,0.03273328667171427,,3.0,11.732076219489551,242,245,215,231,256,272,True,True,NO_VALID_UPPER_COMPONENT;LOW_PEAK_SNR;Z_EDGE_EVIDENCE_UNAVAILABLE
flow07,368,0,0.1,128.0,19,242.98526421351914,185.0,189.0,208.0,210.0,model_assisted,0.0,model_assisted,0.0,model_assisted,0.0,strong_evidence,0.8477066257302678,True,True,241.0,44805.55859375,12115.009765625,2713.302001953125,12.048252942205938,-1.9852642135191445,3.5275590551181097,16.0,226,260,0.017997500190858773,unavailable,0.0,False,False,4.36246552226844,11161.978515625,5887.8505859375,1.8957645668326213,17663.5517578125,0,241.0,,189.26535677096467,-1.9852642135191445,,4.0,12.048252942205938,242,245,215,231,256,272,True,True,NO_VALID_UPPER_COMPONENT;LOW_PEAK_SNR;Z_EDGE_EVIDENCE_UNAVAILABLE
flow07,369,0,0.1,128.0,19,242.9940050915668,185.0,189.0,208.0,210.0,model_assisted,0.0,model_assisted,0.0,model_assisted,0.0,strong_evidence,0.9268811430360776,True,True,242.0,42893.8984375,14277.771484375,2348.98046875,12.182360532079244,-0.9940050915668053,3.5275590551181097,16.0,226,260,0.008740878047660772,unavailable,0.0,False,False,4.36246552226844,11877.28515625,7838.3193359375,1.5152846735644536,23514.9580078125,0,242.0,,188.62475865233984,-0.9940050915668053,,5.0,12.182360532079244,242,245,215,231,256,272,True,True,NO_VALID_UPPER_COMPONENT;LOW_PEAK_SNR;Z_EDGE_EVIDENCE_UNAVAILABLE
flow07,370,0,0.1,128.0,19,242.99780386150712,185.0,188.0,207.0,209.0,model_assisted,0.0,model_assisted,0.0,model_assisted,0.0,strong_evidence,0.9998443463744814,True,True,243.0,42657.546875,12659.765625,1627.416259765625,18.4327648627034,0.002196138492877253,3.5275590551181097,16.0,226,260,0.00379876994031747,unavailable,0.0,False,False,4.36246552226844,13481.07421875,11762.4384765625,1.146112198215702,35287.3154296875,0,243.0,,188.0317401479927,0.002196138492877253,,4.0,18.4327648627034,242,245,215,231,256,272,True,True,NO_VALID_UPPER_COMPONENT;LOW_PEAK_SNR;Z_EDGE_EVIDENCE_UNAVAILABLE
flow07,371,0,0.1,128.0,19,242.99928118628554,186.0,188.0,207.0,209.0,model_assisted,0.0032146861514595997,model_assisted,0.0032146861514595997,model_assisted,0.0,strong_evidence,0.9264776381529525,True,True,242.0,42686.34375,12902.0537109375,4234.93017578125,7.0330061660504155,-0.9992811862855433,3.5275590551181097,16.0,226,260,0.0014773247784205523,weak_evidence,0.0,True,False,4.36246552226844,14871.0458984375,3147.36572265625,4.724918299576236,9442.09716796875,16,242.0,173.0,187.50386625597255,-0.9992811862855433,-14.503866255972554,3.0,7.0330061660504155,242,245,215,231,256,272,True,True,UPPER_SEED_TRAJECTORY_OUTLIER;Z_EDGE_EVIDENCE_WEAK
flow07,372,0,0.1,128.0,19,242.99979529389134,186.0,187.0,206.0,208.0,model_assisted,0.0,model_assisted,0.0,model_assisted,0.0,strong_evidence,0.9999854922631779,True,True,243.0,46341.09765625,11796.619140625,5069.86279296875,6.813691006299769,0.00020470610866141215,3.5275590551181097,16.0,226,260,0.0005141076057952887,unavailable,0.0,False,False,4.36246552226844,16573.65234375,6330.70751953125,2.6179778946693744,18992.12255859375,0,243.0,,187.05699863500126,0.00020470610866141215,,2.0,6.813691006299769,242,245,215,231,256,272,True,True,NO_VALID_UPPER_COMPONENT;LOW_PEAK_SNR;Z_EDGE_EVIDENCE_UNAVAILABLE
flow07,373,0,0.1,128.0,19,242.9999553886572,187.0,187.0,206.0,208.0,model_assisted,0.0,model_assisted,0.0,model_assisted,0.0,strong_evidence,0.9264260638771736,True,True,242.0,45138.96484375,11664.125,4114.142578125,8.136528865512966,-0.999955388657213,3.5275590551181097,16.0,226,260,0.00016009476587441895,unavailable,0.0,False,False,4.36246552226844,15566.171875,5709.7685546875,2.7262351750178686,17129.3056640625,0,242.0,,186.70128436321377,-0.999955388657213,,1.0,8.136528865512966,242,245,215,231,256,272,True,True,NO_VALID_UPPER_COMPONENT;LOW_PEAK_SNR;Z_EDGE_EVIDENCE_UNAVAILABLE
flow07,374,0,0.1,128.0,19,243.0000446113428,187.0,186.0,205.0,207.0,high_confidence,0.5,high_confidence,0.5,high_confidence,0.7495158087994155,strong_evidence,0.9047301193548286,True,True,242.0,43865.25,13266.39453125,5347.255859375,5.722347363480465,-1.000044611342787,3.5275590551181097,16.0,227,261,0.00016009476587441895,strong_evidence,0.6209298614274587,True,True,4.36246552226844,16139.75390625,4691.72509765625,3.440046799483757,14075.17529296875,3,242.0,185.0,186.43863962570964,-1.000044611342787,-1.4386396257096408,0.0,5.722347363480465,242,245,215,231,256,272,True,True,
flow07,375,0,0.1,128.0,19,243.00020470610866,186.0,186.0,205.0,207.0,model_assisted,0.0,model_assisted,0.0,model_assisted,0.0,strong_evidence,0.9999854922631779,True,True,243.0,45106.1015625,12246.228515625,3595.771240234375,9.13847707529169,-0.00020470610866141215,3.5275590551181097,16.0,227,261,0.0005141076058521321,unavailable,0.0,False,False,4.36246552226844,16938.23046875,9229.0048828125,1.8353257673852423,27687.0146484375,0,243.0,,186.2634779983098,-0.00020470610866141215,,1.0,9.13847707529169,242,245,215,231,256,272,True,True,NO_VALID_UPPER_COMPONENT;LOW_PEAK_SNR;Z_EDGE_EVIDENCE_UNAVAILABLE
flow07,376,0,0.1,128.0,19,243.0007188137145,186.0,186.0,205.0,207.0,model_assisted,0.0,model_assisted,0.0,model_assisted,0.0,strong_evidence,0.9999490559893275,True,True,243.0,46289.921875,14141.58984375,4876.99072265625,6.591837848266488,-0.0007188137145135443,3.5275590551181097,16.0,227,261,0.001477324778363709,unavailable,0.0,False,False,4.36246552226844,15788.443359375,7112.93115234375,2.2196817347476534,21338.79345703125,0,243.0,,186.16673415601215,-0.0007188137145135443,,2.0,6.591837848266488,242,245,215,231,256,272,True,True,NO_VALID_UPPER_COMPONENT;LOW_PEAK_SNR;Z_EDGE_EVIDENCE_UNAVAILABLE
flow07,377,0,0.1,128.0,19,243.00219613849288,187.0,186.0,205.0,207.0,model_assisted,0.0,model_assisted,0.0,model_assisted,0.0,strong_evidence,0.9998443463744814,True,True,243.0,45946.1953125,11364.6494140625,3052.962158203125,11.327210789534018,-0.002196138492877253,3.5275590551181097,16.0,227,261,0.00379876994031747,unavailable,0.0,False,False,4.36246552226844,15285.2578125,12932.638671875,1.1819133125354622,38797.916015625,0,243.0,,186.14173033546922,-0.002196138492877253,,2.0,11.327210789534018,242,245,215,231,256,272,True,True,NO_VALID_UPPER_COMPONENT;LOW_PEAK_SNR;Z_EDGE_EVIDENCE_UNAVAILABLE
flow07,378,0,0.1,128.0,19,243.0059949084332,192.0,186.0,205.0,207.0,model_assisted,0.0,model_assisted,0.0,model_assisted,0.0,strong_evidence,0.9259639322495188,True,True,242.0,44435.86328125,10437.072265625,2746.462158203125,12.379122324361001,-1.0059949084331947,3.5275590551181097,16.0,227,261,0.008740878047660772,unavailable,0.0,False,False,4.36246552226844,15761.1298828125,7300.2587890625,2.158982350930678,21900.7763671875,0,242.0,,186.1889873076298,-1.0059949084331947,,1.0,12.379122324361001,242,245,215,231,256,272,True,True,NO_VALID_UPPER_COMPONENT;LOW_PEAK_SNR;Z_EDGE_EVIDENCE_UNAVAILABLE
flow07,379,0,0.1,128.0,19,243.01473578648086,187.0,186.0,205.0,207.0,high_confidence,0.5,high_confidence,0.5,high_confidence,0.789646801408577,strong_evidence,0.9275492411379396,True,True,244.0,43320.62890625,15171.578125,3222.027099609375,8.736441349193703,0.9852642135191445,3.5275590551181097,16.0,227,261,0.017997500190858773,strong_evidence,0.6722468666028129,True,True,4.36246552226844,15324.3349609375,4050.709228515625,3.7831239164389676,12152.127685546875,3,244.0,186.0,186.3171955130828,0.9852642135191445,-0.3171955130827939,0.0,8.736441349193703,242,245,215,231,256,272,True,True,
flow07,380,0,0.1,128.0,19,243.03273328667171,187.0,187.0,206.0,208.0,model_assisted,0.0,model_assisted,0.0,model_assisted,0.0,strong_evidence,0.9289233443592942,True,True,244.0,44592.2265625,11517.837890625,2876.087646484375,11.499784685735822,0.9672667133282857,3.5275590551181097,16.0,227,261,0.033159988420891295,unavailable,0.0,False,False,4.36246552226844,15830.064453125,8958.9677734375,1.7669518245237648,26876.9033203125,0,244.0,,186.53880741407804,0.9672667133282857,,1.0,11.499784685735822,242,245,215,231,256,272,True,True,NO_VALID_UPPER_COMPONENT;LOW_PEAK_SNR;Z_EDGE_EVIDENCE_UNAVAILABLE
flow07,381,0,0.1,128.0,19,243.0658932750926,187.0,187.0,206.0,208.0,model_assisted,0.0,model_assisted,0.0,model_assisted,0.0,strong_evidence,0.9953191531305104,True,True,243.0,46982.87890625,12107.3779296875,3029.111083984375,11.513444046656955,-0.06589327509260556,3.5275590551181097,16.0,227,261,0.054671578245631736,unavailable,0.0,False,False,4.36246552226844,16219.8251953125,6954.27294921875,2.332353836806859,20862.81884765625,0,243.0,,186.8613228419981,-0.06589327509260556,,1.0,11.513444046656955,242,245,215,231,256,272,True,True,NO_VALID_UPPER_COMPONENT;LOW_PEAK_SNR;Z_EDGE_EVIDENCE_UNAVAILABLE
flow07,382,0,0.1,128.0,19,243.12056485333824,188.0,187.0,206.0,208.0,high_confidence,0.5,high_confidence,0.5,high_confidence,0.8737910919997152,strong_evidence,0.8565085222177579,True,True,245.0,43097.67578125,12035.5625,4326.15283203125,7.180077654969361,1.8794351466617627,3.5275590551181097,16.0,227,261,0.08065919989883241,strong_evidence,0.8914223882806159,True,True,4.36246552226844,16851.759765625,3384.027099609375,4.979794567121,10152.081298828125,7,245.0,186.0,187.27842684941646,1.8794351466617627,-1.2784268494164621,0.0,7.180077654969361,242,245,215,231,256,272,True,True,
flow07,383,0,0.1,128.0,19,243.20122405323707,190.0,188.0,207.0,209.0,model_assisted,0.0,model_assisted,0.0,model_assisted,0.0,strong_evidence,0.8421996641855204,True,True,243.0,42563.50390625,14435.28515625,6420.87109375,4.38074808531504,-0.2012240532370697,3.5275590551181097,16.0,227,261,0.10648569402724206,unavailable,0.0,False,False,4.36246552226844,17227.1015625,7489.80126953125,2.300074587102918,22469.40380859375,0,243.0,,187.7662818204425,-0.2012240532370697,,1.0,4.38074808531504,242,245,215,231,256,272,True,True,NO_VALID_UPPER_COMPONENT;LOW_PEAK_SNR;Z_EDGE_EVIDENCE_UNAVAILABLE
flow07,384,0,0.1,128.0,19,243.3077097472643,190.0,188.0,207.0,209.0,high_confidence,0.5,high_confidence,0.5,high_confidence,0.7878561342739423,strong_evidence,0.9779493293283357,True,True,243.0,44841.375,12994.67578125,4468.5703125,7.126820658872647,-0.3077097472643118,3.5275590551181097,16.0,227,261,0.12579798346030202,strong_evidence,0.634713138705657,True,True,4.36246552226844,19535.4609375,5847.35693359375,3.3409044734838216,17542.07080078125,3,243.0,189.0,188.28837365064578,-0.3077097472643118,0.7116263493542192,0.0,7.126820658872647,242,245,215,231,256,272,True,True,
flow07,385,0,0.1,128.0,19,243.4335077307246,191.0,189.0,208.0,210.0,model_assisted,0.0,model_assisted,0.0,model_assisted,0.0,strong_evidence,0.9590123976241933,True,True,244.0,45527.11328125,10187.5625,2707.192138671875,13.05394998619761,0.5664922692753862,3.5275590551181097,16.0,227,261,0.1329845385507724,unavailable,0.0,False,False,4.36246552226844,22630.919921875,7966.92919921875,2.840607636389467,23900.78759765625,0,244.0,,188.80729321128143,0.5664922692753862,,1.0,13.05394998619761,242,245,215,231,256,272,True,True,NO_VALID_UPPER_COMPONENT;LOW_PEAK_SNR;Z_EDGE_EVIDENCE_UNAVAILABLE
flow07,386,0,0.1,128.0,19,243.5664922692754,191.0,189.0,208.0,210.0,model_assisted,0.0,model_assisted,0.0,model_assisted,0.0,strong_evidence,0.9687900442172827,True,True,244.0,44551.90234375,10938.919921875,4639.31591796875,7.245245423293334,0.4335077307246138,3.5275590551181097,16.0,227,261,0.1329845385507724,unavailable,0.0,False,False,4.36246552226844,23795.849609375,12294.0458984375,1.9355588718274845,36882.1376953125,0,244.0,,189.29732387768814,0.4335077307246138,,2.0,7.245245423293334,243,246,216,232,257,273,True,True,NO_VALID_UPPER_COMPONENT;LOW_PEAK_SNR;Z_EDGE_EVIDENCE_UNAVAILABLE
flow07,387,0,0.1,128.0,19,243.6922902527357,192.0,190.0,209.0,211.0,model_assisted,0.0,model_assisted,0.0,model_assisted,0.0,strong_evidence,0.8718560468386485,True,True,242.0,41337.5390625,12763.6328125,3177.989990234375,8.991188247226887,-1.6922902527356882,3.5275590551181097,16.0,227,261,0.12579798346030202,unavailable,0.0,False,False,4.36246552226844,22379.982421875,8334.1708984375,2.6853279941824595,25002.5126953125,0,242.0,,189.7510865535493,-1.6922902527356882,,1.0,8.991188247226887,243,246,216,232,257,273,True,True,NO_VALID_UPPER_COMPONENT;LOW_PEAK_SNR;Z_EDGE_EVIDENCE_UNAVAILABLE
flow07,388,0,0.1,128.0,19,243.79877594676293,193.0,190.0,209.0,211.0,high_confidence,0.5,high_confidence,0.5,high_confidence,0.8369184495167121,strong_evidence,0.9416903108105396,True,True,243.0,46151.3984375,14871.75390625,4035.285400390625,7.751532153889799,-0.7987759467629303,3.5275590551181097,16.0,227,261,0.10648569402724206,strong_evidence,0.7438034384558713,True,True,4.36246552226844,19902.51953125,6376.93017578125,3.121018888812234,19130.79052734375,66,243.0,192.0,190.1773303386795,-0.7987759467629303,1.8226696613205036,0.0,7.751532153889799,243,246,216,232,257,273,True,True,
flow07,389,0,0.1,128.0,19,243.87943514666173,194.0,191.0,210.0,212.0,model_assisted,0.0,model_assisted,0.0,model_assisted,0.0,strong_evidence,0.9356002993053298,True,True,243.0,46181.74609375,11313.3203125,3182.20458984375,10.957317418413403,-0.8794351466617343,3.5275590551181097,16.0,227,261,0.08065919989880399,unavailable,0.0,False,False,4.36246552226844,19680.021484375,8796.17578125,2.237338358599551,26388.52734375,0,243.0,,190.59263947796262,-0.8794351466617343,,1.0,10.957317418413403,243,246,216,232,257,273,True,True,NO_VALID_UPPER_COMPONENT;LOW_PEAK_SNR;Z_EDGE_EVIDENCE_UNAVAILABLE
flow07,390,0,0.1,128.0,19,243.93410672490737,195.0,191.0,210.0,212.0,model_assisted,0.0,model_assisted,0.0,model_assisted,0.0,strong_evidence,0.9213680834280407,True,True,245.0,43592.9296875,13000.185546875,3244.595458984375,9.428831583892174,1.065893275092634,3.5275590551181097,16.0,227,261,0.054671578245631736,unavailable,0.0,False,False,4.36246552226844,22015.560546875,9184.8310546875,2.3969477953151146,27554.4931640625,0,245.0,,191.01271813832867,1.065893275092634,,1.0,9.428831583892174,243,246,216,232,257,273,True,True,NO_VALID_UPPER_COMPONENT;LOW_PEAK_SNR;Z_EDGE_EVIDENCE_UNAVAILABLE
flow07,391,0,0.1,128.0,19,243.96726671332826,197.0,191.0,210.0,212.0,high_confidence,0.5,high_confidence,0.5,high_confidence,0.8912937995729072,strong_evidence,0.8544408759378473,True,True,243.0,44125.82421875,13595.0029296875,6014.2705078125,5.076396422376272,-0.9672667133282573,3.5275590551181097,16.0,227,261,0.033159988420891295,strong_evidence,0.9297362281329988,True,True,4.36246552226844,34004.80859375,5796.9892578125,5.865943006177271,17390.9677734375,72,243.0,193.0,191.44730669403882,-0.9672667133282573,1.552693305961185,0.0,5.076396422376272,243,246,216,232,257,273,True,True,
flow07,392,0,0.1,128.0,19,243.98526421351912,198.0,192.0,211.0,213.0,high_confidence,0.7409758815724486,high_confidence,0.7409758815724486,high_confidence,0.8558433691024685,strong_evidence,0.7595165909171628,True,True,241.0,41764.83984375,12419.603515625,2125.804443359375,13.804297201369657,-2.985264213519116,3.5275590551181097,16.0,227,261,0.017997500190858773,strong_evidence,0.9643869287333993,True,True,4.36246552226844,39871.54296875,4974.16650390625,8.01572342571134,14922.49951171875,96,241.0,191.0,191.89936160810296,-2.985264213519116,-0.8993616081029643,0.0,13.804297201369657,243,246,216,232,257,273,True,True,
flow07,393,0,0.1,128.0,19,243.99400509156678,199.0,192.0,211.0,213.0,high_confidence,0.5,high_confidence,0.5,high_confidence,0.8488161372390854,strong_evidence,0.8475987248115384,True,True,243.0,45759.171875,11283.89453125,6871.064453125,5.017458005079613,-0.9940050915667769,3.5275590551181097,16.0,227,261,0.008740878047660772,strong_evidence,0.8500352982452645,True,True,4.36246552226844,43998.875,4155.888671875,10.58711589118415,12467.666015625,104,243.0,189.0,192.36606520380585,-0.9940050915667769,-3.366065203805846,0.0,5.017458005079613,243,246,216,232,257,273,True,True,
flow07,394,0,0.1,128.0,19,243.9978038615071,199.0,193.0,212.0,214.0,model_assisted,0.11682203334322526,model_assisted,0.11682203334322526,model_assisted,0.868768595847357,strong_evidence,0.988366307567751,True,True,244.0,43243.96484375,11684.490234375,5382.7900390625,5.863032810187706,0.002196138492905675,3.5275590551181097,16.0,227,261,0.00379876994031747,weak_evidence,0.7636428592835767,True,False,4.36246552226844,46782.27734375,3306.183349609375,14.149934349308642,9918.550048828125,115,244.0,188.0,192.839556517571,0.002196138492905675,-4.839556517570998,1.0,5.863032810187706,243,246,216,232,257,273,True,True,UPPER_SEED_TRAJECTORY_OUTLIER;Z_EDGE_EVIDENCE_WEAK
flow07,395,0,0.1,128.0,19,243.99928118628551,199.0,193.0,212.0,214.0,high_confidence,0.5,high_confidence,0.5,high_confidence,0.8927433031182186,strong_evidence,0.9999490559893295,True,True,244.0,46866.0703125,14531.71484375,4362.9658203125,7.411095296280371,0.0007188137144851225,3.5275590551181097,16.0,227,261,0.0014773247784205523,strong_evidence,0.7970312092288552,True,True,4.36246552226844,49371.01171875,4755.83544921875,10.381143806575619,14267.50634765625,90,244.0,189.0,193.3073148101682,0.0007188137144851225,-4.307314810168208,0.0,7.411095296280371,243,246,216,232,257,273,True,True,
flow07,396,0,0.1,128.0,19,243.9997952938913,200.0,194.0,213.0,215.0,high_confidence,0.5,high_confidence,0.5,high_confidence,0.8292006933026549,strong_evidence,0.9264383108629534,True,True,243.0,42976.6015625,14854.9765625,1760.4803466796875,15.973836375417726,-0.9997952938913102,3.5275590551181097,16.0,227,261,0.0005141076057952887,strong_evidence,0.7421689946448203,True,True,4.36246552226844,50233.44140625,12859.8447265625,3.9062245675868006,38579.5341796875,32,243.0,197.0,193.7536042971074,-0.9997952938913102,3.246395702892613,0.0,15.973836375417726,243,246,216,232,257,273,True,True,
flow07,397,0,0.1,128.0,19,243.99995538865724,206.0,194.0,213.0,215.0,high_confidence,0.5,high_confidence,0.5,high_confidence,0.8773063608264526,strong_evidence,0.9999968383652418,True,True,244.0,47403.82421875,13343.7236328125,4255.11328125,8.0045108871771,4.461134275857148e-05,3.5275590551181097,16.0,227,261,0.00016009476593126237,strong_evidence,0.7696688841584503,True,True,4.36246552226844,54397.46875,13419.541015625,4.053601288349764,40258.623046875,26,244.0,197.0,194.1632887472186,4.461134275857148e-05,2.836711252781413,0.0,8.0045108871771,243,246,216,232,257,273,True,True,
flow07,398,0,0.1,128.0,19,244.0,206.0,195.0,214.0,216.0,high_confidence,0.5871125640043393,high_confidence,0.5871125640043393,high_confidence,0.9332878756111371,strong_evidence,0.9264226511541201,True,True,243.0,44839.78125,12695.54296875,3350.284912109375,9.594479014327067,-1.0,3.5275590551181097,16.0,228,261,4.461134275857148e-05,strong_evidence,0.9402039745872373,True,True,4.36246552226844,55670.390625,8978.849609375,6.200169626059157,26936.548828125,49,243.0,196.0,194.52657563979432,-1.0,1.4734243602056836,0.0,9.594479014327067,243,246,216,232,257,273,True,True,
flow07,399,0,0.1,128.0,19,244.0,206.0,195.0,214.0,216.0,model_assisted,0.0009611583386877996,model_assisted,0.0009611583386877996,model_assisted,0.0,strong_evidence,0.9264226511541201,True,True,243.0,46073.5078125,10820.0986328125,2411.923095703125,14.616307311991807,-1.0,3.5275590551181097,16.0,228,261,0.0,weak_evidence,0.0,True,False,4.36246552226844,55939.203125,2860.634765625,19.554821816890783,8581.904296875,139,243.0,174.0,194.84211419418818,-1.0,-20.842114194188184,1.0,14.616307311991807,243,246,216,232,257,273,True,True,UPPER_SEED_TRAJECTORY_OUTLIER;Z_EDGE_EVIDENCE_WEAK
flow07,400,0,0.1,128.0,19,244.0,206.0,195.0,214.0,216.0,high_confidence,0.5,high_confidence,0.5,high_confidence,0.9328945034452293,strong_evidence,0.9109285651408368,True,True,243.0,47443.18359375,11510.4443359375,6194.25048828125,5.800982592775795,-1.0,3.5275590551181097,16.0,228,261,0.0,strong_evidence,0.9553901237291498,True,True,4.36246552226844,55410.890625,5581.02734375,9.928439194452746,16743.08203125,79,243.0,194.0,195.11633992999845,-1.0,-1.1163399299984462,0.0,5.800982592775795,243,246,216,232,257,273,True,True,
flow07,401,0,0.1,128.0,19,244.0,206.0,195.0,214.0,216.0,high_confidence,0.5,high_confidence,0.5,high_confidence,0.9406324906909419,strong_evidence,1.0,True,True,244.0,44269.8359375,12523.263671875,2149.3876953125,14.770053971584385,0.0,3.5275590551181097,16.0,228,261,0.0,strong_evidence,0.8847894825434448,True,True,4.36246552226844,54510.34765625,10650.5390625,5.11808344501342,31951.6171875,42,244.0,197.0,195.35983879448824,0.0,1.6401612055117596,0.0,14.770053971584385,243,246,216,232,257,273,True,True,
flow07,402,0,0.1,128.0,19,244.0,206.0,196.0,215.0,217.0,high_confidence,0.6794940817754958,high_confidence,0.6794940817754958,high_confidence,0.9885349982628794,strong_evidence,1.0,True,True,244.0,44983.89453125,15315.0234375,3594.85888671875,8.253139282702307,0.0,3.5275590551181097,16.0,228,261,0.0,strong_evidence,0.9772014427905908,True,True,4.36246552226844,53494.8984375,7954.4384765625,6.725163390869263,23863.3154296875,49,244.0,195.0,195.58324592757992,0.0,-0.5832459275799238,0.0,8.253139282702307,243,246,216,232,257,273,True,True,
flow07,403,0,0.1,128.0,19,244.0,208.0,196.0,215.0,217.0,model_assisted,0.00034241873554449417,model_assisted,0.00034241873554449417,model_assisted,0.0,strong_evidence,1.0,True,True,244.0,40649.49609375,12827.388671875,4072.971435546875,6.830911500890343,0.0,3.5275590551181097,16.0,228,261,0.0,weak_evidence,0.0,True,False,4.36246552226844,52620.90234375,3725.825927734375,14.123285243158977,11177.477783203125,118,244.0,173.0,195.7950476721696,0.0,-22.795047672169602,1.0,6.830911500890343,243,246,216,232,257,273,True,True,UPPER_SEED_TRAJECTORY_OUTLIER;Z_EDGE_EVIDENCE_WEAK
flow07,404,0,0.1,128.0,19,244.0,208.0,196.0,215.0,217.0,high_confidence,0.6153676749340434,high_confidence,0.6153676749340434,high_confidence,0.9798881177208422,strong_evidence,1.0,True,True,244.0,45157.9375,11284.6630859375,3942.466552734375,8.591898995457305,0.0,3.5275590551181097,16.0,228,261,0.0,strong_evidence,0.960180723250495,True,True,4.36246552226844,52400.30078125,7968.49560546875,6.575933949852198,23905.48681640625,49,244.0,195.0,196.0013101003392,0.0,-1.0013101003391967,0.0,8.591898995457305,243,246,216,232,257,273,True,True,
flow07,405,0,0.1,128.0,19,244.0,209.0,196.0,215.0,217.0,high_confidence,0.5,high_confidence,0.5,high_confidence,0.9032156575866089,strong_evidence,0.9503519014642021,True,True,244.0,46940.0546875,13020.341796875,6259.39013671875,5.4190124196997465,0.0,3.5275590551181097,16.0,228,261,0.0,strong_evidence,0.8584173113693085,True,True,4.36246552226844,51496.0703125,4558.80078125,11.295968563552812,13676.40234375,97,244.0,193.0,196.20596902701604,0.0,-3.205969027016039,0.0,5.4190124196997465,243,246,216,232,257,273,True,True,
flow07,406,0,0.1,128.0,19,244.0,209.0,196.0,215.0,217.0,high_confidence,0.5,high_confidence,0.5,high_confidence,0.8808594908008899,strong_evidence,0.9264226511541201,True,True,245.0,45047.9140625,11917.5,4575.94287109375,7.2401284272548425,1.0,3.5275590551181097,16.0,228,261,4.461134275857148e-05,strong_evidence,0.837537210006021,True,True,4.36246552226844,50351.484375,13319.0380859375,3.780414475138567,39957.1142578125,32,245.0,197.0,196.410604915423,1.0,0.5893950845770064,0.0,7.2401284272548425,243,246,216,232,257,273,True,True,
flow07,407,0,0.1,128.0,19,244.00004461134276,202.0,197.0,216.0,218.0,high_confidence,0.5,high_confidence,0.5,high_confidence,0.8948566171400706,strong_evidence,0.926419238418497,True,True,243.0,47814.5234375,13299.4970703125,2205.0126953125,15.652983060170518,-1.0000446113427586,3.5275590551181097,16.0,228,262,0.00016009476590284066,strong_evidence,0.864369317941166,True,True,4.36246552226844,50474.33984375,12449.8193359375,4.054222674384629,37349.4580078125,33,243.0,197.0,196.6138713635968,-1.0000446113427586,0.38612863640321393,0.0,15.652983060170518,243,246,216,232,257,273,True,True,
flow07,408,0,0.1,128.0,19,244.00020470610866,202.0,197.0,216.0,218.0,high_confidence,0.5,high_confidence,0.5,high_confidence,0.9091973384007177,strong_evidence,0.926406991180582,True,True,243.0,45421.8984375,14045.9736328125,3369.09765625,9.312857033538979,-1.0002047061086614,3.5275590551181097,16.0,228,262,0.0005141076058237104,strong_evidence,0.8923073854413675,True,True,4.36246552226844,50399.34765625,10723.3095703125,4.699980666023172,32169.9287109375,41,243.0,196.0,196.8115761179196,-1.0002047061086614,-0.8115761179195999,0.0,9.312857033538979,243,246,216,232,257,273,True,True,
flow07,409,0,0.1,128.0,19,244.00071881371449,202.0,197.0,216.0,218.0,high_confidence,0.5,high_confidence,0.5,high_confidence,0.8693472258645762,strong_evidence,0.9264776381529547,True,True,245.0,45865.87109375,14430.623046875,4046.29541015625,7.768895955538034,0.9992811862855149,3.5275590551181097,16.0,228,262,0.0014773247783921306,strong_evidence,0.8157397091905453,True,True,4.36246552226844,49365.32421875,13415.73046875,3.6796598093364628,40247.19140625,26,245.0,198.0,196.99761302989822,0.9992811862855149,1.0023869701017816,0.0,7.768895955538034,243,246,216,232,257,273,True,True,
flow07,410,0,0.1,128.0,19,244.00219613849288,201.0,197.0,216.0,218.0,high_confidence,0.5,high_confidence,0.5,high_confidence,0.8948507013138717,strong_evidence,0.9262546332129424,True,True,243.0,43540.41015625,9036.482421875,4348.6796875,7.93434564370292,-1.0021961384928773,3.5275590551181097,16.0,228,262,0.0037987699402890485,strong_evidence,0.8645114949269428,True,True,4.36246552226844,48113.74609375,12175.87109375,3.9515650028889744,36527.61328125,28,243.0,197.0,197.16527251124944,-1.0021961384928773,-0.16527251124944087,0.0,7.93434564370292,243,246,216,232,257,273,True,True,
flow07,411,0,0.1,128.0,19,244.00599490843317,201.0,197.0,216.0,218.0,model_assisted,0.004396303628868522,model_assisted,0.004396303628868522,model_assisted,0.0,strong_evidence,0.9259639322495209,True,True,243.0,42234.26171875,14599.77734375,3821.736572265625,7.230871058864625,-1.0059949084331663,3.5275590551181097,16.0,228,262,0.008740878047717615,weak_evidence,0.0,True,False,4.36246552226844,46866.19921875,3299.130859375,14.205619969748188,9897.392578125,114,243.0,182.0,197.30829676939638,-1.0059949084331663,-15.308296769396378,1.0,7.230871058864625,243,246,216,232,257,273,True,True,UPPER_SEED_TRAJECTORY_OUTLIER;Z_EDGE_EVIDENCE_WEAK
flow07,412,0,0.1,128.0,19,244.01473578648088,202.0,197.0,216.0,218.0,high_confidence,0.5,high_confidence,0.5,high_confidence,0.8821189349921574,strong_evidence,0.9989551210318994,True,True,244.0,45213.828125,11986.849609375,3061.478515625,10.853245693557225,-0.014735786480883917,3.5275590551181097,16.0,228,262,0.017997500190858773,strong_evidence,0.7789477215632092,True,True,4.36246552226844,46375.453125,13394.9921875,3.4621485758145387,40184.9765625,17,244.0,199.0,197.42155395201297,-0.014735786480883917,1.578446047987029,0.0,10.853245693557225,243,246,216,232,257,273,True,True,
flow07,413,0,0.1,128.0,19,244.03273328667174,207.0,198.0,217.0,219.0,high_confidence,0.6061936640643644,high_confidence,0.6061936640643644,high_confidence,0.931422635682282,strong_evidence,0.9239151895315918,True,True,243.0,46016.23046875,12266.2197265625,3375.2431640625,9.999282748436238,-1.0327332866717427,3.5275590551181097,16.0,228,262,0.033159988420862874,strong_evidence,0.9389910849946737,True,True,4.36246552226844,50262.078125,7477.65234375,6.72163879977788,22432.95703125,48,243.0,196.0,197.50145211572251,-1.0327332866717427,-1.5014521157225147,0.0,9.999282748436238,243,246,216,232,257,273,True,True,
flow07,414,0,0.1,128.0,19,244.0658932750926,207.0,198.0,217.0,219.0,high_confidence,0.5,high_confidence,0.5,high_confidence,0.874285221615807,strong_evidence,0.9953191531305104,True,True,244.0,45029.89453125,13325.353515625,3463.109619140625,9.154934293847885,-0.06589327509260556,3.5275590551181097,16.0,228,262,0.05467157824566016,strong_evidence,0.7679693958783618,True,True,4.36246552226844,50797.76171875,13434.7314453125,3.781077569397474,40304.1943359375,15,244.0,200.0,197.54596219264948,-0.06589327509260556,2.4540378073505167,0.0,9.154934293847885,243,246,216,232,257,273,True,True,
flow07,415,0,0.1,128.0,19,244.12056485333827,207.0,198.0,217.0,219.0,model_assisted,0.06482211433949542,model_assisted,0.06482211433949542,model_assisted,0.7124241409715567,strong_evidence,0.991418684770065,True,True,244.0,46102.32421875,17645.9765625,3538.832275390625,8.041168792920235,-0.12056485333826572,3.5275590551181097,16.0,228,262,0.08065919989877557,weak_evidence,0.5119412861951191,True,False,4.36246552226844,50938.19140625,3411.996826171875,14.929143841965594,10235.990478515625,89,244.0,190.0,197.55429344517202,-0.12056485333826572,-7.554293445172021,1.0,8.041168792920235,243,246,216,232,257,273,True,True,UPPER_SEED_TRAJECTORY_OUTLIER;Z_EDGE_EVIDENCE_WEAK
flow07,416,0,0.1,128.0,19,244.20122405323704,207.0,198.0,217.0,219.0,model_assisted,0.0526792490363294,model_assisted,0.0526792490363294,model_assisted,0.7131271035198288,strong_evidence,0.9856359810279767,True,True,244.0,43132.9453125,14556.9619140625,4413.56494140625,6.474580928978609,-0.2012240532370413,3.5275590551181097,16.0,228,262,0.10648569402724206,weak_evidence,0.5159615472277952,True,False,4.36246552226844,50580.79296875,3340.849365234375,15.14009984859091,10022.548095703125,89,244.0,190.0,197.5264973455222,-0.2012240532370413,-7.526497345522188,1.0,6.474580928978609,243,246,216,232,257,273,True,True,UPPER_SEED_TRAJECTORY_OUTLIER;Z_EDGE_EVIDENCE_WEAK
flow07,417,0,0.1,128.0,19,244.30770974726428,208.0,197.0,216.0,218.0,high_confidence,0.5,high_confidence,0.5,high_confidence,0.924768392627536,strong_evidence,0.9779493293283377,True,True,244.0,42365.75,14850.5185546875,4051.6416015625,6.791131632842687,-0.30770974726428335,3.5275590551181097,16.0,228,262,0.12579798346033044,strong_evidence,0.8744794381016361,True,True,4.36246552226844,49105.7265625,11485.7138671875,4.275374358992672,34457.1416015625,30,244.0,198.0,197.46325896616065,-0.30770974726428335,0.5367410338393483,0.0,6.791131632842687,243,246,216,232,257,273,True,True,
flow07,418,0,0.1,128.0,19,244.4335077307246,214.0,197.0,216.0,218.0,model_assisted,4.6735488278951735e-05,model_assisted,4.6735488278951735e-05,model_assisted,0.0,strong_evidence,0.8181104017066743,True,True,244.0,44423.07421875,15087.6669921875,6856.087890625,4.278738501394604,-0.4335077307246138,3.5275590551181097,16.0,228,262,0.1329845385507724,weak_evidence,0.0,True,False,4.36246552226844,44548.64453125,2205.00830078125,20.203390851393213,6615.02490234375,141,244.0,170.0,197.3662396761566,-0.4335077307246138,-27.366239676156596,1.0,4.278738501394604,243,246,216,232,257,273,True,True,UPPER_SEED_TRAJECTORY_OUTLIER;Z_EDGE_EVIDENCE_WEAK
flow07,419,0,0.1,128.0,19,244.5664922692754,214.0,197.0,216.0,218.0,model_assisted,0.00017092939095149723,model_assisted,0.00017092939095149723,model_assisted,0.0,strong_evidence,0.8049923400037213,True,True,245.0,44073.13671875,16573.015625,6638.33544921875,4.142622997002422,0.4335077307246138,3.5275590551181097,16.0,228,262,0.1329845385507724,weak_evidence,0.0,True,False,4.36246552226844,46874.12890625,14481.6962890625,3.2367844188012924,43445.0888671875,3,245.0,213.0,197.2386401767893,0.4335077307246138,15.76135982321071,1.0,4.142622997002422,244,247,217,233,258,274,True,True,UPPER_SEED_TRAJECTORY_OUTLIER;Z_EDGE_EVIDENCE_WEAK
flow07,420,0,0.1,128.0,19,244.6922902527357,214.0,197.0,216.0,218.0,high_confidence,0.5,high_confidence,0.5,high_confidence,0.8802117674698293,strong_evidence,0.8718560468386485,True,True,243.0,43812.890625,15983.1162109375,2525.61328125,11.019016498158708,-1.6922902527356882,3.5275590551181097,16.0,228,262,0.12579798346030202,strong_evidence,0.8886475679117996,True,True,4.36246552226844,48787.94140625,11473.23046875,4.252328194673266,34419.69140625,30,243.0,197.0,197.0856988302323,-1.6922902527356882,-0.08569883023230318,0.0,11.019016498158708,244,247,217,233,258,274,True,True,
flow07,421,0,0.1,128.0,19,244.79877594676296,214.0,197.0,216.0,218.0,model_assisted,0.010408992046570349,model_assisted,0.010408992046570349,model_assisted,0.0,strong_evidence,0.9856359810279767,True,True,245.0,46217.32421875,12955.4296875,4314.1435546875,7.709964703216595,0.2012240532370413,3.5275590551181097,16.0,228,262,0.10648569402727048,weak_evidence,0.0,True,False,4.36246552226844,49583.02734375,3154.6005859375,15.717687863490543,9463.8017578125,112,245.0,184.0,196.91504122917732,0.2012240532370413,-12.91504122917732,1.0,7.709964703216595,244,247,217,233,258,274,True,True,UPPER_SEED_TRAJECTORY_OUTLIER;Z_EDGE_EVIDENCE_WEAK
flow07,422,0,0.1,128.0,19,244.87943514666173,215.0,197.0,216.0,218.0,high_confidence,0.5,high_confidence,0.5,high_confidence,0.8830204834296173,strong_evidence,0.8839496921143218,True,True,244.0,47655.98828125,15925.689453125,5924.45654296875,5.3558159466597965,-0.8794351466617343,3.5275590551181097,16.0,228,262,0.08065919989877557,strong_evidence,0.8820922515298897,True,True,4.36246552226844,48500.05078125,4104.751953125,11.815586260779117,12314.255859375,101,244.0,194.0,196.7366244889688,-0.8794351466617343,-2.7366244889688005,0.0,5.3558159466597965,244,247,217,233,258,274,True,True,
flow07,423,0,0.1,128.0,19,244.93410672490742,215.0,197.0,216.0,218.0,high_confidence,0.5,high_confidence,0.5,high_confidence,0.9414926587951773,strong_evidence,0.9953191531305124,True,True,245.0,45814.4453125,13960.265625,2646.545166015625,12.036136808296563,0.06589327509257714,3.5275590551181097,16.0,228,262,0.05467157824568858,strong_evidence,0.890577081509232,True,True,4.36246552226844,47714.515625,5216.41943359375,9.146986018363178,15649.25830078125,85,245.0,194.0,196.56215270947695,0.06589327509257714,-2.5621527094769476,0.0,12.036136808296563,244,247,217,233,258,274,True,True,
flow07,424,0,0.1,128.0,19,244.96726671332826,217.0,196.0,215.0,217.0,high_confidence,0.5,high_confidence,0.5,high_confidence,0.7538188450308008,strong_evidence,0.7632787074715207,True,True,245.0,46080.40625,15478.0400390625,8714.0048828125,3.5118601174182946,0.03273328667174269,3.5275590551181097,16.0,228,262,0.03315998842083445,strong_evidence,0.7444762254746541,True,True,4.36246552226844,45158.4296875,12812.1279296875,3.524662720769559,38436.3837890625,24,245.0,199.0,196.40348425958257,0.03273328667174269,2.5965157404174306,0.0,3.5118601174182946,244,247,217,233,258,274,True,True,
flow07,425,0,0.1,128.0,19,244.98526421351912,220.0,196.0,215.0,217.0,high_confidence,0.5021841081450503,high_confidence,0.5021841081450503,high_confidence,0.9736072031799049,strong_evidence,0.9989551210318994,True,True,245.0,46828.1484375,15624.1826171875,4068.679931640625,7.669309541320946,0.014735786480883917,3.5275590551181097,16.0,228,262,0.017997500190858773,strong_evidence,0.9489024743219943,True,True,4.36246552226844,44129.07421875,5716.361328125,7.71978391247437,17149.083984375,84,245.0,195.0,196.2702899246349,0.014735786480883917,-1.270289924634909,0.0,7.669309541320946,244,247,217,233,258,274,True,True,
flow07,426,0,0.1,128.0,19,244.99400509156683,221.0,196.0,215.0,217.0,model_assisted,0.05770759237417708,model_assisted,0.05770759237417708,model_assisted,0.6083623365384119,strong_evidence,0.9259639322495209,True,True,246.0,46134.87109375,15124.00390625,3530.775634765625,8.783018349326102,1.0059949084331663,3.5275590551181097,16.0,228,262,0.008740878047717615,weak_evidence,0.3996967048374658,True,False,4.36246552226844,45394.14453125,2363.669677734375,19.204944311322386,7091.009033203125,119,246.0,188.0,196.1678046849257,1.0059949084331663,-8.167804684925699,1.0,8.783018349326102,244,247,217,233,258,274,True,True,UPPER_SEED_TRAJECTORY_OUTLIER;Z_EDGE_EVIDENCE_WEAK
flow07,427,0,0.1,128.0,19,244.99780386150715,221.0,196.0,215.0,217.0,high_confidence,0.5,high_confidence,0.5,high_confidence,0.9266714288159124,strong_evidence,0.9262546332129447,True,True,246.0,46574.71875,17222.982421875,3973.39111328125,7.387074539431927,1.0021961384928488,3.5275590551181097,16.0,228,262,0.00379876994031747,strong_evidence,0.9270884119683599,True,True,4.36246552226844,45934.8125,8612.39453125,5.333570394775335,25837.18359375,53,246.0,197.0,196.09600402453358,1.0021961384928488,0.9039959754664153,0.0,7.387074539431927,244,247,217,233,258,274,True,True,
flow07,428,0,0.1,128.0,19,244.99928118628551,219.0,196.0,215.0,217.0,model_assisted,0.047253954566006846,model_assisted,0.047253954566006846,model_assisted,0.6968625739466092,strong_evidence,0.8418957119274627,True,True,246.0,44965.51953125,22839.765625,4464.74853515625,4.955655112942588,1.0007188137144851,3.5275590551181097,16.0,228,262,0.001477324778363709,weak_evidence,0.576814253936162,True,False,4.36246552226844,42434.08203125,4215.73828125,10.065634818930922,12647.21484375,100,246.0,189.0,196.05048963772663,1.0007188137144851,-7.050489637726628,1.0,4.955655112942588,244,247,217,233,258,274,True,True,UPPER_SEED_TRAJECTORY_OUTLIER;Z_EDGE_EVIDENCE_WEAK
flow07,429,0,0.1,128.0,19,244.99979529389137,211.0,196.0,215.0,217.0,model_assisted,6.450585250927581e-05,model_assisted,6.450585250927581e-05,model_assisted,0.0,strong_evidence,0.99998549226318,True,True,245.0,49751.87109375,13855.80859375,4880.31640625,7.355273615872434,0.00020470610863299044,3.5275590551181097,16.0,228,262,0.0005141076058521321,weak_evidence,0.0,True,False,4.36246552226844,45990.23828125,1857.5986328125,24.757898433429837,5572.7958984375,131,245.0,168.0,196.02476119023186,0.00020470610863299044,-28.024761190231857,2.0,7.355273615872434,244,247,217,233,258,274,True,True,UPPER_SEED_TRAJECTORY_OUTLIER;Z_EDGE_EVIDENCE_WEAK
flow07,430,0,0.1,128.0,19,244.99995538865724,208.0,196.0,215.0,217.0,model_assisted,0.006110893894360534,model_assisted,0.006110893894360534,model_assisted,0.0,strong_evidence,0.9264260638771715,True,True,244.0,47460.6796875,19203.650390625,4329.9580078125,6.525936105128762,-0.9999553886572414,3.5275590551181097,16.0,228,262,0.00016009476587441895,weak_evidence,0.0,True,False,4.36246552226844,50895.640625,2905.61083984375,17.51633079250796,8716.83251953125,116,244.0,182.0,196.01264459176707,-0.9999553886572414,-14.01264459176707,1.0,6.525936105128762,244,247,217,233,258,274,True,True,UPPER_SEED_TRAJECTORY_OUTLIER;Z_EDGE_EVIDENCE_WEAK
flow07,431,0,0.1,128.0,19,245.00000000000003,208.0,196.0,215.0,217.0,high_confidence,0.7115579071383608,high_confidence,0.7115579071383608,high_confidence,0.9797020563293262,strong_evidence,0.999999999999998,True,True,245.0,47031.71484375,8571.419921875,3859.887451171875,9.964097505018787,-2.842170943040401e-14,3.5275590551181097,16.0,229,262,4.461134278699319e-05,strong_evidence,0.9598161191759121,True,True,4.36246552226844,51005.35546875,6024.912109375,8.4657426602761,18074.736328125,75,245.0,195.0,196.01010530234382,-2.842170943040401e-14,-1.010105302343817,0.0,9.964097505018787,244,247,217,233,258,274,True,True,
flow07,432,0,0.1,128.0,19,245.00000000000003,207.0,196.0,215.0,217.0,high_confidence,0.9946167875043769,high_confidence,0.9946167875043769,high_confidence,0.9996904311840854,strong_evidence,0.999999999999998,True,True,245.0,42986.37109375,10656.4951171875,2242.241455078125,14.418552428126457,-2.842170943040401e-14,3.5275590551181097,16.0,229,262,0.0,strong_evidence,0.9993809582010247,True,True,4.36246552226844,50152.7578125,6884.828125,7.2845330198420895,20654.484375,56,245.0,196.0,196.01619326258458,-2.842170943040401e-14,-0.016193262584579315,0.0,14.418552428126457,244,247,217,233,258,274,True,True,
flow07,433,0,0.1,128.0,19,245.00000000000003,207.0,196.0,215.0,217.0,high_confidence,0.5,high_confidence,0.5,high_confidence,0.9264166276444852,strong_evidence,0.999999999999998,True,True,245.0,45089.6640625,13135.42578125,2677.98681640625,11.93218655352878,-2.842170943040401e-14,3.5275590551181097,16.0,229,262,0.0,strong_evidence,0.8582477679761824,True,True,4.36246552226844,49622.234375,11632.7353515625,4.26574084902007,34898.2060546875,30,245.0,197.0,196.03319504658333,-2.842170943040401e-14,0.9668049534166698,0.0,11.93218655352878,244,247,217,233,258,274,True,True,
flow07,434,0,0.1,128.0,19,245.00000000000003,207.0,196.0,215.0,217.0,model_assisted,0.027539334694802502,model_assisted,0.027539334694802502,model_assisted,0.5893597817750141,strong_evidence,0.8217485444752022,True,True,245.0,43730.59375,17172.578125,6554.90625,4.051624022082696,-2.842170943040401e-14,3.5275590551181097,16.0,229,262,0.0,weak_evidence,0.4226900731484948,True,False,4.36246552226844,49423.71484375,2944.640380859375,16.784295686839013,8833.921142578125,119,245.0,188.0,196.06601793381833,-2.842170943040401e-14,-8.06601793381833,1.0,4.051624022082696,244,247,217,233,258,274,True,True,UPPER_SEED_TRAJECTORY_OUTLIER;Z_EDGE_EVIDENCE_WEAK
flow07,435,0,0.1,128.0,19,245.00000000000003,207.0,196.0,215.0,217.0,high_confidence,0.5,high_confidence,0.5,high_confidence,0.8052348094482404,strong_evidence,0.8365705395661994,True,True,246.0,45527.0078125,11565.8330078125,6941.361328125,4.892581325090173,0.9999999999999716,3.5275590551181097,16.0,229,262,0.0,strong_evidence,0.7750728332883574,True,True,4.36246552226844,49658.7109375,13946.3935546875,3.5606847564407995,41839.1806640625,24,246.0,198.0,196.12060202945725,0.9999999999999716,1.8793979705427546,0.0,4.892581325090173,244,247,217,233,258,274,True,True,
flow07,436,0,0.1,128.0,19,245.00000000000003,202.0,196.0,215.0,217.0,high_confidence,0.5,high_confidence,0.5,high_confidence,0.975612850775729,strong_evidence,0.999999999999998,True,True,245.0,46700.47265625,14160.267578125,5316.267578125,6.120874203551966,-2.842170943040401e-14,3.5275590551181097,16.0,229,262,0.0,strong_evidence,0.9518204345987469,True,True,4.36246552226844,50307.04296875,5940.998046875,8.467776385688563,17822.994140625,72,245.0,195.0,196.2013071590542,-2.842170943040401e-14,-1.2013071590542097,0.0,6.120874203551966,244,247,217,233,258,274,True,True,
flow07,437,0,0.1,128.0,19,245.00000000000003,203.0,196.0,215.0,217.0,model_assisted,0.00015542625305286508,model_assisted,0.00015542625305286508,model_assisted,0.0,strong_evidence,0.999999999999998,True,True,245.0,47360.37890625,12127.5576171875,3076.290771484375,11.453020506270908,-2.842170943040401e-14,3.5275590551181097,16.0,229,262,0.0,weak_evidence,0.0,True,False,4.36246552226844,51528.3359375,1181.2564697265625,43.62163277668887,5152.833593750001,150,245.0,170.0,196.30801758720534,-2.842170943040401e-14,-26.30801758720534,1.0,11.453020506270908,244,247,217,233,258,274,True,True,UPPER_SEED_TRAJECTORY_OUTLIER;Z_EDGE_EVIDENCE_WEAK
flow07,438,0,0.1,128.0,19,245.00000000000003,203.0,196.0,215.0,217.0,high_confidence,0.5,high_confidence,0.5,high_confidence,0.9263213582233855,strong_evidence,0.999999999999998,True,True,245.0,45936.328125,9092.9775390625,2482.958251953125,14.838489755901483,-2.842170943040401e-14,3.5275590551181097,16.0,229,262,0.0,strong_evidence,0.8580712587008192,True,True,4.36246552226844,52657.80859375,12990.8701171875,4.0534473918018294,38972.6103515625,35,245.0,197.0,196.43447938146042,-2.842170943040401e-14,0.5655206185395798,0.0,14.838489755901483,244,247,217,233,258,274,True,True,
flow07,439,0,0.1,128.0,19,245.00000000000003,203.0,197.0,216.0,218.0,high_confidence,0.5,high_confidence,0.5,high_confidence,0.8680793544301534,strong_evidence,0.8464737781779547,True,True,247.0,45732.07421875,12994.453125,3621.516845703125,9.039753917641635,1.9999999999999716,3.5275590551181097,16.0,229,262,0.0,strong_evidence,0.8902363959931789,True,True,4.36246552226844,53574.3671875,5480.50341796875,9.775446359881366,16441.51025390625,74,247.0,194.0,196.56922261825073,1.9999999999999716,-2.569222618250734,0.0,9.039753917641635,244,247,217,233,258,274,True,True,
flow07,440,0,0.1,128.0,19,245.00000000000003,203.0,197.0,216.0,218.0,model_assisted,0.00026572016130342114,model_assisted,0.00026572016130342114,model_assisted,0.0,strong_evidence,0.999999999999998,True,True,245.0,45867.6484375,7225.69580078125,3172.93994140625,12.178595671619489,-2.842170943040401e-14,3.5275590551181097,16.0,229,262,0.0,weak_evidence,0.0,True,False,4.36246552226844,54003.94140625,1330.818115234375,40.57950578523586,5400.394140625001,147,245.0,172.0,196.69920048437376,-2.842170943040401e-14,-24.699200484373762,1.0,12.178595671619489,244,247,217,233,258,274,True,True,UPPER_SEED_TRAJECTORY_OUTLIER;Z_EDGE_EVIDENCE_WEAK
flow07,441,0,0.1,128.0,19,245.00000000000003,203.0,197.0,216.0,218.0,model_assisted,0.00035685188743098285,model_assisted,0.00035685188743098285,model_assisted,0.0,strong_evidence,0.999999999999998,True,True,245.0,46705.4921875,9727.15625,3108.026123046875,11.89769148441044,-2.842170943040401e-14,3.5275590551181097,16.0,229,262,0.0,weak_evidence,0.0,True,False,4.36246552226844,53553.81640625,319.1788635253906,167.78622435940156,5355.381640625001,144,245.0,173.0,196.814569230252,-2.842170943040401e-14,-23.814569230252005,1.0,11.89769148441044,244,247,217,233,258,274,True,True,UPPER_SEED_TRAJECTORY_OUTLIER;Z_EDGE_EVIDENCE_WEAK
flow07,442,0,0.1,128.0,19,245.00000000000003,205.0,197.0,216.0,218.0,high_confidence,0.5,high_confidence,0.5,high_confidence,0.9056046689166218,strong_evidence,0.999999999999998,True,True,245.0,47907.640625,17814.763671875,3731.553466796875,8.064436760960147,-2.842170943040401e-14,3.5275590551181097,16.0,229,262,0.0,strong_evidence,0.820119816363586,True,True,4.36246552226844,52622.00390625,6395.166015625,8.228403105983675,19185.498046875,66,245.0,193.0,196.91217419651076,-2.842170943040401e-14,-3.9121741965107617,0.0,8.064436760960147,244,247,217,233,258,274,True,True,
flow07,443,0,0.1,128.0,19,245.00000000000003,205.0,197.0,216.0,218.0,high_confidence,0.5,high_confidence,0.5,high_confidence,0.9050886012776911,strong_evidence,0.9007687609936909,True,True,245.0,47446.0,13198.6689453125,7034.7529296875,4.868306164692673,-2.842170943040401e-14,3.5275590551181097,16.0,229,262,0.0,strong_evidence,0.9094291583326177,True,True,4.36246552226844,51085.40625,11314.3310546875,4.515106196122433,33942.9931640625,39,245.0,197.0,196.99578022524136,-2.842170943040401e-14,0.00421977475863855,0.0,4.868306164692673,244,247,217,233,258,274,True,True,
flow07,444,0,0.1,128.0,19,245.00000000000003,202.0,197.0,216.0,218.0,model_assisted,0.00023925441204820873,model_assisted,0.00023925441204820873,model_assisted,0.0,strong_evidence,0.865454949832619,True,True,244.0,45586.6484375,12063.5478515625,6402.09814453125,5.236267834252641,-1.0000000000000284,3.5275590551181097,16.0,229,262,0.0,weak_evidence,0.0,True,False,4.36246552226844,49289.640625,2967.8046875,16.60811468915102,8903.4140625,137,244.0,174.0,197.07302097851533,-1.0000000000000284,-23.07302097851533,1.0,5.236267834252641,244,247,217,233,258,274,True,True,UPPER_SEED_TRAJECTORY_OUTLIER;Z_EDGE_EVIDENCE_WEAK
flow07,445,0,0.1,128.0,19,245.00000000000003,201.0,197.0,216.0,218.0,model_assisted,0.0005018022360376193,model_assisted,0.0005018022360376193,model_assisted,0.0,strong_evidence,0.999999999999998,True,True,245.0,45112.8828125,13530.5400390625,3910.8251953125,8.075621178694455,-2.842170943040401e-14,3.5275590551181097,16.0,229,262,0.0,weak_evidence,0.0,True,False,4.36246552226844,49232.46484375,3216.415283203125,15.306625702487324,9649.245849609375,106,245.0,175.0,197.15070750195545,-2.842170943040401e-14,-22.150707501955452,1.0,8.075621178694455,244,247,217,233,258,274,True,True,UPPER_SEED_TRAJECTORY_OUTLIER;Z_EDGE_EVIDENCE_WEAK
flow07,446,0,0.1,128.0,19,245.00000000000003,201.0,197.0,216.0,218.0,high_confidence,0.5,high_confidence,0.5,high_confidence,0.8796565352067238,strong_evidence,0.9440334870116093,True,True,245.0,47867.5234375,13091.001953125,6503.69384765625,5.347195347595811,-2.842170943040401e-14,3.5275590551181097,16.0,229,262,0.0,strong_evidence,0.8196696733517276,True,True,4.36246552226844,49833.09765625,13751.61328125,3.6238001052717395,41254.83984375,17,245.0,198.0,197.23053491286134,-2.842170943040401e-14,0.7694650871386557,0.0,5.347195347595811,244,247,217,233,258,274,True,True,
flow07,447,0,0.1,128.0,19,245.00000000000003,201.0,197.0,216.0,218.0,high_confidence,0.558818807228639,high_confidence,0.558818807228639,high_confidence,0.9236685762162613,strong_evidence,0.9264226511541223,True,True,246.0,46682.9375,12859.984375,2679.465087890625,12.623024378207775,0.9999999999999716,3.5275590551181097,16.0,229,262,0.0,strong_evidence,0.9209226886092626,True,True,4.36246552226844,50181.98828125,10331.5224609375,4.857172645269205,30994.5673828125,40,246.0,197.0,197.30711886523304,0.9999999999999716,-0.30711886523303633,0.0,12.623024378207775,244,247,217,233,258,274,True,True,
flow07,448,0,0.1,128.0,19,245.00000000000003,201.0,197.0,216.0,218.0,high_confidence,0.5,high_confidence,0.5,high_confidence,0.9307679125393814,strong_evidence,0.999999999999998,True,True,245.0,43292.9609375,10609.744140625,2419.807373046875,13.506536578455941,-2.842170943040401e-14,3.5275590551181097,16.0,229,262,0.0,strong_evidence,0.8663289070129194,True,True,4.36246552226844,50234.9296875,11945.4091796875,4.205375381608667,35836.2275390625,34,245.0,198.0,197.36895160179427,-2.842170943040401e-14,0.6310483982057349,0.0,13.506536578455941,244,247,217,233,258,274,True,True,
flow07,449,0,0.1,128.0,19,245.00000000000003,201.0,197.0,216.0,218.0,model_assisted,8.665567488071939e-05,model_assisted,8.665567488071939e-05,model_assisted,0.0,strong_evidence,0.907091666540278,True,True,244.0,40893.05859375,11024.943359375,5192.45263671875,5.752217174435213,-1.0000000000000284,3.5275590551181097,16.0,229,262,0.0,weak_evidence,0.0,True,False,4.36246552226844,50181.375,1591.468994140625,31.5314814079035,5018.137500000001,145,244.0,171.0,197.40170500501782,-1.0000000000000284,-26.401705005017817,1.0,5.752217174435213,244,247,217,233,258,274,True,True,UPPER_SEED_TRAJECTORY_OUTLIER;Z_EDGE_EVIDENCE_WEAK
flow07,450,0,0.1,128.0,19,245.00000000000003,201.0,197.0,216.0,218.0,model_assisted,6.947732597394732e-05,model_assisted,6.947732597394732e-05,model_assisted,0.0,strong_evidence,0.999999999999998,True,True,245.0,47252.92578125,10556.974609375,5718.83984375,6.4166775385359385,-2.842170943040401e-14,3.5275590551181097,16.0,229,262,0.0,weak_evidence,0.0,True,False,4.36246552226844,50242.40625,440.4255676269531,114.07695180075478,5024.240625,147,245.0,170.0,197.392476430969,-2.842170943040401e-14,-27.392476430968998,1.0,6.4166775385359385,244,247,217,233,258,274,True,True,UPPER_SEED_TRAJECTORY_OUTLIER;Z_EDGE_EVIDENCE_WEAK
flow07,451,0,0.1,128.0,19,245.00000000000003,201.0,197.0,216.0,218.0,high_confidence,0.5,high_confidence,0.5,high_confidence,0.8910246236379218,strong_evidence,0.9264226511541179,True,True,244.0,42650.609375,13520.5419921875,2373.616455078125,12.272440781446182,-1.0000000000000284,3.5275590551181097,16.0,229,262,0.0,strong_evidence,0.8569791325158611,True,True,4.36246552226844,50579.09765625,12370.7646484375,4.088599136241625,37112.2939453125,30,244.0,198.0,197.33348085058756,-1.0000000000000284,0.6665191494124372,0.0,12.272440781446182,244,247,217,233,258,274,True,True,
flow07,452,0,0.1,128.0,19,245.00000000000003,201.0,197.0,216.0,218.0,model_assisted,4.2130738863707215e-05,model_assisted,4.2130738863707215e-05,model_assisted,0.0,strong_evidence,0.9264226511541179,True,True,244.0,46298.10546875,10567.0283203125,2005.878173828125,17.81318407799732,-1.0000000000000284,3.5275590551181097,16.0,229,262,4.461134278699319e-05,weak_evidence,0.0,True,False,4.36246552226844,51242.1015625,1922.5615234375,26.65303603438406,5767.6845703125,151,244.0,167.0,197.22419883325247,-1.0000000000000284,-30.224198833252473,1.0,17.81318407799732,244,247,217,233,258,274,True,True,UPPER_SEED_TRAJECTORY_OUTLIER;Z_EDGE_EVIDENCE_WEAK
flow07,453,0,0.1,128.0,19,245.00004461134282,201.0,197.0,216.0,218.0,high_confidence,0.5,high_confidence,0.5,high_confidence,0.8845965986297853,strong_evidence,0.817458791336291,True,True,245.0,45532.296875,15121.12109375,7584.8583984375,4.009458606045273,-4.46113428154149e-05,3.5275590551181097,16.0,229,263,0.00016009476587441895,strong_evidence,0.9572484271998876,True,True,4.36246552226844,52034.03515625,4768.876953125,10.911171679980669,14306.630859375,84,245.0,196.0,197.0718557231408,-4.46113428154149e-05,-1.0718557231408,0.0,4.009458606045273,244,247,217,233,258,274,True,True,
flow07,454,0,0.1,128.0,19,245.0002047061087,201.0,197.0,216.0,218.0,high_confidence,0.5,high_confidence,0.5,high_confidence,0.9404754354771041,strong_evidence,0.9999854922631759,True,True,245.0,44294.0390625,13630.263671875,4145.69287109375,7.396538128627709,-0.00020470610868983385,3.5275590551181097,16.0,229,263,0.0005141076058521321,strong_evidence,0.8845068769288383,True,True,4.36246552226844,52462.9609375,11028.330078125,4.757108335155995,33084.990234375,36,245.0,198.0,196.8901381400786,-0.00020470610868983385,1.1098618599214092,0.0,7.396538128627709,244,247,217,233,258,274,True,True,
flow07,455,0,0.1,128.0,19,245.00071881371454,201.0,197.0,216.0,218.0,high_confidence,0.5,high_confidence,0.5,high_confidence,0.919267261959398,strong_evidence,0.9999490559893255,True,True,245.0,43969.53515625,14480.91015625,2118.1669921875,13.921765898894561,-0.000718813714541966,3.5275590551181097,16.0,229,263,0.001477324778363709,strong_evidence,0.8450953514569342,True,True,4.36246552226844,52037.56640625,12223.3203125,4.257236583502974,36669.9609375,21,245.0,198.0,196.6967554781667,-0.000718813714541966,1.3032445218333066,0.0,13.921765898894561,244,247,217,233,258,274,True,True,
flow07,456,0,0.1,128.0,19,245.0021961384929,200.0,197.0,216.0,218.0,high_confidence,0.7845669659054336,high_confidence,0.7845669659054336,high_confidence,0.952985700713641,strong_evidence,0.9265906386287412,True,True,246.0,47982.27734375,14976.6162109375,3549.466064453125,9.29876790860311,0.9978038615070943,3.5275590551181097,16.0,229,263,0.00379876994031747,strong_evidence,0.980132658267177,True,True,4.36246552226844,49410.06640625,7964.19384765625,6.2040260886907825,23892.58154296875,44,246.0,196.0,196.50976049391582,0.9978038615070943,-0.5097604939158202,0.0,9.29876790860311,244,247,217,233,258,274,True,True,
flow07,457,0,0.1,128.0,19,245.00599490843322,199.0,196.0,215.0,217.0,high_confidence,0.5,high_confidence,0.5,high_confidence,0.9486606206478371,strong_evidence,0.994391481986989,True,True,245.0,46645.69921875,11737.7705078125,5878.80224609375,5.937932124546721,-0.005994908433223145,3.5275590551181097,16.0,229,263,0.008740878047717615,strong_evidence,0.9050328663009553,True,True,4.36246552226844,45841.3515625,9531.13671875,4.809641590002504,28593.41015625,41,245.0,197.0,196.3435836086126,-0.005994908433223145,0.6564163913874097,0.0,5.937932124546721,244,247,217,233,258,274,True,True,
flow07,458,0,0.1,128.0,19,245.01473578648094,198.0,196.0,215.0,217.0,model_assisted,0.00532631741040812,model_assisted,0.00532631741040812,model_assisted,0.0,strong_evidence,0.9252946894947994,True,True,244.0,45158.859375,17278.08984375,3293.164306640625,8.466255229060017,-1.0147357864809408,3.5275590551181097,16.0,229,263,0.017997500190858773,weak_evidence,0.0,True,False,4.36246552226844,41743.09375,2659.59033203125,15.695309629930449,7978.77099609375,130,244.0,181.0,196.20579517947482,-1.0147357864809408,-15.20579517947482,1.0,8.466255229060017,244,247,217,233,258,274,True,True,UPPER_SEED_TRAJECTORY_OUTLIER;Z_EDGE_EVIDENCE_WEAK
flow07,459,0,0.1,128.0,19,245.0327332866718,199.0,196.0,215.0,217.0,high_confidence,0.5,high_confidence,0.5,high_confidence,0.9206677478577402,strong_evidence,0.9289233443593007,True,True,246.0,45021.1953125,16834.6875,4058.484130859375,6.945082672167938,0.9672667133282005,3.5275590551181097,16.0,229,263,0.03315998842083445,strong_evidence,0.9124855211062355,True,True,4.36246552226844,44374.01171875,3911.51708984375,11.344450426655957,11734.55126953125,77,246.0,194.0,196.09605421819106,0.9672667133282005,-2.096054218191057,0.0,6.945082672167938,244,247,217,233,258,274,True,True,
flow07,460,0,0.1,128.0,19,245.06589327509263,201.0,196.0,215.0,217.0,high_confidence,0.5,high_confidence,0.5,high_confidence,0.9189353997240813,strong_evidence,0.9213680834280407,True,True,244.0,43561.703125,15587.763671875,3453.555908203125,8.100039552473833,-1.065893275092634,3.5275590551181097,16.0,229,263,0.054671578245631736,strong_evidence,0.916509139023165,True,True,4.36246552226844,48113.0546875,5351.94970703125,8.989818163704031,16055.84912109375,71,244.0,194.0,196.0079765971906,-1.065893275092634,-2.0079765971906056,0.0,8.100039552473833,244,247,217,233,258,274,True,True,
flow07,461,0,0.1,128.0,19,245.12056485333827,201.0,196.0,215.0,217.0,high_confidence,0.7326230246135137,high_confidence,0.7326230246135137,high_confidence,0.9397911035652098,strong_evidence,0.9171531699136378,True,True,244.0,47438.34375,11362.4619140625,3342.82568359375,10.79203202637645,-1.1205648533382657,3.5275590551181097,16.0,229,263,0.08065919989877557,strong_evidence,0.9629878054321949,True,True,4.36246552226844,48779.625,5994.599609375,8.137261565178294,17983.798828125,65,244.0,195.0,195.93337200150725,-1.1205648533382657,-0.9333720015072515,0.0,10.79203202637645,244,247,217,233,258,274,True,True,
flow07,462,0,0.1,128.0,19,245.20122405323704,206.0,196.0,215.0,217.0,high_confidence,0.7490194532755081,high_confidence,0.7490194532755081,high_confidence,0.9536273249567369,strong_evidence,0.9416903108105374,True,True,246.0,45903.08984375,8401.423828125,3248.02685546875,11.545983972541022,0.7987759467629587,3.5275590551181097,16.0,229,263,0.10648569402724206,strong_evidence,0.9657156545673631,True,True,4.36246552226844,51895.16015625,8311.8798828125,6.243492553779564,24935.6396484375,49,246.0,195.0,195.86697097041522,0.7987759467629587,-0.866970970415224,0.0,11.545983972541022,244,247,217,233,258,274,True,True,
flow07,463,0,0.1,128.0,19,245.30770974726428,206.0,196.0,215.0,217.0,high_confidence,0.7854959906707332,high_confidence,0.7854959906707332,high_confidence,0.9837988653310259,strong_evidence,0.9779493293283377,True,True,245.0,44224.3671875,9181.349609375,4111.3974609375,8.52338357239106,-0.30770974726428335,3.5275590551181097,16.0,229,263,0.12579798346030202,strong_evidence,0.9896833899271111,True,True,4.36246552226844,53671.9609375,9026.33203125,5.946154069192523,27078.99609375,48,245.0,196.0,195.80933034052975,-0.30770974726428335,0.19066965947024528,0.0,8.52338357239106,244,247,217,233,258,274,True,True,
flow07,464,0,0.1,128.0,19,245.43350773072459,206.0,196.0,215.0,217.0,high_confidence,0.7203315635584976,high_confidence,0.7203315635584976,high_confidence,0.9608623494385513,strong_evidence,0.9687900442172848,True,True,245.0,47326.796875,10230.15625,3346.452880859375,11.08536170856633,-0.43350773072458537,3.5275590551181097,16.0,229,263,0.13298453855082926,strong_evidence,0.9529995276886851,True,True,4.36246552226844,54487.49609375,10211.2451171875,5.3360286104617165,30633.7353515625,44,245.0,196.0,195.7663489243553,-0.43350773072458537,0.23365107564470122,0.0,11.08536170856633,244,247,217,233,258,274,True,True,
flow07,465,0,0.1,128.0,19,245.56649226927541,206.0,196.0,215.0,217.0,high_confidence,0.5,high_confidence,0.5,high_confidence,0.8439200615367498,strong_evidence,0.8926438698304925,True,True,247.0,44350.79296875,10723.29296875,2998.157470703125,11.216055303497354,1.4335077307245854,3.5275590551181097,16.0,229,263,0.13298453855082926,strong_evidence,0.7978557791467655,True,True,4.36246552226844,54599.00390625,13287.2001953125,4.109142867096381,39861.6005859375,31,247.0,198.0,195.74552956924862,1.4335077307245854,2.2544704307513825,0.0,11.216055303497354,245,248,218,234,259,275,True,True,
flow07,466,0,0.1,128.0,19,245.69229025273575,206.0,196.0,215.0,217.0,high_confidence,0.5,high_confidence,0.5,high_confidence,0.8991808751156946,strong_evidence,0.9500634540696231,True,True,246.0,45653.125,11998.921875,5943.13427734375,5.6627028020039205,0.30770974726425493,3.5275590551181097,16.0,229,263,0.12579798346033044,strong_evidence,0.8510234160786648,True,True,4.36246552226844,54391.91015625,12602.7802734375,4.315865941969185,37808.3408203125,33,246.0,197.0,195.75107832881412,0.30770974726425493,1.248921671185883,0.0,5.6627028020039205,245,248,218,234,259,275,True,True,
flow07,467,0,0.1,128.0,19,245.798775946763,206.0,196.0,215.0,217.0,high_confidence,0.5,high_confidence,0.5,high_confidence,0.9135897030794256,strong_evidence,0.905451568479826,True,True,246.0,46374.4453125,11372.4306640625,6912.64794921875,5.0634742150283145,0.20122405323701287,3.5275590551181097,16.0,229,263,0.10648569402724206,strong_evidence,0.9218009826566989,True,True,4.36246552226844,54003.9296875,9885.2197265625,5.463098563442798,29655.6591796875,43,246.0,197.0,195.78067418091948,0.20122405323701287,1.2193258190805238,0.0,5.0634742150283145,245,248,218,234,259,275,True,True,
flow07,468,0,0.1,128.0,19,245.87943514666176,206.0,196.0,215.0,217.0,high_confidence,0.5,high_confidence,0.5,high_confidence,0.8965064130340378,strong_evidence,0.9914186847700671,True,True,246.0,46607.59375,9406.2900390625,3231.947021484375,11.510493044484253,0.1205648533382373,3.5275590551181097,16.0,229,263,0.08065919989877557,strong_evidence,0.810680453130212,True,True,4.36246552226844,53308.48046875,12520.65234375,4.257644011285105,37561.95703125,27,246.0,198.0,195.82584891690055,0.1205648533382373,2.1741510830994457,0.0,11.510493044484253,245,248,218,234,259,275,True,True,
flow07,469,0,0.1,128.0,19,245.9341067249074,200.0,196.0,215.0,217.0,model_assisted,0.00068109528734534,model_assisted,0.00068109528734534,model_assisted,0.0,strong_evidence,0.9953191531305104,True,True,246.0,45987.91796875,11687.978515625,3085.085693359375,11.117985969386645,0.06589327509260556,3.5275590551181097,16.0,229,263,0.054671578245631736,weak_evidence,0.0,True,False,4.36246552226844,46558.94921875,2674.081787109375,17.4111911771701,8022.245361328125,140,246.0,174.0,195.87542501676793,0.06589327509260556,-21.875425016767934,1.0,11.117985969386645,245,248,218,234,259,275,True,True,UPPER_SEED_TRAJECTORY_OUTLIER;Z_EDGE_EVIDENCE_WEAK
flow07,470,0,0.1,128.0,19,245.96726671332829,200.0,196.0,215.0,217.0,model_assisted,0.18612838749168573,model_assisted,0.18612838749168573,model_assisted,0.8698225124738265,strong_evidence,0.9976774773822313,True,True,246.0,45632.765625,12372.9013671875,3466.579345703125,9.594433284511021,0.03273328667171427,3.5275590551181097,16.0,229,263,0.033159988420891295,weak_evidence,0.7583524940258963,True,False,4.36246552226844,47434.1875,6069.82373046875,7.814755354738585,18209.47119140625,62,246.0,191.0,195.91974967744846,0.03273328667171427,-4.919749677448465,2.0,9.594433284511021,245,248,218,234,259,275,True,True,UPPER_SEED_TRAJECTORY_OUTLIER;Z_EDGE_EVIDENCE_WEAK
flow07,471,0,0.1,128.0,19,245.98526421351914,198.0,196.0,215.0,217.0,model_assisted,0.07340000173295864,model_assisted,0.07340000173295864,model_assisted,0.7662443433129161,strong_evidence,0.9989551210319014,True,True,246.0,45837.921875,13879.826171875,4288.09765625,7.452744378744581,0.014735786480855495,3.5275590551181097,16.0,229,263,0.017997500190858773,weak_evidence,0.5877445155419472,True,False,4.36246552226844,40447.421875,2756.36181640625,14.674206279542584,8269.08544921875,109,246.0,189.0,195.95348569290744,0.014735786480855495,-6.953485692907435,1.0,7.452744378744581,245,248,218,234,259,275,True,True,UPPER_SEED_TRAJECTORY_OUTLIER;Z_EDGE_EVIDENCE_WEAK
flow07,472,0,0.1,128.0,19,245.9940050915668,200.0,196.0,215.0,217.0,high_confidence,0.5,high_confidence,0.5,high_confidence,0.8475509918473642,strong_evidence,0.9268811430360776,True,True,245.0,45021.25,14350.478515625,4498.98583984375,6.817263395841272,-0.9940050915668053,3.5275590551181097,16.0,229,263,0.008740878047660772,strong_evidence,0.7750105708575089,True,True,4.36246552226844,49446.12890625,13596.2421875,3.636749641876001,40788.7265625,17,245.0,198.0,195.97580834640848,-0.9940050915668053,2.024191653591515,0.0,6.817263395841272,245,248,218,234,259,275,True,True,
flow07,473,0,0.1,128.0,19,245.99780386150712,200.0,196.0,215.0,217.0,model_assisted,0.13350463858345035,model_assisted,0.13350463858345035,model_assisted,0.8355520717592608,strong_evidence,0.9262546332129424,True,True,247.0,45753.88671875,14081.9619140625,4497.412109375,7.042255420326359,1.0021961384928773,3.5275590551181097,16.0,229,263,0.00379876994031747,weak_evidence,0.7537314682027523,True,False,4.36246552226844,50394.37109375,3892.414306640625,12.946815812431645,11677.242919921875,89,247.0,191.0,195.98888736162544,1.0021961384928773,-4.988887361625444,1.0,7.042255420326359,245,248,218,234,259,275,True,True,UPPER_SEED_TRAJECTORY_OUTLIER;Z_EDGE_EVIDENCE_WEAK
flow07,474,0,0.1,128.0,19,245.99928118628554,201.0,196.0,215.0,217.0,high_confidence,0.6176814103587357,high_confidence,0.6176814103587357,high_confidence,0.9652424716652334,strong_evidence,0.9999490559893316,True,True,246.0,48538.8046875,13678.634765625,2376.823486328125,14.666705425285624,0.0007188137144567008,3.5275590551181097,16.0,229,263,0.0014773247784205523,strong_evidence,0.9317404957041622,True,True,4.36246552226844,51928.9609375,10694.869140625,4.8555022277220035,32084.607421875,36,246.0,196.0,195.99602324463285,0.0007188137144567008,0.003976755367148144,0.0,14.666705425285624,245,248,218,234,259,275,True,True,
flow07,475,0,0.1,128.0,19,245.99979529389134,201.0,196.0,215.0,217.0,high_confidence,0.5,high_confidence,0.5,high_confidence,0.9575174242105463,strong_evidence,0.9999854922631779,True,True,246.0,48098.20703125,13815.4853515625,3797.474853515625,9.027767925296267,0.00020470610866141215,3.5275590551181097,16.0,229,263,0.0005141076057952887,strong_evidence,0.9168529191276547,True,True,4.36246552226844,53160.36328125,7915.67236328125,6.715836740268221,23747.01708984375,58,246.0,194.0,196.00041522719562,0.00020470610866141215,-2.0004152271956173,0.0,9.027767925296267,245,248,218,234,259,275,True,True,
flow07,476,0,0.1,128.0,19,245.99995538865727,201.0,196.0,215.0,217.0,model_assisted,0.09681498880043106,model_assisted,0.09681498880043106,model_assisted,0.7342930723228145,strong_evidence,0.9264260638771693,True,True,245.0,45922.96875,10794.44921875,2220.283203125,15.821639096223121,-0.9999553886572699,3.5275590551181097,16.0,229,263,0.00016009476593126237,weak_evidence,0.5820068509350211,True,False,4.36246552226844,53988.0703125,3287.328125,16.423085332408064,9861.984375,97,245.0,189.0,196.00486036112065,-0.9999553886572699,-7.004860361120649,1.0,15.821639096223121,245,248,218,234,259,275,True,True,UPPER_SEED_TRAJECTORY_OUTLIER;Z_EDGE_EVIDENCE_WEAK
flow07,477,0,0.1,128.0,19,246.0,201.0,196.0,215.0,217.0,high_confidence,0.5,high_confidence,0.5,high_confidence,0.8773332529103377,strong_evidence,1.0,True,True,246.0,46117.71484375,15500.54296875,2201.0673828125,13.910147464853035,0.0,3.5275590551181097,16.0,230,263,4.461134273014977e-05,strong_evidence,0.7697136366622346,True,True,4.36246552226844,54423.97265625,15358.4228515625,3.543591238648123,46075.2685546875,11,246.0,198.0,196.01192359788504,0.0,1.988076402114956,0.0,13.910147464853035,245,248,218,234,259,275,True,True,
flow07,478,0,0.1,128.0,19,246.0,201.0,196.0,215.0,217.0,high_confidence,0.6649800144512554,high_confidence,0.6649800144512554,high_confidence,0.9478172518714647,strong_evidence,0.9264226511541201,True,True,247.0,47047.984375,12549.21484375,4265.046875,8.088719899766636,1.0,3.5275590551181097,16.0,230,263,0.0,strong_evidence,0.9697059347869124,True,True,4.36246552226844,54266.35546875,9891.421875,5.486203718183843,29674.265625,43,247.0,196.0,196.02408499783462,1.0,-0.02408499783462048,0.0,8.088719899766636,245,248,218,234,259,275,True,True,
flow07,479,0,0.1,128.0,19,246.0,202.0,196.0,215.0,217.0,model_assisted,0.00011599347592147371,model_assisted,0.00011599347592147371,model_assisted,0.0,strong_evidence,0.7646321277180406,True,True,246.0,42061.28515625,15844.220703125,7473.5634765625,3.507973744431707,0.0,3.5275590551181097,16.0,230,263,0.0,weak_evidence,0.0,True,False,4.36246552226844,53517.79296875,1816.7923583984375,29.45729748441242,5450.3770751953125,147,246.0,172.0,196.04329032250044,0.0,-24.04329032250044,1.0,3.507973744431707,245,248,218,234,259,275,True,True,UPPER_SEED_TRAJECTORY_OUTLIER;Z_EDGE_EVIDENCE_WEAK
flow07,480,0,0.1,128.0,19,246.0,202.0,196.0,215.0,217.0,model_assisted,0.11506017356246108,model_assisted,0.11506017356246108,model_assisted,0.789387077375335,strong_evidence,0.9264226511541201,True,True,247.0,45537.5390625,10268.3828125,4052.905029296875,8.702191636629276,1.0,3.5275590551181097,16.0,230,263,0.0,weak_evidence,0.6726216777524674,True,False,4.36246552226844,52109.42578125,4924.22998046875,10.582248592761617,14772.68994140625,96,247.0,190.0,196.06986955688356,1.0,-6.06986955688356,1.0,8.702191636629276,245,248,218,234,259,275,True,True,UPPER_SEED_TRAJECTORY_OUTLIER;Z_EDGE_EVIDENCE_WEAK
flow07,481,0,0.1,128.0,19,246.0,207.0,196.0,215.0,217.0,high_confidence,0.5,high_confidence,0.5,high_confidence,0.8730528742076983,strong_evidence,0.9264226511541201,True,True,247.0,46980.8203125,16481.9765625,3204.476318359375,9.517575016942166,1.0,3.5275590551181097,16.0,230,263,0.0,strong_evidence,0.8227576476166272,True,True,4.36246552226844,49480.7109375,13281.3779296875,3.7255705845774574,39844.1337890625,26,247.0,197.0,196.10100403972095,1.0,0.898995960279052,0.0,9.517575016942166,245,248,218,234,259,275,True,True,
flow07,482,0,0.1,128.0,19,246.0,206.0,196.0,215.0,217.0,high_confidence,0.5,high_confidence,0.5,high_confidence,0.9771586476482144,strong_evidence,1.0,True,True,246.0,44212.55859375,20564.74609375,3733.8642578125,6.333334815404931,0.0,3.5275590551181097,16.0,230,263,0.0,strong_evidence,0.9548390226736871,True,True,4.36246552226844,49981.8984375,7347.009765625,6.8030259972368645,22041.029296875,70,246.0,195.0,196.12949900784307,0.0,-1.1294990078430658,0.0,6.333334815404931,245,248,218,234,259,275,True,True,
flow07,483,0,0.1,128.0,19,246.0,205.0,196.0,215.0,217.0,high_confidence,0.8440586122172655,high_confidence,0.8440586122172655,high_confidence,0.9598464697811714,strong_evidence,0.9264226511541201,True,True,247.0,50026.2734375,12912.13671875,4191.32470703125,8.854989606624454,1.0,3.5275590551181097,16.0,230,263,0.0,strong_evidence,0.9944761652833425,True,True,4.36246552226844,50471.421875,8235.13671875,6.128789794112973,24705.41015625,56,247.0,196.0,196.14378803665852,1.0,-0.14378803665852047,0.0,8.854989606624454,245,248,218,234,259,275,True,True,
flow07,484,0,0.1,128.0,19,246.0,204.0,196.0,215.0,217.0,high_confidence,0.5,high_confidence,0.5,high_confidence,0.8974768623423982,strong_evidence,0.9264226511541201,True,True,247.0,45644.4296875,13378.7001953125,3414.0,9.45100453784051,1.0,3.5275590551181097,16.0,230,263,0.0,strong_evidence,0.8694354757372598,True,True,4.36246552226844,50935.6796875,11627.9443359375,4.380454379204192,34883.8330078125,33,247.0,197.0,196.12934502955338,1.0,0.8706549704466227,0.0,9.45100453784051,245,248,218,234,259,275,True,True,
flow07,485,0,0.1,128.0,19,246.0,204.0,196.0,215.0,217.0,model_assisted,0.0004376927494465903,model_assisted,0.0004376927494465903,model_assisted,0.0,strong_evidence,0.9264226511541201,True,True,247.0,45006.578125,7906.12841796875,5408.61572265625,6.859509273624394,1.0,3.5275590551181097,16.0,230,263,4.461134278699319e-05,weak_evidence,0.0,True,False,4.36246552226844,50952.09765625,1948.505615234375,26.1493204114381,5845.516845703125,144,247.0,174.0,196.07113257226038,1.0,-22.07113257226038,1.0,6.859509273624394,245,248,218,234,259,275,True,True,UPPER_SEED_TRAJECTORY_OUTLIER;Z_EDGE_EVIDENCE_WEAK
flow07,486,0,0.1,128.0,19,246.0000446113428,204.0,196.0,215.0,217.0,high_confidence,0.7530425091102507,high_confidence,0.7530425091102507,high_confidence,0.9417930804537148,strong_evidence,0.9264192384184948,True,True,245.0,44862.078125,12146.0302734375,2444.936279296875,13.381145401863446,-1.000044611342787,3.5275590551181097,16.0,230,264,0.00016009476587441895,strong_evidence,0.957422049983186,True,True,4.36246552226844,50193.61328125,9484.3466796875,5.292258389157052,28453.0400390625,52,245.0,196.0,195.95632348348434,-1.000044611342787,0.04367651651566007,0.0,13.381145401863446,245,248,218,234,259,275,True,True,
flow07,487,0,0.1,128.0,19,246.00020470610866,200.0,196.0,215.0,217.0,model_assisted,0.027537896268231773,model_assisted,0.027537896268231773,model_assisted,0.0,strong_evidence,0.9264383108629511,True,True,247.0,47149.1640625,9421.568359375,3032.9833984375,12.439103927361126,0.9997952938913386,3.5275590551181097,16.0,230,264,0.0005141076058521321,weak_evidence,0.0,True,False,4.36246552226844,50558.5625,3419.16357421875,14.786821806719852,10257.49072265625,109,247.0,185.0,195.7765765304787,0.9997952938913386,-10.776576530478707,1.0,12.439103927361126,245,248,218,234,259,275,True,True,UPPER_SEED_TRAJECTORY_OUTLIER;Z_EDGE_EVIDENCE_WEAK
flow07,488,0,0.1,128.0,19,246.0007188137145,200.0,196.0,215.0,217.0,high_confidence,0.5,high_confidence,0.5,high_confidence,0.9171958499525468,strong_evidence,0.9999490559893275,True,True,246.0,44604.515625,15210.685546875,4619.13427734375,6.3634933113544445,-0.0007188137145135443,3.5275590551181097,16.0,230,264,0.001477324778363709,strong_evidence,0.8412910859122342,True,True,4.36246552226844,53018.0234375,4515.533203125,11.741254255601216,13546.599609375,85,246.0,192.0,195.52974786548904,-0.0007188137145135443,-3.5297478654890426,0.0,6.3634933113544445,245,248,218,234,259,275,True,True,
flow07,489,0,0.1,128.0,19,246.00219613849288,200.0,195.0,214.0,216.0,high_confidence,0.5,high_confidence,0.5,high_confidence,0.9255553686879564,strong_evidence,0.9998443463744814,True,True,246.0,45165.7421875,15961.3125,4576.990234375,6.380706139192351,-0.002196138492877253,3.5275590551181097,16.0,230,264,0.00379876994031747,strong_evidence,0.8567861023702268,True,True,4.36246552226844,55730.32421875,11756.4248046875,4.740414296404916,35269.2744140625,29,246.0,197.0,195.22073973993207,-0.002196138492877253,1.7792602600679288,0.0,6.380706139192351,245,248,218,234,259,275,True,True,
flow07,490,0,0.1,128.0,19,246.0059949084332,200.0,195.0,214.0,216.0,model_assisted,3.1146358261007088e-06,model_assisted,3.1146358261007088e-06,model_assisted,0.0,strong_evidence,0.9268811430360776,True,True,247.0,43562.2578125,12694.8310546875,3274.594970703125,9.426334259343411,0.9940050915668053,3.5275590551181097,16.0,230,264,0.008740878047717615,weak_evidence,0.0,True,False,4.36246552226844,57728.640625,1546.3973388671875,37.33105274695382,5772.864062500001,157,247.0,157.0,194.8609615558508,0.9940050915668053,-37.86096155585079,1.0,9.426334259343411,245,248,218,234,259,275,True,True,UPPER_SEED_TRAJECTORY_OUTLIER;Z_EDGE_EVIDENCE_WEAK
flow07,491,0,0.1,128.0,19,246.0147357864809,200.0,194.0,213.0,215.0,high_confidence,0.5,high_confidence,0.5,high_confidence,0.8740944625757047,strong_evidence,0.9989551210318974,True,True,246.0,43815.56640625,10109.212890625,4179.2919921875,8.06508700005491,-0.014735786480912338,3.5275590551181097,16.0,230,264,0.017997500190858773,strong_evidence,0.7648402950437585,True,True,4.36246552226844,58350.1796875,12930.970703125,4.512436152484565,38792.912109375,27,246.0,198.0,194.46563193274346,-0.014735786480912338,3.534368067256537,0.0,8.06508700005491,245,248,218,234,259,275,True,True,
flow07,492,0,0.1,128.0,19,246.03273328667177,200.0,194.0,213.0,215.0,model_assisted,0.04323891259421095,model_assisted,0.04323891259421095,model_assisted,0.0,strong_evidence,0.9239151895315896,True,True,245.0,47668.07421875,13500.8134765625,3870.1904296875,8.828315134081489,-1.0327332866717711,3.5275590551181097,16.0,230,264,0.03315998842083445,weak_evidence,0.0,True,False,4.36246552226844,57433.37890625,3503.07763671875,16.395120194951343,10509.23291015625,95,245.0,185.0,194.04918057963505,-1.0327332866717711,-9.049180579635049,1.0,8.828315134081489,245,248,218,234,259,275,True,True,UPPER_SEED_TRAJECTORY_OUTLIER;Z_EDGE_EVIDENCE_WEAK
flow07,493,0,0.1,128.0,19,246.0658932750926,200.0,194.0,213.0,215.0,high_confidence,0.7306621809680982,high_confidence,0.7306621809680982,high_confidence,0.9058174153497381,strong_evidence,0.840938804986007,True,True,244.0,44400.1796875,13990.541015625,3384.08935546875,8.986062564433315,-2.0658932750926056,3.5275590551181097,16.0,230,264,0.05467157824568858,strong_evidence,0.9757014245103518,True,True,4.36246552226844,55203.4765625,4687.0458984375,11.777882649048292,14061.1376953125,86,244.0,193.0,193.62068121655307,-2.0658932750926056,-0.6206812165530664,0.0,8.986062564433315,245,248,218,234,259,275,True,True,
flow07,494,0,0.1,128.0,19,246.1205648533383,197.0,193.0,212.0,214.0,model_assisted,6.327510657581633e-22,model_assisted,6.327510657581633e-22,model_assisted,0.0,strong_evidence,0.991418684770063,True,True,246.0,44104.7265625,10175.8193359375,3692.2802734375,9.189147278620538,-0.12056485333829414,3.5275590551181097,16.0,230,264,0.08065919989877557,weak_evidence,0.0,True,False,4.36246552226844,33714.59375,1318.4874267578125,25.570660034965123,3955.4622802734375,278,246.0,47.0,193.18220959763426,-0.12056485333829414,-146.18220959763426,1.0,9.189147278620538,245,248,218,234,259,275,True,True,UPPER_SEED_TRAJECTORY_OUTLIER;Z_EDGE_EVIDENCE_WEAK
flow07,495,0,0.1,128.0,19,246.20122405323707,195.0,193.0,212.0,214.0,high_confidence,0.5,high_confidence,0.5,high_confidence,0.8290479012765398,strong_evidence,0.8501447022843817,True,True,246.0,47522.66796875,17972.3515625,6620.00439453125,4.463791055888325,-0.2012240532370697,3.5275590551181097,16.0,230,264,0.10648569402724206,strong_evidence,0.8084746288063323,True,True,4.36246552226844,19012.59765625,5124.8994140625,3.7098479638605713,15374.6982421875,87,246.0,194.0,192.7319347809157,-0.2012240532370697,1.268065219084292,0.0,4.463791055888325,245,248,218,234,259,275,True,True,
flow07,496,0,0.1,128.0,19,246.3077097472643,195.0,192.0,211.0,213.0,model_assisted,0.03259491073041071,model_assisted,0.03259491073041071,model_assisted,0.0,strong_evidence,0.9779493293283357,True,True,246.0,43229.33203125,9453.8818359375,3186.768310546875,10.598652585922181,-0.3077097472643118,3.5275590551181097,16.0,230,264,0.12579798346030202,weak_evidence,0.0,True,False,4.36246552226844,18077.181640625,2905.407958984375,6.221908212485287,8716.223876953125,110,246.0,182.0,192.2707973460812,-0.3077097472643118,-10.270797346081196,1.0,10.598652585922181,245,248,218,234,259,275,True,True,UPPER_SEED_TRAJECTORY_OUTLIER;Z_EDGE_EVIDENCE_WEAK
flow07,497,0,0.1,128.0,19,246.4335077307246,192.0,192.0,211.0,213.0,model_assisted,0.0,model_assisted,0.0,model_assisted,0.0,strong_evidence,0.9687900442172827,True,True,246.0,44774.65234375,12176.7197265625,4291.4775390625,7.595969528086758,-0.4335077307246138,3.5275590551181097,16.0,230,264,0.13298453855080083,unavailable,0.0,False,False,4.36246552226844,16504.50390625,6533.7734375,2.5260294168640587,19601.3203125,0,246.0,,191.80878930128847,-0.4335077307246138,,2.0,7.595969528086758,245,248,218,234,259,275,True,True,NO_VALID_UPPER_COMPONENT;LOW_PEAK_SNR;Z_EDGE_EVIDENCE_UNAVAILABLE
flow07,498,0,0.1,128.0,19,246.56649226927541,191.0,191.0,210.0,212.0,model_assisted,0.0,model_assisted,0.0,model_assisted,0.0,strong_evidence,0.9687900442172848,True,True,247.0,45209.8203125,14238.296875,3291.64404296875,9.409135080586244,0.43350773072458537,3.5275590551181097,16.0,230,264,0.13298453855080083,unavailable,0.0,False,False,4.36246552226844,18317.22265625,6948.484375,2.6361464842827687,20845.453125,0,247.0,,191.3663896681011,0.43350773072458537,,1.0,9.409135080586244,246,249,219,235,260,276,True,True,NO_VALID_UPPER_COMPONENT;LOW_PEAK_SNR;Z_EDGE_EVIDENCE_UNAVAILABLE
flow07,499,0,0.1,128.0,19,246.69229025273572,192.0,191.0,210.0,212.0,high_confidence,0.7238356781783627,high_confidence,0.7238356781783627,high_confidence,0.9696868101918009,strong_evidence,0.9779493293283377,True,True,247.0,46390.9296875,15267.201171875,1818.71142578125,17.11306591822582,0.30770974726428335,3.5275590551181097,16.0,230,264,0.12579798346030202,strong_evidence,0.961494099603043,True,True,4.36246552226844,22586.5859375,3587.03759765625,6.296724057829209,10761.11279296875,74,247.0,190.0,190.96957262859596,0.30770974726428335,-0.9695726285959552,0.0,17.11306591822582,246,249,219,235,260,276,True,True,
