scan_id,diameter_um,flow_mm_s,grid_scope,mode,tail_bin,side,rho,n_pairs
D128_F01_V01,128,1,common_grid,raw,1,bg,0.10757950312555616,486
D128_F01_V01,128,1,common_grid,raw,1,left,0.036839042024023327,486
D128_F01_V01,128,1,common_grid,raw,1,right,0.11852693382926172,486
D128_F01_V01,128,1,common_grid,raw,2,bg,0.12320814643895148,486
D128_F01_V01,128,1,common_grid,raw,2,left,0.067852232370250676,486
D128_F01_V01,128,1,common_grid,raw,2,right,0.11558209775925361,486
D128_F01_V01,128,1,common_grid,raw,3,bg,0.0082346167727596915,486
D128_F01_V01,128,1,common_grid,raw,3,left,-0.0096344854207354898,486
D128_F01_V01,128,1,common_grid,raw,3,right,0.034458502194906426,486
D128_F01_V01,128,1,common_grid,raw,4,bg,0.02416140252391371,486
D128_F01_V01,128,1,common_grid,raw,4,left,0.022803976312729655,486
D128_F01_V01,128,1,common_grid,raw,4,right,0.020128325648482024,486
D128_F01_V01,128,1,common_grid,raw,5,bg,0.062689099480733493,486
D128_F01_V01,128,1,common_grid,raw,5,left,-0.0026903382562901068,486
D128_F01_V01,128,1,common_grid,raw,5,right,0.094267945062133471,486
D128_F01_V01,128,1,common_grid,raw,6,bg,0.060888536595755917,486
D128_F01_V01,128,1,common_grid,raw,6,left,0.056750399008561374,486
D128_F01_V01,128,1,common_grid,raw,6,right,0.037801105437309981,486
D128_F01_V01,128,1,common_grid,raw,7,bg,0.12894864282206661,486
D128_F01_V01,128,1,common_grid,raw,7,left,0.151664650389574,486
D128_F01_V01,128,1,common_grid,raw,7,right,0.037520316311145913,486
D128_F01_V01,128,1,common_grid,raw,8,bg,0.031917914654636413,486
D128_F01_V01,128,1,common_grid,raw,8,left,0.056816257962203749,486
D128_F01_V01,128,1,common_grid,raw,8,right,-0.002517327830451872,486
D128_F01_V01,128,1,common_grid,raw,9,bg,0.035809342510726247,486
D128_F01_V01,128,1,common_grid,raw,9,left,0.024491219982233747,486
D128_F01_V01,128,1,common_grid,raw,9,right,0.030331968328115577,486
D128_F01_V01,128,1,common_grid,raw,10,bg,0.064865162939494153,486
D128_F01_V01,128,1,common_grid,raw,10,left,0.092354481113768983,486
D128_F01_V01,128,1,common_grid,raw,10,right,0.0096462982171824363,486
D128_F01_V01,128,1,common_grid,raw,11,bg,0.10054242165985992,486
D128_F01_V01,128,1,common_grid,raw,11,left,0.08680027148524222,486
D128_F01_V01,128,1,common_grid,raw,11,right,0.052509291470037162,486
D128_F01_V01,128,1,common_grid,raw,12,bg,0.094463013010540844,486
D128_F01_V01,128,1,common_grid,raw,12,left,0.10310412588050416,486
D128_F01_V01,128,1,common_grid,raw,12,right,0.020136584152192719,486
D128_F01_V01,128,1,common_grid,raw,13,bg,0.078168462499206171,486
D128_F01_V01,128,1,common_grid,raw,13,left,0.072671748782589377,486
D128_F01_V01,128,1,common_grid,raw,13,right,0.061372652174038013,486
D128_F01_V01,128,1,common_grid,raw,14,bg,0.12810909797015912,486
D128_F01_V01,128,1,common_grid,raw,14,left,0.10727550655858482,486
D128_F01_V01,128,1,common_grid,raw,14,right,0.058859871747528131,486
D128_F01_V01,128,1,common_grid,raw,15,bg,0.04087671857240787,486
D128_F01_V01,128,1,common_grid,raw,15,left,0.047215695129495173,486
D128_F01_V01,128,1,common_grid,raw,15,right,0.0055319952989251586,486
D128_F01_V01,128,1,common_grid,raw,16,bg,0.14363111250146676,486
D128_F01_V01,128,1,common_grid,raw,16,left,0.093244935982222249,486
D128_F01_V01,128,1,common_grid,raw,16,right,0.11858244351876024,486
D128_F01_V01,128,1,common_grid,raw,17,bg,0.10809665271868113,486
D128_F01_V01,128,1,common_grid,raw,17,left,0.16633666626680876,486
D128_F01_V01,128,1,common_grid,raw,17,right,0.004777126244557812,486
D128_F01_V01,128,1,common_grid,raw,18,bg,0.10033606360511389,486
D128_F01_V01,128,1,common_grid,raw,18,left,0.045806104445505515,486
D128_F01_V01,128,1,common_grid,raw,18,right,0.080603466637605092,486
D128_F01_V01,128,1,common_grid,raw,19,bg,0.017350436799056231,486
D128_F01_V01,128,1,common_grid,raw,19,left,0.031863345807332785,486
D128_F01_V01,128,1,common_grid,raw,19,right,-0.0040239297985369214,486
D128_F01_V01,128,1,common_grid,raw,20,bg,0.059325379557955735,486
D128_F01_V01,128,1,common_grid,raw,20,left,0.011644437963087093,486
D128_F01_V01,128,1,common_grid,raw,20,right,0.043178645809240579,486
D128_F01_V01,128,1,common_grid,detrended_51,1,bg,0.088896732730041367,486
D128_F01_V01,128,1,common_grid,detrended_51,1,left,0.0076570490058356089,486
D128_F01_V01,128,1,common_grid,detrended_51,1,right,0.12022637931865529,486
D128_F01_V01,128,1,common_grid,detrended_51,2,bg,0.092129918393074967,486
D128_F01_V01,128,1,common_grid,detrended_51,2,left,0.029057877146110678,486
D128_F01_V01,128,1,common_grid,detrended_51,2,right,0.10836411915876185,486
D128_F01_V01,128,1,common_grid,detrended_51,3,bg,0.022969173399908137,486
D128_F01_V01,128,1,common_grid,detrended_51,3,left,0.0080941794598505101,486
D128_F01_V01,128,1,common_grid,detrended_51,3,right,0.042891154334504529,486
D128_F01_V01,128,1,common_grid,detrended_51,4,bg,0.031531679627217007,486
D128_F01_V01,128,1,common_grid,detrended_51,4,left,0.0094661405434711705,486
D128_F01_V01,128,1,common_grid,detrended_51,4,right,0.031406507527338812,486
D128_F01_V01,128,1,common_grid,detrended_51,5,bg,0.026741484064549157,486
D128_F01_V01,128,1,common_grid,detrended_51,5,left,-0.016236550928455901,486
D128_F01_V01,128,1,common_grid,detrended_51,5,right,0.067263534936923011,486
D128_F01_V01,128,1,common_grid,detrended_51,6,bg,0.027186189883875691,486
D128_F01_V01,128,1,common_grid,detrended_51,6,left,0.057901985190951064,486
D128_F01_V01,128,1,common_grid,detrended_51,6,right,0.012209225684501444,486
D128_F01_V01,128,1,common_grid,detrended_51,7,bg,0.062420913645422051,486
D128_F01_V01,128,1,common_grid,detrended_51,7,left,0.080157105253254285,486
D128_F01_V01,128,1,common_grid,detrended_51,7,right,-0.0009505655972455976,486
D128_F01_V01,128,1,common_grid,detrended_51,8,bg,0.027144433989177413,486
D128_F01_V01,128,1,common_grid,detrended_51,8,left,0.039928501136011478,486
D128_F01_V01,128,1,common_grid,detrended_51,8,right,-0.0099830818036030899,486
D128_F01_V01,128,1,common_grid,detrended_51,9,bg,0.0063599480654158167,486
D128_F01_V01,128,1,common_grid,detrended_51,9,left,-0.037980217125470381,486
D128_F01_V01,128,1,common_grid,detrended_51,9,right,0.032507777643039644,486
D128_F01_V01,128,1,common_grid,detrended_51,10,bg,0.024718082993103213,486
D128_F01_V01,128,1,common_grid,detrended_51,10,left,0.050528641266738429,486
D128_F01_V01,128,1,common_grid,detrended_51,10,right,-0.010389788919118733,486
D128_F01_V01,128,1,common_grid,detrended_51,11,bg,0.033273047985941308,486
D128_F01_V01,128,1,common_grid,detrended_51,11,left,0.011163371492394845,486
D128_F01_V01,128,1,common_grid,detrended_51,11,right,0.006721797251778119,486
D128_F01_V01,128,1,common_grid,detrended_51,12,bg,0.042744395337087321,486
D128_F01_V01,128,1,common_grid,detrended_51,12,left,0.055652930042959861,486
D128_F01_V01,128,1,common_grid,detrended_51,12,right,-0.029222557564573478,486
D128_F01_V01,128,1,common_grid,detrended_51,13,bg,0.021408504180751999,486
D128_F01_V01,128,1,common_grid,detrended_51,13,left,0.030210827710101584,486
D128_F01_V01,128,1,common_grid,detrended_51,13,right,0.024313263062820917,486
D128_F01_V01,128,1,common_grid,detrended_51,14,bg,0.049381667437488078,486
D128_F01_V01,128,1,common_grid,detrended_51,14,left,0.048956598245154748,486
D128_F01_V01,128,1,common_grid,detrended_51,14,right,0.0048625930667413253,486
D128_F01_V01,128,1,common_grid,detrended_51,15,bg,-0.037672871744421098,486
D128_F01_V01,128,1,common_grid,detrended_51,15,left,-0.034410418302142587,486
D128_F01_V01,128,1,common_grid,detrended_51,15,right,-0.024626807590560844,486
D128_F01_V01,128,1,common_grid,detrended_51,16,bg,0.058648214285485452,486
D128_F01_V01,128,1,common_grid,detrended_51,16,left,0.021916709708124881,486
D128_F01_V01,128,1,common_grid,detrended_51,16,right,0.037245419276440601,486
D128_F01_V01,128,1,common_grid,detrended_51,17,bg,0.0077940393855080317,486
D128_F01_V01,128,1,common_grid,detrended_51,17,left,0.086751140511902733,486
D128_F01_V01,128,1,common_grid,detrended_51,17,right,-0.037017228021407562,486
D128_F01_V01,128,1,common_grid,detrended_51,18,bg,0.01240192824683516,486
D128_F01_V01,128,1,common_grid,detrended_51,18,left,0.0018832551670932918,486
D128_F01_V01,128,1,common_grid,detrended_51,18,right,0.0051290260237270794,486
D128_F01_V01,128,1,common_grid,detrended_51,19,bg,-0.026020108949612476,486
D128_F01_V01,128,1,common_grid,detrended_51,19,left,0.0074958487286306543,486
D128_F01_V01,128,1,common_grid,detrended_51,19,right,-0.033306505382560588,486
D128_F01_V01,128,1,common_grid,detrended_51,20,bg,0.014411280055702252,486
D128_F01_V01,128,1,common_grid,detrended_51,20,left,0.005684107924825676,486
D128_F01_V01,128,1,common_grid,detrended_51,20,right,-0.014939355127979441,486
D128_F03_V01,128,3,common_grid,raw,1,bg,0.05147193884449789,468
D128_F03_V01,128,3,common_grid,raw,1,left,0.095223461486365374,468
D128_F03_V01,128,3,common_grid,raw,1,right,0.012205368432796598,468
D128_F03_V01,128,3,common_grid,raw,2,bg,0.067326379608651316,468
D128_F03_V01,128,3,common_grid,raw,2,left,0.042398661561945765,468
D128_F03_V01,128,3,common_grid,raw,2,right,0.070876059498258995,468
D128_F03_V01,128,3,common_grid,raw,3,bg,0.063644878883461112,468
D128_F03_V01,128,3,common_grid,raw,3,left,0.027611899324002605,468
D128_F03_V01,128,3,common_grid,raw,3,right,0.07126906353471596,468
D128_F03_V01,128,3,common_grid,raw,4,bg,0.11000401901357507,468
D128_F03_V01,128,3,common_grid,raw,4,left,0.10529897515739182,468
D128_F03_V01,128,3,common_grid,raw,4,right,0.086385846141670872,468
D128_F03_V01,128,3,common_grid,raw,5,bg,0.086173129926525677,468
D128_F03_V01,128,3,common_grid,raw,5,left,0.067299687645496084,468
D128_F03_V01,128,3,common_grid,raw,5,right,0.091779612889268031,468
D128_F03_V01,128,3,common_grid,raw,6,bg,0.2017941682040886,468
D128_F03_V01,128,3,common_grid,raw,6,left,0.15366949519527104,468
D128_F03_V01,128,3,common_grid,raw,6,right,0.15753034718166231,468
D128_F03_V01,128,3,common_grid,raw,7,bg,0.13615102125441217,468
D128_F03_V01,128,3,common_grid,raw,7,left,0.02520821779986341,468
D128_F03_V01,128,3,common_grid,raw,7,right,0.18482334778796791,468
D128_F03_V01,128,3,common_grid,raw,8,bg,0.17097759432126139,468
D128_F03_V01,128,3,common_grid,raw,8,left,0.13838799507884489,468
D128_F03_V01,128,3,common_grid,raw,8,right,0.15714682581632625,468
D128_F03_V01,128,3,common_grid,raw,9,bg,0.10024681871017641,468
D128_F03_V01,128,3,common_grid,raw,9,left,0.12593443821670988,468
D128_F03_V01,128,3,common_grid,raw,9,right,0.026627691717659441,468
D128_F03_V01,128,3,common_grid,raw,10,bg,0.14926180917423842,468
D128_F03_V01,128,3,common_grid,raw,10,left,0.12089738380127969,468
D128_F03_V01,128,3,common_grid,raw,10,right,0.067286692873959997,468
D128_F03_V01,128,3,common_grid,raw,11,bg,0.10257311695516813,468
D128_F03_V01,128,3,common_grid,raw,11,left,0.14794488858856525,468
D128_F03_V01,128,3,common_grid,raw,11,right,-0.011564878387084275,468
D128_F03_V01,128,3,common_grid,raw,12,bg,0.023073094887470544,468
D128_F03_V01,128,3,common_grid,raw,12,left,0.033700476603733341,468
D128_F03_V01,128,3,common_grid,raw,12,right,-0.025233270782824949,468
D128_F03_V01,128,3,common_grid,raw,13,bg,0.086545880850588564,468
D128_F03_V01,128,3,common_grid,raw,13,left,0.076597154004549556,468
D128_F03_V01,128,3,common_grid,raw,13,right,0.0677422122978069,468
D128_F03_V01,128,3,common_grid,raw,14,bg,0.086280483129215893,468
D128_F03_V01,128,3,common_grid,raw,14,left,0.083889796376612771,468
D128_F03_V01,128,3,common_grid,raw,14,right,0.040550711393499583,468
D128_F03_V01,128,3,common_grid,raw,15,bg,0.015351507984701756,468
D128_F03_V01,128,3,common_grid,raw,15,left,0.045605209240991776,468
D128_F03_V01,128,3,common_grid,raw,15,right,-0.015709859297062471,468
D128_F03_V01,128,3,common_grid,raw,16,bg,0.098154192212807037,468
D128_F03_V01,128,3,common_grid,raw,16,left,0.050176442071357207,468
D128_F03_V01,128,3,common_grid,raw,16,right,0.087160147213200992,468
D128_F03_V01,128,3,common_grid,raw,17,bg,0.12404200144300497,468
D128_F03_V01,128,3,common_grid,raw,17,left,0.11053551687640341,468
D128_F03_V01,128,3,common_grid,raw,17,right,0.078240231648777775,468
D128_F03_V01,128,3,common_grid,raw,18,bg,0.079273608660933262,468
D128_F03_V01,128,3,common_grid,raw,18,left,0.095371203843830007,468
D128_F03_V01,128,3,common_grid,raw,18,right,0.0053876791068775305,468
D128_F03_V01,128,3,common_grid,raw,19,bg,0.15294834391002371,468
D128_F03_V01,128,3,common_grid,raw,19,left,0.11981343254314582,468
D128_F03_V01,128,3,common_grid,raw,19,right,0.10376488969604759,468
D128_F03_V01,128,3,common_grid,raw,20,bg,0.07028649490856656,468
D128_F03_V01,128,3,common_grid,raw,20,left,0.034550990254272551,468
D128_F03_V01,128,3,common_grid,raw,20,right,0.092125086500106451,468
D128_F03_V01,128,3,common_grid,detrended_51,1,bg,-0.024703559394552082,468
D128_F03_V01,128,3,common_grid,detrended_51,1,left,0.03163977643847711,468
D128_F03_V01,128,3,common_grid,detrended_51,1,right,-0.036110500231137897,468
D128_F03_V01,128,3,common_grid,detrended_51,2,bg,0.035796480455782861,468
D128_F03_V01,128,3,common_grid,detrended_51,2,left,0.050709187155275878,468
D128_F03_V01,128,3,common_grid,detrended_51,2,right,0.027800098415439622,468
D128_F03_V01,128,3,common_grid,detrended_51,3,bg,0.033060038824172931,468
D128_F03_V01,128,3,common_grid,detrended_51,3,left,-0.01443123961240444,468
D128_F03_V01,128,3,common_grid,detrended_51,3,right,0.038953339686051351,468
D128_F03_V01,128,3,common_grid,detrended_51,4,bg,0.049522541152519139,468
D128_F03_V01,128,3,common_grid,detrended_51,4,left,0.04907205526462155,468
D128_F03_V01,128,3,common_grid,detrended_51,4,right,0.047024083056952444,468
D128_F03_V01,128,3,common_grid,detrended_51,5,bg,0.052903176108179607,468
D128_F03_V01,128,3,common_grid,detrended_51,5,left,0.045279668887453113,468
D128_F03_V01,128,3,common_grid,detrended_51,5,right,0.040344641847688621,468
D128_F03_V01,128,3,common_grid,detrended_51,6,bg,0.13008628345683318,468
D128_F03_V01,128,3,common_grid,detrended_51,6,left,0.10095121866517377,468
D128_F03_V01,128,3,common_grid,detrended_51,6,right,0.086905445896658051,468
D128_F03_V01,128,3,common_grid,detrended_51,7,bg,0.011321032043521405,468
D128_F03_V01,128,3,common_grid,detrended_51,7,left,-0.023539687813183913,468
D128_F03_V01,128,3,common_grid,detrended_51,7,right,0.06581548536765823,468
D128_F03_V01,128,3,common_grid,detrended_51,8,bg,0.089225164895014461,468
D128_F03_V01,128,3,common_grid,detrended_51,8,left,0.073799965168589679,468
D128_F03_V01,128,3,common_grid,detrended_51,8,right,0.076273345337276199,468
D128_F03_V01,128,3,common_grid,detrended_51,9,bg,0.0055610476483954549,468
D128_F03_V01,128,3,common_grid,detrended_51,9,left,0.055159022465258896,468
D128_F03_V01,128,3,common_grid,detrended_51,9,right,-0.048448953540046254,468
D128_F03_V01,128,3,common_grid,detrended_51,10,bg,0.03038552434875955,468
D128_F03_V01,128,3,common_grid,detrended_51,10,left,0.033283171288786002,468
D128_F03_V01,128,3,common_grid,detrended_51,10,right,-0.017207347673144201,468
D128_F03_V01,128,3,common_grid,detrended_51,11,bg,0.014186088897469553,468
D128_F03_V01,128,3,common_grid,detrended_51,11,left,0.056949506898834462,468
D128_F03_V01,128,3,common_grid,detrended_51,11,right,-0.075955131796391781,468
D128_F03_V01,128,3,common_grid,detrended_51,12,bg,-0.031041840729515553,468
D128_F03_V01,128,3,common_grid,detrended_51,12,left,-0.022270768839734202,468
D128_F03_V01,128,3,common_grid,detrended_51,12,right,-0.075183505394635183,468
D128_F03_V01,128,3,common_grid,detrended_51,13,bg,0.029429111070466314,468
D128_F03_V01,128,3,common_grid,detrended_51,13,left,0.034718161920051227,468
D128_F03_V01,128,3,common_grid,detrended_51,13,right,0.0079546540120340944,468
D128_F03_V01,128,3,common_grid,detrended_51,14,bg,0.0062549442042000684,468
D128_F03_V01,128,3,common_grid,detrended_51,14,left,0.0029978168454762675,468
D128_F03_V01,128,3,common_grid,detrended_51,14,right,-0.0040681312325488274,468
D128_F03_V01,128,3,common_grid,detrended_51,15,bg,-0.05267231355617838,468
D128_F03_V01,128,3,common_grid,detrended_51,15,left,-0.042281544009812759,468
D128_F03_V01,128,3,common_grid,detrended_51,15,right,-0.028478763486372183,468
D128_F03_V01,128,3,common_grid,detrended_51,16,bg,0.0086473225205167571,468
D128_F03_V01,128,3,common_grid,detrended_51,16,left,-0.037110118525869484,468
D128_F03_V01,128,3,common_grid,detrended_51,16,right,0.041640000118358576,468
D128_F03_V01,128,3,common_grid,detrended_51,17,bg,0.069434890529466955,468
D128_F03_V01,128,3,common_grid,detrended_51,17,left,0.046081575202003976,468
D128_F03_V01,128,3,common_grid,detrended_51,17,right,0.036880338973566067,468
D128_F03_V01,128,3,common_grid,detrended_51,18,bg,-0.011240619451606919,468
D128_F03_V01,128,3,common_grid,detrended_51,18,left,0.018951103775895158,468
D128_F03_V01,128,3,common_grid,detrended_51,18,right,-0.047678976449935975,468
D128_F03_V01,128,3,common_grid,detrended_51,19,bg,0.075447583769337495,468
D128_F03_V01,128,3,common_grid,detrended_51,19,left,0.066428355454242333,468
D128_F03_V01,128,3,common_grid,detrended_51,19,right,0.024126178643036639,468
D128_F03_V01,128,3,common_grid,detrended_51,20,bg,-0.0032683696381204225,468
D128_F03_V01,128,3,common_grid,detrended_51,20,left,-0.026558733423462606,468
D128_F03_V01,128,3,common_grid,detrended_51,20,right,0.032473177305659025,468
D128_F05_V01,128,5,common_grid,raw,1,bg,0.087250245585293873,491
D128_F05_V01,128,5,common_grid,raw,1,left,0.049542030313690207,491
D128_F05_V01,128,5,common_grid,raw,1,right,0.10218254109055079,491
D128_F05_V01,128,5,common_grid,raw,2,bg,0.10130137395974737,491
D128_F05_V01,128,5,common_grid,raw,2,left,0.044884070562306685,491
D128_F05_V01,128,5,common_grid,raw,2,right,0.076585913288369334,491
D128_F05_V01,128,5,common_grid,raw,3,bg,-0.041382820079499671,491
D128_F05_V01,128,5,common_grid,raw,3,left,0.0042208229971239311,491
D128_F05_V01,128,5,common_grid,raw,3,right,-0.042951017772366526,491
D128_F05_V01,128,5,common_grid,raw,4,bg,0.11776810868403793,491
D128_F05_V01,128,5,common_grid,raw,4,left,0.077158388068356343,491
D128_F05_V01,128,5,common_grid,raw,4,right,0.061708259877394922,491
D128_F05_V01,128,5,common_grid,raw,5,bg,0.15263513780655077,491
D128_F05_V01,128,5,common_grid,raw,5,left,0.13090715000420711,491
D128_F05_V01,128,5,common_grid,raw,5,right,0.104520188682497,491
D128_F05_V01,128,5,common_grid,raw,6,bg,0.058337075826803822,491
D128_F05_V01,128,5,common_grid,raw,6,left,0.0056031970187111185,491
D128_F05_V01,128,5,common_grid,raw,6,right,0.082470735052751445,491
D128_F05_V01,128,5,common_grid,raw,7,bg,-0.03156995151147738,491
D128_F05_V01,128,5,common_grid,raw,7,left,-0.058459843129542347,491
D128_F05_V01,128,5,common_grid,raw,7,right,0.0072318152833633527,491
D128_F05_V01,128,5,common_grid,raw,8,bg,0.053714293824429576,491
D128_F05_V01,128,5,common_grid,raw,8,left,0.049726029202600518,491
D128_F05_V01,128,5,common_grid,raw,8,right,0.036378354431534685,491
D128_F05_V01,128,5,common_grid,raw,9,bg,0.026060426654393308,491
D128_F05_V01,128,5,common_grid,raw,9,left,0.015912913275190354,491
D128_F05_V01,128,5,common_grid,raw,9,right,0.047232869602065651,491
D128_F05_V01,128,5,common_grid,raw,10,bg,0.14464532820231563,491
D128_F05_V01,128,5,common_grid,raw,10,left,0.15974246238160456,491
D128_F05_V01,128,5,common_grid,raw,10,right,0.05034310977383849,491
D128_F05_V01,128,5,common_grid,raw,11,bg,0.11895289932574291,491
D128_F05_V01,128,5,common_grid,raw,11,left,0.089731848230822808,491
D128_F05_V01,128,5,common_grid,raw,11,right,0.091119291092324847,491
D128_F05_V01,128,5,common_grid,raw,12,bg,0.10997699760446622,491
D128_F05_V01,128,5,common_grid,raw,12,left,0.054973495036085077,491
D128_F05_V01,128,5,common_grid,raw,12,right,0.077801116969563641,491
D128_F05_V01,128,5,common_grid,raw,13,bg,0.049476338148393334,491
D128_F05_V01,128,5,common_grid,raw,13,left,0.09243992664374874,491
D128_F05_V01,128,5,common_grid,raw,13,right,-0.042842848728582884,491
D128_F05_V01,128,5,common_grid,raw,14,bg,-0.024932407019735012,491
D128_F05_V01,128,5,common_grid,raw,14,left,-0.0062205817203439826,491
D128_F05_V01,128,5,common_grid,raw,14,right,-0.015170024097264968,491
D128_F05_V01,128,5,common_grid,raw,15,bg,0.080188540569473998,491
D128_F05_V01,128,5,common_grid,raw,15,left,0.03289180358448085,491
D128_F05_V01,128,5,common_grid,raw,15,right,0.093396416735687326,491
D128_F05_V01,128,5,common_grid,raw,16,bg,0.11981561587925617,491
D128_F05_V01,128,5,common_grid,raw,16,left,0.12811594261667711,491
D128_F05_V01,128,5,common_grid,raw,16,right,0.060350216287399186,491
D128_F05_V01,128,5,common_grid,raw,17,bg,0.0042267028514252078,491
D128_F05_V01,128,5,common_grid,raw,17,left,0.011178414041092075,491
D128_F05_V01,128,5,common_grid,raw,17,right,0.0094109095627720185,491
D128_F05_V01,128,5,common_grid,raw,18,bg,0.15882054177788549,491
D128_F05_V01,128,5,common_grid,raw,18,left,0.095256985114844678,491
D128_F05_V01,128,5,common_grid,raw,18,right,0.12604207745390142,491
D128_F05_V01,128,5,common_grid,raw,19,bg,-0.014496071142181972,491
D128_F05_V01,128,5,common_grid,raw,19,left,-0.020928530370968111,491
D128_F05_V01,128,5,common_grid,raw,19,right,0.010229932716218974,491
D128_F05_V01,128,5,common_grid,raw,20,bg,0.12471464965699158,491
D128_F05_V01,128,5,common_grid,raw,20,left,0.16974784548959418,491
D128_F05_V01,128,5,common_grid,raw,20,right,0.03380115346521103,491
D128_F05_V01,128,5,common_grid,detrended_51,1,bg,0.085844236419043443,491
D128_F05_V01,128,5,common_grid,detrended_51,1,left,0.063243387912366777,491
D128_F05_V01,128,5,common_grid,detrended_51,1,right,0.091199517769694774,491
D128_F05_V01,128,5,common_grid,detrended_51,2,bg,0.099920860014045113,491
D128_F05_V01,128,5,common_grid,detrended_51,2,left,0.024609844759057108,491
D128_F05_V01,128,5,common_grid,detrended_51,2,right,0.084244310990734761,491
D128_F05_V01,128,5,common_grid,detrended_51,3,bg,-0.016989306524885228,491
D128_F05_V01,128,5,common_grid,detrended_51,3,left,0.0026145354587663971,491
D128_F05_V01,128,5,common_grid,detrended_51,3,right,-0.014417435997957143,491
D128_F05_V01,128,5,common_grid,detrended_51,4,bg,0.12962954374077354,491
D128_F05_V01,128,5,common_grid,detrended_51,4,left,0.052877603439013737,491
D128_F05_V01,128,5,common_grid,detrended_51,4,right,0.075703066698387542,491
D128_F05_V01,128,5,common_grid,detrended_51,5,bg,0.10661946049110368,491
D128_F05_V01,128,5,common_grid,detrended_51,5,left,0.085343590261392682,491
D128_F05_V01,128,5,common_grid,detrended_51,5,right,0.078041224855344024,491
D128_F05_V01,128,5,common_grid,detrended_51,6,bg,0.070983399773270381,491
D128_F05_V01,128,5,common_grid,detrended_51,6,left,-0.0017795753081179388,491
D128_F05_V01,128,5,common_grid,detrended_51,6,right,0.085940186693910153,491
D128_F05_V01,128,5,common_grid,detrended_51,7,bg,-0.07549503984420193,491
D128_F05_V01,128,5,common_grid,detrended_51,7,left,-0.10282548237280964,491
D128_F05_V01,128,5,common_grid,detrended_51,7,right,-0.0015984258035214773,491
D128_F05_V01,128,5,common_grid,detrended_51,8,bg,0.0023950860463978754,491
D128_F05_V01,128,5,common_grid,detrended_51,8,left,0.0040046041492139374,491
D128_F05_V01,128,5,common_grid,detrended_51,8,right,0.015159282819147434,491
D128_F05_V01,128,5,common_grid,detrended_51,9,bg,-0.033444624657315819,491
D128_F05_V01,128,5,common_grid,detrended_51,9,left,-0.046245200886902066,491
D128_F05_V01,128,5,common_grid,detrended_51,9,right,0.028272933826294543,491
D128_F05_V01,128,5,common_grid,detrended_51,10,bg,0.097411352708819857,491
D128_F05_V01,128,5,common_grid,detrended_51,10,left,0.11059946539687389,491
D128_F05_V01,128,5,common_grid,detrended_51,10,right,0.019903316149000271,491
D128_F05_V01,128,5,common_grid,detrended_51,11,bg,-0.0047130258672896854,491
D128_F05_V01,128,5,common_grid,detrended_51,11,left,-0.017600988635112603,491
D128_F05_V01,128,5,common_grid,detrended_51,11,right,0.030656101085802624,491
D128_F05_V01,128,5,common_grid,detrended_51,12,bg,0.068426313354627566,491
D128_F05_V01,128,5,common_grid,detrended_51,12,left,0.019843318611433167,491
D128_F05_V01,128,5,common_grid,detrended_51,12,right,0.050497647343885892,491
D128_F05_V01,128,5,common_grid,detrended_51,13,bg,0.015562509893745609,491
D128_F05_V01,128,5,common_grid,detrended_51,13,left,0.048605946849030149,491
D128_F05_V01,128,5,common_grid,detrended_51,13,right,-0.045828403303325931,491
D128_F05_V01,128,5,common_grid,detrended_51,14,bg,-0.1219262578906669,491
D128_F05_V01,128,5,common_grid,detrended_51,14,left,-0.083900779795839764,491
D128_F05_V01,128,5,common_grid,detrended_51,14,right,-0.08745958704369311,491
D128_F05_V01,128,5,common_grid,detrended_51,15,bg,0.061261853542557185,491
D128_F05_V01,128,5,common_grid,detrended_51,15,left,0.0077267730410472378,491
D128_F05_V01,128,5,common_grid,detrended_51,15,right,0.061988840242523637,491
D128_F05_V01,128,5,common_grid,detrended_51,16,bg,0.042123410773720997,491
D128_F05_V01,128,5,common_grid,detrended_51,16,left,0.049065892098754171,491
D128_F05_V01,128,5,common_grid,detrended_51,16,right,0.021655507746207829,491
D128_F05_V01,128,5,common_grid,detrended_51,17,bg,-0.082696051432618364,491
D128_F05_V01,128,5,common_grid,detrended_51,17,left,-0.064844944509219696,491
D128_F05_V01,128,5,common_grid,detrended_51,17,right,-0.062507482913638668,491
D128_F05_V01,128,5,common_grid,detrended_51,18,bg,0.10700651600371207,491
D128_F05_V01,128,5,common_grid,detrended_51,18,left,0.046009990509077198,491
D128_F05_V01,128,5,common_grid,detrended_51,18,right,0.082728499760757121,491
D128_F05_V01,128,5,common_grid,detrended_51,19,bg,-0.074532548272476282,491
D128_F05_V01,128,5,common_grid,detrended_51,19,left,-0.082924410439245672,491
D128_F05_V01,128,5,common_grid,detrended_51,19,right,-0.025968993986799666,491
D128_F05_V01,128,5,common_grid,detrended_51,20,bg,0.0024205009620410218,491
D128_F05_V01,128,5,common_grid,detrended_51,20,left,0.051504513734195657,491
D128_F05_V01,128,5,common_grid,detrended_51,20,right,-0.042187314392667853,491
D128_F07_V01,128,7,common_grid,raw,1,bg,0.057421257133792314,493
D128_F07_V01,128,7,common_grid,raw,1,left,0.074744257063087835,493
D128_F07_V01,128,7,common_grid,raw,1,right,0.018985657003920391,493
D128_F07_V01,128,7,common_grid,raw,2,bg,0.0770899234889319,493
D128_F07_V01,128,7,common_grid,raw,2,left,0.059361724756845681,493
D128_F07_V01,128,7,common_grid,raw,2,right,0.037376034303493712,493
D128_F07_V01,128,7,common_grid,raw,3,bg,0.10908710892957611,493
D128_F07_V01,128,7,common_grid,raw,3,left,0.1067404410237449,493
D128_F07_V01,128,7,common_grid,raw,3,right,0.091632814973968496,493
D128_F07_V01,128,7,common_grid,raw,4,bg,0.087257148614222069,493
D128_F07_V01,128,7,common_grid,raw,4,left,0.10809624463031473,493
D128_F07_V01,128,7,common_grid,raw,4,right,0.015679671418422157,493
D128_F07_V01,128,7,common_grid,raw,5,bg,0.15122908634379884,493
D128_F07_V01,128,7,common_grid,raw,5,left,0.18645634518691714,493
D128_F07_V01,128,7,common_grid,raw,5,right,0.03708750791920299,493
D128_F07_V01,128,7,common_grid,raw,6,bg,0.069804457026593908,493
D128_F07_V01,128,7,common_grid,raw,6,left,0.12776320846947617,493
D128_F07_V01,128,7,common_grid,raw,6,right,-0.03409128009372249,493
D128_F07_V01,128,7,common_grid,raw,7,bg,0.065271358012871414,493
D128_F07_V01,128,7,common_grid,raw,7,left,0.057001336575190804,493
D128_F07_V01,128,7,common_grid,raw,7,right,0.058749520040716131,493
D128_F07_V01,128,7,common_grid,raw,8,bg,0.003166178979295612,493
D128_F07_V01,128,7,common_grid,raw,8,left,0.014266983748583657,493
D128_F07_V01,128,7,common_grid,raw,8,right,-0.0067815217328167478,493
D128_F07_V01,128,7,common_grid,raw,9,bg,0.083130249883277482,493
D128_F07_V01,128,7,common_grid,raw,9,left,0.068837928691019595,493
D128_F07_V01,128,7,common_grid,raw,9,right,0.060989730623916036,493
D128_F07_V01,128,7,common_grid,raw,10,bg,0.091173235807876826,493
D128_F07_V01,128,7,common_grid,raw,10,left,0.098496357917730801,493
D128_F07_V01,128,7,common_grid,raw,10,right,0.022143223255326753,493
D128_F07_V01,128,7,common_grid,raw,11,bg,0.15530951640334081,493
D128_F07_V01,128,7,common_grid,raw,11,left,0.084038191639604992,493
D128_F07_V01,128,7,common_grid,raw,11,right,0.1524155396845458,493
D128_F07_V01,128,7,common_grid,raw,12,bg,0.07003990497156698,493
D128_F07_V01,128,7,common_grid,raw,12,left,0.053586890707086936,493
D128_F07_V01,128,7,common_grid,raw,12,right,0.056273260624550958,493
D128_F07_V01,128,7,common_grid,raw,13,bg,0.018807593862209579,493
D128_F07_V01,128,7,common_grid,raw,13,left,-0.015134465713431305,493
D128_F07_V01,128,7,common_grid,raw,13,right,0.039530217755799513,493
D128_F07_V01,128,7,common_grid,raw,14,bg,0.051832297769643966,493
D128_F07_V01,128,7,common_grid,raw,14,left,-0.0018520369401902326,493
D128_F07_V01,128,7,common_grid,raw,14,right,0.087032917245104841,493
D128_F07_V01,128,7,common_grid,raw,15,bg,0.054819912867235199,493
D128_F07_V01,128,7,common_grid,raw,15,left,0.085988373618533481,493
D128_F07_V01,128,7,common_grid,raw,15,right,-0.035276631806483612,493
D128_F07_V01,128,7,common_grid,raw,16,bg,0.076984968386281258,493
D128_F07_V01,128,7,common_grid,raw,16,left,0.078536561330333959,493
D128_F07_V01,128,7,common_grid,raw,16,right,0.0076284733579283495,493
D128_F07_V01,128,7,common_grid,raw,17,bg,0.086915043050620186,493
D128_F07_V01,128,7,common_grid,raw,17,left,0.092842602798415469,493
D128_F07_V01,128,7,common_grid,raw,17,right,0.034756062509176074,493
D128_F07_V01,128,7,common_grid,raw,18,bg,0.060747572763029188,493
D128_F07_V01,128,7,common_grid,raw,18,left,0.071511980404641975,493
D128_F07_V01,128,7,common_grid,raw,18,right,0.027147017862997946,493
D128_F07_V01,128,7,common_grid,raw,19,bg,0.008553139830040829,493
D128_F07_V01,128,7,common_grid,raw,19,left,0.019769715685840537,493
D128_F07_V01,128,7,common_grid,raw,19,right,-0.0056322232995921354,493
D128_F07_V01,128,7,common_grid,raw,20,bg,-0.0038639100863255729,493
D128_F07_V01,128,7,common_grid,raw,20,left,-0.031118987639934301,493
D128_F07_V01,128,7,common_grid,raw,20,right,0.026313786513709948,493
D128_F07_V01,128,7,common_grid,detrended_51,1,bg,0.041053011826547157,493
D128_F07_V01,128,7,common_grid,detrended_51,1,left,0.037914305114008125,493
D128_F07_V01,128,7,common_grid,detrended_51,1,right,0.030214590865061963,493
D128_F07_V01,128,7,common_grid,detrended_51,2,bg,0.05096241707230436,493
D128_F07_V01,128,7,common_grid,detrended_51,2,left,0.02311889283179569,493
D128_F07_V01,128,7,common_grid,detrended_51,2,right,0.034267171167606518,493
D128_F07_V01,128,7,common_grid,detrended_51,3,bg,0.074684892564353789,493
D128_F07_V01,128,7,common_grid,detrended_51,3,left,0.078635249755974579,493
D128_F07_V01,128,7,common_grid,detrended_51,3,right,0.056796682926432855,493
D128_F07_V01,128,7,common_grid,detrended_51,4,bg,0.06289581095862383,493
D128_F07_V01,128,7,common_grid,detrended_51,4,left,0.083894256793432986,493
D128_F07_V01,128,7,common_grid,detrended_51,4,right,-0.014780618178703204,493
D128_F07_V01,128,7,common_grid,detrended_51,5,bg,0.1246683712587357,493
D128_F07_V01,128,7,common_grid,detrended_51,5,left,0.15893822989158521,493
D128_F07_V01,128,7,common_grid,detrended_51,5,right,0.014826761479871846,493
D128_F07_V01,128,7,common_grid,detrended_51,6,bg,0.043615637901420513,493
D128_F07_V01,128,7,common_grid,detrended_51,6,left,0.1079626250368049,493
D128_F07_V01,128,7,common_grid,detrended_51,6,right,-0.047390017308275294,493
D128_F07_V01,128,7,common_grid,detrended_51,7,bg,0.043803782883958052,493
D128_F07_V01,128,7,common_grid,detrended_51,7,left,0.039601717970757663,493
D128_F07_V01,128,7,common_grid,detrended_51,7,right,0.037162516997550618,493
D128_F07_V01,128,7,common_grid,detrended_51,8,bg,0.0079826314397852191,493
D128_F07_V01,128,7,common_grid,detrended_51,8,left,0.0087963740507792012,493
D128_F07_V01,128,7,common_grid,detrended_51,8,right,0.0064856396061669401,493
D128_F07_V01,128,7,common_grid,detrended_51,9,bg,0.05058967634454109,493
D128_F07_V01,128,7,common_grid,detrended_51,9,left,0.011771004044859975,493
D128_F07_V01,128,7,common_grid,detrended_51,9,right,0.065344977839496762,493
D128_F07_V01,128,7,common_grid,detrended_51,10,bg,0.078595558509769917,493
D128_F07_V01,128,7,common_grid,detrended_51,10,left,0.075314139405634292,493
D128_F07_V01,128,7,common_grid,detrended_51,10,right,0.03087682549099964,493
D128_F07_V01,128,7,common_grid,detrended_51,11,bg,0.041467788878227621,493
D128_F07_V01,128,7,common_grid,detrended_51,11,left,-0.019676349845699402,493
D128_F07_V01,128,7,common_grid,detrended_51,11,right,0.084088942484045207,493
D128_F07_V01,128,7,common_grid,detrended_51,12,bg,0.016385486568212405,493
D128_F07_V01,128,7,common_grid,detrended_51,12,left,-0.0030861226307559177,493
D128_F07_V01,128,7,common_grid,detrended_51,12,right,0.0262378581198165,493
D128_F07_V01,128,7,common_grid,detrended_51,13,bg,-0.026605610891419967,493
D128_F07_V01,128,7,common_grid,detrended_51,13,left,-0.035536490202946344,493
D128_F07_V01,128,7,common_grid,detrended_51,13,right,-0.012904500601531683,493
D128_F07_V01,128,7,common_grid,detrended_51,14,bg,0.011037750219402708,493
D128_F07_V01,128,7,common_grid,detrended_51,14,left,-0.040121768485300344,493
D128_F07_V01,128,7,common_grid,detrended_51,14,right,0.050017455845124285,493
D128_F07_V01,128,7,common_grid,detrended_51,15,bg,-0.010026793799567923,493
D128_F07_V01,128,7,common_grid,detrended_51,15,left,0.010042821158508531,493
D128_F07_V01,128,7,common_grid,detrended_51,15,right,-0.056827999480974126,493
D128_F07_V01,128,7,common_grid,detrended_51,16,bg,0.01336994132720557,493
D128_F07_V01,128,7,common_grid,detrended_51,16,left,0.0089710022021127472,493
D128_F07_V01,128,7,common_grid,detrended_51,16,right,-0.017731535671885072,493
D128_F07_V01,128,7,common_grid,detrended_51,17,bg,0.020955999981319706,493
D128_F07_V01,128,7,common_grid,detrended_51,17,left,0.050681293205224451,493
D128_F07_V01,128,7,common_grid,detrended_51,17,right,-0.0098993175713849666,493
D128_F07_V01,128,7,common_grid,detrended_51,18,bg,0.0025573956226756676,493
D128_F07_V01,128,7,common_grid,detrended_51,18,left,0.025618877337466834,493
D128_F07_V01,128,7,common_grid,detrended_51,18,right,-0.015782142794999062,493
D128_F07_V01,128,7,common_grid,detrended_51,19,bg,-0.046398830587895061,493
D128_F07_V01,128,7,common_grid,detrended_51,19,left,-0.02164897674767155,493
D128_F07_V01,128,7,common_grid,detrended_51,19,right,-0.039757929202715279,493
D128_F07_V01,128,7,common_grid,detrended_51,20,bg,-0.085041766865248142,493
D128_F07_V01,128,7,common_grid,detrended_51,20,left,-0.089170094025255053,493
D128_F07_V01,128,7,common_grid,detrended_51,20,right,-0.03734851109215314,493
D128_F10_V01,128,10,common_grid,raw,1,bg,0.066067757270234742,484
D128_F10_V01,128,10,common_grid,raw,1,left,0.096784231212331137,484
D128_F10_V01,128,10,common_grid,raw,1,right,0.03111633486923817,484
D128_F10_V01,128,10,common_grid,raw,2,bg,0.13092587702424299,484
D128_F10_V01,128,10,common_grid,raw,2,left,0.064596590809866558,484
D128_F10_V01,128,10,common_grid,raw,2,right,0.1098427915754023,484
D128_F10_V01,128,10,common_grid,raw,3,bg,0.013435771677082141,484
D128_F10_V01,128,10,common_grid,raw,3,left,-0.0054022502496484824,484
D128_F10_V01,128,10,common_grid,raw,3,right,0.033621022227843446,484
D128_F10_V01,128,10,common_grid,raw,4,bg,0.060209868775126907,484
D128_F10_V01,128,10,common_grid,raw,4,left,0.064208583885858664,484
D128_F10_V01,128,10,common_grid,raw,4,right,-0.00045457985232240285,484
D128_F10_V01,128,10,common_grid,raw,5,bg,0.07039489177136378,484
D128_F10_V01,128,10,common_grid,raw,5,left,0.11839566651514007,484
D128_F10_V01,128,10,common_grid,raw,5,right,0.0059127132596021384,484
D128_F10_V01,128,10,common_grid,raw,6,bg,0.054873768096538142,484
D128_F10_V01,128,10,common_grid,raw,6,left,-0.014775062352585687,484
D128_F10_V01,128,10,common_grid,raw,6,right,0.092868917480791485,484
D128_F10_V01,128,10,common_grid,raw,7,bg,0.041697620255951209,484
D128_F10_V01,128,10,common_grid,raw,7,left,0.02360904650949882,484
D128_F10_V01,128,10,common_grid,raw,7,right,0.017531647277786382,484
D128_F10_V01,128,10,common_grid,raw,8,bg,0.069670421669117716,484
D128_F10_V01,128,10,common_grid,raw,8,left,0.066497147365897638,484
D128_F10_V01,128,10,common_grid,raw,8,right,0.065118378626385628,484
D128_F10_V01,128,10,common_grid,raw,9,bg,0.13039456366949134,484
D128_F10_V01,128,10,common_grid,raw,9,left,0.095886078796310656,484
D128_F10_V01,128,10,common_grid,raw,9,right,0.097160807490459883,484
D128_F10_V01,128,10,common_grid,raw,10,bg,0.11760705778879448,484
D128_F10_V01,128,10,common_grid,raw,10,left,0.069718261038908116,484
D128_F10_V01,128,10,common_grid,raw,10,right,0.090112544234218189,484
D128_F10_V01,128,10,common_grid,raw,11,bg,0.11867889251858936,484
D128_F10_V01,128,10,common_grid,raw,11,left,0.10447737340691986,484
D128_F10_V01,128,10,common_grid,raw,11,right,0.084035145002505737,484
D128_F10_V01,128,10,common_grid,raw,12,bg,0.09179475428609532,484
D128_F10_V01,128,10,common_grid,raw,12,left,0.094909922806096544,484
D128_F10_V01,128,10,common_grid,raw,12,right,0.039011947670926521,484
D128_F10_V01,128,10,common_grid,raw,13,bg,0.071002303592662588,484
D128_F10_V01,128,10,common_grid,raw,13,left,0.060475525452502753,484
D128_F10_V01,128,10,common_grid,raw,13,right,0.043696819052346542,484
D128_F10_V01,128,10,common_grid,raw,14,bg,0.027014532266966956,484
D128_F10_V01,128,10,common_grid,raw,14,left,0.049636415497627352,484
D128_F10_V01,128,10,common_grid,raw,14,right,-0.022803715171589328,484
D128_F10_V01,128,10,common_grid,raw,15,bg,0.058265706421853261,484
D128_F10_V01,128,10,common_grid,raw,15,left,0.047346581945824015,484
D128_F10_V01,128,10,common_grid,raw,15,right,0.036051939584802954,484
D128_F10_V01,128,10,common_grid,raw,16,bg,0.075285938135862748,484
D128_F10_V01,128,10,common_grid,raw,16,left,0.091579053764783772,484
D128_F10_V01,128,10,common_grid,raw,16,right,0.039791560055607973,484
D128_F10_V01,128,10,common_grid,raw,17,bg,0.10347189992681211,484
D128_F10_V01,128,10,common_grid,raw,17,left,0.12556056469507426,484
D128_F10_V01,128,10,common_grid,raw,17,right,0.029727088037670341,484
D128_F10_V01,128,10,common_grid,raw,18,bg,0.14949390286173622,484
D128_F10_V01,128,10,common_grid,raw,18,left,0.13996995221884184,484
D128_F10_V01,128,10,common_grid,raw,18,right,0.091907473155181066,484
D128_F10_V01,128,10,common_grid,raw,19,bg,0.059848745036797664,484
D128_F10_V01,128,10,common_grid,raw,19,left,0.023273853403024996,484
D128_F10_V01,128,10,common_grid,raw,19,right,0.050718516640850683,484
D128_F10_V01,128,10,common_grid,raw,20,bg,0.061584615620718486,484
D128_F10_V01,128,10,common_grid,raw,20,left,0.061855458424465382,484
D128_F10_V01,128,10,common_grid,raw,20,right,0.0248924540273711,484
D128_F10_V01,128,10,common_grid,detrended_51,1,bg,0.032167092957067045,484
D128_F10_V01,128,10,common_grid,detrended_51,1,left,0.063457282591209946,484
D128_F10_V01,128,10,common_grid,detrended_51,1,right,0.012172133466058332,484
D128_F10_V01,128,10,common_grid,detrended_51,2,bg,0.079182087308350482,484
D128_F10_V01,128,10,common_grid,detrended_51,2,left,0.021040259929746601,484
D128_F10_V01,128,10,common_grid,detrended_51,2,right,0.078926861779587756,484
D128_F10_V01,128,10,common_grid,detrended_51,3,bg,0.027583399591180502,484
D128_F10_V01,128,10,common_grid,detrended_51,3,left,-0.031916579448332816,484
D128_F10_V01,128,10,common_grid,detrended_51,3,right,0.069877401843409528,484
D128_F10_V01,128,10,common_grid,detrended_51,4,bg,0.0498729608163248,484
D128_F10_V01,128,10,common_grid,detrended_51,4,left,0.066347948032936754,484
D128_F10_V01,128,10,common_grid,detrended_51,4,right,-0.019072811878929091,484
D128_F10_V01,128,10,common_grid,detrended_51,5,bg,0.034687932990918914,484
D128_F10_V01,128,10,common_grid,detrended_51,5,left,0.07531765141719271,484
D128_F10_V01,128,10,common_grid,detrended_51,5,right,-0.022408543785194218,484
D128_F10_V01,128,10,common_grid,detrended_51,6,bg,0.051487872060625127,484
D128_F10_V01,128,10,common_grid,detrended_51,6,left,-0.014646521842720521,484
D128_F10_V01,128,10,common_grid,detrended_51,6,right,0.078403863571929078,484
D128_F10_V01,128,10,common_grid,detrended_51,7,bg,0.0023676962219462668,484
D128_F10_V01,128,10,common_grid,detrended_51,7,left,-0.00321727173505405,484
D128_F10_V01,128,10,common_grid,detrended_51,7,right,-0.0065606999025672299,484
D128_F10_V01,128,10,common_grid,detrended_51,8,bg,0.0093426825073753481,484
D128_F10_V01,128,10,common_grid,detrended_51,8,left,0.018313810265949422,484
D128_F10_V01,128,10,common_grid,detrended_51,8,right,0.009103447268562468,484
D128_F10_V01,128,10,common_grid,detrended_51,9,bg,0.091926588657656017,484
D128_F10_V01,128,10,common_grid,detrended_51,9,left,0.076391613706542849,484
D128_F10_V01,128,10,common_grid,detrended_51,9,right,0.090910370604981319,484
D128_F10_V01,128,10,common_grid,detrended_51,10,bg,0.045220623547521238,484
D128_F10_V01,128,10,common_grid,detrended_51,10,left,0.012932130288723065,484
D128_F10_V01,128,10,common_grid,detrended_51,10,right,0.04178449458115658,484
D128_F10_V01,128,10,common_grid,detrended_51,11,bg,0.010376924773408437,484
D128_F10_V01,128,10,common_grid,detrended_51,11,left,0.0084323409184326563,484
D128_F10_V01,128,10,common_grid,detrended_51,11,right,0.018576372236708324,484
D128_F10_V01,128,10,common_grid,detrended_51,12,bg,-0.010090882664747123,484
D128_F10_V01,128,10,common_grid,detrended_51,12,left,0.006860727973601515,484
D128_F10_V01,128,10,common_grid,detrended_51,12,right,-0.015079402249315775,484
D128_F10_V01,128,10,common_grid,detrended_51,13,bg,0.013901551049773225,484
D128_F10_V01,128,10,common_grid,detrended_51,13,left,0.031898444524483441,484
D128_F10_V01,128,10,common_grid,detrended_51,13,right,-0.0088224031558808876,484
D128_F10_V01,128,10,common_grid,detrended_51,14,bg,-0.061959014068475073,484
D128_F10_V01,128,10,common_grid,detrended_51,14,left,-0.018305629587586515,484
D128_F10_V01,128,10,common_grid,detrended_51,14,right,-0.076648561757292677,484
D128_F10_V01,128,10,common_grid,detrended_51,15,bg,-0.022535890131545933,484
D128_F10_V01,128,10,common_grid,detrended_51,15,left,-0.011304097653383118,484
D128_F10_V01,128,10,common_grid,detrended_51,15,right,-0.039481281332983495,484
D128_F10_V01,128,10,common_grid,detrended_51,16,bg,-0.013331027441159335,484
D128_F10_V01,128,10,common_grid,detrended_51,16,left,-0.0011153388193583952,484
D128_F10_V01,128,10,common_grid,detrended_51,16,right,0.010715092930079698,484
D128_F10_V01,128,10,common_grid,detrended_51,17,bg,-0.022530191349693893,484
D128_F10_V01,128,10,common_grid,detrended_51,17,left,-0.014853318479118895,484
D128_F10_V01,128,10,common_grid,detrended_51,17,right,-0.023301601799905633,484
D128_F10_V01,128,10,common_grid,detrended_51,18,bg,0.051987323268008964,484
D128_F10_V01,128,10,common_grid,detrended_51,18,left,0.047827560543559591,484
D128_F10_V01,128,10,common_grid,detrended_51,18,right,0.037687195872084675,484
D128_F10_V01,128,10,common_grid,detrended_51,19,bg,-0.056723552524177955,484
D128_F10_V01,128,10,common_grid,detrended_51,19,left,-0.071694698767087672,484
D128_F10_V01,128,10,common_grid,detrended_51,19,right,-0.018603061594763923,484
D128_F10_V01,128,10,common_grid,detrended_51,20,bg,0.0061315024273977774,484
D128_F10_V01,128,10,common_grid,detrended_51,20,left,0.025838791770597554,484
D128_F10_V01,128,10,common_grid,detrended_51,20,right,0.0045725373475739087,484
D235_F01_V01,235,1,common_grid,raw,1,bg,-0.0061491446850036324,448
D235_F01_V01,235,1,common_grid,raw,1,left,-0.010304271556906049,448
D235_F01_V01,235,1,common_grid,raw,1,right,0.016299137104506221,448
D235_F01_V01,235,1,common_grid,raw,2,bg,-0.0078785123861056967,448
D235_F01_V01,235,1,common_grid,raw,2,left,-0.040560198758506694,448
D235_F01_V01,235,1,common_grid,raw,2,right,0.015085323302876093,448
D235_F01_V01,235,1,common_grid,raw,3,bg,0.016777188895318668,448
D235_F01_V01,235,1,common_grid,raw,3,left,-0.0065556622044940609,448
D235_F01_V01,235,1,common_grid,raw,3,right,0.032654727561193822,448
D235_F01_V01,235,1,common_grid,raw,4,bg,0.076912020320003757,448
D235_F01_V01,235,1,common_grid,raw,4,left,0.070752065418624971,448
D235_F01_V01,235,1,common_grid,raw,4,right,0.040543516325829004,448
D235_F01_V01,235,1,common_grid,raw,5,bg,0.058375702263685991,448
D235_F01_V01,235,1,common_grid,raw,5,left,0.056803683267600102,448
D235_F01_V01,235,1,common_grid,raw,5,right,0.039975512858018349,448
D235_F01_V01,235,1,common_grid,raw,6,bg,-0.017043974358700597,448
D235_F01_V01,235,1,common_grid,raw,6,left,0.031976086199864619,448
D235_F01_V01,235,1,common_grid,raw,6,right,-0.051714740544130236,448
D235_F01_V01,235,1,common_grid,raw,7,bg,0.045058716824647072,448
D235_F01_V01,235,1,common_grid,raw,7,left,-0.023867222783345125,448
D235_F01_V01,235,1,common_grid,raw,7,right,0.10621758269682068,448
D235_F01_V01,235,1,common_grid,raw,8,bg,0.0055903499200310874,448
D235_F01_V01,235,1,common_grid,raw,8,left,-0.036909148272393971,448
D235_F01_V01,235,1,common_grid,raw,8,right,0.038487973701012368,448
D235_F01_V01,235,1,common_grid,raw,9,bg,0.054520191882675255,448
D235_F01_V01,235,1,common_grid,raw,9,left,-0.0019160774876309759,448
D235_F01_V01,235,1,common_grid,raw,9,right,0.11289562722743841,448
D235_F01_V01,235,1,common_grid,raw,10,bg,-0.0087497357502663558,448
D235_F01_V01,235,1,common_grid,raw,10,left,-0.0053453183488608932,448
D235_F01_V01,235,1,common_grid,raw,10,right,0.016881287275227579,448
D235_F01_V01,235,1,common_grid,raw,11,bg,0.057271992517728756,448
D235_F01_V01,235,1,common_grid,raw,11,left,0.014918098597714737,448
D235_F01_V01,235,1,common_grid,raw,11,right,0.044030011296008822,448
D235_F01_V01,235,1,common_grid,raw,12,bg,-0.068101293595867668,448
D235_F01_V01,235,1,common_grid,raw,12,left,-0.082552284078606541,448
D235_F01_V01,235,1,common_grid,raw,12,right,-0.030123935794254625,448
D235_F01_V01,235,1,common_grid,raw,13,bg,0.025207689613864385,448
D235_F01_V01,235,1,common_grid,raw,13,left,-0.010664078264898878,448
D235_F01_V01,235,1,common_grid,raw,13,right,0.053319056729880174,448
D235_F01_V01,235,1,common_grid,raw,14,bg,0.016282988509674197,448
D235_F01_V01,235,1,common_grid,raw,14,left,-0.034276793855312862,448
D235_F01_V01,235,1,common_grid,raw,14,right,0.06555195096379085,448
D235_F01_V01,235,1,common_grid,raw,15,bg,-0.013819727230214358,448
D235_F01_V01,235,1,common_grid,raw,15,left,-0.044069782215512485,448
D235_F01_V01,235,1,common_grid,raw,15,right,0.028258572901963878,448
D235_F01_V01,235,1,common_grid,raw,16,bg,0.029247374051637094,448
D235_F01_V01,235,1,common_grid,raw,16,left,-0.0075731571383729013,448
D235_F01_V01,235,1,common_grid,raw,16,right,0.051907722925345963,448
D235_F01_V01,235,1,common_grid,raw,17,bg,0.043155184526389737,448
D235_F01_V01,235,1,common_grid,raw,17,left,0.064853023764325529,448
D235_F01_V01,235,1,common_grid,raw,17,right,-0.023251173909422662,448
D235_F01_V01,235,1,common_grid,raw,18,bg,0.047835074000602162,448
D235_F01_V01,235,1,common_grid,raw,18,left,-0.016197841373287183,448
D235_F01_V01,235,1,common_grid,raw,18,right,0.076700487073650389,448
D235_F01_V01,235,1,common_grid,raw,19,bg,0.068804358038637076,448
D235_F01_V01,235,1,common_grid,raw,19,left,0.056357528288067449,448
D235_F01_V01,235,1,common_grid,raw,19,right,0.046470184088642702,448
D235_F01_V01,235,1,common_grid,raw,20,bg,0.0040131260049497408,448
D235_F01_V01,235,1,common_grid,raw,20,left,-0.016376410132669363,448
D235_F01_V01,235,1,common_grid,raw,20,right,0.0083832560692024619,448
D235_F01_V01,235,1,common_grid,detrended_51,1,bg,0.033891936334135231,448
D235_F01_V01,235,1,common_grid,detrended_51,1,left,0.0080161993570189889,448
D235_F01_V01,235,1,common_grid,detrended_51,1,right,0.048308946800876773,448
D235_F01_V01,235,1,common_grid,detrended_51,2,bg,0.032272142355525266,448
D235_F01_V01,235,1,common_grid,detrended_51,2,left,0.017528464369580412,448
D235_F01_V01,235,1,common_grid,detrended_51,2,right,0.030105809414936225,448
D235_F01_V01,235,1,common_grid,detrended_51,3,bg,0.046279240657770081,448
D235_F01_V01,235,1,common_grid,detrended_51,3,left,-0.03510507841118414,448
D235_F01_V01,235,1,common_grid,detrended_51,3,right,0.055760536456707407,448
D235_F01_V01,235,1,common_grid,detrended_51,4,bg,0.040712023667275714,448
D235_F01_V01,235,1,common_grid,detrended_51,4,left,0.030185985121761596,448
D235_F01_V01,235,1,common_grid,detrended_51,4,right,0.012563653727990447,448
D235_F01_V01,235,1,common_grid,detrended_51,5,bg,0.028096140033271714,448
D235_F01_V01,235,1,common_grid,detrended_51,5,left,0.050448655109618601,448
D235_F01_V01,235,1,common_grid,detrended_51,5,right,-0.0025928664209988392,448
D235_F01_V01,235,1,common_grid,detrended_51,6,bg,-0.032765514219212089,448
D235_F01_V01,235,1,common_grid,detrended_51,6,left,0.015456230352449316,448
D235_F01_V01,235,1,common_grid,detrended_51,6,right,-0.064256823367127569,448
D235_F01_V01,235,1,common_grid,detrended_51,7,bg,-0.00041846228090705768,448
D235_F01_V01,235,1,common_grid,detrended_51,7,left,-0.064333874856895915,448
D235_F01_V01,235,1,common_grid,detrended_51,7,right,0.06031121822571394,448
D235_F01_V01,235,1,common_grid,detrended_51,8,bg,0.019329356748347012,448
D235_F01_V01,235,1,common_grid,detrended_51,8,left,-0.034257879895937746,448
D235_F01_V01,235,1,common_grid,detrended_51,8,right,0.029214492193613821,448
D235_F01_V01,235,1,common_grid,detrended_51,9,bg,0.039463528973416984,448
D235_F01_V01,235,1,common_grid,detrended_51,9,left,-0.0076825440846022483,448
D235_F01_V01,235,1,common_grid,detrended_51,9,right,0.078436593182422826,448
D235_F01_V01,235,1,common_grid,detrended_51,10,bg,-0.028053659003043248,448
D235_F01_V01,235,1,common_grid,detrended_51,10,left,-0.0068113987130427288,448
D235_F01_V01,235,1,common_grid,detrended_51,10,right,-0.050929833948147721,448
D235_F01_V01,235,1,common_grid,detrended_51,11,bg,0.061333313759273742,448
D235_F01_V01,235,1,common_grid,detrended_51,11,left,0.0096121552798891612,448
D235_F01_V01,235,1,common_grid,detrended_51,11,right,0.038668087923861227,448
D235_F01_V01,235,1,common_grid,detrended_51,12,bg,-0.080915658732061968,448
D235_F01_V01,235,1,common_grid,detrended_51,12,left,-0.089597985131113222,448
D235_F01_V01,235,1,common_grid,detrended_51,12,right,-0.047137067982146938,448
D235_F01_V01,235,1,common_grid,detrended_51,13,bg,-0.011638386697190582,448
D235_F01_V01,235,1,common_grid,detrended_51,13,left,-0.0075804445896495449,448
D235_F01_V01,235,1,common_grid,detrended_51,13,right,0.01018906466749582,448
D235_F01_V01,235,1,common_grid,detrended_51,14,bg,0.0041497385168590209,448
D235_F01_V01,235,1,common_grid,detrended_51,14,left,-0.031151712303526535,448
D235_F01_V01,235,1,common_grid,detrended_51,14,right,0.045988894763713588,448
D235_F01_V01,235,1,common_grid,detrended_51,15,bg,-0.058571000356879246,448
D235_F01_V01,235,1,common_grid,detrended_51,15,left,-0.05531738400455647,448
D235_F01_V01,235,1,common_grid,detrended_51,15,right,-0.011422023509485804,448
D235_F01_V01,235,1,common_grid,detrended_51,16,bg,0.0074317467823216314,448
D235_F01_V01,235,1,common_grid,detrended_51,16,left,-0.026015334406830442,448
D235_F01_V01,235,1,common_grid,detrended_51,16,right,0.028268194479384778,448
D235_F01_V01,235,1,common_grid,detrended_51,17,bg,-0.0094247396797657104,448
D235_F01_V01,235,1,common_grid,detrended_51,17,left,0.056216637949608336,448
D235_F01_V01,235,1,common_grid,detrended_51,17,right,-0.070138746438815042,448
D235_F01_V01,235,1,common_grid,detrended_51,18,bg,0.0061476815537265025,448
D235_F01_V01,235,1,common_grid,detrended_51,18,left,-0.038599784636253687,448
D235_F01_V01,235,1,common_grid,detrended_51,18,right,0.041820623400326204,448
D235_F01_V01,235,1,common_grid,detrended_51,19,bg,0.044222274071323647,448
D235_F01_V01,235,1,common_grid,detrended_51,19,left,0.043840076189562163,448
D235_F01_V01,235,1,common_grid,detrended_51,19,right,0.039291360459018015,448
D235_F01_V01,235,1,common_grid,detrended_51,20,bg,-0.00064534365634060648,448
D235_F01_V01,235,1,common_grid,detrended_51,20,left,-0.024797518506502206,448
D235_F01_V01,235,1,common_grid,detrended_51,20,right,0.0055018032387163032,448
D235_F03_V01,235,3,common_grid,raw,1,bg,-0.0029418469081179746,448
D235_F03_V01,235,3,common_grid,raw,1,left,-0.030383781365642619,448
D235_F03_V01,235,3,common_grid,raw,1,right,0.039177558738178173,448
D235_F03_V01,235,3,common_grid,raw,2,bg,-0.12287866186070248,448
D235_F03_V01,235,3,common_grid,raw,2,left,-0.13773043110609065,448
D235_F03_V01,235,3,common_grid,raw,2,right,-0.033408239680380591,448
D235_F03_V01,235,3,common_grid,raw,3,bg,0.0058832934378516607,448
D235_F03_V01,235,3,common_grid,raw,3,left,0.055341101029879949,448
D235_F03_V01,235,3,common_grid,raw,3,right,-0.045990797703216048,448
D235_F03_V01,235,3,common_grid,raw,4,bg,0.0293362580529439,448
D235_F03_V01,235,3,common_grid,raw,4,left,-0.039703522475640969,448
D235_F03_V01,235,3,common_grid,raw,4,right,0.065230180202303201,448
D235_F03_V01,235,3,common_grid,raw,5,bg,0.03383891336238834,448
D235_F03_V01,235,3,common_grid,raw,5,left,0.051869286600456532,448
D235_F03_V01,235,3,common_grid,raw,5,right,0.020630030087100997,448
D235_F03_V01,235,3,common_grid,raw,6,bg,0.047260931397566111,448
D235_F03_V01,235,3,common_grid,raw,6,left,0.012255448882890929,448
D235_F03_V01,235,3,common_grid,raw,6,right,0.070896201636960379,448
D235_F03_V01,235,3,common_grid,raw,7,bg,-0.0095073851127572325,448
D235_F03_V01,235,3,common_grid,raw,7,left,0.048139361572643577,448
D235_F03_V01,235,3,common_grid,raw,7,right,-0.048927439692338572,448
D235_F03_V01,235,3,common_grid,raw,8,bg,0.0042392063325980573,448
D235_F03_V01,235,3,common_grid,raw,8,left,-0.013582436307806627,448
D235_F03_V01,235,3,common_grid,raw,8,right,-0.0020846367874065505,448
D235_F03_V01,235,3,common_grid,raw,9,bg,0.011801419795134398,448
D235_F03_V01,235,3,common_grid,raw,9,left,-0.045762715483646417,448
D235_F03_V01,235,3,common_grid,raw,9,right,0.056509138236242457,448
D235_F03_V01,235,3,common_grid,raw,10,bg,-0.032862657402088796,448
D235_F03_V01,235,3,common_grid,raw,10,left,-0.033866539470902624,448
D235_F03_V01,235,3,common_grid,raw,10,right,-0.025278556587879308,448
D235_F03_V01,235,3,common_grid,raw,11,bg,-0.069220217720426983,448
D235_F03_V01,235,3,common_grid,raw,11,left,-0.08941623763898468,448
D235_F03_V01,235,3,common_grid,raw,11,right,-0.010751627671591508,448
D235_F03_V01,235,3,common_grid,raw,12,bg,0.10403004866465801,448
D235_F03_V01,235,3,common_grid,raw,12,left,0.070174452869591925,448
D235_F03_V01,235,3,common_grid,raw,12,right,0.092405329196445909,448
D235_F03_V01,235,3,common_grid,raw,13,bg,0.044048962539530667,448
D235_F03_V01,235,3,common_grid,raw,13,left,-0.063793622559560281,448
D235_F03_V01,235,3,common_grid,raw,13,right,0.11407580924479027,448
D235_F03_V01,235,3,common_grid,raw,14,bg,-0.0013703617498777541,448
D235_F03_V01,235,3,common_grid,raw,14,left,-0.025281225777107764,448
D235_F03_V01,235,3,common_grid,raw,14,right,0.016307811969498633,448
D235_F03_V01,235,3,common_grid,raw,15,bg,0.07639366377184198,448
D235_F03_V01,235,3,common_grid,raw,15,left,0.033040025026318212,448
D235_F03_V01,235,3,common_grid,raw,15,right,0.06759041077754549,448
D235_F03_V01,235,3,common_grid,raw,16,bg,0.021168672473398861,448
D235_F03_V01,235,3,common_grid,raw,16,left,-0.042452653921466063,448
D235_F03_V01,235,3,common_grid,raw,16,right,0.055355114273329231,448
D235_F03_V01,235,3,common_grid,raw,17,bg,0.10836174240402129,448
D235_F03_V01,235,3,common_grid,raw,17,left,0.10162844565637497,448
D235_F03_V01,235,3,common_grid,raw,17,right,0.060237862128902621,448
D235_F03_V01,235,3,common_grid,raw,18,bg,0.080089823555915249,448
D235_F03_V01,235,3,common_grid,raw,18,left,0.10807627261604033,448
D235_F03_V01,235,3,common_grid,raw,18,right,0.0075187056781128511,448
D235_F03_V01,235,3,common_grid,raw,19,bg,0.14607057976925392,448
D235_F03_V01,235,3,common_grid,raw,19,left,0.081214753356238539,448
D235_F03_V01,235,3,common_grid,raw,19,right,0.14594819744313023,448
D235_F03_V01,235,3,common_grid,raw,20,bg,0.058307371019438094,448
D235_F03_V01,235,3,common_grid,raw,20,left,0.061513601120632415,448
D235_F03_V01,235,3,common_grid,raw,20,right,0.033002789836581559,448
D235_F03_V01,235,3,common_grid,detrended_51,1,bg,-0.030251879677920819,448
D235_F03_V01,235,3,common_grid,detrended_51,1,left,-0.015294823649258646,448
D235_F03_V01,235,3,common_grid,detrended_51,1,right,-0.0030277317082597439,448
D235_F03_V01,235,3,common_grid,detrended_51,2,bg,-0.13702587691658766,448
D235_F03_V01,235,3,common_grid,detrended_51,2,left,-0.10921465768048233,448
D235_F03_V01,235,3,common_grid,detrended_51,2,right,-0.042919538077659719,448
D235_F03_V01,235,3,common_grid,detrended_51,3,bg,0.029388423821901766,448
D235_F03_V01,235,3,common_grid,detrended_51,3,left,0.08609338607173378,448
D235_F03_V01,235,3,common_grid,detrended_51,3,right,-0.04772745593306485,448
D235_F03_V01,235,3,common_grid,detrended_51,4,bg,-0.025695701281225031,448
D235_F03_V01,235,3,common_grid,detrended_51,4,left,-0.082051532202388228,448
D235_F03_V01,235,3,common_grid,detrended_51,4,right,0.042478854494944887,448
D235_F03_V01,235,3,common_grid,detrended_51,5,bg,-0.0600473621568786,448
D235_F03_V01,235,3,common_grid,detrended_51,5,left,-0.020370271634985934,448
D235_F03_V01,235,3,common_grid,detrended_51,5,right,-0.042153360607145265,448
D235_F03_V01,235,3,common_grid,detrended_51,6,bg,-0.057014394382260226,448
D235_F03_V01,235,3,common_grid,detrended_51,6,left,-0.050606262454350369,448
D235_F03_V01,235,3,common_grid,detrended_51,6,right,-0.0067202735514860258,448
D235_F03_V01,235,3,common_grid,detrended_51,7,bg,-0.073912526177269552,448
D235_F03_V01,235,3,common_grid,detrended_51,7,left,-0.016636733913820118,448
D235_F03_V01,235,3,common_grid,detrended_51,7,right,-0.067440269657784657,448
D235_F03_V01,235,3,common_grid,detrended_51,8,bg,-0.0078506518387841326,448
D235_F03_V01,235,3,common_grid,detrended_51,8,left,-0.0051271812541152338,448
D235_F03_V01,235,3,common_grid,detrended_51,8,right,-0.015211206026210101,448
D235_F03_V01,235,3,common_grid,detrended_51,9,bg,-0.01763712352057592,448
D235_F03_V01,235,3,common_grid,detrended_51,9,left,-0.061392023562087283,448
D235_F03_V01,235,3,common_grid,detrended_51,9,right,0.031067114539123475,448
D235_F03_V01,235,3,common_grid,detrended_51,10,bg,-0.055066713301941281,448
D235_F03_V01,235,3,common_grid,detrended_51,10,left,-0.054193798042786206,448
D235_F03_V01,235,3,common_grid,detrended_51,10,right,-0.02639802797032513,448
D235_F03_V01,235,3,common_grid,detrended_51,11,bg,-0.12389771077647374,448
D235_F03_V01,235,3,common_grid,detrended_51,11,left,-0.12628612404831441,448
D235_F03_V01,235,3,common_grid,detrended_51,11,right,-0.04392606025312585,448
D235_F03_V01,235,3,common_grid,detrended_51,12,bg,0.050887502417675631,448
D235_F03_V01,235,3,common_grid,detrended_51,12,left,0.032213796572520714,448
D235_F03_V01,235,3,common_grid,detrended_51,12,right,0.048730104970275384,448
D235_F03_V01,235,3,common_grid,detrended_51,13,bg,-0.0036124909468490188,448
D235_F03_V01,235,3,common_grid,detrended_51,13,left,-0.076179981820822029,448
D235_F03_V01,235,3,common_grid,detrended_51,13,right,0.063512010423577625,448
D235_F03_V01,235,3,common_grid,detrended_51,14,bg,-0.0098382398859886422,448
D235_F03_V01,235,3,common_grid,detrended_51,14,left,-0.035348364758380789,448
D235_F03_V01,235,3,common_grid,detrended_51,14,right,0.02510035243002097,448
D235_F03_V01,235,3,common_grid,detrended_51,15,bg,0.058328237402159103,448
D235_F03_V01,235,3,common_grid,detrended_51,15,left,0.0041532728510844819,448
D235_F03_V01,235,3,common_grid,detrended_51,15,right,0.064596949876888965,448
D235_F03_V01,235,3,common_grid,detrended_51,16,bg,-0.021514839067782641,448
D235_F03_V01,235,3,common_grid,detrended_51,16,left,-0.054922043057510882,448
D235_F03_V01,235,3,common_grid,detrended_51,16,right,0.029715485784565634,448
D235_F03_V01,235,3,common_grid,detrended_51,17,bg,0.042924648793633502,448
D235_F03_V01,235,3,common_grid,detrended_51,17,left,0.04666848972756614,448
D235_F03_V01,235,3,common_grid,detrended_51,17,right,0.017144614233171263,448
D235_F03_V01,235,3,common_grid,detrended_51,18,bg,-0.0019232210980579829,448
D235_F03_V01,235,3,common_grid,detrended_51,18,left,0.04233722244927586,448
D235_F03_V01,235,3,common_grid,detrended_51,18,right,-0.05256486319824602,448
D235_F03_V01,235,3,common_grid,detrended_51,19,bg,0.05533973086908564,448
D235_F03_V01,235,3,common_grid,detrended_51,19,left,0.053209072884749353,448
D235_F03_V01,235,3,common_grid,detrended_51,19,right,0.053243439161596184,448
D235_F03_V01,235,3,common_grid,detrended_51,20,bg,0.041243289712864235,448
D235_F03_V01,235,3,common_grid,detrended_51,20,left,0.068959269931336817,448
D235_F03_V01,235,3,common_grid,detrended_51,20,right,0.01099053110846461,448
D235_F05_V01,235,5,common_grid,raw,1,bg,-0.052003683850095662,424
D235_F05_V01,235,5,common_grid,raw,1,left,-0.086602435434229894,424
D235_F05_V01,235,5,common_grid,raw,1,right,0.0073694319156807804,424
D235_F05_V01,235,5,common_grid,raw,2,bg,-0.045170929070142737,424
D235_F05_V01,235,5,common_grid,raw,2,left,-0.091049661133020071,424
D235_F05_V01,235,5,common_grid,raw,2,right,0.022681496524743987,424
D235_F05_V01,235,5,common_grid,raw,3,bg,-0.035548051416471847,424
D235_F05_V01,235,5,common_grid,raw,3,left,-0.014100014955801661,424
D235_F05_V01,235,5,common_grid,raw,3,right,-0.00091214647239867114,424
D235_F05_V01,235,5,common_grid,raw,4,bg,0.015090089026377334,424
D235_F05_V01,235,5,common_grid,raw,4,left,-0.003001235821506442,424
D235_F05_V01,235,5,common_grid,raw,4,right,0.027833848914917244,424
D235_F05_V01,235,5,common_grid,raw,5,bg,0.068225061200714754,424
D235_F05_V01,235,5,common_grid,raw,5,left,0.025662423941877035,424
D235_F05_V01,235,5,common_grid,raw,5,right,0.065443596949016511,424
D235_F05_V01,235,5,common_grid,raw,6,bg,0.097901622310907488,424
D235_F05_V01,235,5,common_grid,raw,6,left,0.034144567501830127,424
D235_F05_V01,235,5,common_grid,raw,6,right,0.10927401390102408,424
D235_F05_V01,235,5,common_grid,raw,7,bg,0.058666887067954455,424
D235_F05_V01,235,5,common_grid,raw,7,left,0.001241961256602205,424
D235_F05_V01,235,5,common_grid,raw,7,right,0.074059083288072383,424
D235_F05_V01,235,5,common_grid,raw,8,bg,0.057462708889256225,424
D235_F05_V01,235,5,common_grid,raw,8,left,-0.018921135696349983,424
D235_F05_V01,235,5,common_grid,raw,8,right,0.10625971143174252,424
D235_F05_V01,235,5,common_grid,raw,9,bg,-0.023168425941231571,424
D235_F05_V01,235,5,common_grid,raw,9,left,-0.0063009579584543535,424
D235_F05_V01,235,5,common_grid,raw,9,right,-0.0077220739761179446,424
D235_F05_V01,235,5,common_grid,raw,10,bg,0.072731952676694925,424
D235_F05_V01,235,5,common_grid,raw,10,left,0.034716036555127887,424
D235_F05_V01,235,5,common_grid,raw,10,right,0.085464849930337455,424
D235_F05_V01,235,5,common_grid,raw,11,bg,0.03734306247589364,424
D235_F05_V01,235,5,common_grid,raw,11,left,0.030047779850599407,424
D235_F05_V01,235,5,common_grid,raw,11,right,0.013489975677143589,424
D235_F05_V01,235,5,common_grid,raw,12,bg,0.044233279020158861,424
D235_F05_V01,235,5,common_grid,raw,12,left,0.02634629765193915,424
D235_F05_V01,235,5,common_grid,raw,12,right,0.036963185113467301,424
D235_F05_V01,235,5,common_grid,raw,13,bg,0.058925386292614186,424
D235_F05_V01,235,5,common_grid,raw,13,left,0.056914224541683406,424
D235_F05_V01,235,5,common_grid,raw,13,right,0.035547264269015506,424
D235_F05_V01,235,5,common_grid,raw,14,bg,0.016651317291268168,424
D235_F05_V01,235,5,common_grid,raw,14,left,-0.014578443179760871,424
D235_F05_V01,235,5,common_grid,raw,14,right,0.059479695531363889,424
D235_F05_V01,235,5,common_grid,raw,15,bg,0.072575467762375931,424
D235_F05_V01,235,5,common_grid,raw,15,left,0.073823883628120035,424
D235_F05_V01,235,5,common_grid,raw,15,right,0.027288985445643527,424
D235_F05_V01,235,5,common_grid,raw,16,bg,9.6504278146430662e-05,424
D235_F05_V01,235,5,common_grid,raw,16,left,0.0051185050495509334,424
D235_F05_V01,235,5,common_grid,raw,16,right,0.00072417565982634729,424
D235_F05_V01,235,5,common_grid,raw,17,bg,0.0074128824552703457,424
D235_F05_V01,235,5,common_grid,raw,17,left,0.031699844931951084,424
D235_F05_V01,235,5,common_grid,raw,17,right,-0.012132303744460442,424
D235_F05_V01,235,5,common_grid,raw,18,bg,0.039148463881738961,424
D235_F05_V01,235,5,common_grid,raw,18,left,0.051055013735723111,424
D235_F05_V01,235,5,common_grid,raw,18,right,0.020961579332656386,424
D235_F05_V01,235,5,common_grid,raw,19,bg,0.0076460355318361869,424
D235_F05_V01,235,5,common_grid,raw,19,left,0.028625561826496955,424
D235_F05_V01,235,5,common_grid,raw,19,right,0.0024229973000842401,424
D235_F05_V01,235,5,common_grid,raw,20,bg,0.042705740666399039,424
D235_F05_V01,235,5,common_grid,raw,20,left,0.066369124928172804,424
D235_F05_V01,235,5,common_grid,raw,20,right,0.014004297825111587,424
D235_F05_V01,235,5,common_grid,detrended_51,1,bg,-0.040730072687312463,424
D235_F05_V01,235,5,common_grid,detrended_51,1,left,-0.061764736558036555,424
D235_F05_V01,235,5,common_grid,detrended_51,1,right,0.00030006125988345375,424
D235_F05_V01,235,5,common_grid,detrended_51,2,bg,-0.049396114123167474,424
D235_F05_V01,235,5,common_grid,detrended_51,2,left,-0.087548929101291431,424
D235_F05_V01,235,5,common_grid,detrended_51,2,right,0.015392041213788064,424
D235_F05_V01,235,5,common_grid,detrended_51,3,bg,-0.11047301249013181,424
D235_F05_V01,235,5,common_grid,detrended_51,3,left,-0.076110097000569504,424
D235_F05_V01,235,5,common_grid,detrended_51,3,right,-0.021674618211714475,424
D235_F05_V01,235,5,common_grid,detrended_51,4,bg,-0.081700441213837113,424
D235_F05_V01,235,5,common_grid,detrended_51,4,left,-0.078705692714739858,424
D235_F05_V01,235,5,common_grid,detrended_51,4,right,-0.046667417607367132,424
D235_F05_V01,235,5,common_grid,detrended_51,5,bg,0.018071649006486161,424
D235_F05_V01,235,5,common_grid,detrended_51,5,left,-0.026131463990506833,424
D235_F05_V01,235,5,common_grid,detrended_51,5,right,0.051495671698253816,424
D235_F05_V01,235,5,common_grid,detrended_51,6,bg,0.054073885974477244,424
D235_F05_V01,235,5,common_grid,detrended_51,6,left,0.0087241229887873636,424
D235_F05_V01,235,5,common_grid,detrended_51,6,right,0.089183486939407752,424
D235_F05_V01,235,5,common_grid,detrended_51,7,bg,0.023419905361000578,424
D235_F05_V01,235,5,common_grid,detrended_51,7,left,-0.028968337134292369,424
D235_F05_V01,235,5,common_grid,detrended_51,7,right,0.034207590548775528,424
D235_F05_V01,235,5,common_grid,detrended_51,8,bg,0.030458384734116807,424
D235_F05_V01,235,5,common_grid,detrended_51,8,left,-0.023838187289635066,424
D235_F05_V01,235,5,common_grid,detrended_51,8,right,0.065399001723304706,424
D235_F05_V01,235,5,common_grid,detrended_51,9,bg,-0.044638032684777437,424
D235_F05_V01,235,5,common_grid,detrended_51,9,left,-0.0075904113918932713,424
D235_F05_V01,235,5,common_grid,detrended_51,9,right,-0.016881372272916764,424
D235_F05_V01,235,5,common_grid,detrended_51,10,bg,0.033608551829937335,424
D235_F05_V01,235,5,common_grid,detrended_51,10,left,0.01842077433311087,424
D235_F05_V01,235,5,common_grid,detrended_51,10,right,0.075782170595881215,424
D235_F05_V01,235,5,common_grid,detrended_51,11,bg,0.025463773436705087,424
D235_F05_V01,235,5,common_grid,detrended_51,11,left,0.019068560246169264,424
D235_F05_V01,235,5,common_grid,detrended_51,11,right,0.0055043905126192193,424
D235_F05_V01,235,5,common_grid,detrended_51,12,bg,0.029574670909892249,424
D235_F05_V01,235,5,common_grid,detrended_51,12,left,0.027508124368066433,424
D235_F05_V01,235,5,common_grid,detrended_51,12,right,0.02787452606241516,424
D235_F05_V01,235,5,common_grid,detrended_51,13,bg,0.032809978414810814,424
D235_F05_V01,235,5,common_grid,detrended_51,13,left,0.039532055475217938,424
D235_F05_V01,235,5,common_grid,detrended_51,13,right,0.017093587861915192,424
D235_F05_V01,235,5,common_grid,detrended_51,14,bg,0.035757539501058297,424
D235_F05_V01,235,5,common_grid,detrended_51,14,left,-0.019742534945234352,424
D235_F05_V01,235,5,common_grid,detrended_51,14,right,0.074219792818522715,424
D235_F05_V01,235,5,common_grid,detrended_51,15,bg,0.053763944467399231,424
D235_F05_V01,235,5,common_grid,detrended_51,15,left,0.048514159028379279,424
D235_F05_V01,235,5,common_grid,detrended_51,15,right,0.0096385912035937792,424
D235_F05_V01,235,5,common_grid,detrended_51,16,bg,-0.048860450990653614,424
D235_F05_V01,235,5,common_grid,detrended_51,16,left,-0.021606567849119251,424
D235_F05_V01,235,5,common_grid,detrended_51,16,right,-0.051961393702826562,424
D235_F05_V01,235,5,common_grid,detrended_51,17,bg,-0.031798399677887591,424
D235_F05_V01,235,5,common_grid,detrended_51,17,left,-0.0083942257965741798,424
D235_F05_V01,235,5,common_grid,detrended_51,17,right,-0.02851627754948562,424
D235_F05_V01,235,5,common_grid,detrended_51,18,bg,0.0039231668552443845,424
D235_F05_V01,235,5,common_grid,detrended_51,18,left,0.032968219318120981,424
D235_F05_V01,235,5,common_grid,detrended_51,18,right,-0.021245711742206869,424
D235_F05_V01,235,5,common_grid,detrended_51,19,bg,-0.048485637305796157,424
D235_F05_V01,235,5,common_grid,detrended_51,19,left,1.2751913761219183e-05,424
D235_F05_V01,235,5,common_grid,detrended_51,19,right,-0.053888232665078119,424
D235_F05_V01,235,5,common_grid,detrended_51,20,bg,0.038098139299291338,424
D235_F05_V01,235,5,common_grid,detrended_51,20,left,0.052241044649515782,424
D235_F05_V01,235,5,common_grid,detrended_51,20,right,0.023525100971419452,424
D235_F07_V01,235,7,common_grid,raw,1,bg,0.028513455246404747,444
D235_F07_V01,235,7,common_grid,raw,1,left,0.042600659857869407,444
D235_F07_V01,235,7,common_grid,raw,1,right,-0.024345369033019617,444
D235_F07_V01,235,7,common_grid,raw,2,bg,-0.017926938529571244,444
D235_F07_V01,235,7,common_grid,raw,2,left,-0.056146186006434048,444
D235_F07_V01,235,7,common_grid,raw,2,right,0.0029047181962696665,444
D235_F07_V01,235,7,common_grid,raw,3,bg,0.0042168934856686921,444
D235_F07_V01,235,7,common_grid,raw,3,left,0.018298339935796489,444
D235_F07_V01,235,7,common_grid,raw,3,right,0.015588302432343319,444
D235_F07_V01,235,7,common_grid,raw,4,bg,0.02020017836590236,444
D235_F07_V01,235,7,common_grid,raw,4,left,0.034313020505223821,444
D235_F07_V01,235,7,common_grid,raw,4,right,-0.0046224325626765617,444
D235_F07_V01,235,7,common_grid,raw,5,bg,-0.086556132818846193,444
D235_F07_V01,235,7,common_grid,raw,5,left,-0.10209768446509765,444
D235_F07_V01,235,7,common_grid,raw,5,right,-0.03083467976054274,444
D235_F07_V01,235,7,common_grid,raw,6,bg,0.10950007506174597,444
D235_F07_V01,235,7,common_grid,raw,6,left,0.059750109507889719,444
D235_F07_V01,235,7,common_grid,raw,6,right,0.084367208916375711,444
D235_F07_V01,235,7,common_grid,raw,7,bg,0.094029952035887057,444
D235_F07_V01,235,7,common_grid,raw,7,left,0.032589273779321193,444
D235_F07_V01,235,7,common_grid,raw,7,right,0.065093683228463983,444
D235_F07_V01,235,7,common_grid,raw,8,bg,-0.072554203834798353,444
D235_F07_V01,235,7,common_grid,raw,8,left,-0.054983448713633629,444
D235_F07_V01,235,7,common_grid,raw,8,right,-0.028184554554808425,444
D235_F07_V01,235,7,common_grid,raw,9,bg,0.12930910975398255,444
D235_F07_V01,235,7,common_grid,raw,9,left,0.062110133061511544,444
D235_F07_V01,235,7,common_grid,raw,9,right,0.12631897883121668,444
D235_F07_V01,235,7,common_grid,raw,10,bg,0.0033512498980325556,444
D235_F07_V01,235,7,common_grid,raw,10,left,-0.055188000540170368,444
D235_F07_V01,235,7,common_grid,raw,10,right,0.038867451924494041,444
D235_F07_V01,235,7,common_grid,raw,11,bg,-0.053746815017010556,444
D235_F07_V01,235,7,common_grid,raw,11,left,-0.085999236358127465,444
D235_F07_V01,235,7,common_grid,raw,11,right,-0.0011048814812732915,444
D235_F07_V01,235,7,common_grid,raw,12,bg,0.0056694582324226892,444
D235_F07_V01,235,7,common_grid,raw,12,left,0.01816960390019463,444
D235_F07_V01,235,7,common_grid,raw,12,right,-0.026069115758922245,444
D235_F07_V01,235,7,common_grid,raw,13,bg,-0.012081993475454791,444
D235_F07_V01,235,7,common_grid,raw,13,left,-0.013302723678861851,444
D235_F07_V01,235,7,common_grid,raw,13,right,-0.028796701944544791,444
D235_F07_V01,235,7,common_grid,raw,14,bg,-0.02316686534608263,444
D235_F07_V01,235,7,common_grid,raw,14,left,-0.02731712867913947,444
D235_F07_V01,235,7,common_grid,raw,14,right,0.010184679314970725,444
D235_F07_V01,235,7,common_grid,raw,15,bg,0.0081732987203857396,444
D235_F07_V01,235,7,common_grid,raw,15,left,-0.0032072958646119296,444
D235_F07_V01,235,7,common_grid,raw,15,right,0.016674812636970557,444
D235_F07_V01,235,7,common_grid,raw,16,bg,-0.063338952110606056,444
D235_F07_V01,235,7,common_grid,raw,16,left,-0.018626829330154453,444
D235_F07_V01,235,7,common_grid,raw,16,right,-0.084533373000666975,444
D235_F07_V01,235,7,common_grid,raw,17,bg,0.088795920479791929,444
D235_F07_V01,235,7,common_grid,raw,17,left,0.085362822431328783,444
D235_F07_V01,235,7,common_grid,raw,17,right,0.061942323788266918,444
D235_F07_V01,235,7,common_grid,raw,18,bg,-0.0058681147985432018,444
D235_F07_V01,235,7,common_grid,raw,18,left,-0.035726649113414527,444
D235_F07_V01,235,7,common_grid,raw,18,right,0.049010727317471421,444
D235_F07_V01,235,7,common_grid,raw,19,bg,-0.032807535513802805,444
D235_F07_V01,235,7,common_grid,raw,19,left,0.03521513244799316,444
D235_F07_V01,235,7,common_grid,raw,19,right,-0.082219277638660299,444
D235_F07_V01,235,7,common_grid,raw,20,bg,0.084596986973530949,444
D235_F07_V01,235,7,common_grid,raw,20,left,0.0069429715814173371,444
D235_F07_V01,235,7,common_grid,raw,20,right,0.11052105190639698,444
D235_F07_V01,235,7,common_grid,detrended_51,1,bg,0.052197551916534066,444
D235_F07_V01,235,7,common_grid,detrended_51,1,left,0.04770777036985243,444
D235_F07_V01,235,7,common_grid,detrended_51,1,right,0.010345503626958614,444
D235_F07_V01,235,7,common_grid,detrended_51,2,bg,0.004644726127612229,444
D235_F07_V01,235,7,common_grid,detrended_51,2,left,-0.017122795616665232,444
D235_F07_V01,235,7,common_grid,detrended_51,2,right,0.0063167758661583067,444
D235_F07_V01,235,7,common_grid,detrended_51,3,bg,-0.036850134615020354,444
D235_F07_V01,235,7,common_grid,detrended_51,3,left,0.0064934967007084041,444
D235_F07_V01,235,7,common_grid,detrended_51,3,right,-0.0074975424973162926,444
D235_F07_V01,235,7,common_grid,detrended_51,4,bg,-0.05072606157485534,444
D235_F07_V01,235,7,common_grid,detrended_51,4,left,-0.016472597705324662,444
D235_F07_V01,235,7,common_grid,detrended_51,4,right,-0.060645183712667243,444
D235_F07_V01,235,7,common_grid,detrended_51,5,bg,-0.13304714292771858,444
D235_F07_V01,235,7,common_grid,detrended_51,5,left,-0.11099624076581999,444
D235_F07_V01,235,7,common_grid,detrended_51,5,right,-0.081143002742508144,444
D235_F07_V01,235,7,common_grid,detrended_51,6,bg,0.065047711011760781,444
D235_F07_V01,235,7,common_grid,detrended_51,6,left,0.026095037323354588,444
D235_F07_V01,235,7,common_grid,detrended_51,6,right,0.049650381791949041,444
D235_F07_V01,235,7,common_grid,detrended_51,7,bg,0.067528883368362186,444
D235_F07_V01,235,7,common_grid,detrended_51,7,left,0.0072563507764611731,444
D235_F07_V01,235,7,common_grid,detrended_51,7,right,0.032200784653528491,444
D235_F07_V01,235,7,common_grid,detrended_51,8,bg,-0.099258430570922096,444
D235_F07_V01,235,7,common_grid,detrended_51,8,left,-0.090780061918088892,444
D235_F07_V01,235,7,common_grid,detrended_51,8,right,-0.043258094423663129,444
D235_F07_V01,235,7,common_grid,detrended_51,9,bg,0.12110259557563535,444
D235_F07_V01,235,7,common_grid,detrended_51,9,left,0.061753834680015482,444
D235_F07_V01,235,7,common_grid,detrended_51,9,right,0.11964419998121738,444
D235_F07_V01,235,7,common_grid,detrended_51,10,bg,-0.015995698377662175,444
D235_F07_V01,235,7,common_grid,detrended_51,10,left,-0.056136884433900996,444
D235_F07_V01,235,7,common_grid,detrended_51,10,right,0.024384107880562035,444
D235_F07_V01,235,7,common_grid,detrended_51,11,bg,-0.074049187987513421,444
D235_F07_V01,235,7,common_grid,detrended_51,11,left,-0.097542774857909714,444
D235_F07_V01,235,7,common_grid,detrended_51,11,right,-0.029019233643047183,444
D235_F07_V01,235,7,common_grid,detrended_51,12,bg,-0.0047835364415822782,444
D235_F07_V01,235,7,common_grid,detrended_51,12,left,0.022944961705402833,444
D235_F07_V01,235,7,common_grid,detrended_51,12,right,-0.03532352062736685,444
D235_F07_V01,235,7,common_grid,detrended_51,13,bg,-0.018829533546008425,444
D235_F07_V01,235,7,common_grid,detrended_51,13,left,-0.014332206070003023,444
D235_F07_V01,235,7,common_grid,detrended_51,13,right,-0.037553975480994151,444
D235_F07_V01,235,7,common_grid,detrended_51,14,bg,-0.043229020498940646,444
D235_F07_V01,235,7,common_grid,detrended_51,14,left,-0.021377191547728335,444
D235_F07_V01,235,7,common_grid,detrended_51,14,right,-0.0089373583229965282,444
D235_F07_V01,235,7,common_grid,detrended_51,15,bg,-0.011176951141415672,444
D235_F07_V01,235,7,common_grid,detrended_51,15,left,-0.024613153905165427,444
D235_F07_V01,235,7,common_grid,detrended_51,15,right,0.0099048787656274111,444
D235_F07_V01,235,7,common_grid,detrended_51,16,bg,-0.049768045256455604,444
D235_F07_V01,235,7,common_grid,detrended_51,16,left,-0.020164135821555185,444
D235_F07_V01,235,7,common_grid,detrended_51,16,right,-0.07893748013131735,444
D235_F07_V01,235,7,common_grid,detrended_51,17,bg,0.088274145588020159,444
D235_F07_V01,235,7,common_grid,detrended_51,17,left,0.075366621965491959,444
D235_F07_V01,235,7,common_grid,detrended_51,17,right,0.072099389994679214,444
D235_F07_V01,235,7,common_grid,detrended_51,18,bg,-0.028121315020737451,444
D235_F07_V01,235,7,common_grid,detrended_51,18,left,-0.059211850856616524,444
D235_F07_V01,235,7,common_grid,detrended_51,18,right,0.026538973406158274,444
D235_F07_V01,235,7,common_grid,detrended_51,19,bg,-0.034316457061165061,444
D235_F07_V01,235,7,common_grid,detrended_51,19,left,0.041612746534224795,444
D235_F07_V01,235,7,common_grid,detrended_51,19,right,-0.095980579603427665,444
D235_F07_V01,235,7,common_grid,detrended_51,20,bg,0.068840511160558185,444
D235_F07_V01,235,7,common_grid,detrended_51,20,left,0.0097089491697778287,444
D235_F07_V01,235,7,common_grid,detrended_51,20,right,0.10926506249154486,444
D235_F10_V01,235,10,common_grid,raw,1,bg,-0.060618717319650996,461
D235_F10_V01,235,10,common_grid,raw,1,left,-0.09694254627764011,461
D235_F10_V01,235,10,common_grid,raw,1,right,0.006142588902185238,461
D235_F10_V01,235,10,common_grid,raw,2,bg,-0.0019857158780105045,461
D235_F10_V01,235,10,common_grid,raw,2,left,-0.041172493450150713,461
D235_F10_V01,235,10,common_grid,raw,2,right,0.008348286628018774,461
D235_F10_V01,235,10,common_grid,raw,3,bg,-0.046939055474375671,461
D235_F10_V01,235,10,common_grid,raw,3,left,-0.065927677905420062,461
D235_F10_V01,235,10,common_grid,raw,3,right,-0.011801119751699793,461
D235_F10_V01,235,10,common_grid,raw,4,bg,0.11247637583580243,461
D235_F10_V01,235,10,common_grid,raw,4,left,0.018875569399006177,461
D235_F10_V01,235,10,common_grid,raw,4,right,0.14030089499296322,461
D235_F10_V01,235,10,common_grid,raw,5,bg,-0.0006778282549290759,461
D235_F10_V01,235,10,common_grid,raw,5,left,-0.01767240587385829,461
D235_F10_V01,235,10,common_grid,raw,5,right,0.02231762390208113,461
D235_F10_V01,235,10,common_grid,raw,6,bg,0.059562412500260273,461
D235_F10_V01,235,10,common_grid,raw,6,left,0.061936158720087779,461
D235_F10_V01,235,10,common_grid,raw,6,right,0.013290039207232448,461
D235_F10_V01,235,10,common_grid,raw,7,bg,0.062284626624907656,461
D235_F10_V01,235,10,common_grid,raw,7,left,-0.021238781966877805,461
D235_F10_V01,235,10,common_grid,raw,7,right,0.086805743534971114,461
D235_F10_V01,235,10,common_grid,raw,8,bg,0.11878284876492926,461
D235_F10_V01,235,10,common_grid,raw,8,left,0.044867110631516945,461
D235_F10_V01,235,10,common_grid,raw,8,right,0.098812024531160628,461
D235_F10_V01,235,10,common_grid,raw,9,bg,-0.019112699052338779,461
D235_F10_V01,235,10,common_grid,raw,9,left,0.051620896315793995,461
D235_F10_V01,235,10,common_grid,raw,9,right,-0.079878887499372234,461
D235_F10_V01,235,10,common_grid,raw,10,bg,0.053997337190772994,461
D235_F10_V01,235,10,common_grid,raw,10,left,0.12126070666106505,461
D235_F10_V01,235,10,common_grid,raw,10,right,-0.03381779966708761,461
D235_F10_V01,235,10,common_grid,raw,11,bg,0.037305663307738185,461
D235_F10_V01,235,10,common_grid,raw,11,left,0.049066975653790708,461
D235_F10_V01,235,10,common_grid,raw,11,right,0.0045395140556887242,461
D235_F10_V01,235,10,common_grid,raw,12,bg,0.016926721302841251,461
D235_F10_V01,235,10,common_grid,raw,12,left,0.0023853822307090111,461
D235_F10_V01,235,10,common_grid,raw,12,right,0.0073112118476638,461
D235_F10_V01,235,10,common_grid,raw,13,bg,0.01382590812940713,461
D235_F10_V01,235,10,common_grid,raw,13,left,0.035095678630527254,461
D235_F10_V01,235,10,common_grid,raw,13,right,-0.012590776195416389,461
D235_F10_V01,235,10,common_grid,raw,14,bg,0.034889904964412168,461
D235_F10_V01,235,10,common_grid,raw,14,left,-0.0029092476890269911,461
D235_F10_V01,235,10,common_grid,raw,14,right,0.062041740208296829,461
D235_F10_V01,235,10,common_grid,raw,15,bg,0.015219044842736222,461
D235_F10_V01,235,10,common_grid,raw,15,left,-0.040240877673679704,461
D235_F10_V01,235,10,common_grid,raw,15,right,0.039830310216050088,461
D235_F10_V01,235,10,common_grid,raw,16,bg,0.039139498622663783,461
D235_F10_V01,235,10,common_grid,raw,16,left,0.03606673435967031,461
D235_F10_V01,235,10,common_grid,raw,16,right,0.02477331213537946,461
D235_F10_V01,235,10,common_grid,raw,17,bg,0.026510384833500919,461
D235_F10_V01,235,10,common_grid,raw,17,left,0.02093649065260873,461
D235_F10_V01,235,10,common_grid,raw,17,right,0.038206045581316711,461
D235_F10_V01,235,10,common_grid,raw,18,bg,-0.018134294263691595,461
D235_F10_V01,235,10,common_grid,raw,18,left,0.0034006548012018036,461
D235_F10_V01,235,10,common_grid,raw,18,right,-0.028178988793909079,461
D235_F10_V01,235,10,common_grid,raw,19,bg,-0.032664854715217802,461
D235_F10_V01,235,10,common_grid,raw,19,left,-0.0760899573877033,461
D235_F10_V01,235,10,common_grid,raw,19,right,-0.0083465718474678187,461
D235_F10_V01,235,10,common_grid,raw,20,bg,-0.0095613713834972105,461
D235_F10_V01,235,10,common_grid,raw,20,left,0.0019652609957240704,461
D235_F10_V01,235,10,common_grid,raw,20,right,0.00020601863476519774,461
D235_F10_V01,235,10,common_grid,detrended_51,1,bg,-0.030622235198781083,461
D235_F10_V01,235,10,common_grid,detrended_51,1,left,-0.079185857817879277,461
D235_F10_V01,235,10,common_grid,detrended_51,1,right,0.027292234873417399,461
D235_F10_V01,235,10,common_grid,detrended_51,2,bg,-0.011367285145407219,461
D235_F10_V01,235,10,common_grid,detrended_51,2,left,-0.033803071358516283,461
D235_F10_V01,235,10,common_grid,detrended_51,2,right,-0.011877193428343029,461
D235_F10_V01,235,10,common_grid,detrended_51,3,bg,-0.091063137359258153,461
D235_F10_V01,235,10,common_grid,detrended_51,3,left,-0.056519943402408269,461
D235_F10_V01,235,10,common_grid,detrended_51,3,right,-0.052468597286788453,461
D235_F10_V01,235,10,common_grid,detrended_51,4,bg,0.10095340428148807,461
D235_F10_V01,235,10,common_grid,detrended_51,4,left,0.018983755029714489,461
D235_F10_V01,235,10,common_grid,detrended_51,4,right,0.13472593686158171,461
D235_F10_V01,235,10,common_grid,detrended_51,5,bg,0.0011870588355978645,461
D235_F10_V01,235,10,common_grid,detrended_51,5,left,-0.041421530718835226,461
D235_F10_V01,235,10,common_grid,detrended_51,5,right,0.05646991889387018,461
D235_F10_V01,235,10,common_grid,detrended_51,6,bg,0.020696363302037148,461
D235_F10_V01,235,10,common_grid,detrended_51,6,left,0.047346618115627667,461
D235_F10_V01,235,10,common_grid,detrended_51,6,right,-0.0029578761398403259,461
D235_F10_V01,235,10,common_grid,detrended_51,7,bg,0.036270808794354417,461
D235_F10_V01,235,10,common_grid,detrended_51,7,left,-0.056585588118033305,461
D235_F10_V01,235,10,common_grid,detrended_51,7,right,0.089137715947652588,461
D235_F10_V01,235,10,common_grid,detrended_51,8,bg,0.033465304125954172,461
D235_F10_V01,235,10,common_grid,detrended_51,8,left,-0.0038012414159121228,461
D235_F10_V01,235,10,common_grid,detrended_51,8,right,0.034839517600178879,461
D235_F10_V01,235,10,common_grid,detrended_51,9,bg,-0.030325597118924241,461
D235_F10_V01,235,10,common_grid,detrended_51,9,left,0.026943860160119067,461
D235_F10_V01,235,10,common_grid,detrended_51,9,right,-0.08899013988814064,461
D235_F10_V01,235,10,common_grid,detrended_51,10,bg,0.013276264192531978,461
D235_F10_V01,235,10,common_grid,detrended_51,10,left,0.098851831233644494,461
D235_F10_V01,235,10,common_grid,detrended_51,10,right,-0.064409328581675473,461
D235_F10_V01,235,10,common_grid,detrended_51,11,bg,-0.019897051189423511,461
D235_F10_V01,235,10,common_grid,detrended_51,11,left,0.0029195412893061774,461
D235_F10_V01,235,10,common_grid,detrended_51,11,right,-0.030275344172957311,461
D235_F10_V01,235,10,common_grid,detrended_51,12,bg,-0.015997263697665059,461
D235_F10_V01,235,10,common_grid,detrended_51,12,left,-0.030552123095555994,461
D235_F10_V01,235,10,common_grid,detrended_51,12,right,-0.024841436240267852,461
D235_F10_V01,235,10,common_grid,detrended_51,13,bg,-0.011284970805861121,461
D235_F10_V01,235,10,common_grid,detrended_51,13,left,0.022909960904223661,461
D235_F10_V01,235,10,common_grid,detrended_51,13,right,-0.031038771824429323,461
D235_F10_V01,235,10,common_grid,detrended_51,14,bg,0.00077814384643715064,461
D235_F10_V01,235,10,common_grid,detrended_51,14,left,-0.037160754314642004,461
D235_F10_V01,235,10,common_grid,detrended_51,14,right,0.039856178597226871,461
D235_F10_V01,235,10,common_grid,detrended_51,15,bg,-0.030059082125772279,461
D235_F10_V01,235,10,common_grid,detrended_51,15,left,-0.079460541829632428,461
D235_F10_V01,235,10,common_grid,detrended_51,15,right,0.0013142617982638428,461
D235_F10_V01,235,10,common_grid,detrended_51,16,bg,0.0035258998820943922,461
D235_F10_V01,235,10,common_grid,detrended_51,16,left,0.026371136306152187,461
D235_F10_V01,235,10,common_grid,detrended_51,16,right,-0.03314642213881034,461
D235_F10_V01,235,10,common_grid,detrended_51,17,bg,-0.037887263214564627,461
D235_F10_V01,235,10,common_grid,detrended_51,17,left,-0.034309815741929928,461
D235_F10_V01,235,10,common_grid,detrended_51,17,right,-0.0021293316832636969,461
D235_F10_V01,235,10,common_grid,detrended_51,18,bg,-0.057387513077581644,461
D235_F10_V01,235,10,common_grid,detrended_51,18,left,-0.022384171274567793,461
D235_F10_V01,235,10,common_grid,detrended_51,18,right,-0.061481119925313354,461
D235_F10_V01,235,10,common_grid,detrended_51,19,bg,-0.10147940348377275,461
D235_F10_V01,235,10,common_grid,detrended_51,19,left,-0.10543033638693486,461
D235_F10_V01,235,10,common_grid,detrended_51,19,right,-0.061860965978098044,461
D235_F10_V01,235,10,common_grid,detrended_51,20,bg,-0.017156022991427856,461
D235_F10_V01,235,10,common_grid,detrended_51,20,left,-0.0098840978548002563,461
D235_F10_V01,235,10,common_grid,detrended_51,20,right,-0.0079948608009580129,461
D285_F01_V01,285,1,common_grid,raw,1,bg,0.12903980351643213,453
D285_F01_V01,285,1,common_grid,raw,1,left,0.11667218736679646,453
D285_F01_V01,285,1,common_grid,raw,1,right,0.10402857924029142,453
D285_F01_V01,285,1,common_grid,raw,2,bg,0.14270811899204322,453
D285_F01_V01,285,1,common_grid,raw,2,left,0.075620639862484212,453
D285_F01_V01,285,1,common_grid,raw,2,right,0.12666818303044353,453
D285_F01_V01,285,1,common_grid,raw,3,bg,0.097423489679733161,453
D285_F01_V01,285,1,common_grid,raw,3,left,0.14004282135573765,453
D285_F01_V01,285,1,common_grid,raw,3,right,0.052339464451639582,453
D285_F01_V01,285,1,common_grid,raw,4,bg,0.088223455910088094,453
D285_F01_V01,285,1,common_grid,raw,4,left,0.10348524423999064,453
D285_F01_V01,285,1,common_grid,raw,4,right,0.021337742664461111,453
D285_F01_V01,285,1,common_grid,raw,5,bg,0.18182578632541083,453
D285_F01_V01,285,1,common_grid,raw,5,left,0.19465334607354301,453
D285_F01_V01,285,1,common_grid,raw,5,right,0.082071726416304835,453
D285_F01_V01,285,1,common_grid,raw,6,bg,0.1327886730207645,453
D285_F01_V01,285,1,common_grid,raw,6,left,0.092929132024596073,453
D285_F01_V01,285,1,common_grid,raw,6,right,0.11340714289955778,453
D285_F01_V01,285,1,common_grid,raw,7,bg,0.17744915770811509,453
D285_F01_V01,285,1,common_grid,raw,7,left,0.04056075166892531,453
D285_F01_V01,285,1,common_grid,raw,7,right,0.20931293488422409,453
D285_F01_V01,285,1,common_grid,raw,8,bg,0.18451264180088245,453
D285_F01_V01,285,1,common_grid,raw,8,left,0.16993721892514935,453
D285_F01_V01,285,1,common_grid,raw,8,right,0.12778363984621902,453
D285_F01_V01,285,1,common_grid,raw,9,bg,0.22926774862062105,453
D285_F01_V01,285,1,common_grid,raw,9,left,0.16551515103009035,453
D285_F01_V01,285,1,common_grid,raw,9,right,0.20188025665962964,453
D285_F01_V01,285,1,common_grid,raw,10,bg,0.20462804207573848,453
D285_F01_V01,285,1,common_grid,raw,10,left,0.13787567761968411,453
D285_F01_V01,285,1,common_grid,raw,10,right,0.19792845947164964,453
D285_F01_V01,285,1,common_grid,raw,11,bg,0.26190812436213967,453
D285_F01_V01,285,1,common_grid,raw,11,left,0.19207143983904168,453
D285_F01_V01,285,1,common_grid,raw,11,right,0.24087800044458202,453
D285_F01_V01,285,1,common_grid,raw,12,bg,0.24663936523394389,453
D285_F01_V01,285,1,common_grid,raw,12,left,0.19789063643646596,453
D285_F01_V01,285,1,common_grid,raw,12,right,0.19727862616409106,453
D285_F01_V01,285,1,common_grid,raw,13,bg,0.23739337583110634,453
D285_F01_V01,285,1,common_grid,raw,13,left,0.19919327209530063,453
D285_F01_V01,285,1,common_grid,raw,13,right,0.16848367839215181,453
D285_F01_V01,285,1,common_grid,raw,14,bg,0.29873704625589392,453
D285_F01_V01,285,1,common_grid,raw,14,left,0.25006512532849889,453
D285_F01_V01,285,1,common_grid,raw,14,right,0.22878159998409625,453
D285_F01_V01,285,1,common_grid,raw,15,bg,0.21677013999170214,453
D285_F01_V01,285,1,common_grid,raw,15,left,0.13960675919583843,453
D285_F01_V01,285,1,common_grid,raw,15,right,0.19117388501435853,453
D285_F01_V01,285,1,common_grid,raw,16,bg,0.33545817895381747,453
D285_F01_V01,285,1,common_grid,raw,16,left,0.30238483918497427,453
D285_F01_V01,285,1,common_grid,raw,16,right,0.19772733903200401,453
D285_F01_V01,285,1,common_grid,raw,17,bg,0.27007854540610193,453
D285_F01_V01,285,1,common_grid,raw,17,left,0.21565700677535776,453
D285_F01_V01,285,1,common_grid,raw,17,right,0.21498509927320386,453
D285_F01_V01,285,1,common_grid,raw,18,bg,0.25260649766181359,453
D285_F01_V01,285,1,common_grid,raw,18,left,0.23620550016639558,453
D285_F01_V01,285,1,common_grid,raw,18,right,0.15085285135340626,453
D285_F01_V01,285,1,common_grid,raw,19,bg,0.22046324310968865,453
D285_F01_V01,285,1,common_grid,raw,19,left,0.14325313214748869,453
D285_F01_V01,285,1,common_grid,raw,19,right,0.20780052983230582,453
D285_F01_V01,285,1,common_grid,raw,20,bg,0.24366089802987168,453
D285_F01_V01,285,1,common_grid,raw,20,left,0.21545253002542275,453
D285_F01_V01,285,1,common_grid,raw,20,right,0.18256249643392031,453
D285_F01_V01,285,1,common_grid,detrended_51,1,bg,0.0077473117738391696,453
D285_F01_V01,285,1,common_grid,detrended_51,1,left,0.057422070802903173,453
D285_F01_V01,285,1,common_grid,detrended_51,1,right,-0.0073330699042758792,453
D285_F01_V01,285,1,common_grid,detrended_51,2,bg,-0.020333955958856571,453
D285_F01_V01,285,1,common_grid,detrended_51,2,left,-0.047083598881650229,453
D285_F01_V01,285,1,common_grid,detrended_51,2,right,-0.010556350136730251,453
D285_F01_V01,285,1,common_grid,detrended_51,3,bg,-0.086070971583700612,453
D285_F01_V01,285,1,common_grid,detrended_51,3,left,0.015078234854719545,453
D285_F01_V01,285,1,common_grid,detrended_51,3,right,-0.091363704531486248,453
D285_F01_V01,285,1,common_grid,detrended_51,4,bg,-0.038950076440180614,453
D285_F01_V01,285,1,common_grid,detrended_51,4,left,-0.012775236892190778,453
D285_F01_V01,285,1,common_grid,detrended_51,4,right,-0.034604282038883528,453
D285_F01_V01,285,1,common_grid,detrended_51,5,bg,-0.001474287604025669,453
D285_F01_V01,285,1,common_grid,detrended_51,5,left,0.06269131389121628,453
D285_F01_V01,285,1,common_grid,detrended_51,5,right,-0.070550932358936433,453
D285_F01_V01,285,1,common_grid,detrended_51,6,bg,0.030639232708865975,453
D285_F01_V01,285,1,common_grid,detrended_51,6,left,0.013106340840716411,453
D285_F01_V01,285,1,common_grid,detrended_51,6,right,0.023111501132936901,453
D285_F01_V01,285,1,common_grid,detrended_51,7,bg,-0.057956382485601435,453
D285_F01_V01,285,1,common_grid,detrended_51,7,left,-0.098910861127977978,453
D285_F01_V01,285,1,common_grid,detrended_51,7,right,0.011808805730313399,453
D285_F01_V01,285,1,common_grid,detrended_51,8,bg,-0.011918943285420154,453
D285_F01_V01,285,1,common_grid,detrended_51,8,left,0.073533282549577458,453
D285_F01_V01,285,1,common_grid,detrended_51,8,right,-0.0711828316498168,453
D285_F01_V01,285,1,common_grid,detrended_51,9,bg,-0.0014770430944975076,453
D285_F01_V01,285,1,common_grid,detrended_51,9,left,0.021469619989430179,453
D285_F01_V01,285,1,common_grid,detrended_51,9,right,-0.015873395458532658,453
D285_F01_V01,285,1,common_grid,detrended_51,10,bg,-0.030680012365449597,453
D285_F01_V01,285,1,common_grid,detrended_51,10,left,-0.024326565856303186,453
D285_F01_V01,285,1,common_grid,detrended_51,10,right,-0.004925597899128587,453
D285_F01_V01,285,1,common_grid,detrended_51,11,bg,-0.019678129783894754,453
D285_F01_V01,285,1,common_grid,detrended_51,11,left,-0.0098217320456969754,453
D285_F01_V01,285,1,common_grid,detrended_51,11,right,0.016237199455839152,453
D285_F01_V01,285,1,common_grid,detrended_51,12,bg,-0.0023404524003293628,453
D285_F01_V01,285,1,common_grid,detrended_51,12,left,-0.0048487930201875544,453
D285_F01_V01,285,1,common_grid,detrended_51,12,right,-0.030550987935610209,453
D285_F01_V01,285,1,common_grid,detrended_51,13,bg,0.045204125373214533,453
D285_F01_V01,285,1,common_grid,detrended_51,13,left,0.019104497767131877,453
D285_F01_V01,285,1,common_grid,detrended_51,13,right,0.039725381195437864,453
D285_F01_V01,285,1,common_grid,detrended_51,14,bg,0.043760234218441274,453
D285_F01_V01,285,1,common_grid,detrended_51,14,left,0.04762863713158632,453
D285_F01_V01,285,1,common_grid,detrended_51,14,right,0.033544906514355953,453
D285_F01_V01,285,1,common_grid,detrended_51,15,bg,-0.083067936886387028,453
D285_F01_V01,285,1,common_grid,detrended_51,15,left,-0.095358111047063279,453
D285_F01_V01,285,1,common_grid,detrended_51,15,right,-0.027000664938029433,453
D285_F01_V01,285,1,common_grid,detrended_51,16,bg,0.065570243798430836,453
D285_F01_V01,285,1,common_grid,detrended_51,16,left,0.10657851389976676,453
D285_F01_V01,285,1,common_grid,detrended_51,16,right,-0.022899541191414893,453
D285_F01_V01,285,1,common_grid,detrended_51,17,bg,0.042022917296112121,453
D285_F01_V01,285,1,common_grid,detrended_51,17,left,0.035069450921350998,453
D285_F01_V01,285,1,common_grid,detrended_51,17,right,0.054877452529494344,453
D285_F01_V01,285,1,common_grid,detrended_51,18,bg,0.013027292162243423,453
D285_F01_V01,285,1,common_grid,detrended_51,18,left,0.042345531898211691,453
D285_F01_V01,285,1,common_grid,detrended_51,18,right,-0.046229252261052699,453
D285_F01_V01,285,1,common_grid,detrended_51,19,bg,-0.027264342011659184,453
D285_F01_V01,285,1,common_grid,detrended_51,19,left,-0.065563358709297095,453
D285_F01_V01,285,1,common_grid,detrended_51,19,right,0.00093615468910677123,453
D285_F01_V01,285,1,common_grid,detrended_51,20,bg,-0.042590020876575263,453
D285_F01_V01,285,1,common_grid,detrended_51,20,left,-0.022246479540503943,453
D285_F01_V01,285,1,common_grid,detrended_51,20,right,-0.048673365329181394,453
D285_F03_V01,285,3,common_grid,raw,1,bg,0.10025817883215278,474
D285_F03_V01,285,3,common_grid,raw,1,left,0.025440573092216184,474
D285_F03_V01,285,3,common_grid,raw,1,right,0.12258308414545342,474
D285_F03_V01,285,3,common_grid,raw,2,bg,0.077542047373632503,474
D285_F03_V01,285,3,common_grid,raw,2,left,0.0076162332933787632,474
D285_F03_V01,285,3,common_grid,raw,2,right,0.11706208545958795,474
D285_F03_V01,285,3,common_grid,raw,3,bg,0.13145666102795461,474
D285_F03_V01,285,3,common_grid,raw,3,left,0.091637343955333558,474
D285_F03_V01,285,3,common_grid,raw,3,right,0.12213134865692078,474
D285_F03_V01,285,3,common_grid,raw,4,bg,0.14384778012684996,474
D285_F03_V01,285,3,common_grid,raw,4,left,0.14570396339015709,474
D285_F03_V01,285,3,common_grid,raw,4,right,0.067623022283946038,474
D285_F03_V01,285,3,common_grid,raw,5,bg,0.12353568375135392,474
D285_F03_V01,285,3,common_grid,raw,5,left,0.078735332188688875,474
D285_F03_V01,285,3,common_grid,raw,5,right,0.11511711008728502,474
D285_F03_V01,285,3,common_grid,raw,6,bg,0.14442414007293239,474
D285_F03_V01,285,3,common_grid,raw,6,left,0.14341790462454207,474
D285_F03_V01,285,3,common_grid,raw,6,right,0.10018200692138994,474
D285_F03_V01,285,3,common_grid,raw,7,bg,0.17039977576612075,474
D285_F03_V01,285,3,common_grid,raw,7,left,0.14481040828313191,474
D285_F03_V01,285,3,common_grid,raw,7,right,0.12288270117314325,474
D285_F03_V01,285,3,common_grid,raw,8,bg,0.22777852115502983,474
D285_F03_V01,285,3,common_grid,raw,8,left,0.11049823021438847,474
D285_F03_V01,285,3,common_grid,raw,8,right,0.24003464920496978,474
D285_F03_V01,285,3,common_grid,raw,9,bg,0.19561673472089786,474
D285_F03_V01,285,3,common_grid,raw,9,left,0.1440324632063473,474
D285_F03_V01,285,3,common_grid,raw,9,right,0.15670088862534209,474
D285_F03_V01,285,3,common_grid,raw,10,bg,0.19983920515287204,474
D285_F03_V01,285,3,common_grid,raw,10,left,0.18608634412857958,474
D285_F03_V01,285,3,common_grid,raw,10,right,0.12777223922599878,474
D285_F03_V01,285,3,common_grid,raw,11,bg,0.17388948593819767,474
D285_F03_V01,285,3,common_grid,raw,11,left,0.12018761276837291,474
D285_F03_V01,285,3,common_grid,raw,11,right,0.16021505043149534,474
D285_F03_V01,285,3,common_grid,raw,12,bg,0.25777335194436968,474
D285_F03_V01,285,3,common_grid,raw,12,left,0.22082873574065495,474
D285_F03_V01,285,3,common_grid,raw,12,right,0.1872460502019091,474
D285_F03_V01,285,3,common_grid,raw,13,bg,0.13984943089385091,474
D285_F03_V01,285,3,common_grid,raw,13,left,0.080133807905371029,474
D285_F03_V01,285,3,common_grid,raw,13,right,0.1344972273593503,474
D285_F03_V01,285,3,common_grid,raw,14,bg,0.16013628687288112,474
D285_F03_V01,285,3,common_grid,raw,14,left,0.15120648250003882,474
D285_F03_V01,285,3,common_grid,raw,14,right,0.077521088830138613,474
D285_F03_V01,285,3,common_grid,raw,15,bg,0.2938025530548346,474
D285_F03_V01,285,3,common_grid,raw,15,left,0.20122224366278721,474
D285_F03_V01,285,3,common_grid,raw,15,right,0.25406064737673129,474
D285_F03_V01,285,3,common_grid,raw,16,bg,0.25646558390248642,474
D285_F03_V01,285,3,common_grid,raw,16,left,0.18681685078164953,474
D285_F03_V01,285,3,common_grid,raw,16,right,0.20182001287372905,474
D285_F03_V01,285,3,common_grid,raw,17,bg,0.21157948260004258,474
D285_F03_V01,285,3,common_grid,raw,17,left,0.13657178512422305,474
D285_F03_V01,285,3,common_grid,raw,17,right,0.21102374315642994,474
D285_F03_V01,285,3,common_grid,raw,18,bg,0.24211675655271403,474
D285_F03_V01,285,3,common_grid,raw,18,left,0.14470460144259006,474
D285_F03_V01,285,3,common_grid,raw,18,right,0.23426034511171559,474
D285_F03_V01,285,3,common_grid,raw,19,bg,0.24609245703709864,474
D285_F03_V01,285,3,common_grid,raw,19,left,0.14379549644845654,474
D285_F03_V01,285,3,common_grid,raw,19,right,0.22197773718155481,474
D285_F03_V01,285,3,common_grid,raw,20,bg,0.28319775540760012,474
D285_F03_V01,285,3,common_grid,raw,20,left,0.22580300941021703,474
D285_F03_V01,285,3,common_grid,raw,20,right,0.23973469413625589,474
D285_F03_V01,285,3,common_grid,detrended_51,1,bg,-0.057073192677995779,474
D285_F03_V01,285,3,common_grid,detrended_51,1,left,-0.096579884969893851,474
D285_F03_V01,285,3,common_grid,detrended_51,1,right,-0.0019483212170690327,474
D285_F03_V01,285,3,common_grid,detrended_51,2,bg,-0.033318489434054861,474
D285_F03_V01,285,3,common_grid,detrended_51,2,left,-0.056023605065195443,474
D285_F03_V01,285,3,common_grid,detrended_51,2,right,0.034530256004429952,474
D285_F03_V01,285,3,common_grid,detrended_51,3,bg,0.0073259356104709321,474
D285_F03_V01,285,3,common_grid,detrended_51,3,left,-0.0039454322626801108,474
D285_F03_V01,285,3,common_grid,detrended_51,3,right,0.014122878508295767,474
D285_F03_V01,285,3,common_grid,detrended_51,4,bg,-0.00552342066908034,474
D285_F03_V01,285,3,common_grid,detrended_51,4,left,0.040844522291888598,474
D285_F03_V01,285,3,common_grid,detrended_51,4,right,-0.042072663397142065,474
D285_F03_V01,285,3,common_grid,detrended_51,5,bg,-0.028378551625615575,474
D285_F03_V01,285,3,common_grid,detrended_51,5,left,-0.025010591322192535,474
D285_F03_V01,285,3,common_grid,detrended_51,5,right,0.0083483869709647298,474
D285_F03_V01,285,3,common_grid,detrended_51,6,bg,0.0035086221819615603,474
D285_F03_V01,285,3,common_grid,detrended_51,6,left,0.022112810660810955,474
D285_F03_V01,285,3,common_grid,detrended_51,6,right,-0.0096987988971838131,474
D285_F03_V01,285,3,common_grid,detrended_51,7,bg,0.018772510701090834,474
D285_F03_V01,285,3,common_grid,detrended_51,7,left,0.038170838971994213,474
D285_F03_V01,285,3,common_grid,detrended_51,7,right,-0.023642020567014425,474
D285_F03_V01,285,3,common_grid,detrended_51,8,bg,0.083433947200670447,474
D285_F03_V01,285,3,common_grid,detrended_51,8,left,-0.02406090970185254,474
D285_F03_V01,285,3,common_grid,detrended_51,8,right,0.12005826183835294,474
D285_F03_V01,285,3,common_grid,detrended_51,9,bg,-0.032569380826865932,474
D285_F03_V01,285,3,common_grid,detrended_51,9,left,-0.060369460594466212,474
D285_F03_V01,285,3,common_grid,detrended_51,9,right,-0.0049561837601957278,474
D285_F03_V01,285,3,common_grid,detrended_51,10,bg,-0.024900863956489324,474
D285_F03_V01,285,3,common_grid,detrended_51,10,left,0.040891374796338406,474
D285_F03_V01,285,3,common_grid,detrended_51,10,right,-0.05483069718582928,474
D285_F03_V01,285,3,common_grid,detrended_51,11,bg,-0.019900082105379902,474
D285_F03_V01,285,3,common_grid,detrended_51,11,left,-0.023600075338521324,474
D285_F03_V01,285,3,common_grid,detrended_51,11,right,-0.0042231263394948036,474
D285_F03_V01,285,3,common_grid,detrended_51,12,bg,0.043901091657295339,474
D285_F03_V01,285,3,common_grid,detrended_51,12,left,0.065997367036506771,474
D285_F03_V01,285,3,common_grid,detrended_51,12,right,-0.010883167590928831,474
D285_F03_V01,285,3,common_grid,detrended_51,13,bg,-0.080275673394468464,474
D285_F03_V01,285,3,common_grid,detrended_51,13,left,-0.071918692593364558,474
D285_F03_V01,285,3,common_grid,detrended_51,13,right,-0.03531043159225563,474
D285_F03_V01,285,3,common_grid,detrended_51,14,bg,-0.02045222293271573,474
D285_F03_V01,285,3,common_grid,detrended_51,14,left,-0.0079460688663223217,474
D285_F03_V01,285,3,common_grid,detrended_51,14,right,-0.041936352883949077,474
D285_F03_V01,285,3,common_grid,detrended_51,15,bg,0.041237772643476986,474
D285_F03_V01,285,3,common_grid,detrended_51,15,left,-0.010425631253912545,474
D285_F03_V01,285,3,common_grid,detrended_51,15,right,0.067952126484039588,474
D285_F03_V01,285,3,common_grid,detrended_51,16,bg,0.065220855030911545,474
D285_F03_V01,285,3,common_grid,detrended_51,16,left,0.061685295323305252,474
D285_F03_V01,285,3,common_grid,detrended_51,16,right,0.03990648100834196,474
D285_F03_V01,285,3,common_grid,detrended_51,17,bg,-0.076695793742072638,474
D285_F03_V01,285,3,common_grid,detrended_51,17,left,-0.066333787807479477,474
D285_F03_V01,285,3,common_grid,detrended_51,17,right,-0.0080839719395046864,474
D285_F03_V01,285,3,common_grid,detrended_51,18,bg,0.044972225438516214,474
D285_F03_V01,285,3,common_grid,detrended_51,18,left,0.002138295665168257,474
D285_F03_V01,285,3,common_grid,detrended_51,18,right,0.055111608459653211,474
D285_F03_V01,285,3,common_grid,detrended_51,19,bg,0.011156488915739267,474
D285_F03_V01,285,3,common_grid,detrended_51,19,left,-0.040175862430608493,474
D285_F03_V01,285,3,common_grid,detrended_51,19,right,0.034556368340466624,474
D285_F03_V01,285,3,common_grid,detrended_51,20,bg,0.075352492637822288,474
D285_F03_V01,285,3,common_grid,detrended_51,20,left,0.034670887137268139,474
D285_F03_V01,285,3,common_grid,detrended_51,20,right,0.083076336094646305,474
D285_F05_V01,285,5,common_grid,raw,1,bg,0.16123045169756756,492
D285_F05_V01,285,5,common_grid,raw,1,left,0.13636613246118251,492
D285_F05_V01,285,5,common_grid,raw,1,right,0.15267039431278881,492
D285_F05_V01,285,5,common_grid,raw,2,bg,0.10573250281649112,492
D285_F05_V01,285,5,common_grid,raw,2,left,0.099810440398352282,492
D285_F05_V01,285,5,common_grid,raw,2,right,0.056161352068897982,492
D285_F05_V01,285,5,common_grid,raw,3,bg,0.19200796648080826,492
D285_F05_V01,285,5,common_grid,raw,3,left,0.15940609293105815,492
D285_F05_V01,285,5,common_grid,raw,3,right,0.16191743270221026,492
D285_F05_V01,285,5,common_grid,raw,4,bg,0.13215991039623526,492
D285_F05_V01,285,5,common_grid,raw,4,left,0.108754997565137,492
D285_F05_V01,285,5,common_grid,raw,4,right,0.10054407323713251,492
D285_F05_V01,285,5,common_grid,raw,5,bg,0.20184434953085689,492
D285_F05_V01,285,5,common_grid,raw,5,left,0.17461509465939273,492
D285_F05_V01,285,5,common_grid,raw,5,right,0.13434478808832573,492
D285_F05_V01,285,5,common_grid,raw,6,bg,0.16213326041003437,492
D285_F05_V01,285,5,common_grid,raw,6,left,0.11597021255200343,492
D285_F05_V01,285,5,common_grid,raw,6,right,0.12321867830618173,492
D285_F05_V01,285,5,common_grid,raw,7,bg,0.20666127735543149,492
D285_F05_V01,285,5,common_grid,raw,7,left,0.18257563063354906,492
D285_F05_V01,285,5,common_grid,raw,7,right,0.15241617708270463,492
D285_F05_V01,285,5,common_grid,raw,8,bg,0.332185039915531,492
D285_F05_V01,285,5,common_grid,raw,8,left,0.26556833672507946,492
D285_F05_V01,285,5,common_grid,raw,8,right,0.25377479335907621,492
D285_F05_V01,285,5,common_grid,raw,9,bg,0.23211373213363223,492
D285_F05_V01,285,5,common_grid,raw,9,left,0.19076186878582202,492
D285_F05_V01,285,5,common_grid,raw,9,right,0.17751869272492354,492
D285_F05_V01,285,5,common_grid,raw,10,bg,0.1824963325915053,492
D285_F05_V01,285,5,common_grid,raw,10,left,0.07724677198024342,492
D285_F05_V01,285,5,common_grid,raw,10,right,0.2193146049561982,492
D285_F05_V01,285,5,common_grid,raw,11,bg,0.2841747607934762,492
D285_F05_V01,285,5,common_grid,raw,11,left,0.22369252189235558,492
D285_F05_V01,285,5,common_grid,raw,11,right,0.22670423533160039,492
D285_F05_V01,285,5,common_grid,raw,12,bg,0.19779541367128478,492
D285_F05_V01,285,5,common_grid,raw,12,left,0.13926680848958589,492
D285_F05_V01,285,5,common_grid,raw,12,right,0.19787027827768683,492
D285_F05_V01,285,5,common_grid,raw,13,bg,0.22477458246860349,492
D285_F05_V01,285,5,common_grid,raw,13,left,0.17423442375362266,492
D285_F05_V01,285,5,common_grid,raw,13,right,0.1650250695671546,492
D285_F05_V01,285,5,common_grid,raw,14,bg,0.33930745503362719,492
D285_F05_V01,285,5,common_grid,raw,14,left,0.286069651490647,492
D285_F05_V01,285,5,common_grid,raw,14,right,0.23225469523505415,492
D285_F05_V01,285,5,common_grid,raw,15,bg,0.29295316488360257,492
D285_F05_V01,285,5,common_grid,raw,15,left,0.23969742607825431,492
D285_F05_V01,285,5,common_grid,raw,15,right,0.21704891782354982,492
D285_F05_V01,285,5,common_grid,raw,16,bg,0.31083663666271916,492
D285_F05_V01,285,5,common_grid,raw,16,left,0.23237197975975415,492
D285_F05_V01,285,5,common_grid,raw,16,right,0.2583313575996089,492
D285_F05_V01,285,5,common_grid,raw,17,bg,0.28892347416511099,492
D285_F05_V01,285,5,common_grid,raw,17,left,0.28133141714871041,492
D285_F05_V01,285,5,common_grid,raw,17,right,0.19189904502788679,492
D285_F05_V01,285,5,common_grid,raw,18,bg,0.27058446687382232,492
D285_F05_V01,285,5,common_grid,raw,18,left,0.21181051133332254,492
D285_F05_V01,285,5,common_grid,raw,18,right,0.23418424733815016,492
D285_F05_V01,285,5,common_grid,raw,19,bg,0.33650008267349862,492
D285_F05_V01,285,5,common_grid,raw,19,left,0.27527080986677227,492
D285_F05_V01,285,5,common_grid,raw,19,right,0.24667766897611715,492
D285_F05_V01,285,5,common_grid,raw,20,bg,0.22952480723875249,492
D285_F05_V01,285,5,common_grid,raw,20,left,0.14242462378520082,492
D285_F05_V01,285,5,common_grid,raw,20,right,0.21449677029251507,492
D285_F05_V01,285,5,common_grid,detrended_51,1,bg,-0.029053785744893132,492
D285_F05_V01,285,5,common_grid,detrended_51,1,left,-0.024272338315150781,492
D285_F05_V01,285,5,common_grid,detrended_51,1,right,0.00082109946518462633,492
D285_F05_V01,285,5,common_grid,detrended_51,2,bg,0.0069955781392717457,492
D285_F05_V01,285,5,common_grid,detrended_51,2,left,0.038550742921845904,492
D285_F05_V01,285,5,common_grid,detrended_51,2,right,-0.030950024122013055,492
D285_F05_V01,285,5,common_grid,detrended_51,3,bg,0.064896783696469409,492
D285_F05_V01,285,5,common_grid,detrended_51,3,left,0.048492326765699069,492
D285_F05_V01,285,5,common_grid,detrended_51,3,right,0.051920701348389747,492
D285_F05_V01,285,5,common_grid,detrended_51,4,bg,-0.016174468573504252,492
D285_F05_V01,285,5,common_grid,detrended_51,4,left,-0.00824375074814695,492
D285_F05_V01,285,5,common_grid,detrended_51,4,right,-0.028216775821869308,492
D285_F05_V01,285,5,common_grid,detrended_51,5,bg,0.0025582480159962659,492
D285_F05_V01,285,5,common_grid,detrended_51,5,left,0.041655817092149862,492
D285_F05_V01,285,5,common_grid,detrended_51,5,right,-0.052866661781516416,492
D285_F05_V01,285,5,common_grid,detrended_51,6,bg,-0.0042232352147092899,492
D285_F05_V01,285,5,common_grid,detrended_51,6,left,0.0050381880680040346,492
D285_F05_V01,285,5,common_grid,detrended_51,6,right,-0.012317381759367505,492
D285_F05_V01,285,5,common_grid,detrended_51,7,bg,-0.019500049322215506,492
D285_F05_V01,285,5,common_grid,detrended_51,7,left,0.047964519882219385,492
D285_F05_V01,285,5,common_grid,detrended_51,7,right,-0.044999253362882109,492
D285_F05_V01,285,5,common_grid,detrended_51,8,bg,0.099354848981089858,492
D285_F05_V01,285,5,common_grid,detrended_51,8,left,0.083857430730984464,492
D285_F05_V01,285,5,common_grid,detrended_51,8,right,0.045904562390048191,492
D285_F05_V01,285,5,common_grid,detrended_51,9,bg,-0.02949190220219838,492
D285_F05_V01,285,5,common_grid,detrended_51,9,left,0.018704801540911652,492
D285_F05_V01,285,5,common_grid,detrended_51,9,right,-0.038719255210183677,492
D285_F05_V01,285,5,common_grid,detrended_51,10,bg,-0.059067179172832267,492
D285_F05_V01,285,5,common_grid,detrended_51,10,left,-0.076362025484993115,492
D285_F05_V01,285,5,common_grid,detrended_51,10,right,0.01153258904439371,492
D285_F05_V01,285,5,common_grid,detrended_51,11,bg,0.017471723278617589,492
D285_F05_V01,285,5,common_grid,detrended_51,11,left,0.015835981690113157,492
D285_F05_V01,285,5,common_grid,detrended_51,11,right,-0.029949895337984554,492
D285_F05_V01,285,5,common_grid,detrended_51,12,bg,-0.010748375804824749,492
D285_F05_V01,285,5,common_grid,detrended_51,12,left,-0.041641254113461902,492
D285_F05_V01,285,5,common_grid,detrended_51,12,right,0.00570785779607276,492
D285_F05_V01,285,5,common_grid,detrended_51,13,bg,-0.10551534807325691,492
D285_F05_V01,285,5,common_grid,detrended_51,13,left,-0.033007615904065042,492
D285_F05_V01,285,5,common_grid,detrended_51,13,right,-0.099677639573704568,492
D285_F05_V01,285,5,common_grid,detrended_51,14,bg,0.035107736113725009,492
D285_F05_V01,285,5,common_grid,detrended_51,14,left,0.068845576277861489,492
D285_F05_V01,285,5,common_grid,detrended_51,14,right,-0.030359713948231625,492
D285_F05_V01,285,5,common_grid,detrended_51,15,bg,0.040462321452556113,492
D285_F05_V01,285,5,common_grid,detrended_51,15,left,0.029166997076677938,492
D285_F05_V01,285,5,common_grid,detrended_51,15,right,0.016987461906352495,492
D285_F05_V01,285,5,common_grid,detrended_51,16,bg,0.054595519740777587,492
D285_F05_V01,285,5,common_grid,detrended_51,16,left,0.023172654341355407,492
D285_F05_V01,285,5,common_grid,detrended_51,16,right,0.049714823220790592,492
D285_F05_V01,285,5,common_grid,detrended_51,17,bg,0.0698184441246264,492
D285_F05_V01,285,5,common_grid,detrended_51,17,left,0.092578236111876613,492
D285_F05_V01,285,5,common_grid,detrended_51,17,right,0.011192888028017109,492
D285_F05_V01,285,5,common_grid,detrended_51,18,bg,-0.014358323499999579,492
D285_F05_V01,285,5,common_grid,detrended_51,18,left,-0.012252431115114011,492
D285_F05_V01,285,5,common_grid,detrended_51,18,right,-0.004239696138822178,492
D285_F05_V01,285,5,common_grid,detrended_51,19,bg,0.026124294958445163,492
D285_F05_V01,285,5,common_grid,detrended_51,19,left,0.036758927899755767,492
D285_F05_V01,285,5,common_grid,detrended_51,19,right,-0.0023695741718954607,492
D285_F05_V01,285,5,common_grid,detrended_51,20,bg,-0.017473340081624909,492
D285_F05_V01,285,5,common_grid,detrended_51,20,left,-0.071959878661595686,492
D285_F05_V01,285,5,common_grid,detrended_51,20,right,0.0556143029108093,492
D285_F07_V01,285,7,common_grid,raw,1,bg,0.13124849760262819,458
D285_F07_V01,285,7,common_grid,raw,1,left,0.088048776694896275,458
D285_F07_V01,285,7,common_grid,raw,1,right,0.12461668374458035,458
D285_F07_V01,285,7,common_grid,raw,2,bg,0.058905218609473745,458
D285_F07_V01,285,7,common_grid,raw,2,left,0.067426501112390791,458
D285_F07_V01,285,7,common_grid,raw,2,right,0.035981406089679868,458
D285_F07_V01,285,7,common_grid,raw,3,bg,0.029986368271266089,458
D285_F07_V01,285,7,common_grid,raw,3,left,0.059151909993992606,458
D285_F07_V01,285,7,common_grid,raw,3,right,-0.025045920508291675,458
D285_F07_V01,285,7,common_grid,raw,4,bg,0.17503603099418064,458
D285_F07_V01,285,7,common_grid,raw,4,left,0.16085833363154886,458
D285_F07_V01,285,7,common_grid,raw,4,right,0.12574996522900547,458
D285_F07_V01,285,7,common_grid,raw,5,bg,0.21034712350663493,458
D285_F07_V01,285,7,common_grid,raw,5,left,0.15926189687937892,458
D285_F07_V01,285,7,common_grid,raw,5,right,0.18174716081636488,458
D285_F07_V01,285,7,common_grid,raw,6,bg,0.28725562954423484,458
D285_F07_V01,285,7,common_grid,raw,6,left,0.24692514802575996,458
D285_F07_V01,285,7,common_grid,raw,6,right,0.25204908421600447,458
D285_F07_V01,285,7,common_grid,raw,7,bg,0.29029274398199495,458
D285_F07_V01,285,7,common_grid,raw,7,left,0.24693351679677916,458
D285_F07_V01,285,7,common_grid,raw,7,right,0.23000086997746491,458
D285_F07_V01,285,7,common_grid,raw,8,bg,0.2374826761755891,458
D285_F07_V01,285,7,common_grid,raw,8,left,0.16893931885323604,458
D285_F07_V01,285,7,common_grid,raw,8,right,0.22140614214082777,458
D285_F07_V01,285,7,common_grid,raw,9,bg,0.31087692292030888,458
D285_F07_V01,285,7,common_grid,raw,9,left,0.23320948176760184,458
D285_F07_V01,285,7,common_grid,raw,9,right,0.25042241996254166,458
D285_F07_V01,285,7,common_grid,raw,10,bg,0.15039936837013007,458
D285_F07_V01,285,7,common_grid,raw,10,left,0.10192557302193009,458
D285_F07_V01,285,7,common_grid,raw,10,right,0.12737038413096149,458
D285_F07_V01,285,7,common_grid,raw,11,bg,0.057471785531631479,458
D285_F07_V01,285,7,common_grid,raw,11,left,0.080487154904515135,458
D285_F07_V01,285,7,common_grid,raw,11,right,0.019241116096775202,458
D285_F07_V01,285,7,common_grid,raw,12,bg,0.20920984499724543,458
D285_F07_V01,285,7,common_grid,raw,12,left,0.1676760091504392,458
D285_F07_V01,285,7,common_grid,raw,12,right,0.17249242423248845,458
D285_F07_V01,285,7,common_grid,raw,13,bg,0.32740574531119299,458
D285_F07_V01,285,7,common_grid,raw,13,left,0.25299725348176788,458
D285_F07_V01,285,7,common_grid,raw,13,right,0.28797234608315597,458
D285_F07_V01,285,7,common_grid,raw,14,bg,0.35538304645623464,458
D285_F07_V01,285,7,common_grid,raw,14,left,0.30901268549552707,458
D285_F07_V01,285,7,common_grid,raw,14,right,0.2546142998939101,458
D285_F07_V01,285,7,common_grid,raw,15,bg,0.32754888876772903,458
D285_F07_V01,285,7,common_grid,raw,15,left,0.26952582605859177,458
D285_F07_V01,285,7,common_grid,raw,15,right,0.25981717732720072,458
D285_F07_V01,285,7,common_grid,raw,16,bg,0.23606935312959876,458
D285_F07_V01,285,7,common_grid,raw,16,left,0.18742480987120269,458
D285_F07_V01,285,7,common_grid,raw,16,right,0.18957346060360453,458
D285_F07_V01,285,7,common_grid,raw,17,bg,0.1706637853112955,458
D285_F07_V01,285,7,common_grid,raw,17,left,0.15881760257318472,458
D285_F07_V01,285,7,common_grid,raw,17,right,0.11312698567047813,458
D285_F07_V01,285,7,common_grid,raw,18,bg,0.085305568499046552,458
D285_F07_V01,285,7,common_grid,raw,18,left,0.082420840638052606,458
D285_F07_V01,285,7,common_grid,raw,18,right,0.082063981252953666,458
D285_F07_V01,285,7,common_grid,raw,19,bg,0.14138320421381365,458
D285_F07_V01,285,7,common_grid,raw,19,left,0.13162646627582009,458
D285_F07_V01,285,7,common_grid,raw,19,right,0.085800824873536352,458
D285_F07_V01,285,7,common_grid,raw,20,bg,0.27421970734407752,458
D285_F07_V01,285,7,common_grid,raw,20,left,0.22457278516883902,458
D285_F07_V01,285,7,common_grid,raw,20,right,0.21443508078893031,458
D285_F07_V01,285,7,common_grid,detrended_51,1,bg,-0.029559448964901765,458
D285_F07_V01,285,7,common_grid,detrended_51,1,left,-0.024687885299323396,458
D285_F07_V01,285,7,common_grid,detrended_51,1,right,-0.011022812309713385,458
D285_F07_V01,285,7,common_grid,detrended_51,2,bg,-0.0035992670687914237,458
D285_F07_V01,285,7,common_grid,detrended_51,2,left,-0.0040271950423838177,458
D285_F07_V01,285,7,common_grid,detrended_51,2,right,-0.018413255300483298,458
D285_F07_V01,285,7,common_grid,detrended_51,3,bg,-0.011320891172079569,458
D285_F07_V01,285,7,common_grid,detrended_51,3,left,0.028942555467936313,458
D285_F07_V01,285,7,common_grid,detrended_51,3,right,-0.052463611547470951,458
D285_F07_V01,285,7,common_grid,detrended_51,4,bg,-0.010533273473468312,458
D285_F07_V01,285,7,common_grid,detrended_51,4,left,0.018247761826118446,458
D285_F07_V01,285,7,common_grid,detrended_51,4,right,-0.0098320934130803721,458
D285_F07_V01,285,7,common_grid,detrended_51,5,bg,-0.035190578290341966,458
D285_F07_V01,285,7,common_grid,detrended_51,5,left,0.012495864783229062,458
D285_F07_V01,285,7,common_grid,detrended_51,5,right,-0.049760648233344751,458
D285_F07_V01,285,7,common_grid,detrended_51,6,bg,-0.058001713601686856,458
D285_F07_V01,285,7,common_grid,detrended_51,6,left,-0.08937819081412493,458
D285_F07_V01,285,7,common_grid,detrended_51,6,right,-0.0042409160053839406,458
D285_F07_V01,285,7,common_grid,detrended_51,7,bg,0.0424745913671647,458
D285_F07_V01,285,7,common_grid,detrended_51,7,left,0.041831339008197757,458
D285_F07_V01,285,7,common_grid,detrended_51,7,right,0.0081335441856887937,458
D285_F07_V01,285,7,common_grid,detrended_51,8,bg,-0.10895040418002408,458
D285_F07_V01,285,7,common_grid,detrended_51,8,left,-0.094605667065965321,458
D285_F07_V01,285,7,common_grid,detrended_51,8,right,-0.075826468391513482,458
D285_F07_V01,285,7,common_grid,detrended_51,9,bg,0.047935354027414112,458
D285_F07_V01,285,7,common_grid,detrended_51,9,left,0.038803045344632719,458
D285_F07_V01,285,7,common_grid,detrended_51,9,right,-0.0014438050502228491,458
D285_F07_V01,285,7,common_grid,detrended_51,10,bg,-0.030079787937479618,458
D285_F07_V01,285,7,common_grid,detrended_51,10,left,0.01910199352493638,458
D285_F07_V01,285,7,common_grid,detrended_51,10,right,-0.062180053786383173,458
D285_F07_V01,285,7,common_grid,detrended_51,11,bg,-0.10352105397104953,458
D285_F07_V01,285,7,common_grid,detrended_51,11,left,-0.059907757689149084,458
D285_F07_V01,285,7,common_grid,detrended_51,11,right,-0.11156182571475419,458
D285_F07_V01,285,7,common_grid,detrended_51,12,bg,-0.012610845228219378,458
D285_F07_V01,285,7,common_grid,detrended_51,12,left,-0.0016450914308871111,458
D285_F07_V01,285,7,common_grid,detrended_51,12,right,-0.0068231328379045166,458
D285_F07_V01,285,7,common_grid,detrended_51,13,bg,0.057525176937477558,458
D285_F07_V01,285,7,common_grid,detrended_51,13,left,-0.014110940723969224,458
D285_F07_V01,285,7,common_grid,detrended_51,13,right,0.087548543601404558,458
D285_F07_V01,285,7,common_grid,detrended_51,14,bg,-0.0010352975768680769,458
D285_F07_V01,285,7,common_grid,detrended_51,14,left,0.025491612672430868,458
D285_F07_V01,285,7,common_grid,detrended_51,14,right,-0.040276921556899652,458
D285_F07_V01,285,7,common_grid,detrended_51,15,bg,-0.026369970564643033,458
D285_F07_V01,285,7,common_grid,detrended_51,15,left,-0.018972165883651613,458
D285_F07_V01,285,7,common_grid,detrended_51,15,right,-0.013721951887955747,458
D285_F07_V01,285,7,common_grid,detrended_51,16,bg,-0.060714699916753594,458
D285_F07_V01,285,7,common_grid,detrended_51,16,left,-0.06010642714530634,458
D285_F07_V01,285,7,common_grid,detrended_51,16,right,-0.058212962556232838,458
D285_F07_V01,285,7,common_grid,detrended_51,17,bg,0.049734442513834937,458
D285_F07_V01,285,7,common_grid,detrended_51,17,left,0.084357419207739454,458
D285_F07_V01,285,7,common_grid,detrended_51,17,right,-0.0077474967573307151,458
D285_F07_V01,285,7,common_grid,detrended_51,18,bg,-0.10754676144712842,458
D285_F07_V01,285,7,common_grid,detrended_51,18,left,-0.038236406434693802,458
D285_F07_V01,285,7,common_grid,detrended_51,18,right,-0.080467408124745399,458
D285_F07_V01,285,7,common_grid,detrended_51,19,bg,-0.13378365959404301,458
D285_F07_V01,285,7,common_grid,detrended_51,19,left,-0.088172631756957276,458
D285_F07_V01,285,7,common_grid,detrended_51,19,right,-0.10136862514285341,458
D285_F07_V01,285,7,common_grid,detrended_51,20,bg,-0.003416092074480384,458
D285_F07_V01,285,7,common_grid,detrended_51,20,left,-0.021608696764126162,458
D285_F07_V01,285,7,common_grid,detrended_51,20,right,0.010950177544666788,458
D285_F10_V01,285,10,common_grid,raw,1,bg,0.12859652357890855,494
D285_F10_V01,285,10,common_grid,raw,1,left,0.081363602768535007,494
D285_F10_V01,285,10,common_grid,raw,1,right,0.11448190256773584,494
D285_F10_V01,285,10,common_grid,raw,2,bg,0.22287363538564564,494
D285_F10_V01,285,10,common_grid,raw,2,left,0.23901531015868588,494
D285_F10_V01,285,10,common_grid,raw,2,right,0.1230349665280807,494
D285_F10_V01,285,10,common_grid,raw,3,bg,0.12932436767175748,494
D285_F10_V01,285,10,common_grid,raw,3,left,0.11799858801033133,494
D285_F10_V01,285,10,common_grid,raw,3,right,0.084400799015937222,494
D285_F10_V01,285,10,common_grid,raw,4,bg,0.10295375596966289,494
D285_F10_V01,285,10,common_grid,raw,4,left,0.12333458506192573,494
D285_F10_V01,285,10,common_grid,raw,4,right,0.060052761728858678,494
D285_F10_V01,285,10,common_grid,raw,5,bg,0.11119376335560814,494
D285_F10_V01,285,10,common_grid,raw,5,left,0.035911471184237292,494
D285_F10_V01,285,10,common_grid,raw,5,right,0.14404310326163644,494
D285_F10_V01,285,10,common_grid,raw,6,bg,0.1024867094046127,494
D285_F10_V01,285,10,common_grid,raw,6,left,0.072811633759642766,494
D285_F10_V01,285,10,common_grid,raw,6,right,0.10387013079443955,494
D285_F10_V01,285,10,common_grid,raw,7,bg,0.19723564574637484,494
D285_F10_V01,285,10,common_grid,raw,7,left,0.1575097120949582,494
D285_F10_V01,285,10,common_grid,raw,7,right,0.13896909823033443,494
D285_F10_V01,285,10,common_grid,raw,8,bg,0.07588575973330966,494
D285_F10_V01,285,10,common_grid,raw,8,left,0.014778012279880513,494
D285_F10_V01,285,10,common_grid,raw,8,right,0.091475678515285666,494
D285_F10_V01,285,10,common_grid,raw,9,bg,0.18926997346982399,494
D285_F10_V01,285,10,common_grid,raw,9,left,0.16646402599215668,494
D285_F10_V01,285,10,common_grid,raw,9,right,0.11558382189320592,494
D285_F10_V01,285,10,common_grid,raw,10,bg,0.14303744012295311,494
D285_F10_V01,285,10,common_grid,raw,10,left,0.12116429174185128,494
D285_F10_V01,285,10,common_grid,raw,10,right,0.12600616706520412,494
D285_F10_V01,285,10,common_grid,raw,11,bg,0.18105196465397166,494
D285_F10_V01,285,10,common_grid,raw,11,left,0.15021056662991117,494
D285_F10_V01,285,10,common_grid,raw,11,right,0.13524885135859829,494
D285_F10_V01,285,10,common_grid,raw,12,bg,0.14678356766538683,494
D285_F10_V01,285,10,common_grid,raw,12,left,0.099051647615755661,494
D285_F10_V01,285,10,common_grid,raw,12,right,0.12831820682786843,494
D285_F10_V01,285,10,common_grid,raw,13,bg,0.1482437351979361,494
D285_F10_V01,285,10,common_grid,raw,13,left,0.11016440944913242,494
D285_F10_V01,285,10,common_grid,raw,13,right,0.10438615155173289,494
D285_F10_V01,285,10,common_grid,raw,14,bg,0.12553374528393216,494
D285_F10_V01,285,10,common_grid,raw,14,left,0.06748081284218789,494
D285_F10_V01,285,10,common_grid,raw,14,right,0.12674097903093315,494
D285_F10_V01,285,10,common_grid,raw,15,bg,0.12980077109467522,494
D285_F10_V01,285,10,common_grid,raw,15,left,0.11513708170054919,494
D285_F10_V01,285,10,common_grid,raw,15,right,0.082673562869997178,494
D285_F10_V01,285,10,common_grid,raw,16,bg,0.18939410114813129,494
D285_F10_V01,285,10,common_grid,raw,16,left,0.13044689199274445,494
D285_F10_V01,285,10,common_grid,raw,16,right,0.16170327661733669,494
D285_F10_V01,285,10,common_grid,raw,17,bg,0.22398242304295471,494
D285_F10_V01,285,10,common_grid,raw,17,left,0.17808793107181067,494
D285_F10_V01,285,10,common_grid,raw,17,right,0.14788429249836313,494
D285_F10_V01,285,10,common_grid,raw,18,bg,0.14829758690119535,494
D285_F10_V01,285,10,common_grid,raw,18,left,0.16611543326606848,494
D285_F10_V01,285,10,common_grid,raw,18,right,0.067862751817059502,494
D285_F10_V01,285,10,common_grid,raw,19,bg,0.12079340182254672,494
D285_F10_V01,285,10,common_grid,raw,19,left,0.032114975874984429,494
D285_F10_V01,285,10,common_grid,raw,19,right,0.14443439909437567,494
D285_F10_V01,285,10,common_grid,raw,20,bg,0.18855865318980514,494
D285_F10_V01,285,10,common_grid,raw,20,left,0.082390567690023217,494
D285_F10_V01,285,10,common_grid,raw,20,right,0.20024178518894015,494
D285_F10_V01,285,10,common_grid,detrended_51,1,bg,-0.0068662422837458192,494
D285_F10_V01,285,10,common_grid,detrended_51,1,left,-0.045304947571034114,494
D285_F10_V01,285,10,common_grid,detrended_51,1,right,0.026893729677719743,494
D285_F10_V01,285,10,common_grid,detrended_51,2,bg,0.020534257606690785,494
D285_F10_V01,285,10,common_grid,detrended_51,2,left,0.087062883820568718,494
D285_F10_V01,285,10,common_grid,detrended_51,2,right,-0.044562312302597315,494
D285_F10_V01,285,10,common_grid,detrended_51,3,bg,0.019685127056964784,494
D285_F10_V01,285,10,common_grid,detrended_51,3,left,0.032842764730724484,494
D285_F10_V01,285,10,common_grid,detrended_51,3,right,0.017052500215653344,494
D285_F10_V01,285,10,common_grid,detrended_51,4,bg,-0.045801781655598041,494
D285_F10_V01,285,10,common_grid,detrended_51,4,left,0.0070611305844580025,494
D285_F10_V01,285,10,common_grid,detrended_51,4,right,-0.060954014316947275,494
D285_F10_V01,285,10,common_grid,detrended_51,5,bg,-0.026628249993864383,494
D285_F10_V01,285,10,common_grid,detrended_51,5,left,-0.036699570944795215,494
D285_F10_V01,285,10,common_grid,detrended_51,5,right,0.01285519219859888,494
D285_F10_V01,285,10,common_grid,detrended_51,6,bg,-0.060981680267653493,494
D285_F10_V01,285,10,common_grid,detrended_51,6,left,-0.031050586709751481,494
D285_F10_V01,285,10,common_grid,detrended_51,6,right,-0.042947755794825376,494
D285_F10_V01,285,10,common_grid,detrended_51,7,bg,0.016690835437424559,494
D285_F10_V01,285,10,common_grid,detrended_51,7,left,0.033675357339463058,494
D285_F10_V01,285,10,common_grid,detrended_51,7,right,-0.015532137593854425,494
D285_F10_V01,285,10,common_grid,detrended_51,8,bg,-0.032627777874843895,494
D285_F10_V01,285,10,common_grid,detrended_51,8,left,-0.053324715016696556,494
D285_F10_V01,285,10,common_grid,detrended_51,8,right,0.0074153356946227503,494
D285_F10_V01,285,10,common_grid,detrended_51,9,bg,0.054439879211101098,494
D285_F10_V01,285,10,common_grid,detrended_51,9,left,0.072644983641151448,494
D285_F10_V01,285,10,common_grid,detrended_51,9,right,0.017149004291005812,494
D285_F10_V01,285,10,common_grid,detrended_51,10,bg,0.034751974752351686,494
D285_F10_V01,285,10,common_grid,detrended_51,10,left,0.024400066509386548,494
D285_F10_V01,285,10,common_grid,detrended_51,10,right,0.020744618507590292,494
D285_F10_V01,285,10,common_grid,detrended_51,11,bg,0.038959062335527803,494
D285_F10_V01,285,10,common_grid,detrended_51,11,left,0.047935538667317458,494
D285_F10_V01,285,10,common_grid,detrended_51,11,right,0.020795599262865439,494
D285_F10_V01,285,10,common_grid,detrended_51,12,bg,-0.013966963766192969,494
D285_F10_V01,285,10,common_grid,detrended_51,12,left,-0.017438855108439868,494
D285_F10_V01,285,10,common_grid,detrended_51,12,right,0.017347148473603538,494
D285_F10_V01,285,10,common_grid,detrended_51,13,bg,-0.029512216793633611,494
D285_F10_V01,285,10,common_grid,detrended_51,13,left,-0.051686719198879898,494
D285_F10_V01,285,10,common_grid,detrended_51,13,right,-0.0072509063765373912,494
D285_F10_V01,285,10,common_grid,detrended_51,14,bg,-0.057020843588949204,494
D285_F10_V01,285,10,common_grid,detrended_51,14,left,-0.052374001034902667,494
D285_F10_V01,285,10,common_grid,detrended_51,14,right,-0.0073039290854713225,494
D285_F10_V01,285,10,common_grid,detrended_51,15,bg,-0.062710484234855146,494
D285_F10_V01,285,10,common_grid,detrended_51,15,left,-0.00078234608364838179,494
D285_F10_V01,285,10,common_grid,detrended_51,15,right,-0.065491170590197698,494
D285_F10_V01,285,10,common_grid,detrended_51,16,bg,0.00457060863184013,494
D285_F10_V01,285,10,common_grid,detrended_51,16,left,0.019174231094923284,494
D285_F10_V01,285,10,common_grid,detrended_51,16,right,0.013112439661646954,494
D285_F10_V01,285,10,common_grid,detrended_51,17,bg,0.08772612782229329,494
D285_F10_V01,285,10,common_grid,detrended_51,17,left,0.064490211251268983,494
D285_F10_V01,285,10,common_grid,detrended_51,17,right,0.053854754723731149,494
D285_F10_V01,285,10,common_grid,detrended_51,18,bg,0.049723676203889698,494
D285_F10_V01,285,10,common_grid,detrended_51,18,left,0.081076069712939056,494
D285_F10_V01,285,10,common_grid,detrended_51,18,right,-0.010842251104467468,494
D285_F10_V01,285,10,common_grid,detrended_51,19,bg,-0.039144097394644112,494
D285_F10_V01,285,10,common_grid,detrended_51,19,left,-0.10227535692226535,494
D285_F10_V01,285,10,common_grid,detrended_51,19,right,0.05023975727888369,494
D285_F10_V01,285,10,common_grid,detrended_51,20,bg,-0.0045641446652286422,494
D285_F10_V01,285,10,common_grid,detrended_51,20,left,-0.069278811589577396,494
D285_F10_V01,285,10,common_grid,detrended_51,20,right,0.064396221499052247,494
D500_F01_V01,500,1,common_grid,raw,1,bg,0.3130683882735531,500
D500_F01_V01,500,1,common_grid,raw,1,left,0.26358307033228134,500
D500_F01_V01,500,1,common_grid,raw,1,right,0.24311886047544187,500
D500_F01_V01,500,1,common_grid,raw,2,bg,0.25724061296245176,500
D500_F01_V01,500,1,common_grid,raw,2,left,0.22784107136428547,500
D500_F01_V01,500,1,common_grid,raw,2,right,0.19782808731234924,500
D500_F01_V01,500,1,common_grid,raw,3,bg,0.27510090840363355,500
D500_F01_V01,500,1,common_grid,raw,3,left,0.22062558650234596,500
D500_F01_V01,500,1,common_grid,raw,3,right,0.24461464245856976,500
D500_F01_V01,500,1,common_grid,raw,4,bg,0.29537580550322201,500
D500_F01_V01,500,1,common_grid,raw,4,left,0.21350639002556007,500
D500_F01_V01,500,1,common_grid,raw,4,right,0.26787140748562993,500
D500_F01_V01,500,1,common_grid,raw,5,bg,0.2601428005712022,500
D500_F01_V01,500,1,common_grid,raw,5,left,0.16684617138468552,500
D500_F01_V01,500,1,common_grid,raw,5,right,0.25067389869559475,500
D500_F01_V01,500,1,common_grid,raw,6,bg,0.32728537314149259,500
D500_F01_V01,500,1,common_grid,raw,6,left,0.30136517346069386,500
D500_F01_V01,500,1,common_grid,raw,6,right,0.23330723722894889,500
D500_F01_V01,500,1,common_grid,raw,7,bg,0.3285253141012564,500
D500_F01_V01,500,1,common_grid,raw,7,left,0.26231384925539702,500
D500_F01_V01,500,1,common_grid,raw,7,right,0.27862460249840992,500
D500_F01_V01,500,1,common_grid,raw,8,bg,0.34994453577814311,500
D500_F01_V01,500,1,common_grid,raw,8,left,0.26020673682694734,500
D500_F01_V01,500,1,common_grid,raw,8,right,0.31511041244164978,500
D500_F01_V01,500,1,common_grid,raw,9,bg,0.32994458377833513,500
D500_F01_V01,500,1,common_grid,raw,9,left,0.2526183864735459,500
D500_F01_V01,500,1,common_grid,raw,9,right,0.31072713090852361,500
D500_F01_V01,500,1,common_grid,raw,10,bg,0.32064118656474616,500
D500_F01_V01,500,1,common_grid,raw,10,left,0.30242156168624673,500
D500_F01_V01,500,1,common_grid,raw,10,right,0.21132439729758917,500
D500_F01_V01,500,1,common_grid,raw,11,bg,0.28446564986259937,500
D500_F01_V01,500,1,common_grid,raw,11,left,0.26381471925887695,500
D500_F01_V01,500,1,common_grid,raw,11,right,0.1958270553082212,500
D500_F01_V01,500,1,common_grid,raw,12,bg,0.30127061308245229,500
D500_F01_V01,500,1,common_grid,raw,12,left,0.24454033816135259,500
D500_F01_V01,500,1,common_grid,raw,12,right,0.22228274513098054,500
D500_F01_V01,500,1,common_grid,raw,13,bg,0.32112877251509003,500
D500_F01_V01,500,1,common_grid,raw,13,left,0.27153766215064856,500
D500_F01_V01,500,1,common_grid,raw,13,right,0.26317026868107468,500
D500_F01_V01,500,1,common_grid,raw,14,bg,0.26648026592106366,500
D500_F01_V01,500,1,common_grid,raw,14,left,0.21199831999327995,500
D500_F01_V01,500,1,common_grid,raw,14,right,0.21389279157116628,500
D500_F01_V01,500,1,common_grid,raw,15,bg,0.27933164532658122,500
D500_F01_V01,500,1,common_grid,raw,15,left,0.235001644006576,500
D500_F01_V01,500,1,common_grid,raw,15,right,0.22667543470173881,500
D500_F01_V01,500,1,common_grid,raw,16,bg,0.28959523838095347,500
D500_F01_V01,500,1,common_grid,raw,16,left,0.26810996843987372,500
D500_F01_V01,500,1,common_grid,raw,16,right,0.21235198540794162,500
D500_F01_V01,500,1,common_grid,raw,17,bg,0.25042112968451863,500
D500_F01_V01,500,1,common_grid,raw,17,left,0.16887283549134194,500
D500_F01_V01,500,1,common_grid,raw,17,right,0.23942966171864691,500
D500_F01_V01,500,1,common_grid,raw,18,bg,0.29827751311005252,500
D500_F01_V01,500,1,common_grid,raw,18,left,0.2017639110556442,500
D500_F01_V01,500,1,common_grid,raw,18,right,0.28266650666602666,500
D500_F01_V01,500,1,common_grid,raw,19,bg,0.25073101892407573,500
D500_F01_V01,500,1,common_grid,raw,19,left,0.18945915783663136,500
D500_F01_V01,500,1,common_grid,raw,19,right,0.20722815691262766,500
D500_F01_V01,500,1,common_grid,raw,20,bg,0.33988993555974223,500
D500_F01_V01,500,1,common_grid,raw,20,left,0.27832892131568521,500
D500_F01_V01,500,1,common_grid,raw,20,right,0.2638165432661731,500
D500_F01_V01,500,1,common_grid,detrended_51,1,bg,-0.012410636190612499,500
D500_F01_V01,500,1,common_grid,detrended_51,1,left,-0.015511738421524535,500
D500_F01_V01,500,1,common_grid,detrended_51,1,right,-0.025852689762213138,500
D500_F01_V01,500,1,common_grid,detrended_51,2,bg,-0.03052650766470268,500
D500_F01_V01,500,1,common_grid,detrended_51,2,left,-0.0011486981085489451,500
D500_F01_V01,500,1,common_grid,detrended_51,2,right,-0.037855031016576175,500
D500_F01_V01,500,1,common_grid,detrended_51,3,bg,0.04796387301424352,500
D500_F01_V01,500,1,common_grid,detrended_51,3,left,0.038268877781503778,500
D500_F01_V01,500,1,common_grid,detrended_51,3,right,0.038497788808238967,500
D500_F01_V01,500,1,common_grid,detrended_51,4,bg,0.036514404832158995,500
D500_F01_V01,500,1,common_grid,detrended_51,4,left,0.027771012388838626,500
D500_F01_V01,500,1,common_grid,detrended_51,4,right,0.033636313017663177,500
D500_F01_V01,500,1,common_grid,detrended_51,5,bg,-0.01361016090439307,500
D500_F01_V01,500,1,common_grid,detrended_51,5,left,-0.032479210947298658,500
D500_F01_V01,500,1,common_grid,detrended_51,5,right,0.021690503450731768,500
D500_F01_V01,500,1,common_grid,detrended_51,6,bg,0.051035785227941624,500
D500_F01_V01,500,1,common_grid,detrended_51,6,left,0.047816745244969296,500
D500_F01_V01,500,1,common_grid,detrended_51,6,right,0.030241239815057237,500
D500_F01_V01,500,1,common_grid,detrended_51,7,bg,-0.030055911188050687,500
D500_F01_V01,500,1,common_grid,detrended_51,7,left,-0.040762077931170933,500
D500_F01_V01,500,1,common_grid,detrended_51,7,right,0.0011728549879598082,500
D500_F01_V01,500,1,common_grid,detrended_51,8,bg,0.030870980551262788,500
D500_F01_V01,500,1,common_grid,detrended_51,8,left,-0.038989766649093226,500
D500_F01_V01,500,1,common_grid,detrended_51,8,right,0.079460859255948216,500
D500_F01_V01,500,1,common_grid,detrended_51,9,bg,-0.012398004514945752,500
D500_F01_V01,500,1,common_grid,detrended_51,9,left,-0.029150466469756216,500
D500_F01_V01,500,1,common_grid,detrended_51,9,right,-0.019745280714167222,500
D500_F01_V01,500,1,common_grid,detrended_51,10,bg,0.01221387639842729,500
D500_F01_V01,500,1,common_grid,detrended_51,10,left,0.077416583195806993,500
D500_F01_V01,500,1,common_grid,detrended_51,10,right,-0.065637755804981185,500
D500_F01_V01,500,1,common_grid,detrended_51,11,bg,-0.039331474376517662,500
D500_F01_V01,500,1,common_grid,detrended_51,11,left,0.024065081865708434,500
D500_F01_V01,500,1,common_grid,detrended_51,11,right,-0.094271155887624303,500
D500_F01_V01,500,1,common_grid,detrended_51,12,bg,-0.0084128791848980446,500
D500_F01_V01,500,1,common_grid,detrended_51,12,left,0.014424756009784384,500
D500_F01_V01,500,1,common_grid,detrended_51,12,right,-0.023641085770577854,500
D500_F01_V01,500,1,common_grid,detrended_51,13,bg,-0.0043913629090380811,500
D500_F01_V01,500,1,common_grid,detrended_51,13,left,-0.0026338653761450114,500
D500_F01_V01,500,1,common_grid,detrended_51,13,right,0.014863331782941811,500
D500_F01_V01,500,1,common_grid,detrended_51,14,bg,-0.035284126479951612,500
D500_F01_V01,500,1,common_grid,detrended_51,14,left,-0.03223018937527164,500
D500_F01_V01,500,1,common_grid,detrended_51,14,right,-0.044007117037174345,500
D500_F01_V01,500,1,common_grid,detrended_51,15,bg,-0.0764290339473713,500
D500_F01_V01,500,1,common_grid,detrended_51,15,left,-0.076708182848186243,500
D500_F01_V01,500,1,common_grid,detrended_51,15,right,-0.04709068621448987,500
D500_F01_V01,500,1,common_grid,detrended_51,16,bg,-0.077912282118276555,500
D500_F01_V01,500,1,common_grid,detrended_51,16,left,-0.0027773115058783199,500
D500_F01_V01,500,1,common_grid,detrended_51,16,right,-0.10287871116565221,500
D500_F01_V01,500,1,common_grid,detrended_51,17,bg,-0.045595837015369269,500
D500_F01_V01,500,1,common_grid,detrended_51,17,left,-0.11362660639503379,500
D500_F01_V01,500,1,common_grid,detrended_51,17,right,0.03613878471453881,500
D500_F01_V01,500,1,common_grid,detrended_51,18,bg,-0.016086735197338373,500
D500_F01_V01,500,1,common_grid,detrended_51,18,left,-0.053041214465193456,500
D500_F01_V01,500,1,common_grid,detrended_51,18,right,0.051466585846766916,500
D500_F01_V01,500,1,common_grid,detrended_51,19,bg,-0.05677438233217183,500
D500_F01_V01,500,1,common_grid,detrended_51,19,left,-0.029535743864226999,500
D500_F01_V01,500,1,common_grid,detrended_51,19,right,-0.050052368385575488,500
D500_F01_V01,500,1,common_grid,detrended_51,20,bg,0.016913950455335405,500
D500_F01_V01,500,1,common_grid,detrended_51,20,left,0.070772536445012732,500
D500_F01_V01,500,1,common_grid,detrended_51,20,right,-0.010820666186494861,500
D500_F02_V01,500,2,d500_extension,raw,1,bg,0.34882789786746865,493
D500_F02_V01,500,2,d500_extension,raw,1,left,0.32068120268132244,493
D500_F02_V01,500,2,d500_extension,raw,1,right,0.24390354065237607,493
D500_F02_V01,500,2,d500_extension,raw,2,bg,0.34851824025544947,493
D500_F02_V01,500,2,d500_extension,raw,2,left,0.28819599604295226,493
D500_F02_V01,500,2,d500_extension,raw,2,right,0.28358918810217737,493
D500_F02_V01,500,2,d500_extension,raw,3,bg,0.27175369761433449,493
D500_F02_V01,500,2,d500_extension,raw,3,left,0.20403702591690001,493
D500_F02_V01,500,2,d500_extension,raw,3,right,0.23909433360620327,493
D500_F02_V01,500,2,d500_extension,raw,4,bg,0.1957978500628228,493
D500_F02_V01,500,2,d500_extension,raw,4,left,0.15574405856975432,493
D500_F02_V01,500,2,d500_extension,raw,4,right,0.16458081753214909,493
D500_F02_V01,500,2,d500_extension,raw,5,bg,0.17843449049004614,493
D500_F02_V01,500,2,d500_extension,raw,5,left,0.16786286774595502,493
D500_F02_V01,500,2,d500_extension,raw,5,right,0.11394308509114769,493
D500_F02_V01,500,2,d500_extension,raw,6,bg,0.30120211648774547,493
D500_F02_V01,500,2,d500_extension,raw,6,left,0.29802492122859164,493
D500_F02_V01,500,2,d500_extension,raw,6,right,0.19532615298888695,493
D500_F02_V01,500,2,d500_extension,raw,7,bg,0.25731385841997301,493
D500_F02_V01,500,2,d500_extension,raw,7,left,0.23920810173274065,493
D500_F02_V01,500,2,d500_extension,raw,7,right,0.18658383358927819,493
D500_F02_V01,500,2,d500_extension,raw,8,bg,0.36761706449791498,493
D500_F02_V01,500,2,d500_extension,raw,8,left,0.34389701100285996,493
D500_F02_V01,500,2,d500_extension,raw,8,right,0.26885040713165909,493
D500_F02_V01,500,2,d500_extension,raw,9,bg,0.35003117607199913,493
D500_F02_V01,500,2,d500_extension,raw,9,left,0.2692060326750873,493
D500_F02_V01,500,2,d500_extension,raw,9,right,0.30146009773242893,493
D500_F02_V01,500,2,d500_extension,raw,10,bg,0.31465109138284547,493
D500_F02_V01,500,2,d500_extension,raw,10,left,0.29072122783048787,493
D500_F02_V01,500,2,d500_extension,raw,10,right,0.21616434767299117,493
D500_F02_V01,500,2,d500_extension,raw,11,bg,0.22357389750573392,493
D500_F02_V01,500,2,d500_extension,raw,11,left,0.18372080260208531,493
D500_F02_V01,500,2,d500_extension,raw,11,right,0.17496235937468388,493
D500_F02_V01,500,2,d500_extension,raw,12,bg,0.28390896066206639,493
D500_F02_V01,500,2,d500_extension,raw,12,left,0.20222334566021666,493
D500_F02_V01,500,2,d500_extension,raw,12,right,0.24704027612005022,493
D500_F02_V01,500,2,d500_extension,raw,13,bg,0.25845935122924651,493
D500_F02_V01,500,2,d500_extension,raw,13,left,0.22730601282575388,493
D500_F02_V01,500,2,d500_extension,raw,13,right,0.1912276962895767,493
D500_F02_V01,500,2,d500_extension,raw,14,bg,0.32493198448667432,493
D500_F02_V01,500,2,d500_extension,raw,14,left,0.25174142347561224,493
D500_F02_V01,500,2,d500_extension,raw,14,right,0.27581840443807859,493
D500_F02_V01,500,2,d500_extension,raw,15,bg,0.27699344090697225,493
D500_F02_V01,500,2,d500_extension,raw,15,left,0.17250022082633712,493
D500_F02_V01,500,2,d500_extension,raw,15,right,0.2491094339214491,493
D500_F02_V01,500,2,d500_extension,raw,16,bg,0.3316547193442469,493
D500_F02_V01,500,2,d500_extension,raw,16,left,0.31575902869260186,493
D500_F02_V01,500,2,d500_extension,raw,16,right,0.2072174259120127,493
D500_F02_V01,500,2,d500_extension,raw,17,bg,0.25422499369568347,493
D500_F02_V01,500,2,d500_extension,raw,17,left,0.20668974610679658,493
D500_F02_V01,500,2,d500_extension,raw,17,right,0.20149627118956398,493
D500_F02_V01,500,2,d500_extension,raw,18,bg,0.23712532380351681,493
D500_F02_V01,500,2,d500_extension,raw,18,left,0.23043683956150399,493
D500_F02_V01,500,2,d500_extension,raw,18,right,0.13887873499457498,493
D500_F02_V01,500,2,d500_extension,raw,19,bg,0.25904651894569786,493
D500_F02_V01,500,2,d500_extension,raw,19,left,0.209602750945347,493
D500_F02_V01,500,2,d500_extension,raw,19,right,0.18264180806395688,493
D500_F02_V01,500,2,d500_extension,raw,20,bg,0.37224900958636681,493
D500_F02_V01,500,2,d500_extension,raw,20,left,0.26425731946670789,493
D500_F02_V01,500,2,d500_extension,raw,20,right,0.29062368367974195,493
D500_F02_V01,500,2,d500_extension,detrended_51,1,bg,0.010840552419016413,493
D500_F02_V01,500,2,d500_extension,detrended_51,1,left,0.042695959569074828,493
D500_F02_V01,500,2,d500_extension,detrended_51,1,right,-0.03490766596370605,493
D500_F02_V01,500,2,d500_extension,detrended_51,2,bg,0.0011778432964171096,493
D500_F02_V01,500,2,d500_extension,detrended_51,2,left,-0.00010485509904113646,493
D500_F02_V01,500,2,d500_extension,detrended_51,2,right,0.010150424640796385,493
D500_F02_V01,500,2,d500_extension,detrended_51,3,bg,-0.014182786268847773,493
D500_F02_V01,500,2,d500_extension,detrended_51,3,left,-0.034217686659355588,493
D500_F02_V01,500,2,d500_extension,detrended_51,3,right,0.024715458488311189,493
D500_F02_V01,500,2,d500_extension,detrended_51,4,bg,-0.056201851803252052,493
D500_F02_V01,500,2,d500_extension,detrended_51,4,left,-0.021153687842020007,493
D500_F02_V01,500,2,d500_extension,detrended_51,4,right,-0.024924983690800387,493
D500_F02_V01,500,2,d500_extension,detrended_51,5,bg,-0.0050105766573997363,493
D500_F02_V01,500,2,d500_extension,detrended_51,5,left,0.017047029039369391,493
D500_F02_V01,500,2,d500_extension,detrended_51,5,right,-0.038075535558854151,493
D500_F02_V01,500,2,d500_extension,detrended_51,6,bg,0.034962208391092542,493
D500_F02_V01,500,2,d500_extension,detrended_51,6,left,0.090697933057121427,493
D500_F02_V01,500,2,d500_extension,detrended_51,6,right,-0.021377115921820226,493
D500_F02_V01,500,2,d500_extension,detrended_51,7,bg,-0.0025666490255595678,493
D500_F02_V01,500,2,d500_extension,detrended_51,7,left,0.010082482660983235,493
D500_F02_V01,500,2,d500_extension,detrended_51,7,right,-0.015622294437867492,493
D500_F02_V01,500,2,d500_extension,detrended_51,8,bg,0.020761453941788952,493
D500_F02_V01,500,2,d500_extension,detrended_51,8,left,0.065741017817148042,493
D500_F02_V01,500,2,d500_extension,detrended_51,8,right,-0.026397582436316867,493
D500_F02_V01,500,2,d500_extension,detrended_51,9,bg,0.045363685887154961,493
D500_F02_V01,500,2,d500_extension,detrended_51,9,left,0.00026334104169648952,493
D500_F02_V01,500,2,d500_extension,detrended_51,9,right,0.060277674249675721,493
D500_F02_V01,500,2,d500_extension,detrended_51,10,bg,-0.0070606802788452105,493
D500_F02_V01,500,2,d500_extension,detrended_51,10,left,0.035645382791730199,493
D500_F02_V01,500,2,d500_extension,detrended_51,10,right,-0.016216957584028188,493
D500_F02_V01,500,2,d500_extension,detrended_51,11,bg,-0.086677941466606123,493
D500_F02_V01,500,2,d500_extension,detrended_51,11,left,-0.070150705296775917,493
D500_F02_V01,500,2,d500_extension,detrended_51,11,right,-0.035921818993735984,493
D500_F02_V01,500,2,d500_extension,detrended_51,12,bg,0.022456015709985053,493
D500_F02_V01,500,2,d500_extension,detrended_51,12,left,-0.0091766647420928795,493
D500_F02_V01,500,2,d500_extension,detrended_51,12,right,0.038439580655551607,493
D500_F02_V01,500,2,d500_extension,detrended_51,13,bg,-0.043931244431289818,493
D500_F02_V01,500,2,d500_extension,detrended_51,13,left,0.019317606929778009,493
D500_F02_V01,500,2,d500_extension,detrended_51,13,right,-0.060845901600472659,493
D500_F02_V01,500,2,d500_extension,detrended_51,14,bg,0.06172217350573702,493
D500_F02_V01,500,2,d500_extension,detrended_51,14,left,0.016260251757895135,493
D500_F02_V01,500,2,d500_extension,detrended_51,14,right,0.072646010535633757,493
D500_F02_V01,500,2,d500_extension,detrended_51,15,bg,-0.029290366492205285,493
D500_F02_V01,500,2,d500_extension,detrended_51,15,left,-0.092390004045764307,493
D500_F02_V01,500,2,d500_extension,detrended_51,15,right,0.057939078587637034,493
D500_F02_V01,500,2,d500_extension,detrended_51,16,bg,0.034890883866380472,493
D500_F02_V01,500,2,d500_extension,detrended_51,16,left,0.075841869488097638,493
D500_F02_V01,500,2,d500_extension,detrended_51,16,right,-0.015920096767449141,493
D500_F02_V01,500,2,d500_extension,detrended_51,17,bg,-0.015524761256952931,493
D500_F02_V01,500,2,d500_extension,detrended_51,17,left,0.0038610111111105497,493
D500_F02_V01,500,2,d500_extension,detrended_51,17,right,-0.01928576800821092,493
D500_F02_V01,500,2,d500_extension,detrended_51,18,bg,-0.0093422140792681629,493
D500_F02_V01,500,2,d500_extension,detrended_51,18,left,0.036568719175675217,493
D500_F02_V01,500,2,d500_extension,detrended_51,18,right,-0.035384268717773171,493
D500_F02_V01,500,2,d500_extension,detrended_51,19,bg,-0.061942612231670219,493
D500_F02_V01,500,2,d500_extension,detrended_51,19,left,-0.03165086226667202,493
D500_F02_V01,500,2,d500_extension,detrended_51,19,right,-0.058034664066227613,493
D500_F02_V01,500,2,d500_extension,detrended_51,20,bg,0.080614673440088269,493
D500_F02_V01,500,2,d500_extension,detrended_51,20,left,0.034653138500195316,493
D500_F02_V01,500,2,d500_extension,detrended_51,20,right,0.057623022650259134,493
D500_F03_V01,500,3,common_grid,raw,1,bg,0.35361622514386293,490
D500_F03_V01,500,3,common_grid,raw,1,left,0.27172837123054094,490
D500_F03_V01,500,3,common_grid,raw,1,right,0.30179749832785807,490
D500_F03_V01,500,3,common_grid,raw,2,bg,0.30481115315442581,490
D500_F03_V01,500,3,common_grid,raw,2,left,0.23441294751629241,490
D500_F03_V01,500,3,common_grid,raw,2,right,0.27834982355492655,490
D500_F03_V01,500,3,common_grid,raw,3,bg,0.24781507220108445,490
D500_F03_V01,500,3,common_grid,raw,3,left,0.20656372103650109,490
D500_F03_V01,500,3,common_grid,raw,3,right,0.20262942556603572,490
D500_F03_V01,500,3,common_grid,raw,4,bg,0.20873313227681339,490
D500_F03_V01,500,3,common_grid,raw,4,left,0.17239047056354562,490
D500_F03_V01,500,3,common_grid,raw,4,right,0.1708191799454154,490
D500_F03_V01,500,3,common_grid,raw,5,bg,0.26666821364758475,490
D500_F03_V01,500,3,common_grid,raw,5,left,0.22538075492838802,490
D500_F03_V01,500,3,common_grid,raw,5,right,0.22113679127767963,490
D500_F03_V01,500,3,common_grid,raw,6,bg,0.26720156506869491,490
D500_F03_V01,500,3,common_grid,raw,6,left,0.2236376984289899,490
D500_F03_V01,500,3,common_grid,raw,6,right,0.20683891364200024,490
D500_F03_V01,500,3,common_grid,raw,7,bg,0.40866800608014514,490
D500_F03_V01,500,3,common_grid,raw,7,left,0.35163836754073641,490
D500_F03_V01,500,3,common_grid,raw,7,right,0.30723668323551229,490
D500_F03_V01,500,3,common_grid,raw,8,bg,0.31740983374970072,490
D500_F03_V01,500,3,common_grid,raw,8,left,0.2404281193191482,490
D500_F03_V01,500,3,common_grid,raw,8,right,0.27962674580409053,490
D500_F03_V01,500,3,common_grid,raw,9,bg,0.28916923809744816,490
D500_F03_V01,500,3,common_grid,raw,9,left,0.19915891837474184,490
D500_F03_V01,500,3,common_grid,raw,9,right,0.26114834773513079,490
D500_F03_V01,500,3,common_grid,raw,10,bg,0.32338808200800845,490
D500_F03_V01,500,3,common_grid,raw,10,left,0.32121520281047339,490
D500_F03_V01,500,3,common_grid,raw,10,right,0.2065491352164171,490
D500_F03_V01,500,3,common_grid,raw,11,bg,0.25686695054616515,490
D500_F03_V01,500,3,common_grid,raw,11,left,0.20362748325499405,490
D500_F03_V01,500,3,common_grid,raw,11,right,0.20689246298146918,490
D500_F03_V01,500,3,common_grid,raw,12,bg,0.35466630219116257,490
D500_F03_V01,500,3,common_grid,raw,12,left,0.2646035551151476,490
D500_F03_V01,500,3,common_grid,raw,12,right,0.30349394140223285,490
D500_F03_V01,500,3,common_grid,raw,13,bg,0.25868283414724086,490
D500_F03_V01,500,3,common_grid,raw,13,left,0.27531454499508751,490
D500_F03_V01,500,3,common_grid,raw,13,right,0.14111265837535891,490
D500_F03_V01,500,3,common_grid,raw,14,bg,0.41915980066385877,490
D500_F03_V01,500,3,common_grid,raw,14,left,0.29319543443431623,490
D500_F03_V01,500,3,common_grid,raw,14,right,0.37706410391427819,490
D500_F03_V01,500,3,common_grid,raw,15,bg,0.31335895371730593,490
D500_F03_V01,500,3,common_grid,raw,15,left,0.26773450849483776,490
D500_F03_V01,500,3,common_grid,raw,15,right,0.23158136044391894,490
D500_F03_V01,500,3,common_grid,raw,16,bg,0.39063105856589253,490
D500_F03_V01,500,3,common_grid,raw,16,left,0.3486581683014941,490
D500_F03_V01,500,3,common_grid,raw,16,right,0.2970422149842783,490
D500_F03_V01,500,3,common_grid,raw,17,bg,0.22299663633649083,490
D500_F03_V01,500,3,common_grid,raw,17,left,0.12586660043548367,490
D500_F03_V01,500,3,common_grid,raw,17,right,0.20347744310573929,490
D500_F03_V01,500,3,common_grid,raw,18,bg,0.27684799407999311,490
D500_F03_V01,500,3,common_grid,raw,18,left,0.20740623064414498,490
D500_F03_V01,500,3,common_grid,raw,18,right,0.21698166853111872,490
D500_F03_V01,500,3,common_grid,raw,19,bg,0.29681618577234858,490
D500_F03_V01,500,3,common_grid,raw,19,left,0.18254189534572091,490
D500_F03_V01,500,3,common_grid,raw,19,right,0.26877846561762669,490
D500_F03_V01,500,3,common_grid,raw,20,bg,0.32260228370083055,490
D500_F03_V01,500,3,common_grid,raw,20,left,0.24287996507563081,490
D500_F03_V01,500,3,common_grid,raw,20,right,0.25463124012365307,490
D500_F03_V01,500,3,common_grid,detrended_51,1,bg,0.083497818821467631,490
D500_F03_V01,500,3,common_grid,detrended_51,1,left,0.019491600367822694,490
D500_F03_V01,500,3,common_grid,detrended_51,1,right,0.074646698525564534,490
D500_F03_V01,500,3,common_grid,detrended_51,2,bg,-0.0047210732837508476,490
D500_F03_V01,500,3,common_grid,detrended_51,2,left,-0.0090144412062582932,490
D500_F03_V01,500,3,common_grid,detrended_51,2,right,9.5090533634089539e-05,490
D500_F03_V01,500,3,common_grid,detrended_51,3,bg,-0.051234910326302667,490
D500_F03_V01,500,3,common_grid,detrended_51,3,left,-0.03321506383193637,490
D500_F03_V01,500,3,common_grid,detrended_51,3,right,-0.027831190226354025,490
D500_F03_V01,500,3,common_grid,detrended_51,4,bg,-0.03208691120984556,490
D500_F03_V01,500,3,common_grid,detrended_51,4,left,-0.021017516526603951,490
D500_F03_V01,500,3,common_grid,detrended_51,4,right,-0.024933464606520569,490
D500_F03_V01,500,3,common_grid,detrended_51,5,bg,0.015002091245506031,490
D500_F03_V01,500,3,common_grid,detrended_51,5,left,0.019674934468371836,490
D500_F03_V01,500,3,common_grid,detrended_51,5,right,0.00173853103232272,490
D500_F03_V01,500,3,common_grid,detrended_51,6,bg,-0.018452913550125332,490
D500_F03_V01,500,3,common_grid,detrended_51,6,left,-0.023652745320196178,490
D500_F03_V01,500,3,common_grid,detrended_51,6,right,-0.018973492934198522,490
D500_F03_V01,500,3,common_grid,detrended_51,7,bg,0.079178865295204695,490
D500_F03_V01,500,3,common_grid,detrended_51,7,left,0.087990110141465461,490
D500_F03_V01,500,3,common_grid,detrended_51,7,right,0.0071732686960446213,490
D500_F03_V01,500,3,common_grid,detrended_51,8,bg,-0.043951618188662764,490
D500_F03_V01,500,3,common_grid,detrended_51,8,left,-0.012907224846266144,490
D500_F03_V01,500,3,common_grid,detrended_51,8,right,-0.027330689594057059,490
D500_F03_V01,500,3,common_grid,detrended_51,9,bg,-0.08138321477346698,490
D500_F03_V01,500,3,common_grid,detrended_51,9,left,-0.10740452291252733,490
D500_F03_V01,500,3,common_grid,detrended_51,9,right,0.0020145319042520755,490
D500_F03_V01,500,3,common_grid,detrended_51,10,bg,-0.020084282187562384,490
D500_F03_V01,500,3,common_grid,detrended_51,10,left,0.041702909387324801,490
D500_F03_V01,500,3,common_grid,detrended_51,10,right,-0.066271057510789169,490
D500_F03_V01,500,3,common_grid,detrended_51,11,bg,-0.012545757511116945,490
D500_F03_V01,500,3,common_grid,detrended_51,11,left,0.00040753742793454752,490
D500_F03_V01,500,3,common_grid,detrended_51,11,right,-0.017971715979898106,490
D500_F03_V01,500,3,common_grid,detrended_51,12,bg,0.030561936197210093,490
D500_F03_V01,500,3,common_grid,detrended_51,12,left,0.005038379315885029,490
D500_F03_V01,500,3,common_grid,detrended_51,12,right,0.042286774699916249,490
D500_F03_V01,500,3,common_grid,detrended_51,13,bg,-0.1154430574775101,490
D500_F03_V01,500,3,common_grid,detrended_51,13,left,-0.011412982374976842,490
D500_F03_V01,500,3,common_grid,detrended_51,13,right,-0.13222098916294142,490
D500_F03_V01,500,3,common_grid,detrended_51,14,bg,0.038497736529143671,490
D500_F03_V01,500,3,common_grid,detrended_51,14,left,-0.086009738756782389,490
D500_F03_V01,500,3,common_grid,detrended_51,14,right,0.13484009906754685,490
D500_F03_V01,500,3,common_grid,detrended_51,15,bg,-0.058222003874056447,490
D500_F03_V01,500,3,common_grid,detrended_51,15,left,-0.037758292775177546,490
D500_F03_V01,500,3,common_grid,detrended_51,15,right,-0.040273823669908199,490
D500_F03_V01,500,3,common_grid,detrended_51,16,bg,0.0071275916010891689,490
D500_F03_V01,500,3,common_grid,detrended_51,16,left,0.023182612556089929,490
D500_F03_V01,500,3,common_grid,detrended_51,16,right,-0.013839957986584692,490
D500_F03_V01,500,3,common_grid,detrended_51,17,bg,-0.063327769153278063,490
D500_F03_V01,500,3,common_grid,detrended_51,17,left,-0.045075955384329798,490
D500_F03_V01,500,3,common_grid,detrended_51,17,right,-0.05173461134769676,490
D500_F03_V01,500,3,common_grid,detrended_51,18,bg,-0.026275927893806072,490
D500_F03_V01,500,3,common_grid,detrended_51,18,left,-0.025222571867231203,490
D500_F03_V01,500,3,common_grid,detrended_51,18,right,0.0046910990599240724,490
D500_F03_V01,500,3,common_grid,detrended_51,19,bg,-0.002642088905722666,490
D500_F03_V01,500,3,common_grid,detrended_51,19,left,-0.032969932648885196,490
D500_F03_V01,500,3,common_grid,detrended_51,19,right,0.035225043933576096,490
D500_F03_V01,500,3,common_grid,detrended_51,20,bg,-0.074725839980614897,490
D500_F03_V01,500,3,common_grid,detrended_51,20,left,-0.037583562043669548,490
D500_F03_V01,500,3,common_grid,detrended_51,20,right,-0.076714742114825388,490
D500_F05_V01,500,5,common_grid,raw,1,bg,-0.00046800241638547419,471
D500_F05_V01,500,5,common_grid,raw,1,left,-0.002055880062752518,471
D500_F05_V01,500,5,common_grid,raw,1,right,-0.0022909723195233119,471
D500_F05_V01,500,5,common_grid,raw,2,bg,0.10949407503198495,471
D500_F05_V01,500,5,common_grid,raw,2,left,0.072634893800776854,471
D500_F05_V01,500,5,common_grid,raw,2,right,0.078105181676815336,471
D500_F05_V01,500,5,common_grid,raw,3,bg,0.24397557429351732,471
D500_F05_V01,500,5,common_grid,raw,3,left,0.20748861289826145,471
D500_F05_V01,500,5,common_grid,raw,3,right,0.1945055942080251,471
D500_F05_V01,500,5,common_grid,raw,4,bg,0.24565877513144266,471
D500_F05_V01,500,5,common_grid,raw,4,left,0.19773394952694429,471
D500_F05_V01,500,5,common_grid,raw,4,right,0.18521089394778126,471
D500_F05_V01,500,5,common_grid,raw,5,bg,0.16344298180130976,471
D500_F05_V01,500,5,common_grid,raw,5,left,0.11908657413043428,471
D500_F05_V01,500,5,common_grid,raw,5,right,0.16276584259958982,471
D500_F05_V01,500,5,common_grid,raw,6,bg,0.20912759755696997,471
D500_F05_V01,500,5,common_grid,raw,6,left,0.17525616672141053,471
D500_F05_V01,500,5,common_grid,raw,6,right,0.16422451712486882,471
D500_F05_V01,500,5,common_grid,raw,7,bg,0.15360149393262146,471
D500_F05_V01,500,5,common_grid,raw,7,left,0.10976316206550427,471
D500_F05_V01,500,5,common_grid,raw,7,right,0.12357882309164121,471
D500_F05_V01,500,5,common_grid,raw,8,bg,0.19799924660224497,471
D500_F05_V01,500,5,common_grid,raw,8,left,0.12328332119781059,471
D500_F05_V01,500,5,common_grid,raw,8,right,0.17537928293990507,471
D500_F05_V01,500,5,common_grid,raw,9,bg,0.20298545345127378,471
D500_F05_V01,500,5,common_grid,raw,9,left,0.16289033698470923,471
D500_F05_V01,500,5,common_grid,raw,9,right,0.16612765038669061,471
D500_F05_V01,500,5,common_grid,raw,10,bg,0.20034144078132862,471
D500_F05_V01,500,5,common_grid,raw,10,left,0.18602849129802623,471
D500_F05_V01,500,5,common_grid,raw,10,right,0.10847687321556138,471
D500_F05_V01,500,5,common_grid,raw,11,bg,0.24575226076750095,471
D500_F05_V01,500,5,common_grid,raw,11,left,0.27152236879279501,471
D500_F05_V01,500,5,common_grid,raw,11,right,0.11739188857063448,471
D500_F05_V01,500,5,common_grid,raw,12,bg,0.21613660846975266,471
D500_F05_V01,500,5,common_grid,raw,12,left,0.14223851011000066,471
D500_F05_V01,500,5,common_grid,raw,12,right,0.16767200093715334,471
D500_F05_V01,500,5,common_grid,raw,13,bg,0.26645565404342603,471
D500_F05_V01,500,5,common_grid,raw,13,left,0.1822187793578203,471
D500_F05_V01,500,5,common_grid,raw,13,right,0.24529206796199013,471
D500_F05_V01,500,5,common_grid,raw,14,bg,0.19049076513514074,471
D500_F05_V01,500,5,common_grid,raw,14,left,0.12064229455555274,471
D500_F05_V01,500,5,common_grid,raw,14,right,0.17733168565856844,471
D500_F05_V01,500,5,common_grid,raw,15,bg,0.27050022854596528,471
D500_F05_V01,500,5,common_grid,raw,15,left,0.26739074009844699,471
D500_F05_V01,500,5,common_grid,raw,15,right,0.16370919765436043,471
D500_F05_V01,500,5,common_grid,raw,16,bg,0.26878429625069772,471
D500_F05_V01,500,5,common_grid,raw,16,left,0.22764808974621062,471
D500_F05_V01,500,5,common_grid,raw,16,right,0.21037104839432103,471
D500_F05_V01,500,5,common_grid,raw,17,bg,0.22150881682098311,471
D500_F05_V01,500,5,common_grid,raw,17,left,0.2238237922092241,471
D500_F05_V01,500,5,common_grid,raw,17,right,0.12568569531951646,471
D500_F05_V01,500,5,common_grid,raw,18,bg,0.40160602350692881,471
D500_F05_V01,500,5,common_grid,raw,18,left,0.32509296882357402,471
D500_F05_V01,500,5,common_grid,raw,18,right,0.33352424769329353,471
D500_F05_V01,500,5,common_grid,raw,19,bg,0.29780699235806601,471
D500_F05_V01,500,5,common_grid,raw,19,left,0.17814790484218845,471
D500_F05_V01,500,5,common_grid,raw,19,right,0.26274953429452808,471
D500_F05_V01,500,5,common_grid,raw,20,bg,-0.083401131474799092,471
D500_F05_V01,500,5,common_grid,raw,20,left,-0.065130431986328605,471
D500_F05_V01,500,5,common_grid,raw,20,right,-0.048657321165653342,471
D500_F05_V01,500,5,common_grid,detrended_51,1,bg,-0.049763428071211514,471
D500_F05_V01,500,5,common_grid,detrended_51,1,left,-0.05923201416901263,471
D500_F05_V01,500,5,common_grid,detrended_51,1,right,-0.036984627562154315,471
D500_F05_V01,500,5,common_grid,detrended_51,2,bg,0.00066002810316356667,471
D500_F05_V01,500,5,common_grid,detrended_51,2,left,0.019255461462202719,471
D500_F05_V01,500,5,common_grid,detrended_51,2,right,-0.033575684400691704,471
D500_F05_V01,500,5,common_grid,detrended_51,3,bg,0.074080141874329292,471
D500_F05_V01,500,5,common_grid,detrended_51,3,left,0.057122038491626767,471
D500_F05_V01,500,5,common_grid,detrended_51,3,right,0.041923651149635574,471
D500_F05_V01,500,5,common_grid,detrended_51,4,bg,0.045149509140349049,471
D500_F05_V01,500,5,common_grid,detrended_51,4,left,0.045433397820493167,471
D500_F05_V01,500,5,common_grid,detrended_51,4,right,0.016668351104423572,471
D500_F05_V01,500,5,common_grid,detrended_51,5,bg,-0.0017478139405663594,471
D500_F05_V01,500,5,common_grid,detrended_51,5,left,-0.035261931358260876,471
D500_F05_V01,500,5,common_grid,detrended_51,5,right,0.037575613492881119,471
D500_F05_V01,500,5,common_grid,detrended_51,6,bg,0.031570719391780855,471
D500_F05_V01,500,5,common_grid,detrended_51,6,left,0.057954088542348056,471
D500_F05_V01,500,5,common_grid,detrended_51,6,right,-8.8433059218535198e-06,471
D500_F05_V01,500,5,common_grid,detrended_51,7,bg,0.025009442778340944,471
D500_F05_V01,500,5,common_grid,detrended_51,7,left,0.0083045483421777255,471
D500_F05_V01,500,5,common_grid,detrended_51,7,right,0.017164543790881386,471
D500_F05_V01,500,5,common_grid,detrended_51,8,bg,0.013386963726207126,471
D500_F05_V01,500,5,common_grid,detrended_51,8,left,-0.040180108540201445,471
D500_F05_V01,500,5,common_grid,detrended_51,8,right,0.050965866974187125,471
D500_F05_V01,500,5,common_grid,detrended_51,9,bg,0.015017080721271246,471
D500_F05_V01,500,5,common_grid,detrended_51,9,left,0.020726158913593581,471
D500_F05_V01,500,5,common_grid,detrended_51,9,right,0.014556754208998601,471
D500_F05_V01,500,5,common_grid,detrended_51,10,bg,-0.03583145107211845,471
D500_F05_V01,500,5,common_grid,detrended_51,10,left,-0.012099812354821712,471
D500_F05_V01,500,5,common_grid,detrended_51,10,right,-0.043929937455165137,471
D500_F05_V01,500,5,common_grid,detrended_51,11,bg,-0.0033948703227674602,471
D500_F05_V01,500,5,common_grid,detrended_51,11,left,0.10679463462727976,471
D500_F05_V01,500,5,common_grid,detrended_51,11,right,-0.081582473670214137,471
D500_F05_V01,500,5,common_grid,detrended_51,12,bg,0.00060404421932611562,471
D500_F05_V01,500,5,common_grid,detrended_51,12,left,-0.05238374974232745,471
D500_F05_V01,500,5,common_grid,detrended_51,12,right,0.0052725463979259391,471
D500_F05_V01,500,5,common_grid,detrended_51,13,bg,-0.011162333176569863,471
D500_F05_V01,500,5,common_grid,detrended_51,13,left,-0.051765366601638385,471
D500_F05_V01,500,5,common_grid,detrended_51,13,right,0.032109469561639563,471
D500_F05_V01,500,5,common_grid,detrended_51,14,bg,0.033587442238965863,471
D500_F05_V01,500,5,common_grid,detrended_51,14,left,0.0067605475280034955,471
D500_F05_V01,500,5,common_grid,detrended_51,14,right,0.061780598499550962,471
D500_F05_V01,500,5,common_grid,detrended_51,15,bg,-0.00015251756191516134,471
D500_F05_V01,500,5,common_grid,detrended_51,15,left,0.077107372980752195,471
D500_F05_V01,500,5,common_grid,detrended_51,15,right,-0.061848913620463498,471
D500_F05_V01,500,5,common_grid,detrended_51,16,bg,-0.0090388092890920368,471
D500_F05_V01,500,5,common_grid,detrended_51,16,left,-0.00092459279891712442,471
D500_F05_V01,500,5,common_grid,detrended_51,16,right,-0.014650367642517021,471
D500_F05_V01,500,5,common_grid,detrended_51,17,bg,0.031398239796744845,471
D500_F05_V01,500,5,common_grid,detrended_51,17,left,0.0093106133343133762,471
D500_F05_V01,500,5,common_grid,detrended_51,17,right,0.04413258703089467,471
D500_F05_V01,500,5,common_grid,detrended_51,18,bg,0.078739684524932199,471
D500_F05_V01,500,5,common_grid,detrended_51,18,left,0.05085012637860397,471
D500_F05_V01,500,5,common_grid,detrended_51,18,right,0.075533977339426739,471
D500_F05_V01,500,5,common_grid,detrended_51,19,bg,0.023305810581110881,471
D500_F05_V01,500,5,common_grid,detrended_51,19,left,0.00082628086527753103,471
D500_F05_V01,500,5,common_grid,detrended_51,19,right,0.039890167896300843,471
D500_F05_V01,500,5,common_grid,detrended_51,20,bg,-0.096924370288360345,471
D500_F05_V01,500,5,common_grid,detrended_51,20,left,-0.07098196899593083,471
D500_F05_V01,500,5,common_grid,detrended_51,20,right,-0.073328311417906439,471
D500_F07_V01,500,7,common_grid,raw,1,bg,0.27421005506489315,477
D500_F07_V01,500,7,common_grid,raw,1,left,0.25628405621346984,477
D500_F07_V01,500,7,common_grid,raw,1,right,0.19948181372493731,477
D500_F07_V01,500,7,common_grid,raw,2,bg,0.24869546776632812,477
D500_F07_V01,500,7,common_grid,raw,2,left,0.23602707049504887,477
D500_F07_V01,500,7,common_grid,raw,2,right,0.16352610358108663,477
D500_F07_V01,500,7,common_grid,raw,3,bg,0.21365326741733245,477
D500_F07_V01,500,7,common_grid,raw,3,left,0.156151684641647,477
D500_F07_V01,500,7,common_grid,raw,3,right,0.17640236800491099,477
D500_F07_V01,500,7,common_grid,raw,4,bg,0.28043136414587938,477
D500_F07_V01,500,7,common_grid,raw,4,left,0.25444155715495315,477
D500_F07_V01,500,7,common_grid,raw,4,right,0.2047938145811731,477
D500_F07_V01,500,7,common_grid,raw,5,bg,0.27211899996439726,477
D500_F07_V01,500,7,common_grid,raw,5,left,0.21682910157826452,477
D500_F07_V01,500,7,common_grid,raw,5,right,0.21492059364205143,477
D500_F07_V01,500,7,common_grid,raw,6,bg,0.13138796214783374,477
D500_F07_V01,500,7,common_grid,raw,6,left,0.078135272424277216,477
D500_F07_V01,500,7,common_grid,raw,6,right,0.12838859393129634,477
D500_F07_V01,500,7,common_grid,raw,7,bg,0.16182822698827695,477
D500_F07_V01,500,7,common_grid,raw,7,left,0.11976089085669789,477
D500_F07_V01,500,7,common_grid,raw,7,right,0.13421097498761089,477
D500_F07_V01,500,7,common_grid,raw,8,bg,0.23958248334464438,477
D500_F07_V01,500,7,common_grid,raw,8,left,0.17417221882042469,477
D500_F07_V01,500,7,common_grid,raw,8,right,0.20007335056861622,477
D500_F07_V01,500,7,common_grid,raw,9,bg,0.19615881404270874,477
D500_F07_V01,500,7,common_grid,raw,9,left,0.22804674091946717,477
D500_F07_V01,500,7,common_grid,raw,9,right,0.083372197856801222,477
D500_F07_V01,500,7,common_grid,raw,10,bg,0.20665422559645158,477
D500_F07_V01,500,7,common_grid,raw,10,left,0.11129959207176987,477
D500_F07_V01,500,7,common_grid,raw,10,right,0.19688358488575819,477
D500_F07_V01,500,7,common_grid,raw,11,bg,0.2264478223593851,477
D500_F07_V01,500,7,common_grid,raw,11,left,0.167359815166297,477
D500_F07_V01,500,7,common_grid,raw,11,right,0.19779753695115052,477
D500_F07_V01,500,7,common_grid,raw,12,bg,0.249710368081866,477
D500_F07_V01,500,7,common_grid,raw,12,left,0.24995273233632287,477
D500_F07_V01,500,7,common_grid,raw,12,right,0.1389249155097422,477
D500_F07_V01,500,7,common_grid,raw,13,bg,0.28740729733118481,477
D500_F07_V01,500,7,common_grid,raw,13,left,0.22032978344886539,477
D500_F07_V01,500,7,common_grid,raw,13,right,0.20453519688446944,477
D500_F07_V01,500,7,common_grid,raw,14,bg,0.1899413748289242,477
D500_F07_V01,500,7,common_grid,raw,14,left,0.092708971170373883,477
D500_F07_V01,500,7,common_grid,raw,14,right,0.2096648717116909,477
D500_F07_V01,500,7,common_grid,raw,15,bg,0.27040232687375093,477
D500_F07_V01,500,7,common_grid,raw,15,left,0.22025680881020598,477
D500_F07_V01,500,7,common_grid,raw,15,right,0.17898356942840282,477
D500_F07_V01,500,7,common_grid,raw,16,bg,0.28735101840530958,477
D500_F07_V01,500,7,common_grid,raw,16,left,0.20220608966725545,477
D500_F07_V01,500,7,common_grid,raw,16,right,0.24797279770833094,477
D500_F07_V01,500,7,common_grid,raw,17,bg,0.2399239161994631,477
D500_F07_V01,500,7,common_grid,raw,17,left,0.24653276483878461,477
D500_F07_V01,500,7,common_grid,raw,17,right,0.14532490188780969,477
D500_F07_V01,500,7,common_grid,raw,18,bg,0.3964299701091456,477
D500_F07_V01,500,7,common_grid,raw,18,left,0.35742823220706932,477
D500_F07_V01,500,7,common_grid,raw,18,right,0.31368822890330839,477
D500_F07_V01,500,7,common_grid,raw,19,bg,0.023426959794733394,477
D500_F07_V01,500,7,common_grid,raw,19,left,-0.021720569494080102,477
D500_F07_V01,500,7,common_grid,raw,19,right,0.033324200446737465,477
D500_F07_V01,500,7,common_grid,raw,20,bg,0.050427686666361479,477
D500_F07_V01,500,7,common_grid,raw,20,left,0.05388955929731172,477
D500_F07_V01,500,7,common_grid,raw,20,right,0.018958037150282856,477
D500_F07_V01,500,7,common_grid,detrended_51,1,bg,0.096086847912917966,477
D500_F07_V01,500,7,common_grid,detrended_51,1,left,0.11039469220774151,477
D500_F07_V01,500,7,common_grid,detrended_51,1,right,0.033172220381424734,477
D500_F07_V01,500,7,common_grid,detrended_51,2,bg,0.025370757978659952,477
D500_F07_V01,500,7,common_grid,detrended_51,2,left,0.056415312362907033,477
D500_F07_V01,500,7,common_grid,detrended_51,2,right,-0.0095204195555331703,477
D500_F07_V01,500,7,common_grid,detrended_51,3,bg,0.00033153985585959446,477
D500_F07_V01,500,7,common_grid,detrended_51,3,left,-0.016409958953880938,477
D500_F07_V01,500,7,common_grid,detrended_51,3,right,0.0053591300737724024,477
D500_F07_V01,500,7,common_grid,detrended_51,4,bg,-0.033657305126841043,477
D500_F07_V01,500,7,common_grid,detrended_51,4,left,0.028339379513981786,477
D500_F07_V01,500,7,common_grid,detrended_51,4,right,-0.058016762636904105,477
D500_F07_V01,500,7,common_grid,detrended_51,5,bg,-0.012042605739882674,477
D500_F07_V01,500,7,common_grid,detrended_51,5,left,-0.029255176601545071,477
D500_F07_V01,500,7,common_grid,detrended_51,5,right,0.0034457974224650391,477
D500_F07_V01,500,7,common_grid,detrended_51,6,bg,-0.027044150224971239,477
D500_F07_V01,500,7,common_grid,detrended_51,6,left,-0.027743462381450926,477
D500_F07_V01,500,7,common_grid,detrended_51,6,right,0.0090826498748558943,477
D500_F07_V01,500,7,common_grid,detrended_51,7,bg,0.079890734653124532,477
D500_F07_V01,500,7,common_grid,detrended_51,7,left,0.039639513931142616,477
D500_F07_V01,500,7,common_grid,detrended_51,7,right,0.061499094255356677,477
D500_F07_V01,500,7,common_grid,detrended_51,8,bg,0.020243742466291809,477
D500_F07_V01,500,7,common_grid,detrended_51,8,left,-0.004043430081846054,477
D500_F07_V01,500,7,common_grid,detrended_51,8,right,0.018572400958523697,477
D500_F07_V01,500,7,common_grid,detrended_51,9,bg,-0.067225014810632866,477
D500_F07_V01,500,7,common_grid,detrended_51,9,left,0.0093872544304192205,477
D500_F07_V01,500,7,common_grid,detrended_51,9,right,-0.12030899963812605,477
D500_F07_V01,500,7,common_grid,detrended_51,10,bg,-0.0063611024407200529,477
D500_F07_V01,500,7,common_grid,detrended_51,10,left,-0.042252368727251514,477
D500_F07_V01,500,7,common_grid,detrended_51,10,right,0.038412314372665055,477
D500_F07_V01,500,7,common_grid,detrended_51,11,bg,0.0146490874374117,477
D500_F07_V01,500,7,common_grid,detrended_51,11,left,0.013016331074165858,477
D500_F07_V01,500,7,common_grid,detrended_51,11,right,0.023795018958565027,477
D500_F07_V01,500,7,common_grid,detrended_51,12,bg,-0.001164618678886383,477
D500_F07_V01,500,7,common_grid,detrended_51,12,left,0.036213753843175059,477
D500_F07_V01,500,7,common_grid,detrended_51,12,right,-0.046199129979512331,477
D500_F07_V01,500,7,common_grid,detrended_51,13,bg,0.078166158045176723,477
D500_F07_V01,500,7,common_grid,detrended_51,13,left,0.034587575422772091,477
D500_F07_V01,500,7,common_grid,detrended_51,13,right,0.066793215373649531,477
D500_F07_V01,500,7,common_grid,detrended_51,14,bg,0.03446040672134669,477
D500_F07_V01,500,7,common_grid,detrended_51,14,left,-0.060625853984176928,477
D500_F07_V01,500,7,common_grid,detrended_51,14,right,0.096180878947731696,477
D500_F07_V01,500,7,common_grid,detrended_51,15,bg,0.014441791169685367,477
D500_F07_V01,500,7,common_grid,detrended_51,15,left,0.011799555987360133,477
D500_F07_V01,500,7,common_grid,detrended_51,15,right,-0.0089331590332766119,477
D500_F07_V01,500,7,common_grid,detrended_51,16,bg,0.1139817136012284,477
D500_F07_V01,500,7,common_grid,detrended_51,16,left,0.030089409773896542,477
D500_F07_V01,500,7,common_grid,detrended_51,16,right,0.13536154364688963,477
D500_F07_V01,500,7,common_grid,detrended_51,17,bg,0.082962147134493208,477
D500_F07_V01,500,7,common_grid,detrended_51,17,left,0.15286632725397722,477
D500_F07_V01,500,7,common_grid,detrended_51,17,right,0.0010297735410402676,477
D500_F07_V01,500,7,common_grid,detrended_51,18,bg,0.028481594104997267,477
D500_F07_V01,500,7,common_grid,detrended_51,18,left,0.053098294263306402,477
D500_F07_V01,500,7,common_grid,detrended_51,18,right,0.018692057926560198,477
D500_F07_V01,500,7,common_grid,detrended_51,19,bg,-0.015118718376906582,477
D500_F07_V01,500,7,common_grid,detrended_51,19,left,-0.045634545054963983,477
D500_F07_V01,500,7,common_grid,detrended_51,19,right,0.0067954510575488573,477
D500_F07_V01,500,7,common_grid,detrended_51,20,bg,-0.01018298091489484,477
D500_F07_V01,500,7,common_grid,detrended_51,20,left,0.0089771526847847779,477
D500_F07_V01,500,7,common_grid,detrended_51,20,right,-0.046713513617521255,477
D500_F09_V01,500,9,d500_extension,raw,1,bg,0.20774798386200155,482
D500_F09_V01,500,9,d500_extension,raw,1,left,0.17305172654261594,482
D500_F09_V01,500,9,d500_extension,raw,1,right,0.21592596714371931,482
D500_F09_V01,500,9,d500_extension,raw,2,bg,0.2786622030713678,482
D500_F09_V01,500,9,d500_extension,raw,2,left,0.26865560240988712,482
D500_F09_V01,500,9,d500_extension,raw,2,right,0.21949586463387655,482
D500_F09_V01,500,9,d500_extension,raw,3,bg,0.25766964554624666,482
D500_F09_V01,500,9,d500_extension,raw,3,left,0.20713715878788949,482
D500_F09_V01,500,9,d500_extension,raw,3,right,0.23877907641212712,482
D500_F09_V01,500,9,d500_extension,raw,4,bg,0.25108087908015747,482
D500_F09_V01,500,9,d500_extension,raw,4,left,0.21164269026437529,482
D500_F09_V01,500,9,d500_extension,raw,4,right,0.21515643471263171,482
D500_F09_V01,500,9,d500_extension,raw,5,bg,0.24043719858260723,482
D500_F09_V01,500,9,d500_extension,raw,5,left,0.19138644485929349,482
D500_F09_V01,500,9,d500_extension,raw,5,right,0.2013491089803556,482
D500_F09_V01,500,9,d500_extension,raw,6,bg,0.24178422861446494,482
D500_F09_V01,500,9,d500_extension,raw,6,left,0.18996611581854231,482
D500_F09_V01,500,9,d500_extension,raw,6,right,0.21781277364896348,482
D500_F09_V01,500,9,d500_extension,raw,7,bg,0.17337653545483242,482
D500_F09_V01,500,9,d500_extension,raw,7,left,0.12299846956170248,482
D500_F09_V01,500,9,d500_extension,raw,7,right,0.16610118017298248,482
D500_F09_V01,500,9,d500_extension,raw,8,bg,0.31166701074693137,482
D500_F09_V01,500,9,d500_extension,raw,8,left,0.22988385589864938,482
D500_F09_V01,500,9,d500_extension,raw,8,right,0.26374017515998388,482
D500_F09_V01,500,9,d500_extension,raw,9,bg,0.27957329689243821,482
D500_F09_V01,500,9,d500_extension,raw,9,left,0.23270640355251576,482
D500_F09_V01,500,9,d500_extension,raw,9,right,0.22972354110726834,482
D500_F09_V01,500,9,d500_extension,raw,10,bg,0.28720271639268569,482
D500_F09_V01,500,9,d500_extension,raw,10,left,0.22963652532478079,482
D500_F09_V01,500,9,d500_extension,raw,10,right,0.23468922747291868,482
D500_F09_V01,500,9,d500_extension,raw,11,bg,0.20813141054887405,482
D500_F09_V01,500,9,d500_extension,raw,11,left,0.16729518244943106,482
D500_F09_V01,500,9,d500_extension,raw,11,right,0.15223320058246997,482
D500_F09_V01,500,9,d500_extension,raw,12,bg,0.24402456352663826,482
D500_F09_V01,500,9,d500_extension,raw,12,left,0.22685298474582258,482
D500_F09_V01,500,9,d500_extension,raw,12,right,0.18082174297220299,482
D500_F09_V01,500,9,d500_extension,raw,13,bg,0.24275822670193947,482
D500_F09_V01,500,9,d500_extension,raw,13,left,0.26131102028630437,482
D500_F09_V01,500,9,d500_extension,raw,13,right,0.12856833693925523,482
D500_F09_V01,500,9,d500_extension,raw,14,bg,0.27504097484252638,482
D500_F09_V01,500,9,d500_extension,raw,14,left,0.23567854976839286,482
D500_F09_V01,500,9,d500_extension,raw,14,right,0.22448030440092503,482
D500_F09_V01,500,9,d500_extension,raw,15,bg,0.3500527586762478,482
D500_F09_V01,500,9,d500_extension,raw,15,left,0.26154699165704043,482
D500_F09_V01,500,9,d500_extension,raw,15,right,0.26392438714286087,482
D500_F09_V01,500,9,d500_extension,raw,16,bg,0.240516177193067,482
D500_F09_V01,500,9,d500_extension,raw,16,left,0.21319547190014448,482
D500_F09_V01,500,9,d500_extension,raw,16,right,0.16845189224767071,482
D500_F09_V01,500,9,d500_extension,raw,17,bg,0.35281465247187782,482
D500_F09_V01,500,9,d500_extension,raw,17,left,0.30068459023898325,482
D500_F09_V01,500,9,d500_extension,raw,17,right,0.29236386678205184,482
D500_F09_V01,500,9,d500_extension,raw,18,bg,0.36263039708827188,482
D500_F09_V01,500,9,d500_extension,raw,18,left,0.28155108418503694,482
D500_F09_V01,500,9,d500_extension,raw,18,right,0.28928670151834507,482
D500_F09_V01,500,9,d500_extension,raw,19,bg,0.057117234638432567,482
D500_F09_V01,500,9,d500_extension,raw,19,left,0.040109292680102729,482
D500_F09_V01,500,9,d500_extension,raw,19,right,0.053264535855190719,482
D500_F09_V01,500,9,d500_extension,raw,20,bg,0.093834572817073275,482
D500_F09_V01,500,9,d500_extension,raw,20,left,0.0067772113595674869,482
D500_F09_V01,500,9,d500_extension,raw,20,right,0.12030612409468623,482
D500_F09_V01,500,9,d500_extension,detrended_51,1,bg,-0.016579123201110321,482
D500_F09_V01,500,9,d500_extension,detrended_51,1,left,-0.04732396917000728,482
D500_F09_V01,500,9,d500_extension,detrended_51,1,right,0.032214590762904706,482
D500_F09_V01,500,9,d500_extension,detrended_51,2,bg,0.073227660400889932,482
D500_F09_V01,500,9,d500_extension,detrended_51,2,left,0.041426888318801806,482
D500_F09_V01,500,9,d500_extension,detrended_51,2,right,0.03959855820558842,482
D500_F09_V01,500,9,d500_extension,detrended_51,3,bg,-0.03347941337205617,482
D500_F09_V01,500,9,d500_extension,detrended_51,3,left,-0.044604437741704868,482
D500_F09_V01,500,9,d500_extension,detrended_51,3,right,0.017088200528487921,482
D500_F09_V01,500,9,d500_extension,detrended_51,4,bg,0.012238607652916678,482
D500_F09_V01,500,9,d500_extension,detrended_51,4,left,0.006343929303396393,482
D500_F09_V01,500,9,d500_extension,detrended_51,4,right,0.012648157130119977,482
D500_F09_V01,500,9,d500_extension,detrended_51,5,bg,-0.05270579493401966,482
D500_F09_V01,500,9,d500_extension,detrended_51,5,left,-0.057234508363475378,482
D500_F09_V01,500,9,d500_extension,detrended_51,5,right,-0.033290608621449704,482
D500_F09_V01,500,9,d500_extension,detrended_51,6,bg,0.03136766158755018,482
D500_F09_V01,500,9,d500_extension,detrended_51,6,left,0.0030506312848816216,482
D500_F09_V01,500,9,d500_extension,detrended_51,6,right,0.063715928545575437,482
D500_F09_V01,500,9,d500_extension,detrended_51,7,bg,-0.015691431162941923,482
D500_F09_V01,500,9,d500_extension,detrended_51,7,left,-0.03673116526492233,482
D500_F09_V01,500,9,d500_extension,detrended_51,7,right,0.043161080495783051,482
D500_F09_V01,500,9,d500_extension,detrended_51,8,bg,0.03589316695539449,482
D500_F09_V01,500,9,d500_extension,detrended_51,8,left,0.0082204395909821794,482
D500_F09_V01,500,9,d500_extension,detrended_51,8,right,0.025670561273210463,482
D500_F09_V01,500,9,d500_extension,detrended_51,9,bg,-0.021853243758750297,482
D500_F09_V01,500,9,d500_extension,detrended_51,9,left,-0.03663840126043464,482
D500_F09_V01,500,9,d500_extension,detrended_51,9,right,-0.012662614077284067,482
D500_F09_V01,500,9,d500_extension,detrended_51,10,bg,0.043668358356536201,482
D500_F09_V01,500,9,d500_extension,detrended_51,10,left,0.010872566355278147,482
D500_F09_V01,500,9,d500_extension,detrended_51,10,right,0.015571188535174403,482
D500_F09_V01,500,9,d500_extension,detrended_51,11,bg,-0.052398375776397839,482
D500_F09_V01,500,9,d500_extension,detrended_51,11,left,-0.02998168858811915,482
D500_F09_V01,500,9,d500_extension,detrended_51,11,right,-0.051334471814640764,482
D500_F09_V01,500,9,d500_extension,detrended_51,12,bg,-0.035078210943995589,482
D500_F09_V01,500,9,d500_extension,detrended_51,12,left,0.015137423997150321,482
D500_F09_V01,500,9,d500_extension,detrended_51,12,right,-0.041667496063799873,482
D500_F09_V01,500,9,d500_extension,detrended_51,13,bg,-0.030394059610931626,482
D500_F09_V01,500,9,d500_extension,detrended_51,13,left,0.050866805548786816,482
D500_F09_V01,500,9,d500_extension,detrended_51,13,right,-0.086525153955027634,482
D500_F09_V01,500,9,d500_extension,detrended_51,14,bg,-0.0019016206802055593,482
D500_F09_V01,500,9,d500_extension,detrended_51,14,left,-0.013132947483802357,482
D500_F09_V01,500,9,d500_extension,detrended_51,14,right,-0.0040167580227059036,482
D500_F09_V01,500,9,d500_extension,detrended_51,15,bg,0.045871126310624809,482
D500_F09_V01,500,9,d500_extension,detrended_51,15,left,-0.0052911267722563233,482
D500_F09_V01,500,9,d500_extension,detrended_51,15,right,0.027089411466509838,482
D500_F09_V01,500,9,d500_extension,detrended_51,16,bg,0.037583890675816245,482
D500_F09_V01,500,9,d500_extension,detrended_51,16,left,0.0061169643178181554,482
D500_F09_V01,500,9,d500_extension,detrended_51,16,right,0.017522453414599862,482
D500_F09_V01,500,9,d500_extension,detrended_51,17,bg,0.11062779227614131,482
D500_F09_V01,500,9,d500_extension,detrended_51,17,left,0.08383397260764161,482
D500_F09_V01,500,9,d500_extension,detrended_51,17,right,0.064952053437548507,482
D500_F09_V01,500,9,d500_extension,detrended_51,18,bg,0.098434410735368405,482
D500_F09_V01,500,9,d500_extension,detrended_51,18,left,0.086953998700275759,482
D500_F09_V01,500,9,d500_extension,detrended_51,18,right,0.081279951594251762,482
D500_F09_V01,500,9,d500_extension,detrended_51,19,bg,0.039265510931880278,482
D500_F09_V01,500,9,d500_extension,detrended_51,19,left,0.020905633592637082,482
D500_F09_V01,500,9,d500_extension,detrended_51,19,right,0.03703664708203408,482
D500_F09_V01,500,9,d500_extension,detrended_51,20,bg,0.013872325482062447,482
D500_F09_V01,500,9,d500_extension,detrended_51,20,left,-0.036630459785306643,482
D500_F09_V01,500,9,d500_extension,detrended_51,20,right,0.060260098936650193,482
D500_F10_V01,500,10,common_grid,raw,1,bg,0.23922614090456357,500
D500_F10_V01,500,10,common_grid,raw,1,left,0.19039160956643825,500
D500_F10_V01,500,10,common_grid,raw,1,right,0.21809808839235359,500
D500_F10_V01,500,10,common_grid,raw,2,bg,0.28232407329629317,500
D500_F10_V01,500,10,common_grid,raw,2,left,0.21517708470833882,500
D500_F10_V01,500,10,common_grid,raw,2,right,0.23697800391201562,500
D500_F10_V01,500,10,common_grid,raw,3,bg,0.19853244212976848,500
D500_F10_V01,500,10,common_grid,raw,3,left,0.12126182904731617,500
D500_F10_V01,500,10,common_grid,raw,3,right,0.19967052668210666,500
D500_F10_V01,500,10,common_grid,raw,4,bg,0.32189658358633427,500
D500_F10_V01,500,10,common_grid,raw,4,left,0.27308326833307334,500
D500_F10_V01,500,10,common_grid,raw,4,right,0.26458387433549729,500
D500_F10_V01,500,10,common_grid,raw,5,bg,0.25148884595538379,500
D500_F10_V01,500,10,common_grid,raw,5,left,0.16759199836799343,500
D500_F10_V01,500,10,common_grid,raw,5,right,0.22868606674426697,500
D500_F10_V01,500,10,common_grid,raw,6,bg,0.25173671894687571,500
D500_F10_V01,500,10,common_grid,raw,6,left,0.19682757131028522,500
D500_F10_V01,500,10,common_grid,raw,6,right,0.19608568034272134,500
D500_F10_V01,500,10,common_grid,raw,7,bg,0.3380926163704655,500
D500_F10_V01,500,10,common_grid,raw,7,left,0.23521658886635546,500
D500_F10_V01,500,10,common_grid,raw,7,right,0.27435997743990975,500
D500_F10_V01,500,10,common_grid,raw,8,bg,0.26388614354457413,500
D500_F10_V01,500,10,common_grid,raw,8,left,0.1804139056556226,500
D500_F10_V01,500,10,common_grid,raw,8,right,0.240249408997636,500
D500_F10_V01,500,10,common_grid,raw,9,bg,0.16984800739202954,500
D500_F10_V01,500,10,common_grid,raw,9,left,0.14639088956355825,500
D500_F10_V01,500,10,common_grid,raw,9,right,0.12425473701894806,500
D500_F10_V01,500,10,common_grid,raw,10,bg,0.26971355885423542,500
D500_F10_V01,500,10,common_grid,raw,10,left,0.17592895971583883,500
D500_F10_V01,500,10,common_grid,raw,10,right,0.23384887139548557,500
D500_F10_V01,500,10,common_grid,raw,11,bg,0.21111098844395373,500
D500_F10_V01,500,10,common_grid,raw,11,left,0.12825449701798808,500
D500_F10_V01,500,10,common_grid,raw,11,right,0.17891101964407857,500
D500_F10_V01,500,10,common_grid,raw,12,bg,0.26193445573782292,500
D500_F10_V01,500,10,common_grid,raw,12,left,0.16861833847335386,500
D500_F10_V01,500,10,common_grid,raw,12,right,0.25639331357325429,500
D500_F10_V01,500,10,common_grid,raw,13,bg,0.2477644150576602,500
D500_F10_V01,500,10,common_grid,raw,13,left,0.21652704210816842,500
D500_F10_V01,500,10,common_grid,raw,13,right,0.16070262681050718,500
D500_F10_V01,500,10,common_grid,raw,14,bg,0.27837778551114201,500
D500_F10_V01,500,10,common_grid,raw,14,left,0.23128441313765252,500
D500_F10_V01,500,10,common_grid,raw,14,right,0.2223953535814143,500
D500_F10_V01,500,10,common_grid,raw,15,bg,0.28937760551042196,500
D500_F10_V01,500,10,common_grid,raw,15,left,0.17820292081168318,500
D500_F10_V01,500,10,common_grid,raw,15,right,0.29573110292441168,500
D500_F10_V01,500,10,common_grid,raw,16,bg,0.27310342841371366,500
D500_F10_V01,500,10,common_grid,raw,16,left,0.24762972651890605,500
D500_F10_V01,500,10,common_grid,raw,16,right,0.19086325945303778,500
D500_F10_V01,500,10,common_grid,raw,17,bg,0.24764268657074626,500
D500_F10_V01,500,10,common_grid,raw,17,left,0.20110016440065759,500
D500_F10_V01,500,10,common_grid,raw,17,right,0.17236686546746185,500
D500_F10_V01,500,10,common_grid,raw,18,bg,0.43414032856131429,500
D500_F10_V01,500,10,common_grid,raw,18,left,0.36189072756291024,500
D500_F10_V01,500,10,common_grid,raw,18,right,0.36468558674234697,500
D500_F10_V01,500,10,common_grid,raw,19,bg,0.22189855159420635,500
D500_F10_V01,500,10,common_grid,raw,19,left,0.20856496225984902,500
D500_F10_V01,500,10,common_grid,raw,19,right,0.14116136464545859,500
D500_F10_V01,500,10,common_grid,raw,20,bg,0.056872547490189967,500
D500_F10_V01,500,10,common_grid,raw,20,left,0.10822843291373165,500
D500_F10_V01,500,10,common_grid,raw,20,right,-0.017946695786783151,500
D500_F10_V01,500,10,common_grid,detrended_51,1,bg,-0.035341721903344579,500
D500_F10_V01,500,10,common_grid,detrended_51,1,left,-0.027237700831955168,500
D500_F10_V01,500,10,common_grid,detrended_51,1,right,0.011398762898348031,500
D500_F10_V01,500,10,common_grid,detrended_51,2,bg,0.034096586242396372,500
D500_F10_V01,500,10,common_grid,detrended_51,2,left,-0.0091371912137606249,500
D500_F10_V01,500,10,common_grid,detrended_51,2,right,0.055555971560774194,500
D500_F10_V01,500,10,common_grid,detrended_51,3,bg,0.0016063335574649589,500
D500_F10_V01,500,10,common_grid,detrended_51,3,left,-0.052630506514721322,500
D500_F10_V01,500,10,common_grid,detrended_51,3,right,0.039879230937426333,500
D500_F10_V01,500,10,common_grid,detrended_51,4,bg,0.080168147908272161,500
D500_F10_V01,500,10,common_grid,detrended_51,4,left,0.067017848917529668,500
D500_F10_V01,500,10,common_grid,detrended_51,4,right,0.056499672015230561,500
D500_F10_V01,500,10,common_grid,detrended_51,5,bg,-0.0049472557363580824,500
D500_F10_V01,500,10,common_grid,detrended_51,5,left,-0.055677117722357596,500
D500_F10_V01,500,10,common_grid,detrended_51,5,right,0.031093558189395236,500
D500_F10_V01,500,10,common_grid,detrended_51,6,bg,0.065266125656414473,500
D500_F10_V01,500,10,common_grid,detrended_51,6,left,0.033794420968638925,500
D500_F10_V01,500,10,common_grid,detrended_51,6,right,0.02992509929080215,500
D500_F10_V01,500,10,common_grid,detrended_51,7,bg,0.14038577226183477,500
D500_F10_V01,500,10,common_grid,detrended_51,7,left,0.057096433232864008,500
D500_F10_V01,500,10,common_grid,detrended_51,7,right,0.12783285636675268,500
D500_F10_V01,500,10,common_grid,detrended_51,8,bg,0.021456590109374965,500
D500_F10_V01,500,10,common_grid,detrended_51,8,left,-0.018790277429294528,500
D500_F10_V01,500,10,common_grid,detrended_51,8,right,0.049618109920164646,500
D500_F10_V01,500,10,common_grid,detrended_51,9,bg,-0.042561682428153273,500
D500_F10_V01,500,10,common_grid,detrended_51,9,left,-0.032150838820791346,500
D500_F10_V01,500,10,common_grid,detrended_51,9,right,-0.04270565278998506,500
D500_F10_V01,500,10,common_grid,detrended_51,10,bg,0.024250613449299935,500
D500_F10_V01,500,10,common_grid,detrended_51,10,left,-0.058148661428040239,500
D500_F10_V01,500,10,common_grid,detrended_51,10,right,0.080506349531600949,500
D500_F10_V01,500,10,common_grid,detrended_51,11,bg,-0.043837067904185692,500
D500_F10_V01,500,10,common_grid,detrended_51,11,left,-0.07557714087951925,500
D500_F10_V01,500,10,common_grid,detrended_51,11,right,-0.0088700994903922487,500
D500_F10_V01,500,10,common_grid,detrended_51,12,bg,0.013359654910733029,500
D500_F10_V01,500,10,common_grid,detrended_51,12,left,-0.038973158264310387,500
D500_F10_V01,500,10,common_grid,detrended_51,12,right,0.058958276898104504,500
D500_F10_V01,500,10,common_grid,detrended_51,13,bg,-0.045560600492495905,500
D500_F10_V01,500,10,common_grid,detrended_51,13,left,-0.00015665141249566637,500
D500_F10_V01,500,10,common_grid,detrended_51,13,right,-0.075500725115848169,500
D500_F10_V01,500,10,common_grid,detrended_51,14,bg,-0.0094024629572427559,500
D500_F10_V01,500,10,common_grid,detrended_51,14,left,0.012948002378486818,500
D500_F10_V01,500,10,common_grid,detrended_51,14,right,0.0025668697779028258,500
D500_F10_V01,500,10,common_grid,detrended_51,15,bg,-0.065270793822239673,500
D500_F10_V01,500,10,common_grid,detrended_51,15,left,-0.10992546359208945,500
D500_F10_V01,500,10,common_grid,detrended_51,15,right,0.035600499404132881,500
D500_F10_V01,500,10,common_grid,detrended_51,16,bg,-0.014248445386388756,500
D500_F10_V01,500,10,common_grid,detrended_51,16,left,0.015361294921540519,500
D500_F10_V01,500,10,common_grid,detrended_51,16,right,-0.037217818274708582,500
D500_F10_V01,500,10,common_grid,detrended_51,17,bg,0.027167058879241816,500
D500_F10_V01,500,10,common_grid,detrended_51,17,left,0.019040885246825744,500
D500_F10_V01,500,10,common_grid,detrended_51,17,right,0.028441505329485632,500
D500_F10_V01,500,10,common_grid,detrended_51,18,bg,0.048863348849965148,500
D500_F10_V01,500,10,common_grid,detrended_51,18,left,0.01854868690730533,500
D500_F10_V01,500,10,common_grid,detrended_51,18,right,0.067394884046898543,500
D500_F10_V01,500,10,common_grid,detrended_51,19,bg,0.10989384764069651,500
D500_F10_V01,500,10,common_grid,detrended_51,19,left,0.11280686832378801,500
D500_F10_V01,500,10,common_grid,detrended_51,19,right,0.044992350601318447,500
D500_F10_V01,500,10,common_grid,detrended_51,20,bg,0.012643927268936128,500
D500_F10_V01,500,10,common_grid,detrended_51,20,left,0.084736825684478448,500
D500_F10_V01,500,10,common_grid,detrended_51,20,right,-0.057564931981546684,500
D500_F12_V01,500,12,d500_extension,raw,1,bg,0.15668126672506685,500
D500_F12_V01,500,12,d500_extension,raw,1,left,0.076692882771531093,500
D500_F12_V01,500,12,d500_extension,raw,1,right,0.16530670922683691,500
D500_F12_V01,500,12,d500_extension,raw,2,bg,0.15761727046908183,500
D500_F12_V01,500,12,d500_extension,raw,2,left,0.1554672458689835,500
D500_F12_V01,500,12,d500_extension,raw,2,right,0.088099456397825626,500
D500_F12_V01,500,12,d500_extension,raw,3,bg,0.2148331153324613,500
D500_F12_V01,500,12,d500_extension,raw,3,left,0.20811692846771387,500
D500_F12_V01,500,12,d500_extension,raw,3,right,0.13406732026928109,500
D500_F12_V01,500,12,d500_extension,raw,4,bg,0.25396008784035135,500
D500_F12_V01,500,12,d500_extension,raw,4,left,0.23621220884883537,500
D500_F12_V01,500,12,d500_extension,raw,4,right,0.17431173724694898,500
D500_F12_V01,500,12,d500_extension,raw,5,bg,0.22064373057492229,500
D500_F12_V01,500,12,d500_extension,raw,5,left,0.18557738230952919,500
D500_F12_V01,500,12,d500_extension,raw,5,right,0.1795254221016884,500
D500_F12_V01,500,12,d500_extension,raw,6,bg,0.20320794883179533,500
D500_F12_V01,500,12,d500_extension,raw,6,left,0.16506459625838502,500
D500_F12_V01,500,12,d500_extension,raw,6,right,0.17043888975555899,500
D500_F12_V01,500,12,d500_extension,raw,7,bg,0.18852785811143241,500
D500_F12_V01,500,12,d500_extension,raw,7,left,0.16999200796803188,500
D500_F12_V01,500,12,d500_extension,raw,7,right,0.13487237948951794,500
D500_F12_V01,500,12,d500_extension,raw,8,bg,0.17070586682346731,500
D500_F12_V01,500,12,d500_extension,raw,8,left,0.11351728606914427,500
D500_F12_V01,500,12,d500_extension,raw,8,right,0.14532566930267718,500
D500_F12_V01,500,12,d500_extension,raw,9,bg,0.20571432685730739,500
D500_F12_V01,500,12,d500_extension,raw,9,left,0.15328640514562053,500
D500_F12_V01,500,12,d500_extension,raw,9,right,0.146189096756387,500
D500_F12_V01,500,12,d500_extension,raw,10,bg,0.21372171888687552,500
D500_F12_V01,500,12,d500_extension,raw,10,left,0.14685169140676563,500
D500_F12_V01,500,12,d500_extension,raw,10,right,0.18071765087060346,500
D500_F12_V01,500,12,d500_extension,raw,11,bg,0.1412153168612674,500
D500_F12_V01,500,12,d500_extension,raw,11,left,0.13757671030684121,500
D500_F12_V01,500,12,d500_extension,raw,11,right,0.085594326377305519,500
D500_F12_V01,500,12,d500_extension,raw,12,bg,0.30023236892947563,500
D500_F12_V01,500,12,d500_extension,raw,12,left,0.2453950295801183,500
D500_F12_V01,500,12,d500_extension,raw,12,right,0.24525861303445215,500
D500_F12_V01,500,12,d500_extension,raw,13,bg,0.24704172416689665,500
D500_F12_V01,500,12,d500_extension,raw,13,left,0.21675648302593212,500
D500_F12_V01,500,12,d500_extension,raw,13,right,0.15031164124656496,500
D500_F12_V01,500,12,d500_extension,raw,14,bg,0.14455881823527292,500
D500_F12_V01,500,12,d500_extension,raw,14,left,0.10543040572162286,500
D500_F12_V01,500,12,d500_extension,raw,14,right,0.11819903279613116,500
D500_F12_V01,500,12,d500_extension,raw,15,bg,0.24099945999783995,500
D500_F12_V01,500,12,d500_extension,raw,15,left,0.17989387157548631,500
D500_F12_V01,500,12,d500_extension,raw,15,right,0.18551008604034414,500
D500_F12_V01,500,12,d500_extension,raw,16,bg,0.20899821199284793,500
D500_F12_V01,500,12,d500_extension,raw,16,left,0.17930087720350876,500
D500_F12_V01,500,12,d500_extension,raw,16,right,0.15058111432445725,500
D500_F12_V01,500,12,d500_extension,raw,17,bg,0.23494020376081504,500
D500_F12_V01,500,12,d500_extension,raw,17,left,0.18981474325897299,500
D500_F12_V01,500,12,d500_extension,raw,17,right,0.19469799479197919,500
D500_F12_V01,500,12,d500_extension,raw,18,bg,0.38240716162864646,500
D500_F12_V01,500,12,d500_extension,raw,18,left,0.35883157932631721,500
D500_F12_V01,500,12,d500_extension,raw,18,right,0.27642427369709471,500
D500_F12_V01,500,12,d500_extension,raw,19,bg,0.22749018996075984,500
D500_F12_V01,500,12,d500_extension,raw,19,left,0.1537718790875163,500
D500_F12_V01,500,12,d500_extension,raw,19,right,0.17637670550682205,500
D500_F12_V01,500,12,d500_extension,raw,20,bg,-0.01555983823935295,500
D500_F12_V01,500,12,d500_extension,raw,20,left,0.042968331873327492,500
D500_F12_V01,500,12,d500_extension,raw,20,right,-0.047202236808947237,500
D500_F12_V01,500,12,d500_extension,detrended_51,1,bg,-0.028217468718430776,500
D500_F12_V01,500,12,d500_extension,detrended_51,1,left,-0.065144187765184186,500
D500_F12_V01,500,12,d500_extension,detrended_51,1,right,0.028090843871563818,500
D500_F12_V01,500,12,d500_extension,detrended_51,2,bg,-0.025727092626728797,500
D500_F12_V01,500,12,d500_extension,detrended_51,2,left,0.014018999106469334,500
D500_F12_V01,500,12,d500_extension,detrended_51,2,right,-0.0458639467183172,500
D500_F12_V01,500,12,d500_extension,detrended_51,3,bg,0.038637781300581188,500
D500_F12_V01,500,12,d500_extension,detrended_51,3,left,0.061950677071848516,500
D500_F12_V01,500,12,d500_extension,detrended_51,3,right,-0.0072031718113445805,500
D500_F12_V01,500,12,d500_extension,detrended_51,4,bg,0.062400021196970246,500
D500_F12_V01,500,12,d500_extension,detrended_51,4,left,0.084535482913265292,500
D500_F12_V01,500,12,d500_extension,detrended_51,4,right,0.00083146539223749117,500
D500_F12_V01,500,12,d500_extension,detrended_51,5,bg,-0.019337424986713408,500
D500_F12_V01,500,12,d500_extension,detrended_51,5,left,0.0013320384480940319,500
D500_F12_V01,500,12,d500_extension,detrended_51,5,right,-0.011314650053478755,500
D500_F12_V01,500,12,d500_extension,detrended_51,6,bg,-0.0082116365686710664,500
D500_F12_V01,500,12,d500_extension,detrended_51,6,left,-0.010550014069116473,500
D500_F12_V01,500,12,d500_extension,detrended_51,6,right,0.023915388208052286,500
D500_F12_V01,500,12,d500_extension,detrended_51,7,bg,0.0032595205169828438,500
D500_F12_V01,500,12,d500_extension,detrended_51,7,left,0.016280767823885274,500
D500_F12_V01,500,12,d500_extension,detrended_51,7,right,-0.0016388312476915325,500
D500_F12_V01,500,12,d500_extension,detrended_51,8,bg,0.018486691652772131,500
D500_F12_V01,500,12,d500_extension,detrended_51,8,left,-0.015027655029613276,500
D500_F12_V01,500,12,d500_extension,detrended_51,8,right,0.047024554100728803,500
D500_F12_V01,500,12,d500_extension,detrended_51,9,bg,0.036584205651043054,500
D500_F12_V01,500,12,d500_extension,detrended_51,9,left,0.015061610859220522,500
D500_F12_V01,500,12,d500_extension,detrended_51,9,right,0.01097319509851058,500
D500_F12_V01,500,12,d500_extension,detrended_51,10,bg,0.036333130803710596,500
D500_F12_V01,500,12,d500_extension,detrended_51,10,left,0.00815057183294823,500
D500_F12_V01,500,12,d500_extension,detrended_51,10,right,0.024718438608883279,500
D500_F12_V01,500,12,d500_extension,detrended_51,11,bg,-0.056600447489794731,500
D500_F12_V01,500,12,d500_extension,detrended_51,11,left,-0.010986143322236498,500
D500_F12_V01,500,12,d500_extension,detrended_51,11,right,-0.049480768759283193,500
D500_F12_V01,500,12,d500_extension,detrended_51,12,bg,0.079231091427816341,500
D500_F12_V01,500,12,d500_extension,detrended_51,12,left,0.034413753405763282,500
D500_F12_V01,500,12,d500_extension,detrended_51,12,right,0.057354980157711601,500
D500_F12_V01,500,12,d500_extension,detrended_51,13,bg,-0.015596449109415871,500
D500_F12_V01,500,12,d500_extension,detrended_51,13,left,0.028631248178602436,500
D500_F12_V01,500,12,d500_extension,detrended_51,13,right,-0.061307260439969494,500
D500_F12_V01,500,12,d500_extension,detrended_51,14,bg,-0.035364180221776939,500
D500_F12_V01,500,12,d500_extension,detrended_51,14,left,-0.030288944313650087,500
D500_F12_V01,500,12,d500_extension,detrended_51,14,right,-0.014660520124018117,500
D500_F12_V01,500,12,d500_extension,detrended_51,15,bg,0.0087791237748537955,500
D500_F12_V01,500,12,d500_extension,detrended_51,15,left,-0.012591265204593581,500
D500_F12_V01,500,12,d500_extension,detrended_51,15,right,0.0041267937631935571,500
D500_F12_V01,500,12,d500_extension,detrended_51,16,bg,0.021831020648276564,500
D500_F12_V01,500,12,d500_extension,detrended_51,16,left,0.014995691962162246,500
D500_F12_V01,500,12,d500_extension,detrended_51,16,right,-0.0046833198251723055,500
D500_F12_V01,500,12,d500_extension,detrended_51,17,bg,0.0080672658879732649,500
D500_F12_V01,500,12,d500_extension,detrended_51,17,left,-0.0099801686873581489,500
D500_F12_V01,500,12,d500_extension,detrended_51,17,right,0.032491480814106105,500
D500_F12_V01,500,12,d500_extension,detrended_51,18,bg,0.13525867734082073,500
D500_F12_V01,500,12,d500_extension,detrended_51,18,left,0.11725027762330925,500
D500_F12_V01,500,12,d500_extension,detrended_51,18,right,0.0611601066376787,500
D500_F12_V01,500,12,d500_extension,detrended_51,19,bg,0.088097581292198426,500
D500_F12_V01,500,12,d500_extension,detrended_51,19,left,0.056721853850221257,500
D500_F12_V01,500,12,d500_extension,detrended_51,19,right,0.05771633028148581,500
D500_F12_V01,500,12,d500_extension,detrended_51,20,bg,-0.025597525477191095,500
D500_F12_V01,500,12,d500_extension,detrended_51,20,left,0.048882870683818538,500
D500_F12_V01,500,12,d500_extension,detrended_51,20,right,-0.068958350238874699,500
