scan_id,frame_index,flow_mm_s,baseline_width_um,fixed_width_um,q_vessel_raw_base,q_vessel_raw_fixed128,q_tail_raw_base,q_tail_raw_fixed128,source_mean_raw_base,source_mean_raw_fixed128,tail_mean_raw_base,tail_mean_raw_fixed128,ri_tail_base,ri_tail_fixed128,ri_tail_delta_pct,source_mean_raw_delta_pct,tail_mean_raw_delta_pct
flow01,0,1,152.39999999999998,128,2830850019705.7935,2641159086735.7388,3571734656094.8711,3141480180707.1489,184767032.2219862,205231059.56177214,46873158.216468133,49085627.823549293,0.25368788821672972,0.23917251086829328,-5.721746296392249,11.075583719502333,4.7201206218356422
flow01,1,1,190.5,128,3732022907745.0464,3374578739519.376,4853371597967.8633,3450833935737.2822,194827199.13089091,262228148.89501071,50954032.524596997,53919280.245895132,0.26153449185688138,0.20561972645996521,-21.379499506900306,34.595246487549083,5.8194564284322823
flow01,2,1,215.90000000000001,128,3574232417434.6777,3138166764197.1475,4819478884106.2822,3421591292967.0967,164646024.21701586,243869897.98920044,44645473.683244862,53462363.952610984,0.27116035079230799,0.21922494081241023,-19.153025074700931,48.117696220688302,19.748676723470492
flow01,3,1,177.79999999999998,128,4377629461067.2437,3853804077792.2119,4243517585093.7183,3275903693950.4312,244835661.32211807,299467278.00087625,47733606.131537899,51185995.217975579,0.19496181999703538,0.17092349975487409,-12.329757817467453,22.313586339402608,7.2326173658953126
flow01,4,1,152.39999999999998,128,3502378494040.4419,3367162424826.355,3880390302138.3916,3464417525693.2432,228547509.33272579,261665366.67962918,50923757.245910659,54131523.838957027,0.2228147547728225,0.20687309339349111,-7.1546704326583752,14.490578980097082,6.2991553776287024
flow01,5,1,127,128,3311291024077.813,3319908052753.0864,3314114459424.3857,3331940548268.1768,259279107.29368928,257953207.62288201,52190778.888573013,52061571.066690356,0.20129187975587923,0.2018256394113247,0.26516700827315948,-0.51137929494080137,-0.24756829584497214
flow01,6,1,228.59999999999999,128,4019413835226.9941,3606898544561.0845,4581026894894.4365,2881399887000.9941,174902005.58086455,280295486.57352602,40078975.458394028,45021873.234390616,0.22915103417647109,0.16062289758840143,-29.905226844970546,60.258589169770062,12.332894540000925
flow01,7,1,165.09999999999999,128,2373111383880.2085,2129014950900.6685,3343434116385.4863,2685840689320.1631,142974015.93402997,165456306.52450466,40501927.515269376,41966260.770627625,0.28328173654965028,0.2536395357309168,-10.463858764695951,15.724738823065801,3.6154655968069416
flow01,8,1,177.79999999999998,128,2415664544172.4531,2186998552954.0508,4013090165674.7104,3040077530139.748,135107785.25771064,169949329.75382411,45141621.661132857,47501211.408433646,0.33411562164998643,0.27950219913923963,-16.345665683348038,25.787962129388148,5.2270823698219209
flow01,9,1,127,128,2175065883889.5896,2182030733841.1025,2898289563217.0825,2916856453598.481,170328688.18501592,169545768.94983163,45642355.326253273,45575882.08747635,0.26796634091771571,0.26881167468686401,0.31546266827887925,-0.45965200784840943,-0.14563937005829128
flow01,10,1,177.79999999999998,128,2999225830084.3457,2760727752390.5273,3424826365783.8604,2718513342017.2876,167799317.58237168,214533215.17648441,38524481.054936565,42476770.969020195,0.22958663724019693,0.19799624470307289,-13.759682582951768,27.851065348445971,10.259164577577559
flow01,11,1,177.79999999999998,128,3536443158666.022,3290221460862.1538,3656318702933.1401,2821201575096.9756,197844270.10264844,255653194.49700055,41128444.352453776,44081274.610890321,0.20788291887915136,0.17242606609168543,-17.056164584680513,29.219407953719784,7.1795330577835879
flow01,12,1,165.09999999999999,128,2809705642961.5259,2628555949432.5801,3873442063636.8745,3261944869245.686,169267557.45351362,204257009.27187246,46922375.089483649,50967888.581963934,0.27720831915690669,0.24952822311289247,-9.9853049606157782,20.671091581130707,8.6217150874508395
flow01,13,1,165.09999999999999,128,2866672629904.1748,2616767834714.6421,3785335438094.4795,3117173116291.3672,172689095.73848462,203367254.38632375,45855062.847904064,48705829.9420527,0.26553536951369322,0.23949691453044528,-9.8060213337813664,17.764965712888582,6.2169080513623989
flow01,14,1,165.09999999999999,128,2387869966614.9556,2152779852316.1738,3704347300244.7148,3048674598650.4727,143863183.5716784,167281589.47825232,44873983.043545917,47635540.603913724,0.31192124301342117,0.28476260150616667,-8.7068906384442482,16.278248072347111,6.1540281763889331
flow01,15,1,190.5,128,3983128468641.1401,3613900112762.6997,4855299546642.4521,3674828858294.8047,207990094.21769518,280781564.82744497,50974273.455563813,57419200.910856426,0.24508029407501983,0.20449775948126631,-16.55887297953506,34.997566054064947,12.643490565708401
flow01,16,1,177.79999999999998,128,3454721685107.5854,3150989117599.3335,4070445409572.0479,3272997869076.3618,193304759.91749051,244860010.48069805,45786787.509246893,51140591.704318248,0.2368632181059088,0.20885644660359753,-11.824027270366891,26.67045063205541,11.69290200582455
flow01,17,1,152.39999999999998,128,2477674122807.1655,2334640468427.8647,3628014003102.8042,3150406611235.8237,161676977.18421984,181422425.85827893,47611732.324183792,49225103.300559834,0.29448677946231938,0.27132865778684284,-7.8638917909181396,12.212900697395218,3.3885996111016317
flow01,18,1,152.39999999999998,128,2781112074984.6621,2578738633709.3711,3488663246379.918,3050989659315.2759,181516743.46465337,200370332.91609532,45782982.235956937,47671713.426801272,0.25222456816978001,0.23791802275820798,-5.67214586405471,10.386694412635984,4.1254000910429269
flow01,19,1,215.90000000000001,128,2990540916467.0801,2577915330257.3994,4070264900201.8726,2760990323793.5815,137764765.2383388,200316708.4278698,37705094.026881643,43140473.809274793,0.27369185409382618,0.21536133529674512,-21.312478951998472,45.404892231561185,14.415505179533634
flow01,20,1,152.39999999999998,128,2305084773213.0635,2160279814343.6484,3469675161832.5698,3016757293104.5098,150467129.33604211,167864373.43901482,45533794.774705648,47136832.704758048,0.30261622572072772,0.28080307774110791,-7.2081884993669441,11.562155920526006,3.5205454278168324
flow01,21,1,190.5,128,3051977554554.0479,2719283254075.272,3776907783402.0254,2747407639593.4902,159325988.46864626,211323523.92410156,39652575.153827041,42928244.368648365,0.24887700704038165,0.20313992295560226,-18.377384326772418,32.635940912858601,8.2609242958718028
flow01,22,1,203.19999999999999,128,3427526531978.3589,3080343452122.2837,4294569406108.7607,3145260392182.6802,167742738.76010522,239370211.01026845,42269383.918393321,49144693.627854466,0.25198935125796562,0.20530831058901589,-18.525005297212576,42.700788588291857,16.265459943146666
flow01,23,1,177.79999999999998,128,3144111646068.6035,2853999498166.9844,3909058668409.291,3050329307675.4028,175866078.20306781,221798449.83696905,43971413.592905417,47661395.432428256,0.25002782823264424,0.21488606195156609,-14.055141993386302,26.117811975578579,8.3917744234590632
flow01,24,1,165.09999999999999,128,2906442270433.8257,2713203029906.4243,3404291607232.5371,2819046010273.5713,175095346.81271052,210818338.57249245,41239147.27113916,44047593.910524629,0.23552394750530017,0.20893625387991724,-11.288743207220833,20.40202233243398,6.8101472150248243
flow01,25,1,152.39999999999998,128,2527406805768.9092,2407593916365.1035,3239987631289.77,2836436099185.3369,164918633.24791977,187106058.998842,42519522.720338196,44319314.049770974,0.25782121694168553,0.23686733763146209,-8.1272905150249244,13.453559075746281,4.2328587300249509
flow01,26,1,190.5,128,2918930113751.4663,2568484830011.1753,3905082587170.7598,2750856295842.356,152425318.23652673,199568448.91612774,40998242.384994857,42982129.62253689,0.26897265401391934,0.21537537549635868,-19.926664557798134,30.92867459620221,4.8389567994459339
flow01,27,1,139.69999999999999,128,2772331574370.5845,2698635930453.6216,3354544668162.1318,3153809713222.1997,197363502.41734773,209708125.78302443,48024977.35378857,49278276.769096963,0.24333261603877629,0.23498506118967932,-3.4305121051946199,6.2547650474770053,2.6096824701772063
flow01,28,1,165.09999999999999,128,3363522510177.6021,3149053055718.0537,3752550957318.8003,3099394310005.3979,202647863.25849918,244665324.75166434,45457915.897259854,48428036.09383443,0.22431973950435088,0.19793583803912124,-11.761738634115124,20.734223799620015,6.5337799543810835
flow01,29,1,203.19999999999999,128,3523624778683.3535,3180412618286.3516,4061265625427.7622,2833370957414.1895,172529970.65356886,247146479.40131786,39973086.864446484,44271421.20959679,0.23168778568165613,0.17913029275933404,-22.684619634863783,43.248432991143922,10.753070834200201
flow01,30,1,215.90000000000001,128,2712349435392.4497,2346432231314.4575,4512193868177.3916,3058840199839.5513,124949363.22510435,182338751.20128638,41798924.207294047,47794378.122493073,0.33452690856847817,0.26211859962631956,-21.644987918015723,45.930116404668134,14.343560340131434
flow01,31,1,190.5,128,3176574499168.0444,2846611347640.6724,4322354592273.8052,3236156039604.0522,165810330.18739653,221212851.68273473,45379050.837520272,50564938.11881341,0.27368048049981869,0.22858047231059639,-16.479073738418176,33.413190500690185,11.427932461305135
flow01,32,1,152.39999999999998,128,3601415855199.4375,3382017584113.8813,3332762698080.6362,2902318173297.1831,235010186.69963196,262833352.96996641,43737043.281898119,45348721.457768567,0.18610701049226738,0.17253792543958643,-7.2910123142538668,11.839132022772878,3.6849271348378716
flow01,33,1,203.19999999999999,128,2717147906130.6396,2247573275710.1646,3959443371422.9502,2772413805080.1875,132992037.18829761,174674573.74303013,38970899.325029045,43318965.704378009,0.29303182467873512,0.2479981188796605,-15.368196218430279,31.342129525932471,11.157213342922317
flow01,34,1,165.09999999999999,128,2769439105772.4009,2571098829120.583,3278711831246.6909,2718847710508.2583,166855109.6391122,199802514.10832885,39717890.142297901,42481995.476691611,0.23803820109676582,0.21261992456040238,-10.678234173862943,19.746116580114307,6.9593458375827799
flow01,35,1,114.3,128,2584683405000.2231,2674289060351.6206,2544246287522.812,2836438377486.3218,224954426.21723053,207842998.42480791,44518745.18850065,44319349.648223862,0.19790117463841531,0.21323474922951244,7.7480968059502748,-7.6066197407908405,-0.447891196017566
flow01,36,1,152.39999999999998,128,2305008038640.9951,2202362591742.9897,3093342857594.5928,2695718264826.9116,150498038.7826224,171103477.79295257,40595050.624600962,42120597.887920573,0.26973807069496752,0.24617032003808542,-8.7372726423677971,13.691500020204533,3.757963692241626
flow01,37,1,127,128,2185461066471.8887,2192204032052.7112,2696949345801.8721,2711743631420.2056,171138276.96442291,170349442.01872,42471643.240974367,42370994.240940787,0.24817150198259613,0.24872986808072176,0.22499202916730571,-0.46093425719536568,-0.23697929336644785
flow01,38,1,114.3,128,1953623342241.4529,2026846109080.5857,2255612459250.1694,2477250680129.5513,170030966.71272057,157495917.8431662,39468284.501315303,38707041.877024308,0.23212409635945774,0.24576536590344281,5.8767141188395877,-7.3722152569615327,-1.9287451529990527
flow01,39,1,177.79999999999998,128,1884022115021.2979,1554737971504.9624,3542770585470.8271,2690819648303.166,105416210.82746664,120832637.93481161,39851187.688085802,42044057.004737042,0.37803661671457467,0.34795281906714248,-7.957905747036687,14.624341916991154,5.5026448240759356
flow01,40,1,190.5,128,2516691508748.7583,2151795099933.49,3778255841373.3281,2593859164189.5801,131363583.75310163,167209388.0189853,39666727.993420772,40529049.440462261,0.30196137209513513,0.24238501151538519,-19.729795293478787,27.287474383506467,2.1739162534013796
flow01,41,1,203.19999999999999,128,1985838045187.7649,1623967917856.4023,4015960896640.1958,2760915446244.7822,97191419.524026141,126203337.81954783,39527174.179529496,43139303.8475748,0.4066940721012744,0.34182379478154251,-15.950632617919736,29.850287646379957,9.1383453105938699
flow01,42,1,228.59999999999999,128,2571528868628.6133,2171070145420.4211,4304595669915.543,2570542946224.6934,111875641.92385295,168720265.94841638,37660504.54869242,40164733.534760907,0.33662827672824142,0.2380551815099714,-29.282476260260115,50.810545572783539,6.6494833674644287
flow01,43,1,190.5,128,2152721000256.6389,1893765969864.762,3462533147372.1377,2430400077387.5088,112435663.4262041,147162537.83268002,36352054.040652372,37975001.209179893,0.32331426642500882,0.25804801798373772,-20.186628064063264,30.885995909357099,4.4645267271901208
flow01,44,1,190.5,128,2616907157698.5308,2305533037868.8311,3874889096096.2769,2809511745633.8428,136604013.46452704,179160518.41088626,40681250.352716826,43898621.025528871,0.29780421029343201,0.24502396741703933,-17.723135218399811,31.153187865457681,7.9087310368206962
flow01,45,1,190.5,128,2731516695308.4819,2392232751052.4341,3856919031688.6094,2834941602415.7378,142596591.78988463,185902662.5421654,40492588.259198003,44295962.537745982,0.28396603138217802,0.23827503023362573,-16.09030521226628,30.369639420339055,9.3927665334755002
flow01,46,1,139.69999999999999,128,2352941489452.3257,2289752094543.4385,3126282649187.748,2929216208040.2617,167534688.07294548,177915816.46994585,44757088.750003554,45769003.250629172,0.26715117486902823,0.25725089628757447,-3.7058712492308534,6.196405363216706,2.260903309144604
flow01,47,1,139.69999999999999,128,2184566886305.3943,2109817012284.2678,3169910276999.25,2964563126237.2393,155546040.35515076,163934697.22650632,45381678.98352541,46321298.847456947,0.29175721143339695,0.28255945587562492,-3.1525375200097536,5.393037876246896,2.0704828137201363
flow01,48,1,177.79999999999998,128,2771933304729.3369,2527103823038.2915,3515957415972.9458,2746757633014.376,155071324.30726129,196358261.25091013,39549577.232541576,42918088.015849702,0.25504120384099699,0.21857032009979041,-14.299996703255841,26.624482074998028,8.5171853127585386
flow01,49,1,177.79999999999998,128,2679941760807.1074,2450470578559.3911,3653743911085.7051,2873812247877.2202,149950100.59071445,190418542.08707389,41099481.564518623,44903316.373081647,0.27408772253310298,0.23581378095284661,-13.964121131195082,26.987938878958921,9.2551892718931335
flow01,50,1,101.59999999999999,128,2226370899298.7334,2376749048409.0483,2253965378953.042,2716075538905.2153,217913106.61418369,184713722.75674787,44369397.223485082,42438680.29539407,0.20361050288747126,0.22975380313937027,12.839858396866463,-15.235147795040849,-4.3514608016109531
flow01,51,1,165.09999999999999,128,2615050155327.4785,2452602862046.1055,3281455575073.7363,2719964702505.1406,157550220.82644546,190608850.94101128,39751127.499379009,42499448.476642899,0.25230765968375346,0.22296681537519697,-11.628994674728775,20.982915759275656,6.9138189282978812
flow01,52,1,152.39999999999998,128,2118230014822.5979,1984059355709.2463,3227953473055.9497,2776623031268.6855,138281965.46995941,154143308.27369648,42361594.134592526,43384734.86357329,0.30634214657438624,0.28145714108159314,-8.123271894208818,11.470290250671059,2.4152554923452865
flow01,53,1,177.79999999999998,128,2202248254995.4795,1929195841733.5474,3323016012397.5312,2591616688344.9902,123201215.83475482,149896397.00871131,37379257.732255697,40494010.755390547,0.3034000718174007,0.27014665838190371,-10.960252328321902,21.66795270085786,8.3328380821404995
flow01,54,1,177.79999999999998,128,1540670280876.332,1334506817911.7205,3257512700798.2852,2426058507114.54,86217560.476909921,103679002.96671422,36642437.579283305,37907164.173664756,0.42499970280528387,0.36562045437333845,-13.971597636422436,20.252767989742274,3.4515350995548824
flow01,55,1,177.79999999999998,128,2001533226142.7461,1793889276826.4487,3301152239272.5991,2523952385021.0181,111972538.26179181,139386825.37023598,37133321.026688412,39436756.015953481,0.33162882259461424,0.28293029783268614,-14.684647848434324,24.483045159117108,6.2031483464932951
flow01,56,1,152.39999999999998,128,2072933509685.5815,1937813984122.6194,2868046601497.3101,2435157859474.2568,135321989.70768577,150577683.56037545,37638406.84379673,38049341.554285333,0.27813962036104334,0.25268911471220179,-9.1502625968228237,11.273625140780219,1.0917962393945735
flow01,57,1,190.5,128,3246747649492.687,2966998249719.0796,3910403975146.7192,2929737046873.5552,169514391.37168574,230556320.90818599,41054109.975293644,45777141.357399382,0.24218657568298343,0.19855079738034651,-18.017422385853106,36.009880366237844,11.504405734159278
flow01,58,1,177.79999999999998,128,2442165976549.4009,2132432800945.218,3775867428453.6934,2941133752305.4683,136605243.77192187,165717643.92390576,42473199.420176536,45955214.879773028,0.31091924619738914,0.27731033215071987,-10.809531560916119,21.311334285666501,8.1981473190889176
flow01,59,1,215.90000000000001,128,2403955771538.4541,1999119734244.2998,3692056952462.2153,2527383825902.7773,110744337.8352824,155361505.27659842,34201546.572137244,39490372.279730968,0.3088333655758323,0.25418376456525793,-17.695497670298018,40.288441209227486,15.463703363351231
flow01,60,1,152.39999999999998,128,2220799234910.1982,2036690267606.4548,3078888252315.873,2701179181820.604,144955856.15577963,158273120.93908224,40405357.641940601,42205924.715947017,0.27874249936144835,0.2666651448175566,-4.3327998319448646,9.1871174690527493,4.4562582268481998
flow01,61,1,127,128,2665687148014.3667,2672620888740.4854,2627389725793.0464,2647045811841.8984,208754510.33114585,207707984.23466563,41376216.154221207,41360090.810029738,0.19820513620801006,0.19912614800258074,0.46467604835634202,-0.5013190348894131,-0.038972496014051644
flow01,62,1,152.39999999999998,128,2312192129110.3931,2188119002298.3513,3289179704517.2656,2898674725997.4912,150888511.24380371,170053968.05348763,43165087.985790893,45291792.593710884,0.28607272767139508,0.26633775801964887,-6.898584780306388,12.70173365201849,4.9269090071588888
flow01,63,1,127,128,1866394626413.3303,1876089708301.0098,2619700768753.5532,2635936052947.0459,146160548.73949403,145800232.0335058,41255130.216591395,41186500.827297665,0.28225899924692777,0.2824858386907968,0.080365708258813062,-0.24652117763352865,-0.1663535878651278
flow01,64,1,139.69999999999999,128,3363850617661.8057,3301004947262.8516,2847501415717.5757,2665691195595.5352,239468336.49644685,256550713.31893623,40765947.254367582,41651424.931180313,0.17023522963743665,0.16235162394345207,-4.631007172119963,7.1334595096846307,2.1721013160508917
flow01,65,1,152.39999999999998,128,2646849395625.3281,2516384762984.4966,3398719283797.5913,2966958076834.0762,172742487.01280791,195540530.90461192,44602615.27293428,46358719.950532526,0.25820292415743235,0.23707985109822127,-8.1808031911876569,13.197705026739403,3.9372235615607125
flow01,66,1,190.5,128,2730280258643.502,2437586700881.6582,3843821458588.7178,2822292796161.5264,142519679.78122091,189422268.00841278,40355080.930065282,44098324.940023929,0.28315444570190973,0.23280433395542174,-17.781854571160068,32.90955206971492,9.2757688094979418
flow01,67,1,241.30000000000001,128,3118053791820.4731,2643813404976.314,4488238113406.8711,2800753398353.583,128523244.70865878,205469154.02543652,37200481.669348292,43761771.849274814,0.28944555324350635,0.21298463050009553,-26.416340443511789,59.869255161742572,17.63764845371011
flow01,68,1,177.79999999999998,128,3477061182270.8086,3184850387711.21,4010185063259.709,3173894197193.0151,194576451.86138266,247433814.77268317,45108943.343753763,49592096.83114095,0.23183146219507395,0.20042570526062126,-13.546805354670283,27.165344215936461,9.9385025564070784
flow01,69,1,190.5,128,3181533220625.4023,2799173343914.7173,4066947955414.626,3017463599602.1045,166123926.43634561,217503927.37154937,42697616.329812355,47147868.743782967,0.25702267726120098,0.21676789616420578,-15.661956962687002,30.928718118693904,10.422718635146277
flow01,70,1,165.09999999999999,128,2965814681120.4126,2731642275976.7695,3747187655923.6973,3008520886425.3394,178697218.60877445,212278496.72796801,45392945.559342191,47008138.850396015,0.25402155619848743,0.22144559894182925,-12.824091681102834,18.792278011172488,3.5582473689491732
flow01,71,1,228.59999999999999,128,2644362928968.876,2197035172143.6965,4455553189787.7295,2867971907926.8164,115064290.54785749,170751316.5248749,38981217.758422837,44812061.061356589,0.33877771785513061,0.26244050103606908,-22.533128005692845,48.396444902127193,14.958084016433421
flow01,72,1,152.39999999999998,128,2544618909376.2676,2428393128784.1328,3476011710422.1699,3121029707794.6812,166128233.82219395,188702971.27549666,45616951.580343448,48766089.184291981,0.27458879523854446,0.25842777596276423,-5.8855348637735245,13.588742222748431,6.9034371979067339
flow01,73,1,165.09999999999999,128,2688470697825.1025,2499620999837.7485,3419244457090.7495,2828225981747.6162,161970381.08973926,194252922.11422464,41420284.156156875,44191030.964806587,0.25572752176960106,0.22749223272338404,-11.04116164378105,19.931138525011757,6.6893476592382495
flow01,74,1,190.5,128,2789197087483.1641,2439187041105.2275,3781227084266.3105,2815014410697.9805,145605222.91069484,189541733.04867694,39697922.144528203,43984600.167156026,0.2726407841075621,0.23205760261704567,-14.885220354452022,30.175092115294529,10.798242807322048
flow01,75,1,241.30000000000001,128,3198538362516.353,2602644431827.1499,4676371213426.2119,3080260958390.2695,131829906.1961886,202259176.94704783,38759811.13490437,48129077.474848047,0.29401379590775262,0.23795744747566341,-19.065890516809965,53.424350197175094,24.172631562454576
flow01,76,1,203.19999999999999,128,1961308492944.6746,1629775948973.4722,4215429555249.5435,2947734461774.4995,96001819.596633375,126651425.58894426,41490448.378440395,46058350.965226635,0.43218397893674293,0.36366231766480167,-15.854743491537548,31.926067777767113,11.009528133130157
flow01,77,1,165.09999999999999,128,3158890201458.792,2923065462224.9502,3158558443140.9297,2515153763636.6245,190303788.58519062,227171776.40216744,38262367.5728762,39299277.55682233,0.20105941062622526,0.1729936622375568,-13.958932984660652,19.373228505365589,2.7099995366757819
flow01,78,1,177.79999999999998,128,2647298463667.4756,2378627749989.6792,3712674199441.8608,2883324427354.4814,148096075.9678809,184821535.58281443,41762364.448164918,45051944.177413851,0.28199507769012289,0.24375917035505354,-13.55906906186703,24.798401561226065,7.8769001054332808
flow01,79,1,190.5,128,2446087017390.6733,2056746719260.0093,3782060887171.1621,2733480491681.311,127738082.40025984,159815214.73835206,39706675.980799608,42710632.682520561,0.31084446575909175,0.26725010351765316,-14.024493611292005,25.111643869508232,7.5653693680466567
flow01,80,1,165.09999999999999,128,1926225034368.437,1675519072542.9548,3032388497503.5229,2438028460949.1182,116033967.63320033,130199440.80303226,36733961.205372788,38094194.702330038,0.31657937718284357,0.29258339718954346,-7.5797672630586401,12.208039989299497,3.7029317076708277
flow01,81,1,152.39999999999998,128,2031318487898.9243,1916864373311.3206,2782164096255.541,2327037078962.9795,132576576.62585664,148942102.00857395,36511339.845873252,36359954.358796619,0.27539811914823858,0.24412139931195234,-11.35691119932846,12.344205740733779,-0.41462594283223286
flow01,82,1,114.3,128,3321104246031.689,3445168867031.0493,2351285349426.3569,2572898425898.6836,289106362.50469506,267672009.57313573,41142350.821108609,40201537.904667005,0.14230870073099985,0.15018954715802207,5.53785284142187,-7.4140024957808501,-2.2867262022346773
flow01,83,1,190.5,128,2574066056383.5552,2248984690233.2598,3669947672546.6841,2689254329797.3584,134409661.58920202,174784264.59620976,38529634.357445508,42019598.903083801,0.28665822011518882,0.2404083628475272,-16.13414652790242,30.038467867291541,9.0578709189434292
flow01,84,1,127,128,2735622730410,2743617578261.7129,2637789953259.0063,2655290761404.376,214342869.76000157,213154051.53287315,41539999.263921365,41488918.14694345,0.1938016380504444,0.19464287846550701,0.43407291265703896,-0.55463390429526715,-0.12296850718117495
flow01,85,1,177.79999999999998,128,2162151494186.3167,1918009584518.1472,3184201297078.0278,2443782337908.6602,120940076.74279445,149061883.86890087,35817787.368706733,38184099.029822886,0.29616144071812606,0.256162729456751,-13.505712007743822,23.252678420168021,6.606526630909511
flow01,86,1,177.79999999999998,128,2731413833613.9033,2414095509346.2891,3724841439564.5767,2901072416651.3691,152793163.52552009,187625869.77826965,41899228.791502558,45329256.510177724,0.27422188156019423,0.24159385144354781,-11.898405018231291,22.797293706751269,8.1863743500949564
flow01,87,1,177.79999999999998,128,2518427072547.3032,2234728676728.6504,3621484799711.4248,2722636161008.7764,140933878.66904879,173613544.02817723,40736611.920263506,42541190.01576221,0.28904768892314525,0.24503382068427701,-15.227199498755054,23.187941513955789,4.4298679012160482
flow01,88,1,190.5,128,2410106633555.5176,2087610288509.208,3690074824401.4517,2604085887717.769,125806727.92308335,162225973.51063791,38740943.038335457,40688841.995590217,0.30794015294651955,0.2508158287792433,-18.550463010647761,28.94856752797897,5.0280112059410857
flow01,89,1,203.19999999999999,128,2966324710524.918,2513387847476.9678,3814300552511.1475,2607535020847.2871,145190470.9945983,195302605.4424077,37542328.272747517,40742734.700738937,0.25857294914446727,0.20861337004924627,-19.321270558471333,34.514754380591398,8.5247947456541695
flow01,90,1,152.39999999999998,128,3271607391307.6035,3071195374244.2759,2936440500937.1729,2535367041640.2632,213520972.47901684,238671652.97033635,38535964.579227999,39615110.025629185,0.180478592485874,0.16598163012912476,-8.0325107576866301,11.779021142193008,2.8003592441095324
flow01,91,1,127,128,2124225138740.9119,2132227762169.1079,2570907891276.9434,2589120377299.1211,166343036.58198249,165705990.01583543,40486738.445306197,40455005.895298839,0.2433930465454274,0.2441372571470278,0.30576493953433564,-0.3829715864499621,-0.078377639755363118
flow01,92,1,152.39999999999998,128,2329930652383.9331,2209849595668.9165,2740013505171.999,2338332434033.5801,152023005.5339843,171733931.43180063,35958182.482572176,36536444.281774752,0.23653119050151805,0.21275029330056527,-10.054021691824255,12.965752011401991,1.6081507998432401
flow01,93,1,101.59999999999999,128,2398630419500.8384,2595739875602.3311,2491347548896.2422,2999461437340.0732,234765915.35937819,201717393.06263083,49042274.584571704,46866584.958438732,0.20889861507151963,0.2323378477526091,11.220386824041263,-14.077223367862787,-4.4363554597800539
flow01,94,1,177.79999999999998,128,1967760545958.0525,1758454902456.8586,3390539169638.9541,2720379110692.1558,110087274.36799014,136640600.1952894,38138798.308649659,42505923.604565009,0.34644148043090439,0.31107828525207526,-10.207552263904525,24.120250028662831,11.4506106368981
flow01,95,1,177.79999999999998,128,2775530616366.5146,2563870465643.3799,3611310877667.4492,3006687921443.4233,155281232.27300689,199230499.00682053,40622169.602558494,46979498.772553578,0.26160385906223899,0.23580475382408828,-9.8618978063365521,28.303012598808124,15.649900613862542
flow01,96,1,190.5,128,2805618157269.416,2231730369392.8564,3624490769680.3071,2734488264435.5625,146492958.95510569,173416433.21181291,38052396.532076724,42726379.13180574,0.25975580535401899,0.24638022095414239,-5.1492918056815435,18.378681438852091,12.283017695847427
flow01,97,1,114.3,128,2488910078224.6558,2634598819930.5049,2746045405752.1851,3012204540026.2871,216543752.7840293,204731870.0840551,48049788.377116106,47065695.937910825,0.22189413344581099,0.22988944475809969,3.6032098677549058,-5.4547326108986542,-2.0480682068393024
flow01,98,1,165.09999999999999,128,2843557471276.4829,2626568850026.6748,3381098247031.0933,2880524735740.4536,171306922.79007921,204113141.73148775,40958185.91194541,45008198.995944671,0.23909241520925503,0.22050613014988163,-7.7736824244744787,19.150550606533006,9.88816519536838
flow01,99,1,165.09999999999999,128,2591069049973.7061,2405710566604.6104,3463717531448.2422,2886480913515.5986,156092916.11728323,186950036.29595229,41959025.214394219,45101264.273681313,0.26880800396391819,0.24124768931461188,-10.252787953816174,19.768430846332585,7.4888275960451418
flow01,100,1,190.5,128,2991830863067.418,2630228519271.5806,3908326465037.9146,3008168758911.8022,156275564.41888568,204386979.53679544,41032298.845542416,47002636.857996993,0.26256375395681325,0.22996884128587647,-12.414094550269885,30.786268663826732,14.550337613129297
flow01,101,1,139.69999999999999,128,2431597024538.1309,2243411849231.5757,2973931648092.043,2759091162451.0063,173126943.22326818,174315137.33977932,42575972.055720016,43110799.41329705,0.2459234320380343,0.24731529384774215,0.56597364398061367,0.68631380788535956,1.2561718071335968
flow01,102,1,215.90000000000001,128,3072283314454.6538,2666471503582.8301,4256370023822.4868,2824331069454.9556,141530379.07989112,207219366.99159455,39429087.761208773,44130172.960233763,0.27859098532444282,0.2129635545215415,-23.556911120606653,46.413348384111444,11.922886036562135
flow01,103,1,190.5,128,3778498068549.3203,3404031188546.9253,3841645196718.978,2783521077201.02,197328724.90357584,264509976.36429152,40332233.036419719,43492516.831266016,0.20439108931620553,0.16442675406453003,-19.552875512027938,34.045348184124549,7.8356281240182817
flow01,104,1,203.19999999999999,128,3521890000147.2109,3057207915199.0098,4244631498287.2007,3119683294692.0981,172358071.90240505,237560101.12680772,41777869.077629931,48745051.479564123,0.24238997696194911,0.20519039707574629,-15.346995924688125,37.829402768744274,16.67672994280311
flow01,105,1,177.79999999999998,128,3225360724194.917,2969665462132.0435,3725438840148.0107,2964060223534.061,180393981.09080803,230775502.93840802,41905948.708076619,46313440.992719784,0.23230236649071842,0.20068612310675124,-13.609953209508262,27.928604681238546,10.517581442545175
flow01,106,1,190.5,128,3254631304189.3999,2952898586045.2583,4216639598592.2759,3201124199690.3564,169958444.92666706,229454752.89090875,44269182.137451723,50017565.620161913,0.26047062360774598,0.21798443915407631,-16.311315212901498,35.006385231350464,12.985068178720786
flow01,107,1,215.90000000000001,128,2950888074912.5347,2489308952598.2725,4674283968703.6758,3354171459067.4355,135938084.19287479,193461536.89802283,43300453.623934008,52408929.047928773,0.31853070374669595,0.270901027089196,-14.952931098088532,42.315921286290383,21.035519634741476
flow01,108,1,165.09999999999999,128,2687936846968.8765,2455052413558.1982,3453339750791.0942,2868265005769.0356,161954434.10777149,190774582.411814,41833310.124664992,44816640.715141267,0.25830296252850538,0.23491934904828249,-9.052785632546648,17.795220280825621,7.1314715034163587
flow01,109,1,177.79999999999998,128,3225871161944.5444,2925659210186.7109,3257891235043.6611,2454773019345.7397,180452721.55157593,227379228.232871,36646695.557296529,38355828.427277252,0.20308197760720603,0.16868659782763901,-16.936697280983424,26.004876112595959,4.6638116861273904
flow01,110,1,190.5,128,2624375693055.3218,2255643703351.1104,3818918541565.9395,2824786308564.2451,136993875.17644829,175301782.88603827,40093632.982319579,44137286.071316414,0.29266733954842089,0.25177887722915843,-13.970968671240339,27.963226575092758,10.085524279578252
flow01,111,1,177.79999999999998,128,3016357978365.3521,2771503450459.7231,3374754152537.0132,2584466644698.1216,168795486.24761364,215337211.38697556,37961239.061158761,40382291.323408224,0.224894870740037,0.18753048329783797,-16.614157236778286,27.572849353973712,6.3776955708662264
flow01,112,1,165.09999999999999,128,2432284426500.3574,2126876135890.1013,3113619678174.6836,2488795039486.624,146533174.79434243,165294358.34453061,37717985.198966496,38887422.491978571,0.25740236128715044,0.2352616440237103,-8.6015983508172287,12.803369323376282,3.100476567990484
flow01,113,1,165.09999999999999,128,2415750568199.6621,2176713924492.4968,3095412371284.7056,2496727294674.1216,145531262.78363585,169171970.03381044,37497424.24330353,39011363.979283221,0.25765889422021765,0.23060181879708838,-10.501122231784453,16.2444184142906,4.037449948978983
flow01,114,1,177.79999999999998,128,3029965208959.5605,2606078090242.7485,3585753800689.6172,2834502746649.7021,169534873.67315713,202494633.5085358,40334688.421705484,44289105.416401677,0.23791381411865689,0.21871742795857724,-8.0686303278319382,19.441286103130107,9.8040102686604236
flow01,115,1,177.79999999999998,128,2904381535814.7612,2587173923342.5825,3667416531047.3862,2692397124195.0488,162499055.96888959,201046531.84829122,41253279.314368807,42068705.065547712,0.25386780906755996,0.20924859871391646,-17.575765323507131,23.72166142724025,1.9766325604444417
flow01,116,1,203.19999999999999,128,3113981608775.9629,2751356705376.5005,3853379441473.2188,2666287467871.9331,152405325.12812752,213810523.62388653,37926963.006626174,41660741.685499027,0.24885589118845347,0.19484888292394961,-21.702121660284689,40.290717167615711,9.8446550498138485
flow01,117,1,190.5,128,2771720406205.3271,2382754397355.6714,3786174638873.0664,2772670987522.4209,144775781.31320834,185156525.63466787,39749864.975045323,43322984.180037908,0.27456156419595035,0.23398032573541824,-14.780378520705797,27.891919459995666,8.9890096664121089
flow01,118,1,152.39999999999998,128,2903854729651.9897,2728227187091.8574,3203502572045.5396,2790556618523.0273,189490875.1453619,212007630.84005737,42040716.168576643,43602447.164422378,0.22186142808368184,0.20566451778953609,-7.300462470671822,11.882765160814451,3.7148058790992997
flow01,119,1,190.5,128,3463709368084.3491,2949090714501.4258,3706851617969.7734,2741928838320.7422,180829523.69729313,229188459.6774182,38917077.354013376,42842638.098761678,0.21521417829513384,0.18693191689957911,-13.141448960100513,26.742832139002619,10.086987542869718
flow01,120,1,152.39999999999998,128,2897714075837.8403,2740542354263.7598,2904748418534.0381,2452183260660.2256,189102471.81326544,212959128.82723656,38120057.986011006,38315363.447816096,0.20158413383223109,0.1799188588853568,-10.747510002401908,12.615729866042708,0.51234303441186246
flow01,121,1,203.19999999999999,128,3168528022464.1689,2817642781321.3315,3957264907138.8442,2768348972162.5474,155064860.25907603,218956021.49551213,38949457.747429572,43255452.690039881,0.25118171636278142,0.1975531542571734,-21.350503883074179,41.202862550347874,11.055339898523949
flow01,122,1,152.39999999999998,128,2432960034844.7764,2253890426865.9629,2856561263308.2515,2495261755623.5786,158748895.81717789,175170048.51345372,37487680.620843202,38988464.931618489,0.23614451255154328,0.22257495081200498,-5.7462956021798179,10.344105142745144,4.0034066816629066
flow01,123,1,190.5,128,2434260425055.7476,2077925043227.8467,3440650430506.8193,2501595847100.4697,127151379.63317788,161473343.40859899,36122314.231042728,39087435.110944912,0.28408904673510327,0.24206741673786,-14.791710725977417,26.992993606862452,8.2085573502763669
flow01,124,1,203.19999999999999,128,3194809519481.8535,2807888906140.7793,3716275421021.728,2563334669979.8115,156353595.98672992,218198058.23705536,36577513.986434333,40052104.218434624,0.23394098329237498,0.18355848141838688,-21.536415366358021,39.55423081895367,9.4992520084577876
flow01,125,1,177.79999999999998,128,3645253483293.1758,3374603236897.0449,3837707260598.1997,3096946961757.2222,203920225.20443985,262216507.22043058,43168810.580407202,48389796.277456686,0.21169460036211901,0.18454138067203421,-12.82660003780788,28.587788169391192,12.094346883439741
flow01,126,1,203.19999999999999,128,5489829645346.2793,5067151002671.2529,4454501669438.1006,3303911394170.5757,268715317.92405802,393752740.76171863,43843520.36848525,51623615.533915341,0.16315973613709631,0.13110668241711521,-19.645198306185211,46.531557561968832,17.74514249777814
flow01,127,1,165.09999999999999,128,4618188886524.8916,4389097433211.9224,4047292036650.5229,3442519018041.4712,278200885.041471,341098520.68827033,49028371.128413372,53789359.656898089,0.17623369933242586,0.15769449702790164,-10.51966926572546,22.608711556551398,9.7106806098348741
flow01,128,1,165.09999999999999,128,5253265651964.127,5010480002267.6084,3661250397254.2339,3069531186532.5112,316464409.06892502,389369124.98419642,44351912.746871404,47961424.789570577,0.14014818562807702,0.12317726730776925,-12.109267233287568,23.037255952340903,8.1383458325679303
flow01,130,1,127,128,3018205243026.0015,3022757546218.228,2885331924220.3701,2900979222092.7427,236416188.10892653,234895271.55571699,45438298.01921843,45327800.34519919,0.19219622134455175,0.19297025455213332,0.40273071039932395,-0.64332166311250871,-0.24318180661719352
flow01,131,1,190.5,128,2238542739885.2349,1965075571594.4224,3981092721003.4771,2877730329760.0088,116843043.3194057,152707875.39183038,41796249.03940659,44964536.40250022,0.35771277306729415,0.29444805179252559,-17.685899424918492,30.694880117409713,7.5803150663268513
flow01,132,1,215.90000000000001,128,2577250547113.5479,2161502923802.7466,4099144195983.6641,2735699624540.04,118745784.92761509,167929054.42041069,37972618.7677968,42745306.6334382,0.3197807719317709,0.25454384162984239,-20.400516862798618,41.418960279538915,12.56876144051709
flow01,133,1,165.09999999999999,128,2738169344807.8262,2533663421804.2974,3746576361726.0259,3116580685161.666,164957933.60089538,196883202.41043374,45385540.420666583,48696573.205651119,0.2751340261722352,0.24733736859955943,-10.102951626664646,19.353581917908478,7.2953472720506314
flow01,134,1,165.09999999999999,128,1997896556741.1743,1786232179723.2717,3407516133996.9937,2818734925918.4453,120370673.01022276,138802616.30885682,41278208.770405747,44042733.217475787,0.34292579527988598,0.31730477701856891,-7.4713009677227546,15.31265285612275,6.6972975073764704
flow01,135,1,177.79999999999998,128,2221807632020.728,1990004652093.0015,3476031122040.1675,2701693512294.9512,124281567.72913469,154657122.02026427,39100462.565131247,42213961.129608691,0.31461191936642369,0.27295193766813741,-13.241704822303802,24.440916578499827,7.96281772700556
flow01,136,1,152.39999999999998,128,2069251451351.8418,1938314783260.5925,2965869335609.8789,2521878286613.8032,135023028.51455671,150639942.29014787,38922169.758659832,39404348.228340745,0.28826319618852031,0.26157968218312216,-9.2566496029369905,11.566111312565857,1.2388273127389884
flow01,137,1,203.19999999999999,128,2608435790634.6968,2213350466202.5439,3763956090389.3394,2562688828766.4302,127691847.07760052,171979340.58755824,37046811.913280904,40042012.949475542,0.29012668201727021,0.23283036679100025,-19.748723153584098,34.683101954851857,8.0849090151287442
flow01,138,1,152.39999999999998,128,2402824458393.1802,2230241978234.0312,3321041817987.1362,2930938601896.4756,156860816.08740073,173260503.48555979,43583225.957836442,45795915.654632516,0.27784648228243602,0.2643182648863151,-4.8689539939430446,10.454929285221475,5.0769295942817285
flow01,139,1,177.79999999999998,128,2393331968711.9272,2131056220428.9934,3620127409674.8174,2777296113308.9741,133911005.25661099,165610665.79089299,40721343.190942831,43395251.770452797,0.30409258083687246,0.26203174513678651,-13.83158891424881,23.672184727115276,6.5663565343902803
flow01,140,1,215.90000000000001,128,2559684900209.376,2041827357011.5867,4062613756473.3569,2667342504448.9849,117922007.55129917,158684625.36784902,37634217.290165424,41677226.632015467,0.31914498465261926,0.2626418692762636,-17.70452869182882,34.567438820796056,10.742908004909037
flow01,141,1,165.09999999999999,128,2633268401049.7607,2317848279491.4614,3135838203929.7383,2519808546764.125,158647824.49219871,180094264.35234725,37987137.540033177,39372008.543189526,0.23944316703757348,0.21861889208286922,-8.6969593713386342,13.51826911512622,3.6456313711368407
flow01,142,1,177.79999999999998,128,3201632889987.4233,2805813302762.9897,3569403473322.3335,2685557906809.2241,179113502.98505241,217997350.55798003,40150770.228597686,41961842.293894202,0.22416383778697241,0.19248785449222122,-14.130728491922742,21.709054272794052,4.5106782634186331
flow01,143,1,203.19999999999999,128,4360892856652.9019,3739874097819.6021,3843205137022.5654,2635927641093.0767,213525776.39178175,290621635.49656576,37826822.214789033,41186369.392079398,0.17715342313231333,0.14171818048476328,-20.002572922953895,36.106113466753939,8.8813888679681199
flow01,144,1,127,128,5503895483982.8857,5522139710547.4209,2955763338660.2886,2973663734695.9858,431019449.34854746,429152853.1694665,46547454.152130537,46463495.85462486,0.1079938601900295,0.10826794115773261,0.25379310196045063,-0.43306541779081636,-0.18037140598769755
flow01,145,1,203.19999999999999,128,5243191287135.582,4468832139570.5674,3830871762398.2651,2736926728983.3267,256713904.3375313,347187481.12603068,37705430.732266396,42764480.140364558,0.14687724387024526,0.12317402690231463,-16.138113940148955,35.24295928651506,13.417296420828004
flow01,146,1,190.5,128,4433168666154.3076,4017123269054.1997,3715981676914.2456,2784849784523.9282,231494208.52236012,312166373.49489635,39012930.991225682,43513277.88318646,0.1685265961522204,0.13939130405375921,-17.288245750922869,34.84845927138781,11.535526241217152
flow01,147,1,177.79999999999998,128,3517859629150.501,3156010738987.9951,3786442794717.9854,2934331691986.9355,196775353.03087783,245256570.09395048,42592157.420899726,45848932.687295951,0.21645067212363836,0.18694272968806744,-13.632640705645741,24.637850379292683,7.6464200538433946
flow01,148,1,177.79999999999998,128,2691755747350.4985,2435143107985.7876,3553735353783.6909,2729392568582.3364,150583120.53501499,189212830.20590061,39974525.914327241,42646758.884099081,0.26546485271589249,0.22539041796315323,-15.095947483348379,25.653412901549665,6.6848396788968216
flow01,149,1,152.39999999999998,128,2290958408568.3989,2183097762805.6543,3092793836993.9683,2708918195848.6636,149561239.12209925,169615536.36945131,40587845.62984211,42326846.810135446,0.27137944208062414,0.24954581234787607,-8.0454250938659992,13.408753073368212,4.2845367949629249
flow01,150,1,139.69999999999999,128,2969806476136.6211,2908001410707.7754,2805008247144.3081,2575782460573.2705,211451848.2559391,225977694.40926781,40157598.384313643,40246600.946457423,0.18991367876674839,0.17809988305114252,-6.2206133819963272,6.8695763471155784,0.22163317958413184
flow01,151,1,215.90000000000001,128,2551201679441.4028,2114241031039.2773,3828669451657.6079,2540378406468.2471,117523996.08031175,164295420.1674355,35467063.007481322,39693412.601066433,0.30178571347458594,0.24159780327786609,-19.943922959026491,39.797339817446144,11.916266065486214
flow01,152,1,152.39999999999998,128,2114068913470.5215,1949906742583.9138,3031695555821.8271,2641398007475.0703,137968409.06450042,151540834.18788052,39786030.916296951,41271843.866798051,0.28837058560048284,0.27234800499797412,-5.5562465114617741,9.8373426318447788,3.7345091135805863
flow01,153,1,152.39999999999998,128,1859799393804.9543,1722318487915.4492,2895740276497.3867,2486813843731.0942,121361103.61455625,133842993.54158469,38001840.898915842,38856466.308298416,0.31313031743358205,0.2903137869239738,-7.2865925907822229,10.284917947574872,2.2489052876566196
flow01,154,1,177.79999999999998,128,2026368366751.1194,1803198531465.3318,3438598083421.5957,2734215833155.7871,113345039.16261353,140139117.27004448,38679393.514303669,42722122.393059254,0.34125351934292625,0.30485508418562979,-10.666098104242439,23.639391988731067,10.451893143724138
flow01,155,1,165.09999999999999,128,2460986777967.2231,2280617164563.7139,3498859748491.0791,2936718742790.4814,148268288.28877425,177238066.12324062,42384733.476572737,45886230.356101356,0.28586512979783141,0.2588960225067839,-9.434206721932302,19.538755163911702,8.2612218889237496
flow01,156,1,165.09999999999999,128,2285734967450.4399,2094883182576.9846,3696326760531.6826,3151024583045.4185,137715321.29559296,162770121.326958,44776823.265071876,49234759.11008475,0.32514046254129303,0.30248032445209272,-6.9693380860963927,18.193182716095379,9.955900217893042
flow01,157,1,177.79999999999998,128,1964701671386.2485,1748280001590.6389,3583998193446.7427,2897460524071.6807,109897751.96935381,135860487.24645907,40314940.308737271,45272820.68862009,0.36684044565333357,0.33323022466784241,-9.1620816035244435,23.624446189167955,12.297873547411211
flow01,158,1,152.39999999999998,128,3236795972810.0244,3019972336291.5273,3224359571372.2876,2830889051816.4136,211290261.91525581,234666713.3899776,42314430.070502467,44232641.434631541,0.20026682577294508,0.18849133222028019,-5.8799022290469072,11.063667233323608,4.5332321880101736
flow01,159,1,190.5,128,4397184296204.9209,4075340848969.3164,3544771476907.9399,2668765367114.4717,229519544.03800678,316682220.0431602,37215448.576461315,41699458.861163698,0.16214500918622732,0.13167603427650765,-18.791188863991085,37.976145504506533,12.048787415499564
flow01,160,1,215.90000000000001,128,4074218604295.2837,3660992540907.2437,4630542908649.0547,3168775063747.2866,187700740.40612939,284506530.77237457,42895256.217221446,49512110.371051446,0.22853003203082037,0.17402802753468127,-23.848946246499786,51.574538361855062,15.425608184556051
flow01,161,1,177.79999999999998,128,2983846337646.3452,2670721037517.3672,3816654111605.3291,2928823864781.3486,166951291.26634473,207496013.6584954,42931992.256527893,45762872.887208655,0.25715280146013725,0.22054820273572523,-14.234571241910546,24.285360169792213,6.5938720331580267
flow01,162,1,190.5,128,3522472324496.271,3207857249898.2583,3927417029964.1616,2902363992038.3608,183913312.34347808,249253420.53174677,41232724.724033199,45349437.375599474,0.22419652062503562,0.18194108341162538,-18.847499102843638,35.527666461815961,9.9840907413202746
flow01,163,1,203.19999999999999,128,3139550789487.2471,2492440045153.3667,4020091500937.6162,2876748512637.9575,153666737.98211783,193704875.90873349,39567829.733637959,44949195.509968169,0.2574911802854985,0.23204989187338038,-9.8804504231599637,26.055175278904457,13.600356179644921
flow01,164,1,228.59999999999999,128,3502350500643.8438,3007118514994.2896,4448584540366.333,2916436170200.3604,152378110.18547726,233686014.98802397,38920249.696993291,45569315.159380712,0.25541890268634315,0.19500232036442602,-23.653919771203959,53.359307779560552,17.083820155709535
flow01,165,1,228.59999999999999,128,3039378548984.1729,2532907942953.3813,4437168817786.1494,2804624501063.6895,132239236.08366805,196834664.3369368,38820374.608802713,43822257.829120226,0.293561697409088,0.22263485944785796,-24.160794336323491,48.847399732707984,12.884685608323085
flow01,166,1,152.39999999999998,128,2532025393029.9717,2416771513531.3555,3462155017518.5767,3029013154342.6748,165252262.75553802,187795040.79542586,45435105.216779232,47328330.536604382,0.27494392185111904,0.25202119468192669,-8.3372372863746804,13.641433807920661,4.166877815715897
flow01,167,1,165.09999999999999,128,2913000790497.2778,2657238669942.0928,3326443878702.1602,2690353102074.1255,175483429.70954853,206517859.59835511,40296109.978221208,42036767.21990829,0.22962914529831865,0.20355027551449167,-11.356951117832658,17.68510561947258,4.3196657012993382
flow01,168,1,215.90000000000001,128,3010764847222.8613,2581695121117.8931,4329144368750.8979,3000218175018.4072,138702789.16766641,200615598.23566192,40103236.394172288,46878408.984662697,0.28913071348330843,0.23367280209983929,-19.180913267683938,44.637032491938008,16.894328736707546
flow01,169,1,203.19999999999999,128,3703001301620.4819,3225066260286.0117,3998121506951.3989,2767910059177.3247,181227389.0422512,250622939.76132116,39351589.635348417,43248594.674645774,0.21713930683056976,0.17256438981935668,-20.528257947325105,38.291977325177449,9.903043499408696
flow01,170,1,190.5,128,4206906747708.5791,3725109757833.0771,3515663370332.6792,2586094179763.6294,219682923.13334584,289444409.97975516,36909851.657036006,40407721.558806784,0.16801420488488317,0.13960442891826122,-16.909151214974489,31.755534682167642,9.4767920886617549
flow01,171,1,228.59999999999999,128,3177068984240.585,2633033660007.9536,4470633125602.9131,2975904899858.2549,138225962.15269667,204573255.54999733,39113150.705187343,46498514.060285315,0.28296529896445566,0.22729517568302648,-19.673834030236375,47.999154691365106,18.882046631233152
flow01,172,1,215.90000000000001,128,3047125242638.0747,2628039959214.4067,4181986048629.9937,2752666014315.0063,140403673.79804647,204164180.81871355,38740028.241130099,43010406.473672055,0.27591890719934364,0.21066578035969447,-23.649385793089429,45.412278251620947,11.023167577374442
flow01,173,1,177.79999999999998,128,3681183413490.7949,3462195222885.0786,3716145667833.0376,2831088768290.7593,205911048.79758498,269071305.17536581,41801413.586423375,44235762.004543193,0.20300714230985764,0.16440163314966927,-19.016823113180568,30.673563534644867,5.823603101571825
flow01,174,1,177.79999999999998,128,3316188889838.0688,3043294676566.2798,3557105441795.1328,2742744907829.2065,185473987.8859033,236497298.61158854,40012434.665862016,42855389.184831433,0.21573070769619823,0.18120878942983193,-16.002320038268095,27.509685485963072,7.1051775347101804
flow01,175,1,203.19999999999999,128,3865738619251.269,3397966248325.1738,4098000529354.9663,2938275127016.8594,189213409.06463957,264079624.20351478,40334650.879478022,45910548.859638512,0.2131701504606304,0.17385115946793847,-18.444885884693132,39.567076936550109,13.824088863001579
flow01,176,1,203.19999999999999,128,2981609924030.7979,2577266132281.5132,4021287773091.3218,2799064274832.3989,145990877.29359242,200261090.2506476,39579604.065859474,43735379.294256315,0.27111011865668561,0.21839179662667838,-19.445353899448488,37.173701510071758,10.499789794465185
flow01,177,1,215.90000000000001,128,3015170155903.2686,2598747223779.3887,4415964295886.0684,3026537471378.4395,138924882.75472623,201951096.92487434,40907496.951237321,47289647.990288205,0.2944576676264688,0.234163858034799,-20.476223315113291,45.367117049450201,15.601421535662658
flow01,178,1,152.39999999999998,128,2953852999539.4834,2790232179932.918,3565060726888.4482,3167691711424.6104,192824608.37898862,216786776.96339008,46785573.843680434,49495182.99100963,0.24263279587077063,0.2283127397542708,-5.9019458046087401,12.426924543419702,5.7915483870787172
flow01,179,1,127,128,2874883481474.4854,2882529232692.8911,2775866267209.5957,2791969821443.9473,225189786.38645956,224021423.66787237,43714429.404875524,43624528.460061759,0.19412261144852719,0.19473373459467971,0.31481296361736244,-0.51883468488313389,-0.20565508011352157
flow01,180,1,190.5,128,3099157928498.6519,2639931193044.9966,3647465919451.7178,2644804384477.6504,161808654.91541082,205178040.52581981,38293605.453561351,41325068.507463366,0.23665980953602395,0.20141077671644386,-14.894389076322881,26.802883710442643,7.9163688506120682
flow01,181,1,215.90000000000001,128,2819751657960.5151,2410116363938.8525,4538918181539.6318,3323269232709.8232,129916936.71434405,187287577.36344844,42046486.165258288,51926081.761091083,0.32364129903792566,0.27725320863286002,-14.333180142015708,44.159477663215355,23.496840037957796
flow01,182,1,114.3,128,2646544901370.29,2745812554875.1548,2729345994629.2832,2969377965879.3223,230285163.51619551,213352128.26672813,47757585.207861483,46396530.716864496,0.2073845508701336,0.21746457883401368,4.860549120745401,-7.3530725952636145,-2.8499231798950762
flow01,183,1,165.09999999999999,128,3119347775218.1772,2944088982641.2168,3486319419374.9927,2879973807883.0322,187914073.98097208,228811571.21479526,42232821.555118032,44999590.748172462,0.22474538846619049,0.19666658687435615,-12.493605222986977,21.763935168562419,6.5512298046284254
flow01,184,1,139.69999999999999,128,3271689302243.7632,3195075131001.6416,3388669470804.3867,3133293950934.9727,232979152.75799492,248285887.65794638,48513521.414522357,48957717.983359039,0.20823116935666497,0.19718284613423598,-5.3057970411264765,6.5700019588667642,0.91561394820478403
flow01,185,1,139.69999999999999,128,3157762082888.4204,3071517631046.5122,3179542697440.459,2970096698358.9585,224807789.11342156,238715194.85909003,45519580.493063122,46407760.911858812,0.20248222124588963,0.19440639687495642,-3.9884115855910722,6.1863540407186743,1.9512051938418957
flow01,186,1,203.19999999999999,128,3679653789877.8853,3367513858540.0737,4285143303494.2642,3056395834696.4771,180078887.32050696,261672400.10191816,42176607.317856938,47756184.917132542,0.23421183874148674,0.18250371418052533,-22.077502503208084,45.309871687617608,13.229081128375386
flow01,187,1,203.19999999999999,128,3848361931195.7783,3472614574437.2842,4443128184883.0215,3309110843020.8521,188414995.50155514,269818336.5564096,43731576.622864388,51704856.922200911,0.23210242107562737,0.19162840295470887,-17.437999109768267,43.204279382413887,18.232318418558492
flow01,188,1,177.79999999999998,128,4812436661431.9551,4450678058318.1846,4089641711400.0317,3178943644493.1963,269173931.61118913,345866388.12437618,46002718.913386188,49670994.445206285,0.17090332127642754,0.1436132453187218,-15.968136694994604,28.491784495671819,7.9740407055650708
flow01,189,1,177.79999999999998,128,3925569648891.4009,3695835311726.416,3941846888193.0122,3108817743969.4575,219536163.78912356,287192010.38789934,44340234.962801047,48575277.249522865,0.20197235023835186,0.16913867897618071,-16.256517896347418,30.817631788338478,9.5512400650893703
flow01,190,1,190.5,128,3433157319558.627,3076041043799.5493,4186276684243.771,3099487210520.6753,179265603.37738058,239054399.12930003,43950411.383136712,48429487.664385639,0.24516923801949111,0.20258772831949032,-17.368210646645458,33.352073473936436,10.191204451313734
flow01,191,1,190.5,128,3366882988241.7603,3050068291077.1069,4489956806584.9912,3511293558708.8774,175798923.3585434,236999196.03153834,47138654.137375243,54863961.854826309,0.26813960652782587,0.23149429522758957,-13.666504465625623,34.812654994579503,16.388477479516823
flow01,192,1,177.79999999999998,128,3130516749113.1484,2838085292050.1064,4074921469518.2959,3169355883091.8457,175115413.96626535,220561677.98421416,45837136.889969587,49521185.673310176,0.26175386764525344,0.22452307275634012,-14.223589215258897,25.9521780456766,8.0372576327880516
flow01,193,1,190.5,128,2809922544104.4692,2428083563079.1362,3990162554446.2642,2889257957349.6685,146704978.45527226,188713035.02834764,41891470.387887292,45144655.583588652,0.28554907153787734,0.23922383303732686,-16.223214542795514,28.634376975749937,7.7657460231856712
flow01,194,1,177.79999999999998,128,3624963496213.3135,3385895602027.0127,4161227136058.3662,3367523048105.4702,202830433.88583705,263127936.07916638,46807954.286370829,52617547.626648068,0.23077382121421014,0.19996944608274969,-13.348297033599424,29.728034909824103,12.411551474209228
flow01,195,1,177.79999999999998,128,2419713048536.6743,2132394317225.3218,3603986104236.3594,2780059974819.2344,135364414.84581015,165693253.584874,40539776.200633973,43438437.106550619,0.29948621465110836,0.26216177283464293,-12.462824661210931,22.405326225219973,7.1501650417875666
flow01,196,1,165.09999999999999,128,2317603883044.5308,2080185676927.5454,3297502571484.0151,2699827155577.2505,139618644.47913146,161669893.7982842,39945518.733906917,42184799.305894613,0.28610447324517252,0.2609316942988078,-8.798456962535262,15.793914488583008,5.6058367570701488
flow01,197,1,177.79999999999998,128,2446766890885.6265,2118498780135.0225,3525932728615.6455,2720136850102.1792,136882960.62453666,164609278.47014856,39661785.4737418,42502138.28284663,0.28974961743070532,0.25820013718457718,-10.888532149200616,20.255492516459991,7.1614345526257104
flow01,198,1,190.5,128,2267651566652.668,1872713946725.0432,3534365738570.3418,2565771611745.5557,118446660.98833802,145526607.5218325,37106201.979741126,40090181.433524378,0.31327351628252748,0.27548351546303917,-12.0629414410528,22.862566413890466,8.0417269744082525
flow01,199,1,152.39999999999998,128,1931087775269.1345,1757548353284.2239,3027449915115.7681,2575988288824.2769,126084125.5314889,136545470.1980795,39730313.846663631,40249817.012879401,0.31510956418332914,0.29477226124375316,-6.454041784572377,8.2971148211500516,1.3075737791066946
flow01,200,1,215.90000000000001,128,2385541997801.3262,1913000962592.7122,4057333213580.0078,2691336918468.147,109907840.91485442,148626557.50517374,37585300.727929674,42052139.351064876,0.34197105879868023,0.28293825852490073,-17.262513524143674,35.228347921341388,11.884536072943776
flow01,201,1,152.39999999999998,128,2219880238249.9487,2060650908278.0793,3189116114315.2974,2780618208696.5562,144911590.94766617,160097907.27036157,41851917.510699451,43447159.510883771,0.28881000641152293,0.27137868477889221,-6.0355670668117307,10.479711266284999,3.811634197588428
flow01,202,1,165.09999999999999,128,2928831538054.96,2702329978335.1826,3699493203350.0732,3063688463714.5283,176458296.69194096,209973492.59443778,44815181.142944567,47870132.245539591,0.25397038270851291,0.22798178786310133,-10.232923448888616,18.993267265300247,6.8167773167106276
flow01,203,1,139.69999999999999,128,2495506006374.3428,2379801991560.7339,3102043188847.8291,2877885221677.604,177626747.02345949,184946210.7425428,44410067.127384812,44966956.588712648,0.25001903075734133,0.24313532247118913,-2.7532737269241152,4.1206990736122719,1.253971221728774
flow01,204,1,190.5,128,2518282821885.2847,2122937421749.5869,3710037347286.8096,2695562653337.4805,131501400.59830016,164949904.88331014,38950523.331095122,42118166.458398208,0.29619854354310665,0.25533913758964394,-13.794600562415097,25.435854015871485,8.1324789923278953
flow01,205,1,177.79999999999998,128,2783426708246.2119,2568669534911.353,3624919330093.3481,2861743633581.4434,155740367.56780174,199593109.57910162,40775245.557855442,44714744.274710134,0.26181552152882837,0.22402949865856484,-14.432308157139925,28.157595038555776,9.6614959958119453
flow01,206,1,177.79999999999998,128,2643886240905.6704,2464956947066.9204,3376224616852.5469,2553167507429.5864,147943700.9130536,191549180.70714295,37977779.717126518,39893242.303587362,0.25670426981846312,0.2082663165476005,-18.869165403877822,29.47437405240812,5.0436402568237648
flow01,207,1,114.3,128,1420510369698.5618,1473449675176.9802,2336735807124.6436,2548002938987.8906,123607169.42142306,114503163.46383199,40887765.653974518,39812545.921685867,0.33078797811939886,0.34769821826155412,5.1121084382490629,-7.3652733900507918,-2.6296857142746166
flow01,208,1,215.90000000000001,128,1990459103892.9861,1633427131456.5847,3830248089747.2837,2460666222023.3677,91708200.154049218,126931883.79928046,35481686.797103144,38447909.71911519,0.38689764642095109,0.30290190745071993,-21.710067183722899,38.40843412700648,8.3598700900945317
flow01,209,1,190.5,128,1722581167618.2227,1465655863678.5967,3381404204483.5488,2301997820369.0459,89952473.142634332,113873968.30611269,35500306.608751178,35968715.943266407,0.39465625978353752,0.31586425307122301,-19.964717335417571,26.593482455503946,1.319451518201145
flow01,210,1,177.79999999999998,128,2389474863646.4956,2178443569830.8418,3479869115096.7695,2735691812344.4595,133710113.60119554,169280158.76445094,39143634.590514846,42745184.567882255,0.29274999127788381,0.25251148675587609,-13.745006224035231,26.602359541288546,9.2008573425629816
flow01,211,1,165.09999999999999,128,3045976631522.2959,2859576885835.2529,3430413697912.4756,2828375566054.7324,183501437.51528928,222226155.93317905,41555586.891731992,44193368.219605274,0.22645918993560796,0.19886663671081875,-12.184338040171808,21.103223463665369,6.3475973393077059
flow01,212,1,177.79999999999998,128,2729681466037.3501,2500509354189.5825,3717498498420.2891,2993041332906.7847,152687739.35446987,194331998.11717692,41816631.028349712,46766270.826668598,0.27387026099895917,0.24065141757287858,-12.129408759064509,27.274134084877939,11.836534117163247
flow01,213,1,152.39999999999998,128,1661354224550.6575,1562184052615.613,2623815127941.1035,2282041327957.1509,108444505.07078165,121401931.38100621,34433269.395552546,35656895.74933055,0.31751972470230722,0.29370946033325795,-7.4988299991040677,11.948439712798043,3.5536165320858264
flow01,214,1,177.79999999999998,128,1865060069079.3694,1659005316585.2529,3106889235787.8491,2351088954853.7446,104314492.01729773,128912877.92974636,34948135.3856901,36735764.919589825,0.33502665554748517,0.28496582738312393,-14.942341851144395,23.580986147514054,5.1150927343370922
flow01,215,1,177.79999999999998,128,1902137728497.7961,1701009632293.8462,3260288317981.1797,2532695941237.1157,106437747.14902847,132180233.90751496,36673659.369867042,39573374.081830002,0.34455501316199916,0.2993894995640502,-13.108360602117703,24.185486303503996,7.9068049433471996
flow01,216,1,228.59999999999999,128,2690530113418.9956,2240014647221.7622,4005249273823.6538,2607192946232.5049,117071472.2485202,174051171.65950778,35041550.952087961,40737389.784882963,0.29931759017860043,0.23405409682950346,-21.80409554619051,48.670866024500533,16.254528347169558
flow01,217,1,139.69999999999999,128,2224009083365.2939,2144949906552.3997,2791950341615.0674,2622464582523.1362,158350665.26872045,166673164.15715718,39970656.286543556,40976009.101924077,0.25241861926322512,0.24584647030092702,-2.6036704350421105,5.2557397686416332,2.5152271911006405
flow01,218,1,215.90000000000001,128,3208275653634.1323,2776432754159.8926,4137512180629.2446,2882906353163.1963,147801905.54843187,215775927.35250422,38328042.432878606,45045411.768175021,0.25932035375768031,0.20876013520537995,-19.497204064261737,45.989949555689968,17.525991177504316
flow01,219,1,215.90000000000001,128,4321926248001.3867,3880080630903.6157,4365900164595.9448,3086049179901.9634,199112722.09971732,301493574.01337403,40443725.471013851,48219518.435968265,0.20311974566225505,0.15993547654793228,-21.260497827783336,51.418538621747899,19.226203507209913
flow01,220,1,190.5,128,2744692219110.9053,2428325594121.8091,3852557689980.8081,2978625961546.5645,143301815.00181744,188692849.7209653,40446799.894811638,46541030.649165154,0.28224904125812134,0.24664967813029998,-12.612748999655649,31.675128970677857,15.067275458633405
flow01,221,1,203.19999999999999,128,2868597933175.0967,2530128794716.896,3826161053656.356,2731515145860.3066,140388839.94710571,196618694.10722789,37659065.488743663,42679924.154067367,0.26824828457114158,0.21706951288564383,-19.078881256340239,40.052937385413188,13.332403765633655
flow01,222,1,165.09999999999999,128,2607873134657.2686,2389602344148.5088,3132546708410.499,2416652035258.269,157120969.69424912,185659886.70683718,37947264.789951541,37760188.050910525,0.24151623340789802,0.20338366418662668,-15.788822425393265,18.163658910789309,-0.49299136598259785
flow01,223,1,203.19999999999999,128,2348620838875.3027,2067437253208.8684,3789100297761.6401,2745358184319.0376,114991727.81192794,160629306.01996359,37294294.269307487,42896221.629985042,0.32432154015724768,0.26705103005707903,-17.65855887105154,39.687705434496237,15.020869734724643
flow01,224,1,127,128,1934789594189.3413,1940434209578.5996,2540059494513.9927,2557434093799.9561,151508788.01643386,150792971.91707796,40000936.921480201,39959907.715624385,0.26401727216735033,0.26499847577510838,0.37164371849736605,-0.47245846840135969,-0.10257061212429809
flow01,225,1,177.79999999999998,128,2414859938415.5322,2208196078469.6689,3048246848170.7402,2302131568175.9619,135077850.45322821,171605431.73214984,34288490.980548263,35970805.752749473,0.25384243875290957,0.20961344515536354,-17.423797933409617,27.041873376249505,4.9063540683536679
flow01,226,1,165.09999999999999,128,2326566140998.999,2107678620193.7729,2849676462806.7749,2324122701302.9658,140166974.77600953,163798154.48942626,34520611.299900368,36314417.207858905,0.24628206005776471,0.22170223664029823,-9.980354806071281,16.859306374543621,5.1963329744502946
flow01,227,1,177.79999999999998,128,2802261979413.4736,2529483491286.2803,3275772775837.4277,2571710921333.3975,156814667.49004185,196533012.13557136,36847837.748452514,40182983.145834409,0.23497698485884588,0.20445920361773928,-12.987561849701612,25.328207674229024,9.0511291874160484
flow01,228,1,177.79999999999998,128,2521088542972.6733,2230972708519.3096,3646889841632.7495,2840910907423.8701,141040842.52741766,173353081.90776938,41022382.920503378,44389232.928498052,0.29085463604295203,0.25606255418126839,-11.962017293252192,22.909845688188071,8.2073486918574154
flow01,229,1,177.79999999999998,128,2805271777146.0767,2529149625393.0679,3697298779032.479,2846042173520.9204,156983095.86473265,196491848.52028105,41589412.587541953,44469408.961264461,0.26492924195722467,0.22631681312049196,-14.574619453660405,25.167520386775806,6.9248306108204263
flow01,230,1,190.5,128,2834373242697.4678,2480050913448.7896,3655333297660.0537,2573995275598.7227,147981540.05225587,192747009.19189578,38376202.600105554,40218676.181230113,0.25933101241245354,0.20866044225458799,-19.538955131704974,30.250711760285871,4.8010836307172591
flow01,231,1,152.39999999999998,128,2723124626021.1943,2473961750969.9844,3183229263950.521,2762788016641.1436,177782175.13502324,192243968.94242141,41774662.256568529,43168562.760017946,0.23497666301383263,0.22455093388623948,-4.4369210941511286,8.1345578072799629,3.3367128018617187
flow01,232,1,190.5,128,2455010314092.5244,2016731968374.033,3481754548799.8496,2554142050443.7319,128155131.47904861,156734287.92588273,36553853.530707091,39908469.538183384,0.28523129045896289,0.25462500941118571,-10.730337824622577,22.300438630119444,9.1771884041124281
flow01,233,1,190.5,128,2926773918217.1289,2570147872209.2793,3703370983390.5059,2778954938992.0059,152832265.75480309,199697665.46748897,38880535.25869298,43421170.921750173,0.25440004482476941,0.21743454446551452,-14.530461417456392,30.664597872202283,11.678428892107368
flow01,234,1,152.39999999999998,128,2231581207496.873,2070178567389.4041,2780841660126.6914,2389961468234.9546,145665936.858053,160892151.52546522,36493985.041032702,37343147.941171236,0.25053204495293208,0.23210049456800722,-7.3569632133835938,10.452831317900836,2.3268571497022381
flow01,235,1,215.90000000000001,128,2663301795864.3066,2173551067341.8879,3776689367215.4702,2369254072962.9023,122689893.5392417,168899977.42326066,34985543.003385559,37019594.890045419,0.28515423719228855,0.21918057926837314,-23.136131019307729,37.66413235107985,5.8139783237408231
flow01,236,1,165.09999999999999,128,2605905493574.9243,2347672074582.96,3056305466155.2827,2482021465500.5986,157002421.87428057,182411540.45912376,37023688.263540678,38781585.398446925,0.23581603278188495,0.21260488947593431,-9.842902974887842,16.183902312786934,4.7480335357008396
flow01,238,1,177.79999999999998,128,3366074470676.0293,2924552081174.7373,3264727971800.5405,2493999708786.8911,188292084.53866205,227281440.83019245,36723599.232851982,38968745.449795246,0.19503527895412681,0.17145590641916844,-12.089798656633986,20.706848292140879,6.1136333688524038
flow01,239,1,203.19999999999999,128,3703488142679.6206,3048018983063.3809,3929674695792.9146,2687208939686.1772,181322005.10730615,236821609.57027173,38677900.549142867,41987639.682596594,0.21331057157818947,0.17729648809830281,-16.883403018160127,30.608311677405602,8.5571840416945104
flow01,240,1,177.79999999999998,128,3472991765371.5845,3105272488153.3354,3572207589406.8564,2813328832813.4727,194348727.16518429,241263798.45423222,40182312.59175317,43958263.012710594,0.2067536699512352,0.18219999558304842,-11.875810656216162,24.139633931933624,9.3970460568573202
flow01,241,1,228.59999999999999,128,3743226482418.668,3099220900952.0913,4677496842039.0928,3082538451252.4834,162893328.42943698,240855820.74383718,40922981.995092683,48164663.300820142,0.25122564803395198,0.1999730093799385,-20.401037495617054,47.861071454606815,17.695878825731352
flow01,242,1,177.79999999999998,128,2426503103041.8535,2122875251544.7351,3329134548278.2148,2441834862818.4688,135749314.71660176,164957854.8221626,37448082.657797702,38153669.731538646,0.27586203831655814,0.23129344021035719,-16.156118608482636,21.516528585457912,1.8841740982806283
flow01,243,1,190.5,128,2687102828791.2749,2139879219970.9912,3452883460236.5112,2455497283865.1958,140309652.34132147,166313510.92493576,36250744.989359707,38367145.060393751,0.25836244609298192,0.23069169093369959,-10.710053097006178,18.533192941250061,5.838225039665387
flow01,244,1,177.79999999999998,128,3171731861675.7749,2734067266629.5674,3325188524647.3179,2639511419823.2158,177407718.32274321,212472433.15451357,37403695.440352291,41242365.934737824,0.21083465699224449,0.19410690282228601,-7.9340628379582796,19.765044702271645,10.262810797684589
flow01,245,1,127,128,2333794850566.7275,2344396213079.9316,2608629503551.6226,2624727665042.6768,182777730.86716086,182194652.17101651,41080779.583490126,41011369.766291901,0.22475812227555667,0.22509645194084341,0.15053056230463774,-0.31900970286588809,-0.16895934766077161
flow01,246,1,228.59999999999999,128,2574854579598.4961,1914334899763.3137,4107527274256.9751,2627966172450.4585,112038150.01214854,148749401.2859633,35936371.603298128,41061971.444538489,0.32075120482979652,0.27604797793840458,-13.937040989483821,32.766741748086766,14.262986530253793
flow01,247,1,139.69999999999999,128,2174562594413.1982,2037368631479.0657,2843391867427.6846,2650455353941.2661,154797077.5400883,158334016.70138785,40707113.349000491,41413364.905332357,0.26297081311795723,0.26155696525678651,-0.53764440410979131,2.2848875556992243,1.7349585815060173
flow01,248,1,215.90000000000001,128,2481507889279.1582,2047478574938.176,4287931955025.002,2792897693412.918,114337982.41752855,159078618.74530938,39721463.223946296,43639026.45957692,0.34740391936334192,0.27432364452098101,-21.036111214948008,39.13016075830447,9.8625854076516006
flow01,249,1,165.09999999999999,128,2882443043286.7959,2629382659684.3457,3236364094307.0298,2669222845380.519,173663450.12376678,204305419.7109212,39204895.1460573,41706606.959070683,0.22575213793182553,0.20413852465628568,-9.5740458865850915,17.644455160436145,6.3811210403529692
flow01,250,1,241.30000000000001,128,2752571877315.3721,2219794507993.29,4297478964202.5879,2592737482023.2539,113486410.71999572,172484503.14659995,35619386.358910806,40511523.156613417,0.31386477141121577,0.23487050962590775,-25.168247277363992,51.986922533103844,13.734478040716604
flow01,251,1,215.90000000000001,128,3519392478877.3115,2966367985452.2397,4007979941878.0723,2707946919167.9854,162139697.9947513,230489485.45116466,37128114.329579182,42311670.611999847,0.22898842657756197,0.18357310542464941,-19.833020310976142,42.154875272202581,13.961269986423833
flow01,252,1,165.09999999999999,128,2505671626329.9443,2337011556892.7856,3591851806134.7324,2957938652068.6641,150936258.1929712,181616062.58332947,43511227.209385015,46217791.438572958,0.28827551265883472,0.25448074790943787,-11.72307853611969,20.32633163009401,6.2203812734662645
flow01,253,1,190.5,128,2864074811353.0391,2552501164968.4878,3633611876535.2397,2588212409241.5522,149542627.96089697,198331657.77555802,38148156.184097014,40440818.89439933,0.25509887517873603,0.20390501117156079,-20.068243723656582,32.625499818967079,6.0098912755790481
flow01,254,1,177.79999999999998,128,2586056694843.3325,2281963351723.7202,3640278225439.5176,2894766727965.9482,144675448.26263809,177306044.89689335,40948011.534752734,45230730.124468021,0.28303359019435925,0.25509976352340669,-9.8694386951634954,22.554342859210614,10.458917122460337
flow01,255,1,177.79999999999998,128,2541698857753.0386,2284751535167.4834,3169106164641.4302,2444754117372.061,142228256.16652566,177545609.95536816,35647988.353671886,38199283.083938524,0.25063928444664341,0.21515194373739319,-14.158730459033384,24.831460878977342,7.1569108050492405
flow01,256,1,177.79999999999998,128,2619658847692.5127,2379722540270.9351,3662721449965.5928,2866744859003.4062,146530778.68583977,184940036.18892908,41200466.253831193,44792888.421928301,0.28117277901159932,0.24220222589428531,-13.860002114822908,26.21241615417761,8.7193726060395083
flow01,257,1,152.39999999999998,128,2876019334313.3257,2716823036174.9175,3021801240566.0278,2582009967668.7051,187739630.03075826,211110520.81498393,39656184.259396695,40343905.74482359,0.21122969216941376,0.19110324577419219,-9.5282278682106121,12.448565484227657,1.7342099303564156
flow01,258,1,177.79999999999998,128,3495799209624.3213,3193008703572.5059,3741772361820.8052,2964006327284.7578,195581378.33304104,248067641.4740786,42089677.860751472,46312598.863824427,0.2152028900679904,0.18669343002023012,-13.247712444174475,26.836022727921765,10.033151161298907
flow01,259,1,203.19999999999999,128,3112711383389.1323,2750250249007.897,3915447301434.4307,2686154668304.9756,152370423.07576752,213752145.71263647,38537867.14010267,41971166.692265317,0.25292222967012029,0.19635436431450096,-22.365715117014147,40.284539084298764,8.9088987194881391
flow01,260,1,177.79999999999998,128,2167694929570.6499,1789420585474.8386,3580471551877.438,2774943403909.2285,121254657.83935304,139064744.83250213,40275270.54980246,43358490.686081775,0.33215442002369971,0.311786360650252,-6.1321054743135495,14.68816729229914,7.6553679073781842
flow01,261,1,228.59999999999999,128,2676176860596.6328,2068704453084.3586,4598476988103.0449,2865084947263.0928,116462086.79494971,160773431.7043092,40231644.690315358,44766952.300985903,0.34544842701599243,0.27844745133835452,-19.395362791603077,38.047871310580888,11.272985843808399
flow01,262,1,139.69999999999999,128,1698397629068.0269,1612966192767.989,2510538336438.7891,2322210356944.1655,120901090.70955047,125354837.24980851,35941851.631192401,36284536.827252649,0.29728310489388504,0.28945462036653935,-2.6333432335954856,3.6837935159390711,0.95344335505198574
flow01,263,1,177.79999999999998,128,1769941788405.9031,1523276360973.5764,3098136576352.2788,2298425253692.3828,98999962.146631509,118381357.72421594,34849680.273928903,35912894.588943549,0.35201710706022393,0.30336613195978956,-13.820628067405554,19.577174735560124,3.0508581618467177
flow01,264,1,190.5,128,1609748974400.0051,1300283125068.8809,3336353652100.9468,2286255038876.25,84035626.720114008,101043617.65451384,35027334.93019367,35722734.98244147,0.41681529962112895,0.3535377672698129,-15.181192343187305,20.239024326011183,1.9853067715076518
flow01,266,1,127,128,1149102187608.1592,1155380649185.4805,2286605149466.5034,2304775859429.1489,90016270.493298486,89781081.518985465,36009529.912858322,36012122.803580515,0.40003356854846761,0.40111036973825326,0.26917770768409499,-0.2612738486322092,0.0072005680953556453
flow01,267,1,228.59999999999999,128,1479481540510.7661,1012770566428.6545,3527417788725.6401,2028861771928.9944,64371165.005351692,78701322.745030135,30861048.020346813,31700965.186390594,0.47942348127117296,0.40280091973921062,-15.982229599768571,22.261765401460515,2.7216093422686747
flow01,268,1,190.5,128,2101779646571.0435,1763664706268.8215,3133104743372.2241,2133989821227.9072,109733109.33956867,137070209.12642977,32893488.119393434,33343590.956686109,0.29975900908452952,0.24325921124064898,-18.848406930764863,24.912353209883577,1.3683645700904004
flow01,269,1,127,128,1899678486699.8369,1906074688870.6462,2170065494413.822,2189305757712.8303,148840675.26791999,148084611.23596257,34174259.754548386,34207902.464263037,0.22960296097174487,0.23100241259880214,0.60950939880495747,-0.50796869242662879,0.098444589455001938
flow01,270,1,152.39999999999998,128,2328150504439.7988,2158128195608.2542,2821748341261.9009,2434223530678.5063,151962880.89689827,167710176.81886917,37030818.126796603,38034742.666851729,0.24368331205777005,0.22678851926755836,-6.9330938780930733,10.362593699875246,2.7110514723644634
flow01,272,1,165.09999999999999,128,1700984697262.553,1458209075519.2498,2843481093023.0825,2351542854611.104,102467755.18454972,113312948.39775428,34445561.393374719,36742857.103298567,0.33616000791016143,0.32426000402286559,-3.5399820345304458,10.584005859864705,6.6693519193614064
flow01,273,1,139.69999999999999,128,1414254881237.1785,1344677033975.157,2163067756449.4624,2011880451303.7268,100659989.36783579,104498819.28761114,30967326.506076772,31435632.051620789,0.30764285492734078,0.30082284437205731,-2.2168597274570949,3.8136601681402378,1.5122569442735738
flow01,274,1,114.3,128,983235600305.94617,1034655349257.0427,1687195481270.3579,1852406570084.7107,85586960.856405452,80385355.664417118,29522230.64340084,28943852.657573659,0.3449384152444917,0.36006375064638502,4.3849379290423496,-6.0775673536479342,-1.959126980658785
flow01,275,1,114.3,128,1461829113792.5278,1503401539758.8401,1747424407175.3347,1896743197624.6692,127220960.21962455,116806614.38502674,30576105.112429306,29636612.46288551,0.24033858146994846,0.25372375202310959,5.5692974766245715,-8.1860298936741867,-3.0726367733537399
flow01,276,1,165.09999999999999,128,1358896658734.9873,1201256184019.9036,2159458311622.1074,1750324390157.8098,81860283.85349232,93348339.467835158,26159398.081430744,27348818.596215829,0.31956153643748614,0.29297595171084273,-8.3193944499776133,14.033735376368032,4.5468191243643155
flow01,277,1,165.09999999999999,128,1647319404753.5513,1515902307466.0239,2598065708943.1641,2052310680845.9539,99238918.263169557,117814370.02228828,31472631.240983218,32067354.388218086,0.31714000708393075,0.27218542510689947,-14.174995576995778,18.717910356357251,1.8896518142417915
flow01,278,1,152.39999999999998,128,1346292006439.4321,1241293317322.9175,2248682917708.7954,1873271778792.3777,87869360.950772762,96457091.08085455,29510274.510614119,29269871.543630954,0.33584259850423542,0.30344966052413574,-9.6452737456088862,9.7732930308812769,-0.81464158151662924
flow01,279,1,127,128,3353950901081.6772,3363239920975.6191,2402996294433.4873,2420930143785.0361,262674131.35765287,261340294.11888251,37842461.32966122,37827033.496641256,0.14406619005103147,0.1447424463348691,0.46940665509241891,-0.50779162450307469,-0.040768577090074053
flow01,280,1,165.09999999999999,128,3987556474454.8296,3708134125257.5518,3312747263588.5391,2675057635786.0933,240221046.32307026,288147713.4118371,40130190.958068319,41797775.559157781,0.16705526669007065,0.14505676642110993,-13.168396725721582,19.951069159989785,4.1554364962576607
flow01,281,1,177.79999999999998,128,3316795016787.1504,2942964145248.1245,3348756829628.3379,2532751744819.3872,185569984.32812643,228670985.82040983,37668805.732602231,39574246.012802996,0.20298975542292405,0.17306194693140134,-14.743506848002685,23.226278564572084,5.0584037458655393
flow01,282,1,165.09999999999999,128,2226821418444.0371,2006170684090.0889,3257700032940.1851,2604835319406.1021,134163098.63855103,155869206.78865722,39463355.941128835,40700551.865720421,0.29414463695003878,0.26111990112906797,-11.227379891539602,16.178895963475505,3.135049959859538
flow01,283,1,190.5,128,2787117173545.5327,2457955837913.8374,3667398504032.6611,2687008289857.0605,145511793.65355083,191024867.97950244,38502871.433413774,41984504.529016644,0.26460309825528849,0.21978554401368156,-16.937652860877336,31.277928189321702,9.042528429662573
flow01,284,1,190.5,128,3320182810001.4194,2874473228053.9761,3772012392451.4395,2799114757442.168,173432751.94969559,223366485.66339734,39601179.973243468,43736168.085033953,0.22833737877105154,0.19580452257704531,-14.247713786110397,28.791409438157967,10.441578040311652
flow01,285,1,127,128,2294865276041.377,2306354618785.2217,2751617877169.3257,2770440202357.958,179747567.7532157,179191964.00103772,43332564.994792536,43288128.161843173,0.24107455548041656,0.24157404827368537,0.20719432304807375,-0.30910223661039982,-0.1025483558490084
flow01,286,1,203.19999999999999,128,2550010473159.2275,2163947198553.3347,3942550226302.6997,2772600194084.6973,124839853.3149915,168127635.42301807,38804628.211640753,43321878.032573476,0.31083525958437558,0.25767255884836143,-17.103175748819204,34.674649928340081,11.641007861989056
flow01,287,1,152.39999999999998,128,2521127688872.3066,2369285957595.9341,3194735798281.4019,2786831898842.1221,164541025.70560482,184124201.47577715,41925666.644112892,43544248.419408239,0.25480372730340139,0.2364938887468131,-7.1858597793533443,11.901697881238659,3.8605987807772273
flow01,288,1,177.79999999999998,128,3330487717705.2144,2991418203161.4395,3567763283044.8359,2735192875958.8174,186284108.49374968,232477938.66166911,40132320.394205138,42737388.686856598,0.21543609231461461,0.18383416909530231,-14.668815647269565,24.79751522630249,6.4911977853830143
flow01,289,1,190.5,128,2738780850401.1665,2217956978989.1963,3677062595997.2061,2714992018097.2217,143020480.91590193,172337270.81304839,38604331.716506109,42421750.282769166,0.26992170260709725,0.24615540261623567,-8.8048866620614863,20.49831584218008,9.8885757025832373
flow01,290,1,177.79999999999998,128,2443908107903.1318,2205613689834.4878,4048705401141.7188,3232057137072.3271,136761173.69913465,171356058.44982848,45542242.982471533,50500892.766755201,0.33300564590547749,0.29471320257720218,-11.499037268318412,25.295837857314858,10.888022766450417
flow01,291,1,139.69999999999999,128,2245493260353.9277,2156947757736.2976,2813406235583.4966,2577862522231.7783,159831177.43694133,167622773.53854746,40277827.281080842,40279101.909871608,0.25200231848990645,0.24029611883619623,-4.6452745847174013,4.8748912612372974,0.0031645917290198892
flow01,292,1,177.79999999999998,128,2582668285833.0391,2228212329335.3413,3289034398839.2451,2373422164099.5835,144464395.19508931,173169899.75004748,36997012.360396467,37084721.314056061,0.2560977901193891,0.21415223643129638,-16.378725356645329,19.870297117980758,0.2370703688319501
flow01,293,1,190.5,128,2599395551297.2407,2253796694461.4277,3572845469020.7695,2540898610382.1255,135708734.83089617,175144666.06344321,37510188.651136696,39701540.787220784,0.27640216893833225,0.22667856052687077,-17.989586913319503,29.059243151656627,5.8420184352170175
flow01,294,1,152.39999999999998,128,1834858830258.78,1608468387210.5774,2978629925640.3276,2577874764723.6221,119767378.77804755,124992366.34949678,39089631.570083044,40279293.198806666,0.3263796199675022,0.32225402538727782,-1.2640478534276027,4.3626132798081541,3.0434199068637935
flow01,295,1,152.39999999999998,128,1988700817354.7454,1842992397249.8062,2834089399207.7529,2417135904471.9707,129772558.6734187,143216977.5471172,37192774.267818287,37767748.507374614,0.28659968369288596,0.26370999552025415,-7.9866411147752387,10.359985971712463,1.545929957835477
flow01,296,1,165.09999999999999,128,1634505083493.9993,1451027917387.9524,2809397205210.4922,2245856210296.269,98470892.833236769,112743274.72117205,34032673.594312452,35091503.285879269,0.34561150625441922,0.31125141054013966,-9.9418263259399833,14.494010846541183,3.1112151345751728
flow01,297,1,177.79999999999998,128,2035609878516.3835,1678060109124.301,3279410488207.7144,2467854598121.9751,113853496.70139402,130400264.98741615,36888756.897724576,38560228.095655933,0.32400196714619578,0.29570666976311022,-8.7330634540000158,14.533386119373818,4.5311128335540598
flow01,298,1,190.5,128,1798252225489.1584,1473843557118.8853,3333750228080.1743,2380367713861.187,93881171.561067045,114539689.47125819,35000002.394542515,37193245.529081114,0.37281173437184906,0.32471928028418595,-12.899930354578066,22.004963899234436,6.2664085271050913
flow01,299,1,165.09999999999999,128,2099975915370.0039,1885341686923.571,2920015761531.3022,2367923689096.2773,126518288.19525224,146523034.0128887,35372692.447381012,36998807.642129399,0.27958560736129545,0.25251188587096041,-9.6835175980103063,15.811742399457444,4.5970919436436173
flow01,300,1,190.5,128,2293164673226.5786,1987855503120.3928,3702932296018.5571,2718295866544.9453,119746028.4091852,154446210.8528792,38875929.616992734,42473372.914764851,0.32465318585890346,0.27500430525436265,-15.292898011516376,28.978148924588716,9.2536521524096713
flow01,301,1,152.39999999999998,128,2011362397132.2283,1890610836564.9084,2688106568296.811,2309468490271.9722,131254185.62589484,146917355.78220734,35276989.085259996,36085445.160499632,0.26876848854030205,0.24561730619487379,-8.6138008481439687,11.933463364708381,2.2917377480422165
flow01,302,1,177.79999999999998,128,2663563755826.8857,2316531996857.7339,3016961231051.418,2312057689043.916,148989372.40985155,180033836.26518759,33936571.777856223,36125901.391311251,0.22777847324909098,0.20066173193187001,-11.904874473175962,20.836696841662313,6.4512397651302402
flow01,303,1,190.5,128,2903507437215.1567,2579128055619.3291,3269829333562.1714,2362524886838.2769,151554189.7290374,200426472.86970538,34328916.887791827,36914451.356848143,0.22651249001540796,0.18417951894431503,-18.689022873843882,32.247398259359485,7.531651748604375
flow01,304,1,203.19999999999999,128,3297055908874.0967,2878443577087.6074,3634891409566.2822,2503657211400.4204,161386399.66036236,223680786.61939415,35776490.251636639,39119643.92813164,0.22168218838098039,0.17489049694150077,-21.10755572254816,38.599527029619793,9.3445546306545939
flow01,305,1,165.09999999999999,128,2989486218450.8799,2733927731786.8975,2933296634572.957,2361639892115.7637,180091023.79736525,212439639.84516957,35533575.22196193,36900623.314308874,0.19730897449915985,0.17369933097797952,-11.965823440677234,17.962370009180649,3.8472010874436982
flow01,306,1,190.5,128,2732179443116.4575,2450240180042.4419,3449989775791.5747,2514886901104.2627,142636139.97606429,190420311.57003111,36220365.100174017,39295107.829754174,0.25393539888454736,0.20635985471173102,-18.735294244835369,33.500746446156946,8.4889887804178539
flow01,307,1,190.5,128,3490926119117.0244,3153444073767.311,3606083750734.2349,2673912752656.3628,182221967.5096851,245050782.5115068,37859146.989335805,41779886.760255747,0.20776390194186434,0.17049481063499114,-17.938193766355852,34.479275940472078,10.356122846677815
flow01,308,1,152.39999999999998,128,3718539517869.9087,3531918737336.6484,3074469448489.2441,2675375287541.9077,242653084.64250445,274468735.06124586,40347368.090410039,41802738.867842384,0.16627593319018774,0.15230419179989438,-8.4027442349773942,13.111578806267687,3.6071021390321234
flow01,309,1,190.5,128,2895801636462.4888,2458409389755.334,3871929272238.8535,2806884367903.1646,151165083.63642985,191035442.72120625,40650176.086497158,43857568.248487025,0.26891247045029065,0.22957817472903175,-14.627174282915965,26.375375930508792,7.8902294424630366
flow01,310,1,190.5,128,3192502382750.48,2831961491867.2197,3777452163734.3457,2851351627222.8105,166696681.82048601,220057345.4787122,39658290.432906523,44552369.175356492,0.23790689772465981,0.20245799602116157,-14.900325313192401,32.010633370428906,12.340619550229276
flow01,311,1,190.5,128,2461041534939.0698,2157348237328.5769,3822638206058.2319,2777647504568.4927,128465512.05774891,167662557.58739549,40132684.578039184,43400742.258882776,0.31240045624072549,0.25885768941738696,-17.139144887189357,30.511726378381137,8.1431324996182539
flow01,312,1,165.09999999999999,128,3073799267595.4946,2844796693217.8623,3621459587207.3071,2985829316568.3936,185181289.01945922,221066123.08692676,43869892.031584591,46653583.071381234,0.23690240123004358,0.21103904306964436,-10.917305196617516,19.378218100478119,6.3453336921652213
flow01,313,1,165.09999999999999,128,2610175292615.4624,2366971760431.3975,3605639670977.4395,2955361439279.4033,157256522.56019536,183920604.6280013,43678251.616928406,46177522.488740765,0.27775160550309796,0.25107313333456927,-9.6051549801864731,16.955787673353484,5.7220030090300469
flow01,314,1,203.19999999999999,128,2388018787356.3501,2096071394439.416,3892036606804.2534,2767762190701.4756,116903583.59501398,162887684.29130828,38307446.917364702,43246284.229710631,0.32768411146464244,0.26549756918619449,-18.977588507570335,39.335065087136954,12.892629788144831
flow01,315,1,190.5,128,3446294133002.6743,3118491755487.1519,3696454796003.3125,2784810477889.7031,179914084.3040542,242347194.28738138,38807924.367488854,43512663.717026688,0.21570253667246858,0.17954680203736248,-16.761849532630404,34.701624514185021,12.123140895108543
flow01,316,1,152.39999999999998,128,2875140837301.4565,2736806949559.7183,3051725296680.877,2683411520235.7656,187665996.58718383,212679848.38148454,40048888.407885529,41928305.003683917,0.21340514070848232,0.19714281970183173,-7.6203979682314209,13.328920661809951,4.6928058942787922
flow01,317,1,203.19999999999999,128,3768931460170.9028,3450520585821.7236,4115019294359.1289,2958506531612.085,184481064.25530556,268129356.51726058,40502158.409046553,46226664.556438908,0.21954642647223202,0.17240433929681664,-21.472491232453674,45.342481408386256,14.1338298309399
flow01,318,1,215.90000000000001,128,2918178715899.7666,2538801321769.4922,3845540130568.5332,2555036187284.9546,134441560.16428021,197277357.46790826,35623345.350333802,39922440.426327489,0.26497271607681455,0.20236706806467539,-23.627205449330123,46.738372588689217,12.068195824156092
flow01,319,1,190.5,128,2755937024104.5415,2461847398798.6138,3822161930473.394,2923000969634.6743,143953864.25797969,191307541.02095199,40127684.309431963,45671890.150541872,0.27875378348662561,0.23873544088646192,-14.356161232905285,32.89503689745333,13.816411129925957
flow01,320,1,165.09999999999999,128,2321150770788.7852,2161491206918.874,3164396014324.7861,2618852072136.6421,139846319.61815789,167980197.38221955,38333083.153540723,40919563.627135105,0.27410863051817841,0.24359754462025879,-11.131019785929789,20.117710527441517,6.7473844022261389
flow01,321,1,177.79999999999998,128,3263693259266.6968,3027849863214.9375,3432329321191.8438,2685167948473.9624,182599016.19141841,235309223.57606488,38608878.753564052,41955749.194905736,0.2114407818774357,0.17830048715172156,-15.673558540340778,28.866643689575199,8.6686548519172621
flow01,322,1,165.09999999999999,128,2680421194389.4639,2471360295158.7534,3415971359345.7109,2844040667421.6958,161482194.73043346,192056699.38075492,41380634.274327211,44438135.428464077,0.25625508956826482,0.23138029327664791,-9.7070447785156695,18.933669251498774,7.3887247205240589
flow01,323,1,190.5,128,3424745006998.0664,3133010304042.3242,4041377364054.3374,2967968878629.8892,178888441.04330742,243456607.7468456,42429158.677735835,46374513.728592105,0.23718222614206852,0.19048369299885215,-19.688883902811781,36.094096592807105,9.2986879160687792
flow01,324,1,177.79999999999998,128,2713595179897.6782,2431360580079.6187,3323367216816.416,2613478427185.9619,151796401.90794212,188967728.00242975,37383208.288148671,40835600.424780726,0.24627203160467501,0.216098276972752,-12.252205187619127,24.487620014228284,9.2351413769014101
flow01,325,1,241.30000000000001,128,3267571518906.5742,2635004867084.5659,4488260820862.8135,2830748057232.0024,134686224.79482013,204742270.32997173,37200669.878680594,44230438.394250117,0.27620248422102395,0.21602983264260175,-21.785702524771853,52.014261771665517,18.896886906862466
flow01,326,1,165.09999999999999,128,2349339723111.5337,2147876243678.1802,3239031238536.8369,2628888432787.7217,141524828.51876751,166904865.73607603,39237204.585546181,41076381.762308225,0.27724608463555189,0.24610655645750704,-11.23172874342975,17.933275371496311,4.6873297835278072
flow01,327,1,203.19999999999999,128,2850669192009.2773,2440829266185.769,4269809333533.7251,2988458061471.729,139540917.94709638,189649751.8810204,42025682.416670531,46694657.210495852,0.30117103309155219,0.24621522963969097,-18.247373556392237,35.909778057301864,11.109813155522385
flow01,328,1,177.79999999999998,128,2523280985648.4731,2252249107028.1016,3558877506748.9561,2771433355708.7222,141163497.46670958,174997280.73549742,40032367.904937647,43303646.182948865,0.28358866579073272,0.24745325185024383,-12.742192583660634,23.967798953668463,8.1715832692668027
flow01,329,1,177.79999999999998,128,2729719967003.5391,2510270877828.1821,3314869996048.4155,2567980832861.4224,152692731.84203222,195070478.03538558,37287626.502231903,40124700.513459794,0.24420040202573426,0.20569335205187336,-15.768626773105376,27.753610589137352,7.60862054616985
flow01,330,1,215.90000000000001,128,2956533238999.6704,2406246996553.0029,3903795686389.9487,2617404203190.5479,136225255.19988573,186977234.02956662,36162998.484390453,40896940.674852386,0.26546471453716747,0.21872684600942044,-17.606056838564623,37.255924942266844,13.090568782633753
flow01,331,1,203.19999999999999,128,2669043815666.1323,2223739673168.6006,3626817925904.1245,2480333217480.0986,130631185.08268179,172817834.29413411,35697026.829765007,38755206.52312661,0.27326573518544522,0.22425467071393604,-17.935312833220383,32.294470255896918,8.5670431544501113
flow01,332,1,165.09999999999999,128,2226971491940.6123,1965400030956.8296,3291334185421.0557,2625121205147.5703,134177514.35109685,152725199.71764228,39870795.704676636,41017518.830430858,0.29714960735036677,0.26857073296524658,-9.6176719329879727,13.823244122716751,2.8760979195098373
flow01,333,1,165.09999999999999,128,2311615326490.354,2122575807432.4841,3220887179697.1294,2601672640657.1191,139271821.48221543,164960149.86803415,39017409.808566079,40651135.010267563,0.28015293684909892,0.24643003199735156,-12.037319769348629,18.444742168536251,4.1871698037290228
flow01,334,1,177.79999999999998,128,2703462262184.2466,2326797013063.2065,3790029451873.6147,2980115655247.853,151277390.89458933,180803579.29757217,42632502.270794325,46564307.113247789,0.28181674749071273,0.25754084788670473,-8.6140727334907634,19.517912246091548,9.2225523556635665
flow01,335,1,165.09999999999999,128,3373961375564.373,3137017730896.1465,3534070377209.4741,2871079972866.0312,203256439.64766881,243768012.57892242,42811270.468921557,44860624.576031819,0.21062688367036231,0.18402998860036129,-12.627493037225957,19.931261711303051,4.7869499892510117
flow01,336,1,215.90000000000001,128,3640298217757.3628,3152362943027.1694,4308278372364.9307,2854882239770.8301,167722711.2687614,244941462.50802362,39909943.236358792,44607534.996419303,0.23795193229619629,0.18211508390482514,-23.465599901860397,46.039531948375043,11.770479682819762
flow01,337,1,203.19999999999999,128,3542099705578.4795,3116905888006.4277,4275569052371.1436,3043996736284.9883,173420460.97136623,242167654.15391773,42082372.56270811,47562449.004453026,0.24266094281491046,0.19640298028498523,-19.062796836328321,39.641915837083651,13.022261122703819
flow01,338,1,152.39999999999998,128,2854711841982.2329,2706809589079.813,3409678840818.8589,2928206614176.9048,186356814.9649539,210337859.254325,44746441.480562463,45753228.346514218,0.24011164544198418,0.21752255399344345,-9.4077450541642786,12.868348438923984,2.2499819709442042
flow01,339,1,152.39999999999998,128,3425589403360.02,3226611474467.3608,3367359419729.8828,2882018984830.5605,223589986.99402496,250704166.00888759,44191068.500392169,45031546.637977593,0.19764332515289737,0.17962025663499026,-9.1189866917915996,12.126741174499555,1.9019185688573363
flow01,340,1,190.5,128,2723437220488.0703,2416511125651.8384,3805002058938.3481,2877123712799.4927,142216760.54332611,187774807.37568274,39947528.177830435,44955058.012492158,0.28089184442969001,0.23940942153411543,-14.7681122532406,32.034231871339415,12.535268295876032
flow01,341,1,215.90000000000001,128,2920699215383.0913,2485028047730.6509,4231227913459.7393,2846822573141.6445,134543258.67258221,193128837.9639914,39196182.616579339,44481602.705338277,0.29132773357277769,0.23032087374559676,-20.940972244216695,43.544046628140734,13.484527665516316
flow01,342,1,165.09999999999999,128,2604263513034.6001,2345594108406.146,3500611748823.6514,2896254881199.498,156903494.67905536,182287746.55543807,42405956.981510021,45253982.518742241,0.27026776598093633,0.24825575703180586,-8.144518777234838,16.178257806370699,6.716097784266549
flow01,343,1,177.79999999999998,128,2560591824972.6064,2281850770434.6187,3805850863528.8086,3045688970000.1274,143226861.13893256,177329355.13595518,42810470.905835874,47588890.156252079,0.29889973546448784,0.26836442347498835,-10.215904655133889,23.810124529603851,11.161800254256992
flow01,344,1,215.90000000000001,128,3614232434256.2827,3153977226163.9644,4260594955719.5352,2900934087100.9609,166509009.40723902,245085882.86542431,39468225.620375507,45327095.110952593,0.23703357410436685,0.18494372087453737,-21.975727880175366,47.190763873927132,14.844522140241439
flow01,345,1,165.09999999999999,128,3428395277937.9507,3190972338538.7847,3559702472986.0728,2890063925375.3833,206552226.93112192,247947851.20221141,43121774.354767695,45157248.833990447,0.20876935095522997,0.18212397734055336,-12.76306770738136,20.041238424843279,4.7202938879014447
flow01,346,1,139.69999999999999,128,3385617599875.8252,3304613976822.9316,3158117141769.9834,2945991981051.7383,241057828.08881116,256784769.729348,45212843.833500117,46031124.703933492,0.1875601559674,0.17925955948419545,-4.4255649289645964,6.524136455233756,1.8098416313885484
flow01,347,1,203.19999999999999,128,2627561254921.9468,2230743134793.0664,4117208527627.4902,2974686248827.4888,128598809.38984084,173353152.20613247,40523705.980585538,46479472.637929596,0.31511727186944599,0.26812014691640179,-14.914169786451833,34.801521902602602,14.696994051327389
flow01,349,1,152.39999999999998,128,2067452941385.7537,1874147992294.9045,3514105079512.832,3037849943711.0562,134899820.34164593,145645569.46890101,46116864.560535863,47466405.370485336,0.34186008879582463,0.32590353104164016,-4.6675696511956684,7.9657253064092357,2.9263498783139981
flow01,350,1,165.09999999999999,128,3223996387034.6406,2988706447833.0122,4137924431598.3818,3439079651743.2217,194233816.22213024,232261195.14553279,50126280.213184528,53735619.558487937,0.25807184963023622,0.23135857681614735,-10.351099064994294,19.578145383249623,7.2004930945465562
flow01,351,1,203.19999999999999,128,2861206489928.0806,2482082319637.48,3834469936336.0312,2796545074296.23,140024825.84579271,192874993.39140359,37740845.830079056,43696016.785878673,0.26952967519947141,0.22655096971127725,-15.945815783136611,37.743426729067309,15.779113649470485
flow01,352,1,190.5,128,2594924081286.8364,2231006714369.7573,3738924835048.4404,2806059139057.1333,135503505.86913571,173342293.46830249,39253804.04250332,43844674.047767788,0.28968847551747623,0.25293696749077144,-12.686561990791953,27.924581992520615,11.695350596577994
flow01,353,1,139.69999999999999,128,2212755672282.7441,2098996878716.0708,2937751727411.7104,2745609316048.2666,157500960.1344685,163119239.76702863,42058006.118993707,42900145.563254245,0.26703333162595411,0.26299868503878149,-1.5109149717774313,3.5671399258540735,2.0023285028726581
flow01,354,1,139.69999999999999,128,2438772325972.9717,2352485902624.0645,2917017470317.7012,2728323051961.4009,173613164.90333903,182813897.47645718,41761166.361026503,42630047.686896965,0.24054147267159998,0.23318822187676883,-3.056957585384954,5.2995592691606976,2.0805964047051688
flow01,355,1,152.39999999999998,128,2975882147227.9429,2810030650261.7876,3353829728967.6147,2964856904967.6582,194195232.20179045,218341932.57789564,44013513.50351201,46325889.140119746,0.22664569569749823,0.21217128836941354,-6.3863587982732044,12.434239554869237,5.2537856047852731
flow01,356,1,215.90000000000001,128,2692901808203.0493,2301660441591.9917,3763283943806.1011,2532403138766.4668,124053472.52538586,178887306.08047658,34861361.22099214,39568799.043226115,0.28101882608613182,0.22119400146495122,-21.288546911388917,44.201772379946661,13.503310419787457
flow01,357,1,190.5,128,2437106665499.1489,2083808664747.9097,3367127025404.8965,2474844640961.1885,127233780.5193641,161947285.19445696,35350414.964880809,38669447.515018642,0.27783828178791498,0.23877799166924346,-14.058642267478385,27.283245481973005,9.3889493332260905
flow01,358,1,190.5,128,2359153767318.9473,2029986787821.7075,3713548856231.4189,2727291278748.436,123187615.45215818,157744038.21664295,38987389.566734061,42613926.230444394,0.31648789875209021,0.27014603348697819,-14.642539398137403,28.051864335262895,9.3018196499225763
flow01,359,1,190.5,128,2720381954610.4404,2341590629397.2461,3763137339059.4346,2786118573298.7686,142030098.61555755,181986018.15817425,39508003.559679106,43533102.70779334,0.27816641644823525,0.23921124902000043,-14.00426691533559,28.13200858979059,10.188060102895584
flow01,360,1,177.79999999999998,128,2551381921199.4956,2282506385034.1743,3517452622034.082,2714176655149.6426,142698439.46313179,177366560.50698665,39566396.198358633,42409010.236713246,0.2772728023320899,0.23910375279021501,-13.765882993514733,24.29467426153029,7.1844148355177602
flow01,361,1,127,128,2016327407996.6445,2029310830020.4507,2982589151494.439,3005009777249.7627,157906150.98185292,157687438.79037189,46969907.897550225,46953277.769527629,0.29745458049286605,0.29776168685158777,0.10324479058714171,-0.13850770861114786,-0.035405920017704796
flow01,362,1,165.09999999999999,128,2420960649943.8872,2164562619404.6562,3493670195979.1772,2888607572185.9512,145833451.5565277,168218892.07315904,42321867.910105124,45134493.31540557,0.29020685897775927,0.26830811188422526,-7.5459095524728017,15.350003910422657,6.6457969465683249
flow01,363,1,228.59999999999999,128,2405044939205.9629,1934023450865.3726,4283838248359.6631,2855173997882.8276,104640241.54338551,150275377.91218612,37478899.810670726,44612093.716919266,0.3581690873212614,0.29686895043437178,-17.114859728781166,43.611459315945439,19.032559499565746
flow01,364,1,190.5,128,3177300815107.3706,2768805765337.894,3632731284883.0146,2706775031871.0762,165908689.97576427,215183180.92869541,38138911.127380736,42293359.872985639,0.22987892396083665,0.19654584382689397,-14.500276736818845,29.69976494909886,10.892940104475965
flow01,365,1,139.69999999999999,128,3327693602214.7139,3204462681251.9727,2769842033015.1099,2583964056017.5757,236928000.61905375,249021816.20900765,39654145.068219185,40374438.375274695,0.16736791330956852,0.16213213360145057,-3.1283055423136572,5.1044264748593475,1.8164388762293342
flow01,366,1,203.19999999999999,128,3169494011789.6484,2800665366013.8335,4118648705121.4976,2907315829903.1113,155114658.06640348,217636724.62237778,40537880.955920257,45426809.842236198,0.26134139391627503,0.20872768564706351,-20.132175573406172,40.307000856881658,12.060149102593757
flow01,367,1,165.09999999999999,128,2518803953733.7534,2215759470764.6685,3239124970192.6592,2592642650376.9858,151760745.42166746,172144293.05233568,39238340.038675465,40510041.412140474,0.25855394904427809,0.23532607845340842,-8.9837616778739786,13.431370262469722,3.2409662901426266
flow01,368,1,165.09999999999999,128,2748690559630.2441,2541701590725.1108,3133881931080.0942,2616912935826.7676,165621620.06752831,197497621.71430179,37963439.50430157,40889264.622293316,0.22921789733020889,0.20703674437884292,-9.6768852736712923,19.246280548262238,7.7069547864866808
flow01,369,1,165.09999999999999,128,2406765767714.0146,2136407444937.6167,3419628732074.4912,2822456497880.4878,144995801.10246849,166026525.23428735,41424939.213500813,44100882.779382706,0.28569750915908121,0.26562552409712847,-7.0256073008940074,14.504367693348897,6.4597404768424518
flow01,370,1,190.5,128,2672617962218.2485,2356280254017.6763,3313983458294.106,2377106775773.8828,139560577.64503318,183104030.56352091,34792477.252431564,37142293.371466987,0.24930018089295142,0.20284803811886543,-18.633016072311783,31.20039602389636,6.753805145827033
flow01,371,1,165.09999999999999,128,2543883841222.729,2330036307981.5664,3131594798894.8442,2576577349578.4937,153256490.68877044,181045936.42562741,37935733.481463902,40259021.087164037,0.24753100707821157,0.22236909528042462,-10.165155507098401,18.132638697365909,6.1242722691399551
flow01,372,1,190.5,128,3189395525021.6221,2922479193948.7275,3600481025595.2119,2692075798932.3047,166491114.31489927,227126213.41102716,37800325.728033729,42063684.358317338,0.22704109996248001,0.18519960213573089,-18.429041188429625,36.419420547239184,11.278629345571456
flow01,373,1,177.79999999999998,128,2327160108213.1143,2080529930171.8774,3475277952491.707,2755198038021.4121,130191628.2446617,161654889.38713124,39091990.466723368,43049969.344084643,0.30026500930812555,0.26630787047206811,-11.309056261434495,24.166885049891555,10.124782161528618
flow01,374,1,165.09999999999999,128,2856509798889.8721,2641222055600.022,3410385695470.5298,2780985977804.1968,172101005.82660654,205230651.90022907,41312970.266148157,43452905.90319065,0.24005071944652887,0.21172717379621669,-11.798983862917028,19.25011763557092,5.1798154992403331
flow01,375,1,139.69999999999999,128,2671261942703.0229,2586640788447.6172,3001611856357.4048,2797507356097.5264,190141315.65940499,201025871.78416306,42972252.77533865,43711052.439023927,0.22600165895724467,0.21743993472619036,-3.7883457451407585,5.7244560904665649,1.7192481565901683
flow01,376,1,165.09999999999999,128,2813359424880.7031,2587886784664.0967,3024084756091.5039,2406944825008.9473,169504646.26683861,201086345.89602655,36633370.758225374,37608512.89076487,0.21612015696936218,0.18702668608942091,-13.4617109703773,18.631760441227794,2.661895731559305
flow01,377,1,152.39999999999998,128,2036193782801.4863,1828025067863.0989,3052622297073.4023,2669933226820.4814,132871709.43115303,142061220.94249904,40060660.066580094,41717706.669070095,0.3014987933705886,0.29366006002409223,-2.5999219628256887,6.9160783365307132,4.1363437340673341
flow01,378,1,165.09999999999999,128,2675662511261.8042,2438368412344.5059,3140300463996.0605,2519625513527.1475,161198735.38781506,189497697.64738747,38041192.780085534,39369148.648861751,0.2359893995977406,0.20775528746591354,-11.964144228492444,17.555325227266966,3.4908365688033802
flow01,379,1,203.19999999999999,128,3051202682752.4771,2599043448398.2773,3752213166928.2598,2636530107099.8975,149320636.63303789,201968900.00669116,36931231.957955316,41195782.923435971,0.24732838535048213,0.20397092286025803,-17.530322056962223,35.258531279262293,11.547275136490628
flow01,380,1,203.19999999999999,128,3052151216539.5317,2666402458625.0356,3820780676957.0801,2687924438730.1191,149408371.57932776,207181891.69659236,37606109.025168113,41998819.355158187,0.25170014656910511,0.20271472092099335,-19.46181848355128,38.66819476483618,11.680842405286402
flow01,381,1,203.19999999999999,128,3253710294429.8916,2829912740134.9155,3847524250774.2231,2741974293671.4785,159275056.24470058,219886789.01075402,37869333.176911652,42843348.33861693,0.23776060150141459,0.19484275763616515,-18.050864438528137,38.054755210968651,13.134678496894839
flow01,382,1,165.09999999999999,128,2358401004884.9404,2132177372430.864,3148797281799.9321,2539889770101.9653,142076372.00180256,165659282.33781233,38144122.129617594,39685777.657843277,0.26847618356367975,0.23956265593929144,-10.7694944261342,16.598756009697777,4.0416594802915657
flow01,383,1,190.5,128,2410904420273.5278,2041093715472.3774,3605774380536.2583,2659310653334.0557,125889872.3477788,158578452.60305345,37855899.008254685,41551728.958344698,0.30070646909288579,0.26202632372983953,-12.863090534676285,25.966012710673315,9.7628904527775653
flow01,384,1,152.39999999999998,128,2444474065715.3892,2267032204484.5527,3353574056293.3745,2916673784296.0508,159572854.33217224,176132264.90447965,44010158.219073161,45573027.879625879,0.27579978062847788,0.25874321155377816,-6.1844026981573768,10.377335569768514,3.5511566506375338
flow01,385,1,177.79999999999998,128,2644688608651.5,2294576038479.7559,3830062003577.1113,2855128654884.1323,147930819.9037531,178327485.81501985,43082812.188718922,44611385.23256465,0.29123621579836784,0.25016550325192327,-14.102199629897379,20.547892542638142,3.5479880866411482
flow01,386,1,215.90000000000001,128,2357828510064.4365,2018164072190.1504,3743318102172.793,2558228028751.6831,108619368.19625038,156809130.75258148,34676406.689882293,39972312.949245118,0.31924699310743504,0.25491062132290448,-20.152538057854056,44.36571797146086,15.272361714767976
flow01,387,1,190.5,128,2612310069153.7915,2287998064329.0952,3819471032576.3062,2798104016326.5703,136387706.92016962,177797894.2809782,40099433.412874609,43720375.255102739,0.29401061370102505,0.24589928599497585,-16.363806428761407,30.362111289873635,9.0299077419521954
flow01,388,1,190.5,128,2517432887418.0508,2119161171622.2126,3785352198700.7197,2787627133736.5625,131409121.04158537,164690520.48620969,39741230.432553492,43556673.964633867,0.30242368351263144,0.26447590204975441,-12.547886799775737,25.326552054246047,9.6007181724172419
flow01,389,1,203.19999999999999,128,3210479836701.2627,2875781552094.1064,4032511208851.4316,2869124882553.1968,157181863.64693365,223468151.506064,39690070.953262128,44830076.289893784,0.25251049982722618,0.20061058360111456,-20.553567579020594,42.171715184663093,12.950355625930667
flow01,390,1,215.90000000000001,128,3343076391927.6621,2920695229869.0532,3712278486981.5337,2410727409768.4829,154019109.91196138,226964117.58525094,34388869.726554275,37667615.777632616,0.22327664239983755,0.16596286751576106,-25.669400197016845,47.361011055696629,9.5343233934396263
flow01,391,1,190.5,128,3105721703290.4829,2777205423110.4287,3747895418323.6016,2780912124579.2886,162168238.51642522,215796955.89673617,39347983.394473515,43451751.946551464,0.24263680579158634,0.20135479560399422,-17.013910998750713,33.069803230846077,10.429425342937218
flow01,392,1,190.5,128,2581037363558.5996,2282297737027.5698,3359602733816.6006,2404484677710.7285,134740941.52817929,177354927.91368771,35271419.777602114,37570073.089230202,0.26177210413974705,0.21183551836526476,-19.076358781080678,31.626605768222472,6.5170422005177349
flow01,393,1,190.5,128,2979225021125.0356,2607215255006.6748,3659918586924.1504,2651970840581.2729,155565792.84142163,202635325.74660453,38424342.11993859,41437044.384082466,0.246997372739308,0.20449072357649767,-17.209352751971874,30.256994192266902,7.8406085776041685
flow01,394,1,190.5,128,2134943138626.135,1851504832016.6206,3346338234759.002,2390917931952.0942,111435555.45593487,143878469.79238603,35132159.944976404,37358092.686751537,0.31526885473163696,0.25965033365074408,-17.641616114676616,29.113611184250892,6.335883547329181
flow01,395,1,215.90000000000001,128,2202213099416.458,1810196746358.1089,4044430877588.1885,2707317790659.9043,101448995.05481905,140668462.42333904,37465779.31994617,42301840.479061082,0.36930655941639573,0.3007201454420857,-18.571675001574604,38.659296080091607,12.90794225262591
flow01,396,1,165.09999999999999,128,4362874425416.998,4074730823677.3774,3419029873701.71,2881612581349.1016,262862782.35433915,316651174.06782454,41417684.720796011,45025196.583579794,0.15756389835729942,0.14219178790707943,-9.7561120348529737,20.462536092682232,8.7100761114549545
flow01,398,1,215.90000000000001,128,3157386897764.8535,2710711986637.7739,3770432948886.9668,2454667074955.1206,145450832.10265788,210641102.58241585,34927586.3722739,38354173.046173826,0.24013328674271403,0.18208304350841165,-24.174175942754303,44.819455163891575,9.8105452732342471
flow01,399,1,177.79999999999998,128,2417804135621.6655,2079644357658.0349,3481115091256.2705,2651306711934.7935,135290328.91568378,161602775.44636291,39157650.07037425,41426667.373981223,0.289434214435078,0.25634873695427973,-11.431087214541996,19.448874684219071,5.7945696422770192
flow01,400,1,190.5,128,2346619371746.5308,2093577579438.7383,3394241594468.9858,2502776847164.7563,122494840.2587202,162706495.5961794,35635082.356629781,39105888.236949392,0.29091088474718818,0.24034620187509995,-17.381502557400257,32.827223785531316,9.7398564863254169
flow01,401,1,190.5,128,2561909588354.2886,2252744776065.5527,3597682799522.5806,2590626172826.2832,133742391.69052224,175058398.77289259,37770948.026483789,40478533.950410746,0.28241567650356636,0.2312287455737814,-18.124677625372033,30.892229875756179,7.1684351741144638
flow01,402,1,203.19999999999999,128,2244996092628.2593,1841814336685.7949,4019177291108.8447,2761821395605.498,109896655.37667422,143140220.45521069,39558831.605402023,43153459.306335986,0.35996392674383848,0.30147682579431911,-16.248045041230093,30.249842422040153,9.0867893591758477
flow01,403,1,215.90000000000001,128,2635774214794.5063,2212229639460.0791,4098299287584.9424,2759273469399.4873,121423644.12716475,171887812.08079457,37964791.918341294,43113647.959367067,0.31266391476919819,0.25082434546960097,-19.778287924670128,41.560412979188484,13.562186912812479
flow01,404,1,203.19999999999999,128,2893438542572.415,2525591432941.4351,3881884667662.4409,2627416114691.1719,141634487.57429498,196255952.94885769,38207526.256520092,41053376.792049639,0.26976146072105617,0.20918283585898528,-22.456367451506178,38.565088425875643,7.4484030094565554
flow01,405,1,190.5,128,3011517164956.7661,2531260013834.2734,3700885366703.0308,2662333997374.2627,157243800.01445928,196686280.75656998,38854439.545438647,41598968.708972931,0.24709679835939991,0.21149908650953728,-14.406383282265804,25.083647646828545,7.0636179433875785
flow01,406,1,203.19999999999999,128,2785662782925.0122,2454101841915.5972,4113194619840.9932,2902405726717.4297,136347747.1127679,190710567.92489421,40484199.014183007,45350089.47995992,0.29691872342195802,0.23779536694484454,-19.912303203961955,39.870714377968369,12.01923363747971
flow01,407,1,165.09999999999999,128,2265014734630.875,2058586177471.7441,4052557823911.771,3413884490508.3647,136447801.61828807,159978804.95634934,49092160.192753144,53341945.164193295,0.35978710987288881,0.333431326598219,-7.3253828587636693,17.245425033588386,8.6567487654933011
flow01,408,1,190.5,128,1990684465930.2214,1724303663437.769,3574961555837.4897,2583417366267.1865,103920248.84414949,134004186.00085101,37532404.785695434,40365896.347924866,0.3611654629694282,0.30122862242279891,-16.595396484990815,28.949061892469853,7.5494538077382902
flow01,409,1,152.39999999999998,128,2125653872418.6226,1991824528020.2686,3306937176032.8975,2928369058236.542,138769619.69915491,154754583.79829916,43398125.669723071,45755766.534946054,0.31273506235592402,0.2956666317204682,-5.4577924543779579,11.519066013006878,5.4325868429562236
flow01,410,1,165.09999999999999,128,2225097769868.9546,2033058309859.304,2935603044248.396,2360124425208.9272,134035093.81213738,158011285.0632759,35561514.769817039,36876944.143889554,0.2653149541541695,0.23338171149688527,-12.035975416119374,17.887995277373687,3.6990251472330136
flow01,411,1,241.30000000000001,128,2513151475858.5337,2015755689565.0779,4532987518130.499,2704195813986.5474,103596836.81298783,156646275.1418342,37571384.319357641,42253059.593539879,0.36266922306885874,0.26973548879653958,-25.624929925381114,51.207585058422957,12.460747345341042
flow01,412,1,203.19999999999999,128,2035337899758.5842,1708645632487.6826,3667692668835.3716,2415456228076.2373,99627020.230449125,132763316.8176958,36099337.291686736,37741503.563691273,0.36234484588804006,0.28427659438123326,-21.545291010135934,33.260350967637578,4.5490205505315728
flow01,413,1,114.3,128,1262791756454.4038,1329179158234.0383,2474139699790.063,2778013704230.4902,109905373.499709,103286429.83840476,43292033.242170833,43406464.128601491,0.39390278986027433,0.42025331107399516,6.6896000465160252,-6.022402227059227,0.26432319727406822
flow01,414,1,165.09999999999999,128,1565751944974.7231,1398247961490.5608,3832616336705.6748,3060053797676.2905,94325076.751579687,108664780.96632203,46427817.525205031,47813340.588692129,0.49221075798835745,0.44000770225185187,-10.605833962235414,15.202430476158819,2.9842519793977305
flow01,415,1,165.09999999999999,128,1917252415286.2268,1705957968622.5825,3854756476071.0654,3268503569748.3809,115498090.68054119,132568177.9551203,46696020.303707644,51070368.277318545,0.40430123154905856,0.38523851700374079,-4.7149781048848158,14.779540660800752,9.3677104497566326
flow01,416,1,215.90000000000001,128,2683375925269.3604,2267662881459.8081,4606311975677.0186,3137343848871.4492,123624109.76918146,176208566.24206173,42670791.808031671,49020997.63861648,0.34516561443962906,0.27819872032370557,-19.401380471992606,42.535761487836552,14.881856092929468
flow01,417,1,215.90000000000001,128,2416529354972.4038,2029313745318.3591,4780420857874.5859,3298466764424.0601,111313345.32145457,157699884.43730149,44283657.78485027,51538543.194126032,0.39782882867248642,0.32681408346000906,-17.850577960739098,41.67203759970581,16.382760079402715
flow01,418,1,177.79999999999998,128,2029376226340.9141,1802989201535.7395,3767299369880.436,2958837482940.0679,113504842.91223344,140108371.78675503,42376820.808553845,46231835.670938648,0.37334812965928976,0.32997197156286645,-11.618153313372041,23.438232406605341,9.0969893182894488
flow01,419,1,152.39999999999998,128,1591105996867.8953,1457276647131.9917,3436344084537.8428,3014106945731.9399,103836539.98789939,113243417.15336539,45096379.062176421,47095421.027061649,0.43430163473697925,0.41587778089811961,-4.2421792517583894,9.0593129996071013,4.4328214514275253
flow01,420,1,165.09999999999999,128,2038171345564.3796,1812861898784.2043,3955612841570.0229,3318207492720.6958,122794717.692743,140890124.85034817,47917781.242519975,51846992.073760964,0.39022673078185555,0.36799592681766891,-5.6968941926774619,14.73630747120858,8.199901433988753
flow01,422,1,190.5,128,3007389065756.2964,2648559500597.5493,4738640377405.7734,3633772522637.4424,157006455.95271987,205838006.17301378,49749505.274601303,56777695.666210137,0.31686280014869339,0.27583679380612819,-12.947561633398754,31.10161930857085,14.127156346209835
flow01,423,1,203.19999999999999,128,2866066634990.3535,2344732480827.2007,5103535971202.3906,3849617475905.2407,140274085.74455446,182216078.36003289,50231653.259866059,60150273.061019495,0.35809645803958545,0.33010409181439615,-7.8169905333425316,29.900029212706269,19.745756226339832
flow01,424,1,152.39999999999998,128,2326713390188.9731,2175646453574.4304,3703193653343.5215,3285934588705.7642,151846017.29300204,169084639.42007449,48598341.907395303,51342727.948527656,0.32005015853408886,0.30365104792855602,-5.1239189134118659,11.352699553396132,5.6470775203849799
flow01,425,1,165.09999999999999,128,2193021297478.3718,1983562256889.6194,3675180583592.2236,3040441111134.3262,132110811.62868239,154144493.1358372,44520661.218561165,47506892.361473933,0.33699483539389102,0.30819714279127247,-8.5454403385615176,16.678181925854663,6.7075175012624806
flow01,426,1,177.79999999999998,128,2405499313800.3071,2164854885109.8613,4483764956296.7783,3565356587993.4927,134539245.32300478,168245951.47074756,50436051.251932271,55708696.687398426,0.37487984365338373,0.33111463426259224,-11.674463199802513,25.053437803087846,10.454120226678439
flow01,427,1,152.39999999999998,128,2869500135079.8716,2716972761478.1655,3364050924130.1543,2861065521787.6035,187224703.03375462,211149422.81250098,44147649.922967911,44704148.777931385,0.23580034689657678,0.21171807236067283,-10.212993684214789,12.778612753058017,1.2605401554431424
flow01,428,1,177.79999999999998,128,3026493653374.7964,2787946093289.9575,4010471046850.1655,3139671908428.3779,169362678.93625933,216609159.71750256,45112160.257032238,49057373.569193497,0.26636423408258952,0.22647875848451268,-14.974035735484614,27.896630519776284,8.7453433612642524
flow01,429,1,127,128,2381201571996.3857,2388533454315.314,3336377604126.8843,3355779933443.6328,186485667.56027672,185600804.62011135,52541379.592549361,52434061.460056856,0.28174486693765194,0.2825098822571333,0.27152768666080368,-0.47449380520321294,-0.20425450059503819
flow01,430,1,190.5,128,2623971526650.6006,2304639985380.8027,3768224580938.105,2778374502722.7949,137010812.91198429,179114252.06528392,39561412.923234701,43412101.605043747,0.28874664767261066,0.24237100679861487,-16.061014473344756,30.730011930041513,9.7334457929522245
flow01,431,1,177.79999999999998,128,2178939954998.5437,1886414136382.0022,3485632204564.8037,2598044636191.4507,121919941.24774317,146583662.42545086,39208461.24369859,40594447.44049149,0.32159186464851064,0.27693705266190161,-13.885553987945334,20.229439848228463,3.5349160686984371
flow01,432,1,228.59999999999999,128,2324245114688.4775,1907257970232.0552,4209226276162.248,2738623351892.8091,101133526.09803562,148199503.2347666,36826126.650588349,42790989.873325221,0.36413371580548148,0.28873909115295027,-20.705202891128781,46.538451641750065,16.197367915807067
flow01,433,1,177.79999999999998,128,2249294334453.7104,2021182167556.4663,4062117225337.3481,3194937233458.0859,125800383.69666125,157059858.21905115,45693107.146651842,49920894.272782683,0.36321913975103831,0.31784629655757163,-12.491864614999814,24.848473115761674,9.2525708802462834
flow01,434,1,165.09999999999999,128,2683382272790.0752,2468559039459.1128,3841573138751.9883,3215179153684.8208,161676772.56749132,191824140.82523501,46536319.064227603,50237174.27632542,0.28783552717692457,0.261891824773478,-9.0133774165757128,18.64669103606629,7.952616980707135
flow01,435,1,203.19999999999999,128,2354845145817.2544,2017512607217.6484,4326820354558.9175,3198493527666.312,115273966.98153852,156794956.80761817,42586814.513375178,49976461.369786218,0.36944000131613053,0.31873768383447154,-13.724100612015999,36.01939875351853,17.351959616726404
flow01,436,1,203.19999999999999,128,2473194803326.689,2156709816688.6873,4422489191416.2588,3355877897750.6758,121037858.03747588,167608611.8434687,43528436.923388377,52435592.152354404,0.35962662946258561,0.31284545331909624,-13.008262545350894,38.476187996960029,20.462841899521784
flow01,437,1,127,128,2369692082259.8765,2379149428491.356,2942250441725.3457,2960579373876.5864,185574631.5302743,184900273.01174051,46334652.625596002,46259052.716821745,0.24968204028489235,0.25018379888430159,0.20095902726392278,-0.36338938839481544,-0.16316062491098532
flow01,438,1,127,128,2541888649835.6274,2549436821530.0107,3130710151164.2651,3149502715700.0469,199075184.10246119,198129374.35196471,49302522.065578982,49210979.932813324,0.24765779967935969,0.24837801105348986,0.29080908215393209,-0.47510178366063038,-0.18567434064305038
flow01,439,1,190.5,128,2703980343785.937,2411846399154.1172,3975263784020.6655,2932659635932.5322,141244858.81561399,187417175.73890674,41735052.850610666,45822806.811445899,0.2954801555297179,0.24449630419829949,-17.254577127190771,32.689555790181167,9.7945340466375423
flow01,440,1,190.5,128,3201133922391.1528,2912780730641.0205,4359794910340.3008,3338468837341.3774,167106775.28538758,226366630.82320303,45772125.0429428,52163575.583459117,0.27390945079738654,0.23043845019807685,-15.870573458768902,35.462269819168334,13.96363077860148
flow01,441,1,165.09999999999999,128,2653783951238.9238,2502276496528.5259,3835470431072.7041,3232642530283.7051,159871029.17937806,194444220.85158476,46462391.654424042,50510039.535682984,0.29062421060849264,0.25976621631884989,-10.617833326767244,21.625676552951305,8.7116649340058991
flow01,442,1,139.69999999999999,128,2829861522852.7168,2640941452505.6426,3108536954067.7979,2867537334556.085,201554470.2835865,205219448.67384809,44503034.417577639,44805270.852438912,0.22079904432266875,0.21832858017101095,-1.1188744766700822,1.8183562910338718,0.67913668992848808
flow01,443,1,177.79999999999998,128,3333734071788.5132,3076388824636.4849,3656679392804.5205,2896253996164.3647,186555862.30276692,239056726.49399182,41132501.606350072,45253968.690068282,0.22048356507604647,0.18930221857281912,-14.14225431835369,28.142168004358787,10.019976716130328
flow01,444,1,228.59999999999999,128,3235445003973.916,2683801996609.6426,4379491189711.7061,2860987328144.5146,140765750.09381789,208501542.47064105,38315758.440172412,44702927.002258122,0.27219517826343154,0.21440094146331176,-21.232645327826596,48.119512261809746,16.669821561953061
flow01,445,1,228.59999999999999,128,2269291005955.0332,1920590866920.4832,4295304574317.9053,2807719948950.9297,98739483.826343283,149231653.94505832,37579217.623078793,43870624.202358358,0.38058956930715504,0.29397666676340617,-22.757560776408951,51.13675721408211,16.741717835593732
flow01,446,1,190.5,128,2434488583292.1631,2082701259873.8257,3691675823943.0703,2627145659224.75,127094893.1306304,161861221.0485481,38757751.432473183,41049150.925386794,0.30495128858275422,0.25360707561371137,-16.836857193705427,27.354622252354581,5.9121063741426498
flow01,447,1,177.79999999999998,128,2035175628919.7717,1719811746689.9653,3600600029896.9263,2738928039482.0649,113888491.46777113,133641288.46690829,40501687.625387251,42795750.616907343,0.35562581524621101,0.32022850952611287,-9.9535253636160981,17.34397983902257,5.6641170430689121
flow01,448,1,177.79999999999998,128,1894411312769.092,1641258608259.4041,3275712842122.4551,2551624641283.0732,105950224.55919929,127537165.353908,36847163.578430325,39869135.020048089,0.34777806023282293,0.31260797516875671,-10.112795798711772,20.374605985518315,8.2013678886989627
flow01,449,1,114.3,128,1886915662192.7913,1985691207015.0449,2382938949687.0034,2623623736422.375,164206153.01072773,154301964.68517312,41696219.592073552,40994120.881599687,0.25392604861371731,0.26567465271904483,4.6267817616458791,-6.0315573710003179,-1.6838426057390925
flow01,450,1,177.79999999999998,128,1655515523216.6399,1404405022844.6921,3231206563158.6133,2439060312993.6392,92613415.546896875,109129182.08517198,36346530.519219503,38110317.390525684,0.39245427138808658,0.3492220564869784,-11.015860458900981,17.83301743138064,4.8526966566272858
flow01,451,1,190.5,128,2015370588885.8652,1717954357385.0449,3301928565524.5298,2326660481425.3945,105272877.68879297,133472824.6780888,34665916.698420264,36354070.022271857,0.32929580210488241,0.27237057513355994,-17.286957989580287,26.787476136693378,4.869778400894047
flow01,452,1,190.5,128,2052058005552.8245,1772754053740.915,3325893874583.4263,2352613447763.5312,107152037.30058014,137733927.81546834,34917520.993001856,36759585.121305242,0.32586894167072272,0.2668883818557371,-18.099472601651946,28.540652408783103,5.2754722440707384
flow01,454,1,190.5,128,1885233687934.7859,1603483481759.2473,3340270819103.2168,2458072155588.043,98435868.955239624,124621088.91462667,35068460.0430784,38407377.431063242,0.35625692560325334,0.30819324213556443,-13.491297996888679,26.601299137506363,9.5211406029329115
flow01,455,1,165.09999999999999,128,2662805604503.7822,2448646888799.9419,2870510528233.7231,2399655364627.1953,160433792.453628,190276828.75729477,34772992.468003921,37494615.072299995,0.21674356715125806,0.19705297443298145,-9.0847414652612084,18.601465344212091,7.8268288436790474
flow01,456,1,165.09999999999999,128,2456998267787.7588,2215383700037.7285,3233687926532.3218,2659785791965.4473,148048743.51502284,172137324.70239899,39172476.396515109,41559152.999460191,0.264591751787074,0.2414302248005194,-8.7536844327609558,16.270709642957435,6.0927386330811784
flow01,457,1,127,128,1952543762124.8691,1958452028180.0974,3262616628659.498,3280205763828.5229,152903054.61084911,152193153.588258,51379789.427708633,51253215.059820764,0.33602853493329116,0.33676426206714105,0.21894781465388127,-0.46428177932603815,-0.24635049948182375
flow01,458,1,165.09999999999999,128,2977042675249.6826,2735807524833.626,3438824137653.1616,2913692781191.332,179352180.17666093,212607673.75354582,41657469.868602812,45526449.706114642,0.2322663143964597,0.21413361475789799,-7.8068572645496337,18.542006873921697,9.28760159874202
flow01,459,1,203.19999999999999,128,3152921470120.7373,2318494876546.6587,4106089034672.1255,2960784361215.1255,154328704.16139141,180163115.64446929,40414262.152284704,46262255.643986419,0.26187132440392241,0.25677983797349252,-1.9442703175001126,16.739861598307197,14.470123120560585
flow01,460,1,177.79999999999998,128,2438391820884.3462,2072259413920.8396,3421071459184.0342,2665617588814.7095,136424569.4102771,161033073.38553068,38482243.63536597,41650274.825229913,0.2820770760114053,0.25864422723594566,-8.3072503114404732,18.038176027697091,8.2324492820175816
flow01,461,1,165.09999999999999,128,2579587196119.0327,2201407268046.5742,3306055674500.3545,2749202917067.8018,155398106.95778412,171086691.73837909,40049129.915207207,42956295.57918448,0.25771954819299742,0.25107911750887102,-2.5766111770278304,10.095737385563506,7.2589983106558869
flow01,462,1,228.59999999999999,128,3233123680373.187,2721830558846.5649,4542833686643.2207,2962131738124.1392,140681030.60249907,211499629.97120366,39744826.65479634,46283308.408189759,0.28251731228140653,0.21883399235493403,-22.541386725015833,50.339835488414849,16.451151769218665
flow01,463,1,215.90000000000001,128,2543110854189.396,2066467295241.1995,4279413373245.3179,2981006128453.2754,117149489.30247051,160578826.39904183,39642550.933259085,46578220.757082514,0.33839286171282595,0.29006452345924261,-14.281725095784306,37.071725498043179,17.495518478364573
flow01,464,1,190.5,128,2549065195290.8511,2194938192807.6641,4016494926502.5728,2942617136092.8857,133108815.45313422,170548690.22941494,42167925.737559825,45978392.751451425,0.31679288553511747,0.2695910047131011,-14.899918204376435,28.127269143539767,9.0364108436511028
flow01,465,1,165.09999999999999,128,2382154552413.0049,2182214706214.2471,3738417581628.5879,3064702492861.2437,143495855.88164592,169590723.2501685,45286706.016094349,47885976.450957023,0.3155959155604216,0.28236200384804622,-10.530526560636895,18.185101728683644,5.7395882004288943
flow01,466,1,177.79999999999998,128,2316774780680.0449,2009698429740.6091,3620903611877.9204,2839074153700.2021,129598577.68893638,156191697.3597447,40730074.37432982,44360533.651565738,0.31427871432424587,0.28401339124571662,-9.6300900121743798,20.519607656989375,8.9134609573019077
flow01,467,1,152.39999999999998,128,2103273025909.896,1902665966752.4771,3171852899958.3135,2798148116839.6562,137251938.56578121,147838872.92909905,41625366.141185224,43721064.325619705,0.30327707263118397,0.29573456195507908,-2.4870032576703753,7.7135044313008452,5.0346660671434726
flow01,468,1,165.09999999999999,128,2259141571288.4268,2070516114580.77,3436208638350.4136,2837672647401.9443,136102169.27922422,160910071.94340071,41625786.049066193,44338635.115655459,0.30584219391586365,0.2755491597272503,-9.9047923377592806,18.22741165372695,6.5172320431174766
flow01,469,1,152.39999999999998,128,2133282223605.4353,1990117782725.6084,3074659485894.6743,2689260024091.5283,139243451.76439846,154637952.17105624,40349862.019615158,42019687.876430206,0.28977924281773476,0.27172946412242438,-6.2288031812766258,11.055816421949565,4.1383681956664438
flow01,470,1,177.79999999999998,128,2171510972147.7515,1878958913743.1816,3221112673043.2212,2485382386399.1479,121517821.51346199,145977962.9280248,36232988.448180221,38834099.787486754,0.29817016135502605,0.26602713867595285,-10.780093666314606,20.128851151148279,7.1788484767868281
flow01,471,1,165.09999999999999,128,2814670925118.1992,2536662495988.4009,3278660183031.2236,2679757800500.8789,169559894.75003579,197121342.59192115,39717264.482510284,41871215.632826306,0.23423737400321723,0.21241340527751845,-9.3170309898534924,16.254697422710883,5.4232112366765
flow01,472,1,152.39999999999998,128,2733409261612.5532,2621509624490.2534,3152572324985.8403,2785515870567.0034,178411032.17269224,203698938.54859379,41372340.222911298,43523685.477609508,0.23189339649616011,0.21366672692418881,-7.8599347145588583,14.173958901501237,5.1999602708159864
flow01,473,1,203.19999999999999,128,3158485488838.4927,2875717715446.2407,3945342291480.2109,2880067117716.313,154648855.77568343,223463190.95623139,38832109.168112315,45001048.714317471,0.25109858701080784,0.20138014015530459,-19.800369029302129,44.497151198042125,15.886182024001135
flow01,474,1,190.5,128,2743356224366.0869,2442928916400.4014,3795087412948.8242,2899896174869.3823,143229576.42913619,189866830.44293848,39843437.406286873,45310877.732334182,0.27817883987110503,0.23864556872113404,-14.211458775329152,32.561189648477665,13.722310829498371
flow01,475,1,177.79999999999998,128,2795958413315.8633,2540267542470.3169,3655614589751.0723,2892087346683.8267,156406645.17358655,197426983.73781228,41120524.069190919,45188864.79193487,0.26290778133853371,0.22888899955006534,-12.939435118759008,26.226723627183272,9.8936986209086495
flow01,476,1,177.80000000000035,128,2396895111064.1201,2078358995359.7715,3630312334060.1069,3014460421500.0068,134067982.81118125,161515408.96688977,40835909.269517347,47100944.085937694,0.30459106203626446,0.2916188887934108,-4.2588817794361926,20.47276730818345,15.341974572112656
flow01,477,1,152.39999999999998,128,2361111855540.02,2239553893021.8271,2907241120725.3813,2584847019952.2891,154104301.95473987,174028854.28045192,38152770.613193989,40388234.686754592,0.24757758303463445,0.23207780602674039,-6.2605736827658385,12.929264188590828,5.8592443946588117
flow01,478,1,177.79999999999998,128,2026964576108.1069,1781305317421.2146,3352174493208.5889,2585332272050.4033,113386820.4540626,138405465.77892604,37707249.642391331,40395816.750787623,0.33255407896077305,0.29186576211745524,-12.235097813404737,22.06486188136784,7.1301066343850872
flow01,479,1,190.5,128,2969986013582.1821,2532514570746.0898,3596624966349.2026,2681644645319.2007,155024167.67588496,196799011.73630738,37759842.166395836,41900697.58311259,0.24357390678169485,0.21291111786300879,-12.588700211705293,26.947310659175873,10.966294293470025
flow01,480,1,152.39999999999998,128,2740635814277.1401,2477101560146.3228,3298749166947.6782,2877020892089.5898,178898237.63618731,192463098.75448862,43290671.482253,44953451.438899919,0.24198489629780576,0.23356919705550316,-3.4777787254728363,7.582445359739765,3.8409659626752966
flow01,481,1,165.09999999999999,128,2693172481982.5215,2432378785606.312,3404341416319.4023,2646073335979.3706,162247148.19083297,188998039.84745848,41239750.651961274,41344895.87467774,0.25417858564426427,0.21875833161046257,-13.935184171405425,16.487742283865266,0.2549608594965283
flow01,482,1,152.39999999999998,128,2614366140032.2212,2356457751366.7524,3161375937295.1572,2757738460363.0132,170652133.02496362,183108364.63973215,41487873.192849837,43089663.443172157,0.24311371008049948,0.2353232935477938,-3.2044332383089902,7.2991947970239499,3.860863734510203
flow01,483,1,152.39999999999998,128,2609819146149.7051,2411849851555.5054,3566238278973.895,3168909871989.2856,170370114.61489621,187422284.84105,46801027.283121988,49514216.749832675,0.27470209425468078,0.26418532242217052,-3.8284279779680137,10.008897549137908,5.7972861371125362
flow01,484,1,203.19999999999999,128,3566680196539.9434,2926433885193.3247,4015683776430.3022,2842402882642.8516,174550063.10316905,227433560.01231518,39524446.618408494,44412545.041294634,0.22643616344639927,0.19527700766276429,-13.760679967981709,30.297036832286313,12.367278586032148
flow01,485,1,190.5,128,3848744504900.4546,3465072581459.229,3964521695340.9209,2889302250397.6729,200965886.99438301,269253193.01013225,41622275.016702585,45145347.662463717,0.2071111452754463,0.1676687550396658,-19.044069397291157,33.979550976060864,8.4643923100007381
flow01,486,1,152.39999999999998,128,2083458069271.2942,1891478897032.8792,3012070390629.0347,2597296079694.7544,135973633.05508292,146969627.45583948,39528482.816654004,40582751.245230608,0.29070696964198212,0.27613019062339705,-5.0142516488465958,8.086857836844068,2.667110785573644
flow01,487,1,177.79999999999998,128,2614154032210.8452,2296915805505.1094,3579386633912.415,2740429828149.7207,146206556.98853639,178500103.45515478,40263066.748171151,42819216.064839467,0.27538482252425966,0.23988342435665364,-12.891559470195052,22.087618456913958,6.3486205177960606
flow01,489,1,215.89999999999964,128,2688293411634.5723,2196652451174.6985,3912215355637.2241,2566677580378.353,123841178.26521188,170695115.00545675,36240994.494092062,40104337.193411842,0.29264090508312363,0.23494718751693505,-19.714850714325422,37.833891276377308,10.660145377493917
flow01,490,1,152.39999999999998,128,2100698101365.2327,1902912899951.4055,3274453039948.8179,2878000016722.8491,137125548.08711329,147865697.55382049,42971824.671244338,44968750.261294596,0.31337577330188787,0.30411887953206163,-2.9539276990977528,7.8323475213270859,4.6470579393072642
flow01,491,1,241.30000000000001,128,3559490081371.2612,2957326790804.2949,4577317581581.5283,2824073183501.7661,146718833.38453397,229792911.15335512,37938811.285383523,44126143.492215179,0.2585817403955909,0.1920256950953855,-25.738880556061201,56.621277481871125,16.308713945435123
flow01,493,1,203.19999999999999,128,2744977864299.1064,2320107158107.166,3992842787738.4849,2830633336538.7559,134336703.32849687,180297714.71254516,39299633.737583518,44228645.883418143,0.29254576570546881,0.24530896552922699,-16.146807000378601,34.213294092574749,12.54213252659617
flow01,494,1,203.20000000000039,128,2303707726287.5737,1960933019935.498,3932677965924.0708,2666974912790.9058,112772531.87372938,152370211.039534,38707460.294528119,41671483.01235798,0.34323482546147493,0.27348838547940246,-20.320327311862734,35.112875899728728,7.6574972764329621
flow01,495,1,165.09999999999999,128,2283221702357.9722,1984671524644.4631,3091073014686.1011,2486417710244.5747,137569407.24442911,154214762.04433423,37444857.839928545,38850276.722571552,0.27218884336251931,0.25192320247138683,-7.4454340746587242,12.099604943655942,3.7533027596231587
flow03,0,3,152.39999999999998,128,2758627923347.9971,2602187226538.8013,3664728312496.1025,3274504575693.0732,180064880.17212805,202202754.22360492,48093547.408085346,51164133.995204359,0.26709010309012865,0.25303381346934944,-5.2627519545476975,12.29438746207188,6.3846123910643264
flow03,1,3,139.69999999999999,128,2467487004840.4341,2415437494852.4448,3327997592378.2354,3113116379134.4458,175703059.31994972,187657453.55021912,47644919.003267504,48642443.423975803,0.27116727043726435,0.25920869383937672,-4.4100368671352221,6.8037484814085269,2.0936637978960322
flow03,2,3,139.69999999999999,128,3021722246470.2437,2953561260750.0098,3828724737353.2036,3629761973404.1069,215148279.54830939,229500318.49301732,54813525.230539776,56715030.834439278,0.25477092052800704,0.2471239744103661,-3.0014987981331682,6.6707663081662361,3.4690445394671734
flow03,3,3,165.09999999999999,128,2868372133935.6968,2620493861525.5493,3919948527770.6128,3208685131669.7803,172812235.43393159,203609493.51474759,47485748.367905676,50135705.182340406,0.27478232804910452,0.24623461468759578,-10.389210093746339,17.821225449392557,5.580530802428636
flow03,4,3,190.5,128,4009566725151.7139,3725266489961.2627,5102126477989.1816,3861958304652.2944,209301619.77593637,289479016.85123712,53565632.31484706,60343098.510192208,0.25592555075393431,0.20845413656079415,-18.548915515974674,38.30710778116913,12.652639206252033
flow03,5,3,177.79999999999998,128,3458873555707.5405,3162399656436.4741,4877548308691.1699,3848351884480.7422,193450725.32355961,245753058.89250565,54865560.277740955,60130498.195011705,0.28361516963027428,0.24467853407803672,-13.728685811480409,27.036514586061539,9.5960706326856613
flow03,6,3,152.39999999999998,128,5545667627461.9951,5144385734487.9346,4781859405249.5479,4289678043915.1313,361858679.73142737,399826702.86710912,62754060.436345786,67026219.43617405,0.17342145967846354,0.16763817662886721,-3.3348139615010561,10.492500321910679,6.8077809947640029
flow03,7,3,203.19999999999999,128,3979064995122.1118,3629863894252.4126,4667173462972.9541,3533307843121.6665,194734965.2173202,282065574.16592169,45936746.682804674,55207935.048776142,0.23589367544518886,0.19572730636139501,-17.027319197087465,44.845880066346751,20.182509723619408
flow03,8,3,165.09999999999999,128,4048226357101.4893,3732050116773.3262,4015998738551.9087,3327117456557.5347,243875962.00465217,290036116.38538963,48649288.171434395,51986210.258711576,0.19948373661569138,0.17924047151987843,-10.147827306248994,18.927718009312006,6.8591385664642388
flow03,9,3,190.5,128,4222306087414.4624,3908300584664.6934,4163875004018.0908,3131260826945.8979,220448807.19475162,303686346.67128092,43715223.139297545,48925950.421029747,0.1983010191598728,0.16110684908066888,-18.756419022343756,37.758217218655467,11.919708759413945
flow03,10,3,165.09999999999999,128,4262924813296.9106,4026882108958.0054,3589319783769.0244,2909134712701.8032,256815112.48779038,312932805.33399695,43480554.618643552,45455229.885965757,0.16930683789378137,0.14525556001535486,-14.205733316876218,21.851398191714498,4.5415135217146139
flow03,11,3,152.39999999999998,128,3382678109205.0244,3253910235477.4292,3501985177628.9561,3092262746743.2485,220750831.53755921,252884028.08603135,45957810.730038799,48316605.417863347,0.20818861886017132,0.19106230545104255,-8.2263446978489991,14.556319595563968,5.1325218724633448
flow03,12,3,165.09999999999999,128,2925853985763.2432,2712010508266.6284,3436832364200.3462,2791699445256.4873,176257724.99822682,210752893.54988304,41633341.783165924,43620303.832132697,0.23620718912368102,0.2069736889368412,-12.376211026978011,19.570869050989533,4.7725259704475214
flow03,13,3,152.39999999999998,128,3229245242761.6836,3092654343210.0435,3463606160590.7896,3003997064397.6318,210792794.80169848,240308256.40477312,45454149.089117981,46937454.131213084,0.2156342636468129,0.19532185382824321,-9.4198433379953741,14.002120722788963,3.2632995487098784
flow03,20,3,190.5,128,4018145005627.2007,3667003627197.3013,4217979187245.9277,3088280001386.3701,209891438.49538592,284907436.43859631,44283246.060324706,48254375.021662124,0.2109816692751772,0.16936860485234115,-19.72354497231764,35.740380113150486,8.9675651959383469
flow03,21,3,190.5,128,2938741926095.6963,2542258178238.2871,3904209427265.5918,2820834980090.4106,153459882.84880874,197535768.40764901,40989075.35186974,44075546.563912749,0.2670996132080517,0.22312691478211319,-16.463033359650314,28.721438294244354,7.5299849668412158
flow03,22,3,203.19999999999999,128,3443265346410.3003,2981278053395.6895,3851515641962.7036,2671583147792.5996,168551379.48042703,231701867.58882508,37908618.523254961,41743486.684259444,0.22490838485043124,0.1801603375866476,-19.896122278207649,37.466610064577601,10.11608523442233
flow03,23,3,177.79999999999998,128,4087367498482.4429,3791588132902.4312,3289620293496.2217,2426612437863.3105,228656910.38301346,294625058.31072086,37003602.851476066,37915819.341614299,0.16183024072831609,0.12869176694952769,-20.477306113893722,28.850275208042902,2.4652099250974548
flow03,24,3,177.79999999999998,128,2776951548743.3638,2544108948401.2363,3440461746564.3574,2656868050363.3208,155352061.8501251,197674469.7004368,38700357.104211003,41513563.286926962,0.24911389423042818,0.21000973646135565,-15.697300983501759,27.242900638899769,7.2691995454735832
flow03,25,3,190.5,128,3204053126279.4736,2846307430265.2822,3789464196570.5005,2826715776083.998,167314323.53212905,221172095.49609229,39784401.013863526,44167434.001312546,0.23778239766916193,0.19969713585361815,-16.016854985428161,32.189576377554452,11.016963623309749
flow03,26,3,165.09999999999999,128,3651134407790.8486,3395680391521.3037,3631609036069.397,2978586819938.1577,219971701.51501179,263867893.45876634,43992841.139544487,46540419.061533801,0.19999318474400324,0.17637772618519237,-11.808131656605848,19.955381370161788,5.790892008789438
flow03,27,3,190.5,128,3121243243797.6582,2840679901488.708,4228783522357.3179,3141849292422.876,162978710.64612156,220723407.22278172,44396677.400076836,49091395.194107525,0.27240783304806049,0.22241136910576204,-18.353533884423086,35.430821821901752,10.574480048866368
flow03,28,3,241.30000000000001,128,2918596009097.4609,2508224749996.124,4534528416303.7432,2799707142055.3584,120296838.115748,194916510.14028624,37584155.957759999,43745424.094615057,0.31242846068486879,0.22443159926847855,-28.165443450156207,62.029620390138753,16.393259286651457
flow03,29,3,139.69999999999999,128,2291464942250.8955,2225654031579.3032,2664846227545.4727,2487557918498.0278,163169005.50563607,172948738.74090776,38150983.930500679,38868092.476531759,0.23381268894957441,0.22473764630778567,-3.8813302573779143,5.9936218922005304,1.8796593748078179
flow03,30,3,165.09999999999999,128,2440331703668.8887,2246063098796.208,3183058967102.7666,2554919472662.7773,147023871.80587828,174525649.21516043,38559163.744430855,39920616.760355972,0.26226464635173069,0.22873782128803682,-12.783585408888879,18.705654443377661,3.5308157224279872
flow03,31,3,177.79999999999998,128,1917953986174.4128,1705993617654.7993,3336995435206.5786,2502351463196.854,107304814.06443653,132570948.20346977,37536506.58275117,39099241.612450913,0.34981195307985441,0.2949306929029536,-15.688789274840081,23.546132910552302,4.1632404610019114
flow03,32,3,165.09999999999999,128,2198330574833.2769,2047989781031.8223,3364956400644.957,2689741846541.2305,132446562.31013866,159118336.84554586,40762645.677104272,42027216.352206804,0.3077667322286094,0.26412553817101597,-14.179958224067152,20.137762785380726,3.1022782110848639
flow03,33,3,152.39999999999998,128,1751061149054.4758,1601161698211.7522,3079101181399.6196,2632935521528.9351,114265395.64089735,124424571.32448742,40408151.98687166,41139617.523889683,0.35363420185287453,0.33063901354822822,-6.5025351575618231,8.8908594125183633,1.810192995848144
flow03,34,3,165.09999999999999,128,2195189303828.2549,1921214692037.9219,3160890854918.29,2510144673982.062,132246711.51510222,149307118.22889361,38290622.106823631,39221010.530969791,0.28953931381840781,0.2626868095521237,-9.2742170008475462,12.90043927621076,2.4298075428248511
flow03,35,3,165.09999999999999,128,2572760712513.7114,2306428803579.499,3164184580734.5464,2583033320646.6074,155002387.83732942,179216240.42040354,38330521.874434248,40359895.635103315,0.24728987991243745,0.22520222241258661,-8.9318889667752792,15.621599719151339,5.2944068106273878
flow03,36,3,165.09999999999999,128,2495146124012.9385,2242909934323.4688,3196668807075.3184,2591992527242.7192,150326303.31453788,174321159.05626208,38724031.581772491,40499883.238167562,0.25759983933581859,0.23232913008050987,-9.8100640592266455,15.961847802189439,4.5859162485317473
flow03,37,3,177.79999999999998,128,2804717126508.2212,2508979024269.2427,3231390638762.3511,2444060887456.5093,156890775.55834839,194975125.50519925,36348601.110937588,38188451.366508029,0.23168093204701751,0.19586319674142066,-15.459940958079349,24.274435390681795,5.0616810532959295
flow03,38,3,152.39999999999998,128,2790136405278.9805,2621883533843.7412,2829869707902.6577,2422610663267.5527,182042553.32074684,203764830.99680853,37137397.741504699,37853291.61355558,0.20400393789286772,0.18576950413071261,-8.9382753835521012,11.932527466689882,1.9276899179470497
flow03,39,3,165.09999999999999,128,2970816402304.2578,2742099354873.9688,2980814157679.3521,2403098837679.6538,178959160.07662982,213074615.17585737,36109196.337726861,37548419.338744663,0.20177338965082872,0.17622192727066402,-12.663445077857796,19.063262860989848,3.9857519606829421
flow03,40,3,165.09999999999999,128,2415605164271.6099,2227591774024.9131,2957550115934.458,2403552112588.772,145534159.75030693,173126144.231731,35827378.751477391,37555501.759199627,0.24617848354603791,0.21692565225117721,-11.882773373811167,18.959112093520623,4.8234703959495633
flow03,41,3,203.19999999999999,128,2511160056312.3862,2136597022338.6174,3874545511572.521,2715004099564.3276,122919867.09837651,166015528.31963956,38135290.468233481,42421939.055692695,0.31024513260913833,0.25552994641570648,-17.636114298806636,35.05996405509638,11.240634422412416
flow03,42,3,241.30000000000001,128,2978140752920.4229,2411081846038.4644,4696902006617.7021,2965081408397.4453,122752797.28503358,187381963.59059969,38929979.333756343,46329397.006210171,0.31714128064520131,0.24724576537917312,-22.039235990922013,52.649852170371602,19.006991010749815
flow03,43,3,165.09999999999999,128,2510710578323.4365,2314815577147.3428,3503963053390.1035,2875914641272.9868,151260993.65935579,179849337.21411198,42446554.250637241,44936166.269890502,0.28061797839453662,0.24985450024980443,-10.962760946656125,18.900010414540834,5.8652865072454858
flow03,44,3,190.5,128,3251013789796.6421,2880410244623.5044,3744411249764.7593,2824065820585.6162,169722402.07495907,223839395.83373031,39311404.197005354,44126028.446650334,0.23162177600835041,0.19713253907916861,-14.890325738603433,31.885592648441364,12.24739830080083
flow03,45,3,203.19999999999999,128,2627548630753.6577,2315290668036.8384,4175427806924.6514,2945697992120.6475,128654699.81288597,179918773.46542144,41096730.383116655,46026531.126885198,0.31943434979746022,0.25581839093479053,-19.915190367913116,39.846250255212901,11.995603294499073
flow03,46,3,190.5,128,3922586637597.6045,3579600261508.853,4002475764845.7285,2969126070625.3784,204818070.04245678,278174111.26002157,42020742.938012905,46392594.853521623,0.20516130695549673,0.16677538626215443,-18.710117060069667,35.815219429788989,10.404032889084981
flow03,47,3,177.79999999999998,128,4109460547500.9365,3856853674931.9565,3657197990295.7778,2778093823537.9404,229935602.1400089,299696512.13221234,41138335.098940141,43407715.992780395,0.17891242033015317,0.14483890948197256,-19.044799005739009,30.339325160148832,5.5164626579618679
flow03,48,3,190.5,128,3086264169203.5308,2748047133823.1836,3781801975637.354,2761417230482.8618,161160635.86645913,213509214.52684721,39703957.749473542,43147144.226294793,0.24636262779685866,0.20208563045820843,-17.972286517076515,32.482236359358332,8.6721492566239355
flow03,49,3,152.39999999999998,128,2658972980375.0972,2491456804470.3613,2994182243510.5688,2622188391492.6431,173511130.53080726,193608456.42006168,39293730.229797497,40971693.617072619,0.22646230307871124,0.21162140525607298,-6.5533634608847118,11.58273006911571,4.2703082081086743
flow03,50,3,177.79999999999998,128,3212256338538.0649,2977314549308.4243,3473356955819.2178,2683462886594.3232,179681096.36999404,231369920.7146385,39070381.955221802,41929107.603036374,0.21744291828434315,0.18122108298921835,-16.658089203787572,28.766979603802252,7.3168612763779244
flow03,51,3,165.09999999999999,128,2979991734239.5952,2803376314337.7227,3451547720342.2959,2939255109809.8057,179526251.56659639,217824884.63553688,41811601.700088389,45925861.090778299,0.2328996530325155,0.21083845019645547,-9.4724069137964868,21.333165893419977,9.8399946986035012
flow03,52,3,139.69999999999999,128,2395575513814.1831,2306656279436.1572,2717015729052.5142,2538321060509.3438,170602626.20539925,179247804.31752798,38897862.978561409,39661266.570458569,0.22800272096473956,0.22126500640532668,-2.9551026982940547,5.067435539779007,1.962584917114625
flow03,53,3,177.79999999999998,128,2643543131045.5303,2336493881863.6006,3579729350131.2041,2792880455366.9927,147853003.23690051,181580522.83602321,40266921.823748082,43638757.115109339,0.27234429428010726,0.24032730181373824,-11.756072419655471,22.811521484674945,8.3737100792558259
flow03,54,3,215.90000000000001,128,2609546016071.02,2233682804811.3794,4466925998921.0908,3199873563671.6807,120231944.42175755,173577113.27590054,41379583.130348228,49998024.432370104,0.34416463386131557,0.28804502787702391,-16.306035095664591,44.36854873361716,20.827762510011897
flow03,55,3,139.69999999999999,128,2655646847168.8501,2597869455278.3462,2666260942428.9111,2489928383566.3677,189087985.47128049,201867242.14666152,38171237.54372099,38905130.993224569,0.20187024283210531,0.19272632141553225,-4.5296034166749468,6.7583652359139466,1.9226346766016775
flow03,56,3,101.59999999999999,128,2295807272514.2871,2439226410834.8691,1929692244268.6299,2405554053207.7139,224702101.43198997,189535001.55978781,37986067.800563589,37586782.0813706,0.16905079017278679,0.19831050609147804,17.308239665005352,-15.650543385258947,-1.0511372782498565
flow03,57,3,177.79999999999998,128,2347803532196.8613,2040910923018.0815,3142877747841.6743,2358434499419.4536,131366054.65416068,158617500.27210864,35352955.543775871,36850539.05342903,0.26911789074314074,0.23232328709134778,-13.672299359283969,20.744663215844586,4.2360914006150701
flow03,58,3,177.79999999999998,128,2175392393116.0254,1922901370237.5183,3444611426681.605,2637607981483.021,121698808.08924577,149411182.15035462,38747035.170771718,41212624.710672282,0.31838467261205411,0.27583360306459143,-13.364672739541824,22.771278121957,6.3632985828047222
flow03,59,3,190.5,128,1945127784167.3738,1618865753244.0547,3480822195510.5601,2413412798926.7935,101538517.16735618,125816583.25193904,36544065.044730298,37709574.983231217,0.35990347371823667,0.2997186381044889,-16.722493670862878,23.910203499000936,3.1893275613271892
flow03,60,3,228.59999999999999,128,1825753884909.9277,1419468423923.0483,3486235174728.4028,2116014656885.5942,79438371.496750191,110293985.18617027,30500745.185725313,33062729.013837472,0.38395481441828266,0.29976910307510768,-21.925942371818412,38.842203217474527,8.39974175224806
flow03,61,3,177.79999999999998,128,2749398005550.2441,2464704184187.6099,3621784954191.1147,2743958349350.541,153813483.55531019,191509752.66344994,40739988.236120529,42874349.208602279,0.26486616969097337,0.22387553956036696,-15.475977992369245,24.507779316099068,5.2389827903519173
flow03,62,3,165.09999999999999,128,2900144840692.4253,2738390538319.688,3254480142555.0215,2616224012339.9873,174715965.23826259,212764440.94357079,39424350.606360048,40878500.192812376,0.22564824315051296,0.19213032032760652,-14.854058846161349,21.777331941829679,3.6884553939050555
flow03,63,3,228.59999999999999,128,2692398204322.8701,2244641506986.0308,4392889056295.1328,2827004477002.6523,117147674.55855596,174397170.68614963,38432975.120692328,44171944.953166522,0.32807288122037542,0.25328360993114779,-22.796541735185254,48.86951136104512,14.932411072658102
flow03,64,3,165.09999999999999,128,2597596436013.2808,2370977752529.2778,3188934106746.9229,2612507135211.1978,156501811.94660386,184260435.38083553,38630334.424553886,40820423.987675041,0.24683633974623881,0.22153656536904434,-10.249614948594688,17.736934217542803,5.6693518079644392
flow03,65,3,228.59999999999999,128,3421253875937.7554,2865315499643.4199,4213424686369.8086,2618636626454.1621,148867030.40205461,222643365.6514574,36862858.148467273,40916197.288346358,0.24762271437073352,0.18377460818841393,-25.784430295327461,49.558545670018653,10.995726711027206
flow03,66,3,215.90000000000001,128,2281965639294.1553,1864327684765.6829,4305514371717.3301,3043785735933.2583,105124552.07308944,144886146.87380028,39884338.783856697,47559152.123957247,0.37940079645834313,0.32825189398806048,-13.481495808061281,37.823319116799652,19.242674127537381
flow03,67,3,165.09999999999999,128,3343013322653.7861,3158990769473.0493,3781518794347.9692,3157908786577.0283,201404144.85318458,245507175.26284927,45808828.520266138,49342324.790266156,0.2274472978381796,0.20098119225003666,-11.636148610994976,21.897776950823928,7.7135704713268876
flow03,68,3,190.5,128,2576595418050.1221,2265119522423.2373,3942645900708.1274,2907886545018.8535,134590792.00919601,176015480.81690148,41392607.881450161,45435727.26591967,0.30754412886300558,0.25813483595334308,-16.06575716217678,30.778248786050007,9.7677329151358148
flow03,69,3,165.09999999999999,128,2812112048514.207,2624992949401.1602,3279585699628.9458,2741312822209.6689,169398960.45179179,203974871.12887573,39728476.070611104,42833012.847026154,0.23452609133287561,0.2099916161729713,-10.461298792159205,20.410934391137356,7.814386766049684
flow03,70,3,165.09999999999999,128,2100200424890.5659,1796094479542.8767,3494824665374.2627,2820448470858.5649,126526746.8765731,139583406.22666764,42335853.002716698,44069507.357165158,0.33460002764486896,0.31572167887636493,-5.642064318219588,10.319287954847459,4.0950027730330865
flow03,71,3,190.5,128,3262055807161.7446,2920567482106.1416,3750471458728.9688,2803641778356.4155,170304771.93698815,226977640.968548,39375028.438099414,43806902.786819071,0.23120331855802587,0.1930009607989949,-16.523273972576305,33.277322993937311,11.255545772333612
flow03,72,3,203.19999999999999,128,3544782994788.3989,3211048320914.8813,4459096802009.2109,3265007494972.5269,173565956.78517091,249527147.24456975,43888748.051271766,51015742.108945824,0.25286495614802224,0.20444966678893509,-19.146697943682547,43.765028503497867,16.238772747283999
flow03,73,3,165.09999999999999,128,2781332922268.335,2640383428878.8311,3868247166517.2383,3237020774286.2163,167558274.79535407,205197286.08105066,46859444.779130697,50578449.598222218,0.27966058278149558,0.24648693247455666,-11.862111555727592,22.463236346678013,7.9365106364807287
flow03,74,3,177.79999999999998,128,2381081196189.9175,2134997063613.1799,3889429520744.834,3108831722197.4092,133208212.37037274,165886925.80439177,43750613.281719178,48575495.659334607,0.32843780802398853,0.2928229299795041,-10.843720538374555,24.532056134166098,11.028147986285406
flow03,75,3,177.79999999999998,128,3174739765392.9541,2894936887231.2061,4220893889712.2148,3358405063289.6914,177638711.33100665,224950843.63328421,47479121.369091287,52475079.113901526,0.2672791364750452,0.23327353774874751,-12.722878102186872,26.633908762216564,10.522430914365206
flow03,76,3,139.69999999999999,128,3035313198854.9185,2971306885971.7964,3435233846384.7441,3234138169578.8457,216105734.15782458,230903059.53257138,49180155.281098701,50533408.899669558,0.22757450408595753,0.21885118803521644,-3.8331693112011305,6.847261796366837,2.7516253473297789
flow03,77,3,177.79999999999998,128,2803115212271.541,2538016648096.4331,3844466639798.5967,3033542797085.7217,156801167.38909832,197236761.21271339,43244844.092222691,47399106.204464488,0.27579414625728937,0.24031578045101898,-12.864074994968346,25.787814272629184,9.6063755100666786
flow03,78,3,215.90000000000001,128,2830790258755.7334,2375037961463.3115,4482638096358.7021,2999987844437.2959,130415541.99932669,184556905.10235551,41525132.898181587,46874810.069332831,0.31840632076195313,0.2539856747344999,-20.232213315770004,41.51450223878097,12.882986273080679
flow03,79,3,190.5,128,3574837500016.6577,3196985077716.5562,3722160431154.002,2772158811412.0669,186673289.46459797,248434307.58425441,39077799.802141756,43314981.42831362,0.20933792892503103,0.17435185119761976,-16.712727553514984,33.08508587211093,10.842938055943558
flow03,80,3,215.90000000000001,128,2730625394229.5112,2245174888319.0825,4234969987875.3618,2837444861734.4517,125797057.41584161,174456632.67228451,39230847.502319247,44335075.964600891,0.31185822870749369,0.25413236106582432,-18.510291641466718,38.681012303484302,13.010752474771014
flow03,81,3,177.79999999999998,128,2078459063082.082,1816731154702.0337,3682600155701.0879,2901528163265.3101,116278191.90760627,141161660.01789325,41424073.742419444,45336377.551020555,0.35624972372579272,0.32116636730733999,-9.8479673335709226,21.399944135749195,9.4445172942872588
flow03,82,3,177.79999999999998,128,2449894386633.6821,2189766774600.6199,3600222303640.5864,2762652923144.7407,137085966.76344779,170160050.22810692,40497438.736114591,43166451.924136654,0.29541637041518615,0.2536814714515549,-14.127483492189649,24.126527496232317,6.5905728147738483
flow03,83,3,165.09999999999999,128,2416946551109.1426,2209348683486.3325,3326292215394.5801,2721772964396.0488,145603311.98663536,171703874.44465494,40294272.748571537,42527702.56868834,0.27674008371643405,0.24768050637317582,-10.500675201440847,17.925802718289336,5.5427971961498663
flow03,84,3,177.79999999999998,128,1946873836957.457,1663437742385.1877,3727100528346.582,2974898197327.0293,108888385.56746443,129267315.29216364,41924640.363853574,46482784.333234914,0.38502398713477254,0.35958652214735648,-6.6067221361229143,18.715430133797838,10.872231532154688
flow03,85,3,203.19999999999999,128,2462162805619.1973,2116990259939.853,3850586413507.1938,2730820312962.9395,120556785.49193297,164500562.01134792,37899472.57388971,42669067.390046008,0.31437029794084664,0.25938554171688799,-17.490442508122964,36.450686985474931,12.584858026341614
flow03,86,3,152.39999999999998,128,3241848691170.0303,2906308383133.125,3297204797939.0732,2888816797972.2993,211514538.17939955,225869467.07184407,43270404.172428794,45137762.468317255,0.20457413729040358,0.19984003616548993,-2.3141249366205816,6.7867339124789385,4.3155554740075939
flow03,87,3,203.19999999999999,128,3267225325674.3638,2748926469124.1548,3988247174048.3936,2822336242099.8721,159928835.2022047,213594082.23080507,39254401.319373958,44099003.782810584,0.2454491791285979,0.20646173022320988,-15.884122751521353,33.555704298570774,12.341552286126904
flow03,88,3,152.39999999999998,128,2961259964041.3384,2827488723005.6406,3046899611708.063,2653211751799.875,193308127.71105084,219698440.67919454,39985559.208767235,41456433.621873125,0.20684882566622356,0.18869698616754477,-8.775413367813389,13.651941737075262,3.6785140491004715
flow03,89,3,152.39999999999998,128,2817848358657.2202,2686715206222.4932,2975771117510.1797,2604307245092.7959,183846633.7888886,208803351.81398994,39052114.40302074,40692300.70457501,0.21241680414918201,0.19488336921346588,-8.2542598293693654,13.574748425233164,4.1999935896618164
flow03,90,3,165.09999999999999,128,3058349782875.4385,2744211130267.9722,3024225372296.9609,2397488448763.6841,184261602.7457706,213222189.34949684,36635074.164711826,37460757.011932634,0.19882098939114279,0.17568883016452824,-11.634666590007953,15.717103385713916,2.253804219171295
flow03,91,3,190.5,128,2607081948163.2549,2206461290219.1216,3736524163593.9067,2710981432613.3438,136100577.73526743,171461758.3509559,39228600.142718188,42359084.88458357,0.28823242924818954,0.24704683593574855,-14.289021335963945,25.981653571280479,7.9801082130800376
flow03,92,3,139.69999999999999,128,2423672990349.7363,2334230522445.9009,3269059029865.627,3030598067281.5767,172583182.14450657,181381199.56078708,46801131.422557294,47353094.801274724,0.27118013957680986,0.26106947641729028,-3.7283936704574963,5.0978416940497668,1.1793804165413695
flow03,93,3,177.79999999999998,128,3035585896390.4287,2822394100669.8003,3645149677349.0562,2854099062675.6694,169773588.88402408,219342237.71224409,41002808.519111998,44595297.854307413,0.24151464776492343,0.20331377266612988,-15.817208377346995,29.196914051267065,8.7615689386762465
flow03,94,3,152.39999999999998,128,2926338690234.022,2800386771280.6582,3109727612886.0781,2712989934639.1909,190958064.71373737,217643182.97574419,40810073.659922294,42390467.728737436,0.21371222902316339,0.19477048235166525,-8.8632020535638727,13.974334261299786,3.8725587265165236
flow03,95,3,177.79999999999998,128,2573526014838.8042,2266440717121.4023,3427914922010.7358,2663224602039.0454,144017274.54433575,176118146.79887202,38559222.969749562,41612884.406860158,0.26774026304656318,0.23627823232992748,-11.750952344124679,22.289598491640675,7.9194060510665647
flow03,96,3,152.39999999999998,128,2586402386037.1445,2444414637221.3062,3212400527021.5933,2797601700485.1924,168786523.27419001,189933236.44454679,42157487.231254511,43712526.570081212,0.24976808819487678,0.23014679994063908,-7.8558027152486209,12.528673948692223,3.6886433251976025
flow03,97,3,165.09999999999999,128,2495667354982.8638,2318812847080.5596,3520944742145.5234,2963164218021.1992,150348673.87359437,180173863.32453507,42652268.227080852,46299440.90658132,0.28368902184625017,0.25697090605858436,-9.4181000074603247,19.837347867807747,8.5509465993295031
flow03,98,3,177.79999999999998,128,2631267717326.8477,2411614111123.5742,3465952573816.7339,2685591492081.2661,147188331.0339404,187413647.16013384,38987093.068804659,41962367.063769862,0.26487896693260665,0.22390240892070953,-15.469917633106297,27.329147523873893,7.6314332789942085
flow03,99,3,152.39999999999998,128,2586733855917.6445,2408382568704.9199,2910386225204.5098,2555387984454.4644,168859433.02722025,187152845.9812355,38194044.950190425,39927937.257101081,0.22618839981556446,0.21334400258655095,-5.6786277454931016,10.833515561470792,4.5396927954917006
flow03,100,3,177.79999999999998,128,2883870993880.229,2592373769799.2427,3386061749833.3877,2776268874969.9902,161288510.75891685,201450606.38182878,38088433.631421693,43379201.17140618,0.23615094126793509,0.2153341801770772,-8.8150235519236624,24.900779003994593,13.890745918256348
flow03,101,3,165.09999999999999,128,3252092677539.5562,3046696844943.728,3257600408870.5552,2795361121378.6001,195930436.91747487,236780032.25351024,39462149.108062454,43677517.521540709,0.20140897825223428,0.18446453066944876,-8.4129554351669267,20.849029879538861,10.682054851941704
flow03,102,3,152.39999999999998,128,4340838702759.3486,4204394906098.5845,3145062728902.5542,2867124784104.876,283359517.91291153,326659991.71306247,41273789.093209378,44798824.75163877,0.14565873557808132,0.13714206174042268,-5.8470051959864922,15.281107943393316,8.5406155719523031
flow03,103,3,152.39999999999998,128,2954150079530.1875,2798989078416.686,3142229729009.8384,2785717927095.4541,192768714.25925443,217534555.72223154,41236610.61692702,43526842.610866547,0.21391754764452051,0.20009162436907582,-6.4632020269884736,12.84743821534731,5.5538803012084124
flow03,104,3,177.79999999999998,128,3469658029981.8179,3218589256845.5972,3377822157981.3281,2653229957325.5444,194068319.02046102,250132527.45446259,37995749.808563881,41456718.083211705,0.19578543267826168,0.16573901245514353,-15.346606645906116,28.888902999201328,9.1088300456904143
flow03,105,3,203.19999999999999,128,3721552307788.439,3275085222823.7676,3810925510374.0581,2665207984548.0234,182156029.81078249,254536258.96333426,37509109.35407538,41643874.758562945,0.20591747302045707,0.16360684693084027,-20.547370492164799,39.735291347608914,11.023363326109797
flow03,106,3,190.5,128,3037636752228.6919,2724517086383.1875,3591413961479.1934,2647163463291.6211,158563581.83331415,211713854.48153627,37705133.453849807,41361929.113931656,0.23779188775822654,0.19536713464134139,-17.841127179250226,33.519848652318515,9.6984026447159497
flow03,107,3,203.19999999999999,128,3326183520879.9331,2893012975260.3418,3962472273155.9785,2776088200225.4648,162809507.76763791,224795540.23473385,39000711.349960424,43376378.12852297,0.23954811905470733,0.19295924680369061,-19.448648745339085,38.072735012234389,11.219453766622095
flow03,108,3,165.09999999999999,128,3353779342675.2031,3072258410298.5352,3534581414860.9878,2921785613017.2422,202032529.26454666,238760431.92735583,42817461.112792104,45652900.203394495,0.21193350035590458,0.19120798130104172,-9.7792557665767994,18.179202525706486,6.6221560478168504
flow03,109,3,190.5,128,4028900097999.3892,3602364176149.9355,4427736162229.5996,3418237771441.8345,210358280.48772219,279928655.53702813,46485419.026032552,53409965.17877876,0.22098212116135704,0.19079849140958649,-13.658856016560284,33.072325409774642,14.896168084164962
flow03,110,3,139.69999999999999,128,2898418629561.1489,2797480394685.0596,3153133691201.5991,2972744842452.7109,206378762.71929124,217361152.65985245,45141498.800309218,46449138.163323693,0.21873131811391378,0.21369567466368636,-2.3022050493952988,5.3214729053778882,2.8967566380527825
flow03,111,3,165.09999999999999,128,2951389365062.5034,2673488816768.5474,3659540327203.8516,3040970067153.605,177820937.45161712,207743238.69679719,44331197.179937638,47515157.299275167,0.24930246018976032,0.22872059566099234,-8.2557807544706066,16.827209255558873,7.1822109978533364
flow03,112,3,165.09999999999999,128,2712256905575.4434,2456790714892.1606,3018462077262.2173,2508597008428.1309,163403411.82245994,190929386.10778201,36565258.355690099,39196828.256689616,0.22377291849584363,0.20529489491241815,-8.2574887558472359,16.84540976122911,7.1969131884719868
flow03,113,3,177.79999999999998,128,2949707968092.8579,2677283861341.687,3705462506703.1626,2873054554148.209,165065749.60062224,208011269.99055609,41681243.045029961,44891477.408565849,0.25251297223002367,0.21581271731384538,-14.534007735153754,26.017220709832806,7.7018681042399342
flow03,114,3,190.5,128,3214865995928.2197,2736586060973.2441,3384457474876.3418,2422348299904.1187,167881881.00208363,212635221.3143881,35532361.940958977,37849192.186001919,0.2116509639328974,0.17800057747742862,-15.898999858152038,26.657635740779568,6.520338414014291
flow03,115,3,190.5,128,3235248023005.4053,2923789345595.4878,3608076618909.5366,2597587202450.9238,168993172.42048195,227157619.78352991,37880069.48986391,40587300.038295761,0.22415147870952004,0.17867461402779916,-20.288451784275207,34.418223251248008,7.1468468376391492
flow03,116,3,177.79999999999998,128,3578337657454.5942,3173182637092.0908,3312105726091.7954,2541363920199.8208,200243886.56134349,246540069.87616476,37256532.351988703,39708811.25312227,0.18605577923886027,0.16106433032596976,-13.43223468528018,23.119898494698223,6.582144784611625
flow03,117,3,165.09999999999999,128,2610162949968.4565,2338642587064.2012,3206815621118.8481,2560247414758.125,157246332.26387703,181742814.7497077,38846948.771881871,40003865.855595775,0.24704518199313114,0.22011250299324484,-10.901924410181429,15.578412630141866,2.9781414507162056
flow03,118,3,190.5,128,2829565978763.7881,2418575436870.3813,3412417762224.4409,2450195077840.1201,147745938.17082354,187964342.72747397,35825908.264823534,38284298.091251947,0.24248320264075005,0.20367851442312995,-16.003041775685801,27.221326727879308,6.8620446640350456
flow03,119,3,152.39999999999998,128,3297706493485.5967,3105988159583.8223,2804921442441.0156,2431846436097.5757,215261683.7496843,241350566.18855086,36809992.68295297,37997600.564024687,0.17100113704284334,0.15743737901298202,-7.931969497058371,12.11961273572674,3.2263192533089207
flow03,120,3,165.09999999999999,128,3145735986427.5283,2850743328265.5479,3351860155720.5098,2776266357230.5449,189549283.09327435,221505344.61930326,40603999.463604003,43379161.831727341,0.21421341616799144,0.19583799165786372,-8.5780922777111481,16.858972508117482,6.8347020115860646
flow03,121,3,152.39999999999998,128,3019122000683.8281,2838678970393.5664,3020635562833.8892,2558723447278.4443,197004088.46925762,220585023.84197393,39640886.65136338,39980053.863725767,0.20121859885943086,0.18124554952727565,-9.926045328497775,11.969769539273344,0.85559946059057479
flow03,122,3,127,128,3556876439198.0078,3567285866188.6616,2730247333723.3521,2750606068577.4365,278537814.6069715,277209987.715886,42996021.003517359,42978219.821522526,0.15436331711077197,0.15503849690138558,0.43739652869022472,-0.47671332991505116,-0.041401928781681446
flow03,123,3,127,128,2853864101160.2124,2864852426913.9297,2649858710655.6353,2670634358986.9937,223490968.71067819,222618882.75690812,41730058.435521819,41728661.859171852,0.18671921588716975,0.18744439529299975,0.38837963322864999,-0.39021082543117719,-0.0033466915751486762
flow03,124,3,203.19999999999999,128,4454460679611.3896,4074907041912.6895,3657904874912.0488,2597894061043.4438,218075268.19728464,316640331.90104598,36003000.737323321,40592094.703803882,0.16509437789503364,0.12819622333041708,-22.349734155136563,45.197726692507459,12.74642077743029
flow03,125,3,165.09999999999999,128,2799326674816.2437,2534476310143.4917,3287332592840.7393,2720477682698.9102,168635534.66125968,196941282.7789284,39822320.930838764,42507463.792170547,0.23614430381372681,0.21583825997460501,-8.5989979479409442,16.785162258077357,6.742808552005779
flow03,126,3,177.79999999999998,128,3490738735853.4312,3165217443462.5059,3108026331614.1821,2383276336302.7212,195265576.82536694,245984739.24323109,34960926.114895195,37238692.754730083,0.17904295617942947,0.15138619114866411,-15.446999770853253,25.974451432995853,6.5151782088073453
flow03,127,3,139.69999999999999,128,3465719980417.5166,3388417923656.9795,2713941005679.7329,2529808264544.3516,246702777.19093576,263303549.38755867,38853844.032637551,39528254.133505568,0.15749252795223539,0.15012427377241164,-4.6784785764937462,6.7290576886269635,1.7357615897709024
flow03,128,3,165.09999999999999,128,2751707862209.5337,2508682070224.2026,3237042235783.4673,2679508293254.02,165783505.32121539,194967156.80370253,39213110.064003244,41867317.08209414,0.23653203609144055,0.21474035816323223,-9.2129921545950406,17.60347112093093,6.7686725530281242
flow03,129,3,152.39999999999998,128,3268437201220.6836,3074839453580.4604,3392863706274.0371,3008313178814.062,213337210.0218246,238930158.4330495,44525770.423543803,47004893.418969803,0.20871075617323756,0.19673068367441368,-5.7400359801676828,11.996476568061764,5.5678385165349509
flow03,130,3,177.79999999999998,128,3934574742712.4844,3604342954128.9312,3628258566569.9141,2855506393891.1797,220064314.49295929,280089654.57692289,40812807.273002416,44617287.404549763,0.18545854364001474,0.15929644910285759,-14.106707635933569,27.276271585543256,9.3217800630538896
flow03,131,3,165.09999999999999,128,4804745846878.0898,4490271579013.9775,3223666558083.3984,2670958204722.2236,289456511.47596198,348934225.05255044,39051078.83807873,41733721.948784821,0.13491173039761359,0.11960340646578767,-11.346918378934902,20.548065501552141,6.8695749017060299
flow03,132,3,177.79999999999998,128,4468789662328.8066,4061638411141.9087,3564333533115.8076,2811264198681.1016,249966671.8190898,315625597.80553144,40093740.529986598,43926003.10439229,0.16039634499355951,0.13917123138870605,-13.232916002983563,26.26707212950431,9.5582565351803392
flow03,133,3,215.90000000000001,128,4659861290115.8125,4147044870571.0479,4249713486819.7495,2853103398531.1006,214661790.32708877,322270766.83145428,39367424.611577123,44579740.602048531,0.18339278989330798,0.13833007889717616,-24.571691734635724,50.129543939979904,13.24017520043355
flow03,134,3,203.19999999999999,128,2585050599100.0474,2125582560650.9963,3932301832545.1597,2682139880182.5381,126530591.51385327,165163960.24531159,38703758.194342129,41908435.627852231,0.30588459068496987,0.25373837952061251,-17.047675088040858,30.532828677425826,8.2800161612692555
flow03,135,3,215.90000000000001,128,2874222984326.5229,2315579347343.2598,3797715256713.4487,2444619466663.9946,132432727.07927819,179917970.81764472,35180317.338707268,38197179.166624986,0.26564670315704725,0.21230330129356348,-20.080581173991746,35.856124679770765,8.5754252836099489
flow03,136,3,127,128,2645095969991.2241,2654896264981.9385,2486903402801.1406,2501449328233.2334,207131197.0066888,206298505.91932607,39163833.114978597,39085145.75364434,0.18907742378234746,0.18945917993671149,0.2019046730843356,-0.40201143014485008,-0.20091843692430114
flow03,137,3,203.19999999999999,128,2814406657170.5098,2374195302995.625,3406762812144.5244,2323734543660.2974,137801731.4807874,184496189.951188,33531130.04079257,36308352.244692214,0.24332880059252049,0.19679730109493471,-19.122890255604243,33.885248007141946,8.2825189622926274
flow03,138,3,177.79999999999998,128,2696365897091.1372,2403804608653.3975,3201890155224.3257,2407649668636.7476,150812980.53110287,186801922.50657791,36016762.151004791,37619526.072449252,0.23881738842484376,0.20138725323410173,-15.673119716122081,23.863292038083468,4.450049992624745
flow03,139,3,203.19999999999999,128,2693845442088.8037,2268458362583.2993,3476175021304.7266,2363974116844.6035,131838618.51182196,176274931.8305572,34214321.075833924,36937095.575696997,0.25951668382178877,0.20954253218036964,-19.256623853800704,33.705081121394372,7.9579965764283678
flow03,140,3,127,128,2229030615709.0405,2235726259407.1338,2304207955077.4941,2319867930747.4849,174563735.80570307,173726933.53178266,36286739.450039282,36247936.417929515,0.20787100644103984,0.20864891632533247,0.37422721793251978,-0.47936776218619298,-0.10693446889377435
flow03,141,3,177.79999999999998,128,2303396568966.5645,1988713696663.4766,3094241505466.2188,2296092420175.3535,128862190.7657167,154532841.7288523,34805866.203219563,35876444.065239966,0.27010146262762075,0.23216064406677897,-14.046876381839304,19.921010818299063,3.0758546728004545
flow03,142,3,177.79999999999998,128,2671675127194.3345,2283982295720.3389,3153542166349.8667,2382875970466.7441,149495900.59371635,177476665.04646039,35472915.257028878,37232437.038542941,0.2372835316296284,0.20978778832020603,-11.587716652978672,18.71674363084183,4.960183759256771
flow03,143,3,165.09999999999999,128,2513836074182.9766,2245050860985.7749,3185731962081.2192,2539848402285.8979,151452325.99158898,174446995.38699296,38591544.059130467,39685131.285717227,0.25480984729989342,0.22749105651077445,-10.721246089428664,15.182777316131155,2.8337483074301213
flow03,144,3,228.59999999999999,128,2789905668884.7871,2126323049689.0896,3924562365730.1968,2580357341601.2734,121393787.31373972,165225765.70639318,34335628.746545911,40318083.462519974,0.28284502449706256,0.2440181365790452,-13.727265659721935,36.10726657647696,17.42346051133805
flow03,145,3,203.19999999999999,128,2853505165422.3696,2387267667791.8008,3726463224359.3306,2611008436957.208,139677466.92073667,185492865.0396848,36677787.641332,40797006.827456452,0.26258915235157931,0.21993841552195681,-16.242383376339038,32.800851224590993,11.230827841651294
flow03,146,3,241.30000000000001,128,4213870832963.6396,3246985687419.0806,4403457783174.0195,2599638298162.9746,173703691.65050539,252300251.66829285,36497785.190004312,40619348.408796549,0.21011519584418759,0.1609960677415419,-23.377237379380368,45.247489717101111,11.292639258343309
flow03,147,3,203.19999999999999,128,4235334111975.2563,3671134445325.1016,3524260530636.6758,2359766785121.1426,207273373.49321732,285309427.42585367,34687603.64799878,36871356.017517917,0.16735195198207103,0.12923286955563382,-22.777793730497415,37.648856009568419,6.2954835153195239
flow03,148,3,228.59999999999999,128,4411908852202.2246,3606429730629.6646,3857001815419.6045,2289278591001.7676,191928411.21177369,280259054.60090572,33744547.816444486,35769977.984402686,0.17581840855865144,0.12763183703498829,-27.407011540312372,46.022703377494253,6.0022442113483052
flow03,149,3,152.39999999999998,128,5903921374269.1182,5474523409429.9561,3045589785358.6904,2669146790287.8638,385335273.31314093,425408399.2545042,39968369.886596993,41705418.598247945,0.10372362110259468,0.098036189862103135,-5.4832555786555321,10.39954780075325,4.3460584371579669
flow03,150,3,190.5,128,5668723850093.7529,5096525512571.2305,3626910001455.665,2785925534347.6685,296116058.52812332,395953528.78351641,38077795.290873133,43530086.474182397,0.12859078119620701,0.10993736211398189,-14.506031387866965,33.715655527648842,14.318820566316045
flow03,151,3,228.59999999999999,128,3260357455057.6611,2698003386017.373,4254978747944.0449,2808876257659.6094,141866038.00356635,209648141.37642148,37226410.743167505,43888691.525931478,0.26240537387977009,0.20934452954261923,-20.220944240822782,47.778950005744967,17.896650925409887
flow03,152,3,165.09999999999999,128,3149465532546.856,2909143967343.394,3190328518059.0767,2641136864429.2266,189755008.30171832,226025614.97876009,38647226.142447941,41267763.506706737,0.20366907038889456,0.1825800297483306,-10.354562231906709,19.11443971975169,6.7806609317830056
flow03,153,3,190.5,128,3725482715651.6753,3412508226681.1636,3591524353503.1973,2553460538274.021,194489148.49095157,265196081.65184855,37706292.425230421,39897820.910531648,0.193873502546517,0.15044649476725608,-22.399661226959715,36.355207326225994,5.8121028198328197
flow03,154,3,228.59999999999999,128,3492494040138.1084,2990456346584.7383,4410276261228.8701,2853246549117.3843,151964664.40834969,232379177.56452751,38585094.148983993,44581977.329959214,0.25390832993452084,0.1918501381974278,-24.441179914458466,52.916586542838076,15.541968506854422
flow03,155,3,165.09999999999999,128,2425284032066.9995,2264088920857.5869,3449575481166.9316,2786742852252.5283,146114361.3142353,175944484.68046156,41787710.25035654,43542857.066445835,0.28599317599238167,0.24748065928594135,-13.466236238960549,20.415599875273884,4.2001507275080225
flow03,156,3,152.39999999999998,128,1840035804058.7832,1681320659615.5369,3019603147927.3862,2622983651538.6938,120071431.69027762,130650264.31498063,39627337.899309538,40984119.555292167,0.33003136001182726,0.31369335355101036,-4.9504406066839826,8.8104493098665948,3.4238526429156599
flow03,157,3,127,128,1796114403341.1106,1809625524311.6194,2343802937198.2896,2361407977716.4131,140689743.22624826,140602283.57114965,36910282.475563616,36896999.651819021,0.26235233378887368,0.26242105543860428,0.026194411438283514,-0.062164912020608386,-0.035986784315153696
flow03,158,3,177.79999999999998,128,2218499828699.8369,2015029016245.4302,3465092496234.7261,2718449588059.8301,124075776.70749635,156577671.5717929,38977418.405340008,42475774.813434921,0.31414204641432714,0.27127606629377693,-13.645413153008354,26.195197585519423,8.9753414957200661
flow03,159,3,139.69999999999999,128,2327658991997.6426,2249045934308.0171,2966470893616.9399,2747507541889.7881,165703145.0261361,174766451.65418133,42469160.968030639,42929805.342028014,0.25629665002032426,0.24564099651674143,-4.1575469295981193,5.4696044704617339,1.0846561681407669
flow03,160,3,165.09999999999999,128,2310683956388.6812,2101708902365.2249,3526241062321.6851,2930278960429.7549,139201769.62547204,163317343.44473821,42716427.163194254,45785608.756715,0.30686698364628928,0.28034749886932558,-8.6420130513393456,17.324186239981067,7.1850147527442179
flow03,161,3,177.79999999999998,128,2648137611302.3057,2355312133068.6948,3670988686691.7202,2835294239190.313,148134756.47754505,183052439.32716933,41293461.042651527,44301472.48734872,0.27875605985088975,0.24201519876044247,-13.180291438363865,23.57156664642525,7.2844740274743609
flow03,162,3,177.79999999999998,128,2880434149169.5669,2609085091347.7969,3367407349094.1528,2682421766394.5693,161099290.39878383,202759699.59920576,37878597.852577657,41912840.099915221,0.23512578956004893,0.20671188694185361,-12.084553834507666,25.860082373607046,10.650452963012814
flow03,163,3,177.79999999999998,128,4220691808373.3594,3886094864935.2632,3714519832648.751,3013572796635.936,236150512.89746749,301999896.4546057,41783125.226645127,47087074.947436586,0.17693429802029118,0.15591752017211155,-11.878294984825033,27.884497369577545,12.693999532158323
flow03,164,3,228.59999999999999,128,3499647364003.6113,2936094400150.7437,4468074917509.6543,2916224206254.6162,152271513.85324553,228160770.71728128,39090769.182061724,45566003.222728461,0.25671754481758269,0.19971006882331335,-22.206303053722905,49.838118071890598,16.564611482851411
flow03,165,3,203.19999999999999,128,4093101730636.0649,3712643870613.8813,4274290216113.7017,3098501649639.2285,200312650.98096228,288498151.8718822,42069785.591670297,48414088.275613032,0.21002061220620863,0.16781420595412694,-20.096316170453477,44.023929821237843,15.080425523249849
flow03,166,3,177.79999999999998,128,2837240142721.9829,2527435790979.1138,3634143400781.2334,2872953066691.3438,158701201.79884353,196409418.2477324,40879003.383365959,44889891.667052329,0.25758471215095641,0.22855264308370607,-11.270882042966983,23.760510961148658,9.8116097549443602
flow03,167,3,177.79999999999998,128,3882647474963.272,3537988048983.8457,3584807138776.5986,2733818092616.5137,217273073.41009298,274876486.99467427,40324039.806260958,42715907.697133102,0.18559151934188908,0.15540036968662482,-16.267526534791369,26.51198912064795,5.9316177207541765
flow03,168,3,215.90000000000001,128,3001172894693.2959,2478445898872.0957,4452637426912.3096,3158775878913.2715,138258780.85015577,192612317.81143814,41247220.25856702,49355873.108019955,0.29833345849671977,0.25624463517612578,-14.107979551699115,39.312900509509404,19.658664992748871
flow03,169,3,177.79999999999998,128,2270128604216.188,1988681842380.2676,3853128178306.895,3010439991888.2324,127031741.65048519,154538349.25935933,43342274.221674867,47038124.873253718,0.34119247408987502,0.30437833132480507,-10.789846072446654,21.65333423874149,8.5271267323822322
flow03,170,3,203.19999999999999,128,3161112303008.5244,2749870575365.0005,3880193535888.1523,2732891705381.3457,154704458.24057636,213689515.50598642,38190881.258741662,42701432.896583602,0.24686348210697423,0.1998293308657314,-19.052696996658806,38.127574302793612,11.810546102047597
flow03,171,3,177.79999999999998,128,2854020405652.499,2545229279230.8037,3454641443685.8887,2632451036223.5015,159633871.05846199,197792166.9959245,38859858.759121366,41132047.440992288,0.24343116220548142,0.20795589666520925,-14.573017365101073,23.903633786771962,5.8471357190344495
flow03,172,3,177.79999999999998,128,3393718169980.1221,3063884397287.7656,3709589994109.144,2898584620907.7612,189901977.68522224,238085045.85182855,41727671.474793531,45290384.701683849,0.21973268516434566,0.19022775890708471,-13.427645611845682,25.372599461009095,8.5380111110260479
flow03,173,3,190.5,128,3030727999355.0117,2749096651258.5474,3655815545043.0649,2741048727547.5068,158249623.78184918,213645929.54300267,38381265.564756595,42828886.367929876,0.24253621997652311,0.20046666210558098,-17.345680523517007,35.005647683256804,11.587999347414138
flow03,174,3,190.5,128,3686244888402.2041,3300009472829.7139,3602737477219.9888,2644560268641.5635,192427378.25799257,256433600.21861103,37824015.50887128,41321254.197524503,0.19656254661516825,0.16113822120930296,-18.021910081995081,33.26253391801847,9.2460798823249668
flow03,175,3,190.5,128,2919392456637.9648,2606929164223.875,3617987354968.8462,2688506387717.6685,152444169.67593041,202534608.98351187,37984119.212271355,42007912.308088645,0.24916741186638319,0.2074110322128129,-16.75836311851338,32.858219119868572,10.593356326970831
flow03,176,3,139.69999999999999,128,2446409894860.6182,2381822431262.8804,2935084540138.0283,2744101465925.9272,174177480.78823224,185098447.8287124,42019821.619728394,42876585.405092694,0.2412471545091226,0.2316420580942424,-3.9814340751185866,6.2700223881168959,2.0389515051202589
flow03,177,3,215.90000000000001,128,3252182466600.0884,2677850554726.4219,4066172491241.834,2660816750461.0957,149813176.4303638,208087541.64183441,37667183.800294898,41575261.725954697,0.25142770948324006,0.19979697678160424,-20.535020904319808,38.898023925524136,10.375285676730634
flow03,178,3,165.09999999999999,128,3210710608771.4453,2991169535992.6978,3137053514340.9751,2532855195186.1406,193452766.68749759,232416588.44394782,38001859.652828291,39575862.42478352,0.19643999051311714,0.17027985261184606,-13.317114215358435,20.141258470287042,4.1419098600299264
flow03,179,3,177.79999999999998,128,6127717336031.8428,5837790145541.9775,3499936974623.7031,2787873391641.2104,342766991.23154753,453648458.58642101,39369369.793292508,43560521.744393989,0.11485752945999847,0.09602263805795698,-16.398482093941549,32.348933879683386,10.645717655900967
flow03,180,3,152.39999999999998,128,2450225360569.918,2300070241217.479,3441368695428.2119,3011209108741.5732,159875445.92714095,178754478.57723194,45162318.837640584,47050142.324087165,0.28248439637330003,0.26321098469014786,-6.8228234658605933,11.808587954584732,4.1800853787719454
flow03,181,3,203.19999999999999,128,3810246340684.5552,3451455564852.0596,4214800296258.9868,3052192902081.0063,186494236.06774086,268236651.54723403,41484254.88443885,47690514.095015809,0.22244255779235128,0.17779268351259575,-20.072541299150096,43.831068028183793,14.960517497217932
flow03,182,3,152.39999999999998,128,3213212372830.209,3100565234524.0952,3216860497183.7051,2811530984652.3081,209664347.92651927,240960295.57031342,42216017.023408212,43930171.635192394,0.20135047966382721,0.18231290566446601,-9.4549434553849352,14.926690185191804,4.0604366130364857
flow03,183,3,177.79999999999998,128,3529591448766.2305,3247473657901.9082,3614242369633.9224,2798155122769.5854,197431585.28285578,252357721.4114528,40655144.765285969,43721173.79327485,0.2059201657477463,0.17325078681460404,-15.865070239484211,27.820338903679261,7.5415523562637947
flow03,184,3,177.79999999999998,128,3068181748433.1846,2733235663527.1079,3527354075875.5195,2701863646409.2031,171695546.03180572,212391348.33245,39677773.631895617,42216619.475143872,0.23109378518500132,0.19876807509627664,-13.988134757863108,23.702305179835932,6.3986600326974079
flow03,185,3,190.5,128,2925317943460.4038,2576756987632.5166,3751745481682.5005,2858374999222.2275,152756236.67733759,200221528.22745323,39388404.007165365,44662109.362847388,0.25785136413359216,0.22306347253583481,-13.491451447095637,31.072571950286491,13.388979545154086
flow03,186,3,152.39999999999998,128,2577419048902.6313,2425019256521.3833,3167863068971.4375,2796506959163.0498,168185685.48937309,188450532.79410866,41573006.154480815,43695421.236922733,0.24718516343121028,0.23186679596529503,-6.1971225348960859,12.049091601208842,5.1052720954439827
flow03,187,3,177.79999999999998,128,5429156927432.3389,5070355242287.3525,3436107825884.9766,2721151088883.0879,303623777.19988686,394011909.09641564,38651381.618503682,42517985.763798326,0.12730024629480199,0.10791040773692472,-15.231579766919129,29.769780459921918,10.003792835813078
flow03,188,3,127,128,3131946128300.8853,3140226874763.2612,2922440320175.0693,2937204602161.3486,245280815.94089472,244004780.76269692,46022682.207481414,45893821.908771157,0.18763262031292122,0.18808574883376766,0.24149773109321226,-0.52023439880650391,-0.27999302198277654
flow03,189,3,165.09999999999999,128,3591410945111.2349,3369717491876.6826,3504958859388.1841,2913739514861.5,216377845.51991883,261850396.2719247,42458617.315423198,45527179.919711024,0.19622442035783483,0.17386714157358865,-11.39372904935861,21.015345005743605,7.2271844876426599
flow03,190,3,177.79999999999998,128,3927095571789.2212,3698534694978.4824,3293431300659.8428,2624251557051.9292,219641914.47019333,287438891.67086017,37046471.323507801,41003930.578936465,0.16866758520507807,0.1426526881612428,-15.423768006285565,30.867048925612639,10.682418902653929
flow03,191,3,177.79999999999998,128,3755048431862.2378,3432273278883.4683,3579804229342.3892,2777739496116.7329,210109178.61450666,266704525.77750826,40267764.109588183,43402179.626824029,0.19165161834014213,0.16273506983166547,-15.088079484492404,26.936161254924851,7.7839323502183424
flow03,192,3,203.19999999999999,128,3750872044073.7959,3247663725083.481,3975740043050.1089,2824490731756.3252,183603069.02843302,252346419.79146868,39131299.636319973,44132667.683692664,0.21312987763979069,0.17488921665765078,-17.942421496985126,37.441286317708538,12.780991415707129
flow03,193,3,177.79999999999998,128,4278947904827.6528,3890200611571.4517,3978419068322.1777,3188589198338.4248,239392172.28432772,302295540.84961456,44751620.566053748,49821706.224037975,0.18693852910487793,0.16481125088386001,-11.836660065193881,26.276284627458953,11.329390073149954
flow03,194,3,241.30000000000001,128,4153616443565.2266,3454840370330.2446,4484673065347.7012,2844655311675.4521,171224584.29199281,268458099.84735858,37170932.990863666,44447739.244929023,0.21708876178361927,0.16556676542894913,-23.733147644936174,56.787123156071708,19.576603729193295
flow03,213,3,139.69999999999999,128,2468067895529.2729,2411159447802.8247,2815897400984.3188,2622595169783.168,175673739.35229793,187363794.85935554,40313491.782166339,40978049.527862072,0.2294793287306377,0.21870847331322579,-4.6936059456818047,6.65441263455675,1.6484747818091905
flow03,214,3,152.39999999999998,128,2155861571881.4451,2017374627915.8899,2963286191901.0522,2589109953130.377,140680624.19810817,156768035.08332232,38888270.234921955,40454843.017662212,0.27642946892358838,0.25805543200283421,-6.6469168400541232,11.435413353412239,4.0283940974403736
flow03,215,3,152.39999999999998,128,2510939994558.6577,2401370165325.7129,3559082112966.1997,3154302916975.2354,163904571.88681293,186603099.78565013,46707114.343388453,49285983.077738144,0.2849652929488925,0.26412199547784926,-7.3143284416679517,13.848624011850056,5.5213617253037128
flow03,216,3,152.39999999999998,128,2627698584763.1582,2473029535516.7236,3164582113564.1709,2718531112152.8311,171503800.29741067,192156640.01979223,41529948.996905141,42477048.62738806,0.24215177112627603,0.22105428479085035,-8.7125054825322241,12.042205296073183,2.2805220169027862
flow03,217,3,114.3,128,2303001353461.644,2395146877454.5049,2273530311494.7578,2532433918033.9102,200392233.27945003,186114700.14613357,39781807.725192621,39569279.969279915,0.19851970844456973,0.21260695656071713,7.0961458822013155,-7.1247936607434381,-0.53423353051429801
flow03,218,3,139.69999999999999,128,2221074709266.437,2136727147232.9248,2911356127413.8984,2702971539813.1504,158182915.06943709,166012776.58189052,41680116.355245501,42233930.30958055,0.26349316129968464,0.25440168629881005,-3.4503646910723349,4.9498781262289837,1.3287245880381295
flow03,219,3,190.5,128,2624533215137.604,2393761451651.1455,3854432335824.7812,2814922659059.5186,137018739.38792342,186016654.53740266,40466481.216008209,43983166.547805056,0.29533537818823963,0.23644746572388922,-19.939335688668045,35.760010176971328,8.6903660168151102
flow03,220,3,177.79999999999998,128,1848447860813.4292,1623851720125.6611,3341282627220.8838,2514769995192.4585,103387278.24230154,126204087.47580317,37584731.464801848,39293281.174882233,0.36353342600544275,0.31134713590331098,-14.355293452809054,22.069261926044195,4.5458611608824295
flow03,221,3,177.79999999999998,128,2145930901394.0398,1909997981605.074,3501713846204.3091,2722087797881.8921,120048400.34334485,148412410.1045644,39389357.100160964,42532621.84190464,0.3281123029336942,0.28658399800891421,-12.656735073165526,23.627145118216454,7.9799848820859056
flow03,222,3,228.59999999999999,128,2887490791938.4453,2402766435928.9985,4024131639264.2466,2630604779509.6724,125634439.62479521,186697133.39431545,35206750.999687202,41103199.679838702,0.28023168730510101,0.2201597792775227,-21.43651512263682,48.603467291200388,16.748062552559556
flow03,223,3,165.09999999999999,128,3356823243235.0005,3095304353388.7778,3778018979812.4277,3143467247623.2583,202228042.14702961,240545232.86437404,45766432.220622994,49116675.744113497,0.22631100877369209,0.20418893843473845,-9.775074778211696,18.9475160371112,7.3203073976582269
flow03,224,3,152.39999999999998,128,3475179122755.5171,3333733085586.9531,3409016972907.2085,3054578008250.8267,226851341.02288947,259047467.79064527,44737755.549963377,47727781.378919251,0.19721177467251255,0.18424338128443499,-6.5758717549257497,14.192610289443779,6.6834506832078242
flow03,225,3,177.79999999999998,128,1880654869813.1018,1706062772608.4858,3465782954504.0918,2782188329574.3799,105206281.63220392,132562626.2602639,38985185.090034783,43471692.649599768,0.37055948071927025,0.32793324842743066,-11.503209203850467,26.002577226040973,11.508237165486246
flow03,226,3,203.19999999999999,128,2289957131821.2573,1998055490134.5566,4038942101973.3623,2870202596442.6738,112070228.29761085,155282808.71906099,39753367.145407118,44846915.569416858,0.35471835606365582,0.28880798807905572,-18.581042355973306,38.558483441914568,12.812872945778182
flow03,227,3,190.5,128,2012986263323.0103,1769333018209.9294,3387199966858.5488,2448337188005.9946,105084475.70902705,137489434.37310129,35561154.507701308,38255268.562593736,0.33840540448779632,0.27824151533550912,-17.778643116929551,30.837056040324867,7.5760027822183815
flow03,228,3,215.90000000000001,128,1914136011716.7058,1573510486097.1511,3751956889068.0698,2392305468027.2881,88182245.091732889,122272666.8677204,34756432.506420292,37379772.937926441,0.39414320275316644,0.30570833118709528,-22.437243861707241,38.659054031255877,7.547783941926606
flow03,229,3,165.09999999999999,128,2671378651255.1553,2486345022610.4424,3189220473412.8276,2571050424591.0005,160943871.59606737,193196255.02798131,38633803.433226265,40172662.884234458,0.24004519743496883,0.20793706833714817,-13.37586814521425,20.03952254414515,3.9831942864955576
flow03,230,3,190.5,128,2275889861390.123,2023257358673.1238,3460095856595.5337,2507997882895.3042,118883165.29026651,157225175.82900944,36326465.686042354,39187466.920239203,0.30556442198815309,0.24924422385672898,-18.43153000764195,32.251841919860254,7.8758039907420061
flow03,231,3,127,128,2296853850470.3711,2303335680752.5806,2554091592631.5273,2569680809755.0273,179884592.17849848,179012882.84951434,40221914.844590984,40151262.652422376,0.22359844363256529,0.22429258728923546,0.31044207884149805,-0.48459365998347931,-0.17565596377396131
flow03,232,3,215.90000000000001,128,3251905896777.8804,2809146873923.9751,4002365470257.4604,2604907879080.668,149795848.96793082,218301452.10775152,37076104.40257027,40701685.610635512,0.24751089337934684,0.18644715927288266,-24.67112993401669,45.732644537090458,9.7787544470661842
flow03,233,3,203.19999999999999,128,2599881232730.0645,2231054884072.6831,4010625157287.3774,2821117004200.104,127237876.74881028,173377378.53657663,39474657.05991514,44079953.190626703,0.31024297220744251,0.25424281738881732,-18.050418489796105,36.262395260535321,11.666462671788599
flow03,234,3,165.09999999999999,128,1888753541547.5093,1696424333527.5383,3129669447296.5991,2563895222800.4121,113792669.31126082,131827329.31928934,37912410.021763779,40060862.856256515,0.33317093492253635,0.30388890576117206,-8.7888906540339402,15.84870107818433,5.6668854163040727
flow03,235,3,228.59999999999999,128,2396114370731.3911,1972459696236.3467,3982714589277.9751,2575214447496.1646,104254699.99219118,153277743.54903361,34844397.106543966,40237725.742127642,0.33422375306968277,0.26251512326873194,-21.45527633579059,47.022382262396157,15.478323872536684
flow03,236,3,152.39999999999998,128,2508561832800.9448,2359497633972.5073,2993836116653.1748,2608862285238.2847,163720916.96776628,183363521.97013459,39289187.882587604,40763473.206848271,0.23997659315775113,0.22230961081499973,-7.3619606438607255,11.997614822934064,3.7523944976069328
flow03,237,3,177.79999999999998,128,2308035218367.0552,2030156767669.0298,3365994637499.2666,2618104782153.4814,129102492.0774195,157761321.55849242,37862706.833512567,40907887.221148223,0.29327634365731109,0.25930238677660289,-11.584281383569841,22.198509896994818,8.042690663997492
flow03,238,3,165.09999999999999,128,3300426313771.4243,3119430414718.7764,3383656849685.6069,2775606401234.7271,198842417.41856101,242401356.25787893,40989180.492860176,43368850.01929269,0.20613901714229524,0.17891339672685122,-13.207407696452975,21.906260950160775,5.8056040589711815
flow03,239,3,177.79999999999998,128,2259524328869.832,2001638931992.78,3533764362325.1084,2722734801971.0244,126374884.52027562,155561302.94475886,39749880.341114834,42542731.280797333,0.31453939991325847,0.27347888244356383,-13.054173016486336,23.095109867182956,7.0260612502869479
flow03,240,3,139.69999999999999,128,1864770593637.9832,1789275764161.178,3032992075067.4541,2831352491250.5503,132731852.23631684,139049898.23618546,43421504.29588338,44239882.67578993,0.32713703277925626,0.31815832472344252,-2.7446321131953129,4.7600074084854302,1.8847306033663538
flow03,241,3,203.19999999999999,128,2560536736515.355,2177178091745.3264,4095410598362.6626,2915548975325.0322,125334788.52817571,169186192.16599086,40309159.432703376,45555452.739453711,0.32161189966536491,0.26926223798901178,-16.27727759166331,34.987415826657895,13.015139438739935
flow03,242,3,190.5,128,2524342650819.9585,2134647009191.5942,3842955092417.0054,2746780257898.1538,131785813.92121153,165885431.68377078,40345985.222225785,42918441.529658735,0.30614816588943883,0.2587233917651951,-15.490791521308845,25.875029146115676,6.3759908037041457
flow03,243,3,139.69999999999999,128,2330488603999.4902,2252147637915.6094,3344375027387.5151,3161364703752.5439,165888880.58416033,175011995.80284205,47879384.78722284,49396323.496133588,0.28862323151871661,0.28224535849405719,-2.2097573334964991,5.4995338967600649,3.1682502096717848
flow03,244,3,177.79999999999998,128,3602951692742.0991,3347056235360.9468,3529924473792.8994,2819267872336.3745,201490117.59911993,260096177.51214939,39706686.994295835,44051060.50525593,0.19706518348108437,0.16936450557101423,-14.056606763684886,29.086319771588361,10.941163415583366
flow03,245,3,241.30000000000001,128,3048901518960.4121,2503780345672.6533,4699281966446.7803,3097276141175.5386,125698685.09599601,194546005.88566142,38949705.482360393,48394939.705867879,0.30986565573549579,0.24875833089223406,-19.720586554911236,54.771711205321481,24.24982193455881
flow03,246,3,177.79999999999998,128,3086732823472.4321,2824198410812.4336,3433956351472.3804,2730746515596.4741,172656590.23386163,219488129.22174129,38627180.55649472,42667914.306194983,0.22372259584284962,0.19439736653406464,-13.107853142104616,27.124095827704469,10.460856038380621
flow03,247,3,203.19999999999999,128,2956962555185.0195,2584006020814.8149,3970123521107.6357,2872993088939.6235,144784049.07244489,200800357.51470864,39076018.908539727,44890517.014681697,0.26989173986277626,0.22355795363259481,-17.167545125219245,38.689557862990242,14.879965432894346
flow03,248,3,190.5,128,2828782211248.3652,2492804182845.5898,3949657424826.7578,2977674438718.4639,147712704.54141501,193743185.04903087,41466219.683220558,46526163.10497608,0.28072209368825451,0.24014348217307172,-14.455082954833568,31.162167567455278,12.202567440221818
flow03,249,3,177.79999999999998,128,2762022422416.5347,2391882325205.874,3777628879178.5005,2991374197993.2695,154557111.05777121,185870629.62144414,42493013.264100127,46740221.843644924,0.27493405494760353,0.25146642015922049,-8.5357322478131934,20.260160370083774,9.99507508010268
flow03,250,3,203.19999999999999,128,2481788111860.0894,2029928332894.4446,3738459270132.1528,2633714566594.6987,121460389.29872321,157747644.61728787,36795858.957993634,41151790.103042245,0.30294534020878883,0.26087102728462763,-13.888417262059132,29.87579368720673,11.838101537516401
flow03,251,3,215.90000000000001,128,2953527331490.7676,2423751710009.645,3767056943082.7651,2483195948582.9458,136088839.15872818,188303392.2043941,34896312.580664806,38799936.696608596,0.25642303069367245,0.20605012072482032,-19.644456206832885,38.367990621747538,11.186351299783725
flow03,252,3,203.19999999999999,128,2264374783211.3628,1813222790797.8772,3717608537495.1372,2540193760956.3623,110836260.69994035,140910892.32306021,36590635.211566314,39690527.514943235,0.33013235001337432,0.28167111044862669,-14.679336806218588,27.134289295936203,8.4718187739934159
flow03,253,3,165.09999999999999,128,2345995417255.9897,2138578043179.1409,3269159658838.8433,2638254705224.4663,141340346.87385347,166160872.74768618,39602176.363886662,41222729.769132361,0.2801901738590728,0.24808927088225344,-11.45682681683375,17.560821395171097,4.0920816834791092
flow03,254,3,177.79999999999998,128,3110010708127.6074,2811052315025.124,3849132536297.5029,3022552700549.9956,173952171.9565894,218460811.32236981,43297328.867238507,47227385.946093768,0.24890364046758531,0.21618241578533315,-13.146141462930288,25.586710913208812,9.0769042379170664
flow03,255,3,215.90000000000001,128,2871953569916.3921,2431645566754.293,4586244593832.5635,3150597106121.708,132303846.91750085,188980113.55501994,42484896.65430814,49228079.783151776,0.32111610995559292,0.26049343953229998,-18.878738420092482,42.837958198494441,15.871953705599633
flow03,256,3,215.90000000000001,128,3058019190499.7749,2607030549373.8496,4172010701290.4258,2895114199507.2612,140871118.99224833,202600035.08123624,38647621.132843226,45236159.367301039,0.2743473709112077,0.22327814182837019,-18.614805351776461,43.819426246187945,17.047719992418347
flow03,257,3,139.69999999999999,128,2280871133182.5747,2203733398704.6191,2731781027275.9131,2536310292504.8408,162349326.64239731,171258623.72210464,39109248.779898539,39629848.320388213,0.2408956636207274,0.23140351977074264,-3.94035480228878,5.4877326958870629,1.3311417547791216
flow03,258,3,152.39999999999998,128,2246354041248.8477,2119354888929.9424,2931106229567.1978,2567906495215.6006,146649320.50252989,164667293.3587096,38465961.017942235,40123538.987743832,0.26229893794345027,0.24366428918181773,-7.1043553998872966,12.286434600881005,4.3092072209724055
flow03,259,3,215.90000000000001,128,2174207663635.8137,1801402732705.9475,3898147161489.2847,2547946653095.1553,100175745.77808252,139952555.32731342,36110673.103189304,39811666.454611875,0.36047321457615711,0.28446544874798829,-21.085551645644028,39.707026127210213,10.249028980563915
flow03,260,3,165.09999999999999,128,2506395652481.7202,2250448602357.6367,3320344950471.0254,2749154165558.832,150991964.62692598,174852867.78951195,40222228.352162637,42955533.836856827,0.26638654879115281,0.24566673901263514,-7.7780991091866332,15.802763558671471,6.7955098379009327
flow03,261,3,127,128,2184440284987.0728,2190856697560.165,2784571733471.4297,2802006512891.6323,171053889.77589566,170231554.34334788,43851523.361754805,43781351.763931833,0.25636086626972582,0.25718705285171284,0.32227484405430357,-0.48074640899727655,-0.16002088968287004
flow03,262,3,241.30000000000001,128,2802585553655.6797,2309849364694.332,4219721356646.6426,2644140732222.001,115507280.56914133,179495935.57428652,34974897.278463684,41314698.940968841,0.30279387676803726,0.23017066547376089,-23.984372494398617,55.397940882905928,18.126719892924417
flow03,263,3,165.09999999999999,128,2601596958076.8359,2414786843039.0796,3287656026895.6411,2625408781971.1338,156752255.39505109,187606903.84123093,39826238.969056837,41022012.218299039,0.25407123405456411,0.21865939567456102,-13.937759822270188,19.683703030887276,3.0024759560431065
flow03,264,3,190.5,128,2751316599418.1812,2441451697256.6318,3747909858017.1626,2738359040603.3452,143682585.66479287,189712812.53494567,39348134.992306173,42786860.009427346,0.27385458585847128,0.22553489897550213,-17.644286193527858,32.036051312119291,8.7392325399756672
flow03,265,3,165.09999999999999,128,2100232372637.3462,1813196604733.9841,3071888633623.7036,2393440687519.8252,126536273.021349,140894299.8747111,37212460.734387696,37397510.74249734,0.29408532309236946,0.26542955091691228,-9.7440334234077586,11.34696519071621,0.49727968658262101
flow03,266,3,190.5,128,2508620424876.9028,2113995900555.4866,3579547639187.73,2550261425067.8086,130990022.37631053,164272128.33482721,37580552.64239087,39847834.766684584,0.28689629912749209,0.24257209771742194,-15.449554959359441,25.408122965963965,6.033126084836284
flow03,267,3,165.09999999999999,128,1984346719783.458,1731474852555.7319,2995537735930.4536,2407317192475.8379,119554312.92977922,134537167.94221631,36287555.85621386,37614331.132435039,0.30352360334777323,0.27958319405526944,-7.8874950838907898,12.532258055163044,3.6562817332707795
flow03,268,3,190.5,128,1687576222418.3684,1357917843625.3501,3154171226212.2344,2208320731449.3115,88115352.990498438,105511449.2190845,33114658.542910602,34505011.428895555,0.37581031476411819,0.32702622970564243,-12.981039407898015,19.74241223372492,4.1986025136973941
flow03,269,3,203.19999999999999,128,2081907571436.4714,1691740451604.408,3310041309251.9199,2145875258820.416,101913174.66231686,131446374.12317994,32579146.744605515,33529300.919069063,0.31967551646344594,0.2550796942306553,-20.206684248894302,28.978784694637916,2.9164489233312261
flow03,270,3,203.19999999999999,128,1344651740307.7554,992555034805.66602,3256561873826.9707,2135620214474.0881,65838153.694303431,77128403.141241416,32052774.348690663,33369065.851157688,0.48684193814906435,0.43264302762823409,-11.132753009506608,17.148490371343541,4.1066382839362383
flow03,271,3,177.79999999999998,128,1356517130285.7751,1144894636063.4072,2975918450099.1235,2210378663451.8247,75869816.270305946,88970841.604269028,33474898.201339979,34537166.616434827,0.44121496330078025,0.38818523005606426,-12.019024207156171,17.267769948575165,3.1733282912637115
flow03,272,3,177.79999999999998,128,1557604288605.9275,1327620856125.0679,2855143465828.5811,2112913470584.4609,87137652.038267821,103162674.43609564,32116349.446890682,33014272.977882262,0.36857028730572522,0.3200214918655781,-13.172194588728853,18.39046844042824,2.7958455629474166
flow03,273,3,190.5,128,2379194170454.145,2094791500126.5764,3337994218629.7905,2309000340701.5264,124281517.12070392,162746185.51303512,35044558.725772083,36078130.323461413,0.2819772363394657,0.22168341586458715,-21.382513445976276,30.949628941988038,2.9493069260114058
flow03,274,3,152.39999999999998,128,2157033295064.623,2034727904572.856,2866392491896.3491,2437297625441.3398,140757084.92775187,158108372.14334509,37616699.368718497,38082775.397521004,0.2672455129915946,0.24086501480765476,-9.8712595353357919,12.327114634761958,1.2390136206104481
flow03,275,3,127,128,2044747031741.4548,2051214543580.5652,2420875493739.2642,2436494312991.4077,160127630.01097336,159405933.53935826,38124023.523452982,38070223.640490815,0.23808522939383031,0.23882563713408481,0.31098432361368561,-0.45070077635299344,-0.14111806150017422
flow03,276,3,177.79999999999998,128,1962716070807.3284,1796510584470.0942,3002538269553.8369,2258563878050.9907,109821396.17472421,139604925.35029036,33774333.740763076,35290060.594546795,0.30753873941857934,0.25278521159621392,-17.803782354665394,27.119969525957398,4.4878068222389569
flow03,277,3,101.59999999999999,128,1053040552249.1331,1187716322994.2534,1446917368498.9336,1806841465704.4185,103156937.06586161,92296171.27908121,28482625.364152241,28231897.90163159,0.27610964588806292,0.30588373830009902,10.783430733204721,-10.528391105531016,-0.88028213451212589
flow03,278,3,101.59999999999999,128,952630214343.02698,1133322835479.5964,1510240678763.8044,1830599504061.4294,93241700.889735848,88062487.53138411,29729147.219759934,28603117.250959888,0.31883960648590604,0.32480478411157965,1.8709023296756881,-5.5546105540014565,-3.7876295625850056
flow03,279,3,101.59999999999999,128,942623740191.18298,1026676933531.4644,1695228724200.6526,1972017463215.9541,92271291.115522116,79786093.339231804,33370644.177178204,30812772.862749338,0.36165793036751503,0.38619227453261357,6.7838534994011743,-13.530966810314871,-7.6650342763780523
flow03,280,3,76.199999999999989,128,879449969628.84045,1064402010960.719,1261958066047.147,1824542417589.4282,114849155.45624214,82705002.55622147,33122258.951368693,28508475.274834868,0.2883979322250077,0.34470073627596209,19.522610171499778,-27.988149126849859,-13.929556203602994
flow03,281,3,127,128,795844210292.66418,800264701844.35815,1673467718935.9143,1684671022434.0483,62320674.099892646,62181293.843998574,26353822.345447473,26322984.725532055,0.42287447506112374,0.42332642340269699,0.10687529473324756,-0.22365010954577022,-0.1170138415262764
flow03,282,3,203.19999999999999,128,1672127737782.3865,1310837270533.2493,2851367699896.9321,1872879679461.0415,81849708.776249826,101879557.81756689,28064642.715520989,29263744.991578829,0.34288017801310067,0.28723863372062003,-16.227693480243907,24.471497016650453,4.2726440105174861
flow03,283,3,177.79999999999998,128,2979515856419.1421,2669296824742.0874,3228567582236.0044,2437739160569.562,166727597.64059433,207428215.10612121,36316845.694443248,38089674.383899473,0.21782144173113746,0.18362822224745376,-15.697820752600316,24.411446000237465,4.8815602114020615
flow03,284,3,152.39999999999998,128,4105853777037.0679,3857571735577.4854,2724652237365.52,2345101641513.3091,268043529.83935085,299760051.1150822,35756591.041542262,36642213.14864552,0.13339844861382258,0.12223848045241374,-8.3658905162503174,11.832600956546248,2.4768079990464873
flow03,285,3,203.19999999999999,128,3480436500654.21,3112996424446.7983,3735019875078.395,2628240954374.9082,170359858.35746273,241901390.63571966,36762006.644472398,41066264.912108019,0.21579030998802196,0.16976448462815943,-21.328958358888919,41.994360037646153,11.708442113245789
flow03,286,3,152.39999999999998,128,2472583157628.8477,2221816131039.2705,2977385267395.8589,2461442314995.3271,161407788.10881808,172654966.68771321,39073297.472386606,38460036.171802059,0.24207814214047793,0.22275661632929453,-7.9815243294337268,6.9681758920532921,-1.5695150915223974
flow03,287,3,177.79999999999998,128,2595988850512.2578,2254873930914.2632,3346820737070.418,2547279503664.7358,145225696.04207885,175214801.84357214,37647027.41361551,39801242.244761571,0.25923117216602881,0.22715684877066056,-12.372865164080551,20.649999703085605,5.7221379193592403
flow03,288,3,228.59999999999999,128,3502338580166.3218,3006564486462.7808,4583673744651.3311,3096219272917.7915,152393017.95869187,233606756.83923766,40102132.499136761,48378426.13934058,0.26314940826230615,0.20709343682483211,-21.301956104570717,53.292296437465289,20.638038738668012
flow03,289,3,203.19999999999999,128,3506497744968.3721,3020662421153.1211,4053848540688.0405,2888926650980.4229,171657842.23516989,234738524.70516595,39900084.06189017,45139478.921569191,0.23243962257912673,0.19229685020072801,-17.270193408928542,36.747917629988628,13.131287772607308
flow03,290,3,215.90000000000001,128,4297158829260.0732,3733513029967.6201,4348321512821.5962,2959127824153.4395,197977741.33010757,290172293.04480433,40280884.787601635,46236372.252397574,0.20346168471756323,0.15934109961786877,-21.684960075377713,46.568139981439529,14.784897343240647
flow03,291,3,228.59999999999999,128,2876417995550.1445,2312829019096.4297,4148249906635.4365,2716766621880.3955,125156283.35198809,179727481.34639072,36292650.10179735,42449478.46688126,0.28997865013079943,0.23618802282700396,-18.549857818681602,43.602443707062811,16.964394575250378
flow03,292,3,190.5,128,2985658924493.3218,2524826048558.6206,3453176388488.1846,2545597926314.0493,155890928.54481342,196181276.10598952,36253820.351581998,39774967.598657094,0.23255888389400567,0.20274599282944894,-12.819502125812004,25.84521622731496,9.7124860578216126
flow03,293,3,152.39999999999998,128,2597616624236.6045,2437448313537.4541,3186630251498.7271,2842200532720.5537,169499972.22186238,189426192.2076591,41819294.639090911,44409383.323758729,0.24672154272894323,0.23444161974746763,-4.977239865497574,11.755883924107573,6.1935255173976866
flow03,294,3,215.90000000000001,128,3417545968613.5845,3035058280176.959,4253386849031.8584,2985428638272.6528,157469293.97990838,235796334.80406353,39401452.978525788,46647322.473010287,0.25021673738851619,0.19782887003639041,-20.936995621832509,49.741151969697,18.389853537719979
flow03,295,3,190.5,128,2764782520306.4531,2480379660562.4463,3487785543159.4365,2535932390364.96,144373289.05647385,192722774.06419611,36617171.056791991,39623943.59945257,0.25362843290540132,0.2056007329276705,-18.936244421635589,33.489217654942813,8.2113731232737148
flow03,296,3,165.09999999999999,128,2604507007057.8613,2331445581528.0664,3712408584083.1685,3093915818911.7271,156902454.52304125,181197555.45997351,44971636.391074128,48342434.670495823,0.28662162442124201,0.26679407758994106,-6.9176730371748931,15.484207057681504,7.4953872038570584
flow03,297,3,177.79999999999998,128,2826949033726.771,2552971122597.9702,3251407249752.9312,2462114548735.6167,158128507.8865453,198409167.53967115,36573759.839740515,38470539.823994078,0.23129137388674792,0.19389497119029059,-16.168524605145247,25.473369850569,5.1861771733748565
flow03,298,3,190.5,128,2823528121988.3389,2551044149430.7188,3620783925629.9761,2616297863114.1304,147430671.15795836,198228685.43053058,38013479.534172982,40879654.111158364,0.25783969669001267,0.20622471476503171,-20.018244896958198,34.455526705258528,7.5398900919048373
flow03,299,3,190.5,128,1874892286062.4297,1574024206574.231,3399449514126.2227,2418666119312.5708,97875517.822227091,122315745.73392305,35689758.678490534,37791658.11425899,0.36464439190313586,0.30896805548214756,-15.268666585109077,24.97072654684407,5.8893629814180439
flow03,300,3,177.79999999999998,128,1517730182930.7764,1296457045136.9365,3008410933063.3394,2272234880031.73,84932228.222896233,100728085.03465609,33840392.947844096,35503670.000495844,0.39843995213493433,0.3524704156569699,-11.537381287104596,18.5981895709897,4.915064240581497
flow03,301,3,203.19999999999999,128,1930370522747.8486,1551382487335.9146,3477748684606.6914,2332630456387.3916,94478250.059110552,120568738.5663451,34229809.88786114,36447350.88105306,0.36230359756288005,0.30229519952219835,-16.563014677287839,27.615338441293062,6.4783912047911283
flow03,302,3,177.79999999999998,128,1713955410450.0642,1420410901760.6628,3070480807965.7832,2310600414454.2676,95882679.703566864,110370067.03637744,34538591.765644364,36103131.475847997,0.36021721412485219,0.32710980835001741,-9.1909560333670441,15.109493578610991,4.5298306335693885
flow03,303,3,177.79999999999998,128,2106135305759.7258,1841177731450.2876,3125337484374.3193,2388041926818.5225,117813378.9067138,143087049.23469743,35155652.242680766,37313155.10653948,0.29840118812412197,0.26077241305980714,-12.610129101986983,21.452292229047824,6.1370013816423965
flow03,304,3,177.79999999999998,128,2104128884660.5085,1835980564150.3298,3452835637227.1338,2577104302896.5898,117718653.19901977,142649988.32285008,38839545.975558318,40267254.732759289,0.32993535790708256,0.28228011236583583,-14.443812825501276,21.178746482666948,3.6759151564218251
flow03,305,3,114.3,128,1802020291691.8623,1868495759445.5786,2212233900727.9111,2412188891017.1719,156813718.22347057,145191316.35180545,38709254.605912708,37690451.422143377,0.24684864975109702,0.259591636532984,5.1622671603575796,-7.411597660800556,-2.6319369725443167
flow03,306,3,190.5,128,2953886947047.2935,2581308583878.9375,3311477084640.0054,2299431454912.7749,154234687.34354514,200570020.37736902,34766163.618267775,35928616.48301217,0.22541079582719931,0.17913253643497218,-20.530631295807233,30.042096127582322,3.3436328422891841
flow03,307,3,152.39999999999998,128,2205083611016.0308,2095092748013.5625,2999151256973.6436,2629390259986.1504,143933189.69425827,162790608.52542615,39358940.380231552,41084222.812283672,0.27345284617007026,0.25237464976898072,-7.708164934578976,13.101508325650709,4.3834575204129784
flow03,308,3,190.5,128,2707348865460.541,2409593620861.6382,3197741873303.2373,2341015113472.7554,141347193.14937094,187266303.24652767,33572093.158039242,36578361.148011871,0.2375151031302149,0.19532804628421646,-17.76184179027549,32.486750584874343,8.9546635529120753
flow03,309,3,177.79999999999998,128,2924665386022.3076,2604899300349.3691,3097218114487.2051,2413496541925.3696,163573091.39593261,202429180.59546176,34839348.86937239,37710883.467583969,0.21298948728090555,0.18629173598714555,-12.534774196882839,23.754572874995091,8.2422166067976459
flow03,310,3,177.79999999999998,128,2710913816993.6172,2392024448351.0049,3519189171224.0688,2708704370556.2881,151699999.83788636,185848071.82179105,39585929.935028903,42323505.789942078,0.26094878033838009,0.22773174547931771,-12.729331333140879,22.51026501014957,6.9155274598986791
flow03,311,3,190.5,128,3208130545740.0645,2803433773522.1948,3462337210289.8906,2494112995241.2993,167573781.64452031,217851854.6232166,36349996.958424054,38970515.550645374,0.21691935696441153,0.17888539722577262,-17.533686375844677,30.003543803381362,7.2091301554126224
flow03,312,3,190.5,128,3279530068191.2871,2879977666859.3726,3912420986807.5562,2956250029533.0952,171234893.35197121,223776879.26808637,41075285.950735502,46191406.711454697,0.23987684488059194,0.2064172440983818,-13.948658028608788,30.684158402292315,12.455472049191139
flow03,313,3,165.09999999999999,128,3826751423317.2612,3588814502948.7959,3233144620603.3926,2632912836687.2822,230547569.98907083,278911771.34027463,39165894.858914517,41139263.073238857,0.16988205453985564,0.14749919974890061,-13.17552630946304,20.977970556573862,5.0384862172380149
flow03,314,3,152.39999999999998,128,2497471576894.6582,2325937889711.4033,2990282785125.8403,2575837028854.0352,162958227.62748671,180769503.31013429,39242556.235247254,40247453.57584437,0.2408135925787897,0.22264515219027003,-7.5446075090530016,10.929964041682606,2.560733644804023
flow03,315,3,177.79999999999998,128,2358022594265.4419,2041326037815.9666,3589551895533.7085,2789361267446.5972,131928024.99054372,158604693.94039536,40377411.648298189,43583769.803853162,0.3060563640757325,0.27479495543954213,-10.214265183015391,20.220623291953132,7.9409700242390677
flow03,316,3,177.79999999999998,128,2585297604138.6841,2279461002242.9565,3337196727810.3047,2540462365119.9946,144627602.68129528,177120763.65544173,37538770.841510743,39694724.454999991,0.2595546779837874,0.22411107334778271,-13.655544531629904,22.46677699951173,5.7432717298915206
flow03,317,3,203.19999999999999,128,2550805343095.626,2155754959423.0076,3898714184128.7583,2839090751591.2192,124862513.01191436,167512769.94250822,38373171.103629515,44360792.993612878,0.30732339256993774,0.26482036568816736,-13.830065627724043,34.157775541906787,15.603667139766372
flow03,318,3,215.90000000000001,128,3011596847373.8413,2540102792043.1143,3869252486592.1494,2678037933397.2632,138736869.72027767,197403980.64665544,35843005.897101901,41844342.70933231,0.25835241900274125,0.21197314548702981,-17.951940877789628,42.286604162731109,16.743397106423064
flow03,319,3,203.19999999999999,128,2747446250865.0371,2389369841146.4893,3727495957553.4297,2646312025856.8555,134516583.02303928,185656205.81777692,36687952.338124312,41348625.40401344,0.27273925276440153,0.22271609624833902,-18.341018393591359,38.017337078788806,12.703551898823163
flow03,320,3,190.5,128,3169502940988.7358,2794493133493.4697,3614153690475.2441,2737251932905.7046,165441210.11892098,217162696.12297776,37943870.766144298,42769561.451651715,0.22934957220676652,0.19694709181282039,-14.127988154577498,31.262758515172131,12.717971540776951
flow03,321,3,165.09999999999999,128,2670153168936.5352,2480887125224.6802,3457914119741.1514,2849344920604.1709,160870039.356359,192762203.51082489,41888723.437203534,44521014.384440251,0.26038859445052859,0.23096340243869487,-11.300491895171787,19.824800368089935,6.2840085140881703
flow03,322,3,152.39999999999998,128,3527049260179.9336,3352426268425.6597,3251138505093.9233,2832403851243.6011,230192348.26768622,260526935.42598709,42665859.646901891,44256310.175681345,0.18534873104160088,0.16987230170008308,-8.3498976521420971,13.177930277258987,3.7276889342951334
flow03,323,3,139.69999999999999,128,1726566913159.7043,1642723850852.5237,2612042874108.9668,2406880213246.9028,122900516.22057842,127667512.12349623,37395030.409577191,37607503.331982926,0.30427073505909147,0.29457379333595984,-3.1869452450786673,3.8787435964566219,0.56818491676187666
flow03,324,3,215.90000000000001,128,2298347756190.7661,1892687786464.7451,3608834187326.4609,2460197032554.5127,105892207.38348678,147067357.48937911,33430608.497697651,38440578.633664332,0.31570414220027815,0.26138076654053183,-17.207051919288521,38.884022841055007,14.986176923198139
flow03,325,3,190.5,128,2576890148308.5952,2291907204898.3745,3458375243797.4888,2548806551924.5747,134529108.18984556,178097069.34419805,36308401.509684928,39825102.373821549,0.26989253105318312,0.22361458568896406,-17.146804761003132,32.385527370678766,9.6856394606041096
flow03,326,3,152.39999999999998,128,2878575356453.8833,2713798059839.228,3065120841695.7393,2704244803091.3594,187857569.32410222,210864572.93846208,40224682.961886346,42253825.048302568,0.21412330153430501,0.20038370817573878,-6.4166735988633112,12.247046364507627,5.0445197749324038
flow03,327,3,177.79999999999998,128,2446414867368.4443,2235934197156.3389,3400034811467.2363,2673053108671.8901,136873447.49975279,173720657.2233718,38245610.92764046,41766454.82299836,0.27942315786054511,0.24042307627983828,-13.957354816013872,26.92064121763687,9.205876988131342
flow03,328,3,177.79999999999998,128,3112255643521.6211,2733793213170.896,3424073035721.1968,2711528302602.9399,174061557.85395864,212440160.80229589,38516007.150969602,42367629.728171013,0.22127807900745869,0.19943324072137086,-9.8721203582716814,22.048867895654318,10.00005676108732
flow03,329,3,203.19999999999999,128,2703271277485.397,2295657978930.3213,3708711673362.6655,2567260816877.5288,132323602.91972859,178383923.09400716,36503067.651207343,40113450.26371146,0.27586210506489295,0.2248714433899513,-18.484112438331017,34.80884676501752,9.8906279521543272
flow03,330,3,177.79999999999998,128,2422906391699.085,2199738161181.9414,3729735981075.3457,2978595693276.1611,135505263.61315441,170948142.02773139,41954285.50140997,46540557.707440101,0.30961369604934802,0.27224956735645739,-12.067983157610481,26.156089785383287,10.931594117783266
flow03,331,3,165.09999999999999,128,2820568637784.8511,2650425162260.5684,3212234489037.3906,2553819512111.1865,169918583.90854478,205961718.30129138,38912592.23546204,39903429.876737364,0.22900727713459496,0.19374197402239857,-15.399206328046001,21.212002574212885,2.5463162034534115
flow03,332,3,127,128,2324243020315.0601,2334160680072.0249,2744697042299.4209,2762745899343.0947,182058087.78953573,181361719.95259988,43223575.469282225,43167904.677235931,0.23741639821708935,0.23802103712138459,0.25467444912645393,-0.3824976112793565,-0.12879728583734881
flow03,333,3,203.19999999999999,128,3203137566795.9463,2796888982205.5186,3777238097281.6343,2521900723880.8438,156758619.66956204,217343265.85613883,37177540.327575147,39404698.810638256,0.23716424912354558,0.18130167804104191,-23.554381104634061,38.64836671456132,5.990602023262932
flow03,334,3,203.19999999999999,128,2959943525580.814,2557646779629.6777,3555427833621.6328,2432359089159.3955,144887564.56144935,198731476.70611691,34994368.44115781,38005610.768115625,0.24152775669243917,0.19124102229823475,-20.820271377024142,37.162548979026717,8.6049340539496981
flow03,335,3,127,128,4442251729310.6982,4453980823914.0625,2408400765681.6675,2428280803635.8188,347871260.01352805,346149872.07969701,37927571.113097131,37941887.556809738,0.10902760725799021,0.1096111557946035,0.53523006813535179,-0.49483476552909106,0.037746798153555576
flow03,336,3,177.79999999999998,128,2584636434001.998,2323238020805.4453,3143274652910.5093,2439541816378.311,144587926.76802665,180522365.59147698,35357420.16772227,38117840.880911179,0.24453922922934537,0.21115301007727788,-13.652704826658157,24.853000957059621,7.8071892691675862
flow03,337,3,165.09999999999999,128,2364039725276.5469,2165337955695.2324,3197748509134.0771,2535350434997.9287,142410360.42595103,168279147.30006519,38737110.952563025,39614850.546842709,0.27201048320290655,0.23541152413973138,-13.454981084634939,18.164961310918891,2.2658881178685548
flow03,338,3,177.79999999999998,128,2792518017709.7681,2494325422572.5283,3246557798969.8232,2452675541642.7603,156240334.14971206,193796334.56537107,36519210.33711838,38323055.338168196,0.23373740549047387,0.19774912370822537,-15.396885965569268,24.037327249743484,4.9394414183605058
flow03,339,3,139.69999999999999,128,3175384010806.1274,3101001427873.4258,2813883914709.9819,2604886839787.3267,226094432.07448784,240969296.29440182,40284665.922834389,40701356.871677056,0.17817628480812134,0.16890681716541422,-5.2024138075891724,6.5790493305971367,1.0343661522248737
flow03,340,3,190.5,128,3131455015459.0435,2785225695071.5347,3944944468971.6143,2885430493760.0884,163523280.33686984,216414565.04073253,41416739.83172299,45084851.465001464,0.25327732997039626,0.20832632709594109,-17.747740344431602,32.344804112847299,8.8565919195525336
flow03,341,3,190.5,128,2998420591949.7075,2654361322861.1792,3970796730229.8823,2933674827395.4033,156538239.75026345,206288906.19117323,41688154.648082763,45838669.17805326,0.26631291315521899,0.22220617688269376,-16.561996844222822,31.781797546900066,9.956100395922368
flow03,342,3,127,128,2653661505955.9561,2666632524261.772,2727483734405.0845,2744888851361.897,207796535.2781496,207242586.72169393,42952499.754410781,42888888.302529715,0.20670460023270348,0.20695016878999489,0.11880168947132931,-0.26658219094662694,-0.14809720562197018
flow03,343,3,190.5,128,3086278891088.5293,2729365835274.7964,3866958333338.2334,2819111896436.2988,161158607.45977369,212068726.24125743,40597987.751582511,44048623.381817251,0.25191324491753286,0.20770919014105771,-17.547332531461748,31.590071162777488,8.4995237974577567
flow03,344,3,203.19999999999999,128,3114834801585.1265,2733007195231.1436,3738379967841.3574,2596548000463.6157,152437163.19171876,212379080.18481904,36795078.423635416,40571062.507244073,0.24137866156272272,0.19103135050748804,-20.858227785869065,39.32237765256226,10.262198765102085
flow03,345,3,165.09999999999999,128,2292491642032.8184,2112153587051.7141,3330706667540.7793,2700423224961.9131,138108581.48132476,164116251.20716822,40347748.849676318,42194112.890029967,0.29214512535654563,0.25709893188315175,-11.99615890582535,18.831320578989693,4.5761265324433591
flow03,346,3,215.90000000000001,128,2575662319045.5752,2158371047390.0144,4358618830403.0674,3051148938219.0381,118674425.38478494,167720384.69793695,40376274.482659265,47674202.159672558,0.34022725917353247,0.28424810881237489,-16.453458343443753,41.328162452969522,18.074792116215662
flow03,347,3,139.69999999999999,128,2879993051382.4604,2825309513152.9849,3335897186804.4385,3142210806414.7002,205042525.69491512,219546124.38383651,47758012.69584021,49097043.850229777,0.23291759860049641,0.22362974517551729,-3.9876134224231716,7.0734588543361214,2.8037832372078566
flow03,348,3,152.39999999999998,128,3352435031115.7637,3199470128292.5986,3045945618252.7808,2662696683705.9336,218748723.4607535,248646685.19064566,39973039.609616555,41604635.682905287,0.18273496172784873,0.16732431261251535,-8.4333337034238713,13.667719407403201,4.0817413167053935
flow03,349,3,190.5,128,2925319581578.5205,2534295241351.2969,4306514464592.314,3323969814448.9004,152753670.93468514,196922126.7812022,45212750.284433752,51937028.350764163,0.29598470536112975,0.26374399464246479,-10.892694836825505,28.91482448588927,14.872526055212139
flow03,350,3,139.69999999999999,128,2766544374190.7363,2681658648302.7568,3317249847747.166,3136699895182.439,196932869.41566217,208410371.47880694,47491050.075120486,49010935.862225696,0.24115349670187408,0.23516553189969039,-2.4830512035188579,5.8281291981377903,3.2003625624219345
flow03,351,3,165.09999999999999,128,3580618291145.1621,3372843237630.5098,3520974058466.5005,2913642065256.6748,215706003.88801044,262120369.02249691,42652623.361193232,45525657.269635625,0.19773498461979522,0.17368225689369571,-12.164123497087827,21.517419217771856,6.735890273648149
flow03,352,3,228.59999999999999,128,3233803524332.5537,2750323697527.3184,4184402948332.333,2685950361545.2417,140708577.22016385,213735768.35822687,36608949.679198019,41967974.399144478,0.26017567942511949,0.19635447413184035,-24.53004271356092,51.899601702175445,14.638564522902907
flow03,353,3,190.5,128,2414477822673.3613,2112008964884.7043,3795165888611.0732,2956689260998.686,126037089.25170438,164138926.93493092,39844261.297754057,46198269.703104556,0.31613123989385727,0.28145833877309795,-10.967881925367747,30.23065504720968,15.947110570998746
flow03,354,3,177.79999999999998,128,3098227883295.0103,2829453259234.2715,3715797378097.3984,2932165347769.9727,173380153.57010558,219868122.16437772,41797495.816618659,45815083.558905907,0.24107428074066162,0.20837528927751359,-13.56386561133178,26.812739311293154,9.6120297730608506
flow03,355,3,203.19999999999999,128,2885951649298.5356,2453961819410.1494,4318568845127.4463,3282337986560.8779,141256511.04296806,190704612.50249651,42505598.869364634,51286531.040013812,0.3009107230210088,0.26893178076299767,-10.627385404201245,35.005891830704421,20.658295387476407
flow03,356,3,190.5,128,2461947382833.7422,2117265722955.2546,3958758593367.1196,3021111632831.5679,128555175.86911409,164487979.96799338,41561770.009103626,47204869.262993336,0.32329907938844032,0.28698066127493704,-11.233690545053207,27.951269838768351,13.577620136615101
flow03,357,3,190.5,128,2921934952864.9297,2533699370919.73,4207166912293.4072,3242090084889.9438,152566341.22161728,196880910.77751869,44169731.362660453,50657657.576405466,0.28951163807815034,0.25730101194853844,-11.125848461026983,29.046098373382524,14.688625023492172
flow03,358,3,203.20000000000039,128,2942930477409.3931,2551108730369.4717,3812506441493.814,2570783702621.9048,144080571.48031935,198233703.68730819,37524669.699742131,40168495.353467338,0.26044226028675771,0.20263201769578351,-22.19695164959893,37.585311919994624,7.045566756163546
flow03,359,3,177.79999999999998,128,2957294264350.0869,2690244108895.3726,3220892089475.7534,2376271184607.0918,165465657.48330426,209083008.40671718,36230507.193203084,37129237.259485878,0.21896088737845071,0.17758132304687574,-18.89815337661414,26.360364795222825,2.4805892489724721
flow03,360,3,228.59999999999999,128,3231651172469.9521,2740295563160.5776,4146407021961.145,2698361928438.752,140594590.94731355,212956452.45224756,36276526.876300484,42161905.131855577,0.25802220862034986,0.19798369406679417,-23.268739103731761,51.468453385984759,16.223654143142411
flow03,361,3,152.39999999999998,128,1982323831396.6321,1849393839624.2329,2714675536163.1631,2369033113102.2471,129359234.57042916,143710714.89994919,35625663.204240993,37016142.39222268,0.27540100498078263,0.25757399104160861,-6.4731114326971984,11.094283587235065,3.9030268152766916
flow03,362,3,177.79999999999998,128,2295131204206.0747,2033296778281.2163,3134757864053.9951,2400677535431.356,128411728.76538171,158009409.68414989,35261618.268323913,37510586.491115004,0.27459811192753003,0.23739463723139101,-13.548335942658445,23.049047936147225,6.3779495475151675
flow03,363,3,165.09999999999999,128,1983367934057.3977,1732343668835.0569,3215313939772.5049,2679781868072.0107,119502521.70172547,134615105.64524794,38949896.302513696,41871591.688625246,0.32593367694559128,0.31104675428454309,-4.5674699222729558,12.64624689782112,7.5011634521938211
flow03,364,3,177.79999999999998,128,2757732338436.4629,2500372212340.604,3171446998957.6899,2483638158268.5166,154265400.1970976,194281190.83172831,35674319.448342972,38806846.222945645,0.23125288887050227,0.19974577084282547,-13.624529484395008,25.939575940881383,8.7809012842939484
flow03,365,3,203.19999999999999,128,3747095604444.5181,3285847906717.7095,3671677437792.2783,2601935664895.5117,183394343.90459055,255352934.5225755,36138557.458585419,40655244.763992444,0.19705382777446079,0.15921197396851594,-19.203815644351238,39.237082827058636,12.498250132377649
flow03,366,3,165.09999999999999,128,2821843483076.8428,2606326682984.6494,3289555686917.9463,2648240618380.5737,170015809.99185926,202524410.36187303,39849251.204336122,41378759.662196539,0.23438556217944786,0.20431492474541946,-12.829560470540432,19.120927854633258,3.8382363824542507
flow03,367,3,190.5,128,2762927527533.9053,2308688545572.228,3744193439578.4517,2690543209281.5537,144281432.25326046,179368666.08523571,39309117.475889266,42039737.645024352,0.27244751359890218,0.23437615143464988,-13.973833587742352,24.318606548336614,6.9465313506718793
flow03,368,3,177.79999999999998,128,2380749614064.5889,2095445217608.8618,3629616781854.7866,2872585471434.4561,133164900.23396738,162834817.51163477,40828085.285205707,44884147.991163455,0.30659794896006221,0.27564220402652168,-10.096527076759036,22.280583866723205,9.934491607000453
flow03,369,3,165.09999999999999,128,2638508983316.2891,2409785450749.5293,3238986971747.9111,2730672913398.9014,158950824.33703077,187266699.38475835,39236668.34340293,42666764.27185791,0.24684784433836979,0.22783957004653951,-7.7004011693026744,17.814236048054795,8.7420672378053741
flow03,370,3,190.5,128,2978473540287.4048,2563108667020.4995,3858955678460.2002,2749974972401.3306,155583259.19444668,199171301.97568616,40513970.377534918,42968358.943770871,0.26040057643284675,0.2157356934334658,-17.152374856934824,28.015895159236575,6.0581289450636406
flow03,371,3,241.30000000000035,128,2823670057626.7183,2326394289589.4321,4570488180706.9238,2904742644569.2373,116400187.24981,180781624.07780731,37882206.222187415,45386603.821394414,0.32544798352331905,0.25105761745928501,-22.857835915490874,55.31042376231435,19.809821939070993
flow03,372,3,177.79999999999998,128,2492111323645.0005,2125233511402.4893,3499748195627.4956,2703443727386.3115,139380851.99751222,165153899.89529428,39367246.295022458,42241308.240411192,0.28244371971355947,0.25576936582903403,-9.4441306436472576,18.49109653759476,7.3006425794941281
flow03,373,3,165.09999999999999,128,1847256081290.8586,1666674441618.8145,3049024283868.3599,2527300023313.0464,111281409.1071368,129515496.88423488,36935484.96509219,39489062.864266418,0.33191065121697322,0.30489836208220716,-8.1384219023172779,16.385565139225641,6.9136168147991572
flow03,374,3,228.59999999999999,128,2414925934404.3589,1963134535029.0552,3967074185009.7354,2543433886986.9556,105076228.48555064,152525518.00356054,34707560.673750967,39741154.484171256,0.33030839776023851,0.26055413549386236,-21.11791971968233,45.157016198516111,14.502874050227199
flow03,375,3,177.79999999999998,128,2187505478157.7278,1924751402578.8662,3353407814866.8008,2553290927044.1118,122371904.11759171,149554931.34280697,37721122.776904404,39895170.73506432,0.30824986379763097,0.26675931296185323,-13.46003865974672,22.213454486328885,5.7634762650570552
flow03,376,3,190.5,128,3172000970783.1133,2808763544041.6621,3495931607532.853,2563915759324.0298,165623325.04674634,218288578.22017801,36702694.042339668,40061183.739438035,0.22160341263514979,0.18352395744238206,-17.183605044685006,31.798210281412452,9.1505263706911109
flow03,377,3,139.69999999999999,128,2794115167825.8105,2733525525518.5239,2633519288394.9019,2414758264981.8975,198909579.30938873,212424845.82543328,37702495.181029372,37730597.890342213,0.18954589975973962,0.17761857255317726,-6.2925799089724137,6.7946785483984096,0.07453806221022112
flow03,378,3,152.39999999999998,128,2570826495897.6899,2366708524957.0513,2912872394371.3975,2556642694209.7524,167813733.94765237,183909650.17515644,38226671.842144333,39947542.097027458,0.22779227267577942,0.21721286544224963,-4.644322263111901,9.5915369075364332,4.5017527604532175
flow03,379,3,177.79999999999998,128,2548219971305.3086,2225822894089.7959,3447810852383.2363,2666566415398.9004,142598468.81816658,172935060.66317853,38783024.211285003,41665100.240607895,0.27197363711344541,0.2409291677513446,-11.414514175560173,21.274135757863878,7.4312823404944064
flow03,380,3,203.20000000000039,128,3330378554254.6235,2953770889087.498,3917081166548.377,2740584035472.1245,163067906.01169744,229528463.34108698,38553948.489649244,42821625.554252021,0.23642879480456216,0.18656346551067024,-21.091055907598662,40.756368898624409,11.069364440709725
flow03,381,3,190.5,128,3045409786376.7368,2655909155637.6528,3341312198013.4131,2460860983767.6987,158963815.38267285,206387873.58957496,35079393.15499647,38450952.87137036,0.22067533463857805,0.18630432206416506,-15.575375757651313,29.833241038369895,9.611225888306647
flow03,382,3,165.09999999999999,128,2286118996714.2119,2053521225465.2998,2954317226956.5542,2420704229570.7617,137721910.88147974,159548101.80177775,35788215.953441001,37823503.587043218,0.2598585491907639,0.23706645933045989,-8.7709601747880868,15.848016325507652,5.687032950315384
flow03,383,3,165.09999999999999,128,2120384122764.1868,1895312915856.4578,2786350090116.6616,2265879303358.1519,127752948.13040282,147263730.90026423,33753483.82939627,35404364.114971191,0.26420904036549253,0.2404146893368411,-9.0058807207109979,15.272275947750291,4.8909922718470655
flow03,384,3,203.19999999999959,128,3339561561722.7998,2802429884101.5591,3739447687648.3691,2620174439235.0186,163459015.23916003,217790719.46919978,36805587.476854101,40940225.613047242,0.22516706969635866,0.18797966099210695,-16.515473934265575,33.2387321375612,11.233724061036352
flow03,385,3,165.09999999999999,128,3766126295245.3604,3561273969338.1572,3199340325389.3086,2590282018190.083,226931485.15403342,276714220.47734827,38756394.008350201,40473156.534220122,0.17078456073225656,0.14626337766234621,-14.35796243218546,21.937341700083621,4.4296239879799924
flow03,386,3,190.5,128,3000310032709.2998,2570651499900.6948,3561101299928.6323,2492150546872.8442,156655910.38693291,199752273.06005335,37386890.287964649,38939852.294888265,0.23865611067990186,0.19494072181687475,-18.317313869939202,27.510205370914125,4.153760836919715
flow03,387,3,190.5,128,2535006970490.8325,2125462786840.2407,3219244459864.4189,2316801619780.2783,132347148.39037395,165188784.26670158,33797842.098314114,36200025.309066914,0.25537265070965703,0.21914336054814129,-14.186832482193331,24.814766525575035,7.1075046855509889
flow03,388,3,190.50000000000037,128,2523423574555.29,2221511506716.8945,3542225748551.8164,2615151529338.9204,131772131.02331017,172600087.90373081,37188721.769572735,40861742.645920709,0.2822199313373337,0.23674230495590304,-16.114250388315721,30.983757007920193,9.8767064356408873
flow03,389,3,177.79999999999998,128,1969677213977.8381,1712003041347.675,3432764830115.7373,2648057947492.6895,110217047.96957286,133031061.97325201,38613777.616599977,41375905.42957335,0.35034305788393022,0.31102439397118115,-11.222903673397596,20.699169887019043,7.1532183160083775
flow03,390,3,127,128,1929180032118.1687,1935925632053.5298,2400996467717.7617,2417546387460.2285,151124585.32768551,150430949.31104103,37810967.995555304,37774162.304066136,0.25019733164904484,0.25110632138577926,0.36330912513866237,-0.45898290813533571,-0.097341309784753555
flow03,391,3,152.39999999999998,128,2270833948651.3472,2096757085481.2852,3036096935190.8867,2599797267954.8667,148163858.39388809,162953597.15620297,39843791.800405346,40621832.31179487,0.26891707756747341,0.2492846615276364,-7.3005464053918558,9.9820151301654931,1.9527270780026726
flow03,392,3,215.90000000000001,128,2961375000361.3306,2508836290383.9507,4111283627346.9561,2878684258902.2568,136421183.69322607,194953962.28381044,38085072.972181164,44979441.545347847,0.27917272040260316,0.23071827327042266,-17.356440508335815,42.905930740352304,18.102547888519478
flow03,393,3,203.19999999999999,128,3429534933406.0112,3072791310686.4272,3691798446158.0854,2565865331797.6274,167871067.61584863,238783342.13763189,36336598.879508719,40091645.809338003,0.21645539875078626,0.16789967612661041,-22.432206775345893,42.242106116854451,10.334062751114734
flow03,394,3,165.09999999999999,128,2365239289153.9111,2153599076079.1824,3250323339841.9331,2724347554757.7832,142519719.88034424,167336603.33039162,39373995.637091868,42567930.54309044,0.27627050958386129,0.25438505202023104,-7.9217494464377385,17.412947114183897,8.1117876261198116
flow03,395,3,203.19999999999959,128,3398026284694.3037,2984177711090.1504,3553743392815.957,2493928853096.9814,166331468.3034502,231873317.30157569,34977789.29936979,38967638.329640403,0.21028966831193571,0.16805572449269307,-20.083698908400205,39.404359058835993,11.406807320274243
flow03,396,3,177.79999999999998,128,2547579528585.2075,2253518337842.75,3349003912393.6489,2566084294416.4839,142506965.94629762,175132081.95506865,37671585.066295266,40095067.100257635,0.26434907806886748,0.22894187434227101,-13.394109026312659,22.893699119989328,6.4331830733893289
flow03,397,3,177.79999999999998,128,3083998465376.7915,2817605750573.0278,3303041426906.2744,2564577875571.1548,172519681.04848227,218981424.35697699,37154571.731229186,40071529.305799365,0.21536425006946217,0.18299054097152986,-15.032071983855582,26.931271276485742,7.8508712081814034
flow03,398,3,127,128,2479092654447.4341,2486751437104.7012,2186889849950.627,2202082465453.3921,194243097.94193122,193197896.15500832,34439210.235442951,34407538.522709318,0.17729953136218266,0.17809478885372099,0.44853896985988145,-0.53808953728454434,-0.091964108692129704
flow03,399,3,165.09999999999999,128,2085819554185.3591,1905465125768.417,2998668550554.1211,2460016577742.7188,125680503.58465229,148056370.12582046,36325482.138753742,38437759.027230047,0.28903036750076883,0.25961570579209176,-10.177014257368242,17.803769003914653,5.8148626366691163
flow03,400,3,177.79999999999964,128,2459888826791.4375,2166435293323.6008,3502623478090.5361,2658357473455.0176,137632415.36970359,168355729.21447179,39399589.179871134,41536835.522734724,0.28626678587335169,0.24672065344340083,-13.814432683589988,22.322730994904258,5.4245396648843434
flow03,401,3,177.79999999999998,128,3016887775720.8809,2774175004609.9717,3367175613962.8823,2611727937591.7754,168749803.19424412,215600461.90961388,37875991.158187658,40808249.024871565,0.22445057974135504,0.18927718736511612,-15.670885063772561,27.763385692036046,7.7417323666526441
flow03,402,3,152.40000000000035,128,2446182577540.6445,2266387195135.0171,2838471820465.1226,2471518370946.8271,159660134.58116251,176109439.13630724,37250286.357809827,38617474.546044245,0.2333098769804294,0.21928111710215964,-6.0129301253056386,10.302699918358641,3.6702756459421857
flow03,403,3,177.79999999999998,128,2287719390451.0171,2068834425516.7483,3566314277111.1821,2762769244376.1035,127980380.48647644,160737859.16606596,40116021.114861451,43168269.443376698,0.31345446046005837,0.26856317277921127,-14.321470370834724,25.595703462571727,7.6085520041380805
flow03,404,3,203.19999999999999,128,2928255340343.5586,2535715164836.2808,3425386340424.2271,2442050892945.4805,143376102.06013584,196996843.95586935,33714432.484490432,38157045.202273205,0.23514680619751877,0.19369368785837521,-17.628612103846201,37.398660673062174,13.177183747128169
flow03,405,3,165.09999999999999,128,2594865511229.9185,2399042079972.293,2953419669171.7979,2432062913302.6987,156321625.07755369,186388492.54580712,35777343.054776482,38000983.02035474,0.22887008139166135,0.20388052127743647,-10.918666154297679,19.233978314476179,6.2152182798308422
flow03,406,3,190.5,128,2691566727395.4243,2403240644734.0239,3861825843641.0679,2975077358425.3281,140511036.43658891,186753272.5424152,40544103.345313057,46485583.725395836,0.28854746483640215,0.24891442646520734,-13.735361838533416,32.910038441496305,14.654363741822941
flow03,407,3,152.39999999999998,128,2705694224275.4595,2581201170154.293,2876331970800.5874,2515321838144.4541,176640379.16528559,200577214.82344136,37747138.724417165,39301903.721007168,0.21369484657353735,0.19594400967030465,-8.3066284413762066,13.551168634979909,4.1188949656316227
flow03,408,3,215.90000000000001,128,2730100244351.3809,2240474663188.7725,3996567608689.1304,2731227362613.5039,125792126.26537924,174095907.87498942,37022395.63398917,42675427.540836073,0.29431409368090594,0.24512596569173478,-16.712800727273603,38.399686088225735,15.269222345128366
flow03,409,3,190.5,128,2574453161671.0518,2250722601274.1187,3552570673802.8369,2674572433473.0234,134422875.88827568,174887706.13841107,37297329.908691205,41790194.273016065,0.27746266892616206,0.23895444222901593,-13.878705501601685,30.102636908146017,12.046075081846304
flow03,410,3,215.89999999999964,128,3669246215755.5142,3179200431427.5562,4241893386445.043,2952569656177.7305,169046103.03344971,247045900.67387307,39294982.736869454,46133900.877777122,0.23245127827107631,0.18674222382130837,-19.663929056334847,46.141139157161923,17.404049231178028
flow03,411,3,139.69999999999999,128,2709439193856.2256,2599633820633.6021,2929455250258.3413,2731419868129.187,192863348.10146847,202035650.81261286,41939230.497614048,42678435.439518623,0.21745567994365186,0.21124210142051947,-2.8573999652446362,4.7558557919043762,1.7625620049147743
flow03,412,3,152.39999999999998,128,2806770605979.2314,2610166921090.9702,3342443492192.6157,2881156591562.8906,183219239.47481388,202807101.59072393,43864087.824050084,45018071.743170246,0.23940765145507459,0.22197482923462528,-7.2816478982588499,10.690941722090647,2.6308170906211092
flow03,413,3,152.39999999999998,128,1817559688729.812,1658243304919.9683,2824615331355.4521,2399059667667.5801,118638205.89462592,128860322.22529587,37068442.66870673,37485307.307306007,0.31244945411287495,0.29089875502381346,-6.8973393313326508,8.616209469442925,1.1245809335043759
flow03,414,3,152.39999999999998,128,1675395802142.0146,1517810160491.7966,3003399575149.2139,2638296465284.8291,109363438.50754473,117944365.6473963,39414692.58726003,41223382.27007553,0.36040099986926527,0.34951548591406212,-3.0203894992388616,7.8462484875688983,4.5888717229273031
flow03,415,3,165.09999999999999,128,1865036903000.1902,1680985699361.7227,3113487954259.9185,2434981897214.9395,112363801.25196993,130641106.86729963,37716389.512536876,38046592.143983498,0.33566316814042141,0.29122986674194218,-13.237467084828026,16.266186629218602,0.87548844339107124
flow03,416,3,139.69999999999999,128,1788502909642.8967,1721792493053.217,3020954576729.9883,2747670782752.4756,127372530.86341225,133788295.09507349,43249170.747745,42932355.980507508,0.33954864879086988,0.32089769848699129,-5.4928654171631894,5.0370077348476183,-0.73253373824285528
flow03,417,3,152.39999999999998,128,1831125932186.823,1731269935671.7729,3271353354769.2637,2814423706484.5078,119526313.23520543,134542094.17930847,42931146.38804809,43975370.413820513,0.35917736627220842,0.32685213265086505,-8.9997969406694658,12.562740820554549,2.4323227158525902
flow03,418,3,190.5,128,1934514656583.5867,1673780820771.5037,4002338618770.0059,2935233406362.0381,100984496.37441018,130064366.59687933,42019303.08419954,45863021.974406928,0.41609657514564163,0.3526178858545822,-15.255758658633683,28.79637099407082,9.1475074741368942
flow03,419,3,177.79999999999998,128,1964688833671.3096,1568069859759.0334,3768156373153.3013,2684906400114.4727,109935868.91852151,121846745.39350277,42386460.890363351,41951662.501788713,0.38555624572156599,0.34429858890613996,-10.700814024737843,10.834386076312324,-1.0257954531737981
flow03,420,3,139.69999999999999,128,1722107906859.2493,1640995182153.938,3075571092882.2964,2836536708403.9912,122641148.16046655,127496937.03272973,44031082.217355713,44320886.068812445,0.35902372798845961,0.34762314374214992,-3.1754403281880421,3.9593472053194989,0.6581801692407635
flow03,421,3,215.90000000000001,128,2171028842902.8765,1724032524876.8582,4226496369431.2402,2771581661086.3979,100004778.6697156,133986575.50189666,39152351.731646508,43305963.454475045,0.39150480859474163,0.32321121196102232,-17.4438717314484,33.980173031943082,10.608843502678305
flow03,422,3,203.19999999999959,128,2258946183259.4609,1862470778225.2502,4271950923616.9648,2980839895083.5063,110557951.44593929,144734360.16070321,42046761.059222251,46575623.360679872,0.38031421991191933,0.32180073417926097,-15.385563481220888,30.912664596065287,10.771013479679885
flow03,423,3,215.90000000000001,128,2198252432825.5713,1707638885848.241,4404856554786.4287,2969708666976.5669,101258787.38254963,132698800.24359253,40804599.859068356,46401697.921508946,0.40297342002438785,0.34967684588202969,-13.225828676028476,31.049169828850921,13.71683114592949
flow03,424,3,190.5,128,2156949389126.9919,1885750492245.8562,4300569307959.7173,3233051814993.6602,112609592.08251959,146539663.59842423,45150333.941834308,50516434.609276034,0.40094571969276321,0.34472874693987798,-14.021093128507067,30.130711681328968,11.884963407700809
flow03,425,3,152.39999999999998,128,2479100843062.3501,2355540424467.7515,3794254020138.3564,3322304027841.6606,161794640.03276408,183065452.87088543,49793359.8443354,51911000.435026042,0.3077565476473883,0.28356524740710332,-7.8605314574824714,13.146796972887314,4.2528574036996822
flow03,426,3,165.09999999999999,128,2842194485225.1196,2581590032758.4756,4070622038866.4253,3323597907385.6533,171255674.2848863,200591889.2108191,49310987.751258947,51931217.302900925,0.2879378330508886,0.25888991577481973,-10.088260013728414,17.130068856656731,5.313682956138071
flow03,427,3,165.09999999999999,128,2199551723995.7144,2034446060195.8018,4032655092397.3408,3407891015281.7148,132504214.07693021,158057895.45588809,48851061.082947806,53248297.113776892,0.36867552796913705,0.33689109272391776,-8.6212489937439152,19.285183914318189,9.0013111964194543
flow03,428,3,127,128,3182473297776.7148,3192030919879.7637,3102078101515.0195,3120366720307.897,249224915.76485047,248074955.47765669,48851623.645905823,48755730.004810981,0.19601420466322264,0.19653628441022639,0.26634791488746679,-0.46141465577975743,-0.1962957092069503
flow03,429,3,177.79999999999998,128,3079427487131.0786,2722384016944.6006,4008686551756.7896,3082892453384.3032,172228753.48646703,211559028.68965605,45092087.196364343,48170194.584129825,0.26181509349370907,0.22769150946893649,-13.033467081450944,22.836067966014404,6.8262694835151958
flow03,433,3,101.59999999999999,128,2189448187920.1013,2487971133529.2393,2780905777276.9263,3374700275427.4155,214459650.70606109,193332595.03155473,54742239.710175723,52729691.803553462,0.25525659269680323,0.27274082673409106,6.8496699155017726,-9.8512963184217615,-3.6764076831298516
flow03,434,3,177.79999999999998,128,2629002013571.9683,2165972334989.3604,3711990265338.9141,2715155423127.6328,147119034.41491503,168276286.88820845,41754671.15116889,42424303.486369342,0.28381556008184194,0.25211100310617873,-11.170831143479514,14.381043593328863,1.6037303533683929
flow03,435,3,139.69999999999999,128,2160794235938.7295,2088869964647.7139,3304758531237.1592,3102842720435.9019,153893437.70323631,162298709.41082048,47312219.488005139,48481917.506811053,0.30743493805915667,0.29872028978425602,-2.834631720752498,5.4617479686123183,2.47229580743398
flow03,436,3,165.09999999999999,128,2475848767446.1338,2093450610135.0964,3684919945573.166,2938957146140.2725,149169660.23775676,162650410.87517706,44638642.587197661,45921205.408441842,0.29924746437076782,0.28233070646026953,-5.653099833634152,9.0371933648798013,2.8732119681704176
flow03,437,3,177.79999999999998,128,2669175622221.3379,2408763375294.7603,3849497521499.5684,3064168508990.6919,149319935.45317131,187172769.04221436,43301434.437565453,47877632.952979647,0.28999098014709063,0.25579379520843376,-11.792499518885451,25.350153999305867,10.568237692015549
flow03,438,3,165.09999999999999,128,2438078643334.4004,2175661661456.8164,3753734513958.6372,3124332444586.978,146882247.86280784,169059618.66180608,45472253.348984107,48817694.44667162,0.30958304363272321,0.28876023046241794,-6.726083226640994,15.098741421572285,7.357104280741023
flow03,439,3,177.79999999999998,128,3515158655242.7354,3133310118644.3755,3920017879236.5371,3122724215054.1948,196704728.89537948,243479905.41869628,44094689.305247895,48792565.860221885,0.22416690006827619,0.20039668479547229,-10.603802463951649,23.779385877497088,10.654064307954826
flow03,440,3,203.19999999999999,128,2687397885089.0693,2278565029743.4683,3993979203703.3242,2859985215990.8711,131565874.45615126,177055716.81886417,39310818.934087843,44687268.999857441,0.29879191011031886,0.25239099760655848,-15.529507638486065,34.575715435900456,13.676769427735024
flow03,441,3,165.09999999999999,128,2329905804625.3188,2128449125136.1372,3415673092855.7979,2839535436917.2612,140359745.07365668,165395244.02419105,41377021.112729236,44367741.201832287,0.29479264935267435,0.26825282349317714,-9.0028791144471079,17.836666016596482,7.227973422627529
flow03,442,3,177.79999999999998,128,2796797329130.0176,2514371396144.3589,3410509092555.1167,2621933217748.7856,156441939.0799492,195404266.30677879,38363431.862262286,40967706.527324848,0.24522472738372775,0.20965615184167366,-14.504481632635835,24.905295508334248,6.7884298631383917
flow03,443,3,152.39999999999998,128,2562696869343.4321,2389076943124.8472,3155451121477.2363,2713800851007.9468,167210504.72103199,185671809.3196657,41410119.704425685,42403138.296999246,0.24765262071012131,0.22837682495997552,-7.7834006742485515,11.040756458114808,2.3980094712632103
flow03,444,3,228.59999999999999,128,2975222367315.8945,2433409979459.0435,4604969680980.1445,3004327526854.8677,129474101.1838199,189112353.246198,40288448.652494706,46942617.607107393,0.31116994274627541,0.2482260772568074,-20.228131590714646,46.061916257450683,16.516319632974135
flow03,445,3,114.3,128,2907244231189.0063,2997371569903.7148,2734450430145.5391,2987993506057.7681,253020752.18360704,232946621.57654369,47846901.664838836,46687398.532152712,0.1891026773571452,0.20042101583693392,5.9852872724866577,-7.9337882105798023,-2.423360954087034
flow03,450,3,114.3,128,1599033983953.6279,1699659736048.2197,2269289412577.8062,2523997549428.2764,139149634.29964253,132088984.23000014,39707601.269952871,39437461.709816888,0.28535900557558908,0.29856737819367546,4.6286860971652786,-5.074142023570186,-0.68032203280030457
flow03,451,3,152.39999999999998,128,2043875237398.7957,1861767807209.9307,3314228361776.4165,2885354783413.9517,133399002.6787111,144679731.62032378,43493810.522000223,45083668.49084308,0.32604299618906613,0.31161011971707298,-4.4266788861257425,8.4563817682970921,3.6553660159039594
flow03,453,3,165.09999999999999,128,2173889344687.4834,2018308766457.905,3003444073077.397,2437900581457.8057,130979255.81899631,156824423.45113671,36383332.199605055,38092196.58527828,0.27777934736386151,0.24289709311220284,-12.557540574089767,19.732260250322781,4.696833089113742
flow03,454,3,190.5,128,2050965890241.0122,1744811411204.8057,3251378427294.895,2335703208932.5415,107078284.4165722,135587437.62338048,34135206.585773185,36495362.639571026,0.31878738786078437,0.26916477867915561,-15.566051566412387,26.624589067842784,6.9141402377845953
flow03,455,3,177.79999999999998,128,2220407471585.042,2031171063024.1702,3136058811981.417,2378092817676.5459,124184775.46922404,157856450.54033679,35276252.103278041,37157700.2761961,0.28406261532453581,0.23538917889643829,-17.134756142581136,27.114173169687295,5.3334695744030745
flow03,456,3,190.5,128,2458478276207.4761,2177478168452.3547,3559947145403.3501,2639245535382.0278,128418606.63195439,169209510.80749857,37374773.180087671,41238211.490344256,0.29103861317545016,0.24371095509672008,-16.261642248205394,31.76401398938259,10.337021422553882
flow03,457,3,139.69999999999999,128,2780716557665.4316,2720019959852.2622,2573921347552.5112,2369255145702.4209,197965117.40619907,211391696.18823883,36849267.681496225,37019611.651600391,0.18614020573072096,0.17512330105263635,-5.9186056203366268,6.7822952639126521,0.46227233489826774
flow03,458,3,114.3,128,2253709105535.2549,2374909078099.2026,2292691706640.4102,2509647879687.5688,196120158.17050931,184532591.40097281,40117090.229928441,39213248.120118335,0.20455362979592412,0.21250039259954603,3.8849287649161339,-5.9084017051740902,-2.253010137649055
flow03,459,3,127,128,2088865749701.9351,2096126216065.2366,2629154844409.21,2647081376934.1597,163633753.70535323,162854086.16203117,41404013.297782838,41360646.514596321,0.25302856140754976,0.25397364898443303,0.37351023600890432,-0.47647109820994715,-0.10474053052446471
flow03,460,3,190.5,128,3444102074270.127,3053303602782.4946,3969643707874.0356,2903540674937.8052,179771573.00163203,237262844.80952871,41676049.426499069,45367823.045903288,0.23182780642477172,0.19121334856422184,-17.519234852325315,31.980179540051502,8.8582619279092771
flow03,461,3,127,128,2504316658779.5449,2518946470601.2012,2909457643632.585,2931988063325.1353,196224571.92814213,195709264.13660309,45818230.608387172,45812313.48945532,0.23349894540815158,0.23408352022354337,0.25035437071030919,-0.26261124510326367,-0.012914333123045425
flow03,462,3,177.79999999999998,128,2515702693896.5405,2062175672676.8547,3850849646171.3726,3090706983128.0601,140742151.40666011,160232921.88839272,43316643.938935578,48292296.611376025,0.30777306944652671,0.30138810453081005,-2.0745690736356006,13.848566535988221,11.486699383855161
flow03,463,3,165.09999999999999,128,2778140619332.7739,2293452394089.0439,3432830069817.9624,2838066760762.8218,167362606.82050467,178240159.58316457,41584858.50778877,44344793.136919171,0.24847162277048102,0.24879237788287806,0.12909124543905398,6.4993925281804517,6.6368739203801068
flow03,464,3,177.79999999999998,128,4410444318944.3193,2613180719638.5356,3755706890400.2173,2888439387666.8506,246762702.96930921,203067492.30735117,42246421.714288168,45131865.432294622,0.17120262181413418,0.22225056762894205,29.817268727477774,-17.707380465593527,6.830031043861327
flow03,465,3,139.69999999999999,128,2179553943239.6152,2061198288702.5151,2822543321272.0264,2611950217512.0654,155126695.6819391,160181799.82617065,40408637.383994654,40811722.148626097,0.26048796570027954,0.25478376565199662,-2.1898132733111533,3.2586938837375796,0.99752129922376309
flow03,466,3,203.19999999999999,128,2414872454028.8774,2078110051426.4304,3995025580069.646,2827732122914.2739,118206643.32510146,161483549.2216967,39321117.914071321,44183314.420535609,0.33264727605814171,0.27360876469142653,-17.748082012370407,36.611229859198005,12.365356745679701
flow03,467,3,228.59999999999999,128,3104865151862.6133,2563283130526.2349,4366562986768.9585,2777513684671.5762,135082608.80482593,199205439.66777807,38202650.80287803,43398651.322993457,0.28280954255240304,0.21785876628354586,-22.966260502621534,47.46934592860876,13.601151781132378
flow03,468,3,177.79999999999998,128,2299706749297.3516,1961380784133.7808,3596525085549.7544,2800262058940.6675,128689267.54834414,152408939.9057661,40455850.23115585,43754094.670948006,0.31436848621395702,0.28708351818470101,-8.6792949121134395,18.431740897516026,8.1527008354705472
flow03,469,3,177.79999999999998,128,2887666677679.3809,2561186990643.9956,3925297546804.2002,3036487787170.3022,161524816.17723826,199047679.8695595,44154078.141779535,47445121.674536057,0.27335786033850096,0.23836058629584597,-12.802731920464119,23.23040173043632,7.4535437523775787
flow03,470,3,177.79999999999998,128,2579155798553.0586,2314159242808.6108,3626063162536.2515,2825809717882.479,144254510.30772179,179854078.97326714,40788112.06452477,44153276.841913812,0.2827510348031137,0.24549499846748873,-13.176268784150421,24.678305440575009,8.2503568002007999
flow03,471,3,190.5,128,2701083935166.8242,2323530081294.876,4160744469125.0483,3224834249875.4023,141091112.62320009,180554385.93991968,43682356.631234109,50388035.154303253,0.309603885170945,0.2790740025062039,-9.8609494670534588,27.970063162029746,15.350999900665604
flow03,472,3,139.69999999999999,128,2402049075490.7852,2283007119271.6528,2985512975147.2856,2764562241025.8101,171019115.63455486,177410053.25282353,42741774.876840167,43196285.01602836,0.24992396153055582,0.24348273518902672,-2.5772744246219852,3.7369726738180855,1.0633862082186747
flow03,473,3,215.90000000000001,128,2509318736692.8252,2022801089981.5144,3722987747664.436,2468850098242.7812,115614083.4568505,157173481.06722307,34488075.476280101,38575782.78504353,0.29830341118564285,0.24543442394423187,-17.723225836163529,35.946656642296851,11.852523668868784
flow03,474,3,152.39999999999998,128,2321150745376.8062,2197743719133.2288,3066182665931.498,2687997104943.4043,151512567.31245542,170775503.22059476,40238617.663143024,41999954.764740765,0.26557940622946014,0.24593664766127743,-7.3961904076294962,12.713754541835815,4.3772306403334929
flow03,475,3,152.39999999999998,128,2298542269375.4546,2137401551283.5103,2746141735293.3174,2306242259797.3018,150033549.21578211,166112361.68492499,36038605.450043544,36035035.309332907,0.24020364537408828,0.21693168975396704,-9.6884273275195181,10.716811375313078,-0.0099064341309928784
flow03,476,3,203.19999999999999,128,2904832585841.5737,2448987306511.1167,3618939234280.8853,2543370194711.4897,142159847.03497374,190322944.55673337,35619480.652370922,39740159.292367101,0.25055936254354527,0.20880382754125032,-16.664927056971646,33.879536680924176,11.568609548836575
flow03,477,3,190.5,128,3251261616566.4663,2924692876997.0088,3769668987349.0488,2832013002317.6519,169744176.51113543,227298254.13914916,39576577.295003146,44250203.161213391,0.23315425664931058,0.19467902790896038,-16.502048597903634,33.906363570733816,11.809070378605799
flow03,478,3,165.09999999999999,128,2769017052316.9658,2564039941324.7144,3473919363309.123,2864803969873.6328,166802958.7880801,199279698.03793898,42082608.883211672,44762562.029275596,0.25228934300066469,0.22462178771845426,-10.966596905418054,19.4701218046857,6.3683151239538702
flow03,479,3,190.5,128,2961489272470.2568,2630861188893.0635,3339504935743.8525,2479015494724.8311,154618219.21918291,204441422.75439307,35060419.272901341,38734617.105075553,0.22675477346690023,0.18946560136010018,-16.444713174800356,32.223371726059035,10.479617495658552
flow03,480,3,203.19999999999999,128,3678396173206.4478,3379808921877.7822,3586055211233.0796,2703520059046.8276,180014412.50577021,262668491.89838049,35295819.00819961,42242500.922606759,0.19607218398175885,0.16082058650167019,-17.978887552641439,45.915256585336394,19.681316681710541
flow03,481,3,139.69999999999999,128,2209864864929.5737,2140416883779.3884,2742559442846.5933,2592356854953.4014,157347312.92256358,166316630.38892317,39263556.80524829,40505575.858646967,0.24953433316380391,0.24354495256383377,-2.4002230570967105,5.7003308793545893,3.1632871661608037
flow03,482,3,190.5,128,2498605289649.8096,2227500063693.0684,3351499250699.3779,2544312145126.1631,130444432.95333356,173092188.22641668,35186343.839363553,39754877.267596371,0.26974201230919109,0.22967458944822058,-14.853979370126197,32.694193464231887,12.983825341699538
flow03,483,3,190.5,128,3132006576162.8115,2762611491321.7002,3826994600161.0381,2979859930325.5557,163489653.81640908,214690689.06462622,40178420.999066025,46560311.411336891,0.24575512921560427,0.216871591470468,-11.752974530918685,31.317599648056877,15.88387560680699
flow03,484,3,177.79999999999998,128,2630110107660.6113,2344605396971.8887,3436557925056.5347,2682010126063.437,147181043.39456603,182154445.85649404,38656444.601310857,41906408.219741277,0.26264553987214134,0.23005976067559847,-12.406751400540053,23.762165055570765,8.4073009092000479
flow03,485,3,190.5,128,2310446885375.7598,1974264629144.2156,3849739856848.6909,2878073779515.8208,120608708.92110215,153433855.20667577,40417216.344868153,44969902.804934785,0.33511026447773046,0.29308983173472514,-12.539285482196194,27.216232210102369,11.264225673584011
flow03,486,3,177.79999999999998,128,2852966761829.043,2589520260501.9048,3626291141041.3516,2830590873458.4639,159589772.41416162,201244457.10997182,40790676.502152443,44227982.397788577,0.25559705916676134,0.21977242520334264,-14.016058745044219,26.101099127899914,8.4266949959870221
flow03,487,3,177.79999999999998,128,2774590035754.6841,2473298256504.0391,3663568385037.4302,2830785854362.9707,155243044.30816185,192227165.33005324,41209993.082535781,44231028.974421501,0.26545468279231094,0.23009770184394598,-13.319403740196172,23.823367537470379,7.3308332904476829
flow03,488,3,215.90000000000001,128,2424921545258.2373,2038678274541.3254,4636455501031.9902,3150225374169.6875,111701627.62474164,158435795.55637205,42950027.800203711,49222271.471401453,0.3845067320280513,0.31067645602781718,-19.201296063354206,41.838394771321035,14.603584659770567
flow03,489,3,139.69999999999999,128,3131093715723.2075,3032373430835.2969,3565129216255.5859,3346343543000.4985,222940864.16613206,235618168.47967851,51039788.350115761,52286617.859382883,0.2289386853371202,0.22191250444208624,-3.0690229939460254,5.6863977633546439,2.4428579145240397
flow03,490,3,177.79999999999998,128,3005945857265.6494,2734469985246.8369,3912600056245.646,3078344771881.6748,168150271.21334124,212525688.14207366,44011249.226610199,48099137.060651258,0.26173760475694252,0.22632152132356315,-13.531140649914567,26.390333246879489,9.2882794873484968
flow03,491,3,152.39999999999998,128,2495463390770.251,2326804628013.1035,3380064034410.2261,2937974933635.6182,162887250.08178398,180808840.9076865,44357795.727168329,45905858.338056616,0.27232208601285091,0.25389166872373375,-6.7678745998763459,11.002451583475244,3.4899448575171821
flow03,492,3,165.09999999999999,128,1566175505145.0198,1337824170955.2463,3278229370341.5269,2673233679862.2119,94348703.943542436,103939415.06793928,39712045.673428558,41769276.24784714,0.42090716685617591,0.40186175976211663,-4.524847423319617,10.165175273775732,5.1803691790047495
flow03,493,3,165.09999999999999,128,1695029155060.1521,1505977672400.0515,3184347053404.2241,2501097331391.6284,102113080.97707343,117030944.79625995,38574767.454927012,39079645.802994266,0.37776519017762156,0.33392574819444815,-11.604944850148986,14.609160429245987,1.3088305682132313
flow03,494,3,190.5,128,2073808853007.0034,1816082215615.9939,3789478313185.686,2794472598290.8008,108327281.04947107,141125815.97499698,39784549.219797231,43663634.348293841,0.36726251073936178,0.3093950886776779,-15.756419555371155,30.277262207428095,9.7502301887747258
flow03,495,3,139.69999999999999,128,2395246943206.2705,2301181530036.625,2831487063535.8218,2624781680193.1748,170498509.81859037,178836224.91293275,40536679.506597303,41012213.753018431,0.23775386394712858,0.22932833531341548,-3.5438030296688496,4.8901982212124144,1.1730961988234281
flow03,496,3,203.19999999999999,128,3186665863593.4819,2593873096581.6484,4082528796460.8179,2907041983088.8403,156008339.24498951,201556705.4077611,40182370.04390569,45422530.985763215,0.25756552655050596,0.22535857040266041,-12.504373772058388,29.196109889513131,13.040945409969115
flow03,497,3,177.79999999999998,128,2883564588101.7227,2624707857773.7593,3725108182726.7607,2934242146670.041,161319355.53066427,203936916.39268997,41902229.277016439,45847533.541719474,0.2597470659312886,0.22481233095354802,-13.449520537406928,26.418132357294709,9.4154996828940849
flow03,498,3,228.59999999999999,128,2553871932081.3384,2153077335437.3298,4236194095839.2769,2766640023196.6006,111142826.04910712,167334958.61474007,37062065.580396131,43228750.362446964,0.33346340828170684,0.25833663641064813,-22.529240092091992,50.558488175210826,16.638804895193651
flow03,499,3,177.79999999999998,128,2506793779428.1431,2238863992635.6523,3518932106716.9878,2775351922731.9023,140238522.5062564,173966257.68376791,39583038.320776023,43364873.792686053,0.28225510090503214,0.24927175171816238,-11.685652121471271,24.050264203266142,9.5541818727064474
flow05,0,5,177.79999999999998,128,3710287489971.2812,3277119524535.3682,3758964981434.4106,2950447017760.248,207515868.31404987,254654892.64268893,42283070.657304965,46100734.65250396,0.20375825232465938,0.18103219684527627,-11.153440520864118,22.715864917520388,9.0288239142807907
flow05,1,5,190.5,128,2672226042950.4028,2338617042294.5933,3794663860140.4209,2659794838879.0347,139540112.1388576,181698589.38509187,39838990.657642223,41559294.357484989,0.28550206852348009,0.22872656578199541,-19.886196634269005,30.212443289626993,4.3181407747657481
flow05,2,5,165.09999999999999,128,3190705110728.9399,3008191094262.3589,3686167755885.1323,2977827686486.355,192235839.36801159,233757290.33462247,44653758.399577625,46528557.601349384,0.23228633404873875,0.19904644486058154,-14.309877214379194,21.599224735156291,4.1985249819184132
flow05,3,5,190.5,128,2909768637320.1118,2596512423630.9819,3716916247442.0723,2652509061123.0337,151894181.52290383,201793065.3108151,39022742.755297355,41445454.080047473,0.25690742307606557,0.20538591857064281,-20.054502080373201,32.851083094573383,6.2084598715738242
flow05,4,5,139.69999999999999,128,3322543699878.7266,3235013067666.5762,3577903317112.2056,3332117717913.3438,236510959.54947335,251415397.55550134,51222667.388864793,52064339.342396088,0.21657629518073152,0.20708492736966358,-4.3824592174999806,6.3017959228693954,1.6431630690795784
flow05,5,5,190.5,128,4841296111540.0322,4437735270109.4219,4590377384211.1123,3591714686771.0566,252718357.72278619,344887316.94224614,48192938.416914575,56120541.980797864,0.1906982098616625,0.16272138528711294,-14.670732669616921,36.471018587641602,16.449720279145481
flow05,6,5,177.79999999999998,128,4642708019310.623,4355942015121.147,4268146836841.3589,3437595032124.1938,259651539.23855141,338495617.62006092,48010650.5831424,53712422.376940623,0.18490416318708303,0.15867981616597851,-14.182669859396919,30.365342186195381,11.876056092854199
flow05,7,5,177.79999999999998,128,4027722651853.0703,3551735889045.3345,4215139632074.0796,3432119724109.5991,225345378.77665254,275973102.97956443,47414394.061575703,53626870.689212583,0.21040766098234354,0.19431919310333517,-7.6463317941443361,22.466723958466766,13.102511907183537
flow05,8,5,165.09999999999999,128,4048560863753.6436,3708197630028.9624,4191780986682.2954,3617114809019.4634,243891229.99107045,288160090.90033537,50778691.540669851,56517418.890929215,0.20820220367304312,0.19613201368150818,-5.7973401715237118,18.151067142055798,11.301447863545443
flow05,9,5,152.39999999999998,128,3750180929391.7231,3505899916782.5713,3348203627206.8862,2866925333394.4678,244818733.63864967,272376433.74643934,43939680.14707201,44795708.334288642,0.17947842264361435,0.16446249669305041,-8.3664240689147817,11.256369027896612,1.9481893913460242
flow05,10,5,165.09999999999999,128,2682834077544.9502,2459924126106.1572,3249290692177.5073,2624188265245.4995,161624322.63916069,191138337.81100279,39361486.277135164,41002941.644461006,0.24353689862022099,0.21451971443324275,-11.914902567692028,18.260874780421826,4.1702067746343037
flow05,11,5,177.79999999999998,128,3386397150563.9238,3133885466774.312,3406019006877.1885,2566965667410.2246,189428898.2939249,243549776.00506908,38312924.711779401,40108838.553284831,0.20225490966183865,0.16468435820877139,-18.575841504111608,28.570549793922268,4.687488243238378
flow05,12,5,165.09999999999999,128,2698792896267.4033,2503137716784.1406,3284788976826.1533,2657995847611.4941,162585743.73028457,194521191.99319872,39791507.896137543,41531185.118929669,0.2447416789638589,0.21350468138392742,-12.76325214086002,19.642219256254254,4.371981145657946
flow05,13,5,165.09999999999999,128,3569608191891.8667,3353686258912.0776,3423030541953.7852,2798604480422.8486,215051338.33480582,260651784.0142127,41466148.297441378,43728195.006607093,0.19281976396205541,0.16776480227053694,-12.993980065471392,21.204446358019482,5.4551647597934521
flow05,14,5,127,128,3904858766162.2305,3909899612928.5928,3049206228562.0581,3066226272297.02,305891701.12418932,303818442.58129889,48018995.725386746,47909785.504641026,0.15698038079788068,0.15769215686049351,0.45341720984182904,-0.67777534835726216,-0.22743128858895018
flow05,15,5,165.09999999999999,128,3179867412638.085,2986835317157.5591,3410019821875.7485,2798308079214.834,191586718.77750623,232091803.91870141,41308538.12084493,43723563.737731859,0.21561274385004434,0.18838909000443474,-12.626180326587408,21.14190659960861,5.8463110212759366
flow05,16,5,152.39999999999998,128,2963014537618.6401,2765399519507.7549,3136110791973.353,2672221279076.7529,193468840.49376759,214840761.76011622,41156309.605949521,41753457.485574342,0.21272836236011519,0.1943460688907574,-8.6412048047638823,11.046699412579105,1.4509266874076048
flow05,17,5,165.09999999999999,128,2661822409400.062,2420397085308.6436,3767470981599.1055,3091621141030.8281,160368131.96389487,188047624.4494026,45638655.1374816,48306580.328606777,0.28458681022584115,0.25688482090665538,-9.7341086528929957,17.259970635399966,5.8457576873997175
flow05,18,5,114.3,128,3582561941476.4927,3782028668546.4844,2753488307317.8486,3068059545949.6089,311749325.10082,293897422.31929457,48180022.875202954,47938430.405462727,0.15454732054230266,0.16311279638710713,5.5422998048419254,-5.7263645320650207,-0.5014370175082844
flow05,19,5,203.19999999999999,128,5055416810714.0928,4579561274738.6953,4393971219658.3408,3057266550181.3057,247435644.28882214,355891216.9792456,43247748.224983677,47769789.846582986,0.17478382449418742,0.13422581836114478,-23.204667966509355,43.831830697693434,10.456131954141796
flow05,20,5,190.5,128,4727368071058.2275,4348158367064.8315,4179779558018.6846,3055765750418.6621,246814074.09960079,337882031.42065597,43882200.084185675,47746339.850291684,0.17779456153086795,0.14131068068206476,-20.520245689556152,36.897392360333988,8.8057111053977746
flow05,21,5,177.79999999999998,128,3329251917339.4741,3019222114163.7705,3532992708023.7764,2742460385376.4834,186280786.8431195,234650841.01109761,39741200.31522809,42850943.521507628,0.2133403073323768,0.18261576790803419,-14.401657056054976,25.966206707465766,7.8249856109352161
flow05,22,5,177.79999999999998,128,3031361614701.9668,2719217557109.0435,3659088155509.1289,2837811768019.9023,169594082.01817313,211274759.84388095,41159596.799877726,44340808.875311054,0.24269477041933105,0.20987272170171289,-13.524003282356603,24.576728933997511,7.7289680239112046
flow05,23,5,177.79999999999998,128,3820901669947.5693,3501479345861.0112,3717045508704.0894,2930939807304.4429,213821753.35896775,272047045.92409134,41811535.530979641,45795934.489132002,0.19554388117277147,0.16833828992177455,-13.912780644340184,27.230761908202076,9.529425091791186
flow05,24,5,203.19999999999999,128,3541074962094.3335,2994915096662.0493,3696463218207.4565,2571579717358.229,173347722.09978244,232713632.07443634,36382511.990230873,40180933.083722398,0.20988168491356562,0.17266256697360138,-17.733380573579812,34.246720554240504,10.440238690806849
flow05,25,5,203.19999999999999,128,3393038794877.1182,2952765039745.0415,3979619116748.0864,2701513423278.8491,166084631.30373427,229485865.45983347,39169479.495552041,42211147.238732092,0.23584048197644009,0.18393789593163523,-22.00749659678435,38.174052384263973,7.7654025081580507
flow05,26,5,203.19999999999999,128,3397412652341.0776,2958503592084.8066,3926741077848.6548,2665616370104.7212,166263559.94648999,229919981.05919838,38649026.3567781,41650255.782886341,0.23245638653001802,0.18115109261496717,-22.070933253720515,38.286453828605303,7.7653429051567775
flow05,27,5,165.09999999999999,128,3755100653173.4858,3518639766635.9146,3273244977600.1333,2660216454318.4883,226212757.53617582,273373263.18285048,39651665.385828391,41565882.098726451,0.17528483281712048,0.15204808844427622,-13.256563046209365,20.847854099976118,4.8275821312216731
flow05,28,5,177.79999999999998,128,3467364740068.2275,3162530381746.9702,3282984015630.2012,2475849850003.2061,193929232.36855361,245769565.85387936,36928954.056582697,38685153.906300165,0.19042489678090879,0.15740416748467612,-17.340552550869599,26.731572570145374,4.7556176300758786
flow05,29,5,165.09999999999999,128,2655508973608.9062,2466105980013.5938,3537113527395.7734,2870624686240.5137,159974949.13168532,191643420.81429625,42848134.795830093,44853510.72250811,0.26784277806245232,0.23404670263098393,-12.617878173137914,19.795894203749764,4.680194216699431
flow05,30,5,190.5,128,3638614165218.085,3293877300483.0444,3839160094350.6655,2713019148146.4424,189934393.74313226,255983534.56948447,40306142.722841635,42390924.189788237,0.21221086886112769,0.16560019870450532,-21.964318042128525,34.774713270560795,5.1723666074480219
flow05,31,5,215.90000000000001,128,3469923233616.417,3093859862516.7329,4111120781183.8325,2703648383488.7275,159855736.04136726,240445398.84245789,38083564.43894241,42244505.992011443,0.23823708414871766,0.17569271940899334,-26.252992880269428,50.413995016253743,10.925819613707837
flow05,32,5,190.5,128,3478633667066.8208,3154643737962.3994,3930168737013.8477,2946474919159.9844,181605523.7189059,245169337.16681197,41261614.036890797,46038670.611874841,0.22720462016759291,0.18778315079650587,-17.350646013275867,35.001035291355961,11.577483543695159
flow05,33,5,190.5,128,2430529056928.1353,2078636920336.5034,3869840174457.793,2864200697915.9175,126914609.36453691,161511975.77569327,40628243.301394157,44753135.904936291,0.32012266755435248,0.27708865358126222,-13.442976188427414,27.260349761454428,10.15277124571268
flow05,34,5,165.09999999999999,128,3075952204330.9644,2886817037834.7534,3197123059969.0601,2658475710000.2822,185318414.66086423,224354658.87027586,38729534.342447735,41538682.968754485,0.20898913048292272,0.18514740535329188,-11.408117290376993,21.064417306207044,7.2532465830034809
flow05,35,5,152.39999999999998,128,2171862705180.8115,2015496873395.3696,3212728448551.9663,2771101163344.0356,141786283.05735943,156593804.02303177,42161790.66341164,43298455.677250639,0.29736156244645434,0.27650171695734727,-7.014977093034104,10.443549718897691,2.6959600053832782
flow05,36,5,139.69999999999999,128,2448276806686.5767,2355934957027.7573,2745766584685.5483,2548217733464.4478,174380552.97503725,183044102.83222717,39309471.505877569,39815902.085382067,0.22542348235072268,0.21752081312270491,-3.5056992047183844,4.9681857921566053,1.2883169376336581
flow05,37,5,203.19999999999999,128,2299799414077.0913,1930742416180.3411,3695352058481.0845,2416964378855.4658,112597698.45066844,150004942.16018894,36371575.378750838,37765068.419616722,0.32302236972175802,0.25175882791440124,-22.061488146700523,33.22203226552579,3.8312694084732875
flow05,38,5,152.39999999999998,128,1692358796305.0549,1516041259057.6223,2847566087723.9404,2387491405824.3823,110465924.48577733,117822125.56298696,37369633.69716458,37304553.216006041,0.33829105102882639,0.31661755411179765,-6.4067603476693531,6.6592490955495904,-0.17415338262595181
flow05,39,5,127,128,2000498079399.8936,2007171766683.8064,2464059206232.144,2482558956760.8267,156654263.7759403,155971152.99991086,38804081.987907782,38789983.69938799,0.24770523988679008,0.24869973038802989,0.40148141464198783,-0.4360626768553702,-0.036331972817152586
flow05,40,5,139.69999999999999,128,1974701105444.0984,1917967532581.6628,2535442269744.9375,2313792735464.5938,140639740.93356952,149020121.16506132,36298386.109447926,36153011.491634347,0.25809480214126168,0.24260489931819113,-6.001633002509112,5.9587568747373014,-0.40049884690531984
flow05,41,5,165.09999999999999,128,1711353759292.0071,1536752969769.0483,2980738471295.3145,2351929742199.0483,103104776.83930261,119416353.17386083,36108279.482680984,36748902.2218602,0.35020956923226504,0.30773760247356308,-12.12758601993934,15.820388574218214,1.7741713212519179
flow05,42,5,165.09999999999999,128,2450265391605.4131,2262521299679.7324,3330370382351.5317,2643249536786.7373,147628264.19932601,175809040.0333423,40343675.134482525,41300774.012292847,0.27327880167994761,0.23491837509868735,-14.037102894715686,19.089011163856082,2.3723641304861456
flow05,43,5,203.19999999999999,128,3048359307912.4966,2647497412078.4512,4163793793740.4365,2924120974903.499,149183913.39751846,205734205.95087609,40982222.379335009,45689390.232867256,0.27470939356667068,0.22207969754809115,-19.158316843579851,37.906427888556983,11.485877486004279
flow05,44,5,152.39999999999998,128,2995059366181.2163,2840998429402.998,3354514495458.4746,2946117317612.1562,195429712.12279129,220805183.26293489,44022499.940399937,46033083.087690026,0.22526001528743986,0.20847827214669057,-7.4499431775919849,12.984448917470559,4.5671716736035561
flow05,45,5,177.79999999999998,128,2883721196054.7891,2627658293947.6377,3559334989705.0962,2709374144649.7583,161301122.37437701,204213627.82604545,40037513.944939218,42333971.010152549,0.24821596623495815,0.20730237967376858,-16.48305996660234,26.603972012091326,5.7357633852378704
flow05,52,5,177.79999999999998,128,3193896295419.5752,2881464328570.6079,3300473185871.6841,2550721452400.4956,178680683.67008471,223898176.72693101,37125682.630727611,39855022.693757817,0.20777669901507831,0.17800512392008219,-14.328639946693734,25.306312986990626,7.351622568607608
flow05,53,5,190.5,128,3430750381376.0811,3094232450038.6343,3490912355316.7041,2443562680032.2661,179108837.22084731,240474355.21388012,36649998.481015272,38180666.875504225,0.20462417739792801,0.15877230169323456,-22.407848519056646,34.261580246521859,4.1764487255895535
flow05,54,5,165.09999999999999,128,2528612010920.7856,2336211607316.8169,2973227051145.7837,2350413383500.4702,152342539.16444793,181539828.37602389,36017287.112607926,36725209.117194913,0.23642304578978196,0.20229835758754766,-14.433740200004285,19.165552426600033,1.965506181444681
flow05,55,5,190.5,128,3059247529297.6914,2715117485134.9512,3373592078342.0522,2453572182906.1611,159713825.49944666,211010690.73191538,35418289.536399506,38337065.357908837,0.2217609491579188,0.18168304755049244,-18.072569476101211,32.117986700310084,8.2408717634703805
flow05,56,5,190.5,128,2493911452288.2607,2190329353469.6216,3633057089305.1616,2663503758968.0293,130181310.30967246,170225749.83824036,38142331.646248423,41617246.233875535,0.29299391406889574,0.24448267241250496,-16.557081675417891,30.760513497145681,9.1103884782274349
flow05,57,5,190.5,128,2035419970140.9041,1689898368663.0906,3357723584555.4878,2321272794861.6279,106322003.03294544,131296464.63577443,35251691.176435575,36269887.419713005,0.33155593546814877,0.27624420444471376,-16.682473485306851,23.489457393960393,2.8883614070636594
flow05,58,5,165.09999999999999,128,1756228054141.3149,1586567663327.0552,2887652496455.3252,2295074264092.2173,105806221.89405958,123303223.65955482,34980648.049125686,35860535.376440957,0.33061050118726193,0.29083209921139891,-12.031802327214052,16.536836352605459,2.5153545642710382
flow05,59,5,165.09999999999999,128,2104448440354.551,1861887592701.8052,3217431389838.9116,2520266200761.7119,126790285.62618797,144681566.07728747,38975546.818157628,39379159.386901818,0.30740168007088553,0.27217813889204007,-11.458473867391701,14.110923690043439,1.0355533191805231
flow05,60,5,152.39999999999998,128,1876061287047.8828,1704887277451.0845,2756236060594.2476,2373416844713.1255,122424927.88312277,132488397.74181035,36171076.910685673,37084638.198642656,0.29545516208282069,0.27990857185028495,-5.2619118660643966,8.2201149983890716,2.525667925820307
flow05,61,5,165.09999999999999,128,2963752843145.1812,2689605928177.1187,3304890545871.8398,2693565124584.8213,178572988.08495203,208995617.57396066,40035015.698023506,42086955.071637906,0.22419412995977733,0.20137721336067688,-10.177303305485312,17.036523729185603,5.1253617310700914
flow05,62,5,152.39999999999998,128,2926381143674.0356,2758127734165.0776,3325847471947.0049,2949851406385.4165,191022983.25366446,214286891.80214328,43646292.282769099,46091428.224772215,0.22848712515818076,0.21509214976774987,-5.8624639708506967,12.178591367503696,5.6021618655759653
flow05,63,5,152.39999999999998,128,3052464743465.7305,2837155257577.335,3003909096644.3223,2573412806101.8701,199261885.69343597,220449539.19106242,39421379.221054107,40209575.095341794,0.19783702780823736,0.18239809093223994,-7.8038661655199988,10.633068850017619,1.9994122221546446
flow05,64,5,165.09999999999999,128,2952563701981.1289,2738578426008.9087,3195234129361.083,2531347326663.1304,177877442.4240914,212790029.88640386,38706652.081902891,39552301.979111485,0.21760292679281593,0.18587478934152199,-14.580749403937443,19.627327100349607,2.1847663172190841
flow05,65,5,114.3,128,3072891283137.2896,3192814529752.6938,2543494996271.166,2827154165938.1855,267305749.4139809,248110218.74102807,44505599.234841056,44174283.842784226,0.16649697708489797,0.17804298455313669,6.9346649232864657,-7.1811140295468885,-0.74443530196861418
flow05,66,5,152.39999999999998,128,3227969044932.0449,3108978018419.6396,2925860252919.4185,2535177989737.626,210700346.48587301,241614094.71360114,38397116.180044867,39612156.089650474,0.18223565751288079,0.16394803513679532,-10.035150434153023,14.671901941936685,3.1644040763589127
flow05,67,5,190.5,128,2668195519203.3853,2291928196145.0513,3922163938170.8433,2901947177414.5908,139312717.55866563,178098700.5095031,41177574.154024608,45342924.647103064,0.29557656239592356,0.25459435985431927,-13.865173276732543,27.840949218799349,10.115580090993152
flow05,68,5,165.09999999999999,128,2495738624968.8516,2273659345162.374,3492914660161.0503,2889633146812.5386,150365011.10704249,176679084.21206015,42312715.447135687,45150517.918945998,0.28140000878937144,0.25555100718517315,-9.185856715287569,17.500130456735764,6.7067368327040633
flow05,69,5,152.39999999999998,128,2675926914545.6592,2546109470625.9331,3038322666457.0713,2618001189253.2388,174697029.90200716,197824799.09942466,39873000.87214005,40906268.582081929,0.22824086302157523,0.20678028623460332,-9.4026006136084757,13.238787866279445,2.5913969035218534
flow05,70,5,190.5,128,3437751798605.0596,3036133131564.6572,3752616178032.146,2769988891495.6997,179449448.0753167,235946862.65338987,39397545.176190518,43281076.429620385,0.21954676149048383,0.18343569371041418,-16.448007492761338,31.483749425833089,9.8572924685085148
flow05,71,5,190.5,128,3924932520898.5269,3588433863623.1294,4109059445029.3628,2995794886690.5098,204919221.75040853,278896598.00013632,43139731.706345022,46809295.104539298,0.2105206692561481,0.1678374545985549,-20.275070760704732,36.100750148188723,8.5062267497935178
flow05,72,5,190.5,128,2981707257329.2261,2575257591195.2529,3731016842946.4561,2700886390705.3052,155695407.43595088,200105020.75409481,39170780.503374875,42201349.854770467,0.25158597256305543,0.21089600698540636,-16.173384057591235,28.523393239079915,7.7368112466752725
flow05,73,5,165.09999999999999,128,3029492022192.5449,2801160273655.7524,3581126482437.0645,2954570513441.458,182501031.94833317,217675183.36846182,43381302.028310902,46165164.272522867,0.23770442043633119,0.21208280869748231,-10.778769570972955,19.273398645815107,6.4171938463147074
flow05,74,5,165.09999999999999,128,2559217311816.1509,2318951108821.022,3784862502036.5044,3156663047460.2632,154204959.81361899,180189260.03553301,45849333.76179897,49322860.116566703,0.29732723134985489,0.27372807961384782,-7.9370973283771473,16.850495764416493,7.5759581869035282
flow05,75,5,215.90000000000001,128,2647850369958.0044,2163787204657.5457,4047434756283.5176,2582273250658.8813,122002380.22714858,168136914.92810303,37493605.894242875,40348019.541545093,0.30731864267267478,0.23997121369092739,-21.914527669406368,37.814454615606238,7.6130678264277369
flow05,76,5,152.39999999999998,128,2890386622875.0176,2734437303774.6465,3599489071075.4541,3188269781592.8652,188693868.5758428,212457286.89591962,47237389.384192318,49816715.337388612,0.25033876161803281,0.23447873247949949,-6.335426857600492,12.593635659404301,5.4603482258895726
flow05,77,5,190.5,128,2473239081446.1738,2124971022110.1897,4021060890034.4233,2981288196293.5693,129104459.73941144,165146298.68345779,42215862.362566128,46582628.067087106,0.32698996183227108,0.28206885917784813,-13.737761979820393,27.916803971601251,10.343897909789234
flow05,78,5,165.09999999999999,128,3330405367408.2544,3077605139408.7959,3439825880024.3423,2752065978778.7661,200632509.44882455,239151242.57906094,41669604.845843039,43001030.918418296,0.2076911910254092,0.17980684714277659,-13.42586738752016,19.198649927698472,3.1951972606912764
flow05,79,5,203.19999999999999,128,3913058596878.2295,3423145667846.8843,4002268239559.0405,2844027117189.9873,191523312.77739167,266036492.27076924,39392403.932667725,44437923.706093632,0.20567942023044306,0.16703694792692261,-18.787719383993519,38.905540225269881,12.808357118925937
flow05,80,5,190.5,128,2985123055140.9766,2520242824400.3809,4096798236628.8193,2987189814204.6343,155846720.95231935,195860564.10443118,43011005.108963989,46674840.846947499,0.2759827402600471,0.23830647614218486,-13.651674043949797,25.675126757626099,8.5183680983542605
flow05,81,5,228.59999999999999,128,2503696335006.4214,1982700983853.4634,4663928567857.4834,3071776170663.2573,108935580.64925279,154069603.62769896,40804274.434448682,47996502.666613482,0.37457251516223106,0.31152480136571581,-16.831911377482854,41.431846885515959,17.626163758208673
flow05,82,5,177.79999999999998,128,2934595771629.8511,2613709517394.2168,3422560821848,2623996224434.1992,164137640.01796764,203129571.24598324,38498996.871181108,40999941.006784439,0.23455312789294852,0.20184132106070787,-13.946438116643032,23.75563047193031,6.4961280523011329
flow05,83,5,190.5,128,1853523441829.4631,1617932951736.9028,3575907555834.6377,2576281624185.418,96773427.45869641,125721353.04248464,37542336.544195674,40254400.377897225,0.38794054866165623,0.32018745745039967,-17.464812957809077,29.913093236408738,7.224014494965834
flow05,84,5,177.79999999999998,128,2366913367658.4888,2075330717348.2112,3210977712617.772,2379145709806.1855,132390983.32922608,161280072.54878557,36118984.3939007,37174151.715721719,0.27282057648957142,0.2304943886013997,-15.514294571468893,21.821039842055509,2.9213648709325333
flow05,85,5,177.79999999999998,128,2443340160667.0664,1982889410719.6921,2922782299905.5259,2191631545114.8843,136698879.9139564,154068328.31783623,32877191.225034043,34244242.892420128,0.24050812446838063,0.22226659603767332,-7.5845788873155113,12.706357517203381,4.1580549202912307
flow05,86,5,203.19999999999999,128,3972195121940.6035,3583588449640.8516,3649137416382.3335,2560632763569.7334,194427218.7796101,278484037.11992437,35916706.854156829,40009886.930777155,0.18473085753939444,0.14367030636498415,-22.227229235729606,43.233050839242601,11.396312287875023
flow05,87,5,190.5,128,3091096355662.5664,2625337678017.3188,3622794981720.8369,2636792315973.5513,161359753.80648217,204006927.28505063,38034592.983945802,41199879.937086813,0.23571300827318115,0.20195333798405721,-14.322361984366152,26.429870195336925,8.3221265295965221
flow05,88,5,139.69999999999999,128,2445132275120.1431,2356287768449.7017,2765422147759.0718,2551000570141.7095,174131846.46010533,183099885.19412148,39590868.257109113,39859383.908464283,0.22736144514598955,0.21769202021184003,-4.2528868199006853,5.1501427891139846,0.67822622532900334
flow05,89,5,190.5,128,3257291603506.2656,2945958948104.8032,3513262676020.5415,2503408907383.9351,170047190.84888959,228939160.83080244,36884647.517276034,39115764.177874058,0.21690830253146101,0.17085658930488776,-21.230959206779914,34.632721474503214,6.0489032992738077
flow05,90,5,203.19999999999999,128,2574987051362.9121,2108923119092.1516,3682240486370.8525,2415873438081.4463,126054416.96896367,163882170.89030036,36242524.472154066,37748022.470022663,0.28751491096958132,0.23033635852487258,-19.887160722164477,30.009066584830908,4.1539545597197707
flow05,91,5,177.79999999999998,128,2858930453970.8057,2585767554411.7598,3418826896185.3125,2693685717950.7095,159899586.54385152,200958006.68510723,38456995.457652569,42088839.342979915,0.24050716008015419,0.20944096747999377,-12.916951241620806,25.677627459027651,9.443909598519209
flow05,92,5,190.5,128,2896838160642.312,2555968211141.1582,3934542991436.5249,2796080470937.7607,151271685.62049899,198595921.38379547,41307537.967837535,43688757.358402587,0.27306853756801075,0.21998819036153375,-19.438470531690875,31.284265504927728,5.7646122420055494
flow05,93,5,190.5,128,3071361944953.5918,2722307212778.8535,3569195254415.5645,2609030194542.7124,160435369.02314219,211514816.49471155,37471866.188089922,40766096.789729953,0.23356362388323954,0.19273400069705857,-17.481156743223014,31.838021617416135,8.7912104113113809
flow05,94,5,228.59999999999999,128,2764317876000.4424,2320639446985.333,4093971441960.4785,2635328564271.9106,120299554.91323708,180357713.78465053,35817772.895542249,41177008.816748679,0.29773819962488546,0.22830744498078173,-23.319397622333369,49.923841293285612,14.962504611428312
flow05,95,5,190.5,128,2606095815905.042,2268740986911.6855,3555867914709.8901,2570138257093.3022,136086879.08545566,176278681.68037418,37331946.611127459,40158410.267082922,0.27432436442079688,0.22781206374062599,-16.955220429791595,29.533929255354668,7.571166018738988
flow05,96,5,152.39999999999998,128,2699252492309.4722,2566325533376.6162,3132908222947.2832,2705350157154.4209,176166314.65488061,199447031.81558102,41114281.141040467,42271096.2055379,0.23338332996058628,0.21194146546449449,-9.187401902146517,13.215192249612873,2.8136575233531089
flow05,97,5,152.39999999999998,128,2773855927792.6025,2640557968588.0166,2886088896116.0166,2501395870279.6475,181074577.19112378,205173751.35810632,37875182.363727257,39084310.473119564,0.2091689675671593,0.19049371673719881,-8.928308557035022,13.308977185431123,3.1924020794954098
flow05,98,5,165.09999999999999,128,3504271354336.1289,3270836465424.9209,3405234679512.6045,2856054060044.5435,211119342.74115109,254179785.55597928,41250571.526500367,44625844.68819607,0.19538982544615444,0.17556803185817427,-10.144741949955147,20.396256570210941,8.182367023757104
flow05,99,5,165.09999999999999,128,3536568676896.6025,3105574604193.9038,3581226677920.9146,2961812197023.6182,213073670.07993999,241355833.01209491,43382515.783415087,46278315.578494117,0.20360336294549691,0.19174309980805396,-5.8251803731836489,13.273419902864653,6.6750388786490786
flow05,100,5,165.09999999999999,128,2848330890053.1108,2637651920509.3833,3407616298155.6748,2872863053018.917,171604800.69586149,204990302.15238899,41279422.146040887,44888485.203420661,0.24054934348370127,0.21897857963080974,-8.9672927560299414,19.454876157979562,8.7430077015405132
flow05,101,5,165.09999999999999,128,2508285095465.833,2193884817976.71,3460081296677.0581,2908669287923.8774,151111841.33048791,170462439.60971662,41914976.337699078,45447957.623810671,0.27737717950262597,0.26661567045424395,-3.8797384369106478,12.805481098538236,8.428923489416281
flow05,102,5,165.09999999999999,128,3004292519671.6392,2781206560732.3682,3533731846038.6733,3066927420029.3018,181008347.6449669,216130184.02679384,42807169.546198353,47920740.937957928,0.23649279220072836,0.22172164963324675,-6.2459166006819684,19.403434614361295,11.945595669998472
flow05,103,5,177.79999999999998,128,3591048172296.2612,3309070656647.3081,3311038476842.5547,2608820287104.4448,200872969.47392043,257157642.92982814,37244527.298566423,40762816.986007027,0.18541333558272469,0.1585129515171757,-14.50833295296983,28.020033558181257,9.4464608430566024
flow05,104,5,165.09999999999999,128,3114474257076.2856,2847699741142.2734,3542782799733.4917,2926597323632.0537,187627999.95357668,221286000.22973382,42916811.626087129,45728083.181750923,0.22873351331733907,0.20664697782181035,-9.6560120006928862,17.938687341167029,6.5505135380442701
flow05,105,5,215.90000000000001,128,4341596535149.2734,3797310557447.9702,4154562826184.9673,2770481124614.5049,200046509.22454751,295046857.64464128,38485991.90537256,43288767.57210172,0.19238522108962641,0.14671828033579445,-23.737239531802249,47.489130796807913,12.479282536196507
flow05,106,5,190.5,128,3069681013612.8633,2769935237738.9243,4112674230940.8872,3060512149070.0854,160344780.09740266,215204250.78064185,43177682.2146025,47820502.329220176,0.26928024840206138,0.2222098409104554,-17.480081725610013,34.213443462215849,10.752823858265126
flow05,107,5,165.09999999999999,128,3089167403622.3467,2897949563538.4526,3495715354873.5518,2812592748443.6929,186095964.2383239,225190759.58678764,42346642.699861325,43946761.69443278,0.22755271922839806,0.19515348576057301,-14.238121863666004,21.007868444904574,3.7786206710944166
flow05,108,5,177.79999999999998,128,3283349569013.1958,3005525823247.1167,3864789310596.1304,3072586661893.0659,183729509.16722429,233550180.31035614,43473445.563511036,48009166.592079245,0.23661656617143084,0.20556253276397241,-13.124200857922816,27.116314286665183,10.433313876494795
flow05,109,5,127,128,3438081110876.7139,3445708297266.3945,2891500167621.6543,2910915571297.189,269227984.15678763,267727748.3861542,45535435.710577235,45483055.801518664,0.16913336796393058,0.1698854753595308,0.44468303602906772,-0.55723619345593423,-0.11503109224977449
flow05,110,5,190.5,128,3616370265556.812,3305819462646.7397,4132313150134.604,3188965643828.8809,188796199.56984338,256911619.19504607,43383865.093276687,49827588.184826352,0.22979204662023525,0.1939483638028745,-15.598313059371305,36.078808673266764,14.852810088947713
flow05,111,5,114.3,128,2241358948894.0356,2410935174700.834,2502969808624.8774,2736296257974.812,195039793.04218927,187365724.74855426,43796497.088799261,42754629.030856512,0.22455159742363751,0.22818810157638725,1.6194514732794967,-3.9346167127930785,-2.3788844478368127
flow05,112,5,203.19999999999999,128,3330199128637.2046,2922161773928.373,3586717304419.9751,2544695670836.0371,162990152.57140666,227095678.20401883,35302335.673424959,39760869.856813155,0.21659183157067638,0.17508422076219643,-19.163977933736408,39.330919458172339,12.629572798336145
flow05,113,5,165.09999999999999,128,2927519113223.0669,2706920023146.1479,3199520165166.8545,2633886602562.8315,176372160.87191391,210373608.8649331,38758572.564104848,41154478.165044315,0.21975448036979225,0.19562566990742108,-10.97989466324799,19.278239731786208,6.181614653059663
flow05,114,5,165.09999999999999,128,2850340838473.916,2666491833023.0522,3411067269117.2275,2780040803476.5464,171719017.62677732,207199538.62396318,41321226.760959759,43438137.554321118,0.24063279264018023,0.20964398783317262,-12.878047279842431,20.661963647090616,5.1230589198320047
flow05,115,5,190.5,128,3094844425852.0747,2721850951223.7964,3744778695833.228,2770767211431.7959,161661997.65110871,211506677.30728233,39315261.898511589,43293237.678621888,0.243194210573594,0.20468969693909173,-15.832824944181912,30.83265107471086,10.11814646021956
flow05,116,5,165.09999999999999,128,3434836681934.52,3177338154943.8691,3012410492872.0029,2416239797458.5464,206952738.21504018,246907566.12736905,36491950.246783808,37753746.835289858,0.17632987396796751,0.15290639905224418,-13.283894775526516,19.306257195211721,3.4577395287807557
flow05,117,5,177.79999999999998,128,3295285447591.353,3027012138590.478,3498054791392.7217,2720143890917.7759,184342557.7029199,235201591.20507136,39348197.878433324,42502248.295590326,0.21345151314351143,0.18070561545875249,-15.341141040655284,27.589415127956574,8.0157430002295769
flow05,118,5,177.79999999999998,128,2487539449838.0493,2155019742775.4309,3226008082009.7544,2484373779603.8887,139140672.04498029,167472941.80803606,36288054.915745273,38818340.306310833,0.2608012048699489,0.23178872889690988,-11.124364240382393,20.362320626061617,6.9727776714416194
flow05,119,5,215.90000000000001,128,3726105377276.4805,3192306061490.0137,4221096744844.7407,2814901197201.4097,171660408.15123433,248051485.36282834,39102332.050437622,43982831.206272103,0.22778887963489008,0.17731331518510282,-22.158923881925972,44.501279027772554,12.481350599598983
flow05,120,5,152.39999999999998,128,3123194518535.5127,2874931894105.0312,2977367690156.6533,2592382878634.9854,203808301.11277467,223407897.47258124,39073066.799956091,40505982.478671722,0.19171479565170174,0.1813095371153699,-5.4274676615129991,9.6166820746724078,3.6672721034460536
flow05,121,5,203.19999999999999,128,4072537261826.0273,3482259094678.4355,3806254183453.751,2676852960955.0352,199306244.70659053,270637599.45039797,37463131.726907,41825827.5149225,0.1879676764872997,0.1545455162174843,-17.780801941270798,35.789824272098528,11.645304561877024
flow05,122,5,190.5,128,3385398355966.2925,3096784579249.5039,3434909641128.917,2507325441728.4966,176777959.47718352,240685133.60308576,36062043.476419084,39176960.027007833,0.2039962650495101,0.16277266252603129,-20.208018275959024,36.151098425904529,8.6376595730787926
flow05,123,5,190.5,128,3028002253546.2905,2681202642607.0684,3456008770767.5576,2502667232188.8008,158082606.55712494,208374932.10008699,36283556.648478299,39104175.50295008,0.22952276305848249,0.18766257106285461,-18.237926137618814,31.813952615203334,7.773821298166685
flow05,124,5,190.5,128,2988744805478.7012,2566274142589.7466,3412831454011.5669,2472423885349.1729,156016853.08806044,199443037.87959337,35830251.485685751,38631623.208580896,0.22965628889759823,0.19369752696959702,-15.657643037171482,27.834290932032797,7.8184539787958185
flow05,125,5,215.90000000000001,128,3332510047020.1309,2851175275185.3999,3710926430361.668,2428658774729.8179,153508799.92627195,221584689.24770194,34376344.8852401,37947793.355153471,0.22393729155429892,0.17125638727111209,-23.524846584300633,44.346571241600394,10.389261807315691
flow05,126,5,190.5,128,2785099212523.6279,2472915340880.7461,3717767069608.415,2795000575831.0098,145411485.242616,192147766.99290657,39031675.271479428,43671883.997359604,0.26842223092870482,0.22728280781411225,-15.326384469816713,32.14070860517797,11.888315563208202
flow05,127,5,203.19999999999999,128,3228057891606.2417,2684691936382.7437,3691170065165.3721,2567110094902.9722,158042467.53475985,208592226.33039296,36330414.027218238,40111095.232859015,0.22987754237150043,0.19229429561447958,-16.349246807364647,31.984921258278376,10.406380733256562
flow05,128,5,203.19999999999999,128,3621670746289.4443,3132961948696.1182,3966253266040.2612,2809388660288.4141,177310471.60117748,243408842.09400278,39037925.846852973,43896697.817006551,0.22016706342454809,0.18034142654544141,-18.088825939559776,37.278323099551415,12.446286181327089
flow05,129,5,165.09999999999999,128,3833580967541.791,3639796538881.4341,3494252721540.3662,2937857447919.9878,230963649.6882531,282873940.44564968,42328924.549247324,45904022.623749889,0.18327093725086813,0.162277311764495,-11.454967056580424,22.475524104101805,8.4459931656027294
flow05,130,5,215.90000000000001,128,3986130258381.8677,3518154361523.4355,4340388020590.4585,3093876032365.7529,183642478.10973024,273420279.59783202,40207392.501995914,48341813.005714975,0.21894385719392848,0.17680405080713071,-19.246854845291516,48.887274018627465,20.231156505150803
flow05,131,5,190.5,128,4306585352307.6382,3898807693905.2871,3829543955986.6533,2876892453224.7778,224868583.36747596,302972196.08273673,40205185.889623664,44951444.581637233,0.17879414406200583,0.14836821715931231,-17.017294980389185,34.733003403870491,11.805090778696052
flow05,132,5,127,128,3858689941358.9785,3890984577878.4399,2450503069898.3032,2468847908952.0908,302164864.90431827,302379890.47272825,38590599.525957532,38575748.577376492,0.12771372190534927,0.12757378976845568,-0.1095670338362663,0.071161671453121481,-0.038483332115767162
flow05,133,5,165.09999999999999,128,4657641323131.5029,4405157285040.1709,3103484990444.0728,2497416495893.0396,280594364.83532608,342337768.42463815,37595214.905440018,39022132.748328812,0.1339842121473242,0.11398722649826205,-14.924882065264661,22.004505908572956,3.7954772874095744
flow05,134,5,190.5,128,2555286625234.2788,2191521326675.7893,3567296735425.271,2683662087392.5107,133424427.12911645,170291992.70301068,37451934.230186574,41932220.115508057,0.28069773306160706,0.24623718032730918,-12.276747787889878,27.631796041527718,11.962762344355328
flow05,135,5,215.90000000000001,128,3130999503693.812,2748926634226.4722,3727938467418.0996,2385011761958.0874,144268383.46752053,213577547.2122553,34533936.706050023,37265808.780595183,0.23937286795637192,0.17448373795378447,-27.107971992220158,48.041824604168035,7.91068825369846
flow05,136,5,228.59999999999999,128,2874755144367.541,2471917392943.5205,4401607605275.7432,2921110056851.8999,125076695.15066321,192075186.15168616,38509252.889551565,45642344.638311021,0.30788511675308183,0.23762749136302394,-22.819428925628518,53.565926826191571,18.523059300106091
flow05,137,5,190.5,128,2609668927242.397,2248179677735.5552,3405809765925.1055,2459947073773.1318,136223810.23638067,174699137.51662555,35756532.975591667,38436673.027705252,0.26248372375978613,0.22001638688140265,-16.179036273215843,28.244201372345302,7.4955255140175865
flow05,138,5,165.09999999999999,128,2604033376038.522,2406752417673.8999,3299670237943.1465,2682073582138.1206,156880204.34780276,187035830.61951262,39971777.564423345,41907399.72090821,0.25479172296210223,0.2240608100709886,-12.061189639070241,19.222072279339312,4.8424720500988032
flow05,139,5,190.5,128,2707112772640.6533,2411768267450.4297,3724971321190.8447,2582805112648.1313,141339772.46442315,187411104.3641932,39107310.458696537,40356329.885127127,0.27669006237108734,0.21533585228068061,-22.17434539015736,32.596155417872019,3.1938259414432277
flow05,140,5,190.5,128,2254674269899.2207,1919421141932.1328,3759741198980.1597,2785489066756.7148,117689128.73125724,149160026.6186164,39472348.545723468,43523266.668073751,0.3353950273169109,0.2917890781781457,-13.001370201461704,26.740700884295656,10.262673166401115
flow05,141,5,190.5,128,2470060237408.3667,2042130380822.5906,3557101720287.6919,2529711016649.792,128938522.30733068,158687679.52993158,37344899.950526953,39526734.63515307,0.28963337939854567,0.24908508809404803,-13.9998681742762,23.072357810718859,5.8423899582447021
flow05,142,5,177.79999999999998,128,2279830174543.998,1985543764362.4751,3487438942947.0156,2664734310085.1914,127524811.88530971,154306449.35358372,39228784.510090172,41636473.595081188,0.30761687808150495,0.26982976906994843,-12.283821761413428,21.001118976250876,6.1375571918924106
flow05,143,5,165.09999999999999,128,1977762474924.4541,1765090923963.7703,3165188061155.3667,2534306716372.6084,119160006.98208416,137156251.7257019,38342677.90618252,39598542.443322077,0.32177472020413178,0.28871117389905787,-10.275371006180539,15.102587855943565,3.2753699160304524
flow05,144,5,127,128,2374765253196.3804,2381706970090.0591,2625385096660.3242,2644953481606.5684,185967079.58149803,185075133.27900964,41344647.19150117,41327398.150102705,0.22232239859088787,0.22330065318823611,0.44001621228835236,-0.47962591255163572,-0.041720132036853749
flow05,145,5,190.5,128,2489550637084.334,2054121954934.907,3402313728756.4053,2451236160901.2026,129978484.04862928,159644248.10075131,35719829.173295602,38300565.014081359,0.27481340034656521,0.23991196344205221,-12.700049146256715,22.823595973794458,7.2249389219227647
flow05,146,5,190.5,128,3386392422251.1743,2891909760876.1895,3746141755491.5166,2663006547325.0186,176829867.40379924,224675001.02137843,39329572.236131415,41609477.301953487,0.22241475839780225,0.18519851836116932,-16.732810495457066,27.057156305118184,5.7969231196660767
flow05,147,5,139.69999999999999,128,3416026441808.8999,3255728719770.7578,2708102957014.7153,2538510259772.749,243130891.95319292,253005748.39722744,38770264.237862781,39664222.808949277,0.15946251801406938,0.15677202221775266,-1.6872277133359574,4.0615391835668522,2.3057840555377545
flow05,148,5,139.69999999999999,128,5444956970356.0684,5266368470507.2285,3264428718749.8779,3062589458703.5244,387601363.37675661,409286174.42691523,46734842.072296031,47852960.292242654,0.12057450382822515,0.11691809614445597,-3.032488268811981,5.5946168148744437,2.3924724474664112
flow05,149,5,152.39999999999998,128,5096088648845.0059,4807320264357.3438,3165343728054.4292,2769449582872.0571,332602687.00876224,373533148.80849296,41539943.937722176,43272649.732375972,0.12489359094272089,0.11584687964216388,-7.2435352625148246,12.306112788154483,4.1711799063848423
flow05,150,5,203.19999999999999,128,5458300306685.0703,4538359431422.0859,3992705177758.2417,2894458468462.7383,267215499.23107886,352661971.93298405,39298279.308644116,45225913.569730371,0.14706586789211767,0.1282415377020707,-12.799931391188499,31.976615483675214,15.083699249352128
flow05,151,5,190.5,128,3401529242484.8784,3076562975170.4976,3604263595998.9302,2621715257753.8252,177675786.69593078,239033216.05592886,37840037.753269613,40964300.902403593,0.21297239458986025,0.17137493097536197,-19.531857025229112,34.533365801274549,8.2565011417411309
flow05,152,5,152.39999999999998,128,2987311136011.6079,2849316858068.9229,3233247831461.0171,2865445434885.7573,195000260.4210991,221377354.41896647,42431073.903687894,44772584.920090042,0.21759496019163693,0.20224555053339349,-7.0541200240690962,13.526696805894812,5.5183873538459638
flow05,153,5,215.90000000000001,128,3575161546253.5947,3132075844206.4663,3958130876716.8931,2675084438453.814,164726656.52718163,243339998.08270216,36666335.124751218,41798194.350840919,0.22258895978199428,0.1717686968035369,-22.831439181993222,47.723509487092947,13.99610626104133
flow05,154,5,177.79999999999998,128,2803948738775.5205,2587966096841.1157,3476789882378.2559,2738967068866.6201,156853626.07038319,201092508.68334642,39108997.552061379,42796360.45104102,0.24933435414819438,0.212819267765121,-14.645028162212364,28.203927267267897,9.4284260139142475
flow05,155,5,177.79999999999998,128,2516382850220.6411,2220538415581.791,3579296681829.3916,2821767672194.8716,140759263.36957148,172569048.69668069,40262054.91371645,44090119.878044948,0.28603485092136444,0.25549262866680567,-10.677797532775234,22.598715399348755,9.5078727912229706
flow05,156,5,127,128,1877158587340.3054,1882791927577.1248,2578967099945.2393,2595715200432.3599,147083891.70784685,146283308.10877052,40613655.117247865,40558050.006755695,0.27612578539816501,0.27725685542056733,0.40962129660268609,-0.5443040633345031,-0.13691235209350908
flow05,157,5,165.09999999999999,128,2206969880002.6343,1995234548680.7815,2869248687670.3813,2336575546467.3237,132943108.7983771,155063573.71065554,34757706.694977373,36508992.913552001,0.26144797582318668,0.23544532116663841,-9.9456324244535281,16.639045913862727,5.0385551438803526
flow05,158,5,127,128,2434759460990.5957,2439725210945.7798,3097615256184.6963,3116150224398.2446,190690023.25249144,189608038.98036447,48781342.617081836,48689847.256222658,0.25581486532460468,0.25679210395327651,0.3820101022791641,-0.56740476175532484,-0.18756220298688323
flow05,159,5,190.5,128,2818604029681.5913,2508498763982.7378,3990643223249.333,3122436330831.2749,147171005.20646176,194937804.02553335,41896516.779520564,48788067.669238761,0.28467915076577216,0.25027504497202813,-12.085221450604575,32.456664104495985,16.448982921384186
flow05,160,5,165.09999999999999,128,2329839150132.6318,2072054678384.1729,3357643352556.8384,2725361011992.2715,140369783.19061273,161033801.04688522,40674056.360470489,42583765.812379323,0.28976361889252084,0.26443992215013912,-8.7394327966944623,14.72112970938492,4.6951536748245388
flow05,161,5,177.79999999999998,128,2894540710546.7012,2633254870387.1689,3596822308768.2632,2802508799900.166,161909322.77693436,204643290.46050543,40459193.574446164,43789199.998440176,0.24988797976869798,0.2139781856512474,-14.370356729719253,26.393765936780856,8.2305308875390644
flow05,162,5,177.79999999999998,128,2901347277686.5376,2642624402158.5493,3711900171940.2251,2894051618075.061,162271953.65240738,205360833.82523862,41753657.727111652,45219556.532422908,0.25730668046648131,0.22019562196998382,-14.422889615309403,26.553498126441021,8.3008267873517667
flow05,163,5,177.79999999999998,128,4458431075404.958,4143185380728.0127,4030951328045.9771,3230602883546.6929,249419713.67640918,321937579.92723531,45342534.623689286,50478170.055417165,0.18179210438239674,0.15679489815021377,-13.75043559625766,29.074632947782529,11.32630867319172
flow05,164,5,177.79999999999998,128,3439201106247.6104,3169434972501.8438,3924476350526.5918,3068489484168.3525,192354044.20780826,246299779.93702042,44144840.838319376,47945148.190130599,0.22949785651830551,0.19466175813226594,-15.179269608237464,28.045022890671479,8.608723646167082
flow05,165,5,152.39999999999998,128,2956904082212.9741,2800572554156.0234,3432470155485.1279,3014482468232.6934,192981907.55980203,217646377.15133315,45045540.098230034,47101288.566135921,0.23341846221657406,0.2164120036484026,-7.2858240974924477,12.780716028463965,4.5637114427376186
flow05,166,5,139.69999999999999,128,2132681895888.4036,2053873408303.0576,3039209910585.1265,2824732589314.0659,151887659.51905352,159604316.4586587,43510521.268219419,44136446.708032362,0.28646515066460188,0.27653667323881398,-3.4658587275812551,5.0805028953897091,1.4385611148035737
flow05,167,5,165.09999999999999,128,2782411906119.7007,2638018095791.0752,3594169126034.3008,3029522422421.6758,167629990.2198725,204992283.60259241,43539298.922281057,47336287.850338772,0.25973454311589811,0.23091741317496178,-11.094839213618812,22.288549521307917,8.7208315752521717
flow05,168,5,165.09999999999999,128,2947680333129.752,2640053415173.2905,3668071018706.5366,3007329426319.0347,177576131.74548823,205176939.02928084,44434536.871066473,46989522.286235005,0.25022809334957508,0.22901951120115463,-8.4756998562873243,15.543083978961539,5.7499989762067463
flow05,169,5,139.69999999999999,128,2705934215852.8662,2649098420513.1309,2959793029774.3887,2773146543806.7837,192663998.74829817,205885207.77536228,42373558.049740709,43330414.746981077,0.21993500770789437,0.21045909618848443,-4.3085053253528978,6.8623142429098474,2.2581457429587335
flow05,170,5,215.90000000000001,128,2829300629342.02,2424017316596.7021,4030717931860.1201,2653915236081.5889,130326957.26377946,188387269.10403699,37338748.789811216,41467425.563774899,0.2865005795711032,0.22011798228719207,-23.170144152338938,44.549733270258493,11.057351699718154
flow05,171,5,190.5,128,2466394526831.7573,2123697798625.3906,3775869570101.3765,2773344964883.2974,128758340.32217306,165034558.20747688,39641675.276654877,43333515.076301597,0.3078765630052806,0.26257236997492306,-14.715050924347398,28.1738781305624,9.3130266919391715
flow05,172,5,215.90000000000001,128,4071556997544.4634,3674555286372.4429,4167216587583,2804833615105.2847,187569502.45612109,285538404.97882658,38603210.630690143,43825525.236020155,0.20580750135390882,0.15348382029124921,-25.423602501583865,52.230720474200631,13.528187215542617
flow05,173,5,177.79999999999998,128,3894354332820.9038,3505969632205.2065,3508378738432.2354,2866646031603.9927,217867404.03560409,272409987.89282149,39464327.766391858,44791344.243812464,0.18113920226424768,0.16442621869443136,-9.2265966510304338,25.034760981640009,13.498307912284105
flow05,174,5,152.39999999999998,128,3271298867915.7441,3118647334828.835,3148993652037.4932,2691050127772.3237,213510100.05842644,242327987.61345783,41325376.010990731,42047658.246442638,0.19355232375275061,0.17351548477971801,-10.35215624619844,13.497201091257724,1.7477934992286861
flow05,175,5,203.19999999999999,128,3150162263056.1602,2676039359849.1484,4091787525810.5713,3030898195686.2207,154196155.61028901,207979029.90364131,40273499.269789092,47357784.307597287,0.26118354968313989,0.22770461199640465,-12.81816474557869,34.879516989568543,17.590438293804844
flow05,176,5,114.3,128,2617623174887.4756,2732882146965.6128,2384359406598.9443,2650316854526.2671,227775170.22168565,212374848.2714929,41721074.481171384,41411200.851972997,0.18316778971371514,0.19499107916505398,6.4548955194678221,-6.7611943545927993,-0.74272686658209741
flow05,177,5,190.5,128,2937942726756.3169,2522073581645.854,3673909863099.0825,2606607200878.9307,153466095.4924114,195982591.52969,38571232.158520557,40728237.513733365,0.25133389909191917,0.20781558808790077,-17.314938876630666,27.704162213067413,5.5922645829615156
flow05,178,5,203.19999999999999,128,3335688062859.5576,2945795596450.0391,3920871649054.8257,2756511221982.7949,163280047.53725317,228950121.82952213,38591256.388334908,43070487.84348125,0.23635010505205858,0.18812170746758475,-20.405490225549521,40.219289057523092,11.606855734555181
flow05,179,5,139.69999999999999,128,2599121149278.5649,2505274579297.293,2866181592369.9482,2666769194562.2832,185019442.1234985,194697307.57170334,41033379.990979932,41668268.665035754,0.22177874670917336,0.21401563886388167,-3.5003840361095282,5.2307289099623233,1.5472492741163051
flow05,180,5,215.90000000000001,128,2819550044708.8945,2409886729199.6914,4105764838846.1362,2682710470322.04,129887756.37484057,187274569.82860836,38033949.410339385,41917351.098781951,0.29282166750635019,0.22382831335372577,-23.561560433750419,44.181849818204796,10.210356138789198
flow05,181,5,165.09999999999999,128,3357549034012.625,3108365159605.6509,3448071215279.3604,2907562762962.8579,202259616.43923196,241547748.07307234,41769487.768375054,45430668.171294734,0.20651422416260992,0.18808152232307782,-8.92563304744478,19.424605032633558,8.7652030190604115
flow05,182,5,203.19999999999999,128,2876730895883.8354,2532146548798.3687,3939973411065.7983,2722116842788.0879,140796027.35913929,196785661.54066268,38779265.856946841,42533075.668563947,0.27542869343912363,0.21613909944233997,-21.526295338538535,39.766487188382307,9.6799403719105115
flow05,183,5,190.5,128,3095706454821.6753,2799360688767.0708,3888676646710.3921,2811343901190.9517,161583586.03572476,217540958.4325442,40826001.540266588,43927248.456108697,0.25266181139983057,0.20192633503418989,-20.080389705333484,34.630604363767333,7.5962543448771385
flow05,184,5,190.5,128,3055879149763.6182,2746450930159.8188,3668603931564.8721,2665341826755.0352,159623839.77362719,213423778.51689172,38515526.84057609,41645966.043047503,0.24128931427283937,0.19513273700077133,-19.129142710346553,33.70420033721885,8.1277330449845913
flow05,185,5,177.79999999999998,128,2377638005742.1714,2102330312897.8513,3818467426585.771,3027344314870.688,133027953.31966263,163361411.97693333,42952389.500402384,47302254.919854589,0.32288243507128861,0.28955586479953832,-10.321580442860627,22.802319287270553,10.127179116336368
flow05,186,5,165.09999999999999,128,2452179999896.3789,2239784203173.4697,3418616195442.7056,2812761072244.9971,147746577.95051083,174037760.72462782,41412673.475986749,43949391.75382816,0.28029531411453962,0.25252790871842645,-9.9064821985451808,17.794782890283582,6.125463692442688
flow05,187,5,177.79999999999998,128,3908216093396.5034,3509470015169.5513,3790894710908.6582,2977117215367.1714,218695758.54361323,272710135.60985321,42642235.218320124,46517456.490112141,0.19498428091286568,0.17057472538043589,-12.518729929484881,24.698410900121871,9.0877536131762842
flow05,188,5,165.09999999999999,128,3918605096667.6982,3639713621993.7085,3397508686250.0454,2757675759350.645,236095596.20994911,282823661.35937482,41156979.845548712,43088683.739853904,0.17432336945814811,0.1523517641089531,-12.603935672818666,19.792010482005164,4.6935025396770298
flow05,189,5,139.69999999999999,128,3034233650938.5903,2952934225946.2026,3109365134678.3135,2914843922714.7007,215972653.1407471,229475302.79977131,44514890.976067483,45544436.29241728,0.20611355340001125,0.19847206098756989,-3.7074186953689874,6.2520182359498424,2.3128110476633781
flow05,190,5,203.19999999999999,128,3366441080243.2695,3057792137635.6855,4000195507335.0059,2791122101056.2871,164753224.05413803,237611635.06652257,39372003.024950847,43611282.829004563,0.23897561489912439,0.18354018235173963,-23.197108445891011,44.222752805397732,10.767244433480302
flow05,191,5,152.39999999999998,128,3417205300845.1343,3282573578340.7715,3648779117019.6328,3226100484479.4336,222960521.88138133,255105066.2830835,47884240.380835086,50407820.069991238,0.21476555569918468,0.19759631121576779,-7.9944125246346793,14.417146197210458,5.2701675312910998
flow05,192,5,127,128,3794911216832.5967,3802216488494.2246,3063467030083.4106,3079870669289.957,297209183.09788954,295428043.09606016,48243575.276904114,48122979.207655668,0.16232195376350297,0.16289238727417696,0.35142104776848898,-0.59928834744071313,-0.24997332506195677
flow05,193,5,165.09999999999999,128,3288280250608.6943,3104429604783.4756,4047449801720.2427,3485143354305.7412,198114614.83151737,241248151.52291203,49030282.274018697,54455364.911027305,0.24748442872685353,0.22572344934985139,-8.7928680963680126,21.772011483391427,11.06475913536271
flow05,194,5,190.5,128,2934771816982.9653,2616596065971.7695,4220149962413.6074,3153856364021.4375,153297798.54759061,203327643.46268257,44306036.350799032,49279005.687835053,0.2890193908234398,0.24236254770187901,-16.143153228796049,32.635723010438674,11.224135008742069
flow05,195,5,215.90000000000001,128,3802354212398.7461,3357911941767.6133,4334647032484.645,2996884801438.0532,175165119.2807979,260926283.91265386,40154210.583461285,46826325.02246967,0.22923633853776676,0.1794618936823742,-21.713156462404502,48.960183958986029,16.616226149285811
flow05,196,5,190.5,128,4355607848433.5386,4033135656945.083,4570327694898.0596,3651572599823.2998,227444085.13145563,313402584.2033844,47982442.991055749,57055821.872239165,0.21096368790299991,0.18205281241463045,-13.704195151187601,37.793244446100857,18.909789322054223
flow05,197,5,215.90000000000001,128,3242935263467.7998,2810638399745.5884,5003656995813.5859,3698891201560.5435,149384912.7769801,218417359.98559755,46351616.450334288,57795175.024383597,0.31028311754302523,0.26460888927599258,-14.720178341865237,46.211123951772457,24.688585750425922
flow05,198,5,177.79999999999998,128,2201815981104.7295,1957056851241.5247,3818027380281.979,2985090440212.3813,123142686.1018299,152076876.84788033,42947439.598222494,46642038.128318541,0.34876159484379071,0.30670039453120612,-12.060158266974229,23.496475236965349,8.6026048692526906
flow05,199,5,165.09999999999999,128,2177067666091.5129,1987732696340.3376,3274356265657.6523,2654565144487.3115,131162873.05161804,154432681.25549802,39665127.385313787,41477580.382614315,0.30241124231629107,0.26858032927624026,-11.187055342561358,17.741154689957384,4.5693865538210723
flow05,200,5,177.79999999999998,128,2039040339285.488,1802097312708.5359,3390427841116.0791,2540562444179.9678,114100516.2059817,140031830.25892451,38137546.019303486,39696288.190312065,0.33424516634486645,0.28348046381249192,-15.187864371386803,22.726728077312035,4.087159069489199
flow05,201,5,139.69999999999999,128,1943685063408.583,1887504779704.0991,3100023624666.208,2899957473835.1138,138352150.82279536,146691143.01893923,44381154.254348002,45311835.528673738,0.32078398485609677,0.30889278381874458,-3.7069185491559282,6.027367226711668,2.0970190838030254
flow05,202,5,177.79999999999998,128,1988814199440.8235,1666639105732.4783,3475758401273.2695,2714034100629.7959,111294104.43275666,129489338.80533808,39097394.839969292,42406782.822340637,0.3512979868901478,0.32749246550784344,-6.7764468544331367,16.348785468303841,8.4644718552658045
flow05,203,5,215.90000000000001,128,2569951709528.6099,2060573962388.0107,3891404391870.0898,2713461415038.3848,118387737.46157217,160120873.60427791,36048211.133581199,42397834.609974839,0.30449277861469559,0.26478643074829006,-13.040160770659803,35.251232127188871,17.61425401350516
flow05,204,5,165.09999999999999,128,2637046554905.2905,2356209785949.9033,3466689295157.3198,2799677689518.7583,158859542.80140525,183089096.50647575,41995024.774770692,43744963.89873068,0.26435317661256175,0.23892719300836929,-9.6181872788527141,15.252186477308788,4.1670153389486684
flow05,205,5,165.09999999999999,128,2723348205268.0288,2498695223054.835,3313407384045.4248,2686075117369.9814,164078192.73886588,194145873.14382607,40138187.571719266,41969923.70890604,0.24462841101376642,0.21617726418430802,-11.630352628116167,18.325214279275716,4.5635746106218944
flow05,206,5,190.5,128,3488862303781.4526,3175112201538.8149,3815340190920.2773,2857306532125.1777,182167969.2739431,246740962.7581194,40056064.996538348,44645414.564455986,0.21988533525508142,0.18094042458698664,-17.711463396554446,35.44695247004254,11.457315061562461
flow05,207,5,177.79999999999998,128,2806970540565.6509,2582135426581.0708,4045003226708.8354,3238542267335.2119,156993475.7432901,200660178.50256816,45500598.725633703,50602222.927112781,0.28982477462970879,0.25217869985332014,-12.989253532409958,27.814342317435042,11.212213343041071
flow05,208,5,177.79999999999998,128,3123127674421.2925,2829677971052.0195,3961446352018.1489,3212491843578.792,174695586.37368312,219913984.01343721,44560701.372532614,50195185.055918716,0.25507628611300409,0.22824917333520583,-10.517290018058867,25.884109941409474,12.644513012219372
flow05,209,5,190.5,128,2073292980720.3989,1748500525090.717,4182991164808.4834,3165248923062.4712,108232683.86866722,135874114.73683777,43915917.740771487,49457014.422851205,0.4057546775247704,0.36399143809429779,-10.2927314813082,25.538894426485349,12.617513118564228
flow05,210,5,177.79999999999998,128,2023554045550.8713,1693396424540.7097,3554083969216.5571,2775813938814.1094,113196038.02969044,131578439.51640584,39978447.3477678,43372092.79397054,0.35317885717238412,0.3296291774957758,-6.6679188740660891,16.239438947407177,8.4886874587244936
flow05,211,5,165.09999999999999,128,2556745650441.4502,2414891878794.1079,3108279246087.9292,2611650690132.583,154034435.89195302,187653830.60759887,37653291.896885887,40807042.033321686,0.24444723466444654,0.21745914752282836,-11.04045508171316,21.825895307740193,8.3757620583942352
flow05,212,5,203.19999999999999,128,1866130434926.5452,1553474715715.1638,3240449319172.627,2106540271944.9587,91372790.633489132,120709513.21217774,31894186.212329011,32914691.749140039,0.3490556213858203,0.27267686591763551,-21.881542879884279,32.106628653121575,3.1996600572192726
flow05,213,5,152.39999999999998,128,2277307246561.9097,2161711388640.0847,2839698575698.8872,2502379915934.875,148628120.60253492,167979952.35668665,37266385.507859416,39099686.186482497,0.25073576491973631,0.23276400331069677,-7.1676099398075621,13.020303072998473,4.9194485959375918
flow05,214,5,228.59999999999999,128,2387233721589.0586,1999240763944.2903,4198024228330.0425,2850618286312.0127,103871308.18567871,155354859.13694391,36728120.982765034,44540910.72362528,0.35359255240254051,0.28670432950129271,-18.91675105902689,49.564746849278166,21.271956015736446
flow05,215,5,177.79999999999998,128,2715614675483.8462,2545367719533.7822,3466834653492.1045,2731400762289.3018,151948924.02930897,197818254.12937808,38997015.224883072,42678136.910770416,0.25664555029926406,0.21574417941661667,-15.936910199671861,30.187334588313046,9.4394959836272481
flow05,216,5,190.5,128,2531201612080.6816,2311376760740.2344,3824675385190.0923,2884371545416.8257,132146185.85263006,179609988.72830647,40154072.285460293,45068305.397137985,0.30386100080285533,0.25092315698160966,-17.421730225785598,35.917648753485949,12.23844265842278
flow05,217,5,152.39999999999998,128,2386789954771.2466,2275815211944.9824,3230251094868.5249,2807735033763.1191,155793771.0861443,176851177.78938606,42391746.651817918,43870859.90254882,0.27210167875311209,0.24806654075436857,-8.8331457964107187,13.516205786942741,3.489153827228471
flow05,218,5,215.90000000000001,128,2353705429457.4863,1937531409016.0193,3717579382258.3867,2455758836328.9526,108439390.58232138,150582950.6475206,34437974.824070282,38371231.817639954,0.31757809260212339,0.2548179037045038,-19.762127917383921,38.863700578625156,11.421278439464269
flow05,219,5,165.09999999999999,128,2632494132527.6699,2466962571142.9126,3304456630647.3057,2653814712657.3257,158620235.19524366,191685231.38012642,40029759.305236898,41465854.885270789,0.25236224909113752,0.21632263783035449,-14.28090429157959,20.845383405328754,3.5875698604213531
flow05,220,5,190.5,128,2694082951854.6768,2476603467255.3623,3449635194298.1602,2586047943166.1597,140725416.27733427,192434337.76043543,36216642.459823206,40406999.111971319,0.25735679749882101,0.20997811296170352,-18.409727272633837,36.744550381145032,11.570251595786852
flow05,221,5,254,128,3646558888516.8594,3091688356235.6978,4692402645814.7822,2947674816064.7158,142772976.32362762,240251811.43363947,36948052.329250261,46057419.001011267,0.25878883581931533,0.19170477311357503,-25.922317125217081,68.275410109160831,24.65452465690456
flow05,222,5,190.5,128,3039694887249.3271,2764640146683.459,4116175089272.625,3128470378864.2202,158717830.31046918,214837243.17271617,43214436.632783473,48882349.669753529,0.27227209790009965,0.22753200957086883,-16.432123847536729,35.357976323435977,13.115786016449526
flow05,223,5,215.90000000000001,128,3479353480900.8369,3100564242958.686,4069521235169.7222,2806374953821.1343,160314725.91415706,240929101.17285308,37698205.050205864,43849608.653455302,0.23515123040157856,0.18200212610263164,-22.602094919164045,50.285071941464821,16.317497331920968
flow05,224,5,177.79999999999998,128,3170506438112.5942,2883845817689.8359,3720078330539.9409,2982982778368.1538,177375449.9016268,224077438.09926763,41845650.51226031,46609105.912002489,0.23591568357102458,0.20800445733119449,-11.831017682818512,26.329454399434628,11.383394310829363
flow05,225,5,177.79999999999998,128,1841356907976.7759,1604503847033.9465,3482765173071.04,2640384688475.1494,103009817.84650186,124677845.51543143,39176211.170652874,41256010.757424287,0.3803153135270132,0.33090089571942444,-12.993012915868016,21.034915041998989,5.3088328978821808
flow05,226,5,190.5,128,2268257972381.6968,2050269688414.4075,3648427470701.5386,2592967551983.3711,118404331.49823856,159320160.12316653,38303700.479806185,40515117.99974025,0.32349914901868271,0.254300008036767,-21.390826279397515,34.556023506231817,5.7733782695484761
flow05,227,5,177.79999999999998,128,2204946815383.2124,1965214661234.6333,3561525173620.626,2673523042202.9839,123359063.87419744,152695019.70471939,40062150.434427746,41773797.534421697,0.32476049328068385,0.27357668649051936,-15.760478213686962,23.780948808462909,4.2724793388101139
flow05,228,5,177.79999999999998,128,2637762728968.2842,2353756511001.3062,3129915127618.8413,2364026431843.043,147524221.15742537,182907913.17993888,35207144.292675383,36937912.997547612,0.23865331412328078,0.20194814076310241,-15.380123043762817,23.985005136719227,4.9159587908761555
flow05,229,5,177.79999999999998,128,3009601548315.6274,2679718955145.8101,3476454933394.5996,2732316874630.8721,168345377.46893933,208248865.53431067,39105229.846958384,42692451.166107453,0.23229167580899879,0.20500688470292544,-11.745918578893974,23.703346456741141,9.1732521025652147
flow05,230,5,203.19999999999999,128,2239630938308.2896,1861015357642.5325,3703712800621.7622,2546466420516.4058,109634021.28244106,144602582.78925142,36453866.147851996,39788537.820568912,0.33250505382757889,0.27515786407880449,-17.247012966759865,31.895720961218544,9.1476488644357623
flow05,231,5,203.19999999999999,128,2520611329932.2607,2106978419619.7913,4082304833295.7646,2839441355680.5718,123400571.0976546,163726821.4453707,40180165.682044931,44366271.182509013,0.32560761530226512,0.27097741708320111,-16.777923995527622,32.679144017739937,10.418338076526901
flow05,232,5,203.19999999999999,128,2305173280571.0938,1998277262324.9368,3970585594797.3784,2821440662159.1118,112853455.79604751,155255928.26797113,39080566.877926961,44085010.346236199,0.34629481748928143,0.28395057656120959,-18.003226666827469,37.573038568313557,12.805452602418086
flow05,233,5,165.09999999999999,128,2695606462906.6841,2509397628328,3248858816848.8809,2570545193445.9702,162390528.92240345,195027805.72389486,39356254.595383182,40164768.647593357,0.24235560322726174,0.20594380631270343,-15.024120106855642,20.098017426303709,2.0543470422234233
flow05,234,5,177.79999999999998,128,2448951123733.4375,2252827743460.0342,3529239205250.9985,2758389016902.4604,136987325.34859627,175078412.44193423,39698978.686737895,43099828.389101021,0.28980037814239062,0.24617443000515743,-15.053792688910159,27.806285724906505,8.5665924284828936
flow05,235,5,177.79999999999998,128,2725865476862.3794,2385817087151.4761,3459342405747.8853,2629925300136.6079,152457280.70057631,185404095.25157085,38912737.972417161,41092582.814634576,0.25523699356045293,0.22163794580091087,-13.163862844037192,21.610522239145517,5.6018798876670486
flow05,236,5,165.09999999999999,128,2495196873835.5947,2268953457145.5503,3218316097458.3574,2618327615451.9414,150338392.54769221,176299743.46233693,38986264.051585197,40911368.99143666,0.25932340628969736,0.23205574885125452,-10.514923364835562,17.268610149871687,4.937905661604904
flow05,237,5,165.09999999999999,128,2233117562824.0879,2022459127880.4626,3436034194685.7383,2760519098657.1426,134518188.8543649,157167205.65349489,41623672.861123428,43133110.916517928,0.30942784180797278,0.27444090983976077,-11.306976050954226,16.837140755478636,3.6263932316369845
flow05,238,5,114.3,128,2289033477958.4995,2398787184258.877,2351453419507.2188,2590451460571.0088,199222934.47237164,186407198.86906317,41145291.679916345,40475804.071422085,0.20652889080710934,0.21713648569899519,5.1361312455761743,-6.4328615765298665,-1.627130544370516
flow05,239,5,165.09999999999999,128,2061172897307.3521,1881710677354.0496,3350962323231.9033,2707909555109.0005,124170557.38668139,146199300.49369204,40593123.237212643,42311086.79857821,0.32691423870153846,0.28940690315001733,-11.473142222405325,17.740713717190307,4.2321541787419568
flow05,240,5,215.90000000000001,128,2049013755800.9229,1575244501985.9309,4201549220470.7349,2734470118666.2139,94391585.643816888,122426384.4170613,38921252.621312976,42726095.604159668,0.41233815870178159,0.34899417970727376,-15.36214334223687,29.70052741674737,9.775746479349408
flow05,241,5,152.39999999999998,128,2904685400435.0439,2650575655623.7275,3565671177943.4873,3114413616227.0928,189606768.00556645,205936178.93623,46793585.012381732,48662712.753548414,0.24679279914210644,0.23629996926677591,-4.2516758640468408,8.6122510828221905,3.9944102181358918
flow05,242,5,165.09999999999999,128,3351743017010.3071,3137590792559.6353,3668968547825.7349,2996625851606.4253,201917946.41913879,243818840.90276444,44445409.422480136,46822278.931350477,0.22011619180308473,0.19203716479820079,-12.756456839850902,20.751446429951447,5.3478402826190168
flow05,243,5,215.90000000000001,128,3290974312057.1133,2885985359466.0933,4775513120679.7725,3446479160785.647,151637287.74535859,224243682.4376401,44238194.726074785,53851236.88727583,0.29173691632076065,0.24014606031209515,-17.684034183710256,47.881623162640544,21.730186371133598
flow05,244,5,190.5,128,3378647088898.0825,3113330011283.4302,4090747593425.4897,3004792940754.8931,176355023.36768284,241933561.41246668,42947481.29580567,46949889.69929529,0.24352853962239795,0.19406108613121087,-20.312795193486817,37.185523152385088,9.3193087993276613
flow05,245,5,190.5,128,3406368841083.311,3086857270672.8521,3429062159907.3618,2396296009234.2144,177851383.60649443,239851612.29755577,36000652.597452626,37442125.144284666,0.20241986240099188,0.1561053719240153,-22.88040804277794,34.860695167961204,4.0040178242047686
flow05,246,5,203.19999999999999,128,2832065122542.6108,2446998809669.4165,3611467642382.8848,2434185264021.6655,138618967.63034174,190173320.99824557,35545941.362036273,38034144.750338592,0.25642913065712203,0.19999726854793409,-22.006806311192634,37.191413447389799,6.9999648144352316
flow05,247,5,177.79999999999998,128,2562337392220.7812,2282176611877.7446,3477922555344.0376,2737149145044.0894,143335159.01511896,177363840.01100042,39121738.530304141,42767955.391313978,0.2729388853308321,0.24113119894484372,-11.653776026612679,23.74063783770745,9.3201810501990732
flow05,248,5,139.69999999999999,128,2154577049305.9434,2090732486608.9028,2596603211642.5605,2401870007759.3936,153352628.12428457,162476989.47531667,37173990.145204872,37529218.871240593,0.24240856253912538,0.2309817469688038,-4.7138663133969354,5.949921734394584,0.95558406468653745
flow05,249,5,203.19999999999999,128,2694834884766.4478,2266766439630.8608,3587144383367.3555,2594046559872.8335,131899916.23295525,176161657.62309963,35306539.206371613,40531977.498013094,0.26767673714071899,0.23008399242434377,-14.04408359050362,33.557065579913967,14.800199648847117
flow05,250,5,139.69999999999999,128,2251217307620.2085,2163303513635.7146,2558699107832.2231,2370928410165.3691,160284112.48514041,168129726.67877996,36631340.126445569,37045756.408833958,0.22854005651896148,0.22034031185699648,-3.5878807360339811,4.8948171294063192,1.1313161925222772
flow05,251,5,177.79999999999998,128,2455132141676.4546,2124571304253.8013,3440141197608.2061,2637062210726.8389,137343288.06813887,165093910.47407624,38696751.379169926,41204097.042606935,0.2817520384394151,0.2495797508477878,-11.418653000640234,20.205299287847041,6.4794732737867191
flow05,252,5,177.79999999999998,128,2164323259431.9683,1872307638483.7205,3483222439067.686,2704521064840.3335,121075060.62372726,145483760.59070083,39181354.770165205,42258141.638130285,0.32361210119011724,0.29046638240963496,-10.242422535679427,20.159973359691357,7.8526811694319241
flow05,253,5,165.09999999999999,128,2467048832037.2983,2280648706906.7979,3778274173424.5107,3149543499819.6187,148639464.93976036,177226783.53819624,45769523.60296198,49211617.184681632,0.30792309176779636,0.27767595959374536,-9.822950269952555,19.232657094144926,7.5204924822440065
flow05,254,5,152.39999999999998,128,2731257788510.9043,2563940180705.1372,3384304832760.3384,3012813834533.5913,178278339.83878917,199266796.86209133,44413449.248823345,47075216.164587453,0.2491242025755056,0.23624214824493461,-5.1709365037171144,11.772858689553251,5.993155138326995
flow05,255,5,152.39999999999998,128,2879698554655.4443,2763721199030.9336,3296849927590.9849,2890298286474.0796,187992037.36715361,214771380.08333161,43265747.081246532,45160910.726157576,0.23014670029213705,0.21027434245957294,-8.6346481645572606,14.244934568094077,4.3802864223105002
flow05,256,5,190.5,128,2466959159572.689,2150284608200.3486,3850185179857.8496,2729786243979.7803,128792286.64988281,167113593.76922485,40421891.65205092,42652910.062184148,0.3138533580193073,0.25523303700287597,-18.677614726309599,29.754349515912498,5.5193320227011959
flow05,257,5,139.69999999999999,128,2384039065402.1338,2311626570826.5615,2736031529308.0591,2529907869530.397,169716772.24217036,179629400.70282811,39170100.634331554,39529810.461412527,0.23079687479820432,0.22006314281930445,-4.6507267432823083,5.8406887720639231,0.91832755406733979
flow05,258,5,190.5,128,2479729549265.9111,2149459343214.8308,3483534439169.7632,2533794745825.2603,129467975.55266617,167027883.53860968,36572540.043777049,39590542.903519765,0.2824832927807675,0.23702954300063395,-16.09077454906679,29.010964159754355,8.2521007732309268
flow05,259,5,177.79999999999998,128,2162939390979.6804,1937332054654.5288,3269254951229.9419,2513382608330.1689,120972902.24625821,150551900.53313786,36774521.386163585,39271603.255158961,0.30398974235819864,0.26085092991911396,-14.190877660685389,24.450928875515629,6.790249811204621
flow05,260,5,177.79999999999998,128,3002911371652.3013,2717905343203.084,3450386537846.5103,2643946864430.7202,167971155.06851831,211232811.12022415,38811997.051141851,41311669.75673008,0.23106346464849736,0.19557411340427291,-15.359135767401485,25.755407846102308,6.4404640201699923
flow05,261,5,165.09999999999999,128,2576893314378.8262,2301865572814.5454,3369867495345.7139,2793893558357.1899,155257584.88526079,178857044.72868651,40822138.041740939,43654586.84933117,0.26293168267372902,0.24407530000035554,-7.1715901566614519,15.200197697823464,6.9385116592718177
flow05,262,5,190.5,128,3270667960058.9243,2889794213272.1895,3577847133543.0264,2608436714190.8394,170754393.53200212,224591837.51743707,37562699.564756185,40756823.659231938,0.21998086718463458,0.18147063628733889,-17.50617287319503,31.529170565877678,8.5034465879355832
flow05,263,5,165.09999999999999,128,2541491919309.8359,2318980541196.1133,3401107355660.0654,2755626230910.2056,153121587.67437103,180224129.69998658,41200573.660327874,43056659.857972041,0.26907096697524568,0.2389061882537433,-11.210714801600101,17.700013719327359,4.5050008598093783
flow05,264,5,165.09999999999999,128,2202233440190.9043,1993360052706.6931,3248039378467.3281,2613632874993.7642,132660452.003546,154893886.46055347,39346328.025043353,40838013.671777636,0.29659425571678011,0.26365155271752949,-11.106992925280331,16.759655286274143,3.7911686340459689
flow05,265,5,152.39999999999998,128,2180853125657.272,1985917298596.0767,2790192842541.0332,2352193045016.4941,142311446.6176551,154319533.56749919,36616703.970354773,36753016.32838279,0.25729978045077451,0.23816178988324288,-7.438012785709712,8.4378925485213738,0.37226823620819816
flow05,266,5,152.39999999999998,128,1942257128160.0068,1716674624686.5012,2860463741693.5308,2458869375865.2983,126785877.38090548,133394066.98997873,37538894.247946605,38419833.99789536,0.29608103854633366,0.28801756228619718,-2.7234017753131563,5.2120865080423178,2.3467386762382931
flow05,267,5,165.09999999999999,128,1882112869710.686,1706380755294.3948,3069302593219.0474,2548716551363.8804,113392585.46881673,132594182.67670794,37181133.776124142,39823696.115060702,0.32789739842689325,0.30034270969608912,-8.4034484149613107,16.933732596803434,7.1072666983422668
flow05,268,5,190.5,128,1646821264754.4041,1292287865241.9241,3237658058512.8735,2220591903823.6895,85996322.480039492,100409347.10069618,33991160.719295263,34696748.497245207,0.39526295705476139,0.34555297389245387,-12.576433555199173,16.760047645063047,2.0757978339627967
flow05,269,5,101.59999999999999,128,975438716720.14917,1109266396193.7903,2055841711054.9634,2487433445357.3784,95505226.069940895,86177652.043417335,40469325.020767003,38866147.583709106,0.42373937726853073,0.45100030764504789,6.4334191814421491,-9.7665587636981694,-3.9614632471266087
flow05,270,5,88.899999999999991,128,874216482138.15063,1096112124027.7534,1452610931004.4143,1952257345818.8643,97800523.632426694,85179906.600585312,32679660.989975579,30504021.028419811,0.33414607382674921,0.3581128724577658,7.1725513206068934,-12.904447300583671,-6.6574740852518053
flow05,271,5,203.19999999999999,128,2040978985310.074,1751462209677.7515,3233763901526.0146,2169588735727.5166,99919400.264039591,136072632.37322769,31828384.85753952,33899823.995742507,0.31854059145103147,0.2491303607823222,-21.790074022443555,36.182395024041625,6.5081503427664638
flow05,272,5,190.5,128,2061674316009.1667,1741966172728.749,3176975745133.7095,2309874663118.8906,107650434.1328503,135366337.16981936,33354076.064395905,36091791.611232735,0.30983689320968255,0.26662309378996474,-13.947273667785204,25.746206469325649,8.2080389261905786
flow05,273,5,190.5,128,2896937306997.1768,2564037515052.604,3590131357842.7461,2597772960112.6426,151263735.66003609,199243479.90332231,37691667.798873983,40590202.501760118,0.2491784804494428,0.20372160996914657,-18.242695114885425,31.719264392041907,7.6901205814318638
flow05,274,5,203.19999999999999,128,1974907495334.6384,1602388907647.5876,3435736471849.9346,2280021663427.2485,96658026.005409598,124532802.75165367,33816303.856790699,35625338.491050825,0.34985510520252217,0.28607192405438536,-18.231313535131736,28.838553711705245,5.3495930303951615
flow05,275,5,152.39999999999998,128,1998084488444.9573,1855318981304.2148,2683559206042.6724,2283291260351.3525,130421663.9513232,144189760.44919744,35217312.415258177,35676425.942989945,0.27002655347505922,0.24742690349055588,-8.3694176345478315,10.556602393152154,1.3036586163027428
flow05,276,5,177.79999999999998,128,1483311589139.9624,1295507192189.8811,2765138945407.3169,2147550209503.9604,82969124.923216373,100680286.44185415,31103925.14518917,33555472.023499444,0.37488553933736485,0.33328741116443611,-11.096221061622222,21.34668954870687,7.8817926254219195
flow05,277,5,114.3,128,857286506435.09277,905798106114.41614,1658081162378.0669,1779626920840.0361,74621406.958438128,70399516.85641785,29012793.742398374,27806670.638125613,0.38879987559813262,0.39498382772765672,1.5905231759682712,-5.6577465825212112,-4.1572111771855003
flow05,279,5,88.899999999999991,128,1006135528392.9738,1157276649852.2769,1371393270544.4316,1819285970306.7925,112550227.71121457,89921446.313220263,30852492.025746498,28426343.286043685,0.27412198671786725,0.3161241778410368,15.322445173432655,-20.105495882297149,-7.8637042922762443
flow05,280,5,88.899999999999991,128,1302931105776.4329,1512748665277.3552,1323381069800.9619,1823954568206.5005,145788878.33466372,117557125.03661951,29772352.526455842,28499290.128226623,0.20421552635937232,0.24242928805335262,18.712466370814958,-19.364819608006847,-4.2759885941091493
flow05,281,5,215.90000000000001,128,1521810722790.1724,1249495542353.8196,2816159872759.3608,1901277724450.551,70105008.698576897,97099476.652491793,26087631.984801862,29707464.444539912,0.37212222734281508,0.30594875965047286,-17.782723747748712,38.505762220186234,13.875665149856806
flow05,282,5,203.19999999999999,128,2592544064690.3799,2246699384994.1147,3365543728087.9067,2306542158389.0454,126876732.74672984,174597637.2720772,33125430.394566014,36039721.224828899,0.26108357046591585,0.20641585870184401,-20.938778976599238,37.612021914693692,8.7977448007466563
flow05,283,5,152.39999999999998,128,3143424069630.9521,2969993885934.2578,3247254548955.4272,2829627651450.4546,205155106.94982508,230777181.36482504,42614889.093903251,44212932.053913437,0.20772034256171651,0.19158277171268179,-7.7688928537367659,12.489123373987649,3.7499639069547919
flow05,284,5,165.09999999999999,128,3628734051309.3423,3367328891113.478,3376731407901.9458,2755238063564.3027,218622136.15273276,261651269.35103458,40905286.588757679,43050594.743192308,0.18710496251020356,0.16453424762650434,-12.063130010497904,19.681965401820527,5.2445743162797953
flow05,285,5,165.09999999999999,128,2673103863308.7129,2431567055750.4053,3418660544023.333,2784026962065.5034,161038136.8223677,188974011.9180738,41413210.708944075,43500421.282273568,0.25716399559828929,0.23019261135828759,-10.488009480974608,17.347366063059109,5.0399631846914863
flow05,286,5,190.5,128,2918388929700.9111,2634984672147.2485,3721302183902.4863,2776119030699.3198,152386478.00735244,204793592.07205185,39068789.332309574,43376859.854676954,0.25637963317470042,0.21180770069903271,-17.385129982339826,34.390921524002174,11.026885132590072
flow05,287,5,139.69999999999999,128,2520678977170.2681,2419787305784.9395,2906023986341.8574,2736238487899.9307,179439751.51563284,188043952.96956339,41603779.332023725,42753726.373436496,0.2318537502455201,0.22736028305231687,-1.9380610356506647,4.7950364293616161,2.7640446610282368
flow05,288,5,190.5,128,2752108768897.0635,2367352284988.8696,3761331330664.126,2783000529801.1558,143701505.83535513,183950172.49520448,39489042.841618128,43484383.278143138,0.27479908865299146,0.23639218538529375,-13.976357583993618,28.008521153538879,10.117592499138159
flow05,289,5,215.90000000000001,128,3941304572324.0483,3546098206496.2573,4071715839641.5571,2790715825560.6216,181566221.07480219,275549282.84490108,37718534.87393754,43604934.774384789,0.20773982434980648,0.15824731722828972,-23.82427504038797,51.762415505348578,15.606120227417922
flow05,290,5,228.59999999999999,128,3528067893018.6865,2919998912523.2139,4219901670495.7339,2717991391524.5361,153530309.93932962,226927591.52173856,36919524.676253147,42468615.492570952,0.24047059301086923,0.18714610774204893,-22.175054588238176,47.806378826052814,15.03023363647748
flow05,291,5,203.19999999999999,128,3037936993576.8926,2568604072362.8076,3833013640336.1758,2700853070123.96,148695623.70711935,199598333.04580617,37726512.208033234,42200829.22068695,0.25371635874329324,0.2114287658454653,-16.667270926985811,34.232822775570135,11.859874530625135
flow05,292,5,152.39999999999998,128,2862912401180.146,2713702781417.0796,3232325473535.0122,2790545666906.4302,186900261.74944565,210878954.73454875,42418969.468963422,43602276.045413055,0.2269604604718497,0.20676447348811522,-8.8984605255678115,12.829673303105594,2.7895693631016178
flow05,293,5,177.79999999999998,128,3233504498178.1504,2858853167816.3726,3695623307271.2939,2917753191244.6802,180889814.41906139,222141223.63320169,41570565.886066303,45589893.613198213,0.22981153482617414,0.20522932604565094,-10.696681869827289,22.804716421774049,9.6686865849933419
flow05,294,5,127,128,3055703470092.1821,3068521382547.5615,2878058267407.5283,2897600013523.6919,239278669.30180848,238426897.144205,45323752.242638245,45275000.211307772,0.18941827273984965,0.18989048951102447,0.24929842530206506,-0.35597496429115871,-0.10756397896953096
flow05,295,5,190.5,128,2712759964459.5454,2305722021683.5073,4145915042195.0552,3071326595745.98,141624784.3419984,179170576.32462937,43526667.109659381,47989478.058531024,0.3073379233153874,0.26784240494701267,-12.850844419822796,26.510749624136853,10.253050015587482
flow05,296,5,177.79999999999998,128,2751124645147.5073,2469720122433.9438,3705511202344.23,2917298867705.2759,153938704.25777283,191904451.82886562,41681790.802522279,45582794.80789502,0.27076875178009457,0.23752859495174364,-12.276215999749853,24.662899271594835,9.3590124854632677
flow05,297,5,203.19999999999999,128,2296446830344.3467,1953534741349.1152,3888314503354.4697,2756684666018.7793,112415262.87457903,151791422.8958635,38270812.040890455,43073197.906543508,0.34044142283053636,0.28376569034532256,-16.647719309240937,35.02741444034713,12.548429493792664
flow05,298,5,165.09999999999999,128,2115110871878.5955,1962711997511.6208,3564208281155.7397,2969886009618.5718,127432683.27893136,152512381.73682013,43176357.13089934,46404468.900290266,0.33881698179730435,0.30426689539454699,-10.197271169668463,19.680742657668915,7.4765727909933242
flow05,299,5,203.19999999999999,128,2042673856946.2039,1706835948292.3267,3727051819727.2168,2572037119527.0825,99990985.816944003,132619277.62816711,36683580.902826943,40188079.992610738,0.36686887926062145,0.30303347078460607,-17.400060916768872,32.631233250321721,9.5533178701039194
flow05,301,5,139.69999999999999,128,1739731761666.2622,1669342829018.2744,2428266126498.7446,2239138560203.5088,123910909.00613806,129709453.30754499,34764010.400841013,34986540.003179885,0.2805564956279914,0.26973007063892063,-3.8589108282227231,4.6796075889651476,0.64011487677350765
flow05,302,5,139.69999999999999,128,1870804490843.7988,1813476855763.272,2873278732455.4429,2674425719774.6416,133246452.20663032,140908798.03597528,41134985.432432972,41787901.871478848,0.30871355110185894,0.29655991999030479,-3.9368634995695753,5.7505064506052799,1.5872533615414457
flow05,303,5,127,128,1568465054913.207,1574968590551.0645,2341034864089.8223,2354772748691.7407,122867553.61264531,122382810.72829857,36866690.77306807,36793324.198308513,0.30005228955151764,0.30064127453317913,0.19629411344997014,-0.39452473016183631,-0.19900504553328049
flow05,304,5,177.79999999999998,128,1891143507530.3499,1662397590646.9214,3437175458414.2603,2641913722766.2676,105798931.33298315,129173138.06405085,38663390.983287521,41279901.918223009,0.36544216936938084,0.31957032659339946,-12.552421866129833,22.093046155165389,6.7674119325604156
flow05,305,5,139.69999999999999,128,1971264115870.6699,1904561661928.1772,2692627053538.938,2499856170233.1001,140355085.10430205,148016752.13881743,38548705.132984079,39060252.659892261,0.2746512896510831,0.26389075625210062,-3.9178892670238876,5.4587741005762407,1.3270161089547923
flow05,306,5,177.79999999999998,128,2868853199570.4668,2585176836251.6387,3128658339301.8682,2362881691285.1084,160454564.33862856,200912097.86249551,35193007.191247113,36920026.426329888,0.21933316348031484,0.18376208709740316,-16.217828539232364,25.214323874566791,4.9072795220304561
flow05,308,5,190.5,128,2816743782155.5244,2517418704568.71,3463398585755.5049,2488657180260.4424,147025392.84291533,195625928.04339239,36361140.007931814,38885268.441569485,0.24731197315541767,0.19877359218428461,-19.626377304680755,33.055878485155816,6.9418297476015827
flow05,309,5,215.90000000000001,128,3254283168306.1001,2789070432328.1187,3639439646618.5723,2434761846289.3638,149921423.6547896,216724499.06323329,33714123.637040973,38043153.848271377,0.22487862518349222,0.1755369328927211,-21.941477208209637,44.558725350864492,12.840405575526198
flow05,310,5,215.90000000000001,128,3436789541720.8975,2993013823028.0459,3837206059909.2124,2549904576747.0942,158309908.49234298,232601942.19186234,35546142.287255332,39842259.011673421,0.22453517045002019,0.17128945113798502,-23.713754600367722,46.92822730240708,12.08602804124377
flow05,311,5,177.79999999999998,128,3336074920166.4961,3071961754342.0161,3453190294682.6235,2693003718907.4712,186631314.3161912,238694217.15593433,38843535.373257861,42078183.107929312,0.20812978526984521,0.17628488703788095,-15.30050020984579,27.896123986748574,8.327377267771487
flow05,312,5,127,128,2923169570780.7637,2934132321831.9375,2829877897160.376,2848792332583.2314,228912439.8581748,228002410.59913519,44565006.254494116,44512380.196613073,0.19468145235839893,0.19522767360066634,0.28057179338371058,-0.39754469420859317,-0.11808829910292078
flow05,313,5,190.5,128,3477583404472.7769,3080514492218.5708,3895473902210.5117,2896460789815.6362,181528644.0463044,239383502.35409936,40897363.802735038,45257199.840869397,0.22529427252430156,0.18905730510168711,-16.084282577004135,31.870925170926366,10.660432929524891
flow05,314,5,177.79999999999998,128,3014261222993.6558,2720200518785.084,3428741690444.9038,2693919566456.3638,168643646.97871459,211378427.27174118,38568522.952136159,42092493.225880757,0.22869834496050775,0.1991333447275962,-12.927509483296401,25.340284711952641,9.1369075194242555
flow05,315,5,114.3,128,2404391395726.748,2510878148278.8184,2531193029368.2979,2762595248302.0244,209262954.90619671,195137829.32514688,44290341.721230067,43165550.754719213,0.21164922258258018,0.22120544696023522,4.515123779359242,-6.7499408040861786,-2.5395852070649054
flow05,316,5,190.5,128,2809749897328.2944,2370028077836.2969,3779146201174.7471,2761237997432.2329,146690873.40992403,184191389.32156149,39676075.602884486,43144343.70987872,0.27047405663752966,0.23423648558596455,-13.397799220399225,25.564314288894568,8.7414595679974152
flow05,317,5,190.5,128,3494055416882.3262,3003718923605.1558,3907840080033.3403,2842841432237.3945,182454955.85127485,233409771.68903649,41027192.441294916,44419397.378709368,0.22486203375444377,0.19030650283951156,-15.367436795785594,27.927339983736381,8.2681868672059355
flow05,318,5,215.90000000000001,128,2583517336663.585,2133893850801.9766,3921206903575.6602,2545893623138.4961,119014475.74745297,165814054.21272829,36324288.129464202,39779587.861539073,0.30520899160656578,0.2399048021014222,-21.396548365562218,39.322593467187431,9.5123673718250483
flow05,319,5,190.5,128,3307464069421.1431,2973383621731.252,3543820658872.77,2630849087672.3789,172711402.30064532,231016707.73732781,37205466.234884731,41107016.994880997,0.215419860757773,0.1779395845326511,-17.398709707303297,33.758804954399146,10.486498772425215
flow05,320,5,177.79999999999998,128,2548484663649.187,2238829911258.0312,3368080652117.8643,2610038805988.5312,142573502.67653018,173963609.46139219,37886171.564880371,40781856.343570873,0.26573080448781755,0.2344275131439004,-11.780076233258931,22.016788670809103,7.6431179480133506
flow05,321,5,190.5,128,3006579980368.8877,2722821390203.0654,3562032612261.7217,2548088791783.5894,156966939.91037205,211609414.8529363,37396667.845267422,39813887.371618658,0.23824550485994617,0.18814799615266833,-21.027682657319353,34.811454548177494,6.463729700070421
flow05,322,5,254,128,3197847604167.001,2591892578633.8828,4469461951394.8877,2656245494291.98,125232380.49500044,201392406.37838069,35192613.79051093,41503835.848312266,0.28101848460762829,0.20608441298592908,-26.665175326927624,60.814963017029555,17.933371176604808
flow05,323,5,152.39999999999998,128,2743960239368.373,2603354608801.1855,3028837460614.0537,2614843557865.7798,179111357.28606531,202335272.53851613,39748523.105171315,40856930.591652885,0.22192072969268772,0.20192688145303703,-9.0094549830193227,12.96618796504292,2.7885501142993787
flow05,324,5,241.30000000000001,128,3132153793327.9961,2692253682162.9194,4042245920074.6074,2413338776418.7861,129093821.60469709,209222976.14993426,33503903.191666871,37708418.381543599,0.25953142276832114,0.18023077137819143,-30.555317943492305,62.070479864329663,12.549329449240052
flow05,325,5,152.39999999999998,128,2180057309126.519,2018333636467.2114,2925596763655.1113,2575696407691.5034,142250259.59235179,156866869.01109558,38393658.315683886,40245256.370179817,0.26990220211695243,0.25655676449647996,-4.9445456597978037,10.275277852308161,4.8226663874318776
flow05,326,5,177.79999999999998,128,3052185557718.6172,2819012631473.5425,3309927341738.3589,2561396299433.3159,170800398.70209846,219011559.22088704,37232028.590982668,40021817.178645633,0.21798560702379224,0.1827383783806639,-16.169521063508224,28.226608886830572,7.4929803538521993
flow05,327,5,165.09999999999999,128,2787116760742.1108,2610659178493.4722,3104704888219.9199,2572838700951.1245,167920165.39425966,202866306.17177865,37609992.588975415,40200604.70236139,0.22397543797477173,0.19816304373542057,-11.524653985611867,20.811163861987012,6.88809525090244
flow05,328,5,203.19999999999999,128,3563052841783.3188,3087465606882.4473,4024871391542.2007,2902602804206.6479,174372543.68265006,239917469.22020409,39614875.901005916,45353168.815728955,0.22718528424465237,0.18903654228739106,-16.791907136106367,37.589017257695538,14.485197250301947
flow05,329,5,165.09999999999999,128,3284692572375.8779,3077036331837.6265,3265653729350.103,2690853559553.2803,197894498.91449541,239107042.28978676,39559705.988493077,42044586.86802008,0.1999030099648485,0.17584001903659521,-12.037332970866517,20.825512382281083,6.2813431430703544
flow05,330,5,177.79999999999998,128,2539919833258.8789,2208901605472.5698,3417935819708.8516,2621382130367.1846,142067930.70555031,171646959.16290486,38446972.10021206,40959095.786987334,0.27062386218531731,0.23862406876730227,-11.824453749057161,20.820341586209189,6.5339961758950027
flow05,331,5,177.79999999999998,128,2637647054079.6831,2307222257512.9033,3465672284360.562,2636384632117.9487,147594575.30566424,179287155.04298651,38983940.206530511,41193509.87684302,0.26412854351723875,0.22976275052703202,-13.011010674037127,21.472726671483571,5.6678972382128938
flow05,332,5,139.69999999999999,128,3109001098674.8682,3007006669367.2319,2693730376564.4707,2476037365503.9429,221373059.60339698,233647148.08470035,38564500.73821719,38688083.835999176,0.1742059345762659,0.16558337712718071,-4.9496347354976624,5.544526738390446,0.32045818153044536
flow05,333,5,190.5,128,2641004578709.2222,2333003177247.9775,3640994573501.0698,2702714441922.9399,137909768.54092473,181267101.89092517,38225664.813659534,42229913.155046016,0.27717880479449913,0.23297064229811126,-15.949330082855317,31.438913870074515,10.475287639616425
flow05,334,5,165.09999999999999,128,3043849813668.9077,2836652171708.1167,2872974779868.9507,2297154890869.9863,183387998.43120861,220427527.5414004,34802844.092900679,35893045.169843599,0.18977710859282709,0.16283376931269264,-14.197359987153273,20.197357202786549,3.1325057056624499
flow05,335,5,190.5,128,2431872511406.3159,2116031936787.6562,3318025633228.2461,2392552079271.3706,127009008.3826433,164426095.58601382,34834914.784548521,37383626.238615237,0.27427121294893098,0.2273582310969568,-17.104595610881457,29.460183714404813,7.3165428129516483
flow05,336,5,165.09999999999999,128,2634242182905.9902,2424878082305.209,3118228199355.7842,2530851528955.979,158709670.60753113,188390901.05410996,37773812.227205142,39544555.139937244,0.23800573766305008,0.20990692713221426,-11.805938296586749,18.701589092183767,4.6877527268926062
flow05,337,5,165.09999999999999,128,2510561754725.6997,2298590183806.7686,3253066965787.4048,2602874195475.0176,151248998.8543525,178648682.63531223,39407231.566170871,40669909.304297224,0.26054540436408874,0.22765300423356319,-12.624440723030903,18.115613318766268,3.2041777306942256
flow05,338,5,203.19999999999999,128,4067740683112.4277,3646917500209.0063,4211535977604.2124,2964073525168.3447,199100652.59189743,283434681.57166356,41452125.763820991,46313648.830755472,0.20819683523984553,0.16340148839211668,-21.51586348376718,42.357484961452194,11.728042838221752
flow05,339,5,203.19999999999999,128,3341091356684.7285,3015807378345.8809,3947052470795.2979,2768047177233.5767,163523251.59724027,234373342.3757152,38848941.641686007,43250737.144274712,0.23757441992024117,0.18453778363130163,-22.324220051445383,43.327227220860031,11.330541622440117
flow05,340,5,228.59999999999999,128,3082833028028.1328,2643404945297.9292,4364152167611.874,2814163834925.4146,134127941.80245747,205410879.13216642,38181558.771757431,43971309.920709684,0.28466521038540143,0.21406514643470984,-24.80108610922559,53.145479138637555,15.163736985077945
flow05,341,5,228.59999999999999,128,3563114949998.5566,3062745704055.3926,4474614023425.6699,2911002372414.2837,155064418.1119611,238033449.70490015,39147979.207573667,45484412.068973266,0.25246268411691758,0.19108411916628593,-24.311935510519536,53.506170276299592,16.185849154057323
flow05,342,5,165.09999999999999,128,4372954252321.3306,4109546328112.3652,3316878115519.0166,2692161211811.3716,263448987.64370325,319348471.04110509,40180231.562919654,42065018.934552759,0.15251617370897119,0.13172137257277911,-13.634489136786488,21.218332967368266,4.6908325271387481
flow05,343,5,203.19999999999999,128,2838086275510.8584,2513032824628.6396,4089773235122.3901,2910017513681.3589,138920460.73510343,195290150.15315408,40253673.57403928,45469023.651271313,0.28976058214200617,0.23282804389065578,-19.648130822517754,40.576952537997698,12.956208997023214
flow05,344,5,114.3,128,2353357821210.7651,2452873718410.4102,2434642346999.0073,2731436139590.4111,204726557.85573623,190615129.28940004,42600915.957987882,42678689.681100249,0.20808690579366496,0.22389980186884137,7.5991788213988736,-6.8928177731977609,0.1825634997826476
flow05,345,5,139.69999999999999,128,2084774504500.2544,1988173596231.5701,2920984936271.9062,2725692006678.7485,148461681.25805718,154486883.21388882,41817966.15994139,42588937.604355522,0.28167514880323291,0.27567995883113688,-2.1284057175679454,4.0584222843055349,1.843636874795376
flow05,346,5,215.90000000000001,128,3638832805997.3574,3197613047803.9653,3977079517595.7642,2705465892206.2222,167660329.20148483,248483106.47134855,36841866.767908894,42272904.565722302,0.21974110955987922,0.17012385737618183,-22.57986786499626,48.206261824009317,14.741483736497612
flow05,347,5,139.69999999999999,128,3509970781023.7817,3407907138448.0547,3153836539022.1406,2931367358242.4155,249976917.76620355,264770126.19918871,45151561.045413606,45802614.972537823,0.18062292090361159,0.17299011648345911,-4.2258227150615575,5.917829760114425,1.4419300508112771
flow05,348,5,215.90000000000001,128,3478302088939.127,2986670250054.6743,4351604002897.7163,3078584123658.3599,160227020.26204616,232108951.68754545,40311292.291780613,48102876.932161957,0.25158860363160213,0.20724266161399871,-17.626371535706998,44.862552712981049,19.328540955681621
flow05,349,5,127,128,2324055966795.001,2333209416309.291,3114291761695.2183,3130745911185.9844,182086102.30696917,181278444.48933434,49043964.751105808,48917904.862281092,0.26934490952211843,0.26984954002713329,0.18735475859194928,-0.44355818890188231,-0.25703445768395772
flow05,350,5,215.90000000000001,128,3271976901729.8413,2776815015141.522,4323746524295.3623,3024031612438.7935,150731939.28294113,215800061.01541862,40053233.203291923,47250493.944356233,0.26572492461672248,0.21895496100429857,-17.600894488871972,43.168104943131638,17.969237850373528
flow05,351,5,165.09999999999999,128,3107320116990.311,2862365310540.1455,3422475711154.082,2893132094312.3921,187208252.81799352,222448598.59038886,41459427.149050064,45205188.973631211,0.22146153561594048,0.2032163351897347,-8.2385414584348791,18.824141159341142,9.0347650272996383
flow05,352,5,254,128,2833044541668.001,2290166996449.064,4559152226512.1484,2638642419905.4951,110923058.56633088,177966439.68745428,35898836.42922952,41228787.811023436,0.32363727518171864,0.23166608200641467,-28.417985265653716,60.441338336367757,14.847142447921147
flow05,353,5,177.79999999999998,128,2163416246488.8425,1845582468484.9062,3591087017466.0718,2829127712208.938,121060336.93246272,143418249.22597831,40394679.611541875,44205120.50326474,0.33367394007896495,0.30822521361010707,-7.6268246968388826,18.468404152871845,9.4330266469897115
flow05,354,5,139.69999999999999,128,1951966299221.4709,1862853568349.689,2798415996943.3491,2606227164587.8696,138987648.50406578,144741675.2668941,40063221.144500345,40722299.446685538,0.2882502263740967,0.28134467403114066,-2.3956797640095782,4.1399554742880618,1.645095634741959
flow05,355,5,177.79999999999998,128,3204178526587.8433,2872599711738.498,3891857593603.4478,3115964530304.5063,179272584.99123043,223215135.16460142,43777925.687327877,48686945.786008,0.24419754804935392,0.21811668707010251,-10.680230488628945,24.511583952181283,11.213459801045591
flow05,356,5,190.5,128,3161122070504.79,2783137503563.1846,3918282711297.3647,2974648562274.313,165072481.62990001,216263481.29915878,41136826.365326673,46478883.785536222,0.24920462792555154,0.21491785624796106,-13.758481117707596,31.011225592422676,12.986070857211903
flow05,357,5,177.79999999999998,128,2445081328515.5889,2175744914138.2151,3494257372772,2653553146765.6255,136783575.83974171,169066087.80488065,39305482.258402705,41461767.918212973,0.28735527651692461,0.24524000322326051,-14.656168421248253,23.601161007050848,5.4859666792392501
flow05,358,5,215.90000000000001,128,3092425321043.0503,2580362823447.8906,3954993121700.6572,2757263919248.7915,142486620.13629571,200512069.47585246,36637268.380737916,43082248.738262445,0.2571277804589126,0.21486112457410356,-16.437996629291867,40.7234372490922,17.591323377462782
flow05,359,5,152.39999999999998,128,3211356244134.3105,2994793951997.5171,2872309110173.3496,2454428301949.4185,209629617.56816149,232674172.26986042,37694345.277865484,38350442.217959732,0.17981402492235665,0.16482466379414076,-8.3360355982734191,10.992986090911485,1.7405712587864326
flow05,360,5,152.39999999999998,128,2647525371362.4102,2526880616298.9541,3305357284930.6836,2880109895217.5356,172779107.5098789,196340917.88462806,43377392.190691397,45001717.112774074,0.25105692936983848,0.22920192895918692,-8.7051970505288807,13.636955714337148,3.7446347971818614
flow05,361,5,203.19999999999999,128,2400875213431.8735,2002965285175.8918,3703601887551.8213,2652559822150.4492,117506191.74004363,155660362.10398892,36452774.483777776,41446247.221100844,0.31022003133606313,0.26626076581662245,-14.17035042196207,32.469923328255696,13.698470988937384
flow05,362,5,215.90000000000001,128,2615881840024.4409,2115477304424.2146,3756236936901.1489,2390197826137.939,120510941.82234555,164378752.38342655,34796080.934702635,37346841.033405364,0.28873793871761633,0.22719992999028779,-21.31275474246295,36.401516657093183,7.3305959469671738
flow05,363,5,203.19999999999999,128,3903237826571.2959,3483407418435.2368,3795019296043.7979,2708228811923.6978,191117258.49648482,270649938.92976153,37352552.126415342,42316075.186307855,0.19544311393051067,0.15634984199013482,-20.002378776197439,41.61459883788546,13.288310375939105
flow05,364,5,165.09999999999999,128,3173051756425.3682,2873398907293.21,3189847382619.502,2664778435396.3779,191172247.69644132,223294538.19932598,38641397.730096944,41637163.053068481,0.20212869909577494,0.18646744962431941,-7.7481572589722827,16.80280003501921,7.7527354054229809
flow05,365,5,165.09999999999999,128,3053743948247.3535,2735267733527.5723,3205291737050.9111,2660223887124.1177,183980422.86632255,212576706.88223875,38828488.637806319,41565998.236314416,0.21104684962061709,0.19553411493640627,-7.350374910640407,15.543112452075313,7.0502605034249353
flow05,366,5,203.19999999999999,128,2910342767714.6567,2393157804920.6235,3963755523858.7202,2694284818032.6548,142457317.69208485,185955336.60739613,39013341.770263001,42098200.281760305,0.27385986485151015,0.22638877189441148,-17.334081787719434,30.534071271319529,7.9071885963090311
flow05,367,5,203.19999999999999,128,2432963131404.0522,2112647490317.1177,3614545082073.9692,2439606431871.8745,119074735.70858169,164188551.19365308,35576231.122775294,38118850.497998111,0.2987722870940735,0.23216509446531766,-22.293631473183936,37.886975114083796,7.1469610326291022
flow05,368,5,177.79999999999998,128,2219776500607.3423,1960339409320.2422,3587920976545.6685,2775790321527.9834,124186423.5767571,152320151.7747561,40359066.102875918,43371723.773874819,0.32498774777849043,0.28474054987819925,-12.384220074574447,22.654431448869381,7.4646367270233354
flow05,369,5,203.19999999999999,128,4088560810924.2871,3537163825084.5337,3529777570659.4365,2400781487128.3423,200116464.10054347,274883435.9544903,34741905.223025955,37512210.736380413,0.17360843036668269,0.13646588273362145,-21.394437790037927,37.361729425911733,7.9739596765648235
flow05,370,5,177.79999999999998,128,3243628054844.7524,2961156294923.7866,3242537260147.1714,2537397534670.0337,181405553.32248637,230102360.54449442,36473984.928539619,39646836.479219347,0.20106322138716157,0.17230086812409262,-14.305129035849367,26.844165644388667,8.6989440745123598
flow05,371,5,228.59999999999999,128,2899907180271.4702,2435788585734.5137,4237316451213.8613,2700557184366.9106,126167376.95494232,189248321.57813281,37071884.962500982,42196206.005733058,0.2938309875122499,0.22296739888555359,-24.117125707764906,49.997825226816246,13.822661157951471
flow05,372,5,190.5,128,2075348594488.2249,1730046211895.4292,3662819741498.0352,2672438268046.9956,108347513.59485698,134450467.91044515,38454800.435674913,41756847.938234381,0.35492093136044311,0.31057421061597051,-12.494816965144242,24.09188125275745,8.586827821621263
flow05,373,5,165.09999999999999,128,2025410399386.6941,1775390506106.1765,3233669182453.7178,2652560751024.978,122013685.89161585,137967270.11283466,39172249.333176479,41446261.734765358,0.3210479959434468,0.30040647829640388,-6.4294180022475391,13.075241604773991,5.8051616649517532
flow05,374,5,152.39999999999998,128,2196704080163.1672,2070427778681.1189,2727929265539.8252,2343309180038.7539,143380008.19118732,160886583.40261003,35799596.660627633,36614205.938105598,0.24968332135182575,0.22757774553817525,-8.8534451135812144,12.20991366389023,2.2754705456608435
flow05,375,5,165.09999999999999,128,2643205335557.8281,2417584211261.5312,3151197509160.9517,2558711260272.0249,159246499.90302953,187838785.57318234,38173198.172755323,39979863.441750459,0.23971137950284777,0.21284136457629635,-11.209319717019191,17.954734130774366,4.7328108606959089
flow05,376,5,165.09999999999999,128,2729784412296.6064,2547479344289.6855,3120450048882.8169,2529691100863.4785,164449499.8275733,197972135.25011256,37800727.424383007,39526423.450991921,0.22986222192233721,0.19965649913840311,-13.140794747098377,20.384759733345515,4.5652455499990463
flow05,377,5,190.5,128,2411012472876.646,2132964046070.032,3641293196005.0596,2648595338174.9878,125895514.5160452,165707564.94027093,38228799.958058372,41384302.158984259,0.30365498012390402,0.24974298653112895,-17.754358440219459,31.623088858461074,8.2542538724413408
flow05,378,5,190.5,128,2890865558721.5229,2594790534939.4683,3974035380923.2715,2976449119906.2432,150946699.00068402,201654036.26414397,41722156.230165586,46507017.498535134,0.27640323707891434,0.23062775414827899,-16.561124035449069,33.592875895371627,11.468394015815605
flow05,379,5,177.79999999999998,128,2902360064437.3745,2554542834124.0269,3538487087607.1069,2753106556795.5542,162331616.44092444,198505677.41109061,39803004.360034958,43017289.949930616,0.24519563861128696,0.21670559004136181,-11.619312941814163,22.284051476398993,8.0754848574270657
flow05,380,5,165.09999999999999,128,2920497049968.8809,2711838473957.5859,3163290364130.0122,2611729216645.4609,175927970.05675703,210728638.45205453,38319689.450393856,40808269.010085404,0.2178146512918403,0.19365317077854227,-11.092679197656507,19.781202718402465,6.4942581617554591
flow05,381,5,165.09999999999999,128,2962289511917.1509,2706599784899.7681,3265341018412.4824,2606989749347.186,178452654.40353885,210337854.11653984,39555917.848727837,40734214.833549857,0.22166057423432425,0.19366088431700293,-12.631786240760157,17.867596208963242,2.9788134087246703
flow05,382,5,190.5,128,3428371111883.3516,3015894663163.207,3373797964739.8721,2466628418420.2095,178953569.70698836,234361964.21822274,35420451.073384486,38541069.037815847,0.19793095567403635,0.16445104121899615,-16.914946093716022,30.962441599772461,8.810215200156625
flow05,383,5,203.19999999999999,128,2931149658645.9565,2471916171422.0498,3599797319307.27,2531946245622.4761,143459448.40476757,192114785.3985458,35431075.977433763,39561660.087851264,0.24697624570161311,0.20592720131238126,-16.620644739585877,33.915742416977864,11.65808261947306
flow05,384,5,152.39999999999998,128,3859637490130.2368,3697629736540.8291,3387441754061.4092,3013416443558.7153,251844037.58788353,287361137.99689651,44454616.195031628,47084631.930605009,0.17651645288413365,0.16385177292523639,-7.1747872518208915,14.102815674807834,5.9161814018030352
flow05,385,5,177.79999999999998,128,3780980136421.7808,3441845723141.1694,3633163186925.4233,2877490761517.0078,211536550.63921455,267420724.27240467,40867977.355741553,44960793.148703329,0.19319581997649093,0.1681275573201447,-12.975571965996298,26.418211634973282,10.014725606151819
flow05,386,5,177.79999999999998,128,3364652919550.2207,2999680339684.249,3623544760034.502,2801783915148.9946,188170581.93448433,233101966.39886501,40759783.577440977,43777873.67420312,0.21661081747428712,0.1878056815672417,-13.298105903905167,23.878006860830411,7.4045783168302775
flow05,387,5,215.90000000000001,128,3018184187740.3936,2584953707689.0674,4135846089470.6636,2762875996211.5864,139065884.93295836,200858437.26623809,38312608.517560579,43169937.440806113,0.27549969236546062,0.21492717970111611,-21.986417532544035,44.434012240362918,12.67814725019096
flow05,388,5,190.5,128,2589133006977.1201,2216320184718.8442,4086183081998.4243,2989569882847.9458,135168258.7797347,172227882.54892501,42899559.915993966,46712029.419499241,0.31737894904676944,0.27122222446315969,-14.543095792029998,27.417401173733648,8.8869664653224021
flow05,389,5,228.59999999999999,128,2986804788949.8096,2552279241189.2432,3830276889681.5898,2363845096262.1899,129959340.77077033,198340026.18659827,33510733.942971043,36935079.629096784,0.25785552422952945,0.18622100813049336,-27.780873150993969,52.616983904559568,10.218653199160995
flow05,390,5,203.19999999999999,128,2333419207745.2402,2000932135503.8845,3750145819518.7939,2625251986602.106,114251153.53482491,155482274.56006688,36910884.050381832,41019562.290657982,0.32306793330652034,0.26382147036838627,-18.338701192582374,36.088144188998768,11.13134606764762
flow05,391,5,177.79999999999998,128,2125472647032.0164,1916651599829.2434,3412471324999.4053,2657528354817.5669,118928242.90791519,148944802.89060614,38385504.218216039,41523880.544024557,0.32276188800617789,0.27878703881008959,-13.62454825993786,25.239219254195515,8.175941386538268
flow05,392,5,165.09999999999999,128,2861369924126.9536,2675479518460.8765,3371962965609.0874,2752827906097.2505,172390369.83437777,207914035.88973173,40847522.296899915,43012936.03276962,0.2369478198587528,0.20687846228708556,-12.6902866587217,20.606525810857622,5.3012119563346145
flow05,393,5,165.09999999999999,128,2917884918575.689,2711539494649.1641,3473684003018.0518,2851461487889.8765,175781176.43747965,210721733.53397095,42079757.759152666,44554085.7482794,0.23938716654407668,0.21143564548882535,-11.676282174510312,19.87730302221448,5.8800908581479403
flow05,394,5,177.79999999999998,128,3241573497115.7495,2972146091064.4897,3435794418969.7876,2585203515955.4033,181354701.75234586,230926521.4800165,38647856.231381193,40393804.936803252,0.21310644751939151,0.17492059672452467,-17.918674558822126,27.334179510473827,4.5175822818456552
flow05,395,5,190.5,128,3094763190533.3105,2750308672173.2622,3567958068854.9404,2554527669052.4946,161596029.2586841,213706999.95489138,37458877.36330647,39914494.828945301,0.2318056794783121,0.18677205162849289,-19.427318584759952,32.247680178321502,6.555502029124546
flow05,396,5,177.79999999999998,128,2758989757314.1807,2468883274867.1377,3425795025645.1694,2613800823659.0742,154307048.55688819,191874115.21542111,38535377.116368614,40840637.869673111,0.24973180082672519,0.21285121145090605,-14.768078896531286,24.345658224862689,5.982193313803835
flow05,397,5,190.5,128,2501139765974.0146,2229298833745.5786,3309701642578.0029,2380636843292.3018,130603946.03692806,173258815.15952769,34747523.80659321,37197450.67644228,0.2660526336376422,0.21469297618244015,-19.304322138435495,32.659709309655192,7.0506516766072602
flow05,398,5,177.79999999999998,128,2524125719979.9844,2217645256369.7612,3438319926455.251,2671855954714.0186,141250153.76491341,172290801.38689104,38676264.639541633,41747749.292406619,0.2738139648606091,0.24230979806437333,-11.505682996217393,21.975655809649204,7.9415235196337362
flow05,399,5,127,128,2142685141479.2119,2148789384202.387,2442069725787.8999,2459457593262.6313,167784228.54310414,166980135.91918489,38457790.95728977,38429024.894728683,0.2292098088790859,0.23014129604809747,0.40639062244624397,-0.47924207829383403,-0.074799050712595946
flow05,400,5,215.90000000000001,128,3154178033129.3442,2710905018637.7251,3728110423438.7422,2384798322037.7329,145294110.98173639,210677868.43525478,34535529.628890626,37262473.781839646,0.23769393952403051,0.17686942657335217,-25.589425238386891,45.000968732818905,7.8960542439974652
flow05,401,5,165.09999999999999,128,2402968359033.623,2185170699258.1028,3198783539678.6025,2614132715582.2505,144778622.34245864,169807289.18864182,38749649.178420387,40845823.68097274,0.26764758879085171,0.24054222805239189,-10.127257585586099,17.287543175387107,5.4095315622101392
flow05,402,5,165.09999999999999,128,2621528135703.4824,2396738425945.0366,2952646509255.4165,2446778882296.0454,157927852.74850705,186267236.51232678,35767977.095765196,38230920.035875782,0.22648302039998022,0.20524769010220292,-9.3761246473464794,17.944512807977521,6.8858882723960093
flow05,403,5,139.69999999999999,128,2213709743778.0781,2127297009782.5837,2712946530035.5117,2533868955814.938,157662121.12240145,165314256.29993019,38839606.729212768,39591702.434608474,0.24634710260595521,0.23949357617879682,-2.7820609029532437,4.8535026187983235,1.9364143170636838
flow05,404,5,203.19999999999999,128,3026769955595.5708,2708659541363.126,4085050379924.6938,2957184277662.019,148141808.7644549,210503361.26418832,40207188.778786361,46206004.338469133,0.27141013812458364,0.21950245383720571,-19.125182517519328,42.095849254067183,14.919758734407701
flow05,405,5,215.90000000000001,128,2465469402872.1597,2023090201058.6702,3924440069347.3555,2690104676835.3462,113585076.62791631,157208125.64201957,36354238.715584584,42032885.575552359,0.3200617527835487,0.26737094793220756,-16.462699586281047,38.40561657320908,15.620315706221662
flow05,406,5,165.09999999999999,128,3085589598189.7109,2807015287243.4546,3126008301074.6606,2496287243198.144,185884154.00487912,218135804.49709412,37868059.370983176,39004488.174971074,0.2037185986815703,0.17880828076296237,-12.227807416614375,17.350403354644452,3.0010220298183521
flow05,407,5,241.30000000000001,128,2128694482326.8721,1651199205329.7971,4583976000335.4219,2861405490952.0752,87751200.134460315,128299677.2754796,37993999.173936367,44709460.796126254,0.4329741258890879,0.34847679858249375,-19.515560458279964,46.208458777643209,17.675058609772908
flow05,408,5,203.19999999999999,128,3197922458058.9932,2840248351951.9639,3646396960350.4233,2576004918171.1846,156518673.09886554,220724078.54334417,35889733.86171677,40250076.846424833,0.22930001354564833,0.18235471685759386,-20.473307420328062,41.020923684883961,12.149276451891438
flow05,409,5,165.09999999999999,128,2383251426401.8027,2198505803240.9563,3299510656018.5806,2681108266100.8003,143582052.8299754,170834720.90637887,39969844.409673907,41892316.657825083,0.27837632644105409,0.24522132524092091,-11.910136764863774,18.980553306808531,4.8098066843759826
flow05,410,5,190.5,128,3527045952679.0996,3082026452876.1836,3776242804428.0137,2740374845911.271,184180874.7798408,239457700.34485117,39645593.74727574,42818356.967363685,0.21525358588217045,0.17881386527014798,-16.928740333259547,30.012250528772384,8.0028142353296534
flow05,411,5,152.39999999999998,128,3582031107481.209,3400774462384.8579,3253239957288.064,2837860167628.3765,233806090.0775528,264256912.7134496,42693437.759685889,44341565.119193465,0.18260190632983342,0.16779718140155453,-8.1076508048810538,13.023964699036005,3.8603763154061395
flow05,412,5,190.5,128,3260531868529.9956,2910705933581.2773,3682977852070.2271,2793770693748.1338,170195676.43036923,226199545.0710634,38666434.142469585,43652667.08981467,0.22718811049403401,0.19298300125272419,-15.055853568625921,32.905576578266711,12.895507584104884
flow05,413,5,152.39999999999998,128,1647884284154.7722,1533977726623.8003,2937556545672.3599,2540460292365.2617,107555923.66570275,119197618.86371379,38550610.83559528,39694692.068207286,0.3584238740342689,0.33301581396179358,-7.0888302686126448,10.823853118676089,2.9677382739565612
flow05,414,5,203.19999999999999,128,2261879956150.4741,1897903270372.3667,3596792515720.2642,2497668978388.6992,110706939.74588622,147487852.53211039,35401501.13897898,39026077.787323497,0.31977671156152132,0.26460536998344941,-17.253083036804444,33.223674026804559,10.238482922278289
flow05,415,5,88.899999999999991,128,2084684921485.9045,2308199192148.04,1749588748400.5444,2372577507453.3618,233166273.54924342,179367702.42212385,39360826.735670298,37071523.553958848,0.16881012050551775,0.20667892297976112,22.432779717733563,-23.073050106347225,-5.8161968931328252
flow05,416,5,203.19999999999999,128,1935648148165.8264,1597007096237.8091,3855643764622.0723,2619065740228.4346,94739635.64049308,124111338.68512708,37949249.651792057,40922902.191069365,0.40056360144551795,0.32972734501632905,-17.684147080154407,31.002550142888786,7.8358664968673093
flow05,417,5,177.79999999999998,128,1939630422555.8208,1680595899570.7043,3749731883774.3784,2864732912442.2495,108511503.79134041,130583827.10543366,42179211.291050382,44761451.756910227,0.3887072781901344,0.34277944481417089,-11.815532137656069,20.340998459054344,6.1220691113485737
flow05,418,5,139.69999999999999,128,1867750015659.6296,1792106401098.0903,3119862329473.2676,2894032449955.0176,133016303.87743984,139255487.25630215,44665172.934477702,45219257.030547231,0.33578720527095562,0.32472154542334408,-3.2954382042884469,4.6905403300117552,1.2405282677005465
flow05,419,5,152.39999999999998,128,2038878168123.6655,1855848767721.3838,3275857176242.0073,2801292715431.6055,133113283.90777691,144189962.31900334,42990251.656719267,43770198.678618915,0.3229598909640275,0.30355926289641783,-6.0071323438025885,8.3212419422396202,1.8142415823186844
flow05,420,5,190.5,128,1924929309536.5291,1598281299805.5264,4444719432956.4912,3403466346384.4658,100503309.24730082,124191115.39052942,46663721.080908053,53179161.662257373,0.46430034424126471,0.42820423582662109,-7.7743014542946298,23.569180279369537,13.962539699850558
flow05,421,5,190.5,128,2000539153327.7024,1714365816972.0442,3823527876582.9092,2703577317302.4824,104499972.01948923,133221542.90121628,40142024.951001674,42243395.582851365,0.38413431291173161,0.31709132519336475,-17.453006790823281,27.484764183832016,5.2348396335627694
flow05,422,5,152.39999999999998,128,2082277926415.2649,1915127739186.6917,3228328573412.002,2797068112928.9077,135861246.9261964,148834070.94647443,42366516.711443603,43704189.26451426,0.31183665445421882,0.29364371334189809,-5.8341252872156044,9.5485830682278632,3.1573814816579877
flow05,423,5,165.09999999999999,128,2161227576730.1648,1938694746129.1587,3728252055527.2378,3107634315697.71,130213762.47057998,150646123.1029731,45163562.150541954,48556786.182776809,0.34684169548319477,0.32232350347035588,-7.0689863220400646,15.6913987006631,7.5131895507363931
flow05,424,5,177.79999999999998,128,2190918328189.7556,1964922054508.4438,4076739783957.9023,3285478111042.6304,122597016.79131252,152680170.65240428,45857590.370730065,51335595.485041194,0.37405143755487885,0.33622961819916464,-10.111395267707051,24.538242975601932,11.945688968881418
flow05,425,5,165.09999999999999,128,2863812539767.5581,2599807817715.7031,4016590922809.2417,3325707479625.6201,172534076.27279305,202012644.90951467,48656461.814769745,51964179.369150408,0.28201073588407644,0.25723231034585065,-8.7863412222757464,17.085650135636481,6.7981053923994939
flow05,426,5,152.39999999999998,128,2668960646364.7759,2522796404591.7847,4373618695423.645,3991341596275.416,174151543.26345596,196069144.85031,57396570.806084588,62364712.441803485,0.3295783070911707,0.31807509789169602,-3.4902810506556059,12.585361677614969,8.6558161331691039
flow05,427,5,165.09999999999999,128,2843883106606.0713,2647085861238.9272,3803973496886.2417,3116122671376.1294,171323109.74550256,205712851.5348078,46080841.876271866,48689416.740252107,0.26897037968038368,0.23668631481691155,-12.002832766134004,20.073031501932569,5.6608663335282055
flow05,428,5,203.19999999999999,128,2655832320292.9771,2198791450665.543,4488878698971.4434,3192213131591.1724,129997262.6483022,170852504.37613225,44181876.958380356,49878330.181112155,0.33986774843029655,0.2919379517627958,-14.102484536666962,31.427770781882408,12.893189730481344
flow05,429,5,215.90000000000001,128,2913219858566.1279,2543084324090.8433,4897883134537.8232,3419804576175.7412,134204883.4779655,197625480.50967991,45371775.215727873,53434446.502746053,0.33807842188676585,0.27038237359341311,-20.023770791271168,47.256549380430819,17.7702354573583
flow05,430,5,177.79999999999998,128,2719556392677.0303,2383425739524.6367,4343015211646.2329,3515494616507.77,152104414.49100953,185208693.57260373,48852814.529203981,54929603.382934004,0.32117946538686115,0.29658220855275902,-7.6584151494475838,21.764180344385011,12.438973910289954
flow05,431,5,190.5,128,2983029242636.3701,2672529547836.0059,4262164936129.0317,3204291391642.5264,155764437.36520171,207641884.13479018,44747138.437050208,50067052.994414568,0.28727442023327249,0.2411221281440197,-16.065576618961135,33.305064780581333,11.888837461301257
flow05,432,5,152.39999999999998,128,3105004310062.2148,2922124233573.1953,3287848958397.5425,2821441432366.0176,202616879.56901428,227075163.94209769,43147624.125952013,44085022.380719103,0.21295177488534611,0.194142862721704,-8.8324749459209198,12.071197831645888,2.172537361572298
flow05,433,5,165.09999999999999,128,2794694078147.6514,2625856501738.8125,3595459310689.8506,2975500951182.0493,168373317.14556858,204073598.00390288,43554928.051966704,46492202.362219602,0.25868070303747071,0.22782076082830882,-11.929742669939985,21.203051328773977,6.7438391971359621
flow05,434,5,177.79999999999998,128,2215366082552.3398,1943748209065.1323,3366857309153.6816,2559816369076.3618,123900513.23340237,151038802.04382697,37872410.676644348,39997130.766818225,0.30566790797146043,0.26481361230084605,-13.365582256161762,21.903290068945719,5.6102055618133067
flow05,435,5,139.69999999999999,128,1872163883270.8643,1799367983863.0474,3036797616557.9126,2836942980210.0752,133305403.81452274,139812525.88075802,43475985.920657299,44327234.065782502,0.32613821102967827,0.31704765926042916,-2.7873310951662389,4.8813640557955882,1.9579731824338882
flow05,436,5,190.5,128,3098430285506.9038,2801610786506.5859,3966621240803.3823,2960339077468.4927,161736983.12358481,217715815.6493313,41644317.48874943,46255298.085445285,0.25748172548098414,0.21245722524792313,-17.486483807327993,34.611028006484155,11.072292391252542
flow05,437,5,165.09999999999999,128,2362744439523.7397,2218397700704.3071,4037174259704.3091,3374621939492.6978,142326632.51661149,172416044.22745866,48905805.68993713,52728467.804573499,0.34361668526253614,0.30582112030717884,-10.999339256904843,21.14109719228783,7.8163769325712602
flow05,438,5,152.39999999999998,128,2084621670464.043,1933748890662.4875,3410599264986.3789,3056548442883.1372,136034819.02861825,150254044.33516577,44758520.537878998,47758569.420049109,0.32902253156570854,0.3178521392310476,-3.395023520579203,10.452636617656074,6.7027436253867663
flow05,439,5,165.09999999999999,128,2750974091773.168,2567844923525.3413,3716809068947.8882,3120464567711.4512,165735978.58922476,199534188.26306114,45024943.294341475,48757258.870491512,0.27166668141463368,0.24435541244797157,-10.05322729472962,20.392801829471775,8.28943981506157
flow05,440,5,177.79999999999998,128,2510663402623.5596,2317121013978.9316,4042897796258.4497,3231794494467.084,140457614.07143816,180042406.35662824,45476915.593458384,50496788.976048276,0.32377679126977316,0.28047163997588531,-13.375001686827417,28.18273152857121,11.038289024403349
flow05,441,5,139.69999999999999,128,2421104993178.0107,2362403522213.2588,3484500204050.1855,3259801364536.5635,172388081.74458319,183560898.35561636,49885471.783109315,50934396.3208839,0.28937889022410229,0.27747955461738716,-4.1120261389833894,6.4812001490841151,2.1026653658505436
flow05,442,5,177.79999999999998,128,2428680521326.2881,2187898644595.25,3703698907486.9526,2903090457425.0166,135835767.06729671,170023666.47798511,41661405.033599027,45360788.397265963,0.30670423507056754,0.26679102584309544,-13.013582684402364,25.168554754618338,8.8796413867546313
flow05,443,5,165.09999999999999,128,2548471881849.1206,2358985355541.6279,3392664485202.5713,2829370468104.8403,153548271.15555015,183271637.42659497,41098297.82195726,44208913.564138211,0.26765718371601294,0.24122070487772568,-9.8769920804130695,19.357669120829069,7.5687215943991415
flow05,444,5,152.39999999999998,128,2527509244321.6304,2405610937434.4155,3722421379110.2544,3279752080616.6602,164907434.45645088,186951951.87542856,48850674.266538784,51246126.259635411,0.2962308790234644,0.27411388726116204,-7.4661331172536132,13.367812974374568,4.9036211455886463
flow05,445,5,190.5,128,3102377475387.8149,2860841555036.9536,4212492397995.6846,3272653418911.5845,161945834.86585584,222312952.22106773,44225641.973707981,51135209.670493603,0.27308909803293979,0.23001453203520419,-15.773081499042476,37.276116057702637,15.623442393201076
flow05,446,5,177.79999999999998,128,3607419097961.98,3354053038004.9009,3636818801137.3276,2947680966469.0449,201762453.31653833,260673556.43414125,40909097.8755605,46057515.101078913,0.20275872543728238,0.17668656434169328,-12.858712264717692,29.198248806570206,12.585017741479282
flow05,447,5,190.5,128,2697489943864.7432,2412227386262.8745,3618539953666.1631,2639265491117.8833,140805593.74111056,187461306.58045268,37989920.773398042,41238523.298717,0.26980405937030782,0.21998418794237243,-18.465204542959562,33.134843296868397,8.5512221641529464
flow05,448,5,177.79999999999998,128,2097281040906.3225,1882080671403.0398,3395797332986.2397,2677971166411.2256,117363912.25338998,146220495.01353654,38197945.252938583,41843299.475175478,0.32546584822827651,0.28616576268122867,-12.075025923913033,24.587270657648901,9.5433254278421042
flow05,449,5,127,128,1484185212325.2632,1490449973454.5793,2615015176285.9463,2632817864344.6392,116262365.89024371,115815298.21967289,41181341.358833805,41137779.130385064,0.35421041919713409,0.35520159912170585,0.27982799795059804,-0.38453343620485941,-0.10578147047023423
flow05,450,5,203.19999999999999,128,2028497443374.1082,1656110845257.5271,3792485139703.75,2498227569065.1489,99282497.429304317,128694611.05467373,37327609.642753452,39034805.766643025,0.3759737175158509,0.30331344449271264,-19.325891581789872,29.624671404255093,4.5735479454173866
flow05,451,5,177.79999999999998,128,1800166534165.9819,1592627305205.4238,3410324827289.3335,2660033228773.6719,100705531.86864585,123739000.24609202,38361359.137112871,41563019.199588701,0.38092603678563647,0.33589263786622003,-11.822084754148394,22.872098433966492,8.3460548179023455
flow05,452,5,177.79999999999998,128,1597832969685.4001,1414466388517.2593,2977181659966.7109,2284997281526.0254,89373223.770237103,109916677.52277245,33489107.53618348,35703082.523844212,0.37471074806787891,0.3248195208270126,-13.314597325569244,22.986139344541225,6.6110301245520837
flow05,453,5,165.09999999999999,128,1333840438558.3977,1205322621860.7517,2691275130117.3467,2197342041528.3105,80360544.983812004,93661918.819781959,32601758.087430008,34333469.398879915,0.40569359122685611,0.36656807624176585,-9.6441047704921754,16.55211999700775,5.3117114322665611
flow05,454,5,139.69999999999999,128,2027545940934.6587,1960741961209.6726,2647533603586.9526,2476074852776.3491,144352133.24287519,152371106.44299337,37903129.614702255,38688669.574630529,0.26257408715207226,0.25391080026779966,-3.2993685623117748,5.555147000582326,2.0724936645431273
flow05,455,5,190.5,128,1778899723475.072,1529751004664.8408,3216713994233.9736,2340818840558.9688,92870837.45110862,118887605.38335437,33771275.530015476,36575294.383733951,0.36363703027652994,0.307645984337867,-15.397509405487176,28.013926272541845,8.302969934393797
flow05,456,5,165.09999999999999,128,2396928275545.1826,2255107416382.0752,2839661896342.5146,2359532367418.6895,144408923.99251279,175269159.32033223,34399296.139824532,36867693.240917087,0.23820755109018082,0.21034900483282129,-11.695072691802629,21.37003342634106,7.1757197910653119
flow05,457,5,177.79999999999998,128,2803996905371.54,2535217303770.251,3409345647901.9722,2745004293178.4419,156891326.58236808,197039574.38934132,38350344.745803967,42890692.080913231,0.24443890928329939,0.21767552134559098,-10.948906627091116,25.589845328954741,11.839130430779342
flow05,458,5,139.69999999999999,128,2335291539761.2344,2278797541282.9307,2850371099608.1367,2662199857232.3281,166301586.80100438,177087505.44137645,40807030.774633311,41596872.769255206,0.24537968373965544,0.23489445325675759,-4.2730638181205478,6.4857581024037021,1.9355537014785233
flow05,459,5,152.39999999999998,128,2548713443000.9087,2384741497413.0864,3202232158813.7012,2812950376305.9902,166348623.04161575,185320510.15890723,42024044.078919969,43952349.629781179,0.25262634165842618,0.2371693753276054,-6.118509348371914,11.404895796790122,4.5885768329195216
flow05,460,5,127,128,2493341257619.1562,2503458938052.5039,2949399199590.7812,2966939718174.6274,195293393.17420858,194551179.61532518,46447231.489618607,46358433.096478641,0.23783309171235528,0.23828399903891867,0.18958981835409722,-0.38005052133090755,-0.1911812400698481
flow05,461,5,165.09999999999999,128,2210066483129.1025,1984969325438.2578,3204088974533.4761,2593560839558.7407,133161635.48237969,154233918.61709926,38813918.528570279,40524388.118105397,0.29147973729795651,0.26274627838971754,-9.8577894897946372,15.824590212026877,4.4068459315079691
flow05,462,5,127,128,2415447084329.8809,2429435153141.103,2863885629596.9546,2883766441945.6743,189251379.96911696,188754692.34380409,45100561.096015036,45058850.655401245,0.23831034206130908,0.23871645306347961,0.17041266386418508,-0.26244861484968662,-0.092483196661331049
flow05,463,5,165.09999999999999,128,1737249517424.0298,1507164129334.8855,3054820220893.9155,2500635670816.168,104656548.30804747,117126170.82671596,37005696.194959611,39072432.356502697,0.35359178946009717,0.33359267259158487,-5.6559901741635885,11.9148039183991,5.5849136053400006
flow05,464,5,165.09999999999999,128,2027808971638.5872,1870979628455.0579,3159390987788.1401,2596254292855.6782,122153287.58748718,145388080.24966154,38272452.910819389,40566473.325870045,0.31331496406437975,0.27902200274058908,-10.945203790759313,19.021012959256961,5.993920537040232
flow05,465,5,152.39999999999998,128,2118543975327.5989,1973769276660.333,2968676371678.7769,2536997513550.0728,138236471.66821995,153399320.49301711,38959007.502346158,39640586.14921996,0.28182871735797266,0.25841435295682708,-8.3080122638478926,10.968775925639482,1.7494764126954634
flow05,466,5,190.5,128,2328953696665.3237,2020098341463.8269,3467079885488.7114,2545496493812.6875,121587449.44410846,156995912.22568846,36399788.82402847,39773382.715823315,0.2993712672685086,0.25334024403544564,-15.3758988472923,29.121807343986294,9.2681688569793188
flow05,467,5,190.5,128,1918381173334.4963,1606758912171.7632,3458196811738.7988,2457643930801.7427,100206635.80913387,124830506.51066117,36306528.207231492,38400686.418777302,0.36231660622142292,0.30762261158892024,-15.095635610772279,24.573093890138185,5.7679935674177134
flow05,468,5,165.09999999999999,128,1721337065493.9121,1452715073796.9565,3185975892703.5498,2596767180201.6729,103710399.6781058,112880195.35824607,38594499.003071479,40574487.190651216,0.37213721211045653,0.3594473509004889,-3.409995237509615,8.8417320814511307,5.1302342010506781
flow05,469,5,139.69999999999999,128,1434434197793.071,1375710192140.7339,2739013608080.0439,2556961127341.7812,102108336.01466289,106913259.17811383,39212793.243808791,39952517.614715405,0.38403126301243201,0.37369095210310516,-2.6925700861474176,4.7057109644416766,1.8864363125251398
flow05,470,5,139.69999999999999,128,1401401252705.6804,1329692478507.8445,2424126729706.0146,2242854553062.8203,99780537.019467518,103345003.06709704,34704749.172598638,35044602.391606629,0.34781080769115952,0.33910301757748096,-2.5035996355267631,3.5723059367119667,0.97927006277378492
flow05,471,5,139.69999999999999,128,1406580435482.7434,1334667585866.9358,2480382693418.397,2302976025718.9492,100170633.2690056,103715597.5050185,35510131.616584063,35984000.40185865,0.35449642732339065,0.34694878366889309,-2.1291169875774782,3.5389256514860974,1.3344607966850783
flow05,472,5,190.5,128,1702779721459.658,1426731191530.3025,2963299649517.728,2071091307421.9619,88913820.045434341,110861171.97277281,31110757.475251742,32360801.678468212,0.34989788380877529,0.29190383885185639,-16.574562934085524,24.683847703454337,4.0180448972059484
flow05,473,5,152.39999999999998,128,1469115385879.1562,1351945641690.4561,2440138316803.854,2136965114186.5742,95862882.449179307,105069112.20120794,32022812.55648103,33390079.909165282,0.33404808762617361,0.31779158698155829,-4.8665151056956892,9.6035394688963311,4.2696666642653582
flow05,474,5,165.09999999999999,128,1474570863610.6472,1317002277702.7122,2625182926827.0752,2106872736387.5525,88840979.606870279,102332272.60219075,31801125.703538168,32919886.506055567,0.35795559486468015,0.32169603653804529,-10.129624692789688,15.185889501692479,3.5179911961195978
flow05,475,5,139.69999999999999,128,1571706346915.5986,1484769105150.5205,2206992875288.8184,2032784828491.3511,111885170.18644042,115388767.97270587,31596175.73784994,31762262.945177417,0.2823982453188344,0.27526303905671723,-2.5266468118671725,3.1314228511492717,0.52565604364745044
flow05,476,5,215.90000000000001,128,2101992092159.3774,1724762043745.6858,3402749124970.3447,2263477483980.105,96824717.289716318,134029422.61826622,31521529.643078748,35366835.687189206,0.3255525089607117,0.26387367039488557,-18.945895629165506,38.424801403991701,12.198983005111812
flow05,477,5,165.09999999999999,128,1861166222133.5923,1625991402477.2668,2802957155139.5625,2287059010318.8584,112128357.02996351,126354061.21473452,33954659.662502274,35735297.036232226,0.30281955931476584,0.28281874514109423,-6.6048620567741345,12.686981742691147,5.2441620426441595
flow05,478,5,152.39999999999998,128,1719775747629.3704,1600750678486.6272,2817358704193.3696,2454444849280.8003,112270135.3892746,124392631.41912889,36973211.34112034,38350700.770012572,0.32932365506573058,0.30830363770337499,-6.3827839388458596,10.797614154309095,3.7256418334434369
flow05,479,5,215.90000000000035,128,2169054791644.7051,1787696116022.7747,3622380491452.4399,2589585017084.374,99935268.370206788,138912786.40063533,33556095.335363045,40462265.891943417,0.33577830812497184,0.29127819648831377,-13.252825021709198,39.002765155978423,20.58097191451925
flow05,480,5,165.09999999999999,128,2207885362821.5781,2050793259109.0295,3003098073460.8682,2498191503831.0352,133000918.45782402,159356729.25680068,36379140.805098347,39034242.247359999,0.27352548559004541,0.24494881659159165,-10.44753432639323,19.816262251853818,7.2984171244900669
flow05,481,5,165.09999999999999,128,1915401247962.7053,1767547048747.6787,2803434283337.0693,2324412279174.5117,115388884.11029269,137361295.65878087,33960439.531642273,36318941.862101808,0.29431292098450063,0.26440447935437122,-10.162123202094978,19.042052202780809,6.9448521956319968
flow05,482,5,177.79999999999998,128,1938695680761.3911,1714464578535.812,3066361591002.937,2377257871747.3677,108487452.68610895,133225776.45337214,34492256.366737202,37144654.24605269,0.31793774775535577,0.27880981619989281,-12.306790191383882,22.802935413037638,7.6898358028944225
flow05,483,5,228.60000000000036,128,2800195798209.6958,2336567294605.7114,4132476776963.5088,2659530183861.7266,121859153.21801487,181590918.80027729,36154652.46687223,41555159.122839555,0.29669213606128492,0.22883941222051959,-22.869741254870881,49.017052888426008,14.937238467208886
flow05,484,5,177.79999999999998,128,2535038430909.4863,2286282596544.0737,3135590835013.4819,2409681412828.2583,141802803.22490916,177669176.14282036,35270988.020399131,37651272.075441606,0.24873265702975475,0.2119178626976658,-14.800949248769118,25.293133917123363,6.7485607538576113
flow05,485,5,127,128,1737131347330.7183,1746472646301.1934,2718779827650.6543,2737138074431.813,136044803.07614362,135702510.13180548,42815430.356703222,42767782.412997156,0.31471566269782192,0.31515837379468925,0.14067018243461446,-0.2516031017712328,-0.11128684987889094
flow05,486,5,177.79999999999998,128,2315173886239.9956,1987293421510.7466,3689012608863.7686,2895637821237.0781,129521065.97880176,154418491.07269883,41496204.82411439,45244340.956829429,0.32038189703369119,0.29299820664306842,-8.5472027739891683,19.222683897592336,9.0324793522729863
flow05,487,5,165.09999999999999,128,2435404935479.5459,2029158476692.5938,3296681856167.4111,2619550778695.1064,146729984.66660282,157700038.43872106,39935576.694941387,40930480.917111114,0.27217052319389434,0.25954642321165855,-4.6383053660966738,7.4763544731802396,2.4912729563656231
flow05,488,5,177.79999999999998,128,2662484108205.9507,2377895736324.3003,3667525204326.8003,2928183308788.3623,148937288.34600115,184764657.45646468,41254501.735959515,45752864.199818246,0.27699243214445946,0.24762779218530362,-10.601242688046199,24.055338665245323,10.903931145865059
flow05,489,5,139.69999999999999,128,2485429983149.9409,2418080736746.7773,2954110944949.2446,2763561063042.2021,176913734.82349718,187925896.13525158,42292211.094477378,43180641.610034488,0.2390555551646194,0.22977483411310742,-3.8822444620126286,6.2245937675449508,2.1006953587090269
flow05,490,5,127,128,2205022226734.6431,2212568107819.0498,3071656803587.5459,3087077398595.5063,172665570.90962079,171936312.64667538,48372548.087992854,48235584.353054874,0.28015167026733279,0.28054332217870542,0.1397999558592336,-0.42235302562265464,-0.28314351910681801
flow05,491,5,203.19999999999999,128,2118657308683.2241,1748610594924.551,3658917286516.9351,2467688038156.7266,103732395.00145143,135851087.92662856,36012965.418473773,38557625.596198924,0.34717183014977987,0.28382272225175997,-18.247191274329278,30.963030328883974,7.0659556861146529
flow05,492,5,215.90000000000001,128,2205756398971.8745,1777386534937.9148,3976893165466.8999,2675968469383.6108,101606000.56964272,138133087.2377384,36840140.486029588,41812007.334118992,0.36257839379061713,0.30269364256050463,-16.516359566834787,35.949733739454985,13.495786884892096
flow05,493,5,177.79999999999998,128,1769537555189.2871,1450755303753.4656,3283198653069.7817,2553997962419.5942,99021534.787500307,112716270.9702599,36931368.425981805,39906218.162806235,0.37296299744531658,0.35404132712423975,-5.0733371542712113,13.830058493991665,8.055075843687332
flow05,494,5,215.90000000000001,128,2854133683730.7305,2421159986698.5103,3965058838085.4302,2700758927216.4209,131490982.1209742,188131187.74748468,36730512.627007231,42199358.237756655,0.27933864387152013,0.22430814764428053,-19.700280442598014,43.075353695662891,14.889107773378276
flow05,495,5,177.79999999999998,128,2572718214926.1211,2077579789148.7715,3537528858819.916,2627776312041.4697,143934587.62415776,161408992.61931691,39792225.633519873,41059004.875648037,0.27646048312880434,0.2543786700440272,-7.9873307153590938,12.140518330999319,3.1834842659845188
flow05,496,5,190.5,128,3393179585817.6655,2873779325623.1113,3757854165301.9097,2690135164051.7456,177239649.97293606,223318332.60262141,39452537.16852399,42033361.938308604,0.22259430761992741,0.18822172567938653,-15.44180635527794,25.997953977409349,6.5415939126055687
flow05,497,5,190.50000000000037,128,2876712743661.1797,2458381861181.5762,3652804459267.9219,2724058361246.7725,150207709.00909451,191038237.7813789,38349653.115673654,42563411.894480899,0.25531081839049768,0.22280048428414517,-12.733629664148419,27.182711887185668,10.987736358650571
flow05,498,5,177.79999999999998,128,2270340538902.5649,1985040926200.7913,3141191187150.5288,2455406251942.9424,127012890.25469983,154243465.62192911,35333984.107430026,38365722.686608545,0.27819211134062488,0.24873483315428055,-10.588825845703495,21.43922188734043,8.5802341733125029
flow05,499,5,190.5,128,2256287245399.9248,1869074033349.2283,3427218597997.7759,2552665071920.6885,117812158.59830059,145251257.15037382,35981297.616774559,39885391.748760827,0.30541242979392774,0.27459584537343318,-10.090153973526085,23.29054902188086,10.850342790767421
flow07,0,7,190.5,128,2875992633520.293,2496086242192.7241,3952743651209.5894,2940589610602.3262,150172714.7252312,193958185.56159186,41498621.010074437,45946712.665661432,0.27633928763959453,0.23688978391206361,-14.275749230048499,29.156741899801368,10.718649312484748
flow07,1,7,152.39999999999998,128,3124371098818.9878,2614432210114.687,4342805864726.3184,3812903930225.1768,203924888.80386761,203138509.86096022,56992202.949164294,59576623.909768492,0.27947644489819329,0.29328079619441039,4.9393612764917272,-0.38562185691013046,4.5346921629076897
flow07,2,7,203.19999999999999,128,3902526363579.1367,3497729752927.4121,4564055226425.0654,3338333331238.6489,191082422.58265513,271790815.95619613,44921803.409695536,52161458.300603986,0.23509123865259787,0.1919176632848798,-18.364604149079796,42.237476520703808,16.116127006036237
flow07,3,7,203.19999999999999,128,3263333774737.605,2843824766928.29,4449767732377.3848,3262130411888.4663,159733148.27979869,220967766.12246555,43796926.499777414,50970787.685757376,0.27418808789181282,0.23067069274487828,-15.871366069012202,38.335573111853051,16.37982789960483
flow07,4,7,165.09999999999999,128,4375653938029.5801,4051030333250.7056,3942421057764.7993,3324439236582.2339,263622188.19865632,314784994.12826419,47757977.683401577,51944363.071597502,0.18116069064495005,0.16501537252576892,-8.9121531065609183,19.407625086190922,8.7658347176013596
flow07,5,7,177.79999999999998,128,3791682663661.6772,3502910107932.2695,4298534517973.8857,3456799419550.9019,212072231.61766711,272207416.06201357,48352469.268547654,54012490.930482939,0.22800000216774988,0.1984240242675018,-12.971920008354953,28.355991723028001,11.705755150786104
flow07,6,7,177.79999999999998,128,3326231211077.3535,3100091514186.3423,4026003951474.5059,3259734058591.8384,186059865.66276011,240917257.25271848,45286883.593638994,50933344.665497564,0.24339952859969824,0.21141426415986994,-13.141054390632027,29.483731698156372,12.468204088681592
flow07,7,7,165.09999999999999,128,2945315163864.5366,2634494838935.7031,3292144557611.3101,2671065317703.5483,177437200.57189354,204723789.8316243,39880612.448350221,41735395.589118019,0.22475902640377546,0.20386197238456469,-9.2975371683936707,15.378167132813193,4.6508391594285214
flow07,8,7,203.19999999999999,128,3887498894659.769,3446683315072.3081,3959913484937.2212,2773720933971.8926,190324938.58459967,267810422.6111435,38975526.42654746,43339389.5933109,0.20478412716903513,0.16182861432633266,-20.975997230120118,40.712207555554485,11.196418796260504
flow07,9,7,177.79999999999998,128,2347300100597.6724,2127424404489.5007,3415947407520.8267,2583873339981.6768,131350100.34298705,165319886.08614108,38424605.25895194,40373020.937213771,0.29253578915140493,0.24421152163253443,-16.519095888763129,25.862017352442567,5.0707500184608945
flow07,10,7,139.69999999999999,128,2446187142342.6582,2388126163872.0376,3063572115069.8765,2893221195840.6167,174215217.24000698,185535612.33686844,43859300.144164301,45206581.185009718,0.25175355424745527,0.2436544694337722,-3.217068707487746,6.4979370207746827,3.0718252147593352
flow07,11,7,127,128,2778387651897.7627,2783795885070.2671,2911523045026.9321,2929322401731.8462,217557627.51151913,216331402.86237279,45850756.614597365,45770662.527060181,0.21075223672481758,0.21157659924287034,0.39115244082991407,-0.56363211125816437,-0.17468433118873561
flow07,12,7,215.90000000000001,128,3198681790533.7793,2818037837954.5903,4193043335039.4009,2854984625000.9014,147341876.89071181,218986720.92599252,38842457.943857357,44609134.765639164,0.26362130552109125,0.20370703107936397,-22.72740221936796,48.624902537668888,14.846323139789261
flow07,13,7,203.19999999999999,128,2607989838626.0928,2228749041073.5122,4323010819831.6045,3011203697259.2368,127659630.27804573,173175823.8344436,42549319.092830762,47050057.769675657,0.33330285384782432,0.27168952760204912,-18.485688176527262,35.654336031886125,10.57769847509319
flow07,14,7,139.69999999999999,128,2226021830300.8911,2125942457237.2876,3251840136517.5127,3004769916839.8677,158493973.9533177,165208992.74452862,46554618.990945064,46949529.950623021,0.29373116106393488,0.28418265356307543,-3.2507642247671082,4.2367659941372526,0.84827449614563
flow07,15,7,139.69999999999999,128,2011046209946.1948,1958575890876.8499,3459566071947.271,3195789383127.1592,143177426.75754622,152194916.75224072,49528504.96703323,49934209.111361951,0.34592397760370291,0.32809380350495043,-5.154362013950669,6.2981226851943202,0.8191326279659813
flow07,16,7,139.69999999999999,128,3266902796158.729,3172471676102.1816,3509677015069.0586,3277771379166.0537,232687870.32331035,246503929.32342371,50245912.885741711,51215177.79946968,0.21593696661509282,0.20776617208512393,-3.7838794617011118,5.9375931289054797,1.9290423002803425
flow07,17,7,177.79999999999998,128,3659540279550.2056,3454052238629.8135,4196245751742.1968,3345270909170.5327,204715640.71772,268382994.66135037,47201864.474040464,52269857.95578967,0.2305728292599126,0.1947584571136653,-15.532780796941017,31.10038574503476,10.736850203314411
flow07,18,7,165.09999999999999,128,2672778667101.1104,2476232070996.7563,3603127773778.8657,2870178992028.5381,161002426.15634614,192420388.53845799,43647822.819853015,44846546.750445992,0.27110040427258847,0.23306546198706363,-14.029836062981715,19.513968287411092,2.746354464323344
flow07,19,7,177.79999999999998,128,2650306878306.5254,2355740998243.5078,4051873677684.1074,3217192635132.2734,148225787.61785159,183052669.39453983,45577881.638741374,50268634.923941866,0.30748955611049289,0.27461295751768644,-10.691939917787847,23.495831822784574,10.291731683320124
flow07,20,7,203.19999999999999,128,2665203241327.9336,2315358040372.7402,3869052505491.9985,2754182564442.3188,130432606.32334396,179928656.29581395,38081225.447755896,43034102.569411308,0.29196093309177684,0.23917314481946975,-18.080428676981057,37.947604795819764,13.006086499107875
flow07,21,7,139.69999999999999,128,2288551120508.396,2239665327547.3916,3005013833030.103,2809613383570.6084,162988523.53643116,174042008.75004202,43020956.807875492,43900209.118290834,0.26395083453995127,0.2522391544063366,-4.4370688026152125,6.7817567604017137,2.0437767443014772
flow07,22,7,190.5,128,2877789708967.415,2561057213150.0654,3823501414842.2495,2777895335239.4917,150209197.09858137,199022170.66376901,40141747.137451448,43404614.613117136,0.26723894350561417,0.21808934385730086,-18.391630727009208,32.496660995499482,8.1283643795899927
flow07,23,7,190.5,128,2357710076482.3711,2051296229159.4067,4139817639338.9785,2984896959467.5259,123093002.83474271,159420517.3737393,43462652.381511591,46639014.991680175,0.35308792035776349,0.29255340379018763,-17.144318193111719,29.512249845564121,7.3082576329827589
flow07,24,7,203.19999999999999,128,2340423272462.0244,1950517499424.1699,4110035790355.5142,2888409127752.5269,114588498.80687127,151568723.90364575,40453108.172790498,45131392.621133313,0.35302939294955438,0.29776190930936342,-15.655207397444194,32.27219614692865,11.564709510972794
flow07,25,7,114.3,128,1708778290339.6394,1777525482237.2915,2409332292751.4194,2656996700970.7598,148682498.15856954,138115343.67498419,42158045.367478907,41515573.452668197,0.28354410162329563,0.30058625166486558,6.0104054163014853,-7.1071946022291819,-1.5239603952471625
flow07,26,7,139.69999999999999,128,2206385616199.1543,2140203962284.6135,3354421067651.2617,3167795637866.2983,157058695.49359578,166308676.31424522,48023207.840390287,49496806.841660999,0.30576599206726812,0.29762011182227982,-2.6640896817577473,5.8895056982226253,3.0685143028519839
flow07,27,7,177.79999999999998,128,1861385498977.481,1674122067749.0354,3782901163112.8257,2920855330261.8809,104134136.73069368,130084164.1073759,42552319.045138657,45638364.535341971,0.4086298727878761,0.35083720488583459,-14.143035482881173,24.919808423430677,7.2523555929576888
flow07,28,7,165.09999999999999,128,2279945467540.2412,2105263295794.551,4239473554865.4312,3530141662964.1279,137347250.81430614,163559748.48592854,51356433.129805356,55158463.483814597,0.37391671711900076,0.33723739486283216,-9.8094898079925184,19.084836075140498,7.4032212174849903
flow07,29,7,177.79999999999998,128,3165117950606.5913,2948179245118.9219,3989196255189.4951,3163617804569.3887,177070695.78993598,229076203.81483653,44872848.764786229,49431528.19639679,0.2534177016959383,0.21578639497777144,-14.849517798610043,29.369912278763604,10.15910412888242
flow07,30,7,152.39999999999998,128,2393773287551.9053,2271337513430.0815,3230152634142.0298,2769234139713.1548,156293678.38525891,176462199.84235758,42390454.516299613,43269283.433018126,0.27122309074976469,0.24520426171538562,-9.5931467200867928,12.904246457994228,2.0731764420704502
flow07,31,7,177.79999999999998,128,2010422488159.8213,1785417228401.9819,4380917772742.0576,3472528719699.6201,112503304.94127145,138717791.75361672,49279165.047717191,54258261.245306663,0.43802415469875938,0.39114132772295962,-10.703251515442638,23.301081533586636,10.103856655785858
flow07,32,7,177.79999999999998,128,2308112028698.6655,2025251522907.4412,4611278543324.8379,3706631889501.6499,129116390.77829733,157363881.93016365,51870399.812427878,57916123.273463383,0.40173365673993555,0.36803949269099701,-8.3871897421705555,21.877540861848754,11.65544025667406
flow07,33,7,152.39999999999998,128,2783430978055.3989,2636844714331.1929,3733205975576.5674,3329548969321.8223,181632630.08740047,204901103.7333633,48992204.403891973,52024202.645653568,0.26973239544192712,0.25389908447419779,-5.8700071757373369,12.810734301852147,6.1887361033314336
flow07,34,7,139.69999999999999,128,2239204943584.0825,2180588301045.3367,3103235412018.9097,2869525921727.8701,159383583.5424656,169455572.78834352,44427135.461974367,44836342.526998051,0.27874348458313686,0.26459054600110649,-5.0774060614174381,6.3193391828803849,0.92107461074983654
flow07,35,7,177.79999999999998,128,2873677677187.5161,2637991617622.0142,3551796656286.8516,2767846139984.9194,160718421.15624377,204990226.06540185,39952718.293440409,43247595.937264442,0.24858829501939941,0.21097394137936293,-15.131184530269667,27.546192023700179,8.2469423472620118
flow07,36,7,190.5,128,2441855905187.2178,2095542339007.7905,3915273992622.3711,2955860924936.0298,127510488.02014843,162838158.74671155,41105238.767688945,46185326.952125549,0.32236751192728358,0.28362717502821339,-12.017444520838952,27.705697997941055,12.358736591088341
flow07,37,7,203.19999999999999,128,2623781344716.918,2299626781347.4751,3984807419533.2075,2720008773118.7671,128451424.67170495,178696933.91952857,39220545.467846535,42500137.079980813,0.30533367432931219,0.23783361106307299,-22.106982930889636,39.116350306149322,8.3619224898922564
flow07,38,7,177.79999999999998,128,2181287403737.3669,1937733165541.8367,3279575407819.3291,2476851233167.127,122010445.01988788,150590850.69597864,36890612.011466026,38700800.518236428,0.30235617946851029,0.25699304001122752,-15.00321228328235,23.424556538116153,4.9069083110027414
flow07,40,7,190.5,128,2325046626073.21,2026578489550.2219,3584162509124.5596,2534709465712.6533,121398219.49355724,157479189.82648775,37629002.720467821,39604835.40176028,0.30996338230862469,0.25149250161495823,-18.863802639580214,29.721169291815986,5.2508239348520664
flow07,42,7,152.39999999999998,128,1959295737974.1855,1821943172399.2002,2972010233665.7856,2581237262909.9136,127831550.94801481,141595893.87460479,39002758.971991941,40331832.232967474,0.30511058250285311,0.28483758341668258,-6.6444758880105228,10.767563112949729,3.4076390901729434
flow07,43,7,177.79999999999998,128,1798452299730.5781,1617828024559.5535,3244873147690.0034,2419351324030.4731,100587189.43174927,125735932.04465713,36500260.378965177,37802364.437976211,0.36287185858524706,0.30064885847070427,-17.147375483217626,25.001933899318125,3.5673829323185524
flow07,44,7,165.09999999999999,128,3799726363429.1997,3614784846228.6577,3460179740993.627,2866565545997.2524,228937748.19496369,280893827.65899879,41916168.879389793,44790086.656207152,0.18308981026446511,0.15945557447628111,-12.908547861863742,22.694413600936279,6.8563464974263582
flow07,45,7,165.09999999999999,128,2287807971094.9233,2121844019296.967,3101376952537.7842,2563019349352.5894,137834699.00957575,164869206.58996683,37569678.407483764,40047177.33363428,0.27257054049121326,0.24290271156112522,-10.884459074932359,19.613716846810046,6.5944107886135264
flow07,46,7,177.79999999999998,128,2001050624895.6389,1806119070139.9004,3591123574694.5913,2845600428443.6855,111912244.46752253,140344340.604509,40395090.828960538,44462506.694432668,0.36095327210315564,0.31681011505642553,-12.229604344496586,25.405706294486475,10.06908458924932
flow07,47,7,152.39999999999998,128,2024087931998.1533,1884893401040.0801,3233664366586.085,2824057341091.6099,132073148.97599971,146488194.59454358,42436540.243911885,44125895.954556488,0.32131088395282709,0.30122492858001337,-6.2512527200176056,10.914440770366852,3.9808987748169802
flow07,48,7,177.79999999999998,128,3235599951833.9351,2919557803355.7681,3250400347964.3223,2482725012279.4175,180986847.09104267,226887449.98544082,36562433.610397331,38792578.316865966,0.20201707581548817,0.17097718855474489,-15.364981962759172,25.361292067433251,6.0995521529902854
flow07,49,7,165.09999999999999,128,2279034001354.7324,2121024844081.5532,3312238185738.7603,2712881914290.3896,137308838.95396248,164814069.05545244,40124024.054981962,42388779.910787418,0.29221734274830569,0.25719151376892174,-11.986225269850802,20.031652959145653,5.6443886403369241
flow07,50,7,152.39999999999998,128,2214001371599.6963,2042003660143.1003,3017725018594.1431,2616556899354.3843,144502741.40831566,158681930.96306399,39602690.532731541,40883701.552412331,0.27406186309523217,0.25764560151419341,-5.9899839385293712,9.81240176937734,3.2346565408782966
flow07,51,7,190.5,128,2247759922886.4224,1903002077268.085,3329598509635.4619,2402690134339.7266,117330250.38678896,147887905.5355832,34956414.799322441,37542033.349058293,0.29793181795901486,0.25385465574820337,-14.794378966557703,26.044140405443926,7.3966926087224731
flow07,52,7,139.69999999999999,128,1925720332423.2034,1879350358288.5979,2991725137832.1499,2813907137020.877,137096120.29631832,146057406.13468853,42830710.634676449,43967299.015951283,0.31241373236604025,0.30102752184580306,-3.6445934799359314,6.5364984939043937,2.6536762160435265
flow07,53,7,152.39999999999998,128,1698476100625.7397,1587271327798.5276,2880628493653.3013,2501650072999.0635,110860411.02184582,123329237.99920456,37803523.538757242,39088282.390610442,0.34100111293388397,0.3169425435910222,-7.0552759009694013,11.247321620431007,3.398516147670807
flow07,54,7,139.69999999999999,128,1570855806410.2129,1501505553368.5503,2617761237462.4316,2433580625371.8208,111814040.011298,116692454.63179538,37476896.742482916,38024697.271434769,0.33517165410261668,0.3258539499525972,-2.7799797614051087,4.3629714300676792,1.4617019459107987
flow07,55,7,177.79999999999998,128,1534056311344.748,1348804891878.1626,3344709630740.8438,2597964433101.2051,85810724.839980274,104822314.91043991,37623280.435780026,40593194.267206401,0.43844496717560505,0.38725718184996383,-11.674848420631911,22.155261018844001,7.8938194570667042
flow07,56,7,177.79999999999998,128,1342114148255.927,1136264665093.2183,3221859838286.3643,2446128304958.3491,75071237.387436733,88304760.208984837,36241393.006595783,38220754.764974274,0.4827600325748837,0.43282779631041213,-10.343075833794567,17.627953504017707,5.4616050713565425
flow07,57,7,165.09999999999999,128,2459303996701.4209,2253938009696.7617,3571161146009.1392,2995814647891.3115,148178774.19028932,175142076.15881547,43260583.23451411,46809603.873301826,0.29194858353301945,0.26726646674472315,-8.4542683816462976,18.19646714980934,8.2038205993400499
flow07,58,7,152.39999999999998,128,1874664453107.855,1721715697341.6536,3163037204110.7163,2733278704004.96,122357661.12709482,133778872.72235064,41509674.594628833,42707479.750077575,0.33924867648060125,0.31923934535398707,-5.8981309327991873,9.3342840080871028,2.8856047828515927
flow07,59,7,127,128,2805473635674.1626,2812523324860.0132,2864170586830.7026,2880341009370.9238,219810138.0331459,218518684.97388583,45105048.611507133,45005328.271420769,0.20520003770119827,0.20595643011854639,0.36861222143123706,-0.58753116249138959,-0.22108465272981159
flow07,60,7,165.09999999999999,128,3098986798916.3252,2918969323113.5024,3257570000454.3311,2681305059602.4717,186691237.1388647,226853436.90195325,39461780.744449809,41895391.556288697,0.21137457413224672,0.18468043565236358,-12.6288313480797,21.512632504125033,6.1670070785671989
flow07,61,7,139.69999999999999,128,1993099865678.8933,1916675435934.26,2913487865207.1997,2731415565567.7314,141950114.87613055,148938961.09508541,41710635.149709374,42678368.211995885,0.29384009436066455,0.28654938840851196,-2.4811814630047881,4.9234523163672783,2.3201110671489116
flow07,62,7,165.09999999999999,128,1997950869174.0427,1849742257153.4792,2927386294989.2588,2342087392222.604,120373945.26377119,143741501.97581971,35461978.134333849,36595115.503478251,0.29459845364897913,0.25458976705025876,-13.580752411684971,19.412470581440203,3.19535860309866
flow07,63,7,127,128,1652350204442.9392,1657795833172.4492,2539696637239.3896,2558750748366.0835,129394996.64337306,128825549.67207588,39995222.633691177,39980480.443220124,0.30909404282394659,0.31034589446728561,0.40500671960606088,-0.44008422741926689,-0.036859878506175878
flow07,64,7,177.79999999999998,128,2339991806435.7861,2065566005203.3376,3396911960111.0342,2665936653508.3999,130921662.60934514,160512935.71842003,38210483.240844034,41655260.211068824,0.29185760766619367,0.25951341569219444,-11.082182243812627,22.602274153339906,9.0152666966079913
flow07,65,7,177.79999999999998,128,2546506273428.1011,2307521214999.3491,3757584206498.7466,3037294262629.5757,142436336.79195687,179324281.11433101,42267538.880750813,47457722.853587203,0.29674688238077174,0.26464750093340561,-10.817091384359584,25.897846822789912,12.279361681027677
flow07,66,7,165.09999999999999,128,3155185236477.4473,2937820320482.6421,3298423893195.8809,2637320481444.6284,190095813.07162285,228241832.58923018,39956679.505704194,41208132.522572391,0.21019231754804416,0.18054592383480905,-14.104413548063551,20.066733139059178,3.132024563476401
flow07,67,7,127,128,2142850277252.4482,2150217447459.1335,3002052424007.6377,3018961892191.3652,167801527.04058114,167078162.75183797,47276416.126104534,47171279.565490171,0.28174008282219742,0.28233060974912627,0.20959989825143949,-0.43108325740577419,-0.22238690922324225
flow07,68,7,114.3,128,2816182142426.4795,2913448855412.5513,2571983003774.812,2788052752094.4663,245138063.26109844,226360082.77553076,45004077.056427166,43563324.251476116,0.18358665503730026,0.19245144160278271,4.8286660943200621,-7.6601651476568593,-3.2013828505906248
flow07,69,7,215.90000000000001,128,3509973095742.103,3073329746703.606,4231996551200.3457,2948146838638.2158,161698315.31273502,238843690.79059359,39203302.929137066,46064794.353722207,0.24244719466195636,0.19286586219315105,-20.450363444269364,47.709449123606774,17.502329936301045
flow07,70,7,152.39999999999998,128,2949307017859.2993,2820451726082.6802,3284350532204.395,2920057053754.9175,192427645.84630433,219191286.15366721,43101713.021055058,45625891.46492067,0.22398919256893693,0.20815558987565766,-7.0689136880593821,13.908417467591699,5.856329753373279
flow07,71,7,203.19999999999999,128,2227284435976.1436,1918582714562.3594,4238188328350.9199,2992060973158.9336,109054479.03050731,149083319.26842806,41714452.050698034,46750952.70560842,0.3825102134413817,0.31358942727477257,-18.018025073511136,36.705361021185503,12.073754795554379
flow07,72,7,177.79999999999998,128,2482852844657.6748,2227597133355.3784,3377457681530.2378,2550655302131.1914,138899185.64209875,173090789.87898558,37991649.960970059,39853989.095799938,0.27351960189934493,0.23024904516100131,-15.81991068935058,24.616130093799303,4.901969608435313
flow07,73,7,152.39999999999998,128,2347055218442.3657,2194609875924.0161,3535622053470.1392,3168551807406.2534,153203475.6805813,170536392.7564564,46399239.546852231,49508621.990722798,0.3028602278161851,0.29031118338140427,-4.1435102011470519,11.313657865055909,6.7013650961473799
flow07,74,7,152.39999999999998,128,1847439994935.6526,1759676378584.1165,3092625021508.4536,2714797233501.2686,120557206.58480884,136739046.56796035,40585630.203523017,42418706.773457401,0.33665038659445123,0.3102164878148026,-7.8520328008690088,13.422540585964896,4.5165654955759775
flow07,75,7,139.69999999999999,128,1798890362547.502,1722772945108.8616,3134140435295.6924,2931434063845.7197,128085010.6633856,133867936.49981391,44869583.898291945,45803657.247589454,0.35031096664551686,0.34215554855925584,-2.3280510354429107,4.514912249666871,2.0817517528462437
flow07,76,7,190.5,128,2338875286235.0059,2010045529430.7292,4034471124773.5962,2988294263941.7676,122141456.04301323,156190430.11995092,42356652.228594191,46692097.874090202,0.34678358684112875,0.29894339773718315,-13.795401777726735,27.876672818561321,10.235572023251715
flow07,77,7,228.59999999999999,128,2285735699304.5615,1766811731360.1606,4448596665895.9375,2926800795895.7188,99440630.044631451,137300605.43903476,38920355.782116696,45731262.435870692,0.39139289206683692,0.33307400422335814,-14.900344136428478,38.072944004287585,17.499600188350545
flow07,78,7,165.09999999999999,128,1871927863152.7327,1645098607795.8723,3467094784793.3003,2866257893398.3765,112774447.66952257,127838861.80272739,41999936.823662035,44785279.584349714,0.37242422988175333,0.35032601943421121,-5.9336124436797304,13.358003026847006,6.6317784533391615
flow07,79,7,165.09999999999999,128,2224837082920.7197,1946645662633.6819,3415158218505.0879,2798776838065.7559,134035492.56352106,151279577.30876768,41370783.991581932,43730888.094777517,0.30865544043847798,0.28907330964787814,-6.3443335917816102,12.865312325445766,5.7047604021132781
flow07,80,7,139.69999999999999,128,1651085379487.8364,1593429315107.9421,2621870995459.793,2445097726372.7837,117530369.10094751,123820497.88985261,37535733.650104411,38204651.974574812,0.3193705077014159,0.30854868641023109,-3.3884848569994714,5.3519178379355479,1.7820840554385704
flow07,81,7,177.79999999999998,128,1785009917299.3274,1559982119300.3945,3201620424771.2451,2517232695084.1128,99868777.148504585,121202636.18054242,36013728.062668681,39331760.860689335,0.36061048398656542,0.32451242068778996,-10.010264510257638,21.361890714166304,9.2132444390284576
flow07,82,7,215.90000000000001,128,2073942994485.7827,1718985263503.4243,3805862053606.8496,2532210771069.9229,95554628.012400508,133580515.17432605,35255785.582277447,39565793.29796762,0.36895947706166743,0.29619434575718795,-19.721713583282646,39.794919359626171,12.22496575953976
flow07,83,7,190.5,128,2361273264170.3701,2041570154286.418,3877500508144.5273,2893614307614.312,123276893.01101619,158664636.35264319,40708666.752173521,45212723.55647371,0.3302213882737598,0.28495778640922409,-13.707047293681452,28.705901387752125,11.064122614773936
flow07,84,7,152.39999999999998,128,2900658296983.3545,2648517910653.623,2953741983960.9746,2565604511098.0483,189265871.69296503,205829456.98683912,38763018.16221752,40087570.485907078,0.20480722602276918,0.19476109529099281,-4.9051642009249763,8.7514907710061021,3.4170515777344819
flow07,85,7,127,128,1741523401331.5676,1747001434422.2688,2641709381874.0625,2658790884019.6357,136445598.88209093,135754115.58798793,41601722.549197838,41543607.562806882,0.30489603834820533,0.30602098052696408,0.3689592639029346,-0.50678314270916125,-0.13969370215915811
flow07,86,7,165.09999999999999,128,1738923655820.5742,1586099291368.4834,3345459009257.8003,2746998054653.6128,104767892.04038662,123231806.94158474,40526456.805061184,42921844.603962779,0.38682134398045137,0.34830167364428011,-9.9580002333371542,17.62363882827816,5.9106765992985721
flow07,87,7,127,128,1398805838482.7363,1404490741811.3936,2522626997895.3052,2537738622222.2822,109554279.23769923,109135842.87075245,39726409.415674105,39652165.97222323,0.36261850921843014,0.36332853560477424,0.19580533488884874,-0.38194433833012859,-0.18688687083203331
flow07,88,7,165.09999999999999,128,1930619022815.365,1778535372807.7605,3615377548681.0508,2940296860847.6489,116300985.95410483,138175970.11777881,43796215.005221702,45942138.450744599,0.37657647221068913,0.33249007343016529,-11.707156987720181,18.80894128645339,4.8997920145999938
flow07,89,7,177.79999999999998,128,1795668249301.7141,1617391482276.3552,3928494728037.5747,3031669871882.6387,100480044.22563867,125685770.56949969,44190041.935180828,47369841.748166315,0.43978923651692836,0.37689104767808623,-14.301893638186176,25.085305781970856,7.1957383920334479
flow07,90,7,203.19999999999999,128,2182699755622.6023,1844063246864.6116,4072888454583.1416,2874602491499.8066,106880177.38515308,143300192.13089344,40087484.789204158,44915663.929684557,0.37506940734898875,0.31343756949507534,-16.432115402194658,34.075556044875654,12.044105949447498
flow07,91,7,114.3,128,1351713737831.2939,1413919627573.2456,2618695525494.2744,2900528333934.5801,117624161.80995364,109868513.69891655,45821444.015647851,45320755.2177279,0.38955809172678268,0.41249993917206162,5.8891980252766123,-6.5935841681643232,-1.0926953715141934
flow07,92,7,177.79999999999998,128,1756217788494.3064,1547240141123.0742,3722950865791.9233,2897247077874.2832,98248762.973167598,120221963.60863017,41877962.49484729,45269485.591785759,0.42624417069031645,0.37654921141660735,-11.658800915265651,22.364862386576405,8.0985866906866946
flow07,93,7,190.5,128,1784175461267.6482,1596767043678.6089,3808179694702.207,2881851077593.5742,93198018.879157275,124060636.76348561,39980889.183225274,45028923.087399676,0.42898861653985831,0.36295898733169246,-15.391930382849889,33.115100788081691,12.626117145719709
flow07,94,7,101.59999999999999,128,1679801371429.7625,1895984412661.9255,2438217473919.4517,2926848296018.2314,164410533.35249305,147342542.11598778,47996406.966918349,45732004.625284947,0.29193024308250959,0.31037882181566268,6.3195161071197683,-10.38132465631738,-4.7178580329859843
flow07,95,7,127,128,1549556539839.8606,1554452124197.0781,2983998646685.8052,2998247798685.3057,121354735.00135398,120788580.32035445,46992104.672217406,46847621.854457989,0.38722926362694549,0.38784810393672253,0.1598123819415761,-0.4665287110496476,-0.30746189975363647
flow07,96,7,190.5,128,2043518920535.2766,1812187126850.3306,3800154521207.3682,3008905780125.2578,106730234.35856815,140823132.77286956,39896635.393253215,47014152.814457238,0.37380818690248074,0.33385248494851555,-10.688824737909995,31.943055891514099,17.839893893427519
flow07,97,7,139.69999999999999,128,2358024048816.6978,2247477347535.2632,3200557286398.7402,3012493279513.0498,167936322.12797278,174644561.59395441,45820433.591964789,47070207.492391489,0.27284409359071332,0.26952003007015418,-1.2183014397758909,3.9945137424587296,2.7275470842464156
flow07,98,7,114.3,128,2330412834073.1885,2408741363304.5703,2516589940983.395,2735580670188.6133,202783267.30150509,187166224.51410645,44034819.614757575,42743447.971697159,0.21715213587758747,0.22837158831761148,5.1666323219351673,-7.7013468592448922,-2.9326148133638164
flow07,99,7,152.39999999999998,128,2627308230012.2905,2463754172598.6069,3429529131100.6948,3045850646701.9507,171541586.52193621,191416161.50367826,45006943.977699414,47591416.354718067,0.26236753950007374,0.24862799452701148,-5.2367548970585975,11.585864037231902,5.7423858378370207
flow07,100,7,139.69999999999999,128,2344311186831.9126,2253379516883.0864,3079420268476.6602,2873541069653.939,166955752.42749304,175107723.80621806,44086188.525077455,44899079.213342875,0.26405911676642335,0.25640833103986993,-2.8973760952631737,4.8827136892245324,1.8438670147296259
flow07,101,7,152.39999999999998,128,2120733006064.7246,2024677209174.9219,3401946708842.9839,3045811374437.9619,138388311.63465926,157327383.64620763,44644969.932322629,47590802.725593239,0.32260650776767857,0.30249535473502687,-6.2339576383048438,13.685456371161544,6.598353180069787
flow07,102,7,165.09999999999999,128,2517698163902.5513,2266395150748.2871,3614559564066.8574,3009635486204.6812,151663747.51028076,176114605.97597346,43786306.04563123,47025554.471948229,0.28870647576912278,0.26701677700919207,-7.5127164024113746,16.121755440623843,7.3978572728680652
flow07,103,7,152.39999999999998,128,2221334378935.75,2101513433758.092,3388768558248.5703,2987754589635.7451,144953048.49683696,163331684.40645158,44472028.32347206,46683665.463058606,0.30680298748213281,0.28582124547792032,-6.838832364836211,12.679026829860474,4.973097074637491
flow07,104,7,177.79999999999998,128,2405940937386.1973,2183507803463.53,3554305694975.9185,2764667679721.8477,134621505.77337104,169669302.5106878,39980941.450797737,43197932.49565395,0.29698777488125683,0.25460075485919337,-14.272311390262058,26.034322329092106,8.0463113876775019
flow07,105,7,203.19999999999999,128,2486941729697.9741,2007188106421.458,4309390833184.8477,3052444929941.8472,121730432.58653705,155980480.17800823,42415264.106150083,47694452.030341446,0.34843599258548152,0.3057719272046831,-12.244448417690856,28.135977884678208,12.446434168085014
flow07,106,7,177.79999999999998,128,1732795897907.7896,1477265619767.1692,4096386220735.8188,3227360935915.2812,96943871.099133164,114790809.05107512,46078585.160132952,50427514.62367636,0.47531199897117549,0.43929923519607827,-7.5766578275001937,18.409557767393025,9.4380707403014803
flow07,107,7,190.5,128,2705786034981.8569,2317828379695.9248,4358325748835.4146,3424510848258.8823,141241089.82632682,180120628.69371736,45756700.77517496,53507982.004045136,0.32396168021245386,0.29706748411938838,-8.301659651668766,27.527073683159546,16.940210062250792
flow07,108,7,152.39999999999998,128,2298492749794.9956,2192579669331.4939,3518577587503.3242,3042626577055.2993,150007535.23669645,170365430.81415933,46175558.891119748,47541040.266489141,0.30782159588356323,0.27905332695309881,-9.3457604388960149,13.571248634503737,2.9571518096600555
flow07,109,7,177.79999999999998,128,1602585514857.7271,1395346153014.3286,3631723811463.7505,2862086218920.8628,89660722.798242196,108419662.837449,40851786.405666493,44720097.170638561,0.45562633370235772,0.41247220292214276,-9.471386438433079,20.922137870133891,9.4691349028386682
flow07,110,7,203.19999999999999,128,1943027923728.1892,1613345004628.9241,3906906824041.895,2741037770742.4961,95125596.83148168,125351896.72748649,38453807.323247001,42828715.167851582,0.40424248156223674,0.34166786690879269,-15.479475193111321,31.775148753654349,11.377047291646877
flow07,111,7,215.90000000000001,128,2202746038495.6206,1794182900723.9753,4486742163079.1016,3152371777784.6084,101470438.47801685,139427644.81653142,41563151.116990291,49255809.027884595,0.40960847060885397,0.35327146989177655,-13.753866133026122,37.40715710688275,18.508360661205209
flow07,112,7,139.69999999999999,128,1646933247474.6755,1596191567844.269,3030562083762.3398,2843231811039.3745,117259774.52296788,124035144.06578697,43386715.587148748,44425497.047490306,0.37000510843256412,0.35816862536901217,-3.1990053093305408,5.7780850853435632,2.3942385273552431
flow07,113,7,165.09999999999999,128,2012351854227.7573,1848971920626.5872,3268044522591.2598,2650919013665.8369,121248870.16772787,143677928.87055814,39588667.747925624,41420609.588528775,0.32650751873531864,0.28828790833869339,-11.705583548171749,18.498365116147767,4.627439984259488
flow07,114,7,190.5,128,2149853278541.3035,1834976943492.2395,3667459997625.3921,2717549086261.9136,112258599.93707779,142590422.18274838,38503517.035437196,42461704.472842477,0.3429894641214023,0.29778791466387705,-13.178699110572682,27.019597841654818,10.280067230643667
flow07,115,7,215.90000000000001,128,2424742797439.9219,2065689391648.1829,4340556188024.9541,2933530034786.1211,111715629.83300449,160518377.90014431,40208950.329087123,45836406.793533228,0.35992233485316727,0.28555239215068107,-20.662775132536833,43.684798752055976,13.99553188628057
flow07,116,7,190.5,128,2396556445352.6982,2055168696221.812,3734854828187.4717,2751116980868.5508,125184119.95154451,159671978.41754383,39211074.311679497,42986202.826071188,0.31322722344381282,0.26921569615466173,-14.050990461576513,27.549707166810506,9.6277099790332006
flow07,117,7,152.39999999999998,128,1851770949420.7222,1707053011094.7158,3435467097805.8755,3000214463966.626,120881779.89402546,132629292.6597136,45084870.049945883,46878350.999478616,0.37296662978879735,0.35345397731822487,-5.2317421753313607,9.718183150502032,3.9780106886099036
flow07,118,7,177.79999999999998,128,2359112820202.8428,1978510089088.8298,3641049580757.2754,2753208268993.0698,131957120.62147309,153763799.46886417,40956688.197494671,43018879.203016795,0.31037876550050969,0.27977247799296051,-9.8609476257804509,16.525579479674196,5.0350531165463455
flow07,119,7,165.09999999999999,128,2423609636938.1016,2257841474223.7295,3123286039251.644,2538297509593.5825,146022257.43534851,175445394.56354719,37835082.244114414,39660898.587399796,0.25910489886013394,0.2260583624099316,-12.75411487609156,20.149761854781488,4.8257232044722302
flow07,120,7,152.39999999999998,128,2860283544112.9834,2707103050399.5347,3248515862803.7065,2852022143602.6187,186684081.87605646,210344364.62701404,42631441.769077525,44562845.993790999,0.22836141860976367,0.21185661937181224,-7.227490238250672,12.673969046094752,4.5304689322386649
flow07,121,7,152.39999999999998,128,2006005180939.2539,1834980206603.7288,3326610145865.7129,2870293451715.0068,130932992.69206549,142590675.74911961,43656301.126846634,44848335.183047064,0.33342475589418186,0.31452502028923141,-5.6683660318697546,8.9035489202261004,2.7304971457313485
flow07,122,7,165.09999999999999,128,2190498197105.9448,1975725408498.793,3062413186796.4805,2472123875283.4512,131974671.72344729,153531518.57299143,37097676.399715096,38626935.551303998,0.28109694015722364,0.25158961436924832,-10.497206327280274,16.334078780446958,4.1222505019226663
flow07,123,7,165.09999999999999,128,2188893862811.4302,2004921744796.1357,3289324803899.355,2730239181068.438,131862168.92538489,155800334.79067865,39846454.3173756,42659987.204194419,0.30218260963023436,0.27381190972092001,-9.3885945137710412,18.153930016758128,7.0609366253999131
flow07,124,7,127,128,2097348123838.7681,2104395086520.6079,2742818321908.9492,2759370933606.9194,164285397.66177151,163504963.16814393,43193989.321400777,43115170.837608196,0.26292044172013362,0.26369334607457612,0.29396890914446816,-0.47504799862634522,-0.18247558290136789
flow07,125,7,177.79999999999998,128,2249442072477.6543,2023456212332.6829,3552469625751.3354,2803998183250.8223,125850758.19122674,157204084.55442935,39960288.253670819,43812471.613294177,0.31752123569213836,0.27869804870193954,-12.226957641296449,24.913100893331215,9.6400289586737138
flow07,126,7,203.19999999999999,128,3489248920859.4858,3055674629600.5815,4321817305807.3789,3259360497165.2773,170791207.315467,237477758.4300226,42537571.90755295,50927507.76820755,0.24906183741052992,0.21445169478140549,-13.896204648999017,39.045658241281373,19.723589016525146
flow07,127,7,127,128,2715705457351.4316,2722459967052.7544,2988291936731.0103,3006362681514.5781,212704749.05149603,211592257.75334486,47059715.539071031,46974416.898665369,0.22124431047695051,0.22200442207778651,0.34356210073713472,-0.52302137263603365,-0.18125617511402869
flow07,128,7,203.19999999999999,128,5420650511133.3691,5100738399895.2256,4274884118059.3701,3069500982709.7188,265380959.68124202,396362714.23695552,42075631.08326152,47960952.854839444,0.15854804027312272,0.12100268550024912,-23.680743519879595,49.356123631868726,13.987483063371606
flow07,129,7,190.5,128,3683747156430.356,3434154068570.1758,3641905274060.1138,2629079378401.8896,192420523.53741759,266816216.03939065,38235225.974384405,41079365.287529603,0.19870658946081332,0.15396127678186158,-22.518283263965891,38.663075608723346,7.4385314606238291
flow07,130,7,177.79999999999998,128,3130041699527.7666,2930043168585.5469,4035999407619.5107,3181530820352.9648,175098607.32383397,227684655.06011292,45399318.420916885,49711419.068015166,0.2592785808795936,0.21833451646045465,-15.791533677883313,30.032247851648719,9.4981616400469147
flow07,131,7,177.79999999999998,128,2116290580027.0715,1875027009286.897,3251375208767.7656,2520818660955.2837,118396855.85951355,145687538.25094765,36573399.423709407,39387791.577426381,0.30890515764292253,0.27035800076174449,-12.478638160433842,23.050174933544245,7.695188847806393
flow07,132,7,177.79999999999998,128,1910481264355.2522,1667385541922.6479,3038416079550.3242,2378356991199.7354,106864873.78211966,129567409.12050951,34177908.656359106,37161827.987495929,0.31982360009185412,0.28681462599080021,-10.320993851477393,21.244151174198432,8.7305497862334462
flow07,133,7,203.19999999999999,128,2471360122015.271,2071046318459.9912,3675442531680.3501,2625297456047.0098,120948068.95340668,160938805.02846199,36175615.469294786,41020272.750734605,0.29910039723933807,0.25488118135014226,-14.784071267485444,33.064385749276504,13.392052128461717
flow07,134,7,203.19999999999999,128,2301348118636.5752,1951093313155.4417,3896974576047.1353,2744588004690.6382,112673522.70208383,151601721.70879382,38356048.976841889,42884187.573291302,0.34041758930585492,0.28287401415972019,-16.903819589190956,34.549553500371779,11.805539718606973
flow07,135,7,203.19999999999999,128,2112515376599.4268,1777130210740.2585,3936465994910.1914,2801464877926.1357,103381204.97140485,138098897.13581565,38744744.044391654,43772888.71759595,0.37477551219400485,0.31696769217893739,-15.424652394349309,33.582208849291014,12.977617473594139
flow07,136,7,177.79999999999998,128,2012558520053.5935,1733284293393.9404,3272287149829.3081,2537703314641.6812,112603987.29041305,134702115.27663314,36808629.35691011,39651614.291276343,0.32688566579776829,0.29436519396777977,-9.9485768978648625,19.624640759147873,7.7236913844294461
flow07,137,7,165.09999999999999,128,1889638995255.6453,1665629648361.4297,3018580211019.335,2379146483467.1426,113846015.67900227,129420935.79954173,36566689.412711516,37174163.80417417,0.32119428330117544,0.28723454651689978,-10.572958035007277,13.680689682152918,1.6612780681520494
flow07,138,7,203.19999999999999,128,2032629308141.4502,1675153578682.2822,3712756610165.2295,2565240876788.2031,99521964.606492147,130167677.36871183,36542880.02131132,40081888.69981575,0.36718407002716574,0.30792505105764578,-16.13877719835061,30.792913788822613,9.6845368412137383
flow07,139,7,165.09999999999999,128,1682038829911.9226,1513243646219.7798,3164467222710.106,2586510130103.1392,101328480.15025486,117595590.47233595,38333945.762690566,40414220.78286162,0.37831363606606061,0.34367122628096297,-9.1570608306194998,16.053838267345384,5.4267177009357885
flow07,140,7,190.5,128,2139237668736.936,1858457634680.2695,3417165238723.2173,2534013072099.4468,111704286.06551667,144407574.927562,35875750.537776567,39593954.25155393,0.32116717989437543,0.27418197605918615,-14.62951595821268,29.276664319634289,10.364114082748337
flow07,141,7,165.09999999999999,128,1920775789166.5193,1640625700326.9529,3157250556884.7988,2583591364557.3945,115724246.91538626,127474814.1162902,38246524.008295573,40368615.071209364,0.33049706546165875,0.31667914443383838,-4.1809512010397549,10.153937065147257,5.5484547104294082
flow07,142,7,190.5,128,2133807899994.7102,1766855993569.2915,3337208733021.1499,2405513683506.5225,111387895.36040564,137307591.72216305,35036312.157702364,37586151.304789484,0.31454326382897529,0.27373687669683772,-12.973219211690063,23.269760397116656,7.2777041590736156
flow07,143,7,177.79999999999998,128,3142202499379.3584,2699377923319.8257,3671330607233.6191,2741646320691.7866,175821398.03195238,209749532.32478595,41297307.167982221,42838223.760809243,0.23488214534886803,0.20423513361868451,-13.047825191082035,19.296931245346904,3.7312761981287093
flow07,144,7,177.79999999999998,128,4976385586978.5498,4404702989588.1201,3461241944987.3188,2745231993953.4229,278390664.31279981,342249421.04767007,38934105.117967598,42894249.905522309,0.13985420529124221,0.12533037973948188,-10.384975926547856,22.938541022021681,10.171403132435564
flow07,145,7,127,128,3420196234037.6113,3437696459064.2275,2491068050116.4893,2507037326030.7549,267980912.64437601,267091441.67239502,39229418.112070702,39172458.219230615,0.14638885182143585,0.14666309775390773,0.18734072237031216,-0.33191579325702242,-0.14519688433145822
flow07,147,7,177.79999999999998,128,4317910688395.9639,4042304281258.2607,3758925076669.2192,2986453748487.6606,241500150.11692283,314139391.03577197,42282621.784805626,46663339.820119783,0.17508321118779596,0.14854342101531001,-15.158386685071198,30.07834193216058,10.360563868554577
flow07,148,7,177.79999999999998,128,2605883238945.0342,2308600789933.7695,3673793651198.1602,2887946549670.2256,145790054.74372515,179389643.20730346,41325012.949360639,45124164.838597357,0.28345563777997884,0.25154275370541695,-11.258510970006881,23.04655727212727,9.1933471234290263
flow07,149,7,165.09999999999999,128,2101777906522.3037,1964543082000.6191,3220150256027.231,2656997199650.6035,126619246.90865605,152674382.2153905,39008482.81074781,41515581.244540758,0.30807704012715209,0.27192237913215367,-11.735590870412276,20.577547207756496,6.4270595858759743
flow07,150,7,215.90000000000001,128,2450365166608.084,2104836853741.2778,4037640629024.8457,2818684149346.9248,112890947.64078556,163551958.35240546,37402877.526862867,44041939.833545782,0.33131866025146067,0.26928408731522857,-18.723537300660873,44.876061163753526,17.750137812029887
flow07,151,7,152.39999999999998,128,1687981069437.4246,1552283589892.9712,2989122621668.2192,2612236105386.1167,110149108.63493316,120623189.96169288,39227330.993021257,40816189.146658145,0.35612935482784774,0.33837763003631738,-4.9846283522770864,9.5090023483294281,4.0503855689788164
flow07,152,7,152.39999999999998,128,1487180514592.3479,1375137180691.9761,2971526781041.6211,2612572100161.6392,97071145.091439962,106860446.64386882,38996414.449365117,40821439.065025687,0.4017302403575328,0.38200700396724235,-4.9095722474706189,10.084666811344857,4.6799805608545713
flow07,153,7,177.79999999999998,128,1596016776973.4004,1355773862295.012,3379543086936.1045,2575026072843.5303,89308165.022971913,105350301.57113798,38015107.83955124,40234782.388180234,0.425662175790679,0.38191425926779737,-10.277614270429053,17.962676250306671,5.8389274022251367
flow07,154,7,165.09999999999999,128,1573543219854.9548,1369774339341.0842,2970727924649.0562,2450238269614.5234,94802037.071085736,106451954.62978847,35987013.018159375,38284972.962726995,0.37960168504791841,0.3596455611911677,-5.2571220420772331,12.288678512221461,6.3855256433982159
flow07,155,7,177.79999999999998,128,1489766255357.1487,1290401634916.0991,3372882648858.4165,2705144197000.1001,83337914.106129766,100291280.18219782,37940187.276247658,42267878.078126639,0.4552572221561883,0.42145117702495322,-7.4257021055312347,20.34292105568921,11.406614232999106
flow07,156,7,101.59999999999999,128,1124986579353.6692,1307503739004.7913,2181651493163.9639,2649328182603.9131,110111626.27190265,101596851.40785329,42945895.534723707,41395752.85318622,0.39002144449920156,0.40745113927798737,4.46890678054024,-7.7328572398190865,-3.6095246407986203
flow07,157,7,152.39999999999998,128,1942133246032.7949,1742991903981.3469,3128662359249.3057,2786220043850.7837,126777790.65337457,135439049.11225581,41058561.145004019,43534688.185168572,0.32386241259924592,0.32143379970931246,-0.74989032238782005,6.8318420870435785,6.0307204420042035
flow07,158,7,190.5,128,2009400674054.395,1749088934754.5698,3645018760060.8564,2855268145106.8599,104924605.15027329,135909308.17424551,38267913.491452567,44613564.767294765,0.36471820348187312,0.32825981801111787,-9.9963163677316356,29.530445198812842,16.582172104208261
flow07,159,7,177.79999999999998,128,2285466415329.9873,2032642670159.1946,3379815422950.5898,2719859180057.584,127835327.74196391,157966738.81804901,38018171.236789547,42497799.688399829,0.29739956793109157,0.26903005029020771,-9.5391926216440126,23.570488384013434,11.782861473556153
flow07,160,7,127,128,2953189270677.6147,2961389604136.3647,3006265134440.6846,3022681995702.5615,231335529.20443588,230102660.70335752,47342758.022687949,47229406.182852611,0.20464974915656037,0.20525362913443038,0.29507975473159798,-0.53293521549336087,-0.23942804468851811
flow07,161,7,165.09999999999999,128,2703021558320.1782,2485611642740.9106,3806166361435.8198,3272740590205.5889,162843755.50934291,193164213.64474905,46107405.953189828,51136571.721962422,0.28313892546247799,0.26473108427841813,-6.5013459926050663,18.619355738001602,10.907501007275089
flow07,162,7,165.09999999999999,128,3034562963990.5425,2831233287349.9995,3536710693751.9995,2978724725827.5312,182821155.57962903,220000760.40384966,42843254.921284072,46542573.841055259,0.23434517075144179,0.21155642260335042,-9.7244368531333016,20.336598741181675,8.6345421853870512
flow07,163,7,177.79999999999998,128,2049555848145.5874,1769388066579.6775,3843651856516.8159,3028476926020.2012,114631376.31131721,137493712.0128344,43235678.925948441,47319951.969065726,0.37717141952940081,0.3441608439857135,-8.7521412902586331,19.944221588535587,9.4465338456060568
flow07,164,7,203.19999999999999,128,2356113946138.0889,1969070346756.915,4171069293287.4414,3058784594418.2319,115317314.08618872,153022265.6678066,41053831.626844905,47793509.287784964,0.35600752542815101,0.31233042511302944,-12.268589059344597,32.696695964872205,16.416683641614139
flow07,165,7,127,128,2114811340052.554,2122245740418.0242,3018899094243.1553,3033980256380.7285,165661918.58280212,164900420.68577066,47541718.019577257,47405941.505948968,0.2869803659542593,0.28748223508952908,0.1748792582380965,-0.45966985264078053,-0.28559446163131408
flow07,166,7,152.39999999999998,128,1744658040706.0637,1628616232073.2002,3389877971323.2358,2976412989176.0645,113850030.53404975,126558033.92881992,44486587.550173707,46506452.95587609,0.39074726059795706,0.3674713608622644,-5.9567659412566991,11.162055324148133,4.5403918729983488
flow07,167,7,203.19999999999999,128,2465354810769.6143,2142802347878.29,3868259838853.7134,2772573740836.6606,120681653.15726727,166493387.81496581,38073423.610764898,43321464.7005729,0.31548642742861011,0.26019931042978517,-17.524404282442735,37.960811323986924,13.784000996233416
flow07,168,7,190.5,128,2048064678330.3328,1785081968270.9102,3767658588475.209,2774731253318.3042,106945374.41198406,138702489.49986139,39555470.745146558,43355175.833098583,0.36986612055578594,0.31257676765161385,-15.489213453258497,29.694706538255573,9.6060166049679676
flow07,169,7,127,128,2257666528849.1606,2262164804932.2407,2774268591258.9043,2793715962612.0298,176774111.22488141,175794959.81779748,43689269.153683536,43651811.915813044,0.24714744060064694,0.2483109411160361,0.47077182452769217,-0.55389977655625777,-0.085735556112716396
flow07,170,7,190.5,128,3358632648270.1523,3080910461204.4863,3997338825019.2563,3059649296377.4731,175310330.90594932,239414272.68253362,41966811.811225794,47807020.255898103,0.23938584562788939,0.19968325079470439,-16.585188956785792,36.565980707078154,13.916254756121596
flow07,171,7,152.39999999999998,128,3162396865644.0581,3044699136027.7476,2935944665293.1289,2605902677009.3896,206379932.72821578,236600329.14563826,38529457.549778603,40717229.328271784,0.18669187958559183,0.17209286848966501,-7.8198425814410806,14.64308860746654,5.6781795478606529
flow07,172,7,177.79999999999998,128,2208095300822.8804,1957202531888.3391,3411752577743.9307,2724203525327.0615,123509946.39134708,152107840.79035348,38377419.322203949,42565680.083235413,0.31072330968878642,0.27983882922841991,-9.9395441208771,23.154325003423303,10.91334653293967
flow07,173,7,177.79999999999998,128,2089482771796.8879,1818665344824.9294,3521454165913.4434,2789756933523.1768,116879693.30889054,141337500.06384373,39611407.940533675,43589952.086299717,0.33890752806690166,0.30841037988226516,-8.9986635465401186,20.925625369597707,10.043935201038048
flow07,174,7,228.59999999999999,128,2307440719054.9673,1857016534280.9744,4312144554157.1436,2818150914813.4468,100402326.20279948,144288144.13377118,37726549.030246228,44033608.043960184,0.37575373457028838,0.30517828272249536,-18.782368704466247,43.709961303414545,16.717826506361458
flow07,175,7,215.90000000000001,128,2574607778774.8774,2143017647426.7776,4081176692005.0864,2855347376662.603,118622203.80828923,166501516.29047838,37806175.93334958,44614802.760353252,0.318710787016315,0.26795433311561145,-15.925552560009615,40.362858676583933,18.009297843312545
flow07,176,7,139.69999999999999,128,2386069378940.2588,2299289865244.6743,3260345340320.5918,3060642520889.8696,169917595.80288741,178666138.53504059,46676382.824918993,47822539.388904303,0.27470011333650129,0.26766425793394077,-2.5612859481938983,5.1486973381508454,2.4555385285198557
flow07,177,7,177.79999999999998,128,2332901568878.4385,2052096656275.7493,3782908520416.6436,3001244569507.8389,130478863.44806278,159462128.1841751,42552401.804461688,46894446.39856007,0.32612486559096759,0.29407889467270909,-9.8262887315226095,22.212996013449445,10.203994157723692
flow07,179,7,190.5,128,2306259328413.502,2042341417178.4917,4039170543422.7036,3009812738606.3408,120421453.5723718,158708177.70278263,42405989.957193747,47028324.040724158,0.35214647140684341,0.29631947591758917,-15.853345133978625,31.793939530385245,10.90019143096618
flow07,180,7,127,128,2727657931016.7847,2736007975194.7617,2989235880069.7622,3007648991537.0942,213674290.04958442,212601284.9959242,47074580.788500197,46994515.492767185,0.22030999039508334,0.22104530315359158,0.3337627845154017,-0.50216853577059584,-0.170081802943153
flow07,181,7,215.90000000000001,128,2042558936928.9983,1635984139096.3528,4126968837295.4727,2821495850983.0508,94108642.296625406,127120735.89318269,38230373.666470341,44085872.671610251,0.40623658713479521,0.34680315813035278,-14.630250176043733,35.078705622492073,15.31635305535983
flow07,182,7,190.5,128,2161888251538.5066,1923876406523.551,3833739453564.8154,2967634679618.5596,112908584.54714268,149494665.18683383,40249233.108292028,46369291.869040079,0.35647628804953074,0.31017355576594768,-12.98900763832839,32.403276319893436,15.205404645305439
flow07,183,7,190.5,128,1871741247218.3982,1555158372758.1792,3838797570320.5347,2882238617580.333,97719501.160201162,120865311.08832578,40302336.696278587,45034978.399692789,0.41242880098422746,0.37260466211667786,-9.6560033568248773,23.6859681571434,11.742846919968294
flow07,184,7,190.5,128,4167094638269.9849,3813780747257.1953,3784279348952.7666,2838742784780.3931,217528438.95913741,296387808.86366898,39729966.918139286,44355356.012193725,0.18264263334139283,0.14965310544400998,-18.062336976777669,36.252441419553996,11.642066311267554
flow07,185,7,177.79999999999998,128,2012336656488.5513,1742616420272.5566,3650796365878.8638,2862236476637.6812,112593667.78530861,135430859.45108315,41066325.825409047,44722444.947463848,0.36473033193761401,0.33022344485392074,-9.4609315601411392,20.282838382456859,8.9029613644974361
flow07,186,7,203.19999999999999,128,3056507372490.9048,2667144808158.7051,4281322769952.6367,3195004508618.8125,149648397.16254798,207223517.38817161,42139003.641266115,49921945.447169036,0.28158673557655789,0.24090868679569377,-14.446010284388752,38.473596321306125,18.469686355567266
flow07,187,7,139.69999999999999,128,3081555088487.3076,3023970443353.5889,3323769555873.0259,3163317014826.4185,219403218.32119811,234965248.7237986,47584388.77413065,49426828.356662877,0.21688099718058321,0.21035803645484641,-3.0076220648808332,7.0928906702809922,3.8719412605629033
flow07,188,7,127,128,2580145043979.9307,2584710957142.4048,3015366053537.1118,3033371356205.6479,202087123.48041376,200849949.59004498,47486079.583261609,47396427.440713339,0.23497825475191125,0.23597928472202373,0.42600961998349973,-0.61219827817911221,-0.18879668175401881
flow07,189,7,177.79999999999998,128,3004205799637.8794,2775745287264.7373,4114156837701.4526,3380012248854.8955,168074809.12611273,215694640.62561771,46278479.614189573,52812691.38835784,0.27534453172851814,0.24484934458814439,-11.075283372774997,28.332521540318435,14.119331120300666
flow07,190,7,190.5,128,2743009796748.0088,2462910222025.9458,4404835113637.6494,3523995822390.9141,143266185.56012225,191390131.8827008,46244988.069686614,55062434.724858135,0.32279067030984582,0.28769735504756749,-10.871849309830534,33.590582547047113,19.066815720407369
flow07,191,7,215.90000000000001,128,3174709591223.4697,2858372711722.0923,4583027614679.0078,3326470056932.9951,146248833.82351086,222115363.99166977,42455096.013700865,51976094.639578141,0.29029356955375474,0.2340049499751285,-19.390239909604016,51.874964185842742,22.426044267582657
flow07,192,7,139.69999999999999,128,2842707493849.1914,2763055894342.6772,3299368922206.4595,3133910163729.5757,202354442.20441437,214730771.52666312,47235059.730944298,48967346.308274709,0.23342734271792459,0.22804065742479965,-2.307649665375429,6.1161638891754304,3.667374588277629
flow07,193,7,152.39999999999998,128,2237442175656.501,2132674379513.2366,4214335450330.5112,3801249645885.9658,146007328.69896546,165727856.05727026,55306239.505649768,59394525.71696832,0.37879084562720067,0.35838589317443093,-5.3868652551471472,13.506532537804405,7.3920885742031279
flow07,194,7,152.39999999999998,128,2677359357110.1499,2511290991447.188,3693710873703.0059,3354800381040.4761,174714721.99460626,195129589.88079226,48473895.980354413,52418755.953757532,0.27744597265164,0.26863560767888139,-3.1755245493582525,11.684686701339482,8.1381120572645926
flow07,195,7,177.79999999999998,128,2334429557725.874,2094327289061.9041,3984577873414.0405,3230361596519.6367,130581316.31474,162752148.21803492,44820898.46360001,50474399.945619419,0.34324128235595547,0.31013046831185381,-9.6465127436985743,24.63662705448121,12.613538942354619
flow07,196,7,177.79999999999998,128,1490545869161.6279,1283175075405.3733,3438380787672.5942,2719133298312.7334,83376875.082164884,99721896.509491146,38676949.242661357,42486457.786136538,0.46388101262546272,0.42604943621477198,-8.155448354433064,19.603782716992978,9.8495579875602637
flow07,197,7,165.09999999999999,128,1591115158200.2795,1458410669856.1543,3412243164593.6948,2851259432809.314,95860702.336459175,113343251.07550429,41335471.406343982,44550928.63764561,0.43120351091588716,0.39306203249779503,-8.8453543286506768,18.237451127453184,7.7789296260647802
flow07,198,7,177.79999999999998,128,1621309179811.3757,1433559599228.5767,3582239851886.0981,2784769390297.1328,90689714.730495721,111406145.64892982,40295161.43853879,43512021.723392777,0.4443189788200862,0.39057110781402171,-12.096685842408746,22.843197798115799,7.983242081708954
flow07,199,7,165.09999999999999,128,1266578544754.9548,1131088055545.3721,3454765221726.7847,2896863033913.2183,76306656.323242262,87888838.616942406,41850578.094812661,45263484.904894121,0.54845252185510041,0.51500834027597042,-6.0979173668501874,15.178469155609331,8.1549812820972392
flow07,200,7,190.5,128,1572185531848.1436,1361269153616.0979,3532730079973.3613,2622922980439.7915,82097450.549115553,105766385.90804414,37089029.711006425,40983171.569371819,0.45176834923537085,0.38748768067960249,-14.228679070715112,28.830292780856126,10.499443875205451
flow07,201,7,152.39999999999998,128,1647923442371.2886,1532178057960.6194,3500343643062.832,3070975905004.21,107535150.46013206,119063926.06533837,45936268.281664468,47983998.515690871,0.42717444561250728,0.40301038359308616,-5.6567199343521812,10.720936880523107,4.4577635725010705
flow07,202,7,177.79999999999998,128,1780674540524.2554,1568847820999.9824,3552691277405.0996,2802345582112.7593,99602139.88890186,121916643.31953569,39962781.523116991,43786649.720511943,0.40122412598456464,0.35915235630093545,-10.485852409894145,22.4036385719462,9.5685736869516607
flow07,203,7,177.79999999999998,128,1944869897332.613,1640765710032.4106,3881903265716.9409,3065153978402.3901,108788439.84436288,127512037.49845579,43665953.495128699,47893030.912537433,0.40138413196842393,0.37559615430909754,-6.4247626165139664,17.211017715558416,9.680488066933659
flow07,204,7,127,128,1924987304250.7097,1930047607508.2573,3071351743307.7876,3086840822774.0938,150780439.22013006,149997442.48104084,48367743.989099026,48231887.855845302,0.32078261768746497,0.32155140153100709,0.23965882225299934,-0.51929596646557996,-0.28088168280981274
flow07,205,7,165.09999999999999,128,2036715220874.6296,1876360836930.292,3612766732786.0659,3056149179415.3579,122694704.8784382,145817536.15370509,43764587.919879667,47752330.928365052,0.35669500133066179,0.32748002872596682,-8.1904631395751561,18.845826556391501,9.1118029393668483
flow07,206,7,177.79999999999998,128,1803046884829.417,1624651044898.7324,3910057475836.936,3187374903499.0283,100868541.00765643,126236861.10855748,43982648.77206903,49802732.867172405,0.43603930752533165,0.39451814968961013,-9.5223428528423106,25.149883053206324,13.232682108948818
flow07,207,7,203.19999999999999,128,2014945745459.1108,1750641252182.531,3902433574595.4585,2721209420645.2402,98651322.394874364,136019388.79832822,38409779.277514361,42518897.197581954,0.3893488535690427,0.31259438505949633,-19.71354681180167,37.878931063771923,10.698103444903499
flow07,208,7,114.3,128,1510962137991.76,1579470197871.6497,2391207168433.002,2609819933928.9482,131496939.16828813,122716760.26421393,41840895.335660584,40778436.467639893,0.31818911984037235,0.33229720520524125,4.4338679373910033,-6.6770975504132677,-2.5392833004583624
flow07,209,7,139.69999999999999,128,1167320596707.5166,1106293480899.8689,2482295056181.1211,2315213772617.1782,83094201.120435432,85968888.88472344,35537509.752056137,36175215.197143473,0.42767737426765351,0.42079426251107171,-1.6094168573608323,3.4595528033556526,1.7944573199883245
flow07,210,7,127,128,1347078439502.9434,1352308113408.3149,2765943211966.7915,2782195567632.5557,105524972.88199086,105080995.82588242,43558160.818374671,43471805.744258761,0.41277585417705809,0.41369807549493409,0.22341939542820788,-0.42073174148544612,-0.19825234237043687
flow07,211,7,203.19999999999999,128,1447661695582.1702,1089192610153.7732,3722706696312.8564,2759698378828.8096,70882981.458773643,84626883.396053419,36640813.940087177,43120287.169200227,0.5169197624876698,0.50953415083712206,-1.42877331967433,19.389565244618538,17.683758989928251
flow07,212,7,177.79999999999998,128,1901218011389.1094,1714168216371.7925,3329051315973.7275,2552670154830.7163,106350678.11051992,133216510.16240671,37447146.411403015,39885471.169230014,0.35211008596003346,0.29940336314624139,-14.968819387858884,25.261552186783192,6.5113766775150195
flow07,213,7,177.79999999999998,128,2066673262802.6653,1868160450578.2417,3255773052561.1694,2501678998595.604,115646797.94295567,145172760.18291211,36622868.982690327,39088734.353056386,0.3166786252115259,0.26925667255899854,-14.974787963934036,25.531154139278904,6.7331299782426717
flow07,214,7,152.39999999999998,128,1767442394814.8154,1679503860333.0581,2918767422546.043,2591623800923.6436,115381902.10678969,130509086.4230029,38304034.416614741,40494121.889432006,0.33197610472015893,0.3102781806178877,-6.5359897275021073,13.110534702584905,5.7176417737012404
flow07,215,7,177.79999999999998,128,1137817577934.002,955379180258.4679,2973713397398.1045,2229246540343.749,63643896.167610899,74249170.373270392,33450094.458921317,34831977.192871138,0.52558212920887215,0.46912277965883653,-10.742250623136778,16.663458468554033,4.1311773742428581
flow07,216,7,165.09999999999999,128,1775052475252.6421,1621334910910.823,2874656046521.2285,2374595295355.2505,106936040.6455725,125972687.63348447,34823210.739203259,37103051.489925854,0.32564522240561422,0.2945325069024215,-9.5541753302431776,17.801899970288591,6.54689990476954
flow07,217,7,101.59999999999999,128,1061037399736.4348,1212593185768.8511,1892508743498.2603,2335195229120.9888,103855776.41912536,94226892.009684563,37254109.123981506,36487425.455015518,0.35871003432333926,0.38722942757429979,7.9505423662760739,-9.2713999562065865,-2.0579841713956117
flow07,218,7,152.39999999999998,128,2039462347848.1548,1895980263132.0994,3096637549724.2954,2710511660516.96,133131200.50289646,147323192.52277765,40638288.054124616,42351744.695577577,0.30524991813050217,0.28747506736951528,-5.8230484941154641,10.660154769334046,4.2163602934524995
flow07,219,7,190.5,128,2524556872405.5874,2251283914412.3398,4009555515169.332,3103831889419.2969,131810720.94583449,174926803.95088446,42095071.025399819,48497373.272176601,0.31935999381035263,0.27724380813470745,-13.187683646015874,32.710604035591182,15.209149410660658
flow07,220,7,177.79999999999998,128,2155366758562.2495,1869650542743.76,3507833096927.6001,2783853752481.5645,120567296.84697619,145284801.08129755,39458190.066677175,43497714.88252452,0.32727108509994585,0.29939618293715625,-8.5173739544625011,20.501002245818594,10.237481265666979
flow07,221,7,228.59999999999999,128,2333162127854.3511,1905618114741.2471,4241974206245.0435,2887064371173.3462,101508314.07480414,148068257.50789854,37112635.225240983,45110380.799583614,0.36561177834055747,0.3046593615594973,-16.67134933609405,45.868108299762675,21.549926395157243
flow07,222,7,203.19999999999999,128,2434090898566.0659,2108114407789.8049,4112443993463.1416,3035727830657.4526,119143498.41778733,163823558.21322632,40476810.959282897,47433247.354022786,0.33973159674518993,0.28953862235299233,-14.774302676899381,37.501047383017379,17.186226458743555
flow07,223,7,165.09999999999999,128,1676397069268.3259,1517294516567.0161,3768911975815.6826,3147871921961.8462,100986590.15705955,117904296.5417919,45656111.154641829,49185498.780653939,0.45210073024185776,0.41716460064048505,-7.7275101021586776,16.752428573359158,7.7303728608372255
flow07,224,7,177.79999999999998,128,1626274860700.0769,1345648799828.0374,3438277138838.124,2625674419307.4619,90981007.856170267,104560833.81248692,38675783.339011528,41026162.801679164,0.42509732800666666,0.39236644645788699,-7.6996206262360634,14.926000795445876,6.0771347332914996
flow07,225,7,165.09999999999999,128,2194353048265.1621,2010142866445.657,2926067380603.2207,2412198285509.6196,132198979.39509742,156197993.68505707,35446000.976416975,37690598.211087875,0.26812613182497447,0.2413001429908482,-10.004988566962041,18.153706178195847,6.3324413836254232
flow07,226,7,152.39999999999998,128,1971023835658.7559,1876667169129.1875,2755265688057.5874,2387261764381.3096,128616258.60075054,145837575.08256659,36158342.362960473,37300965.068458028,0.28113352663447383,0.2557706067681112,-9.0216631826125706,13.389688573724037,3.1600527867893193
flow07,227,7,127,128,1762469575011.1616,1766204376165.3286,2497563786784.0737,2511862414263.438,138004039.72902003,137256952.61134246,39331713.17770195,39247850.222866289,0.28500407129336464,0.28594435091387116,0.32991796090472714,-0.54135162937586745,-0.2132196847281104
flow07,228,7,152.39999999999998,128,1699562042713.6765,1593557690764.093,2775440086438.0005,2424588330424.3975,110897608.40562265,123846467.37766269,36423098.247217864,37884192.662881278,0.32843898773718883,0.30589643342313194,-6.8635439627207253,11.676409580157834,4.0114501126356474
flow07,229,7,177.79999999999998,128,2144501452003.5098,1925152187534.1895,3538655328841.7529,2747970116288.0249,119992976.60046928,149593799.65014467,39804896.837365054,42937033.067000464,0.33172688906535036,0.28702414917875868,-13.475766167928949,24.668796364836261,7.8687208823394261
flow07,230,7,177.79999999999998,128,2176011507164.8806,1875126544830.1143,3288849766773.665,2544979874298.9277,121722126.54044561,145721615.67327324,36994935.50926508,39765310.535920821,0.30392942154993052,0.2728854628202847,-10.214199918959087,19.716619989261456,7.4885250873377611
flow07,231,7,190.5,128,2451735008521.3809,2117124698437.6213,3379535474381.9316,2409121488836.502,127995259.87970288,164519506.8916446,35480687.395085901,37642523.263070412,0.27720313571324939,0.22880279654535088,-17.460242303307083,28.535624714750568,6.0929931934856674
flow07,232,7,190.5,128,2171912299984.7075,1893768089209.6826,3408124900268.667,2498816728349.0308,113373066.5658865,147181710.39102533,35780838.847965017,39044011.380453676,0.31560263766148605,0.26527760328863831,-15.945695113874855,29.820701555682998,9.1198882909203984
flow07,233,7,165.09999999999999,128,2070667042392.2576,1824842974649.553,3136974520083.4614,2602831819568.9102,124740012.28248553,141806605.2347233,38000902.72663188,40669247.180764295,0.30464084483634046,0.28679374358794585,-5.8584072198140262,13.68173101794223,7.0217922803775394
flow07,234,7,190.5,128,2372451510335.1064,2022729410173.6797,3651978107626.0127,2678282851840.3062,123881981.91344988,157167911.48108065,38340977.507884651,41848169.56000486,0.30949599704234282,0.26626408129780615,-13.968489465995262,26.869064454333618,9.1473725504232917
flow07,235,7,215.90000000000001,128,3085462332710.812,2670495530567.54,3761202121018.9463,2524345310970.415,142137494.78465676,207516005.30526152,34842076.155803122,39442895.483912803,0.24512938129794729,0.19007158231429552,-22.460709806439191,45.996667254938941,13.204779495734476
flow07,236,7,215.90000000000001,128,2049520252192.6519,1734425817523.5508,3655223908873.6519,2433463571781.5396,94433715.714538351,134776903.02455157,33860341.907120451,38022868.309086628,0.35856199929139876,0.28211709466391444,-21.319856755193548,42.721169028195156,12.293220232046281
flow07,237,7,177.79999999999998,128,1821859795882.5674,1579131735541.447,3225574473109.9917,2473737371547.3682,101909629.05687526,122725325.91963591,36283177.425309248,38652146.4304277,0.35603286716959581,0.31494841134696389,-11.539512110004551,20.425642851808938,6.52911121137363
flow07,238,7,127,128,1939038831528.0774,1945786979658.7314,2554372875695.5859,2570978689348.7266,151865252.31578147,151216752.51815823,40226344.499143094,40171542.021073923,0.26488182046738595,0.26565536788822453,0.29203492314936585,-0.42702315884267383,-0.13623529244706467
flow07,239,7,152.39999999999998,128,2522317622595.1914,2329847970921.4272,3314873879796.8784,2947571258201.7744,164575844.99603757,181064036.14929628,43502281.887098148,46055800.90940281,0.26432968877143265,0.25436194778861282,-3.7709502209715797,10.018597293944133,5.8698507561783355
flow07,240,7,152.39999999999998,128,2698187011275.6885,2568713933684.27,2986519966349.0728,2642035416001.3911,176073858.86118644,199606870.03166011,39193175.411405161,41281803.375021808,0.22259508404540834,0.20681554381607209,-7.0888987944214001,13.36542024050639,5.3290603317863825
flow07,241,7,177.79999999999998,128,2507298401411.4292,2237091514242.957,3449857372219.0737,2720708818395.1157,140300667.65320572,173837510.38869449,38806044.681879349,42511075.28742376,0.27659201720835624,0.24454489248247116,-11.586424311640219,23.903551776663619,9.5475605306265372
flow07,242,7,203.19999999999999,128,2671662080234.3022,2335985872098.1357,3648408184465.1299,2568740494232.8374,130795502.88688132,181522287.18552151,35909529.374656796,40136570.222388156,0.27454712571970619,0.22111097675497726,-19.463379492555159,38.783278613570779,11.771362424801367
flow07,243,7,139.69999999999999,128,2276834563569.7148,2179087157582.3757,2683890341781.6831,2482184910877.5796,162085017.25758544,169334543.6402176,38423626.940324739,38784139.23246225,0.23705847456129722,0.22903855526883096,-3.3830974856764784,4.4726690383178491,0.93825679886341362
flow07,244,7,177.79999999999998,128,2338946059341.0459,2088831914432.6104,3273289469588.6445,2603644934230.8555,130885059.71626654,162325097.47441354,36819904.044866651,40681952.097357191,0.281314797309067,0.25062022281409485,-10.911112671136705,24.021105102677808,10.489022588935775
flow07,245,7,165.09999999999999,128,1910954733099.8276,1752297230872.5879,3142041237429.2026,2587665864550.9722,115137152.42998554,136158602.13360563,38062280.283818327,40432279.133609012,0.33058208823571394,0.29694986949069024,-10.17363612303248,18.257746748082166,6.226633906635012
flow07,246,7,190.5,128,2242622482358.1992,1918823700421.542,3519776912070.0967,2676228321510.9629,117129144.59200993,149109747.40331486,36953038.446930155,41816067.523608871,0.31548969793680998,0.28043818899715511,-11.110191289566417,27.303710722639828,13.160024942638263
flow07,247,7,177.79999999999998,128,1986672657645.5693,1764190045823.7095,3133061146150.8545,2395542685874.5474,111149454.92554267,137093330.69339576,35242532.577624917,37430354.466789871,0.31707337297545324,0.27302826678346226,-13.89114001553224,23.341433194820887,6.2079020125641531
flow07,248,7,177.79999999999998,128,2653013976129.9854,2421196836962.7354,2952014898777.7065,2249651881757.9111,148421334.69425049,188134051.1204198,33206016.859141812,35150810.652467422,0.22372805720650979,0.18683917368030462,-16.488268832619095,26.756743906108859,5.8567512073951056
flow07,249,7,127,128,1763171697426.5317,1767964577364.8123,2525936659922.0386,2540544772754.9478,138116531.08466712,137372452.68663996,39778530.077512421,39696012.074296132,0.28800701672074069,0.28896631965104846,0.33308318013582849,-0.53873232420746409,-0.20744357082952652
flow07,250,7,190.5,128,1899746044363.9543,1626907170710.7605,3564404397246.8242,2502716658972.9761,99198784.077488348,126444820.33594793,37421568.475032277,39104947.79645282,0.3772381770909683,0.30926492435637859,-18.018656875812024,27.466099017077223,4.498420002207272
flow07,251,7,127,128,2507583954463.8271,2513605309142.438,2728440604998.2656,2744515673727.814,196368068.03931251,195329593.14371637,42967568.582649857,42883057.401997171,0.2188113831931566,0.21954204026035823,0.33392095810510847,-0.52884102082638296,-0.19668597372486832
flow07,252,7,127,128,1810548707249.6289,1814820861506.053,2671225407504.7925,2689538879400.7651,141768708.67403272,141038726.20593011,42066541.850469179,42024044.990637034,0.2967265643026511,0.2979610361006656,0.41603009185095507,-0.51491085369271794,-0.10102294593933038
flow07,253,7,190.5,128,2333963866830.5361,2069987203536.7222,3593488954148.5249,2647537900789.9717,121851129.33294359,160856502.33507487,37726918.153790295,41367779.699843384,0.30961484198235062,0.25717194579844543,-16.938107956366853,32.010678288876406,9.6505670863743855
flow07,254,7,152.39999999999998,128,1770583269031.5464,1659153091227.2581,3007165585458.1191,2642386399624.6772,115581928.24985698,128921031.00263372,39464115.294725977,41287287.494135655,0.34143845748459217,0.3202525388839948,-6.2049010989201232,11.5408203987921,4.6198228081229251
flow07,255,7,190.5,128,2143022652535.8428,1852800420394.3362,3385682231353.6079,2484483482453.3359,111942726.46682025,143953121.3145707,35545220.276678301,38820054.413333446,0.31753041397659615,0.26967150179746846,-15.072229327504724,28.595332504464505,9.2131490849243871
flow07,256,7,139.69999999999999,128,1619632290615.0745,1573796187649.946,2938818322234.2681,2745357074025.6436,115307791.06507722,122294867.85786131,42073275.908865683,42896204.281650759,0.36487799757711464,0.35076046144068279,-3.8691113824829078,6.0595010347919507,1.955940808050245
flow07,257,7,165.09999999999999,128,2071563964790.1167,1874140316987.676,3259703631815.1846,2663475700590.8301,124804040.11851883,145629926.25264022,39487627.278197274,41616807.821731798,0.31639702721721402,0.28577098741047602,-9.6796231229165439,16.686868561582067,5.3920194508879291
flow07,258,7,127,128,1775285224198.4553,1780436093603.604,2680693082085.3506,2698165697447.7559,139018378.79921383,138362941.35894394,42215639.087958284,42158839.022621259,0.30366948206848909,0.30469747613453768,0.33852399623638685,-0.47147538759356766,-0.13454744868052099
flow07,259,7,165.09999999999999,128,2158578621604.541,1954042460315.4856,3413774840759.1079,2824893633583.0156,130048954.43867746,151819110.27618912,41354025.93287836,44138963.024734698,0.3179881461667437,0.29073390658420512,-8.5708350802005242,16.739969907083747,6.7343796136718685
flow07,260,7,152.39999999999998,128,1936113720356.6526,1824179555129.4072,3219795636774.6763,2869294938186.7559,126387592.73503517,141744068.23860499,42254535.915678173,44832733.409168139,0.33432503144721293,0.31629354205989713,-5.3934009395772149,12.150303025205849,6.1015875281057061
flow07,261,7,228.59999999999999,128,2667416393700.7773,2216794185946.4839,4238442720543.2725,2732530897449.7314,116055667.4777928,172229128.47266388,37081738.587430209,42695795.272652134,0.31951682665153586,0.24790112828927652,-22.413748631887614,48.402169592984201,15.139680336145164
flow07,262,7,139.69999999999999,128,1845880077465.2646,1789333452048.2732,3138361560691.8164,2912801930752.0122,131461895.58769478,139014882.347065,44930015.185280122,45512530.168000273,0.34177215370600289,0.32739322149964883,-4.2071690307230272,5.7453809908984788,1.2964940704293237
flow07,263,7,177.79999999999998,128,1737861296343.8323,1481446761457.3142,3313079464461.687,2546988462620.7773,97220030.947483003,115112731.23164102,37267485.539501548,39796694.728449717,0.38333134824481757,0.34571931620983731,-9.8118852546750333,18.404335104381346,6.7866376073785348
flow07,264,7,152.39999999999998,128,1557865255347.2161,1403112946079.3496,2750763330972.9868,2387955239250.2026,101687080.7963004,109048496.7258753,36099256.311981462,37311800.613284484,0.35500336944764405,0.34215786309350421,-3.6184181502633015,7.2392833700490415,3.3589176763748849
flow07,265,7,139.69999999999999,128,879150012605.66394,833240136224.38391,2232481759526.7603,2065779525342.9021,62576710.489132106,64751876.585989587,31961084.603103224,32277805.083482902,0.5107504749495263,0.49848447311976246,-2.4015644490543053,3.4759994251139945,0.99095660961682974
flow07,266,7,177.79999999999998,128,1245495811453.4248,1048811182303.45,3062585345430.2393,2315092028132.8994,69678543.858134091,81487267.436000183,34449778.91372598,36173312.939576618,0.49441014415952672,0.44391368219565114,-10.213476110955838,16.947431625305949,5.0030336338789203
flow07,267,7,88.899999999999991,128,694839186188.74329,856973098523.65198,1505774732204.9304,2032759666585.959,77718740.768957213,66596187.462306179,33875697.012484379,31761869.790405668,0.4358755259968799,0.47693225394296135,9.4193698653260345,-14.311288624343815,-6.2399519670390591
flow07,268,7,203.19999999999999,128,1466147178648.7666,1147755870508.6367,3148072897293.8442,2098178049735.3884,71777587.052000985,89174763.913144857,30984969.461553589,32784032.027115505,0.43168028815326137,0.36763800192447671,-14.835582718580712,24.23761730599842,5.8062428229732763
flow07,269,7,165.09999999999999,128,911764041864.17932,792159932940.5813,2427612379050.3394,1972610931074.3105,54927099.726232573,61557905.23008845,29407781.696551662,30822045.798036158,0.53539658644140697,0.5007000430380284,-6.4805313074545943,12.072010968911721,4.8091492111774343
flow07,270,7,165.09999999999999,128,1627722741028.4038,1484055299174.2146,2969477388830.9233,2400329866674.1636,98068181.333282143,115300532.81553666,35971864.189350985,37505154.166783877,0.36680464244668254,0.32528170729953543,-11.320177103042729,17.571806928580457,4.2624701610176849
flow07,271,7,152.39999999999998,128,1708054521523.5352,1606484938171.9768,2722982192091.522,2347307672801.1948,111495274.96329425,124831786.04683989,35734674.436896622,36676682.387518734,0.32050393569288887,0.29380884107319238,-8.3291004093241732,11.961503380242974,2.6361173439136563
flow07,272,7,127,128,1919735949344.5112,1924733182942.7817,2377080322195.4453,2392735124583.2915,150337798.78071085,149568967.00010887,37434335.782605439,37386486.321613997,0.24900148922100931,0.24996151990263318,0.38555218469868779,-0.51140284535057567,-0.12782238549475305
flow07,273,7,152.39999999999998,128,1439666859570.178,1309236689462.2559,2559906519870.5693,2188262931125.1311,93971875.787319094,101749902.05304709,33594573.75158228,34191608.298830234,0.35749604304605842,0.33603578587234917,-6.002935582407102,8.2769724458108467,1.7771755393081414
flow07,274,7,101.59999999999999,128,1045257677768.9045,1122625735875.8862,1667311418033.175,1927503508737.2356,102391184.75130691,87217776.213778242,32821090.90616487,30117242.324019361,0.32054606054107548,0.34531082574496536,7.7258055089142044,-14.819057494434345,-8.2381435457943208
flow07,275,7,88.899999999999991,128,804089013914.35413,935136387864.74805,1414183733224.7849,1817437339234.9714,89965245.191602588,72679716.877458662,31815157.102919802,28397458.425546478,0.35363830816179948,0.39072054275370799,10.485921274949192,-19.213562167624001,-10.742359895685279
flow07,276,7,88.899999999999991,128,757247587379.79492,992802049492.81433,1176364924386.4302,1716413146421.603,84724406.98789233,77157562.194082186,26464902.68585895,26818955.412837595,0.31236456679644814,0.34758686835357988,11.276023371781568,-8.9311274788757089,1.3378198710242244
flow07,277,7,76.199999999999989,128,840827826539.88391,1031591081314.2634,1216857150130.449,1875410717902.1658,109719685.50128978,80172128.02494508,31938507.877439611,29303292.467221394,0.29109186497863382,0.36550473573688663,25.563363223398472,-26.930042080732509,-8.2509033306457376
flow07,278,7,76.199999999999989,128,632888473017.37427,824240258964.58582,1205064461536.4641,1833415443049.2976,82603577.507973641,64044216.398161657,31628988.491770718,28647116.297645327,0.38290095230703058,0.44730215948848151,16.819286239280643,-22.467987065112847,-9.4276558825180885
flow07,279,7,114.3,128,1080814714357.3353,1141182545141.553,1676885580800.4463,1885441907330.218,94029165.931278989,88691535.050847605,29341829.935265906,29460029.80203471,0.31205030529261868,0.3321628133411495,6.445277478472816,-5.6765694213775966,0.4028374066292954
flow07,280,7,139.69999999999999,128,2174286300956.6262,2104707439038.8933,2693443031832.6079,2511560579940.4448,154847021.76402313,163516563.4879612,38560386.998319365,39243134.061569519,0.24902246461725888,0.23999485571661228,-3.6252186783717715,5.5987784751520113,1.7705918337383684
flow07,281,7,152.39999999999998,128,2432511788027.1436,2297680867547.9512,2861648731936.9038,2435800044477.6016,158716205.83829981,178564171.07624185,37554445.301009245,38059375.694962591,0.23661380451136629,0.213141166369329,-9.9202319114520332,12.505317357550219,1.3445289629661394
flow07,282,7,139.69999999999999,128,1780743940956.8442,1717583886531.5466,3037173906741.5234,2816287351936.3115,126750948.58755927,133478510.92494297,43481373.038532905,44004489.874004945,0.34304574066754279,0.32967471369791762,-3.8977388098759342,5.3077017666154331,1.2030826050696632
flow07,283,7,127,128,1789395501731.3779,1795378048982.9038,2726939258093.5815,2744458136082.5483,140126968.43418717,139513313.71766308,42943925.324308373,42882158.376289897,0.30646438586500685,0.30736964977458492,0.2953895954412219,-0.43792763333227103,-0.14383163055547052
flow07,284,7,127,128,1770148435991.532,1777960296002.8115,2746482590371.5171,2762853530256.7769,138619737.09781212,138145561.29038793,43251694.336559333,43169586.41026222,0.31201685446885752,0.312493474325374,0.1527545226131532,-0.34206947535155274,-0.18983747933248013
flow07,285,7,190.5,128,1955042848421.7222,1667167281151.6731,3794522684100.4595,2923591199782.4663,102077351.60224722,129543756.91814418,39837508.494493023,45681112.49660112,0.39026784951987337,0.35263075259941701,-9.6439142929040553,26.907443115219191,14.668598069871496
flow07,286,7,177.79999999999998,128,2594542726861.9634,2384722082642.8838,3918245173704.1929,3222894509117.4399,145139398.97508931,185338150.39469996,44074748.860564604,50357726.704960093,0.30367184356419497,0.27170729068849148,-10.526017987224527,27.696650050555931,14.255277697151245
flow07,287,7,190.5,128,2588949118761.7061,2323260056648.646,3562394349750.3804,2631594039184.4204,135177423.90736419,180519415.54532117,37400465.614177227,41118656.862256646,0.27667686314104795,0.22777969194085609,-17.673025002912663,33.542577101505806,9.9415640608227651
flow07,288,7,139.69999999999999,128,1759619772879.5408,1692111274386.0486,2989787743058.5361,2819724642437.5371,125327415.6205838,131471791.28437041,42802974.131117195,44058197.538086601,0.3415292170445684,0.33511521450856141,-1.8780245483858518,4.9026588742467059,2.9325611886788843
flow07,289,7,177.79999999999998,128,2547885699317.4648,2334718610335.5112,3596188893712.8872,2815035215123.4888,142563852.69090995,181451931.8964462,40452068.545701772,43984925.236304589,0.2837470212972229,0.24240538404080805,-14.569892951619673,27.277657324433264,8.7334389009340292
flow07,290,7,190.5,128,2187860232198.2959,1842744040559.0293,3711305720621.2637,2818270087430.9116,114221397.25408757,143201376.77779117,38963839.586574949,44035470.116108075,0.34112557299486701,0.30750730968487067,-9.8550991105267283,25.371760651147628,13.016249382364679
flow07,291,7,177.79999999999998,128,2172371168820.7039,1967360939963.8376,3532529758323.6504,2835944572795.6514,121541090.63496633,152877575.93368295,39735992.782043315,44311633.949932136,0.32693464057670396,0.289850448499747,-11.342998714220503,25.782626381749267,11.515104688554683
flow07,292,7,165.09999999999999,128,1998959430452.8035,1837792302268.9636,3199230905441.3765,2635488420859.3218,120425063.41866148,142790754.74843955,38755068.509283789,41179506.575926974,0.32181895868761629,0.28839056596118312,-10.38732859703318,18.572289434486784,6.2557961059013758
flow07,293,7,152.39999999999998,128,1657168564050.4761,1559999109920.5662,2903273306549.9834,2515611196812.7578,108154861.21526638,121232133.03830044,38100699.561023414,39306424.95019941,0.35227912211166879,0.32422447716713415,-7.9637546432971993,12.091247380000492,3.164575462045951
flow07,294,7,203.19999999999999,128,2152224608035.0215,1838862154668.9321,3872032170678.8613,2779568298107.9756,105350179.53973475,142918169.49095297,38110552.861012422,43430754.657937199,0.36175119043473797,0.30388546685581824,-15.996000872693477,35.660110040010665,13.959917654113625
flow07,295,7,228.59999999999999,128,2445368374011.812,2061983330543.5938,3994334938623.2051,2538587548547.3516,106385428.49767585,160251086.45863,34946062.455146156,39665430.44605244,0.32848542275608361,0.24752050873796955,-24.647947339274914,50.632552523046826,13.504720301360617
flow07,296,7,152.39999999999998,128,1145359004001.168,1060607402782.868,2829835399539.8203,2473436516585.3374,74738715.577266321,82420801.237891063,37136947.500522584,38647445.571645968,0.49689036282848204,0.4689040265466225,-5.6322960506923607,10.278589351301944,4.0673727185093194
flow07,297,7,127,128,1259140208154.2212,1263323727460.186,2316745135218.3135,2333180032975.5049,98615686.44377999,98163935.742532924,36484175.357768722,36455938.015242331,0.36996320436879032,0.37137812109388085,0.38244795925167208,-0.45809213274057137,-0.077396137502059384
flow07,298,7,152.39999999999998,128,1435984819734.7041,1307155840985.0039,2671821636405.5332,2319893738016.1289,93719336.858544007,101575065.49917337,35063276.06831409,36248339.656502083,0.37413064628527104,0.35686257723158521,-4.6155184626386081,8.3821854741529691,3.3797856933822237
flow07,299,7,139.69999999999999,128,1638209926265.2998,1573210934096.9395,2429463520608.936,2273095890770.3604,116638683.97198696,122243074.90417902,34781152.764623277,35517123.293286942,0.29819568928758355,0.29054507440300609,-2.5656356410971188,4.8049161233146798,2.1160038416329829
flow07,300,7,165.09999999999999,128,1567501377362.3367,1366405541223.1484,3049912859982.9551,2593441429333.5415,94449379.420779705,106173693.11706945,36946249.06096857,40522522.333336659,0.39117513833913098,0.38166254882606027,-2.4317980824291885,12.413330577914094,9.6796653605255969
flow07,301,7,152.39999999999998,128,1620353585050.5894,1502524323354.6606,3025199080859.2217,2655575530424.791,105763608.66118221,116750519.22431971,39700775.339359872,41493367.662887432,0.37537273776789171,0.35540199682678719,-5.3202427698553958,10.388176710511544,4.5152577202953514
flow07,302,7,177.79999999999998,128,1590367430248.8496,1352237941255.4663,3036908084823.7119,2304166392352.6113,88990389.901800469,105078257.04239585,34160945.836037263,36002599.880509615,0.38387230209614032,0.3426265422920336,-10.744656381531994,18.078207274232746,5.3911096411433181
flow07,303,7,190.5,128,2552444046030.8872,2272840284887.0791,3443593376706.1689,2516651669644.9766,133250562.93987137,176638249.01245788,36153211.304001778,39322682.338202827,0.27131751270961407,0.2226170297659002,-17.949627525826934,32.560977691452585,8.7667759512423213
flow07,304,7,190.5,128,2269781730991.0962,1984631149133.1897,3062236693609.1729,2129094993210.0559,118516773.88162094,154231541.52691865,32149466.599571373,33267109.268907186,0.27126511755781912,0.21569588775134524,-20.485210301552879,30.134778795928895,3.4763956841222154
flow07,305,7,177.79999999999998,128,2657155277322.3584,2432393560840.5913,3200675612946.1152,2433274442967.3398,148694491.9296692,188984545.49893871,36003100.258111537,38019913.171364754,0.2421280021262697,0.20118001221204759,-16.911711803109718,27.095861485122292,5.6017756770788862
flow07,306,7,139.69999999999999,128,1880757344740.5034,1793887345105.2048,2556663457864.1909,2383398092384.0786,133869767.58757664,139408277.79612741,36602196.962980546,37240595.193501294,0.2734164525910277,0.26713331361830933,-2.2980105670950968,4.1372374871178526,1.7441527653829725
flow07,307,7,203.19999999999999,128,2868993522403.2627,2372974431574.1597,3696525085198.0195,2600764911293.4863,140476753.14920232,184387029.67134812,36383120.917303346,40636951.738960795,0.25899745047965572,0.22038942658489696,-14.906719669733359,31.258037744870208,11.691770014249608
flow07,308,7,152.39999999999998,128,2433419682242.1895,2274440759805.5923,3086067342411.5063,2703580045460.1787,158782331.10981059,176758067.08967495,40499571.422723189,42243438.210315369,0.25506346417545994,0.23899015703132767,-6.3016893446861246,11.320992615628441,4.3058894855705674
flow07,309,7,165.09999999999999,128,2568148868724.8115,2397827195895.4424,3255407761477.0972,2729630855738.5269,154727634.25904202,186327786.51338559,39435587.661745578,42650482.120914556,0.25487100510903743,0.22890027794029846,-10.189753502022846,20.423082409079687,8.1522671520566199
flow07,310,7,165.09999999999999,128,2688187003663.5522,2514177504452.1367,3561612649991.3677,3031600066639.4272,161956532.72162044,195389198.02214918,43144913.991415724,47368751.041241139,0.26639810859359103,0.24243280345452595,-8.9960492833775465,20.642986570967526,9.7898840421047204
flow07,311,7,152.39999999999998,128,2488076176316.8765,2254845897110.0063,3220050359834.9443,2865235148390.0762,162412109.1641919,175208098.2427336,42257878.7379914,44769299.193595022,0.26018921221736269,0.25552071874880783,-1.7942686511748178,7.8787161526271925,5.9430821674107408
flow07,312,7,203.19999999999999,128,2115204266047.2795,1763633677955.231,3699873470064.646,2628491873478.6265,103565014.66248132,137025321.23946616,36416077.461266205,41070185.52310361,0.35162528176089486,0.29972697857302694,-14.75954826910278,32.30850368344182,12.780366218156598
flow07,313,7,139.69999999999999,128,1816483105985.1951,1739808299679.4502,2597802200669.7837,2396729673115.5537,129328471.06265926,135205635.63566282,37191155.342445008,37448901.142430596,0.28757129065900733,0.27697736833502817,-3.6839290527582893,4.5443702571540427,0.69302982822754911
flow07,314,7,165.09999999999999,128,1807886969961.7976,1603432923434.2771,3330933075772.8657,2774361695529.521,108931567.85371017,124588193.80815272,40350491.529653132,43349401.492648847,0.37042055232181997,0.34794148761318811,-6.068525239145516,14.372900586052923,7.4321522472454884
flow07,315,7,165.09999999999999,128,2477206628228.7695,2269838374659.6191,3166648021623.9653,2664400701038.8486,149245493.63425204,176382168.33032772,38360363.678061366,41631260.953732088,0.2570286227339571,0.23602874002413471,-8.1702506461931144,18.182575590910687,8.526762945006638
flow07,316,7,177.79999999999998,128,2562963077758.6118,2309124714903.9331,3217992103869.7612,2536014025138.9331,143396821.48614818,179430354.75599343,36197886.432730727,39625219.142795905,0.2524315815202875,0.22083899458752157,-12.51530681798897,25.128543921962738,9.4683227332470103
flow07,317,7,190.5,128,2007165345756.5027,1765093230538.6594,3484585643055.709,2556167674667.3726,104775150.73877902,137163516.21626329,36583576.305046819,39940119.916677766,0.3491627169905529,0.29118617704218724,-16.604447475969863,30.912258535646085,9.1750013274888609
flow07,318,7,177.79999999999998,128,3179576273460.8296,2882362819921.8218,3668111317130.8574,2886595791214.5288,177925877.66713607,223944856.72693473,41261094.680887043,45103059.237727098,0.23190047013890999,0.20140252335744926,-13.151308733092367,25.864129301017709,9.3113490724222796
flow07,319,7,165.09999999999999,128,2892645512697.2534,2641738866655.2485,3086435777557.0786,2510131376154.4517,174274645.6964255,205281413.2781719,37388682.95041889,39220802.752413377,0.21453885504118261,0.19105871362677249,-10.944470366406547,17.791898217803904,4.9001988233286013
flow07,320,7,177.79999999999998,128,2333411437297.2163,2036157304766.9644,3123377020692.6582,2388137747083.7241,130541355.2399295,158215357.22175574,35133599.782819562,37314652.298183255,0.26913769753841982,0.23584722086037943,-12.369310201625739,21.199413726755477,6.2078822803413232
flow07,321,7,152.39999999999998,128,1942911552208.2969,1827846989959.571,3077436190975.3203,2737512431177.8555,126776333.589756,142047381.98326221,40386301.718836233,42773631.737154067,0.31856341460011744,0.30112228145249581,-5.4749328856594959,12.045661805398804,5.9112370202602111
flow07,322,7,114.3,128,1889084123542.9248,1953018938266.4917,2658294084175.6138,2905878857382.1934,164390105.26988387,151759183.32886982,46514332.181550555,45404357.146596856,0.28295092399379307,0.29918688378945291,5.738083327840978,-7.6835049897179095,-2.3863075806857634
flow07,323,7,139.69999999999999,128,2551245521459.1411,2495767558142.3892,3128844731776.4321,2939301369627.7993,181619991.62807456,193943440.49963751,44793768.529369108,45926583.900434449,0.24663456994920901,0.23680400730294504,-3.9858818852071072,6.7852931613383127,2.5289575051552284
flow07,324,7,177.79999999999998,128,2178027417997.8335,1948226889891.2461,3418678630243.3892,2671765960539.3042,121850751.82986416,151378998.01891792,38455327.674278848,41746343.133426704,0.31559368405024407,0.27577367851390877,-12.617491270831566,24.233125972241019,8.5580221472123306
flow07,325,7,165.09999999999999,128,2808562934647.1641,2643498743169.3169,3142640432927.5093,2644368955061.0308,169215658.1719766,205412862.38133165,38069538.860418044,41318264.922828682,0.22497645473049166,0.20114740841362119,-10.591795637199564,21.39116710615944,8.5336627646636103
flow07,326,7,177.79999999999998,128,2154607825441.9084,1910575781431.5908,3531408967154.4204,2824907361324.3174,120549498.50769971,148464975.6786533,39723385.457305074,44139177.520692542,0.32951929248190004,0.2973036389150131,-9.776560675474407,23.156858814448388,11.116353786445487
flow07,327,7,139.69999999999999,128,1418443483302.491,1352353727337.4138,2841200140195.1987,2659643252868.8589,100970057.76472241,105100827.37917493,40675735.722193256,41556925.826075993,0.40284948451722902,0.3954005583243414,-1.8490593830135689,4.0910837389812427,2.1663777882251005
flow07,328,7,177.79999999999998,128,2280947930230.2036,2036307588544.9653,3826574495478.0625,3043379036220.5356,127568360.57027256,158231121.36242732,43043582.626299925,47552797.440945953,0.33741581716564312,0.30052746281198744,-10.932609699072453,24.03633679627309,10.475928209309572
flow07,329,7,177.79999999999998,128,1955266685993.0706,1584285795286.1221,3250925007764.9111,2416574051021.8232,109400505.60850956,123125883.80074115,36568335.295443326,37758969.547216058,0.33426111782612195,0.30666963258775626,-8.2544704624360179,12.545991552678881,3.2559159233072692
flow07,330,7,165.09999999999999,128,2104106631970.4548,1979416137324.4915,3126381595624.1655,2514802280952.1377,126764615.03166181,153810375.61007082,37872581.412770033,39293785.639877222,0.29876303732954701,0.25546901815968542,-14.491089512557952,21.335418067300434,3.7525940247315233
flow07,331,7,139.69999999999999,128,1946240602133.2415,1862603795382.083,2653319766603.7886,2460627603462.7852,138563559.54742098,144740958.42200801,37985966.594184518,38447306.304106086,0.2741410997108838,0.26562837999185263,-3.1052329358891835,4.4581698786923276,1.2145003833921069
flow07,332,7,190.5,128,2161923864331.0144,1894153130079.1616,3342267710869.6123,2417360918960.5562,112924166.48427519,147192623.64085564,35089424.786032684,37771264.358758755,0.31073441477134056,0.25661112238150735,-17.417862269829623,30.346433561103474,7.6428712897954787
flow07,333,7,177.79999999999998,128,2290523328642.187,2103272957975.5305,3060717867916.7432,2348953061535.646,128153919.85841805,163434660.13871744,34428772.41751118,36702391.586494535,0.26865173110231366,0.22456920432509769,-16.408800567314238,27.529973581203659,6.6038345527154085
flow07,334,7,165.09999999999999,128,1805118804214.7605,1614110077027.8933,3157069645261.7505,2554727888106.3101,108751708.12441549,125421057.51570672,38244332.468343444,39917623.251661167,0.35166649910997888,0.3182689098811195,-9.4969493293743454,15.327896617698137,4.3752647132821068
flow07,335,7,152.39999999999998,128,2171253740444.9197,2045899268727.7234,3184721493702.0078,2782906981540.3945,141740376.59405074,158976442.11829212,41794245.324173339,43482921.586568743,0.29486478255856113,0.2735180194447534,-7.2395092179474485,12.16030741445401,4.0404516203064258
flow07,336,7,190.5,128,2389423123141.8291,2072817490309.1047,4004229850207.52,3000171312176.1577,124740041.51248746,161084762.26122013,42039158.532362424,46877676.75275255,0.33701414575971561,0.29101248370553034,-13.649771866544599,29.136370573593467,11.509550593562325
flow07,337,7,190.5,128,2448820425139.7607,2174004642140.9094,3815944249343.9243,2893850773427.4238,127863069.71208237,168922134.33833572,40062406.817259051,45216418.334803581,0.31332273585696158,0.2676761012517116,-14.568567608221267,32.111746353899321,12.864957267929697
flow07,338,7,177.79999999999998,128,1912734870423.5537,1672864342458.8596,3649755212534.4243,2906669757385.3584,106994910.26100408,129996507.49011177,41054614.314222999,45416714.959146306,0.38370623625062267,0.34936873179151329,-8.9489044521761159,21.497842442222204,10.625116610612261
flow07,339,7,177.79999999999998,128,2740709252162.9746,2465282943981.792,3799952600142.603,3043813641658.4854,153364469.75437781,191569565.50815603,42744123.736137271,47559588.150913917,0.27870942862186066,0.24826275522814753,-10.924163399947867,24.911308215629031,11.265792801141213
flow07,340,7,177.79999999999998,128,2107878653651.7715,1916161733865.6851,3570475390235.6094,2794943510062.6372,117908706.35382527,148914427.79905543,40162827.786677279,43670992.344728783,0.34062648152677566,0.29326233186523915,-13.905010981306617,26.296379974000324,8.7348544696228387
flow07,341,7,127,128,1836533785699.6501,1842311581602.7607,2645303950737.8232,2663637400945.8105,143859541.20643717,143164072.08783147,41658329.932879113,41619334.389778368,0.2895764131007465,0.2907107473461974,0.39172190625078646,-0.48343621338796783,-0.093608032687760231
flow07,342,7,152.39999999999998,128,1879012291778.9521,1768644070239.9717,3011102676414.5244,2636922052076.0918,122649423.03291951,137428799.19740924,39515783.155046262,41201907.063689008,0.3221848271103574,0.29980547966881843,-6.946120846924118,12.050098401623053,4.2669631575489202
flow07,343,7,152.39999999999998,128,1877621077245.2532,1732646633378.2368,3375115907720.5435,2950308437924.1206,122555954.86065117,134631693.43411028,44292859.681371972,46098569.342564471,0.36140928224772051,0.34240503232714248,-5.2583734989827855,9.853245064419351,4.0767511381793158
flow07,344,7,139.69999999999999,128,2046453834835.3743,1978689566659.0247,3798463909346.0562,3603891523720.3052,145687947.32650986,153781720.37701216,54380299.346400231,56310805.058129869,0.37326560188623792,0.36617359280464523,-1.8999899925828567,5.5555543193719847,3.5500093506885606
flow07,345,7,177.79999999999998,128,2642173119242.2456,2361038603573.4341,4321281019993.4199,3509814074743.4385,147801107.43489021,183488014.84168661,48608335.432996854,54840844.917866327,0.3288766659235618,0.29887971138160163,-9.1210346157340698,24.145223284282427,12.821894494742667
flow07,346,7,152.39999999999998,128,2674594972037.7817,2495334786182.2188,4038583151070.2876,3603563671370.2339,174572193.16058314,193904801.8619017,52999778.885436855,56305682.365160003,0.30359805834990072,0.29037796807765859,-4.3544712848610541,11.074277266789641,6.2375797583403427
flow07,347,7,152.39999999999998,128,2017791186851.9661,1851504517833.0007,3419386732167.8965,3060222306667.7969,131662281.96443895,143889595.00001884,44873841.629499964,47815973.541684411,0.34082533706669366,0.33231015447418666,-2.4984006957325251,9.2868761297046341,6.5564520561357416
flow07,348,7,139.69999999999999,128,1987110075476.6731,1931895024924.1643,3314537227409.7329,3119440423941.6748,141516817.25146654,150098367.76199272,47452215.138292529,48741256.624088757,0.33531149201845678,0.32472875855236855,-3.1560902975272089,6.0639793045071819,2.7165043445063746
flow07,349,7,139.69999999999999,128,2071763144593.0325,1979343520398.3062,2826667583541.6401,2634885523784.1685,147458325.13936698,153812678.19765878,40467681.940467291,41170086.309127703,0.27443470487149607,0.26766380243520371,-2.4672179998017492,4.3092535143649,1.7357168361996418
flow07,350,7,190.5,128,1633813602997.6606,1363348310044.5352,4312186321145.4771,3294063010947.6641,85308183.675704032,105938873.43908675,45272297.33486066,51469734.546057343,0.53069114103943016,0.48584370283729383,-8.4507606654779597,24.183717053230833,13.68924833956796
flow07,351,7,114.3,128,1411022066390.2605,1505351849795.1018,2697440430724.1768,2934062166861.8853,122795741.26375763,116985333.23721194,47199307.624220073,45844721.357217044,0.38437251274731826,0.39188435070110367,1.9543119512095795,-4.7317667263926468,-2.8699282578203134
flow07,352,7,139.69999999999999,128,1969226468175.7944,1913601525609.749,3682181220652.3999,3480106790951.8276,140170196.5294297,148723144.69278911,52715550.76095061,54376668.608622409,0.3760824488098839,0.3656234456375026,-2.7810399569240474,6.1018307565571925,3.1510964481894082
flow07,353,7,165.09999999999999,128,2112810852472.9092,1947424581242.99,3374344083270.3618,2759377025444.0444,127283914.33289455,151324474.25539288,40876366.847611904,43115266.022563271,0.3211432258494587,0.28491931813882865,-11.279673614417332,18.887351201050723,5.4772460167461503
flow07,354,7,165.09999999999999,128,2473615811677.8281,2184179698023.657,3625586162758.0088,2981404819867.4683,149026171.64887798,169717128.60803238,43919880.83292561,46584450.310429275,0.29471253503314621,0.27448290395024116,-6.8641909244307593,13.88410956962953,6.0668868561822356
flow07,355,7,190.5,128,2362990432061.2915,1991018202156.8499,3466322671372.9336,2574326972615.0674,123347278.59431708,154723901.67220852,36391839.069532119,40223858.947110504,0.29503560584601973,0.25997184993645689,-11.884584509390624,25.437628973629451,10.529887951682603
flow07,356,7,139.69999999999999,128,1774783736264.5068,1721558233421.9558,2961250974267.5215,2766581539510.7451,126338665.23100027,133794281.0793424,42394430.555011041,43227836.554855473,0.33556180506970035,0.32309181084668781,-3.7161542328759269,5.9012938237950481,1.9658384106917151
flow07,357,7,190.5,128,1935622466329.1365,1656105597616.8765,3644603464919.79,2596725492441.7139,101105479.31086203,128690879.2946378,38263553.437478118,40573835.819401853,0.37845182771778185,0.31528136292011844,-16.691811261318769,27.283783403034807,6.0378145111344415
flow07,358,7,139.69999999999999,128,1718223885098.3845,1670013547770.3826,3115239965582.5605,2919973549329.5376,122341377.34400085,129758217.56985217,44598997.359807596,45624586.708274111,0.36454549007081749,0.35161231067090781,-3.5477546018734851,6.0624135405935258,2.2995793833490343
flow07,359,7,152.39999999999998,128,1767320460692.8054,1627246826533.3577,3214333219731.3096,2808574554797.5381,115326396.09665276,126451618.88188583,42182850.652641863,43883977.41871161,0.36576926081423072,0.34704164174997354,-5.1200636769115189,9.6467271689555236,4.0327449182555615
flow07,360,7,177.79999999999998,128,2127246607388.1416,1852509147742.4768,3367005230343.0005,2575129091382.1133,118976609.7757788,143971388.71244934,37874074.582036003,40236392.05284559,0.31833210454906063,0.27947491798671736,-12.206493158265376,21.008145200788,6.2372942359100003
flow07,361,7,152.39999999999998,128,2140551340948.3328,1992830176351.4009,3012881004546.0894,2573109228205.71,139723983.79431927,154884715.08716899,39539120.794568107,40204831.690714292,0.28298019939634472,0.25957907898198379,-8.269525735115165,10.850485994707308,1.6836765278747452
flow07,362,7,177.79999999999998,128,2445738925025.9912,2229978767648.4443,3506196660128.3955,2796703158469.3096,136861080.64527556,173284800.6974979,39439782.453637749,43698486.85108304,0.28817383486734299,0.25217726352911468,-12.491269845785567,26.613643470072724,10.797991602645078
flow07,363,7,203.19999999999999,128,2284142291559.6196,1825739402117.928,4245548302351.9297,3042306691628.0547,111840229.10595229,141846955.4090414,41786892.739684351,47536042.056688443,0.37363024981017673,0.33512204699501408,-10.306500299353917,26.829993592611579,13.758259923318528
flow07,364,7,139.69999999999999,128,1642474346974.9478,1580012765412.7356,3397227902400.5728,3212331319665.5293,116942305.87752026,122771597.02222529,48636047.27846203,50192676.869773984,0.41589779604141791,0.408829713770748,-1.6994757697552259,4.984758168536839,3.2005676415264346
flow07,365,7,152.39999999999998,128,2122189127398.4937,1993857831944.575,3400318808479.3691,3033871330414.644,138519383.94556174,154928564.89622262,44623606.410490416,47404239.537728898,0.32214701754685499,0.30597481858482434,-5.0201299658713952,11.846126140085715,6.2313052460609555
flow07,366,7,190.5,128,2081140050147.6902,1766205941401.2642,3783988923865.4961,2714926196157.7188,108676269.06998725,137225172.96004221,39726917.835858233,42420721.814964436,0.36555283113624554,0.30913221604986918,-15.434325843135866,26.269676107181716,6.7808028557270221
flow07,367,7,165.09999999999999,128,2828081324745.8013,2618589105169.6265,3324340625311.8467,2775436019746.9619,170391639.37797126,203477260.91542563,40270631.439271316,43366187.808546357,0.2363415927347291,0.21312547462770942,-9.8231199334759332,19.417397272680841,7.6868831171499856
flow07,368,7,152.39999999999998,128,2089475985347.7061,1935289794447.9028,3253502910188.2427,2870499421084.6104,136351593.94085452,150377657.67868143,42696888.585147552,44851553.45444712,0.31313816986744036,0.29825942328669203,-4.7514956694825488,10.286688503187595,5.0464212749429365
flow07,369,7,152.39999999999998,128,1851175094078.5105,1716152958724.5793,2903065242800.4229,2505865077030.7417,120858617.11288497,133336312.07243544,38097969.065622352,39154141.828605413,0.3152275772776541,0.29364950342510437,-6.8452367140276085,10.324207952748617,2.772254765506903
flow07,370,7,165.09999999999999,128,1665508940708.6982,1482155699923.7651,3208434394306.3887,2692666566768.8154,100344750.79363231,115161869.21948709,38866558.380452931,42072915.105762817,0.3873302596603721,0.36533720224335731,-5.6781149596469067,14.766211793507228,8.2496543530400466
flow07,371,7,139.69999999999999,128,1640262197827.1567,1564781662878.8713,3168574610550.6221,2952284851818.7983,116782039.69412103,121603799.3378623,45362557.058706112,46129450.809668809,0.38843778698780274,0.37934218388607571,-2.3415855528011833,4.128853765844954,1.6905875697664459
flow07,372,7,152.39999999999998,128,1936453350826.9443,1784032086596.9807,3076876554768.7622,2671770498590.1274,126407020.74517629,138610173.31608918,40378957.411663555,41746414.040470816,0.31943603427742695,0.30117857183016089,-5.715530024208114,9.6538566441758125,3.386557544975811
flow07,373,7,165.09999999999999,128,2013410714036.2061,1852457826817.7771,3060056037315.6958,2473708606484.4907,121312668.92894883,143945090.05558789,37069122.196434841,38651696.976320237,0.30556678476957522,0.26851695296723177,-12.12495390501371,18.656271703901389,4.2692534543955354
flow07,374,7,152.39999999999998,128,2008119467923.9961,1904019782429.6526,3135376594711.9062,2768514017012.6602,131045406.26186195,147959350.69315067,41146674.471284866,43258031.515822895,0.3139879194930601,0.29236429676914899,-6.8867690065346734,12.906934255665833,5.1312945011181563
flow07,375,7,139.69999999999999,128,1945960916147.6787,1872093432500.3359,2801567718324.5024,2612455079415.3364,138514146.77951565,145489661.62931347,40108342.424116001,40819610.615864709,0.28956134341974288,0.28056708743929276,-3.1061659937846766,5.0359584287815133,1.7733672068209014
flow07,376,7,139.69999999999999,128,2002784183453.8054,1934779674050.3669,2887636645074.5562,2708694101165.1675,142555473.15383637,150353552.62993908,41340538.941654347,42323345.330705822,0.28999615396767259,0.2814921535966301,-2.9324528117674524,5.4702070033379515,2.377342952491623
flow07,377,7,165.09999999999999,128,1921524512841.7305,1733742128894.7122,3455501072664.9238,2919773405990.3174,115769356.54450083,134720296.06505322,41859492.097697452,45621459.46859879,0.36157661532485924,0.33863835517826707,-6.3439556581896888,16.369564525710917,8.9871309525713805
flow07,378,7,165.09999999999999,128,2012381650314.3147,1752903724984.8582,3422732232486.3149,2859203980969.5762,121236097.5984695,136209246.38547322,41462534.615218841,44675062.202649713,0.34199826154534912,0.32798846912506174,-4.0964513553323068,12.350404775147389,7.7480250960145405
flow07,379,7,165.09999999999999,128,1753589746728.5273,1519048930683.6917,3177072039878.5039,2571755653461.4448,105649389.27585201,118040626.67414987,38486638.884052143,40183682.08533515,0.36428643031303282,0.34042247332574621,-6.5508772771964665,11.728640821523511,4.4094346778258631
flow07,380,7,190.5,128,2891152009337.8901,2562756726897.312,3441020479027.7583,2580348532896.0811,150964276.07818294,199143953.78969049,36126199.254884608,40317945.82650134,0.23930296751911823,0.20245628882652306,-15.39750178386377,31.914621765586297,11.603065526052999
flow07,381,7,177.79999999999998,128,2829592143539.8125,2525299534781.604,3563266717264.3652,2797234856241.0957,158320506.03976735,196233270.43941674,40081740.351680152,43706794.6287672,0.2531683441032731,0.22272876832198971,-12.023452572279892,23.946843872597498,9.0441538847379217
flow07,382,7,152.39999999999998,128,2586854755810.1763,2424446853086.4937,3478291360515.6538,3044617927169.0469,168805059.89056748,188425518.74359921,45646868.248236932,47572155.112016447,0.27041172982509393,0.25247193389314987,-6.6342521249162418,11.623146169760092,4.2177852230944177
flow07,383,7,177.79999999999998,128,2018422651694.5916,1778266386398.8352,3566730231882.46,2761525370760.1436,112919489.54547901,138172912.6009571,40120700.021175034,43148833.918127321,0.3553035900416126,0.31228142409316512,-12.108564943970535,22.364096009579558,7.5475599761571655
flow07,384,7,165.09999999999999,128,2091044798139.6174,1841918672366.5208,3367207241332.1782,2666453351139.1465,125970120.4322598,143152026.97982237,40789912.069438875,41663333.611549236,0.3238062480965363,0.29104256845361881,-10.11829754228512,13.639668271018371,2.1412685092909451
flow07,385,7,127,128,1515122161502.1917,1519836858265.9751,2965076153758.1987,2982107873399.127,118636362.25830621,118111005.97819909,46694112.657609433,46595435.521861441,0.39359022620689121,0.39450544964846052,0.2325320550740031,-0.44282905350996499,-0.21132671793455904
flow07,386,7,114.3,128,1678349133914.2358,1885989932219.3738,2457151439190.4346,2747290278121.5898,146047498.50205541,146531776.72155949,42994775.838852756,42926410.59564992,0.29438899179945671,0.29294949911935436,-0.48897639524611003,0.33158953386474654,-0.15900825593107576
flow07,387,7,152.39999999999998,128,1697432900451.9153,1573901053297.9939,2906644270634.7764,2537066531607.9004,110797128.25104497,122315653.53899829,38144937.934839591,39641664.556373514,0.34427731600056005,0.32409314269603634,-5.8627659640784691,10.396050393882552,3.9237883257030837
flow07,388,7,114.3,128,1784702005245.3474,1863280634707.0764,2351799665818.3506,2564469245667.3271,155302170.55005467,144797294.87145922,41151350.233042009,40069831.963552058,0.26497601474139554,0.27673052869615566,4.4360671535618019,-6.7641525172435877,-2.6281477117160512
flow07,389,7,177.79999999999998,128,2361773668668.1592,2142503909526.7278,3546601709380.8003,2687529988816.2935,132135435.05504769,166487398.15018666,39894282.445228353,41992656.075254664,0.30191963592966847,0.25222723486478837,-16.458817231899364,25.997540387881514,5.2598354987515048
flow07,390,7,190.5,128,2031091994349.3237,1768364425165.3818,3527810881639.0884,2564106858682.2329,106037013.75981881,137424816.39157054,37037384.584137417,40064169.666909963,0.34928732214233854,0.29153518788595922,-16.534277254083865,29.600798361643115,8.1722430370228523
flow07,391,7,114.3,128,1585163839108.5513,1773408164764.5769,2663775971951.1021,2943807085283.2168,137966583.10042939,137823900.3819727,46610253.227490857,45996985.707550347,0.33783726595274211,0.33373736761237915,-1.2135719630576394,-0.10341831713903007,-1.315735224495205
flow07,392,7,165.09999999999999,128,2657129016308.5742,2444422853160.0796,3386201781184.2266,2829888133578.2705,160085366.7876772,189938780.27415365,41020009.463164471,44217002.087160558,0.25623834511726307,0.23279607262581484,-9.1486200009293217,18.648433698547432,7.7937393624127544
flow07,393,7,165.09999999999999,128,1710238319664.9204,1578957214225.1072,3270096569364.9453,2665036225811.7793,103025195.77553329,122667400.60442893,39613525.976559006,41641191.028309129,0.38450328270054629,0.33946420013081835,-11.713575565180461,19.065438003817246,5.1186179512270087
flow07,394,7,177.79999999999998,128,1768516480351.5503,1580817278059.1758,3242206116088.9614,2444595621841.1699,98968078.044831738,122815078.24606141,36470260.023497887,38196806.591268353,0.36850528719954684,0.31101072552948761,-15.602099526709296,24.095648488219787,4.7341219027724168
flow07,395,7,203.19999999999999,128,2169208891346.1785,1777129372731.1929,3777511099350.8594,2604210115597.3813,106190189.16534229,138102399.07771239,37180227.355815552,40690783.056209154,0.35012864792927795,0.294642115763042,-15.847469921239806,30.051938096354213,9.4419963245450624
flow07,396,7,152.39999999999998,128,1969684415846.5378,1801515626186.707,2814912445471.7109,2415008339358.7622,128520494.23158334,140008326.97930264,36941108.208290175,37734505.302480727,0.28743359904705423,0.26951615033625104,-6.2335957835847946,8.9385220749456309,2.1477349561822345
flow07,397,7,139.69999999999999,128,2096025698165.5098,2048966669830.0483,2609258502017.3955,2414718059917.1167,149234646.35746464,159214794.28022462,37355168.246490985,37729969.686205015,0.25031163445124816,0.23697527517322736,-5.3279022795954951,6.6875542418309077,1.003345607335705
flow07,398,7,203.19999999999999,128,2953578821729.6816,2603649203463.4995,3725008436120.7163,2678152802527.3174,144566607.53458697,202321582.5432016,36663468.859455876,41846137.539489411,0.25360952632636335,0.20682982514015297,-18.445561514913614,39.950425615954913,14.135783768580513
flow07,399,7,152.39999999999998,128,2222273858607.2104,2079248260438.6772,2868387548715.0376,2464043630929.7275,145070991.81763771,161567822.90202779,37642881.216732785,38500681.73327706,0.2594790367467259,0.23829424102980748,-8.1643573147670576,11.371557385591951,2.2787854936113945
flow07,400,7,203.19999999999999,128,2232028970889.1729,1925855739244.0571,3868969697167.2778,2786261082501.1245,109254780.47851415,149656199.65545517,38080410.405189745,43535329.41408015,0.34854685752335174,0.29090227811683728,-16.538545151752636,36.979085949366123,14.32473797117215
flow07,401,7,127,128,1694289942292.2104,1699424819655.0684,2879330872158.1743,2894414492548.2725,132672377.00616544,132070727.71247947,45343793.26233346,45225226.446066841,0.34177267556023572,0.34243187138729964,0.19287552054398763,-0.45348497348322425,-0.26148411444242953
flow07,402,7,215.90000000000001,128,2237386024411.522,1902800740793.9604,4170366549543.3726,2882332897451.7148,103062988.178037,147879898.69255227,38632390.45431564,45036451.522683129,0.37484252239591387,0.30454748698682543,-18.753218007332116,43.48497099375377,16.576921575537888
flow07,403,7,165.09999999999999,128,1741762260829.2366,1546692177338.0515,3309757761964.1006,2775590374114.4307,104936812.87977077,120210432.40782154,40093976.522884324,43368599.595538057,0.38207732274870199,0.36077234501916877,-5.5760906133510098,14.555063288943421,8.1673691577703345
flow07,404,7,190.5,128,2155938515663.9246,1854365586331.957,3595102669360.4897,2730125270629.501,112554863.43641253,144111942.81695205,37743860.045779429,42658207.353586033,0.33533744250067604,0.2960074406030983,-11.728485075894394,28.037064252108113,13.020256279686299
flow07,405,7,139.69999999999999,128,2291629279099.8057,2216531089560.7744,3098482739162.7266,2904431834768.9282,163203883.8214246,172230926.0227423,44359094.333038315,45381747.418264583,0.27180170774352047,0.26349360400159572,-3.0566782714126686,5.5311442288928365,2.3053966736751055
flow07,406,7,215.90000000000001,128,1996826660103.783,1665644961020.3577,3971511679501.6719,2723686960479.9546,91997351.669489175,129445527.43276575,36790288.83280845,42557608.757499367,0.39990595560817549,0.32876847583323315,-17.78855222767481,40.705710635903259,15.676201812114609
flow07,407,7,165.09999999999999,128,2173042376864.6804,1996131971409.2261,3486722080220.6079,2981387687379.52,130909873.45732158,155113284.41763994,42237699.336409554,46584182.615305088,0.32264716343324268,0.30032361696292853,-6.9188726882866289,18.488606184627475,10.290530372587785
flow07,408,7,203.19999999999999,128,2237725997591.0293,1774658166735.2822,3681348031618.981,2518113196430.998,109544335.69416611,137913921.61634833,36233740.46869076,39345518.694234416,0.3307678141373806,0.28529040602359607,-13.749042733310205,25.897811824233891,8.5880678762175116
flow07,409,7,152.39999999999998,128,2050616253115.7842,1881968661465.479,2947815442456.6416,2579339126795.2466,133833166.44591613,146234450.23467284,38685242.026990056,40302173.856175803,0.28905571805792479,0.27559972216875045,-4.6551564451244847,9.2662260918471553,4.1797123255882429
flow07,410,7,177.79999999999998,128,1693434776799.4788,1438639397999.7263,3413532613869.3931,2678954259444.5073,94747039.664541289,111795136.36040133,38397442.225752458,41858660.303820506,0.40526271176071954,0.37442291021389329,-7.6098295381873386,17.993276366438526,9.0141891684302671
flow07,411,7,114.3,128,1287745300731.1794,1360976978090.6902,2188415423811.541,2394892456814.4512,112054480.52652921,105751877.93943462,38292483.356282435,37420194.637725867,0.34173094352274996,0.35384898468807208,3.5460766415831997,-5.6245877518502541,-2.2779633027207584
flow07,412,7,127,128,1641396071040.718,1644925791859.074,2261493407414.7578,2278893800677.8535,128537182.08868589,127828734.16324155,35614069.408106424,35607715.635591529,0.27707211897281236,0.2785579929949028,0.53627699084231562,-0.55116186144140922,-0.017840624844316071
flow07,413,7,152.39999999999998,128,1732144860775.3474,1606810801756.7947,3049191832873.0791,2676282248125.0825,113048178.13101383,124873233.24333064,40015640.851352751,41816910.126954488,0.35396979865502842,0.33487488904422907,-5.3945024924029887,10.460190785748463,4.5014130406981705
flow07,414,7,139.69999999999999,128,1559736822804.5139,1495722942309.2432,2819418613547.0654,2633466673288.9038,111054116.362459,116219030.49152569,40363902.842477672,41147916.770139195,0.36346156418675879,0.35405489613974678,-2.5880777980085261,4.650808361042122,1.9423640244135465
flow07,415,7,127,128,1526653943727.7605,1533332818063.8232,2751010702851.7168,2768807085214.9468,119592231.07416108,119144429.05852704,43323003.194515228,43262610.706483625,0.36225599945242204,0.36311064687071382,0.2359236063953784,-0.37444072379279864,-0.13940051145680776
flow07,416,7,177.79999999999998,128,1446710461159.489,1214215803415.1914,3610291335897.083,2832208986698.3081,80924847.665373087,94365167.1719511,40610701.19119329,44253265.417161144,0.50183228467874141,0.46895763281511876,-6.5509240571614589,16.608396424982075,8.9694689309077216
flow07,417,7,127,128,1287676564479.1895,1292917622137.0171,2819072214933.2646,2838973916940.2124,100890045.72384851,100450495.8824279,44394838.030445121,44358967.452190898,0.44003189523732189,0.44160028342827468,0.35642602455144945,-0.43567215999061093,-0.080798984399095053
flow07,418,7,152.39999999999998,128,1402602389358.03,1271963246044.9146,3237556334331.2236,2824702085888.2764,91520783.951764241,98853123.153234869,42487615.936105303,44135970.092004396,0.46424007860879202,0.44648027987530597,-3.8255634426712115,8.0116656401622564,3.8796108456119498
flow07,419,7,215.90000000000001,128,1676392751283.3198,1310689508913.0786,3823891362100.3457,2558394010467.5161,77229661.611710399,101862810.77154832,35422800.94581145,39974906.413555011,0.45866834330969358,0.39243867424008444,-14.439555298650896,31.895969302166115,12.850777878088216
flow07,420,7,177.79999999999998,128,1677376608165.7568,1443057489751.6099,3557102620045.7012,2748254690577.5957,93832886.328491062,112126877.01609941,40012402.925148502,42941479.540275007,0.42642195599816357,0.38297222470674341,-10.189374791856936,19.49635293490234,7.3204216717650041
flow07,421,7,177.79999999999998,128,2016719347928.811,1787440215369.2549,3701882896407.5366,2919219982961.9468,112794835.37660609,138900076.62177828,41640977.462401994,45612812.233780503,0.36917450451847927,0.32838579605670876,-11.048625504345685,23.144004029981037,9.5382841936520695
flow07,422,7,165.09999999999999,128,1821873251406.47,1669161421418.3616,4124572712148.6328,3471907803951.0752,109750112.74518394,129705407.26154204,49964539.21439895,54248559.436735645,0.45525729281395655,0.41824439383122364,-8.1301056714446602,18.182482019576575,8.5741213462489245
flow07,423,7,190.5,128,2289323952565.543,1981219297935.6851,4095460577971.5215,3153382100547.186,119503987.41541997,153974350.95816135,42996961.448519915,49271595.321049869,0.35979520331027787,0.31999872065989865,-11.060870818797376,28.844530034730514,14.593203010502375
flow07,424,7,114.3,128,1684447347216.5938,1771505298019.8547,2674915976235.2754,2918684717918.8931,146595116.30352491,137636905.87946954,46805178.936750233,45604448.71748279,0.31928197962502514,0.33133881080863015,3.7762329079032062,-6.1108518823419802,-2.5653789741730058
flow07,425,7,177.79999999999998,128,2168808321809.0051,1902121224135.9524,3550163968158.8872,2818988081511.3228,121301150.73924275,147807997.99921772,39934352.84768153,44046688.773614496,0.32921660350549475,0.29799935977650965,-9.482281086854135,21.852098762818748,10.29774024789716
flow07,426,7,165.09999999999999,128,2855513708645.3184,2655381731355.8691,3803702078937.7129,3181472298147.7686,172037547.52217114,206341558.39026323,46077553.95442415,49710504.658558972,0.26783428744522159,0.24091368237385907,-10.05121686552862,19.939839507228037,7.8844261301895839
flow07,429,7,152.39999999999998,128,2377337738502.7427,2273657974451.8374,3657070377450.936,3216444753827.9766,155200363.59122923,176683541.15991294,47993049.572846942,50256949.278562225,0.3092328423872272,0.28444612864689872,-8.0155502077266707,13.842221159524257,4.7171407648913641
flow07,430,7,165.09999999999999,128,2439972696380.9277,2223941217376.4604,4161419235343.8652,3563898529730.2368,146978696.25644913,172833497.29369164,50410893.220398135,55685914.52703505,0.34298095237177073,0.32219399247825997,-6.0606747254520847,17.590849351480788,10.464050465391166
flow07,431,7,165.09999999999999,128,1780440050774.2698,1587570612921.6353,3602279626958.3657,3000210698035.104,107258461.32899462,123368422.55266382,43637548.479204923,46878292.156798586,0.40684481148163382,0.37998615194084262,-6.6016964657797228,15.019757904464997,7.4265026119375381
flow07,432,7,139.69999999999999,128,1496468902132.468,1439441273911.6104,3113081970530.9351,2915836271111.7256,106579673.31401359,111857449.28401363,44568102.656133644,45559941.736120798,0.41816700380403238,0.40730359960596835,-2.5978626001670375,4.9519536004302029,2.2254460496999693
flow07,433,7,139.69999999999999,128,1432516196994.927,1377560968811.8821,2927863981398.918,2752347825584.1753,101991110.69043936,107062623.30265802,41916449.268416867,43005434.774752818,0.41098139813027951,0.40168485927324676,-2.2620339750963074,4.9725045426866465,2.5979908254215567
flow07,434,7,127,128,1184582548505.5188,1194495149756.749,2799762237420.7964,2825496678602.6997,92771510.793644324,92815754.64526698,44090743.896390498,44148385.603167266,0.47526167806476111,0.47565616173566883,0.083003467166558584,0.047691205246263045,0.13073425776671194
flow07,435,7,190.5,128,2461757954737.9629,2192162587454.8005,4499226391990.1504,3549227922962.1797,128529669.21128486,170346221.48631266,47235972.619319171,55456686.296284162,0.36751026365492168,0.32555278193088721,-11.416682980976814,32.534552163428678,17.403502502672673
flow07,436,7,139.69999999999999,128,1887396234789.4189,1818539007044.6304,3354134163857.0537,3183631729430.0127,134339136.5440836,141327681.72861132,48019100.413128898,49744245.772344038,0.35744684422153744,0.35197807792437225,-1.5299523231420049,5.2021662222270004,3.5926232361143287
flow07,437,7,177.79999999999998,128,1774501390864.0808,1558847131614.1917,3815827383390.458,3081614441562.5898,99280839.975411087,121123837.30705681,42922692.726551838,48150225.649415553,0.43233611578208359,0.3975288986869826,-8.050962162190805,22.001221320302676,12.178949154394452
flow07,438,7,152.39999999999998,128,1896836533284.4966,1739639386221.0554,3225787938684.3579,2754848207524.3628,123775275.40489243,135182033.43465966,42333175.048351161,43044503.242568247,0.34201640763772334,0.31841881756700929,-6.8995491279791183,9.2156999792192416,1.6803091036867348
flow07,439,7,177.79999999999998,128,2178553335593.4841,1934338157489.8311,3950251929458.3071,3155376902747.2588,121846188.0180748,150319241.96174681,44434779.858923599,49302764.105426006,0.36467927788050369,0.32798704584987565,-10.061507263006915,23.368030142599366,10.955346829573177
flow07,440,7,177.79999999999998,128,1870459087791.7468,1625211040139.4854,3586974849413.062,2857820373148.5547,104665108.34428835,126293420.08806713,40348423.502959087,44653443.330446251,0.38550023155984181,0.35356904025014479,-8.2830537300832425,20.664299770878756,10.669610987828161
flow07,441,7,152.39999999999998,128,1827023201573.1228,1685506410986.8379,3322291095145.5684,2866855999303.6787,119266271.3403773,130951850.21671595,43599620.671201691,44794624.989120059,0.36556538727341892,0.34206943174142374,-6.4272921753452961,9.7978906735407616,2.7408594375860909
flow07,442,7,127,128,2251597648387.1929,2255963597699.2793,3109910695792.584,3127304893600.6455,176376955.8276903,175290419.59067389,48974971.587284796,48864138.962510176,0.2776721673047266,0.27876103598025692,0.39214181460807285,-0.61603072346814414,-0.22630462291762724
flow07,443,7,177.79999999999998,128,1856010481862.6938,1664182594143.4316,4167118454488.2588,3416445013252.6675,103848883.03278431,129308498.3731125,46874223.335076034,53381953.332073025,0.45136954742477292,0.41282633395093926,-8.5391701087804179,24.516022317053498,13.883387358713312
flow07,444,7,152.39999999999998,128,2054577406841.4402,1935152599382.5117,3302971722857.6729,2923814385938.7676,134123695.43122105,150374764.71440047,43346085.601806737,45684599.780293323,0.32317992329725742,0.30380496266817025,-5.9951003241207799,12.116478919649962,5.3949835285452217
flow07,445,7,165.09999999999999,128,1903833467466.4583,1724442900007.3474,3440272363344.2603,2870538831973.3418,114698900.19868928,134018468.61157529,41675013.486908063,44852169.24958355,0.36334274709448611,0.33467155470622673,-7.8909494182922355,16.843725946298814,7.6236466334283719
flow07,446,7,165.09999999999999,128,2347729679501.4287,2151485556603.469,3248710835387.5435,2679187781186.8262,141447664.35185957,167150796.39307609,39354461.967141658,41862309.081044234,0.27822631181272156,0.2504463633101679,-9.9846590071081334,18.171478588206615,6.3724594075163843
flow07,447,7,203.19999999999999,128,1859668238624.5696,1477946139981.2644,3448933899970.9727,2389127504892.3989,91028229.392942235,114852587.9831543,33946199.802863911,37330117.263943799,0.37291947815801291,0.32502634829107285,-12.842753643092584,26.172494784413828,9.9684721139077261
flow07,448,7,152.39999999999998,128,1359694716186.9133,1250773868709.177,2911368724171.2334,2548485393665.1108,88763380.972671092,97173716.83983846,38206938.637417771,39820084.276017427,0.43043581957723209,0.40978245528725443,-4.7982447906549925,9.4750062187883355,4.2221274358260956
flow07,449,7,215.90000000000001,128,1936235752229.8472,1619667821220.031,3582464792886.5806,2431387223553.2085,89211285.437866554,125836660.44975752,33186334.348185096,37990425.368018955,0.37199704258603644,0.30190268267002601,-18.842719670223943,41.054643291066164,14.476112273896218
flow07,450,7,152.39999999999998,128,1329093154502.6238,1185599623238.5166,2994104305680.0249,2488186812229.8389,86761889.320869505,92131684.794034541,39292707.423622385,38877918.941091307,0.45287980392297666,0.42198206868793331,-6.8225023433145351,6.1891177280684193,-1.0556373172740738
flow07,451,7,177.79999999999998,128,1295860836147.667,1046619799123.446,3230617467136.5249,2545331104648.3604,72517761.520440891,81310708.753187954,36339904.017283753,39770798.510130703,0.50111728844581704,0.48912128697404089,-2.3938510501166257,12.125232561499514,9.4411215043803391
flow07,452,7,165.09999999999999,128,1412231730084.6699,1238971305913.665,2664577276014.6909,2187208373172.6216,85083423.91815038,96269195.254701823,32278343.743363917,34175130.830822274,0.37937288201301633,0.35499549716193507,-6.4257056861130284,13.146827926567777,5.876345770833785
flow07,453,7,139.69999999999999,128,1254639469306.3567,1204909446749.6909,2416117608269.7949,2262923149197.3369,89324675.800733432,93634649.126190037,34590087.448386468,35358174.206208453,0.38723999990271951,0.37761848350130262,-2.4846390878612659,4.8250646160433259,2.220540086717282
flow07,454,7,165.09999999999999,128,1873792049072.8201,1701830836074.8218,2835447608791.5337,2380000405709.6089,112889016.24137846,132237216.16704519,34348244.806681216,37187506.339212708,0.30426560484182141,0.28121815792187099,-7.5747789277503443,17.139134142418744,8.2661036932496081
flow07,455,7,165.09999999999999,128,1658557787640.8147,1461644921170.3105,2969588532999.2319,2465103640257.0127,99915948.447808325,113591672.99639297,35973210.575399548,38517244.379015893,0.36003472052502572,0.33908510512244139,-5.8187764146841889,13.687228876907708,7.0720232165101624
flow07,456,7,127,128,2046572152230.0193,2051818854373.6746,2678033776209.8169,2691358734702.7378,160270558.3115316,159457015.16017574,42173760.255272709,42052480.229730353,0.26314103288575286,0.26372298633263846,0.22115648042556441,-0.50760611301703285,-0.28757223640543939
flow07,457,7,165.09999999999999,128,2583451400581.835,2397982239470.1792,3637853851730.8486,3038348645494.9692,155634008.58351901,186354274.19810081,44068490.027024217,47474197.585858978,0.28315462942905195,0.25475239454605869,-10.030644718846036,19.738787103267441,7.7282147782832409
flow07,458,7,139.69999999999999,128,2129425684860.1316,2025639357043.6619,2992012537376.9722,2805092654754.6748,151566058.34323967,157410278.38703394,42834825.1592981,43829572.73054187,0.28261489166851234,0.27844161880443102,-1.4766641769805504,3.8558897075487248,2.3222869885529152
flow07,459,7,152.39999999999998,128,2024041325740.553,1854396883714.5046,3312337315565.9463,2920351485736.4692,132101623.41086079,144103208.05158833,43468993.642597727,45630491.964632414,0.32905722518943631,0.31665146516583376,-3.7700919700093594,9.085115179395153,4.9725060115413218
flow07,460,7,177.79999999999998,128,3565107891306.2993,2257238336073.373,3749312442351.6704,3001332379760.5615,199418236.61519179,175425712.90160134,42174493.164810695,46895818.433758862,0.21148764466407793,0.26732579653282279,26.402559807896527,-12.031258585385906,11.194740978861411
flow07,461,7,152.39999999999998,128,1827617155580.0693,1660249260663.6506,3243268513296.5098,2888616228113.3354,119320577.90845774,128992880.50780678,42562578.91465237,45134628.564270951,0.35670778386026764,0.34990015252461437,-1.9084616718989238,8.1061479661702496,6.0429835672695589
flow07,462,7,177.79999999999998,128,1902036790078.4731,1615432381571.823,3277967757296.1738,2524615001533.5327,106390544.77830526,125533530.93897694,36872528.203556515,39447109.398961522,0.34657711623143617,0.3142356397044001,-9.3316826219533695,17.993127303334614,6.9823831476700224
flow07,463,7,190.5,128,2076450887562.5449,1793768892272.0608,3810019937282.9741,2810600798748.1328,108423875.34115461,139377471.38107035,40000209.31530682,43915637.480439655,0.3689243645778808,0.31508418860872012,-14.593824951291582,28.548689984120724,9.7885191906596454
flow07,464,7,190.5,128,1822271373117.3625,1545280610014.6028,3662995440282.249,2824887884488.1626,95148345.392430887,120072807.31647316,38456645.042333327,44138873.195127621,0.40417565732459471,0.36760090966135073,-9.0492208029912806,26.19537084038986,14.775673089889303
flow07,465,7,152.39999999999998,128,1679835964153.1248,1548163721851.7214,3231899111898.1597,2824455259548.2446,109669931.6378835,120281300.91548093,42413374.171891868,44132113.430441402,0.38673657891878299,0.36690751675068833,-5.1272786824384875,9.6757325541469754,4.0523520990899478
flow07,466,7,190.5,128,1838097382969.5837,1547121543582.7573,3898396088570.9614,2909997501626.521,95968024.864717528,120222063.19805112,40928042.924629524,45468710.962914474,0.42647582861400168,0.3782060443265754,-11.318293100994174,25.2730410650043,11.094271100738325
flow07,467,7,139.69999999999999,128,2007299909617.4993,1923729891962.7681,3358319757297.6284,3131623260681.0381,142914088.99960402,149506448.80271932,48079023.01070334,48931613.448141307,0.33641905670221611,0.32728764437919888,-2.7142969879675896,4.6128130888016043,1.7733106541041048
flow07,468,7,152.39999999999998,128,1474562089180.9253,1366955864409.4282,3189690017329.4751,2777816643710.2334,96255869.276450917,106205482.90846868,41859449.046318576,43403385.057972476,0.43487684814415289,0.4086736754954442,-6.0254236942093709,10.336630593862335,3.6883811106674971
flow07,469,7,152.39999999999998,128,1495073505012.2695,1387966674385.4204,2847153713597.1812,2496441575323.9814,97556704.559394494,107857412.94333741,37364221.963217609,39006899.614437282,0.38300004220078504,0.36165246829097825,-5.5737784745766374,10.558688334610194,4.3963919624414274
flow07,470,7,127,128,1731335916592.5525,1735568255928.6858,2583203141217.7871,2599234339968.209,135573283.95618027,134869161.86509737,40680364.428626575,40613036.562003337,0.30006180599545851,0.30112915362094744,0.35570925861357017,-0.51936640504370002,-0.16550458081899441
flow07,471,7,165.09999999999999,128,2094692882539.8594,1930736466006.6902,2736763443181.6445,2206219021147.9473,126199998.70190276,150031600.55383325,33152797.61576796,34472172.205436736,0.26270045924547308,0.2297660764677884,-12.536857709453056,18.883995322553968,3.9796779896525623
flow07,472,7,139.69999999999999,128,1567541753131.5188,1475292696355.5454,2567287715055.7759,2379375136714.0566,111604549.24761194,114646386.37726553,36754297.996503592,37177736.5111572,0.32932616317421348,0.32428179976660454,-1.5317226420727696,2.7255494065074375,1.1520789070543249
flow07,473,7,101.59999999999999,128,1281959902411.9949,1487052833677.8152,2131335968568.7419,2596816726251.6929,125475887.6777475,115548339.38278975,41955432.452140592,40575261.347682774,0.33437047729753716,0.3511539980965423,5.0194385983635872,-7.9119171648772131,-3.2896123905580215
flow07,474,7,165.09999999999999,128,2354449603647.314,2099151550209.4377,3375933583883.1709,2766970967979.9951,141832649.03508684,163122832.6730814,40895621.85200692,43233921.3746875,0.28833715036860152,0.26503905471856104,-8.0801574199706483,15.01077768964729,5.7177258023913149
flow07,475,7,139.69999999999999,128,2403881084124.6826,2324730976539.6064,3169127809280.6475,2997489990009.8516,171190061.12506622,180605720.93250751,45370476.868727952,46835781.093904018,0.26502985378094857,0.25932612129937227,-2.1521094322794756,5.5001205943623681,3.2296425479848581
flow07,476,7,127,128,1639366661561.7405,1645912462732.0486,2673025072681.9556,2686397469555.6499,128384943.11416668,127915321.36153409,42094883.034361511,41974960.461807109,0.32788021720684579,0.32814646451280827,0.081202613634512338,-0.36579192329039367,-0.28488634225806214
flow07,477,7,152.39999999999998,128,1594701429496.511,1505798095427.061,3184823915654.6978,2847742917430.8579,104075695.21311045,117004900.8561734,41795589.444287382,44495983.084857233,0.40158837621699001,0.38029161820796964,-5.3031310840314516,12.422886646674309,6.4609535993490823
flow07,478,7,127,128,1775186042048.1157,1779770169037.6616,2758975702810.3267,2774305422718.2764,139086635.4883222,138271902.51787215,43448436.264729559,43348522.229973145,0.31238397644881932,0.31350203071350802,0.35791024795789284,-0.58577372843162145,-0.22996002467762575
flow07,479,7,127,128,1388204864632.5127,1392892542982.3447,2663789841129.0269,2677613538987.4751,108746659.73352446,108229015.11048347,41949446.316992551,41837711.546679378,0.38575388356558743,0.38656649978723517,0.21065665344353676,-0.47600967635184238,-0.26635576896258795
flow07,480,7,165.09999999999999,128,2129199534825.9944,1952941796700.1484,3386057692831.1006,2876336348090.5967,128271232.07514183,151745350.55834112,41018263.995531209,44942755.438915655,0.31977757858833489,0.29617220740899497,-7.3818093449660687,18.300376556333415,9.5676683045679489
flow07,481,7,190.5,128,2184245862736.0244,1969244234137.0886,3894127153599.8398,3079675304388.1001,114068331.26798469,153019968.67116487,40883224.709709615,48119926.631064154,0.35840994827618927,0.31446828181276376,-12.260169304665684,34.147634992283486,17.700907824024583
flow07,482,7,165.09999999999999,128,2384345552414.4473,2190959518733.2549,3548411678458.9233,2926284818378.0259,143645093.39262006,170270325.98383281,42984999.133360676,45723200.287156738,0.29924446507804686,0.26853299318577778,-10.263004157573686,18.53542781196079,6.3701319274214967
flow07,483,7,152.39999999999998,128,1768372190128.8989,1572588377001.9858,2995319220950.5732,2602648536479.5156,115430077.52686232,122223110.43447223,39308651.193577081,40666383.382492505,0.34054080215296889,0.33272253698939425,-2.2958380065313659,5.8849764750691325,3.4540289419477044
flow07,484,7,152.39999999999998,128,1820536406450.2688,1659969336024.3547,3090792933748.3267,2672029129296.3477,118801576.37013544,128987786.9846074,40561587.05706466,41750455.145255506,0.34142297010177641,0.3236775831361286,-5.1974789394978336,8.5741375878178889,2.9310196529496486
flow07,485,7,190.5,128,2181795050224.0986,1721752845836.6995,3875198197399.6255,2827466949992.543,113892894.83501086,133809405.7655797,40684495.51075723,44179171.093633562,0.35721715186618253,0.33016491509596058,-7.5730509100402923,17.487053041737664,8.5896987021808311
flow07,486,7,190.5,128,2108094069290.0505,1871960258668.1851,3619321831220.7329,2677371435731.2495,110120112.27083467,145434231.28833258,37998129.461634994,41833928.683300853,0.34506075845782447,0.28764843264693601,-16.638323658558164,32.068727763957121,10.094705386849881
flow07,487,7,152.39999999999998,128,2895521107972.0884,2739894308026.5742,3557559513546.2959,3140839880208.1978,188942967.03540498,212925269.73202777,46687132.723704681,49075623.128253177,0.24709643050622909,0.23048285057953047,-6.7235208103420208,12.692879270880125,5.1159500813288892
flow07,488,7,190.5,128,1956385526232.5979,1686875692405.9744,3449015361282.1685,2546937350223.9277,102129731.85892655,131081928.85095023,36210135.026584454,39795896.097248942,0.35455037791151844,0.30359559434389921,-14.371662460993203,28.348450999573576,9.9026448480015983
flow07,489,7,203.19999999999999,128,1617272369845.3979,1320029379432.5593,3823303721173.0747,2641747775846.4463,79181317.073918462,102554238.09711228,37630942.137530267,41277308.997600801,0.47525026771656875,0.40249247387040055,-15.30936409478463,29.518227136048271,9.6898101746804848
flow07,490,7,139.69999999999999,128,1453394734934.0115,1383294447884.4167,3022152384780.2295,2832737499367.5791,103509447.45769693,107477682.87465286,43266319.037655398,44261523.427618504,0.41799391360230981,0.41182059608820404,-1.4768917233515566,3.8336939423599024,2.3001827104750054
flow07,491,7,152.39999999999998,128,2325496273366.3096,2203393028462.1123,2968175890467.9336,2618559352218.5703,151792927.29562187,171210060.38281378,38952439.507453203,40914989.878415234,0.25661564212140137,0.2389753837299757,-6.8741945134740829,12.79185626967743,5.0383246743416796
flow07,492,7,127,128,1997492213001.8772,2005659278659.2913,2844153509212.5664,2861768013221.4785,156475900.30970162,155853622.20110336,44789819.042717583,44715125.206585683,0.286241005509911,0.28690462611698686,0.23183981131343806,-0.39768303449069875,-0.16676521077404327
flow07,493,7,165.09999999999999,128,2102775179379.1387,1810068977019.7771,3439272802333.8062,2815470177625.4248,126689473.82537049,140662166.78327495,41662904.934388936,43991721.525397345,0.32885845742652092,0.31274736150750138,-4.8990973335752992,11.029087528743311,5.5896644621296767
flow07,494,7,203.19999999999999,128,1857354897274.2036,1549716787660.6443,3831619494413.2856,2711131041504.8862,90944587.280301064,120417511.24937874,37712790.29934337,42361422.523513928,0.41467877778265644,0.35178789267439275,-15.16616920801922,32.407562506429258,12.326407532490368
flow07,495,7,215.90000000000001,128,2036046511654.0237,1586212342403.667,3911252217389.9673,2661468767102.2266,93812899.510221735,123253322.22388217,36232072.416766725,41585449.485972367,0.3862163157297886,0.33739820343694205,-12.640095797247863,31.382062453418406,14.775243898906309
flow07,496,7,190.5,128,1553558241318.4292,1290896605819.6665,3518343264379.3267,2560131060869.4736,81137432.48013939,100311610.27439995,36937987.027604483,40002047.826085597,0.4552521061921212,0.3987778455221781,-12.405052036400765,23.63172854767615,8.2951482878351808
flow07,497,7,177.79999999999998,128,1839254757951.928,1539353293686.8506,3529824010246.4365,2736115123156.1006,102867352.98360039,119618416.35866885,39705556.920657337,42751798.799314149,0.38598793270190773,0.3574014779724668,-7.4060488185048516,16.284139612048723,7.6720794642020609
flow07,498,7,203.19999999999999,128,1936327957107.0835,1531354252047.8228,3592445202116.71,2510402827593.5205,94806840.402186096,118978397.23811504,35358712.619258963,39225044.181148827,0.3729552896105548,0.32968206911248404,-11.602790388965193,25.495583159811314,10.934593698368914
flow10,0,10,177.79999999999998,128,3367375276087.7988,3010913829482.186,3927420464835.604,3052041345637.8267,188378859.25751936,233956780.24491772,44177957.984652467,47688146.025591128,0.23451653842037506,0.20383314377838838,-13.083680515097045,24.194817383988941,7.9455642611596229
flow10,1,10,203.19999999999999,128,3243038229070.96,2849325113313.0073,4064012254190.1841,2961106163621.2988,158791393.98579401,221383712.92084301,40000120.612108119,46267283.806582876,0.25190357996156049,0.20899136253589715,-17.035175693895091,39.417954187522724,15.667860742844045
flow10,2,10,203.19999999999999,128,3185037868355.6914,2765805191560.9126,4447839772616.7979,3275224156684.1587,155893123.69737831,214949985.44130328,43777950.517881878,51175377.448190071,0.28082027917321217,0.23808039504224396,-15.219657304238316,37.882916413020816,16.897609053869672
flow10,3,10,165.09999999999999,128,3012050885767.1074,2792674195491.5054,3865331586691.6353,3295941791793.5073,181450352.37146789,216970905.9356091,46824125.823036171,51499090.496773645,0.25805475277985196,0.23735482079821862,-8.0215271211426096,19.575907734487615,9.9840938652132198
flow10,4,10,165.09999999999999,128,2953494743937.1729,2761150901696.2744,3393512192801.2793,2807966846406.5527,177944222.81790316,214538390.97523326,41108566.841929495,43874481.975102469,0.23101939580245545,0.204506437172671,-11.476507648931635,20.564965570575588,6.7283180749366931
flow10,5,10,177.79999999999998,128,2962619531282.6831,2673134871555.7983,3954664845225.5137,3120333074464.6333,165686581.82028893,207721100.38677451,44484418.956417486,48755204.288509987,0.26848534424270565,0.23471474105292292,-12.578192409360991,25.369899061638019,9.600631934243534
flow10,6,10,165.09999999999999,128,3307944998375.5737,3113632704586.2036,3797342344435.0029,3125991429379.7603,199295399.33070326,241994586.42224434,46000512.954997018,48843616.084058844,0.2308157293619483,0.20183763945377706,-12.55464260961606,21.425074153712735,6.1805900552528081
flow10,7,10,165.09999999999999,128,3154518437388.8335,2949258207977.4756,4082587658202.1641,3418636148553.7734,190025196.29401579,229171877.59884146,49455937.712927498,53416189.821152806,0.26025989541095895,0.23308352831430851,-10.442011072715628,20.600784563461836,8.0076372855632272
flow10,8,10,165.09999999999999,128,3707730768870.7217,3509612817461.1777,4312961292288.4141,3694566834168.7974,223359126.39762247,272756456.71636856,52246654.055583462,57727606.783887565,0.23391322708960774,0.21164524381513289,-9.5197623287649336,22.115653439120855,10.49053346549829
flow10,9,10,127,128,3784728989675.8188,3792052500892.0942,3383901459807.4043,3404430167900.7866,296365444.21971953,294706811.725739,53289786.768620543,53194221.373449884,0.17981106707269334,0.18049878474798764,0.38246682281033856,-0.55965785699052328,-0.17933153980441913
flow10,10,10,203.19999999999999,128,3752946526593.1104,3306089213516.6504,4834314609294.0986,3580162798509.9854,183704613.77661866,256899402.88085973,47581836.705650583,55940043.726718619,0.25901274729827523,0.21775077364684067,-15.930479901793356,39.843740230305023,17.565961299000165
flow10,11,10,177.79999999999998,128,3846271026598.8408,3438467601642.8003,4270379580770.8149,3446842121580.6885,215113410.81891048,267192756.13722318,48035765.81294506,53856908.149698354,0.22330437525990948,0.2015657494922462,-9.7349752965481091,24.21018062986078,12.118350229746031
flow10,12,10,203.19999999999999,128,4102144840138.208,3643673195893.1528,4209370830746.4966,3021698348356.2051,200791140.36310735,283160593.37694144,41430815.263252921,47214036.693065792,0.20633786524808875,0.16673943266609415,-19.191064390621534,41.022453911501543,13.958743976110702
flow10,13,10,152.39999999999998,128,2344359082745.7021,2199094410540.8433,3224632989798.3643,2788624821330.9668,152977700.5150547,170915773.59090751,42318018.23882369,43572262.833296433,0.27662867265192764,0.25493412291827477,-7.8424805085011471,11.725939803943847,2.9638547518798171
flow10,14,10,177.79999999999998,128,2582487926315.981,2306905048343.6929,3690681797803.0215,2813565948026.2671,144516104.64595133,179234729.56398425,41514980.852677412,43961967.937910505,0.28726888919670635,0.24527594649125581,-14.617991813480371,24.02405254631638,5.8942266983492528
flow10,15,10,152.39999999999998,128,2735839433374.582,2603171942167.2993,2994861300598.0015,2610522180675.3628,178554155.95179504,202305396.97103241,39302641.740131259,40789409.073052615,0.22011608484062362,0.20162294078043377,-8.4015414291872013,13.301981627159428,3.7828687006635566
flow10,16,10,152.39999999999998,128,3347425181609.5635,3227160683628.1191,3544315338562.4009,3104732781100.125,218497648.45422161,250798655.52297679,46513324.653049886,48511449.70468954,0.21287791874243028,0.19342786987247301,-9.1367150641352719,14.783228697091769,4.2958121496237451
flow10,17,10,203.19999999999999,128,3145656100374.8525,2819212692658.3638,4147504006308.4346,3023686958528.3237,153960555.73994815,219089335.40162537,40821889.825870425,47245108.727005146,0.26514511869404983,0.21564312402699748,-18.669774088570929,42.302250306036171,15.734741650946491
flow10,18,10,165.09999999999999,128,2510472651634.645,2319282779510.3711,3757736968618.0625,3127896456971.8994,151231517.53169471,180247618.7444962,45520738.565936558,48873382.140186019,0.30100034244777341,0.27114578534024797,-9.9184462265871023,19.186543708867013,7.3650904617752948
flow10,19,10,177.79999999999998,128,2747839321611.3022,2438861344679.3169,3999380351734.8857,3060400582702.0371,153740577.88546321,189526214.51553446,44987405.531326056,47818759.104719415,0.29261894387337151,0.25230683379053065,-13.776315897129887,23.276637256256162,6.2936582804754213
flow10,20,10,165.09999999999999,128,2659461790811.2617,2444948940266.0547,3735686563644.5239,3179619125968.0747,160222702.11082026,189999287.3081198,45253622.818225615,49681548.843251258,0.2824420149082576,0.26148281684174546,-7.4207083083301457,18.584498204695208,9.7846884940277619
flow10,21,10,165.09999999999999,128,4393972042970.6621,4155390712812.2368,4129348438663.7866,3449210719139.7456,264736410.94816831,322869292.2405979,50022391.746381432,53893917.486558624,0.18895168808560722,0.16692178160565854,-11.659015435716944,21.958778199123959,7.7395854236762958
flow10,22,10,203.19999999999999,128,3065019953551.4375,2713893661792.0659,4938463740035.7461,3553041941864.3569,150026114.55536434,210877447.51205873,48606926.57515499,55516280.341630675,0.32398977150886293,0.26326324126460254,-18.743347964798073,40.560493842715864,14.214751380737042
flow10,23,10,127,128,3127591683588.8354,3132935868632.3013,3079942635681.0366,3099459177624.4609,245054615.69895402,243413101.70472056,48503033.632772237,48429049.650382288,0.19792744362080289,0.19895827016382453,0.52081031521658905,-0.66985638672892212,-0.15253475267155292
flow10,24,10,177.79999999999998,128,2913423706212.4888,2632691865647.5273,3805096829931.623,3002722151301.3472,163023152.15574411,204578398.61754972,42801989.088094756,46917533.614083633,0.26255159786877319,0.22933767167565863,-12.650437652150693,25.490395635403871,9.6153113761098616
flow10,25,10,165.09999999999999,128,3107962743130.9775,2882770263192.7461,3705859146264.4326,3045512159396.791,187246969.43310875,223999651.65338492,44892297.350265697,47586127.490574948,0.2397491264407503,0.21243839952130505,-11.391377030186845,19.627918321746478,6.0006511123523696
flow10,26,10,190.5,128,2912326247544.1694,2562266200779.2422,3858192398995.0654,2811987772352.5459,152130636.87279746,199064704.2536698,40505956.94483009,43937308.943008609,0.26625772281949195,0.22071873116702262,-17.103350532049074,30.851160782371402,8.4712280785072878
flow10,27,10,165.09999999999999,128,2676448710472.3838,2514400693262.4648,3276715120390.5332,2657372406097.2451,161233186.30312306,195411590.83057085,39693702.245796897,41521443.845269531,0.24618816483085304,0.21248199080099694,-13.691224374256327,21.19812013340194,4.6046135685571405
flow10,28,10,165.09999999999999,128,3728150692949.0947,3500497964805.1304,3654877877390.6777,3083227430379.4146,224620735.92484617,271991869.75036681,44274716.867240198,48175428.599678442,0.19710876952185605,0.17712084057473365,-10.140557924240946,21.089385906637805,8.8102465886675461
flow10,29,10,228.59999999999999,128,4014849944402.2314,3517946854097.7437,4547566492320.6221,3010129238172.8135,174685725.1807878,273368844.72651696,39786233.528614372,47033269.346450299,0.22775892814045531,0.17205058386775279,-24.459345996899,56.491805179615483,18.214933093940243
flow10,30,10,177.79999999999998,128,2549252912917.4175,2321447717254.187,3955812186228.9062,3022561196701.7041,142637700.68197849,180420531.71959516,44497324.92945902,47227518.698464215,0.31196047550338152,0.26176354901704857,-16.090796888719588,26.488670847167072,6.1356357339083454
flow10,31,10,165.09999999999999,128,2557957148820.6753,2338360574008.2017,3497719840485.3472,2835312324382.4448,154116682.6542134,181702124.89331725,42370924.77874437,44301755.068475783,0.27492756818423503,0.24381528336273814,-11.316538762183303,17.899063076121628,4.5569699028613737
flow10,32,10,127,128,2224309891622.9966,2229244168676.1484,2725877191143.8154,2744613835996.8823,174194038.22220635,173223243.18023333,42927199.86053253,42884591.187451363,0.24643323215099647,0.24756834244715817,0.46061575634660651,-0.55730669768080909,-0.099257983794889121
flow10,33,10,190.5,128,2767471707402.9629,2502277070418.2935,3893817584417.5708,2794259035275.5737,144481114.75709286,194459333.19480285,40879974.639554553,43660297.426180921,0.28294337781296552,0.22452148070693781,-20.647911097126446,34.591523273983086,6.8011852041028176
flow10,34,10,177.79999999999998,128,2117266123663.5168,1890896400016.5437,3509900985773.6982,2713702211483.4077,118420604.14944945,146954729.45626563,39481450.90859054,42401597.054428324,0.33340018143096167,0.28853509656555304,-13.456826769813562,24.095574846760172,7.3962483106273238
flow10,35,10,127,128,4489044044080.459,4494215473665.0723,3297389901337.5151,3317085884908.0718,351526400.86220294,349258742.99626714,51927400.021063238,51829466.951688714,0.14771977266486619,0.14839848104315792,0.45945669022353969,-0.64508892088156877,-0.188596134862904
flow10,36,10,114.3,128,2406833195693.5029,2529260741594.6309,2797709946974.2231,3089080188206.7544,209408836.9724251,196525855.78087029,48953804.846443109,48266877.940730624,0.23377143751048735,0.24560065009740512,5.0601616317592661,-6.1520714110318284,-1.4032145363720308
flow10,37,10,139.69999999999999,128,2852271201446.0854,2788232489301.563,3680144456639.9331,3464880464241.6943,203025615.04380491,216692966.95625225,52686391.648388445,54138757.253776573,0.25950612998769046,0.24984086015448093,-3.7244861359028403,6.7318362313535935,2.7566237883222957
flow10,38,10,177.79999999999998,128,2910686311181.0845,2566099467436.5156,4119681964460.5952,3266799916033.8398,162848777.33360037,199424311.17119637,46340629.52149152,51043748.688028842,0.28456234231689326,0.25595549704173326,-10.052927257431325,22.459814827267614,10.149018723097285
flow10,39,10,152.39999999999998,128,2801427687035.897,2657516450574.062,3317082357041.5571,2866587014336.9849,182882370.64648044,206507440.86396039,43531264.528104432,44790422.099015467,0.23802876337518752,0.21689495502741604,-8.8786783782343939,12.918178025561705,2.8925361681099435
flow10,40,10,165.09999999999999,128,2823087981024.3579,2524799204330.8516,3273214439134.103,2603761068854.5605,170063545.29208204,196194391.29684404,39651295.446809247,40683766.70085258,0.23315576174016975,0.20736457567381547,-11.06178370796435,15.365342384155634,2.603877735667818
flow10,41,10,190.5,128,2762900812335.4165,2466763287155.9912,3732879364345.584,2724632374591.9619,144224963.67863092,191689549.47283342,39190334.533811912,42572380.852999486,0.27173059042079373,0.22209025463348442,-18.268217689601233,32.910104175838384,8.6297970135204505
flow10,42,10,190.5,128,3809163446480.3354,3434263584372.6484,3887303522984.4863,2738412380448.0532,198874962.7711204,266907437.69609159,40811585.543144219,42787693.444500908,0.20521228501806496,0.16030910870764192,-21.881329524921075,34.208667585405337,4.8420267800368473
flow10,43,10,177.79999999999998,128,2623341845727.3335,2386530185031.96,3472511959128.3267,2650940992848.0923,146725875.78364024,185449930.49773377,39060876.93057736,41420953.013251521,0.26621668960542405,0.2233538341161993,-16.100739421241546,26.392110121867969,6.0420458221373474
flow10,44,10,152.39999999999998,128,2663726422164.0806,2486524486114.4941,2927078483870.0684,2539508751795.498,173821316.1042622,193230162.17448407,38413103.462861799,39679824.246804729,0.22099190320145026,0.20535005405095305,-7.078019114681557,11.165975787791171,3.2976267725090471
flow10,45,10,165.09999999999999,128,2597320109407.4497,2314786927005.1753,3813999839280.6768,3116784954258.1211,156478896.44960365,179861045.67979458,46202299.688439459,48699764.91028323,0.29526217743566202,0.27076327020239332,-8.2973401625770489,14.942685410439038,5.4054998099340859
flow10,46,10,177.79999999999998,128,3187712304199.3237,2872188576841.438,3657810572476.6333,2859445406890.1963,178347989.35083109,223171659.90246111,41145225.787138738,44678834.4826594,0.23070193242381515,0.20019940928963215,-13.221615793901453,25.132703045761108,8.5881378165269524
flow10,47,10,177.79999999999998,128,3453090928734.1738,3176565043700.8848,3842682146068.5396,2960227416915.9023,193127309.80568749,246853864.49231037,43224771.046890214,46253553.38931106,0.22381490784695468,0.18737220697127016,-16.282517204173079,27.819242519703273,7.0070523661888791
flow10,48,10,177.79999999999998,128,3211686863867.3525,2991957456826.1943,3804078236173.6445,2956642454197.8198,179719411.1361461,232507834.86355004,42790531.340535939,46197538.346841022,0.23809632509935197,0.19869239406040914,-16.54957548063814,29.372689012103521,7.9620581927142107
flow10,49,10,203.19999999999999,128,4452225437207.3926,4136106445653.2593,4209717141348.6899,2943881432914.7598,217919739.50413629,321453943.85890293,41434223.832172148,45998147.389293209,0.19013524853899566,0.14309405209687942,-24.740913009861167,47.510246015506766,11.014864368178033
flow10,50,10,165.09999999999999,128,2930790980091.2261,2728418946544.3462,4116029188932.5679,3427601977280.6343,176565743.00782198,212033485.53739005,49861044.08155746,53556280.895010009,0.28239364687717811,0.25258407066824301,-10.556036418871781,20.08755601475697,7.411069867306165
flow10,51,10,177.79999999999998,128,3015840312564.1768,2706649067142.1289,3464216263922.7744,2664860740223.1797,168669262.15922961,210325385.58758759,38967562.023878232,41638449.065987259,0.23102942127707601,0.19797158079449903,-14.308931001013228,24.696926336840892,6.8541291869180387
flow10,52,10,215.90000000000001,128,3073438556905.4805,2688713538411.7183,4241760451904.5166,2854264006442.5073,141587933.38663664,208915482.85086325,39293751.291380428,44597875.100664258,0.27752189294323759,0.21347328829860338,-23.078757486615398,47.551756603703005,13.498644529893372
flow10,53,10,165.09999999999999,128,3179592598714.2798,2991015949388.9736,3304799241645.8662,2695865887638.6592,191535639.97102907,232458686.86150572,40033909.650464773,42122904.494354129,0.20901545872360958,0.18120598142864897,-13.304985891849425,21.365760908344004,5.2180635419531241
flow10,54,10,190.5,128,2795715174362.0381,2502407696616.3916,3708739139540.0571,2769245174968.7036,145932827.64683318,194474507.90586713,38936893.853438929,43269455.858886071,0.26681381071892002,0.22249422983412351,-16.610677222958973,33.263030013033074,11.127138240033206
flow10,55,10,203.19999999999999,128,3423065531417.8423,3095378483124.1006,3899835054166.5337,2784239840758.4531,167603482.60255066,240526142.11187497,38384203.289040692,43503747.511850908,0.22901793383412994,0.18086910275065313,-21.024043959085496,43.509035956162492,13.337633151479084
flow10,56,10,165.09999999999999,128,2458238830880.0078,2310140170168.5659,3171201698437.2202,2608362704724.9902,148105697.21164161,179518533.75816187,38415526.328736775,40755667.261328049,0.25937912620499237,0.22702763000633677,-12.472667585859467,21.209742189479467,6.0916539645084322
flow10,57,10,177.79999999999998,128,3251908047824.1333,2978395931880.7681,3441460216025.4971,2675792935282.9229,181919352.08693519,231436022.14807492,38711588.481726632,41809264.613795742,0.21279532956574751,0.18065150025368906,-15.105514476118682,27.219022876399002,8.0019349594278051
flow10,58,10,152.39999999999998,128,2141482522182.9834,2014742145892.0195,2971293641103.0391,2535073137576.9985,139799932.07292444,156563467.70720702,38993354.870118633,39610517.774640672,0.27892255948864386,0.25299974735304931,-9.2939101746088717,11.99108997101526,1.5827386655437103
flow10,59,10,190.5,128,4457475623679.792,4172454191794.8101,3518382341474.8931,2579193088873.626,232791769.01928595,324220225.52732557,36938397.285825655,40299892.013650477,0.15867570164289377,0.124297896431677,-21.665450258153221,39.274780587480784,9.1002722771481093
flow10,60,10,190.5,128,2751198945248.4941,2479538836658.624,3343201377739.3579,2451910269337.6367,143616611.51866451,192692277.968503,35099227.062880404,38311097.958400644,0.24439531535889833,0.19882009991424193,-18.648154273222662,34.171302282438674,9.1508308424175855
flow10,61,10,152.39999999999998,128,2595598552373.7827,2481401676132.5039,2896053702493.7227,2521429869791.1445,169364615.47455367,192847007.36919579,38005954.100967497,39397341.715486705,0.22440315525457402,0.20429324910426272,-8.9615077504135936,13.864992890542856,3.660972727648979
flow10,62,10,165.09999999999999,128,1559323407246.5469,1325540934325.7148,2861348446929.8223,2282147827514.3921,93937804.478626877,103009035.76015744,34662004.202662908,35658559.80491244,0.36898886869928232,0.34616924177349412,-6.1843672971028543,9.6566354002817718,2.8750663014834341
flow10,63,10,165.09999999999999,128,1689570407656.0278,1509568333874.6868,2954924751463.7852,2371671488942.6733,101796461.46876428,117306948.47194541,35795575.426575236,37057367.014729336,0.35163870050197105,0.31590086944927909,-10.163224639857761,15.23676440161964,3.5249931677794026
flow10,64,10,177.79999999999998,128,3839116032683.6807,3566057212178.2549,3514700393809.4712,2766167801572.9043,214825065.20980367,277100195.81507677,39535437.500668973,43221371.899576709,0.1840354963330636,0.15597741377426003,-15.246016729307829,28.988763738744179,9.3231152402078941
flow10,65,10,177.79999999999998,128,3009364455152.2476,2775979562028.6055,3276751683776.3657,2613426842839.8721,168338374.96274108,215729561.2768594,36858849.086348325,40834794.419373073,0.21895690209975249,0.18928696733855216,-13.550582090206634,28.152336818391877,10.786949217297582
flow10,66,10,165.09999999999999,128,2985460048305.3491,2795750192073.9692,3281391174391.5601,2619742987405.8398,179848481.41700038,217215498.29916513,39750347.357862636,40933484.178216323,0.22102131218832294,0.18844642531832478,-14.738346518476222,20.776943228964392,2.9764188214563156
flow10,67,10,190.5,128,2658180046366.1543,2324408332652.7046,3847604786024.5142,2832452078358.8862,138772928.01185268,180645961.17898324,40394800.903144509,44257063.724357679,0.291085599200547,0.24499337508303312,-15.834594443732019,30.173776518972172,9.5612869351028671
flow10,68,10,152.39999999999998,128,3220212645482.6289,3073713095987.4219,2987513963081.8394,2605614784991.8882,210148467.06331056,238848803.8391217,39206219.987950653,40712731.015498325,0.18656438724408661,0.17045398746447427,-8.6353028129289893,13.657171606759663,3.842530669905623
flow10,69,10,190.5,128,2385458491179.2642,2039523295199.0103,3544013196553.3169,2631150706356.5918,124546034.34851384,158476904.48893613,37207487.627856351,41111729.78682182,0.29874486026379315,0.25941779920172525,-13.164096288499127,27.243637517573973,10.49316255377172
flow10,70,10,165.09999999999999,128,2722007558344.1182,2529294060172.6499,3557488207543.6802,2877532041514.4077,163981001.38610008,196543672.73844779,43094951.030208126,44961438.148662701,0.26280453629344092,0.22876054732372653,-12.954110096372814,19.857587816333393,4.3311039317488271
flow10,71,10,139.69999999999999,128,2624545086933.5298,2560365535908.2881,3008216831583.2705,2812703215831.2466,186820414.2971884,198973559.21678585,43066812.191600151,43948487.747363307,0.23052519369264826,0.22087601950910729,-4.1857352027240458,6.5052553091251495,2.0472273448999765
flow10,72,10,165.09999999999999,128,2305480119890.1621,2117583734718.9832,3297395743675.6274,2756775714337.9487,138882714.7521877,164550927.9077096,39944224.635682955,43074620.536530524,0.28761120278327329,0.26177075440552638,-8.9845069064360246,18.481935063929594,7.8369174252317961
flow10,73,10,165.09999999999999,128,2254039166953.4092,2075565846658.8467,3410144457952.6597,2758216301939.1611,135802932.64038745,161277515.78799987,41310047.9461255,43097129.71779947,0.30419113301121742,0.26722342235510915,-12.152790349331134,18.758492657202268,4.3260220225466517
flow10,74,10,165.09999999999999,128,3389886369102.5854,3243589265348.4888,3671930441061.3154,3042592702454.6187,204260794.23174155,252029830.57111049,44481289.413220063,47540510.975853503,0.21776714215041371,0.18863049214501573,-13.379727408679971,23.386297169281136,6.8775469483675176
flow10,75,10,152.39999999999998,128,3840355108896.9839,3720906097209.064,3273231209335.7744,2897048064684.2397,250591283.64310735,289170059.37805879,42955790.148763455,45266376.01069133,0.17141773458466011,0.15653894496563492,-8.6798426400139075,15.395098813530725,5.3789858222277118
flow10,76,10,228.59999999999999,128,3366273995352.6973,2953553940953.001,4594291464248.2549,2964066769170.4043,146468367.81028304,229505677.19258389,40195025.933930494,46313543.268287651,0.27442803203756694,0.20179693955642244,-26.466353288282846,56.692998374814337,15.222075846932674
flow10,77,10,152.39999999999998,128,2327164391224.2993,2191975587352.0083,3430980044593.645,2963541307919.3188,151855686.23432037,170336089.79943642,45025984.837186947,46305332.936239444,0.29650509607990422,0.27184687044749017,-8.3162906669803007,12.169714564787471,2.8413550612576119
flow10,78,10,139.69999999999999,128,2271425680647.7881,2206125734600.1055,3321005238915.416,3121473969202.3325,161726752.97475645,171417972.38316301,47544813.72820925,48773030.768786535,0.29398236750372653,0.2845269378158688,-3.2163254443271581,5.9923415453219633,2.5832828951616236
flow10,79,10,177.79999999999998,128,2607024850261.7549,2375461132692.0874,3576914727709.2798,2794090161205.8452,145891905.28449741,184546889.40206328,40235261.279069521,43657658.768841408,0.2757881679631814,0.23656675498727373,-14.221572036819163,26.495633217063329,8.5059656156681331
flow10,80,10,190.5,128,2411096508550.2046,2097565935795.6323,3886784000216.8511,2967892400642.2334,125906458.28872195,162974359.36427221,40806131.235872455,46373318.760034978,0.324098793584504,0.28454364809855542,-12.204656811113724,29.440825815740229,13.643017251457639
flow10,81,10,177.79999999999998,128,2789231929657.8545,2456236221066.146,3858426066070.1973,3055127263633.4395,155995557.72445869,190866572.45721486,43401868.009788506,47736363.494272575,0.27822502539752442,0.25010332023944781,-10.107539793696366,22.353851123344334,9.9868869319322879
flow10,82,10,177.79999999999998,128,2387468474194.1782,2094484213603.6375,3774471834559.1973,3032732700988.0376,133575480.27471034,162713908.59518781,42457500.951172076,47386448.452938177,0.31785400182619067,0.29122555571343217,-8.3775714509705939,21.814204418768771,11.609132406155037
flow10,83,10,190.5,128,2414042200393.5166,2058353376399.1873,3580119175298.0801,2609153298773.6904,126049341.96901922,159960713.2982066,37586553.02150216,40768020.293338984,0.29818920459529485,0.25486270630299857,-14.529868159076855,26.903251377164839,8.4643762624808954
flow10,84,10,177.79999999999998,128,2470893848575.6416,2206664456302.9033,3880035344373.1797,3108349930202.5229,138243011.83399624,171450975.60971963,43644942.006447472,48567967.659414507,0.31571174142861419,0.28327612302406269,-10.273808081314437,24.02144118185149,11.279716335147793
flow10,85,10,203.19999999999999,128,3089963155922.5854,2701902561382.8052,3819146092784.6084,2666019809069.7231,151249491.24317679,209967395.46751171,37590020.598273709,41656559.516714498,0.24852989778218168,0.19839537192887657,-20.172432492304953,38.821885443521339,10.818134317882075
flow10,86,10,177.79999999999998,128,1803142996073.4895,1494623352873.5081,3361462914704.2949,2589769959879.957,100857039.2120156,116145589.9054739,37811731.324007824,40465155.623124406,0.37490423692214758,0.34840027637775417,-7.0695281445691451,15.158635245398818,7.0174631158236371
flow10,87,10,177.79999999999998,128,1946941785382.1375,1719390846247.2478,3459628397672.8188,2603074577843.3174,108928635.85857321,133598229.68172719,38915954.979446791,40673040.278801911,0.35726101472502664,0.30444295838124374,-14.784164565068878,22.647482573070665,4.515076914553716
flow10,88,10,127,128,1700314540166.5076,1708027021926.6284,2639987238232.2397,2658509074945.7646,133164932.35753179,132715250.21550372,41574602.176885672,41539204.296027645,0.31220383205139079,0.31299495897100044,0.25340077167259656,-0.33768810907418267,-0.085143041675830367
flow10,89,10,190.5,128,3145441612977.7407,2791960932629.314,3493018445759.1567,2527465817962.8149,164196655.77651048,216960312.36888647,36672109.666762806,39491653.405669056,0.22334261007530834,0.18202247671234648,-18.500783772979652,32.134428282262384,7.6885234160981435
flow10,90,10,139.69999999999999,128,3198447745993.7334,3124226729283.958,2855336628661.0376,2647753016261.8359,227795923.72029093,242730177.72546938,40878119.236378491,41371140.879091263,0.17945061776685897,0.17044086263506344,-5.0207434468132837,6.5559794755221876,1.2060771188171966
flow10,91,10,165.09999999999999,128,2258424530903.1294,2068141350815.0977,3252313733401.0537,2679882844009.2036,136061695.68026748,160708912.11586031,39398107.0066754,41873169.437643886,0.28956060564802411,0.26055287716375147,-10.017843559677116,18.114735607522878,6.2821861734349946
flow10,92,10,165.09999999999999,128,2088086921965.8433,1911629769882.5676,3030155637472.6406,2489708191857.1973,125799486.96220095,148546877.88387364,36706912.628378451,38901690.497768775,0.29178904870580114,0.26188157605156892,-10.249689899906658,18.082260485297216,5.9791949587542286
flow10,93,10,177.79999999999998,128,2353606819455.7593,2059476432086.6885,3370587324756.311,2538825725550.9448,131683417.47366573,160031454.53159112,37914368.10749507,39669151.961733587,0.28792059649482632,0.24788346814596171,-13.905614546607833,21.527415981282893,4.6282819464730167
flow10,94,10,203.19999999999999,128,2858381912203.9902,2518461925230.8853,3982027821026.8384,2711702763528.1182,139934394.7285575,195706995.61066744,39193187.214831091,42370355.68012692,0.28008258649245893,0.21649893274340076,-22.701751845886399,39.856249058922749,8.1064304566012861
flow10,95,10,165.09999999999999,128,2871952945151.6318,2695320140506.2705,3503622958522.9126,2896359896493.0576,173027970.33930582,209445049.49529311,42442434.385498643,45255623.382704109,0.24529233222969402,0.21607397019771118,-11.911649160163101,21.046931940872813,6.6282460889346435
flow10,96,10,203.19999999999999,128,2399048860779.5298,1968453828660.9868,4067306547056.6982,3022133944480.5625,117416804.44338173,152978305.72607499,40032544.754495069,47220842.882508874,0.34094391296263499,0.30867672810459246,-9.4640741867647851,30.286551785558931,17.956135869195933
flow10,97,10,177.79999999999998,128,2178152445709.3579,1871957303088.0061,3508979382485.0771,2730783807430.5112,121823766.30206825,145482840.32196146,39471084.167436197,42668496.991101816,0.32400150943918143,0.29328886414833599,-9.47916734832698,19.420737626211075,8.1006460580160535
flow10,98,10,203.19999999999999,128,2538964746761.5664,2144006747777.2334,3672366467522.438,2628822739723.4404,124286957.42704944,166591270.71305022,36145339.247268096,41075355.308178835,0.29082165977458818,0.24656367126780745,-15.218257313119137,34.037612764663102,13.63942395777446
flow10,99,10,152.39999999999998,128,2161748433966.0669,2041146998860.719,3164060236237.9067,2787209280152.1758,141104557.60629281,158631749.99720827,41523100.213095896,43550145.002377823,0.29427185710721576,0.27453611905021696,-6.7066345558855893,12.421421879100096,4.8817279511384388
flow10,100,10,177.79999999999998,128,2729485711851.5249,2524538791561.0513,3705238309992.5244,2943112859165.459,152708020.58497864,196138693.71474817,41678721.147272497,45986138.424460381,0.27293079294469152,0.23445724835579734,-14.096447005410162,28.440335329735561,10.334811526408281
flow10,101,10,127,128,2588278194805.6958,2592971435858.8477,2921364714052.647,2940082770240.5796,202782214.39910281,201491846.01919985,46005743.52838815,45938793.285009138,0.2268726755189813,0.22799331185159571,0.49394944986253242,-0.63633212790710514,-0.1455258370896661
flow10,102,10,190.5,128,3466783307352.647,3097957192349.3271,3882710634124.4736,3131731321769.0142,180983723.42917138,240751392.80622867,40763366.237527288,48933301.902640939,0.22523222235219498,0.20325241458530388,-9.7587314716103695,33.023781500687036,20.042347870653284
flow10,103,10,165.09999999999999,128,2696817609756.3853,2497199837360.4282,3210869587667.0688,2712494536304.8311,162466744.81528133,194049729.26049191,38896057.997178309,42382727.129763059,0.2394093513808114,0.21841167875513284,-8.7706150593420453,19.439661009469514,8.9640681141458831
flow10,104,10,139.69999999999999,128,2851552374981.0249,2724698784612.314,3032696215038.6602,2865926609537.0015,203036896.5006907,211727973.69283912,43417268.647654407,44780103.274015732,0.21383930406711427,0.21149828477072063,-1.0947563202220738,4.2805407992033864,3.1389229880423439
flow10,105,10,127,128,2659569135401.4443,2668304214436.7935,2721217161895.0391,2734971834850.5884,208264556.2911554,207372505.40862083,42853813.573150225,42733934.919540524,0.2057662347175401,0.20607329228787916,0.14922641256499544,-0.42832582673715724,-0.27973858943748636
flow10,106,10,177.79999999999998,128,3396921268956.7329,3136152025980.624,3746455708142.6479,3059617033751.3721,190091819.82078457,243662980.68997645,42142358.921739578,47806516.152365275,0.22169475236478192,0.19619934065073139,-11.500232388044877,28.181728661284787,13.440531986223917
flow10,107,10,165.09999999999999,128,2741583741930.0303,2582052364304.8848,3178707786847.5708,2596630711987.1362,165180167.97888204,200622631.42208406,38506454.110812493,40572354.87479908,0.23311790139198471,0.20223219378196716,-13.248964333324034,21.45685155601323,5.3650766129787293
flow10,108,10,190.5,128,3624038860092.8237,3261061751654.8198,4052517377754.1353,3122843926297.6592,189160439.94886804,253413637.71410432,42546114.202143162,48794436.34840101,0.22492078266282212,0.19254858100198149,-14.392712526422988,33.967566253601746,14.68599956407559
flow10,109,10,165.09999999999999,128,3092482609585.6411,2897376873447.0923,3456937291325.5815,2761337604471.6655,186321792.44086158,225146257.59879452,41876890.264392272,43145900.069869854,0.22475572886990108,0.19163498665278667,-14.736328361305628,20.837318409898721,3.030334386019621
flow10,110,10,190.5,128,4041241022953.3882,3739524325733.855,3794000314834.0747,2888545066734.0898,211097879.84912476,290601961.07142168,39832024.302719951,45133516.667720236,0.18868983587702812,0.15531043390525401,-17.690090097660558,37.662188402422537,13.30962324362277
flow10,111,10,203.19999999999999,128,3083468747644.7241,2590071922421.1582,4037814662231.4287,2891046836802.0708,150931598.79644349,201266533.73575619,39742270.297553435,45172606.825032435,0.26331312074122087,0.22444171908052915,-14.762424884589704,33.349500926706391,13.663881018426109
flow10,112,10,177.79999999999998,128,2845087326629.3521,2525499612862.4878,4117101950147.8623,3316943759318.3457,159116468.35311812,196264025.4777526,46311607.988164939,51827246.239349246,0.29105477558355697,0.26406900660062177,-9.2717148958746538,23.346142300113783,11.909839650987381
flow10,113,10,165.09999999999999,128,2897564300132.6025,2696532617992.9863,3697204061886.4004,3106352494197.9253,174567494.56267744,209539267.39668474,44787450.779968515,48536757.721842669,0.25656237372352181,0.23163561811045352,-9.7156707943192,20.033381885681404,8.3713336583806122
flow10,114,10,177.79999999999998,128,2215546140837.8354,1975952015913.9263,3893111567800.5439,3054077500250.2129,123917494.16224724,153545162.05844146,43792031.133864395,47719960.941409662,0.35339668083125342,0.3107877858323323,-12.056959589630901,23.909189010392851,8.9695081635704206
flow10,115,10,190.5,128,2352322328712.3467,2031472100117.0042,3534455810366.2886,2584174311063.8281,122790407.31037058,157855380.11361232,37107147.615394108,40377723.610372387,0.30219907587406569,0.25578934073271092,-15.357338538220722,28.556768864370596,8.8138706560712912
flow10,116,10,165.09999999999999,128,2785187120918.3979,2509815746010.9575,3557368672033.2231,3034030924663.5498,167800546.78863868,195030072.77220619,43093502.992528453,47406733.197868049,0.25681384129700702,0.24307396558908531,-5.3501305219882767,16.227316599787827,10.009003459494632
flow10,117,10,165.09999999999999,128,2475009674966.6128,2235895428505.5723,3193319935179.7603,2578873960124.3887,149110146.73860246,173713159.05139446,38683463.781705156,40294905.626943648,0.25942878219762738,0.23196230986175359,-10.58728800374602,16.499891423165398,4.1657123941434699
flow10,118,10,139.69999999999999,128,2467128167950.1733,2396384958586.978,3178008507886.5166,2960354930009.5806,175665034.55626386,186201286.81149295,45497616.433593653,46255545.781399779,0.2590021204192528,0.24841689643223636,-4.0869256089030834,5.997922285356351,1.6658660545709394
flow10,119,10,215.90000000000001,128,3724038854714.7754,3167555869247.0312,4048483500349.1436,2650354995685.2974,171562577.06215563,246128323.28794202,37503320.985170394,41411796.807582848,0.21859849407358381,0.16825287010603723,-23.031093686582953,43.462710518023904,10.42167925330652
flow10,120,10,241.30000000000001,128,2839443590893.043,2207682216312.2446,4217084434915.6309,2567173829398.251,117040797.78299783,171547773.36393628,34953041.317162298,40112091.084347747,0.2986398074795063,0.23382460930723065,-21.703469044971005,46.570919383169574,14.759945265913968
flow10,121,10,177.79999999999998,128,2506790323915.5234,2166184871099.5056,3147049676622.8916,2390826194462.4814,140251368.79683003,168336268.66733289,35399883.876522973,37356659.28847634,0.25240312576060281,0.22191687854446143,-12.078395275126947,20.024688608342224,5.5276322904863848
flow10,122,10,152.39999999999998,128,2515395155227.6992,2217386603810.3105,3129233737642.0317,2721681627593.6113,164138407.62088686,172315203.59058538,41066059.549108036,42526275.431150258,0.25019165315627395,0.24679351876687058,-1.3582125328860732,4.9816469455367187,3.5557730594922345
flow10,123,10,114.3,128,2564679966240.1494,2721442854089.1626,2366932112305.7163,2639506338945.3311,223200540.25645435,211447658.50872916,41416134.948481478,41242286.546020873,0.18555571102513868,0.19504726056977487,5.115202055597357,-5.265615277732433,-0.41976008306149071
flow10,124,10,190.5,128,3107347720862.7524,2702545661911.3057,3477668311659.7397,2470515352303.5903,162315118.57433274,209973982.7587499,36510953.403251864,38601802.379743665,0.2249387101087047,0.1838408829159339,-18.270677898397174,29.361937817635653,5.7266348358506001
flow10,125,10,190.5,128,2899747339789.4443,2464717159691.6084,3659836635465.7114,2695317968733.3574,151415717.42835325,191560234.07283887,38423481.737172827,42114343.261458784,0.25376151425861065,0.21984909062830454,-13.36389551795693,26.512780394466755,9.6057446056879083
flow10,126,10,177.79999999999998,128,2980036226126.8887,2711239134580.396,3489831681310.9707,2731680454754.3281,166762919.86310932,210649421.1448833,39255699.452316888,42682507.105536453,0.23539824971007173,0.20262342461496585,-13.923138823450468,26.316702368727469,8.7294525407247949
flow10,127,10,139.69999999999999,128,2829612134789.0859,2773573553656.458,2750888080529.8491,2577899208817.8701,201474702.4073486,215525881.87735593,39382792.849389397,40279675.137779295,0.19547264435097111,0.18689019985404939,-4.3906115484435473,6.9741656407056816,2.277345570233738
flow10,128,10,190.5,128,3141939416350.9341,2722867271196.2661,3455014706445.8286,2474692208430.7251,164053686.62387347,211574723.1174995,36273120.277646497,38667065.756730147,0.22110518223714182,0.18275843724137181,-17.343214034052806,28.966759279587357,6.5997781849468611
flow10,129,10,190.5,128,2750312429372.1226,2457348239352.2261,3712159937337.7324,2777251847042.7842,143660068.66703007,190952983.9826836,38972807.741078563,43394560.110043585,0.27128490263643323,0.22725258964258335,-16.231022281715575,32.920014416300525,11.34573725953123
flow10,130,10,127,128,3207486812243.5581,3215493021371.8789,2481608732537.8867,2495888676287.313,251183766.77558383,249878994.33941075,39080452.480911605,38998260.56698934,0.15558510401600681,0.15606858299588794,0.31074888752292706,-0.51944934695513578,-0.2103146424991135
flow10,131,10,114.3,128,2904663931291.5015,3030455866025.3584,2413376012667.3423,2632354505401.7627,252766937.95039174,235517832.6623359,42228801.621475808,41130539.146902613,0.16706615969594754,0.17463874680721883,4.5326876041521738,-6.824114509564998,-2.6007426978810226
flow10,132,10,127,128,3602303973711.4287,3610884116330.7998,2833912700753.8672,2847000604361.1743,282176021.47015613,280597961.32935172,44628546.468564846,44484384.443143427,0.15815853606570504,0.15853423963736465,0.23754871599439442,-0.55924671862003372,-0.32302648602495293
flow10,133,10,165.09999999999999,128,3490097765954.7446,3225176624209.3647,3488588760757.1812,2840339425342.4199,210269647.26158193,250586208.13641921,42260312.062473431,44380303.520975389,0.20098151403611905,0.17710593033442104,-11.879492408146179,19.173742572879402,5.0165068714305123
flow10,134,10,203.19999999999999,128,4393513452656.4902,3827634978252.4727,4431146521842.0635,3284033253110.0054,215014525.59435382,297433757.65352398,43613646.868524253,51313019.579843931,0.2028404673961689,0.17251915177569616,-14.948356217919773,38.331936798847806,17.653586123008385
flow10,135,10,152.39999999999998,128,4295809289728.5024,4068468592069.6836,3296828678454.5205,2827201736605.4629,280420106.05220103,316099211.9561795,43265468.221187942,44175027.134460434,0.15428803886528003,0.1397505133311891,-9.4223282900009444,12.723447831995577,2.1022745174570048
flow10,136,10,215.90000000000001,128,3752774460128.6348,3348812085949.9316,4163298906523.4224,2856966865081.9141,172910225.59956232,260225901.38790506,38566919.004385576,44640107.266904987,0.22304591223946213,0.1715436742799954,-23.090420013693826,50.497693520193842,15.747143975459405
flow10,137,10,127,128,2382056874095.0034,2392580804583.9136,2478543988311.9512,2494305215159.7642,186528373.78146622,185929710.11025038,39032188.792314194,38973518.986871384,0.20925603971674417,0.20961426209808712,0.1711885505564619,-0.32095045867778671,-0.15031133855952936
flow10,138,10,152.39999999999998,128,2695856872560.833,2527135020875.3164,2819994418717.1196,2422074229401.9326,175944700.03424343,196375900.42609924,37007800.770565882,37844909.834405266,0.21033768430287014,0.19271667120195929,-8.3774874480114292,11.612285216820602,2.2619800323427413
flow10,139,10,177.79999999999998,128,2796608922267.4609,2503072372198.0166,3388054378470.5244,2631013433785.7285,156431400.33457524,194531188.0981921,38110847.901805677,41109584.902902082,0.24362658532937922,0.21132644746996299,-13.25805138045463,24.355588252824621,7.8684604677985295
flow10,140,10,203.19999999999999,128,3490611328878.7642,3018154325280.2715,3542146866986.8193,2466174152865.9248,170855114.53499168,234525444.98702192,34863650.265618302,38533971.138530143,0.20405388718098991,0.16430614230648841,-19.479043219228849,37.265685973357478,10.527643677436219
flow10,141,10,190.5,128,2612656561018.8921,2124911462269.887,3391400260611.8428,2493682779558.3325,136389229.23855284,165133138.50648904,35605252.079914369,38963793.430599019,0.26105618661161778,0.23595381146993646,-9.6156982400983964,21.074911434290314,9.4327133063025563
flow10,142,10,177.79999999999998,128,2528679899841.6348,2193096292847.7053,3211555163143.0596,2418576232471.707,141476059.5724127,170418776.8645373,36125479.900371879,37790253.632370494,0.25534694710578587,0.22174935372531901,-13.157624855623574,20.457678408346283,4.6083089735825977
flow10,143,10,190.5,128,2183023397634.7573,1891373201811.0896,3412196418317.3843,2359104936939.8022,113986682.88813597,146984191.31707954,35823584.444277003,36861014.639684476,0.31427868183017033,0.25078217126198682,-20.203887262864271,28.948564510230206,2.8959419095014853
flow10,144,10,165.09999999999999,128,2437197476611.8374,2144341489342.8235,3261568659009.7041,2676812525324.7529,146840923.52438715,166625887.14563447,39510219.975889817,41825195.708199337,0.26906817954824436,0.25101259128867082,-6.7104138028837941,13.473739572307618,5.8591820893990967
flow10,145,10,177.79999999999998,128,1977041188139.3335,1701344934802.0437,3154521037627.8794,2334680805915.3521,110604427.46599755,132196045.979671,35483926.182540834,36479387.59242744,0.32081831618765394,0.27594915810142467,-13.985846761936207,19.521477583084305,2.8053868807122115
flow10,146,10,190.5,128,2996498400737.853,2553671187163.7656,3309516847457.4062,2399396853115.5273,156416174.19534713,198448195.62064049,34745583.700340226,37490575.829930186,0.22213549128843094,0.1889187035068754,-14.953390648604339,26.871915031497856,7.9002619534726106
flow10,147,10,190.5,128,2286620334357.1758,1827562979125.2529,3424209959620.9883,2477460691901.4697,119433313.05554518,142014305.78363737,35949710.862162612,38710323.310960531,0.30100237481851805,0.27258044953539223,-9.4424255955661849,18.906779147615531,7.6790949985177424
flow10,148,10,127,128,3273680171794.1143,3281031607806.2363,2528692663854.6069,2545907436484.1362,256474295.96101877,254965473.98012713,39821931.714245781,39779803.695064701,0.15526675515388985,0.15602035473306974,0.48535797533282349,-0.5882936437111691,-0.10579099849646272
flow10,149,10,177.79999999999998,128,3932777774282.8276,3431965725246.6948,3251526091440.1528,2441750352857.7168,220053808.3121767,266694403.59525791,36575096.641621523,38152349.263401896,0.1662097871523073,0.14305642994032547,-13.930200867633097,21.195086620321099,4.3123676124084387
flow10,150,10,203.19999999999999,128,3868979165666.0063,3358769928302.3706,3356706772574.9507,2291083436864.7656,189365860.11418769,261033405.16973701,33038452.485973928,35798178.70101203,0.17446889563964554,0.1371402203397464,-21.395604736903451,37.846074795284515,8.3530734867491443
flow10,151,10,152.39999999999998,128,4779202932238.6768,4488261832434.5479,2681381689083.5513,2268693622141.2642,311920738.93436021,348769041.3894645,35188736.077211969,35448337.845957316,0.11281306974787911,0.10163843013340383,-9.9054476927619994,11.81335443773059,0.73774110037860818
flow10,152,10,139.69999999999999,128,5874680057041.1152,5765296240545.6484,2673810248192.8779,2495991877799.8682,418260641.81717509,448026606.52073008,38279316.366397679,38999873.090623014,0.091520244888664087,0.087048118399679242,-4.8864887702445099,7.1166066628296134,1.8823657071834581
flow10,153,10,177.79999999999998,128,4976963167383.582,4534057706470.7764,3431558364446.9497,2604773569813.0762,278391916.54161423,352345899.194767,38600206.574206412,40699587.028329387,0.13865419317387551,0.11551031847210967,-16.691795734401548,26.564701867734751,5.4387803601181552
flow10,154,10,152.39999999999998,128,2762920432970.9038,2619065489925.0049,3206742750993.7686,2827366966966.4907,180356805.56863374,203498510.61094928,42083238.20201797,44177608.8588515,0.23333324223245591,0.21709057587802569,-6.9611454411834863,12.831068375464824,4.9767336030075287
flow10,155,10,203.19999999999999,128,3325638116335.2856,2958420287794.3271,3703912659028.1538,2502824059518.9541,162774866.63297507,229913507.06980035,36455833.258151129,39106625.929983728,0.22396475581424852,0.17009277283613961,-24.053777024983862,41.24631881174232,7.2712442287679995
flow10,156,10,165.09999999999999,128,3527864167558.5415,3268790927582.0493,3245195986891.6099,2621847141643.5967,212532210.32826334,253988022.60568434,39311883.548051007,40966361.588181272,0.18496906180636077,0.16129249390543673,-12.80028544757956,19.505660912946354,4.2085951900727236
flow10,157,10,203.19999999999999,128,2833263844210.0552,2405871758579.2178,3690571334577.3687,2613933863437.8247,138679896.72910753,186938419.78336734,36324521.009619772,40842716.616216086,0.26193068978537548,0.21848219677659877,-16.587782456640785,34.798499416628729,12.438417578582154
flow10,158,10,203.19999999999999,128,2782511275004.2529,2365100413921.1592,3858730267103.1973,2700774972863.436,136191276.93685108,183794183.04263648,37979628.613220453,42199608.950991265,0.2788697592638828,0.22960252741623396,-17.666753102845156,34.952977295203588,11.11116799152129
flow10,159,10,165.09999999999999,128,1950545088762.9421,1776650668939.5095,3100678749126.2104,2482813842939.8467,117506042.8923507,138065198.55472654,37561220.461855978,38793966.295935176,0.31965352195772989,0.28098294647769584,-12.097653497823103,17.496253942625259,3.2819642677241321
flow10,160,10,165.09999999999999,128,2533140890154.3262,2311697220905.0747,2993292548491.9014,2412998477269.415,152636788.90239671,179620972.71086419,36260357.946600869,37703101.207334675,0.23755975349944949,0.20990366903326674,-11.641738155889628,17.678689392321047,3.9788445079843777
flow10,161,10,127,128,1803447145743.5122,1814352997940.6655,2927306170029.1216,2941752596681.3755,141227348.01770106,140991440.30999088,46099309.764238141,45964884.323146574,0.32641914198134042,0.32601187860827485,-0.12476700067082784,-0.16704109439243217,-0.2915996828999135
flow10,162,10,139.69999999999999,128,2571283923554.8818,2483051185429.4761,2841807660859.9858,2646897437468.8145,183042169.39072096,192950280.97624713,40684433.226341955,41357772.460450299,0.22226808916090343,0.21434419401307631,-3.5650169926511093,5.4130212827495283,1.655029161552573
flow10,163,10,152.39999999999998,128,2551131091686.7246,2452387708497.998,3407792510267.9336,3087710917636.2925,166510029.61618581,190567516.36617568,44721686.486455828,48245483.088067159,0.26858253877884486,0.25316740233610124,-5.7394410347117484,14.448070669042345,7.8793911376274455
flow10,164,10,139.69999999999999,128,2691347760467.27,2619815508174.0005,2898778791166.3403,2681456390683.6089,191607296.94366041,203598850.99666083,41500054.275824487,41897756.104431465,0.21658911188558247,0.2057858180403907,-4.9879210229638993,6.2584015558271657,0.95831640595866885
flow10,165,10,127,128,2524295072041.6592,2533146428655.1743,2959629110721.9346,2976254973517.3965,197687001.22198647,196837944.44224522,46608332.452313937,46503983.961209401,0.23576832145871118,0.23625517982816707,0.20649863664620868,-0.42949550273557718,-0.22388376844697694
flow10,166,10,139.69999999999999,128,4009250728620.874,3937987596966.8315,3401579385593.6143,3203512810303.4355,285467604.37382179,306001017.17669988,48698344.818806216,50054887.660991274,0.17059149294935547,0.16357752050244703,-4.1115605037765368,7.1929047248350582,2.7856035913179351
flow10,167,10,190.5,128,3686790874939.1235,3295252935201.5283,4101828446977.856,3111385183716.2056,192485937.73940328,256103672.85067663,43063815.716302954,48615393.495565802,0.22372447682180721,0.18982700620584778,-15.151435863210533,33.050588452545611,12.891513877533967
flow10,168,10,203.19999999999999,128,3354742446792.6094,2980671004337.8115,4410219222312.1592,3305812404750.3696,164180694.33147773,231624771.18223855,43407669.510946453,51653318.824224621,0.2643896085815497,0.22300429509581529,-15.653154338314057,41.079176285241246,18.99583508209027
flow10,169,10,177.79999999999998,128,2473397957587.8843,2177806637592.28,4294369029131.728,3466162050486.6108,138375393.3564274,169226293.86407873,48305613.376059942,54158782.038853392,0.34909106456257233,0.32003763009992592,-8.3225947072153623,22.295077007069867,12.116953400894513
flow10,170,10,203.19999999999999,128,2723285448597.6426,2323353169373.8086,4247359369586.9272,3047681412265.1851,133275096.36602686,180545301.86275697,41804718.204595745,47620022.066643603,0.31367239150053378,0.26375663933278287,-15.913339369450361,35.468145801903731,13.910640022944973
flow10,171,10,190.5,128,3172047321558.7583,2815296131621.8999,4084113508145.8555,3036874144376.8784,165628619.71174067,218790619.34902218,42877832.106518172,47451158.505888812,0.25887936626618374,0.21687930975776032,-16.223794547317581,32.097109623810439,10.665945955498566
flow10,172,10,177.79999999999998,128,2754085690696.1519,2492355929486.7271,3638371820182.3481,2882229542073.9468,154078598.47957644,193658318.37649602,40926567.156156905,45034836.594905503,0.26562136182450957,0.23254790691382615,-12.451353567163153,25.688006178331108,10.038148137549227
flow10,173,10,127,128,2698205698359.7466,2703318923882.6299,2947526549986.4077,2966251667143.2461,211284594.63594493,210082888.72791848,46417740.944667846,46347682.299113303,0.21969297394657752,0.22061617002581724,0.4202210305843489,-0.56876172638003386,-0.15093075218385957
flow10,174,10,114.3,128,2335248779203.9434,2449356056386.3828,2515925787417.2021,2748964161194.5718,203227583.54249692,190356519.05899096,44023198.380003542,42952565.018665262,0.21662019304971883,0.22564273202198229,4.1651421528336465,-6.333325555098428,-2.4319754146363639
flow10,175,10,177.79999999999998,128,3357276511560.0718,3090201238437.0137,3458407661945.4043,2699316777929.1641,187817403.04683051,240111441.62861207,38902223.418958433,42176824.655143268,0.20712789543394192,0.17565520563730358,-15.194809820619135,27.843020792243912,8.4175169139278712
flow10,176,10,215.90000000000001,128,3954647718199.1553,3517405683285.2676,3960060082480.1338,2800751550760.4224,182166960.27511024,273355033.34933358,36684206.414822921,43761742.980631679,0.20137683781637511,0.16009122804300602,-20.501667530908026,50.057415975163813,19.293143446464065
flow10,177,10,139.69999999999999,128,3413766810394.1963,3330810557824.5879,2745326233219.6865,2567799230314.627,243090832.04234549,258780270.68026832,39303167.261556,40121862.973666117,0.16168099360781132,0.15504220189659676,-4.106105215631124,6.4541465863220138,2.0830273210854333
flow10,178,10,139.69999999999999,128,2695400250306.5981,2592785046045.3657,3092233531118.188,2908698460877.1133,191945772.53324082,201472158.52622733,44269628.219301187,45448413.451204978,0.23063611995744607,0.2255816078194674,-2.1915527103522461,4.9630611121361055,2.6627403014644044
flow10,179,10,203.19999999999999,128,3799785754843.3989,3361506584278.5537,3802758523603.229,2641188176398.1206,186036716.06408226,261171877.87737507,37428725.626016036,41268565.256220706,0.20118999312546093,0.15801305099011098,-21.460780163367797,40.387275911391448,10.259071250707148
flow10,180,10,152.39999999999998,128,3184220991778.0791,2973693065083.231,3209246690814.2075,2827943841652.1392,207849274.03592259,231118340.44251812,42116098.304648399,44186622.525814757,0.20262807507987482,0.1911861362504223,-5.6467687535116609,11.195163665846595,4.9162299085474199
flow10,181,10,139.69999999999999,128,3952024376148.9219,3855030735126.6533,2952715989395.8174,2767281466349.6313,281459571.63736212,299508446.90740484,42272240.363576487,43238772.911713071,0.15018938641049609,0.14436578787068616,-3.877503383556633,6.4125995662699413,2.2864474175572411
flow10,182,10,203.19999999999999,128,4157601770115.3228,3661947984730.1958,4274642321473.6787,3136245060548.8145,203575190.51092049,284544031.63015217,42073251.195607081,49003829.071075313,0.20667180067479846,0.17221879085051434,-16.670397079714085,39.773432566130012,16.472646345409743
flow10,183,10,165.09999999999999,128,4042629906972.0845,3751712434031.6973,3247627851275.415,2643814206004.4028,243558324.59484297,291586768.57145542,39341342.837982021,41309596.968818866,0.16152739966259,0.14167171292169128,-12.292457367836477,19.719483641754938,5.0030171540982513
flow10,184,10,177.79999999999998,128,3824702523447.1455,3459111446689.8198,4027299807951.4419,3220204116130.5439,214018529.78985798,268789983.50069362,45301460.156934112,50315689.314539842,0.21167073804971479,0.18719331970348516,-11.563912221291851,25.591921299812228,11.068581763667991
flow10,185,10,203.19999999999999,128,3862139525861.1475,3412603402479.6436,3937042395191.3999,2867781956785.1484,189031096.28655788,265217179.40154728,38750417.275505908,44809093.074768029,0.20499493489030499,0.16895245314001939,-17.582132831512311,40.303465732165378,15.63512401992069
flow10,186,10,152.39999999999998,128,3566351807874.0293,3340433319346.084,3376193389112.3389,2944759981093.0781,232787722.2953347,259581517.75792986,44306999.857117318,46011874.704579428,0.19033220231823744,0.17725404759936469,-6.8712254466566494,11.509969339621026,3.8478679507979487
flow10,187,10,203.19999999999999,128,3041019209219.5356,2649443987989.5176,3788520294171.481,2622626648422.3403,148856173.50484598,205880154.59092745,37288585.572553955,40978541.381599143,0.25050076657613418,0.19904075486547623,-20.542855981647389,38.308106236672188,9.8956711615287389
flow10,188,10,203.19999999999999,128,3278032081934.0273,2897268208609.6948,4125473808537.4058,2957087127776.5488,160481319.0290482,225137813.58804229,40605057.170643762,46204486.371508658,0.25302046005301071,0.20522756988327931,-18.888942878262981,40.289109629819791,13.78997984741939
flow10,189,10,228.59999999999999,128,3029023413411.4541,2558282376433.7744,4314590857984.8647,2857657063207.4819,131815385.70846406,198821942.06846467,37747951.51342839,44650891.612616986,0.2863698445408755,0.22457728331232865,-21.577886920187499,50.833638273607107,18.286926369323528
flow10,190,10,177.79999999999998,128,3551351584653.7808,3211610348171.4683,3642426969594.4834,2771998986595.0674,198652455.83691514,249590161.86313376,40972181.885202296,43312484.165548004,0.20625056817237961,0.17353442075693276,-15.862330807303968,25.641619083751081,5.7119298330337216
flow10,191,10,215.90000000000001,128,4257433496186.6509,3773484413867.4238,4191219356604.2173,2847371993925.9346,196171557.19465989,293157737.33464324,38825561.432183586,44490187.405092806,0.19791636457092099,0.15176194157313574,-23.320165110069183,49.439471005342803,14.589939627282899
flow10,192,10,177.79999999999998,128,3572250588846.1904,3213260197010.3945,3718181905585.0308,2959990166837.0151,199817771.26926333,249724830.46671301,41824318.398031846,46249846.356828444,0.20931230556901628,0.18520323457780183,-11.518229148388508,24.97628658373819,10.581231513876514
flow10,193,10,203.19999999999999,128,3939118880716.8931,3591849441811.1943,4305099279991.748,3081831979031.8569,192823919.88012424,279147637.57780945,42373024.409367606,48153624.672372855,0.21974983412696042,0.1725023542746284,-21.500575888960537,44.768158302845094,13.642170563891362
flow10,194,10,190.5,128,4617953592694.0479,4244505634593.7339,4216638393084.1108,3228840008922.4766,241130877.52980381,329810458.96346414,44269169.48119802,50450625.139413789,0.18358979959224153,0.1529685422893233,-16.679171376039935,36.776534943227887,13.963342277837748
flow10,195,10,203.19999999999999,128,5222686319736.7979,4811066671835.7354,4096627604130.1211,2976351968213.376,255622593.11709526,373872527.06437588,40321137.835926391,46505499.503334083,0.15773698773744987,0.1243886515772967,-21.141735136758683,46.259578429795852,15.337765746028589
flow10,196,10,165.09999999999999,128,3576743895887.7095,3292141206622.333,3880568182999.8091,3250079105064.2241,215459657.1234771,255822181.41886228,47008699.975769952,50782486.016628593,0.21817866325123633,0.19850696970440382,-9.0163232525539101,18.733216618948738,8.0278460004292658
flow10,197,10,152.39999999999998,128,3731360342042.2808,3550012150191.0508,3754814228410.167,3315389587330.4209,243484425.70929039,275860540.39799386,49275777.275723986,51802962.302037917,0.2023775324938322,0.1877867788821842,-7.2096706743337098,13.296996140262015,5.1286558346365529
flow10,198,10,165.09999999999999,128,2449663335483.3267,2291158491218.748,4033552318770.9067,3404386288430.2588,147591990.37341365,178043487.69067982,48861929.966940127,53193535.75672289,0.33106085122449724,0.29876709587456285,-9.7546282595750107,20.632215366309957,8.8649911960364989
flow10,199,10,215.90000000000001,128,4493581638176.9434,4100099309793.6758,4712290407465.9453,3320925226165.7617,206986083.32117319,318630813.20633626,43652528.091393664,51889456.65884012,0.21089595682459258,0.16285134553273095,-22.781191263814286,53.938278406827855,18.869304774745476
flow10,200,10,215.90000000000001,128,2960423124354.5396,2530121291392.7788,4449226584655.5566,3113994671436.6016,136381510.27473429,196597798.70391336,41215623.757809699,48656166.74119699,0.30220829549975448,0.24749090306181779,-18.105853893736395,44.152824167936053,18.052724440394837
flow10,201,10,165.09999999999999,128,4263518558072.2363,4004485144563.0781,3613884259925.3931,3089671617930.6787,256856025.26667741,311128025.1625784,43778125.498793386,48276119.030166946,0.17043838256603605,0.15516480395792215,-8.9613491856484728,21.129346621148482,10.274522904132875
flow10,202,10,139.69999999999999,128,2234023904344.8213,2168354647934.231,2960599097876.1787,2765151152979.3892,159116444.74644682,168470071.70942658,42385098.036881588,43205486.765303031,0.26637785996552737,0.25645793538820882,-3.724004907390694,5.878479108733754,1.9355593508538711
flow10,203,10,190.5,128,2061987488004.6497,1840205789535.6711,3853192500283.9526,2868162583568.0088,107694822.70392925,143000433.22765964,40453464.569910273,44815040.368250221,0.37563054150823472,0.31339094124913419,-16.569366273891255,32.783015596572653,10.781711392858389
flow10,204,10,152.39999999999998,128,2683621600573.6987,2417409837031.8921,2907299522608.7354,2475654851194.8198,175168966.37085164,187878609.08508995,38153537.042109393,38682107.049919128,0.21780991138198663,0.2058888302308011,-5.4731582578346512,7.2556474914230122,1.3853761637521638
flow10,205,10,228.59999999999999,128,2524720070778.3936,1990130996150.354,4008776298097.6768,2465875683404.1938,109869388.41807771,154662945.87723339,35072408.557285018,38529307.553190596,0.31921911154931182,0.24911789526997602,-21.960219091865625,40.769825066019415,9.8564630662855723
flow10,206,10,190.5,128,2076944265330.4639,1756636676935.1343,3640153145610.9233,2689544176115.0239,108412006.23673642,136506366.43671492,38216830.925049067,42024127.751797326,0.35251474676703232,0.30785470926207631,-12.66898418138253,25.914436209795426,9.9623562042994571
flow10,207,10,190.5,128,2336491792652.0054,2023712140508.9624,3849616712550.8159,2787242321120.062,121959826.76346366,157256454.64642686,40415923.491347156,43550661.267501049,0.3313871835004511,0.27694037338829575,-16.429968575438654,28.941192210300226,7.7561948493519477
flow10,208,10,152.39999999999998,128,2254796471051.353,2109864118570.6968,3224304324086.0264,2767457021384.1641,147190888.16287968,163925656.5762358,42313705.040499039,43241515.959127642,0.28747503034070426,0.26378735862508257,-8.2399058059226853,11.36943232167852,2.1926960017814143
flow10,209,10,215.90000000000001,128,2976771498453.0898,2623534949565.3989,4317963136549.4673,2942894450696.1851,137161954.68168092,203866842.79409736,39999658.513658807,45982725.792127974,0.29162356723836541,0.22555274394752794,-22.65620159458269,48.632208739822971,14.957795893247717
flow10,210,10,152.39999999999998,128,3080839616537.8501,2864596487601.9424,3124642420252.3706,2757072961963.0752,201101079.15623301,222639247.48181665,41005806.040057369,43079265.030673131,0.20390644452086928,0.19349357994120733,-5.1066873360131693,10.710120709422394,5.0565009954694258
flow10,211,10,165.09999999999999,128,2650145651558.7925,2455912100198.5801,3708476047307.7593,3031376665744.8521,159655045.16785774,190866034.88688955,44923998.150305994,47365260.402263403,0.281381638162915,0.24815971280763946,-11.806714031581775,19.549015620657194,5.4342052187551806
flow10,212,10,177.79999999999998,128,2612383505120.1597,2342460220863.207,3751768764236.8091,2957245139062.6836,146167312.29086605,182044196.61808395,42202123.332247578,46206955.297854513,0.28872476801288749,0.25382273182151194,-12.088341582741412,24.545080404724555,9.4896456609015072
flow10,213,10,165.09999999999999,128,2203623917209.5347,2014597875395.8828,3252682534501.8423,2696340232952.2329,132741555.21141204,156568432.6964604,39402574.615406938,42130316.139878713,0.29683677091662869,0.26908563504341171,-9.3489549113210533,17.949825468821924,6.9227494677598838
flow10,214,10,139.69999999999999,128,2388671682989.6113,2333459338983.2275,2731246723048.5303,2554841940763.5796,170070707.71462277,181316591.80523217,39101599.470988266,39919405.324431002,0.22991378113508193,0.22016410592645536,-4.2405788641692244,6.6124756236564277,2.0914895157920927
flow10,215,10,203.19999999999999,128,2214636462369.3853,1888858352785.3872,3819482521012.7368,2661717311878.9155,108428138.14168765,146754638.3364293,37593331.899731666,41589332.998108134,0.34671195636142776,0.28339365262695282,-18.262509432604961,35.347374631351492,10.629547572517749
flow10,216,10,165.09999999999999,128,2513321655892.9736,2379046932215.9072,3203199999518.5063,2565761901901.0449,151403142.28019008,184877980.12845352,38803149.600466467,40090029.7172039,0.25629025273898531,0.21684588770035934,-15.390505341924749,22.109737845674399,3.316432119525583
flow10,217,10,165.09999999999999,128,2284573363473.1763,2120359286397.4578,3254188667177.2095,2673891696009.2163,137626042.03650546,164775119.27460998,39420819.711413808,41779557.750144079,0.28643430507837603,0.25355501445892048,-11.478824301599943,19.726700583965933,5.9834829818298481
flow10,218,10,101.59999999999999,128,2107347885651.53,2348627287368.0151,2484775572022.6885,2978351050891.2017,206270062.58583108,182490472.40155169,48912904.96107655,46536735.170175113,0.23713041217856515,0.25500912216269445,7.5396107230084777,-11.528376869709076,-4.8579608853580121
flow10,219,10,203.19999999999999,128,3376901997742.6133,3087788061715.3765,3742105185931.2812,2700552848588.0063,165324344.57263407,239948723.69785851,36831743.956016555,42196138.259187676,0.22278475714648782,0.17585481434908865,-21.065149787847155,45.138167230077087,14.564594903725251
flow10,220,10,177.79999999999998,128,2987710904534.0361,2725657311773.9341,3319020346773.8574,2577111555603.8657,167170629.31096253,211791517.40231505,37334312.112191878,40267368.056310475,0.22333057108222307,0.19012738824576891,-14.867280675259556,26.69182276532019,7.8561938821976556
flow10,221,10,177.79999999999998,128,2352858147252.6489,1989359430290.7927,3425808067480.749,2596834446816.3745,131641529.54512212,154591003.89467561,38535523.818681099,40575538.231505923,0.29273075109228708,0.26247024218272391,-10.337318097483772,17.433308796132771,5.293854113476133
flow10,223,10,177.79999999999998,128,2579652179523.9541,2382833051755.1104,3455670393209.9526,2715419268571.0811,144317151.35190773,185153073.1936197,38871432.994487666,42428426.071423218,0.26934728568541566,0.22915323704648768,-14.922759862474591,28.295958906600298,9.1506610457092403
flow10,224,10,177.79999999999998,128,2330439488637.6597,2077273556997.4707,3327975874497.9946,2624250930040.2817,130350852.59382202,161426886.62061548,37435049.206951573,41003920.781879477,0.28718683815287765,0.25400923997404873,-11.55261793758374,23.840299782025603,9.5335030954498521
flow10,225,10,139.69999999999999,128,3105101060372.8086,3030709778589.9526,3081028676148.3862,2869457584411.0977,221037817.37404779,235537565.97624731,44109215.120234594,44835274.756423481,0.19955506095860268,0.19035296798874485,-4.611305233580012,6.5598497010412258,1.6460497748821097
flow10,226,10,139.69999999999999,128,2826080592801.0498,2748735293000.2959,3241054466659.9028,3062630220738.4746,201208963.05753607,213606811.19659743,46400207.11037799,47853597.199038751,0.23060705847934701,0.22402655107751085,-2.8535585359914322,6.1616778649747204,3.1322922443070147
flow10,227,10,165.09999999999999,128,3312698259291.7715,3109275719766.9731,3421434329391.9814,2824664054626.4658,199577774.80218226,241624747.68732008,41446811.985366225,44135375.85353861,0.2076724827022825,0.18266082541616549,-12.043799429110456,21.067963567994479,6.486780862956711
flow10,228,10,177.79999999999998,128,2797101489381.6484,2582710795539.5659,3519280567153.0815,2716095218017.4263,156464770.66685101,200694523.17534587,39586958.010720834,42438987.781522363,0.25300876256042615,0.21146061741028985,-16.421623002173035,28.2681860715279,7.2044681231357819
flow10,229,10,165.09999999999999,128,2840106481461.8066,2598139148042.1108,2913735764427.853,2385163897455.0088,171095595.76556593,201914273.58925453,35296617.376473092,37268185.897734582,0.20629763857180922,0.1845743009409411,-10.530095148571727,18.012548882857363,5.5857151982377697
flow10,230,10,152.39999999999998,128,1813184949564.7324,1708102697754.2502,2883014988591.7534,2473890118427.2754,118344949.27974503,132731414.2382302,37834842.369970523,38654533.100426249,0.31969967962499291,0.29122369653236702,-8.907104044029122,12.156382715140884,2.1664970146837828
flow10,231,10,215.90000000000001,128,2414006654416.4941,2065807207100.3193,3883272039721.5005,2537079180379.1201,111222684.75822799,160527532.97706196,35972876.699597046,39641862.193423823,0.32343111279676118,0.24694743299324431,-23.647595044938662,44.329849010578315,10.199310787585345
flow10,232,10,152.39999999999998,128,2650899162415.4805,2528689101943.1226,3042277337094.8213,2668916774284.167,173063101.13567978,196501738.62737903,39924899.436939918,41701824.598190188,0.23069562012320111,0.21222114821725949,-8.0081589308351333,13.543405461874617,4.4506690970051572
flow10,233,10,165.09999999999999,128,1979320317060.0857,1827608517595.3137,3086182523079.855,2500194993714.915,119241927.11295436,142003173.5522508,37385615.058508247,39065546.776795618,0.31352743085990181,0.27510333607031145,-12.255417232299516,19.088291333748224,4.4935243559810072
flow10,234,10,203.19999999999999,128,2569968298948.8608,2145109117153.7229,3682735655288.0259,2621010685435.5483,125812826.15528478,166689840.83303583,36247398.181968763,40953291.959930517,0.28810574636667274,0.2456855904071035,-14.723814604371352,32.490339758601792,12.982707763843573
flow10,235,10,177.79999999999998,128,2693384899545.1724,2422804549320.4785,3262604411275.1572,2549575589688.7856,150629445.6037735,188273562.74441129,36699712.162825175,39837118.588887349,0.24364235037658394,0.21159167547579577,-13.15480451212578,24.991207389596035,8.5488584001489727
flow10,236,10,177.79999999999998,128,2508097150761.98,2234183055624.7241,3263477929960.021,2551668982843.8862,140319265.05663475,173598051.69827759,36709538.019797765,39869827.856935792,0.26161438349168448,0.22966748455352262,-12.211445912023908,23.716477297832959,8.6089065883467555
flow10,237,10,190.5,128,3281659038518.8032,2973972404422.4019,3776081884403.9165,2770096057057.3848,171316322.21504804,231116169.16469222,39643904.298203856,43282750.891521715,0.23140763113301077,0.18727703495586517,-19.070501677526693,34.906100117290222,9.1788300313365543
flow10,238,10,177.79999999999998,128,2718462242372.0601,2411363047562.6201,3503165510515.0723,2715119596946.2104,152034739.78072792,187374776.37177119,39405686.282509252,42423743.702284612,0.25918869818399465,0.22641117723397017,-12.646199922944229,23.244711466611136,7.6589388600877255
flow10,239,10,190.5,128,2741829690643.2192,2430245644942.8701,3476542482686.8989,2529383479334.8232,143162298.58029002,188837169.87438658,36499133.676502883,39521616.864606686,0.25494934098192756,0.2092893940896077,-17.909419462102683,31.904259534140284,8.2809724057905303
flow10,240,10,190.5,128,2829317839625.665,2494474599103.438,3510810345928.209,2497012496591.6035,147689407.05855814,193857987.56943795,36858901.269587502,39015820.259243876,0.24957037883545111,0.20125980233478286,-19.357496160440096,31.260590336430965,5.851826601885338
flow10,241,10,190.5,128,2772996223192.6113,2396240806064.3325,3614363523559.5186,2592200569697.9658,144779581.84521279,186204513.03217557,37946073.738157682,40503133.901530787,0.26209547820580603,0.21751961454624877,-17.007490539212895,28.612412509418032,6.7386686196252903
flow10,242,10,165.09999999999999,128,2621535666070.9707,2399362889407.3462,3113774329190.5322,2547037600891.23,157963099.33546606,186432674.73971426,37719858.621326864,39797462.513925537,0.23878905124051308,0.2134682805441068,-10.6038239881035,18.022927838220877,5.5079843046495238
flow10,243,10,203.19999999999999,128,2531462900019.3208,2190132469212.2759,3597126119507.645,2458393127292.9502,123931827.11882205,170170886.23398298,35404784.640823282,38412392.613952413,0.28567951803759217,0.22572834557102689,-20.985464018696781,37.310076184730441,8.4949195529386881
flow10,244,10,215.90000000000001,128,2984881180596.6162,2458019652920.2095,4109373082100.645,2778518117252.3345,137510355.70403746,191024892.97445875,38067374.544702597,43414345.582067803,0.2768327836096558,0.2272706185359443,-17.903286029734087,38.916732486388334,14.046072526189707
flow10,245,10,228.59999999999999,128,3235626907708.0298,2712893632251.0317,4189714408355.8643,2604235079391.3535,140787915.89320308,210805186.79145035,36655419.145720601,40691173.115489975,0.26035912892926233,0.19302738103757269,-25.861105069983232,49.732443622050624,11.009979053098712
flow10,246,10,177.79999999999998,128,3068591508419.769,2686514438964.9697,3625399849797.5532,2813336854183.6943,171629091.04981729,208787748.79205135,40780650.728881367,43958388.346620306,0.23760919829753291,0.21054103318294806,-11.391884366652439,21.650559071858236,7.792268051005931
flow10,247,10,165.09999999999999,128,2927913729920.3081,2701603551671.9434,3813026169633.1357,3281593124135.0161,176388870.74869412,209900785.60913473,46190504.780534662,51274892.564609721,0.26186745560803265,0.24428156576836688,-6.7155690648282054,18.998882819645647,11.007430657518366
flow10,248,10,203.19999999999999,128,2802831862028.1372,2385914703713.1113,4009725126026.7939,2888559660738.8457,137194805.17409202,185406892.10705501,39465798.484515697,45133744.699044548,0.28766248426415236,0.24343078181249089,-15.37624990092373,35.141335615284206,14.361666131632065
flow10,249,10,203.19999999999999,128,3012086907705.5571,2595314440388.3516,4039939592348.1743,2932897844222.104,147403979.84626803,201705172.09332401,39763184.964056842,45826528.815970458,0.26975652221552665,0.2271956060440912,-15.777529982178029,36.838348804210234,15.248637294508621
flow10,250,10,177.79999999999998,128,3798592429592.7236,3488069334108.4219,3739164622022.605,2960515211328.5396,212454751.42526269,271054155.32437646,42060344.454697475,46258050.177008517,0.19797318804373015,0.17065980826470081,-13.796504490798069,27.582063242171294,9.9801981575122944
flow10,251,10,215.90000000000001,128,2601652330867.6899,2214517385650.6128,4009924190202.1855,2839724372343.0479,119859073.9015253,172101124.6111947,37146124.967134655,44370693.317860201,0.30991500065863548,0.2578175675382775,-16.810232808879793,43.586229235002101,19.449049819106417
flow10,252,10,228.59999999999999,128,2773055815940.354,2178625589656.3093,4614668092004.3027,3070705177802.9546,120664110.2910963,169298675.68796638,40373299.142644823,47979768.403171256,0.33459244049656689,0.28340309342763287,-15.299014823217219,40.305742345044891,18.840346025851527
flow10,253,10,152.39999999999998,128,2269876574993.7515,2142279995559.1143,2991217921002.3276,2631726611049.9326,148117454.12688479,166469998.48351079,39254828.35961061,41120728.29765527,0.26502500053763395,0.24701585073738297,-6.7952645085246042,12.390534569210391,4.7533004626877666
flow10,254,10,190.5,128,2562670593851.0332,2219696885616.3638,3993095740614.0586,2932188462387.5195,133789083.79239534,172503649.23114365,41922264.993323453,45815444.724805079,0.31334593081133233,0.2655911624421079,-15.24027079131846,28.937013649650893,9.2866636192048677
flow10,255,10,215.90000000000001,128,2756447216715.7603,2189366476793.6953,4017673611286.0884,2723697100699.8149,127006089.62852962,170124550.26203102,37217912.10084381,42557767.198434688,0.29304037475446748,0.25015653021792517,-14.634107867379642,33.949915913178081,14.347540730179254
flow10,256,10,177.79999999999998,128,2813628102371.1455,2471523964316.0308,3622343304670.2788,2801162189026.1729,157430218.5015958,192089265.60167587,40746268.8939289,43768159.203534029,0.258821141720742,0.22785322785445736,-11.964986191003602,22.015498314085583,7.4163607899210229
flow10,257,10,203.19999999999999,128,3005355175170.8301,2642753855996.7354,4075735629437.0146,2948419387625.4692,147120013.71371973,205344373.80327374,40115508.163750149,46069052.931648038,0.27267199853454854,0.22435020779183176,-17.721581608092489,39.57609751372955,14.841005487443212
flow10,258,10,114.3,128,1874352683748.0569,2035403818280.4343,2696184559916.3594,2931947368573.2939,163112877.67145306,158164979.0152868,47177332.6319573,45811677.633957803,0.2892311956324094,0.28964488800981703,0.14303172813122045,-3.0334200014130484,-2.8947270263313278
flow10,259,10,190.5,128,3447857292819.6675,3162157295685.8257,3985814471862.5254,3045141371123.5547,180048800.93865085,245715184.50131246,41845821.226903163,47580333.923805632,0.23241377342558117,0.19364018556839122,-16.682999155213686,36.471436199698175,13.703907651394553
flow10,260,10,177.79999999999998,128,3216528736472.0918,2964975178753.1567,3758725516279.6255,2911104037744.9028,179906698.20984694,230434824.91984665,42280377.011019416,45486000.589764193,0.23501280070018682,0.19739204178702513,-16.007961609357473,28.085739559881556,7.5818235440741315
flow10,261,10,139.69999999999999,128,1926929427491.9739,1878555319400.1797,2794637536589.4683,2612276189483.3784,137156234.07633388,145984305.02032149,40009127.223900765,40816815.460677862,0.29170476641720716,0.27959728585203752,-4.1505940111561497,6.4365072455068812,2.0187599500910829
flow10,262,10,165.09999999999999,128,2129894943031.1797,1957683491403.582,3115204363742.0352,2533213129305.6455,128315695.55779006,152109856.08446148,37737181.874524966,39581455.145400785,0.29409638244550618,0.26021624215739536,-11.520080596159168,18.543452866960575,4.8871515552167466
flow10,263,10,203.19999999999999,128,2536881420245.373,2184430613450.7456,3817148609617.5459,2709785514848.2012,124178913.34207736,169732241.77420273,37570360.330881365,42340398.669503219,0.30255024238604644,0.24945407087611124,-17.549538579508337,36.683626234221421,12.696280516375753
flow10,264,10,177.79999999999998,128,2585490061683.8716,2353853802670.9795,3342847801966.0884,2558558427611.6597,144603414.86732581,182920198.2787939,37602337.479933508,39977475.431432255,0.26003768662333315,0.21855145471962284,-15.953930540769454,26.497841317664513,6.3164635782715362
flow10,265,10,152.39999999999998,128,2273305273525.5811,2090480971081.7759,3250265862381.8516,2849072605187.3872,148366932.42426449,162461639.91879267,42654407.642806455,44516759.456053004,0.28749268415709722,0.27401397325734833,-4.6883665715763394,9.4998981674861884,4.3661415458916313
flow10,266,10,152.39999999999998,128,3395809374357.4614,3229578957982.0039,3204474178790.8452,2782231611102.54,221578929.60255966,251006042.91047978,42053466.91326569,43472368.92347727,0.18979000841233368,0.17319251926927315,-8.7451859462491726,13.280646025640962,3.374042889586327
flow10,267,10,177.79999999999998,128,3009796441030.3682,2730334827909.2578,3647092433669.5605,2814595328945.4272,168365669.87157127,212198817.9025526,41024661.796058059,43978052.014772378,0.2436640547170425,0.20724927899913317,-14.94466459576747,26.034492699382895,7.1990604904830722
flow10,268,10,190.5,128,2753529617552.0039,2417469083943.6416,4007062753746.4263,2885459789841.2881,143830612.71191204,187824989.93663704,42068900.301799759,45085309.216270208,0.29248919620513875,0.24003892789495043,-17.932378012828227,30.587631099677154,7.1701634528854168
flow10,269,10,203.19999999999999,128,2609369731590.3716,2137232558233.8767,4345576482720.4033,3127408550606.2085,127710552.50415865,166094937.52953643,42771422.074019723,48865758.603222094,0.33490906769530226,0.29420378086196858,-12.154131004409546,30.055766162414706,14.248617964246277
flow10,270,10,228.59999999999999,128,2597815684937.2412,2041098416894.7532,4009315959138.8657,2492494725616.6465,113033973.66559006,158619779.49067479,35077130.001214929,38945230.087760173,0.31032378022018658,0.24552568546503212,-20.880802208963082,40.329296004358746,11.027413264458264
flow10,271,10,190.5,128,1920944711321.9175,1583159387269.55,3374127594158.7417,2405088469562.0439,100342284.35380378,122997038.76099588,35423911.74969808,37579507.336907007,0.35303074848081456,0.30553180560655907,-13.454619202054241,22.577475241954961,6.085142720657605
flow10,272,10,190.5,128,1843505519079.2732,1464773214765.4856,3484740081482.1235,2505999179333.7578,96258738.790199354,113820087.70079894,36585197.705849074,39156237.177090034,0.38007144250651681,0.34401868745718056,-9.4857837283363047,18.243900898052914,7.0275401869153056
flow10,273,10,88.899999999999991,128,1039470206477.0376,1202458986415.269,1748335953902.3938,2267367333663.627,116296470.63323604,93456291.321280316,39332642.38250605,35427614.588494234,0.33821011221010594,0.37908217935486643,12.084815228519712,-19.639615190031648,-9.928211168819546
flow10,274,10,152.39999999999998,128,1321675262187.8079,1225557469865.4092,2414276102232.4746,2012487094515.1987,86247714.70705156,95231847.016524926,31683413.415124346,31445110.851800036,0.36735365711126405,0.33019532684631836,-10.115138245021249,10.416661287767232,-0.752136647027287
flow10,276,10,203.19999999999999,128,2004054788246.3508,1679383619482.7053,3460080705138.46,2325208794784.894,98102138.860315427,130486261.84561028,34055912.452150203,36331387.418514036,0.34714750206049383,0.27843074745677732,-19.794685024621593,33.010618689369849,6.6815856705086301
flow10,277,10,139.69999999999999,128,2294097729003.1792,2208597670112.3096,2594266344284.3882,2416948809763.2051,163391283.53183705,171596748.81393251,37140534.635424308,37764825.152550146,0.22731037930911055,0.22007890833351207,-3.1813201832568696,5.0219724729052722,1.6808872657702529
flow10,278,10,165.09999999999999,128,1874137845967.9612,1665943872676.1917,2951447151660.0049,2401734439446.9717,112907588.26551048,129465413.10328405,35753448.23331321,37527100.616359003,0.31666116319158594,0.28986197716312762,-8.4630479337449778,14.664935361861259,4.9607869189892435
flow10,279,10,177.79999999999998,128,2035487159765.2395,1820333797003.2024,2954686003654.064,2206154050888.5845,113874153.59419274,141445241.62324408,33236063.033229072,34471157.045134194,0.29186660874486636,0.243706728127003,-16.500647616035469,24.211892829785548,3.7161260967350085
flow10,280,10,139.69999999999999,128,1693269689560.676,1652485907838.916,1971045440387.9661,1839917301000.8582,120516095.80697264,128419554.95298007,28218259.704910036,28748707.828138459,0.23414515310972617,0.22386549960140104,-4.3902909677177187,6.5580112706822087,1.8798045264858207
flow10,281,10,101.59999999999999,128,1083759073593.8511,1202013993111.3113,1621418856516.2747,1994433585276.5591,106166155.05499344,93390342.676701754,31917694.025910921,31163024.769946292,0.30063906910236832,0.33368573105921995,10.992138199310071,-12.033790214662938,-2.3644228663636713
flow10,282,10,88.899999999999991,128,663736169556.86914,849726407303.91736,1308924676700.9229,1809311389309.0015,74259149.969001234,66038157.508840375,29447124.335228864,28270490.4579532,0.39654540009576306,0.42809326493048649,7.9556753973453835,-11.0706794564611,-3.9957513809523553
flow10,283,10,114.3,128,1173083588794.5427,1227775946345.0552,1758943873380.4246,1947873469158.0281,102097744.39361295,95406697.700507224,30777670.575335518,30435522.955594245,0.3014529925037297,0.3190082424939904,5.823544773748929,-6.5535695551804052,-1.1116748387561892
flow10,284,10,114.3,128,1045873271376.1025,1097023008869.7095,1706315471690.5154,1837704974927.0662,91013002.03509365,85257298.852722004,29856788.656002022,28714140.23323546,0.32804970705712533,0.33679392403502945,2.6655158623206554,-6.324044975631403,-3.8270975352764851
flow10,285,10,127,128,1297055981734.9912,1302828922581.9771,1903710742899.3911,1917454264808.0264,101606404.85754721,101225761.43881942,29979696.738573093,29960222.887625467,0.29505715491660994,0.29597429015867016,0.31083307988902098,-0.37462541781834496,-0.064956797653560286
flow10,286,10,165.09999999999999,128,3431060710387.0605,3119212288977.8384,2949986160910.1855,2333974305863.5825,206700394.88897723,242346849.71928081,35735749.980741203,36468348.529118545,0.17288670396559022,0.15047997764922946,-12.9603525328474,17.245470116034358,2.0500438602020563
flow10,287,10,203.19999999999999,128,2638619518264.5342,2142642818527.8264,3598832688481.208,2419931246360.73,129186259.90816037,166485292.1721445,35421581.579539455,37811425.724386476,0.27419000754972678,0.22711571233145181,-17.168494081513032,28.872290513325744,6.7468589438351465
flow10,288,10,203.19999999999999,128,3197195483224.0913,2754556321291.9824,3963044609315.1182,2655822025299.7593,156467819.54023233,214053639.83456069,39006344.579873219,41497219.145308815,0.24929307952580995,0.19386364640835579,-22.234645752256192,36.80361908508695,6.3858190052519195
flow10,289,10,165.09999999999999,128,2191374567289.7312,2007742268621.0571,3420042230802.0874,2810265581356.3047,132014253.5441018,155991310.87291387,41429948.283489861,43910399.708692342,0.3138293568402401,0.28149260021582961,-10.303929801211057,18.162476160804928,5.9870975658228369
flow10,290,10,165.09999999999999,128,2771338517105.3267,2557134678909.2495,3438191373890.9819,2835915372484.3154,166969546.70528367,198691686.01523516,41649804.650405601,44311177.69506751,0.24944551549823193,0.22301475508980204,-10.595805002001425,18.998757519503794,6.389881217932655
flow10,291,10,190.5,128,2894664391045.231,2571917980848.9346,3806966536526.2705,2825822868240.5024,151147678.45898005,199845523.29646361,39968152.614449039,44153482.316257931,0.26443113795688228,0.22093806049764667,-16.447789694997088,32.218718364701616,10.471661630654998
flow10,292,10,165.09999999999999,128,3541383231124.5669,3303908111294.2563,3559551477588.4014,2954141146759.54,213342379.13910091,256756446.30024204,43119945.216092087,46158455.418117896,0.20211617302710186,0.17977525426622321,-11.05350374800682,20.349481118720821,7.0466467125562477
flow10,293,10,190.5,128,3022842992018.9829,2630402352731.9966,4072488294636.3623,3073691559289.8652,157840647.08955312,204389929.45197314,42755782.620854206,48026430.61390423,0.27087941800312126,0.23497454469834494,-13.254928546975316,29.491314956412733,12.327333684401456
flow10,294,10,177.79999999999998,128,2753461732380.2856,2482808137458.5039,3734186037845.229,2904115804924.9551,154052284.79294217,192906482.09026092,42004342.38296096,45376809.451952502,0.27266289779095421,0.23522698128267508,-13.729743508037012,25.221435274096528,8.0288533938804889
flow10,295,10,165.09999999999999,128,2898919806502.6523,2659542742312.79,3361513412412.6719,2705471588366.4253,174652656.1802997,206691590.38566649,40720937.76393304,42272993.568225473,0.23315384177092316,0.20452207798753766,-12.280202447410925,18.344372714430374,3.8114441599797955
flow10,296,10,190.5,128,3123044309953.4341,2771271524026.4292,3829318694576.1357,2760279822193.7075,163081246.20489365,215319191.42334023,40202820.940431878,43129372.221776761,0.24652019699384353,0.20030435715774109,-18.74728334622279,32.031853100273317,7.279467492296436
flow10,297,10,165.09999999999999,128,3569352961449.3667,3349116608779.2998,3382747744747.3364,2789916737803.2583,215053187.2256681,260229400.95741501,40978167.713474706,43592449.028175987,0.19054899042474491,0.16751546469305223,-12.087980986070614,21.006995671420032,6.3796930428434857
flow10,298,10,177.79999999999998,128,2990927557099.7041,2738561745631.6362,3869319285409.2812,3034264466049.7837,167300827.20219201,212832707.50584462,43524401.410678089,47410382.28202796,0.26015652246642224,0.22275891162417327,-14.375042565798356,27.215573924583708,8.928281022600121
flow10,299,10,152.39999999999998,128,2909873592151.0254,2758641652577.2759,3269644287553.708,2831135112639.6318,189863045.38727334,214393256.93239051,42908717.684431873,44236486.134994328,0.2259982588866031,0.20633338365182083,-8.7013392632592463,12.919950533333985,3.0944025415240861
flow10,300,10,203.19999999999999,128,3314748412795.7319,2946638023354.9287,3889054613142.1416,2648190423609.1904,162218113.55727735,228980104.45406303,38278096.586044706,41377975.368893676,0.23596684578956806,0.18070554849098142,-23.419093946726694,41.155694288858058,8.0983096321960595
flow10,301,10,215.90000000000001,128,3509184006339.6851,3097066337615.0737,4182147093333.002,2787635766070.0713,161686721.29200441,240620008.62823725,38741520.086456716,43556808.844844945,0.23960854532073766,0.18101906442926402,-24.45216668422503,48.818657899358477,12.429271612580736
flow10,302,10,165.09999999999999,128,2125067003827.6465,1937400016465.6919,3132374485899.5415,2615877663193.8408,128022272.39143135,150564960.02966949,37945178.508777007,40873088.48740384,0.29639513344020846,0.27146481146310281,-8.4111779055693656,17.608410800046816,7.7161581357420266
flow10,303,10,215.90000000000001,128,2105783487067.9771,1685533038249.7988,3561843363894.9961,2259857978705.4756,97008273.055944085,130987744.95067194,32995306.752153743,35310280.917273119,0.34012879224358061,0.26956934735055138,-20.744919719262882,35.027395936769331,7.0160710506753139
flow10,304,10,165.09999999999999,128,1607703735485.2024,1425315246648.6929,2841581199841.6875,2242128843018.644,96852364.597184777,110771175.22637233,34422546.33363644,35033263.172166377,0.35541255473526151,0.31626696295829926,-11.014127457067712,14.371162425488304,1.7741768218150877
flow10,305,10,228.59999999999999,128,2156124878643.9363,1766127078634.001,3673042277798.5347,2202773966414.1328,93818208.031035021,137236766.04303679,32135103.042856824,34418343.225220889,0.34252522742948305,0.25079535329787256,-26.780472439944663,46.279457818719933,7.1051279322771528
flow10,306,10,203.19999999999999,128,2112601790182.2168,1780441057340.1997,3566764281391.0605,2535087816284.8105,103387115.52833766,138363327.10555848,35105947.651486821,39610747.129450239,0.33955824642253934,0.28628067825537967,-15.690258955119635,33.83033891455662,12.832012178348442
flow10,307,10,139.69999999999999,128,1792690356322.366,1702100455498.6675,2574963859581.6807,2382645714058.1323,127628453.84658094,132264998.42831935,36864192.692651115,37228839.282158382,0.28883992230262906,0.2814715890412568,-2.551009293532549,3.6328455309126366,0.98916201026683337
flow10,308,10,165.09999999999999,128,1773567571425.0107,1540125694314.155,3259371564135.167,2783423374915.458,106853003.16683255,119678437.23900315,39483604.65336363,43490990.233054109,0.36951328912783843,0.36339871439163823,-1.6547645013342864,12.00287656131283,10.149492719502973
flow10,309,10,203.19999999999999,128,2634894629312.1216,2290513845548.6772,3663914208204.2002,2590844643771.0425,129012287.99454191,177988795.66880926,36062147.71854528,40481947.558922611,0.27952490634125449,0.22744098810718941,-18.633015181294464,37.962668855496453,12.256063823132779
flow10,310,10,139.69999999999999,128,2087256885054.0312,2019650904687.2725,2599471398660.667,2443037691319.0952,148638457.39846972,156932761.82554564,37215052.235657364,38172463.926860929,0.250372971349476,0.2432408853499651,-2.8485846379782669,5.580187370244678,2.5726463720672319
flow10,311,10,165.09999999999999,128,2932480512914.6387,2767103787130.9463,3147350610039.9092,2598243272695.3428,176681680.85102418,215006476.34199247,38126597.335431978,40597551.135864802,0.21579258897576289,0.18882013149822399,-12.499251065831718,21.691436999223075,6.4809187630717471
flow10,312,10,152.39999999999998,128,2801472544764.3286,2633880791442.9668,3061710861319.9165,2633702588495.4556,182833725.06215408,204702509.27737585,40179932.563253507,41151602.94524157,0.21976215027941037,0.20103125794848151,-8.5232567605995868,11.961023168886101,2.4182976924075352
flow10,313,10,165.09999999999999,128,2738978553064.2285,2526215370410.562,3438854079313.3262,2757805876592.2983,165016596.3337433,196329791.68171033,41657832.577993058,43090716.821754739,0.25244632057336092,0.21948129447217754,-13.058231954544864,18.975785492894676,3.439651453490749
flow10,314,10,165.09999999999999,128,3159411115014.2744,2954209770835.5894,3251753928650.8682,2683199191340.5215,190316115.95969912,229580356.60624427,39391325.604492657,41924987.364695728,0.20697840225382735,0.18261574284685742,-11.770628791062395,20.631064504731508,6.4320296951725382
flow10,315,10,152.39999999999998,128,3569070649643.2017,3382964010549.1733,3206701801188.4727,2831674925640.335,232970244.66163656,262913695.81442302,42082700.802998334,44244920.713130318,0.18063551791396704,0.16828686149678745,-6.836228312009486,12.852907973838464,5.1380255280049143
flow10,316,10,139.69999999999999,128,2920937642555.2671,2842920220686.7031,3271394049932.0278,3084845681911.8086,208046214.35095581,220897482.0583128,46834560.485784218,48200713.779872097,0.2251161388919983,0.21820399821102537,-3.0704776276787049,6.1771216301383989,2.9169768647717969
flow10,317,10,165.09999999999999,128,3331269048590.1147,3054785142509.041,3412955165280.5752,2813526953503.4312,200688558.42172652,237359578.82293153,41344096.49037645,43961358.648491189,0.20601122861970064,0.1852099623132801,-10.097151716336755,18.272601432586207,6.3304374270797075
flow10,318,10,190.5,128,2220117638367.1929,1920663046057.8364,3543482005694.4277,2606687435422.04,115941670.55440615,149241116.69724092,37201910.820938878,40729491.178469449,0.3208674727822014,0.27291065679370136,-14.945988626604167,28.720861087825067,9.4822558295717805
flow10,319,10,203.19999999999999,128,2567639939344.9043,2187269325645.0557,3936884756408.4033,2790343353297.1338,125653859.75531985,169970371.21143723,38748865.712681137,43599114.895267792,0.30837783883547287,0.2565100881084269,-16.819545439099688,35.268722777328883,12.517138484906255
flow10,320,10,177.79999999999998,128,2459848517607.3442,2154954422824.6382,3865381630447.3438,3042404695829.291,137627600.57814935,167467865.60195735,43480108.328991503,47537573.372332759,0.31592578920463055,0.28386086609189543,-10.149511122045855,21.681890041281179,9.3317730780257406
flow10,321,10,215.90000000000001,128,2598683838721.4424,2155484993546.3774,4181637826856.5425,2935036145369.0503,119713148.54740779,167513424.76496246,38736802.472038381,45859939.771391496,0.32358018264550248,0.27376874322602757,-15.393847364888138,39.929010971276234,18.388552603160399
flow10,322,10,215.90000000000001,128,2608824214742.4414,2200319716026.6636,3951952043833.4399,2598975935633.0864,120182123.81894512,170980086.89317018,36609097.210129142,40608998.994267046,0.30461349863712595,0.23750718421169068,-22.029987090419908,42.267486594555777,10.925977663910261
flow10,323,10,203.19999999999999,128,3720681622647.915,3361241568247.4185,3774990610232.7021,2776350334777.8125,182086751.89046258,261198504.63218081,37155419.392054163,43380473.980903402,0.20405339216773796,0.16608239791415227,-18.608362179234149,43.447286483153519,16.754095878084723
flow10,324,10,203.19999999999999,128,3145417101237.6245,2831133378068.5347,3846144679791.9673,2669170735435.9717,153991445.71482474,220004361.40962386,37855754.722361885,41705792.741187133,0.24583024431413281,0.18956802707895207,-22.886613236769346,42.867910868924369,10.170284668901292
flow10,325,10,203.19999999999999,128,3487749032134.9199,3151246871026.9185,3650579382853.2334,2566139199498.2329,170720568.52302,244861066.59157422,35930899.437531829,40095924.992159963,0.21046614211975812,0.16374969508337378,-22.196656700155618,43.427982175772279,11.591765360255724
flow10,326,10,190.5,128,2507672166429.8911,2128805814959.3845,3736916962890.522,2755814349139.2803,130942780.75367267,165393058.37336987,39232724.019848004,43059599.205301329,0.29961731218807652,0.26034707640568311,-13.106797966915412,26.309413486875975,9.7542938479553261
flow10,327,10,177.79999999999998,128,2253367697332.916,1975778648745.3472,3417124127882.999,2667938720746.2695,126049291.14289223,153547553.80796474,38437841.708470188,41686542.511660539,0.30494294224071605,0.27148946028665549,-10.970407023768082,21.815483780785318,8.4518293920609615
flow10,328,10,139.69999999999999,128,2324405046061.9883,2240714241411.1333,2712479958515.457,2522862568582.3477,165542007.41389287,174119021.38979736,38832927.108310051,39419727.634099253,0.23458050143864001,0.22639529742044071,-3.489294279789207,5.1811706949161245,1.5110901224430979
flow10,329,10,190.5,128,2669958412111.8608,2408652627716.4043,3536159218626.0562,2641508629018.2515,139397504.79854533,187198007.77353042,37125031.166677758,41273572.328410253,0.26632493329296075,0.22048083106921978,-17.213597561784379,34.290788091268553,11.17451226668893
flow10,330,10,190.5,128,3091841851418.4932,2773651634837.5728,3863694015173.9722,2934227735855.8394,161505155.45995548,215498553.36774564,40563716.694739871,45847308.37274757,0.25116050679136043,0.21274995890348136,-15.29322757729056,33.431377316730668,13.025413124169791
flow10,331,10,190.5,128,2967270423233.9907,2653498520467.5513,3847470626554.2329,2815178695166.7476,154944250.419411,206173919.24742067,40393392.404768854,43987167.111980513,0.26069629750978146,0.21334981297606978,-18.161548509117289,33.063291273692691,8.896937081192954
flow10,332,10,165.09999999999999,128,2483230101992.3882,2285758956996.8809,3394945938955.1665,2752269198448.2739,149617381.20716131,177582614.41819784,41125935.056997783,43004206.225754358,0.27487404688666833,0.2421645067375891,-11.899828492198647,18.691166083381493,4.5671208840684514
flow10,333,10,152.39999999999998,128,2884345983636.1587,2734660561072.5405,3286092470413.5322,2881812317919.6929,188250497.69056627,212524029.40706381,43124573.1025398,45028317.467495285,0.22908079198507683,0.21187400593299049,-7.5112303842599122,12.894272267155845,4.4145233865361204
flow10,334,10,228.59999999999999,128,3156621419299.3608,2724257174203.0293,4264764252319.438,2821949637874.2988,137348259.32808289,211704593.50626886,37312023.204894476,44092963.091785997,0.27165996414827137,0.20827589218313464,-23.33213587944886,54.137077922896339,18.173605461314192
flow10,335,10,215.90000000000001,128,3232301020194.6416,2786578549672.7148,4267006533912.8711,2931017690580.6753,148897329.09749758,216558833.68701127,39527619.582333222,45797151.415323138,0.26546896322398528,0.21147671806135124,-20.338439758428155,45.441718128610027,15.861141903399792
flow10,336,10,177.79999999999998,128,3149897000054.3501,2802368440009.7437,3329839586194.3789,2563860381276.2339,176235553.97121039,217757819.70653218,37456013.343018889,40060318.457441226,0.21253380773063338,0.18396730143344431,-13.440923400475857,23.560663441444291,6.9529693151599927
flow10,337,10,177.79999999999998,128,2808963562428.5249,2578908014706.5137,3340944190793.5425,2565237321278.7227,157128313.46140411,200393844.89508426,37580924.530860998,40081833.144980118,0.23917347359610086,0.20001529071895829,-16.372293418822071,27.535159310615004,6.6547288161189444
flow10,338,10,152.39999999999998,128,2835807362251.8613,2711513201534.0542,2829253495560.2329,2451637485513.9722,185098624.68711802,210697920.53092113,37129310.965357393,38306835.711155884,0.20059204128674121,0.18180927279504941,-9.3636658619183777,13.830084306177287,3.1714155614068678
flow10,339,10,177.79999999999998,128,2546803252662.312,2268892510182.2412,3058319657519.3218,2274429565142.4912,142442355.1624451,176326885.1057404,34401795.92260205,35537961.955351487,0.24151381015407472,0.20154590681982468,-16.548910105286467,23.788240446215923,3.3026358138557921
flow10,340,10,190.5,128,2964462480484.5908,2562405495754.4824,3247012344306.9243,2430390142345.3799,154741225.50011924,199132090.51458845,34089368.444167189,37974845.974146627,0.22029920167680797,0.19070178932995527,-13.435097413686439,28.687161337257862,11.397915852689422
flow10,341,10,177.79999999999998,128,3438530419651.146,3093152010004.5449,3371807734913.1831,2592442235410.9297,192377330.21506494,240365550.41013366,37928096.005772598,40506909.928295851,0.19715470613596484,0.16852211083984064,-14.522907343828834,24.944841547297237,6.7992179784895104
flow10,342,10,190.5,128,2853659229931.4614,2489492184831.231,3530739201776.6836,2566821636059.4062,148970357.8674916,193465782.01870689,37068128.10264235,40106588.063428298,0.24882888537875614,0.20730584832593421,-16.687386188953678,29.868642854972361,8.1969608834101226
flow10,343,10,152.39999999999998,128,2937427586462.563,2783917288400.3281,3155214588924.979,2718042814812.3984,191669198.30903634,216357602.63857475,41407015.602690019,42469418.9814438,0.21603374964780589,0.19629270459420342,-9.1379449210069126,12.880736470620723,2.5657569455084368
flow10,344,10,190.5,128,3813128406859.5728,3514520008394.8169,3819722678914.0493,2847973165391.7646,199189127.80531406,273046136.21018392,40102075.36917638,44499580.709246404,0.20132662766801129,0.16297458490674913,-19.049662335031456,37.078835184748201,10.965779949259371
flow10,345,10,190.5,128,3363978374161.2363,2975952062500.1348,4051164290006.3164,3037643886805.0225,175610688.55069217,231252094.19793978,42531908.556496769,47463185.731328562,0.2421943043872265,0.20524434987690335,-15.256326776061012,31.684521088353932,11.594300237623683
flow10,346,10,215.90000000000001,128,2589710749905.1182,2188521321126.7134,4236796580086.3438,2868218621166.9673,119299786.7146247,170085235.0518153,39247768.226830423,44815915.955733947,0.32898439559422216,0.26349092525333601,-19.907774112686941,42.569605307571699,14.187170329590987
flow10,347,10,127,128,2657954796939.9111,2662960134972.3989,2767596690546.022,2785592773090.8345,208186909.6786696,206935797.68876085,43584199.85111846,43524887.079544365,0.2093512984000262,0.21033039022570382,0.4676788886242238,-0.60095612727995706,-0.13608778359291779
flow10,348,10,203.19999999999999,128,2941807939991.2437,2609160702644.6216,4046691412435.9702,2848792056250.3818,144006866.83917308,202776051.16901466,39829639.886180818,44512375.8789123,0.2765815322588927,0.21951495564834259,-20.632822497032539,40.80998748169074,11.756912706499742
flow10,349,10,177.79999999999998,128,3021260274964.8325,2759260015485.875,3599831455195.6846,2771680788003.2974,168997521.18532801,214430235.99012151,40493042.240671374,43307512.312551603,0.23960731469111565,0.20196551159206258,-15.709788804894437,26.883657515290153,6.9505028917125022
flow10,350,10,190.5,128,3241536299603.6792,2811592824901.1533,4265573372895.5273,3286616231160.9966,169207067.28042972,218491529.26429281,44782922.550084285,51353378.611890666,0.26466342848354435,0.23503601620075779,-11.194373341471572,29.126716026691202,14.671789351081587
flow10,351,10,177.79999999999998,128,3523482457389.3447,3267265911092.9307,3760688962221.7241,2937245658008.6733,197174187.86024907,253849859.32074636,42302463.017117262,45894463.406385608,0.21454361484222231,0.18079373189014328,-15.731012538825292,28.74396089850627,8.4912322665819229
flow10,352,10,203.19999999999999,128,3675951270765.7803,3295068794915.939,4142926631257.4922,3078265629164.9854,179900615.78050956,256062902.72758287,40776836.921825714,48097900.455702983,0.22666313144573172,0.18783626969531311,-17.12976499652509,42.335756671336938,17.953976047511141
flow10,353,10,228.59999999999999,128,3013477173335.3369,2584990779569.354,4645185208030.8291,3093587695687.4048,131093344.28169362,200882070.67538705,40640290.533953018,48337307.745115787,0.31001032704318754,0.24062529613817987,-22.381522437264366,53.235903604481457,18.939375457299644
flow10,354,10,215.90000000000001,128,4414295891965.1943,3911481650403.0977,4372459934749.7251,3132698144210.6401,203393141.83196056,303949225.01292443,40504492.2163013,48948408.503291339,0.19914384453417472,0.16104139927058531,-19.133127289330158,49.439269326023464,20.846863705630479
flow10,355,10,190.5,128,2571392967420.6465,2316909579662.9199,3993894475285.8081,3002272098405.7852,134242122.4047125,180063180.8548663,41930650.659168594,46910501.537590481,0.31235092166344236,0.26052245281283282,-16.593025746360578,34.133145118201199,11.876397814334869
flow10,356,10,203.19999999999999,128,2710386179134.4746,2385073905119.8843,3803904882887.5371,2632485582819.1357,132699940.61873998,185308050.14328843,37440008.68983797,41132587.231549069,0.28214035752590733,0.22196870130436061,-21.326851907750026,39.644410750489136,9.8626540722821598
flow10,357,10,203.19999999999999,128,3180486017871.0151,2842697305312.3115,3971666175016.8296,2854167211638.1416,155670331.30997542,220908687.76313916,39091202.510008171,44596362.681846045,0.251115303610221,0.20187690730236368,-19.607883549894961,41.908021846024837,14.082862174496775
flow10,358,10,165.09999999999999,128,2260430177231.877,2079294077977.3062,3545256564751.5776,2962567930365.6333,136185255.51417032,161596425.21213585,42946778.494870722,46290123.911963105,0.31535556718474589,0.2864551233184503,-9.1643994505303077,18.659266454378724,7.7848572914303453
flow10,359,10,190.5,128,2575897955381.9585,2265275952930.4277,3808134011943.7769,2889131278100.6406,134500648.82971379,176032183.18913534,39980409.574212886,45142676.220322594,0.29725068185232756,0.25644558513382559,-13.727503151287539,30.878315250362149,12.911990400016654
flow10,360,10,165.09999999999999,128,2476504713790.4072,2292005583609.3828,3742451236323.0234,3186051428146.3979,149182293.17772424,178104714.05166221,45335569.186226822,49782053.564787559,0.30389376795688167,0.27951002773765693,-8.0237710641978204,19.387301440313717,9.8079376930191966
flow10,361,10,127,128,2079407012334.832,2090818556063.168,2674901998058.7261,2691128755252.2979,162841912.24857467,162475284.56744221,42124440.914310649,42048886.800817229,0.25868304008865112,0.25880174275591478,0.045887301781740192,-0.22514331603574905,-0.17935932644687683
flow10,362,10,127,128,2109707532752.25,2115535932895.6826,2443578308926.6055,2462635206130.5576,165223399.07259429,164391799.51780444,38481548.17207253,38478675.095790036,0.23290616455097182,0.23406687686767857,0.49836049592956516,-0.50331827057041767,-0.0074661140701684833
flow10,363,10,203.19999999999999,128,3072801084058.7212,2711763844072.6543,4140115047969.335,3055405448476.4302,150426562.93285844,210728281.97727847,40749163.857965901,47740710.132444307,0.27089074604565638,0.22655103379807318,-16.368116258984394,40.08714808656179,17.157520823857723
flow10,364,10,139.69999999999999,128,2001683472729.1431,1901272839485.416,2850612706382.2485,2643755633547.2285,142517587.18118891,147734441.13132229,40810489.711986378,41308681.774175517,0.28635406000876368,0.27961443152890741,-2.3535997637505126,3.6604983660725088,1.220745121426015
flow10,365,10,139.69999999999999,128,2212154002255.0981,2131427382525.6472,2669289053756.3979,2449336120789.7715,157458134.07453546,165626675.25827017,38214589.173319943,38270876.887340248,0.24269682476505422,0.23106710816758536,-4.7918701073766261,5.187754339745954,0.14729378291891321
flow10,366,10,177.79999999999998,128,2799502054882.645,2575922834965.9819,3650101404629.4829,2835496367600.4199,156657308.17766523,200161881.73761734,41058508.488520622,44304630.743756644,0.26209124212677087,0.221343995965393,-15.546969761648441,27.770535614344606,7.906089078086195
flow10,367,10,177.79999999999998,128,2837337874874.3213,2581368096407.793,3582365569560.2168,2701320777883.3018,158703717.85659167,200595367.21679139,40296575.585604243,42208137.154426664,0.25391072200348297,0.21041431684117934,-17.130590161413892,26.396136099378577,4.7437320443311251
flow10,368,10,203.19999999999999,128,3082382054470.5347,2646540961919.9868,3940926323947.9604,2814384373968.29,150863679.61601874,205659881.22708768,38788644.920747645,43974755.843254611,0.25711055848215608,0.21382272313333733,-16.836272926466766,36.321665857903852,13.370178136161105
flow10,369,10,165.09999999999999,128,2565335227515.0874,2246204436937.9497,3428237061509.9956,2892259029976.6895,154542641.95903531,174572701.27220556,41529219.40048451,45191547.343385853,0.26872336899412319,0.25886949685747335,-3.6669204370035056,12.96086249028901,8.818677537817182
flow10,370,10,165.09999999999999,128,2849167946386.5913,2614744102009.9189,3146775817734.2437,2602628949465.9946,171662106.38996223,203147004.22941208,38119634.375944808,40666077.335406236,0.22206202159344945,0.20018054162138862,-9.8537695978114535,18.341204416964384,6.6801347944416474
flow10,371,10,190.5,128,2869113896497.4854,2484378252232.5903,4073262061133.9355,3208260399417.2896,149769345.92249489,193078337.82997108,42763906.153637126,50129068.740895241,0.28553176813476433,0.25963072452508873,-9.0711600249856996,28.917126959937743,17.222848073787802
flow10,372,10,101.59999999999999,128,1644402580813.4824,1851724947208.9607,2256203944978.8672,2766098104896.4844,161108353.56539997,143862132.22622639,44413463.483835973,43220282.88900765,0.27567449173767933,0.30042848816561957,8.9794294248650104,-10.704734396142092,-2.6865290414979093
flow10,373,10,177.79999999999998,128,3215163604858.1196,2921005980066.1392,3458174890916.1099,2646183967790.0835,179837030.3821454,227005855.73308316,38899605.072172225,41346624.496720128,0.21630475653157949,0.18213902175869903,-15.795184220968538,26.228650045380629,6.2906022310710759
flow10,374,10,152.39999999999998,128,2846389987674.9092,2683530542229.7402,3018895323181.4697,2606702423739.8535,185813560.74205539,208485837.10084161,39618048.860649213,40729725.370935284,0.2132139801983915,0.19535967496552248,-8.3738905001707344,12.201626333537446,2.8059850049562831
flow10,375,10,203.19999999999999,128,2800046350895.77,2530698838622.2822,3658486098748.2129,2533546621055.8843,137091914.83183318,196637597.2254779,36008721.444372177,39586665.95399826,0.26266116049617566,0.20131788891117056,-23.35452697655246,43.434860813409557,9.9363275509613569
flow10,376,10,190.5,128,2719154962055.8706,2338013289873.7437,3539562486933.7437,2494373104054.8794,141966037.80482075,181707991.00547349,37160761.017677106,38974579.750857562,0.26175810491215412,0.21449018028977906,-18.057864774899006,27.993986318961163,4.8810053494804242
flow10,377,10,203.19999999999999,128,2984219660408.7285,2624215961039.4678,3625989094658.1631,2548664821626.1025,146121037.91683981,203909228.78643239,35688869.041911058,39822887.837907925,0.24424182548047774,0.19529713331227921,-20.039439220499389,39.548166159674359,11.583496218784914
flow10,378,10,152.39999999999998,128,2488616445507.1763,2372228050717.3306,2837191434696.5938,2472842084844.3716,162394524.54180092,184343316.87054455,37233483.394968428,38638157.575693376,0.22927794825609651,0.20959890616933566,-8.5830505011236244,13.515721906679151,3.7726101687138152
flow10,379,10,177.79999999999998,128,2640017764793.8013,2350139879842.1792,3537818772102.1455,2758002477225.2568,147658574.97932824,182626868.62203088,39795486.750305355,43093788.706644714,0.2695101639432495,0.23596631225076029,-12.446228818128178,23.681857723195616,8.2881307044549484
flow10,380,10,215.90000000000001,128,2478775245728.9688,2036967808992.9307,3871874233411.2349,2481538895930.9878,114205076.96051151,158274247.99549571,35867292.574444048,38774045.248921752,0.31406040369681482,0.24498012620489731,-21.995857064046088,38.587751269781045,8.1041875922042852
flow10,381,10,177.79999999999998,128,2440701478598.5889,2110504711220.0979,3376709284621.897,2587301572890.4619,136561410.11910474,164026257.99620682,37983231.54805284,40426587.076413542,0.27814029977374288,0.24646411843004079,-11.388562308111959,20.111719594245596,6.4327215689102086
flow10,382,10,190.5,128,2449557594759.0205,2153009584015.3779,3765811165252.4404,2852144155398.1416,127914880.23670985,167299440.76191008,39536075.225747414,44564752.428096041,0.30908112607841143,0.26637717511272352,-13.816421438445989,30.789662979254693,12.719211944117708
flow10,383,10,127,128,2225538363224.4087,2234448989653.792,2586050094951.0347,2608765472110.1157,174285707.75237399,173654594.06212112,40725198.345685586,40761960.50172063,0.23366917959531228,0.23473010156667051,0.45402734463981476,-0.36211442601452998,0.090268820112297546
flow10,384,10,190.5,128,2762965056022.1816,2399497449837.4438,3813364217203.8613,2901143366979.0659,144283392.00934702,186443130.20729193,40035319.865657344,45330365.109047987,0.27747697990815023,0.24313239677240242,-12.377453130388142,29.220090830144681,13.225934652598539
flow10,385,10,177.79999999999998,128,2384906080630.8921,2099553223853.0168,3430942781955.7695,2655833827245.3481,133417231.54406597,163137191.54754114,38593282.13673532,41497403.550708637,0.28926759827113085,0.25437120228109078,-12.063707168934849,22.275953158013969,7.5249402310072142
flow10,386,10,177.79999999999998,128,3004054810786.5684,2759453234289.3643,3097667995781.3071,2367861339901.5449,168081989.80222937,214461870.53254676,34844409.401364543,36997833.435961708,0.20730602631705863,0.17251473814011575,-16.782574435984934,27.593605230928926,6.1801134574915064
flow10,387,10,165.09999999999999,128,2738683652224.0264,2579923240040.7827,3224982951159.7876,2640896407202.5146,164995525.22324786,200483088.96638641,39067025.453177325,41264006.362539366,0.236776272570529,0.20582287800572452,-13.072844769774949,21.508197689071849,5.6236196226282171
flow10,388,10,203.19999999999999,128,2974167103105.9136,2560363342335.373,3594064559746.2539,2501255928002.9727,145619338.9441793,198927143.35100347,35374651.178604864,39082123.875046521,0.24292550313090719,0.19646451065798898,-19.125613356404745,36.607640711278613,10.480591533532902
flow10,389,10,177.79999999999998,128,3879147046075.79,3435096873202.4478,3404012454700.9814,2755092211255.2891,216996465.95345536,266979096.77225274,38290353.821158402,43048315.800863966,0.17645611716723297,0.1612422707294813,-8.6218866662089333,23.033845550977038,12.426006826493257
flow10,390,10,165.09999999999999,128,2558467276441.0239,2306852200212.4053,3091759554962.4302,2438663692634.3857,154135070.93977302,179267659.4374319,37453174.49984774,38104120.197412349,0.24298930977546473,0.21255434648384791,-12.525227270179244,16.305561313478893,1.7380254311079975
flow10,391,10,215.90000000000001,128,3203153103553.6509,2805461972803.623,3912983490634.4946,2671443523968.1704,147556877.14548013,218003832.98462221,36248110.14946267,41741305.062002741,0.24565517277601859,0.19147050990129671,-22.057204113558768,47.742238248703664,15.154431196246792
flow10,392,10,177.79999999999998,128,2399943649417.5439,2182007962955.6711,3411273092721.5659,2654742205154.6348,134250979.461548,169543999.63136134,38372025.789893888,41480346.955541246,0.28582306023982756,0.24465830135971639,-14.402182541034572,26.288836261281741,8.1004875339836815
flow10,393,10,152.39999999999998,128,2276217364410.5991,2163183620521.3748,2902740020745.9341,2494827599204.4629,148534434.59099108,168124751.78346789,38093701.059657931,38981681.237569802,0.25646376993021114,0.23186164335739981,-9.5928273141684119,13.189074470456161,2.331042017999823
flow10,394,10,127,128,1760149487648.8137,1766273228254.0635,2455210859479.5669,2472106749839.7124,137908514.59777987,137230400.80454034,38664737.944560111,38626667.966245577,0.28036512507823469,0.28147311193284508,0.39519425046221729,-0.49171278163447829,-0.098461751814071297
flow10,395,10,165.09999999999999,128,2088890718961.866,1922393077469.637,3118432085969.6802,2554511273633.9355,125852953.11604157,149383261.45717466,37776282.083218426,39914238.650530316,0.30016206332788353,0.26719351459583018,-10.983582790753935,18.696667625619547,5.6595208670936072
flow10,396,10,165.09999999999999,128,2415842899687.6606,2177974310616.2236,3452686868259.9209,2869963182297.6758,145545568.12982854,169261181.08628896,41825401.190307952,44843174.723401263,0.28736980265176576,0.26493478561124018,-7.8070196776076362,16.294287253944951,7.2151693640959236
flow10,397,10,190.5,128,2839512790851.4634,2510828119411.7725,3605939825016.7075,2640184432675.4243,148237011.67682487,195133941.23343459,37857635.958180659,41252881.760553584,0.2553858549220826,0.21140802824867683,-17.220149756071361,31.636450995687138,8.9684570006523252
flow10,398,10,215.90000000000001,128,3023716649620.8369,2533435796622.1987,3998804367986.5659,2708569855162.4385,139318665.05432633,196865514.35667917,37043115.960968658,42321403.986913182,0.26588767518353668,0.21497621929981928,-19.147730653018908,41.305914953974657,14.249038961803631
flow10,399,10,190.5,128,2443821136858.4829,2046136501327.1741,3636792083022.2134,2676142572398.3657,127582108.35369106,159011303.89494225,38181544.178710908,41814727.693724543,0.29927036534669621,0.26296701347315071,-12.130620361120318,24.634485153765624,9.5155489207254451
flow10,400,10,203.19999999999999,128,2722640840642.6123,2374132281532.4897,3690957660458.1104,2568110066788.2393,133273900.46115454,184476997.98781243,36328323.429705814,40126719.793566309,0.27258392906640011,0.21751611437333396,-20.202150171388826,38.419448481274173,10.45574363267899
flow10,401,10,165.09999999999999,128,2737599567485.4829,2541191016024.8569,3137051773617.1714,2548149379628.7529,164913701.29659259,197422256.64301991,38001838.565925762,39814834.056699336,0.23043469564472716,0.20167348268484617,-12.48128580611993,19.712464816953936,4.7708099375991528
flow10,402,10,203.19999999999999,128,3035920320931.6782,2684439793464.2544,3373994533751.71,2260051566021.1445,148596915.14356875,208631902.97428933,33208607.615666442,35313305.719080448,0.22348113743533324,0.16926129329047182,-24.261485674848302,40.401234287210485,6.3378089433087146
flow10,403,10,165.09999999999999,128,2042593727873.9753,1839960702512.5847,3086121180131.333,2440121424790.9775,123053762.60791069,142966616.97143885,37384871.957981028,38126897.26235909,0.30380925512291229,0.26668391593805346,-12.219950037347942,16.182239324917671,1.984827727140718
flow10,404,10,203.19999999999999,128,2908757572432.8193,2559813454897.2695,3478356091456.7715,2378157964313.4731,142349616.75342536,198940932.83991954,34235788.301739879,37158718.192398086,0.24050495591457968,0.18678266791027034,-22.337289391820235,39.755158726222852,8.5376444815487496
flow10,405,10,165.09999999999999,128,2726718541686.8701,2492976825991.0405,3154231887126.9844,2521374672797.2935,164268092.84123406,193746592.88634104,38209956.234124593,39396479.262457781,0.23260729197760097,0.20334024292013858,-12.582171783454093,17.94535964668324,3.105271885324814
flow10,406,10,177.79999999999998,128,3636153154844.4546,3416703757200.1831,3273221850142.9507,2528101035719.5645,203467889.99139744,265508412.30288807,36819143.421180554,39501578.683118269,0.1809580048367202,0.14877712664732992,-17.783616822271735,30.491554374556927,7.2854363591593474
flow10,407,10,190.5,128,3035431365035.9351,2665746416161.0244,3311230899863.4756,2511636894048.7681,158464957.84514681,207163018.30894101,34763579.001191348,39244326.469512075,0.21937707537310924,0.18943693131071898,-13.647799803816813,30.731122593919046,12.88920070101865
flow10,408,10,165.09999999999999,128,2186314209971.8342,2020256933667.3789,3380431836160.1782,2806552207024.2764,131712041.4641628,157004181.83240893,40950113.097034268,43852378.234754398,0.31090637303785379,0.27930707146108863,-10.163606898118442,19.202602956486565,7.0873189796643601
flow10,409,10,190.5,128,2925660805543.3257,2640539029992.2759,3684381536081.9736,2739524174026.376,152747628.70072573,205198777.58805561,38681170.982487917,42805065.219162203,0.25323581983897686,0.20860292503834993,-17.625032204767603,34.338437416986672,10.66124455886119
flow10,410,10,228.59999999999999,128,3430582825379.7402,2892723653278.1035,4136663083103.4087,2611048589092.6968,149264320.44608864,224784670.15173775,36191278.06739641,40797634.20457346,0.24246436093525775,0.1814965147624773,-25.14507531647504,50.595044736712936,12.727807314787185
flow10,411,10,215.90000000000001,128,2708129577936.0171,2281949071554.3599,4232457586409.2788,2849591908880.7598,124779805.61906812,177323253.38824779,39207573.750896521,44524873.576261953,0.31421409543296364,0.25109438680766316,-20.088121297781441,42.108935423081228,13.561920100306757
flow10,412,10,215.90000000000001,128,3143758644796.7612,2716925793136.7881,4105321214840.0869,2754391553723.0278,144829674.3950249,211145772.66984481,38029839.87809252,43037368.02692239,0.26258320359379955,0.2038277512390323,-22.375937055615488,45.789026697624038,13.167365849769217
flow10,413,10,165.09999999999999,128,3318366074780.2568,3125984749216.1587,3611897542318.0166,3077189243821.1602,199899224.90808538,242942047.53970328,43754058.659212805,48081081.934705712,0.21888058184983525,0.19791173418363475,-9.5800401702999576,21.532260893662393,9.8894214801757911
flow10,414,10,152.39999999999998,128,2635564527098.0688,2508039629468.6177,3592970637343.3403,3113470385603.8218,172058250.81100252,194897090.10025865,47151845.634427048,48647974.775059804,0.27404582699274921,0.24960852288781937,-8.9172327026809306,13.273899497178698,3.1730022876143473
flow10,415,10,190.5,128,2993521940326.5464,2708926551799.0547,3846759483616.6445,2870443585405.9512,156260803.99722993,210502361.9250274,40385926.337182626,44850681.021968067,0.25845205773994712,0.21306497756990539,-17.561121612624163,34.712196878725273,11.055224157814644
flow10,416,10,203.19999999999999,128,4083580288152.8105,3769852134258.1055,4237862320369.1201,3145587030305.5869,199875941.86081049,292973898.56938058,41711243.310719691,49149797.348524883,0.20868566232831837,0.1677616934086211,-19.610340481998673,46.577870173790906,17.833450761448535
flow10,417,10,190.5,128,1944908441757.9058,1718315769467.668,4185799418876.7417,3175822153894.2891,101535875.85110351,133525040.67182854,43945400.723115407,49622221.154598355,0.43280663464762736,0.37163232383173339,-14.134328339421016,31.505282790523502,12.917894337226796
flow10,418,10,152.39999999999998,128,1680963884794.6731,1587765585880.0112,2969299620005.5337,2603038098271.1953,109681686.83327071,123393135.10000789,38967186.614245854,40672470.285487503,0.35527523089137608,0.32961696169339733,-7.2220821962743766,12.501128185218576,4.3762042359460995
flow10,419,10,127,128,1948355101544.4875,1956214907141.2886,2528876508933.9258,2545524650564.7661,152567099.71628594,152019304.80311754,39824826.91234529,39773822.665074542,0.26103155258508298,0.2616366567166335,0.23181263933726273,-0.35905179700412537,-0.12807148511406893
flow10,420,10,177.79999999999998,128,2118918122657.4504,1904505744673.5181,3180432067844.894,2444200145418.9199,118572518.55394803,147970360.69806895,35775388.839650109,38190627.272170693,0.30171737326615905,0.25809646669780056,-14.457538886857019,24.793132930498992,6.7511172089449314
flow10,421,10,165.09999999999999,128,2690577051756.7852,2518862783010.5034,3368410411126.6392,2813019206945.5615,162103773.297499,195733090.22964254,40804487.112376012,43953425.108524479,0.25171830539373113,0.22455796849146159,-10.78997288647167,20.745548513806487,7.717136567545273
flow10,422,10,177.79999999999998,128,1757863722947.7449,1571670822710.1184,3675420301381.9263,2862331696807.7637,98329871.674543262,122142331.26354328,41343310.476737082,44723932.762621388,0.42045524694242536,0.36616242951939193,-12.912864762148626,24.216913114476128,8.1769511122881742
flow10,423,10,203.19999999999999,128,1676265401173.0566,1410637843393.9324,4024690984488.8135,2790740361338.1802,82065597.095791608,109593688.98471506,39613100.241031632,43605318.145909145,0.48270044504511411,0.39788165313050777,-17.571724406982682,33.544009747216123,10.078024392401218
flow10,424,10,152.39999999999998,128,2293387076154.6885,2162738794061.7783,3161418262694.1685,2717410879788.3027,149658089.18115449,168064129.71189353,41488428.644280434,42459544.996692307,0.27722142432314856,0.25263894841498435,-8.8674517015355789,12.2987274737013,2.340692053531777
flow10,439,10,190.5,128,2352024260490.271,2104929810091.9138,3612578312821.0298,2626565569168.7979,122768458.05620953,163576080.12360349,37927331.368199795,41040087.018262543,0.30893384154775949,0.25089296055542654,-18.787479125481354,33.239500368009992,8.2071570494744588
flow10,440,10,152.39999999999998,128,2654539473961.5127,2452429934510.0664,2978576894102.2461,2576143895260.5503,173270678.60277218,190556032.32047477,39088935.618139721,40252248.363446169,0.22559463570724617,0.2112357602815241,-6.3649010893838609,9.9759254462953582,2.976066569504126
flow10,441,10,190.49999999999963,128,2726745007139.5522,2410621725935.7153,3560140944345.2183,2635643915072.0981,142433991.59490943,187322010.14466473,37376807.814648107,41181936.17300161,0.26241494320365555,0.21984568786763334,-16.22211556107343,31.514962156940353,10.180453015739507
flow10,442,10,203.19999999999999,128,2167682195332.7954,1856878294212.3066,4057971626053.5635,2942685604632.4385,106108546.09233485,144281129.20493957,39940665.610763423,45979462.572381936,0.37641327755077675,0.31867966951569848,-15.337824534441461,35.975031718356817,15.119419942744134
flow10,443,10,127,128,2420697057591.5166,2425922770140.8906,2822833333388.1353,2839828527866.0605,189593593.30265647,188511007.2929889,44454068.242332846,44372320.747907273,0.23447030813625064,0.23538318204911299,0.38933454735423428,-0.57100347686295305,-0.18389204331073061
flow10,444,10,177.79999999999998,128,2560305520114.8047,2330163244935.0864,3725443152131.6553,3032456341267.6279,143269446.83815891,181069828.71276718,41905997.211829647,47382130.332306772,0.2924977944471846,0.26167877149466739,-10.536497552319869,26.384119370062635,13.06765972611497
flow10,445,10,165.09999999999999,128,3395853599085.1299,3213317236981.2222,3385607212355.1978,2774865104031.2305,204558901.58591381,249742166.01122263,41012806.933436684,43357267.250488058,0.20049387543377814,0.17360811729541786,-13.409765300905899,22.088143842682914,5.7164102931467378
flow10,446,10,203.19999999999999,128,3715049999988.4458,3347156485990.7573,3849298413306.3037,2765568881110.1538,181811145.43392152,260130843.67935386,37886795.406558111,43212013.767346233,0.20838543927620712,0.16611645568877959,-20.284038910896061,43.077501139168227,14.055605135361592
flow10,447,10,215.90000000000001,128,2710844793025.3691,2318227806226.5654,3920125301107.3818,2667904428356.7544,124881961.27905154,180160975.54335505,36314268.653148517,41686006.69307436,0.29078874387633513,0.23138199916686608,-20.429520041784418,44.265011293970083,14.792361898385922
flow10,448,10,177.79999999999998,128,3010904236702.6919,2745396318284.4292,3545337696122.4082,2783935458352.8433,168465226.86330134,213369381.46156833,39880064.073367931,43498991.536763258,0.23672579092970936,0.20386707426715867,-13.880497149677865,26.654850638526025,9.0745277057166565
flow10,449,10,177.79999999999998,128,2659029567189.8101,2422531736183.5342,3423698278114.1753,2672559735246.7803,148793842.07260972,188247500.45965764,38511791.654827625,41758745.863231018,0.25882651538787677,0.22182895263557628,-14.294347971596352,26.515652689306169,8.4310650553604489
flow10,450,10,152.39999999999998,128,2402545939109.2808,2277877684808.7485,2650194732572.5864,2284509273780.3154,156774598.16277975,177011450.36037567,34779458.432711117,35695457.402817495,0.22184370963336456,0.20165620546097726,-9.0998767581693745,12.908246893788183,2.633735576643867
flow10,451,10,165.09999999999999,128,1857424004372.1489,1641182674318.6665,2786505054670.9268,2225167535171.0591,111911866.36409892,127534558.7802527,33755361.04992038,34768242.737047859,0.30162450280383335,0.27261820693601158,-9.6166908186124758,13.959817599079466,3.0006542831212513
flow10,452,10,190.5,128,1679534677619.4592,1430441870672.0491,3140628796441.1938,2241785255731.1758,87668083.821173117,111158115.23704685,32972480.802532222,35027894.620799683,0.37610586846850746,0.31511774507962836,-16.215679813032704,26.79427950517216,6.2337251193716945
flow10,453,10,165.09999999999999,128,1414028518902.4829,1212402020529.4202,2586844277670.0947,2026905842381.0068,85183146.881934479,94216904.098801926,31336696.277045369,31670403.78720329,0.36787436745532126,0.33614354122686585,-8.6254517943028901,10.605099186331321,1.0649096739734065
flow10,454,10,203.19999999999999,128,1648608459157.8381,1318982774352.8936,3229982246482.6523,2183627962171.0366,80695827.530900836,102494100.16499601,31791163.843333196,34119186.908922508,0.39396291996831451,0.33288927708031102,-15.502383547394635,27.012886912582896,7.3228620287756883
flow10,455,10,165.09999999999999,128,1522636828119.8557,1320857787083.9441,2663344648500.0586,2172841587740.6309,91727707.02162905,102647755.3417255,32263411.853422884,33950649.808447421,0.3517302775901211,0.33074907186642349,-5.9651406377211167,11.904852606335774,5.2295707679333194
flow10,456,10,215.90000000000001,128,2300931757425.375,1924004931970.4543,3726528108307.2539,2487970086889.5708,105988537.13420625,149516237.2642082,34520871.776815698,38874532.607649617,0.3257038233587865,0.26000207949959936,-20.172235984719126,41.068309184120267,12.611676955846315
flow10,457,10,190.5,128,2558877720758.4429,2284982103684.9233,3450527029998.0522,2577625543747.2988,133662971.36791077,177558940.99921462,36226005.564284019,40275399.121051617,0.27102499064285357,0.22682833595650789,-16.30722487306949,32.840785433745189,11.178139829912631
flow10,458,10,177.79999999999998,128,2942245796594.9038,2686754043256.2764,3583235274775.3174,2854568678493.5732,164583879.26120576,208779404.38859734,40306358.546404026,44602635.601462163,0.24489858136370152,0.21363522772794236,-12.76583696878571,26.852888220753556,10.65905532029619
flow10,459,10,152.39999999999998,128,2060618682111.8293,1874526931996.6111,3187446314480.9253,2743097626895.4819,134459722.08483678,145675017.99104351,41830004.127046272,42860900.420241982,0.31109691049825172,0.29422272268315208,-5.4240936652421263,8.3410077994438261,2.4644900585346985
flow10,460,10,152.39999999999998,128,2530108686593.1567,2371163728209.0591,3350440765890.5132,2934812580121.8828,165148664.52919096,184241574.31433776,43969038.922447689,45856446.564404503,0.266239143064193,0.24889304563891762,-6.5152318421837219,11.56104400818332,4.2925833454895637
flow10,461,10,139.69999999999999,128,2709951867091.5488,2640901974530.8618,2807773969492.0703,2629371802718.9473,192881587.15079215,205237584.83438402,40197193.550351761,41083934.417483628,0.20840347771986215,0.20017744045583177,-3.9471689023769012,6.4060016646027105,2.2059770566348575
flow10,462,10,139.69999999999999,128,2242609031934.6709,2180717439525.1799,2935580213974.2183,2740500236884.4473,159640989.45708722,169478741.05803964,42026917.880804844,42820316.201319568,0.26325894135166344,0.25265892308378274,-4.0264608728791913,6.1624220912241858,1.8878337040201947
flow10,463,10,177.79999999999998,128,2567614064239.5698,2288510688150.4551,3748381697797.8682,3026773768894.9321,143624991.03346848,177851510.97367427,42164023.597276367,47293340.138983399,0.29357024354801187,0.26591475034465012,-9.420400674511427,23.830476641930709,12.165149585103556
flow10,464,10,177.79999999999998,128,2310312932621.4487,2108102961450.6348,3963904848482.4048,3229826532571.436,129249122.73596819,163805744.44091192,44588356.000926942,50466039.571428783,0.34497995078862254,0.30808467519668037,-10.694904300264332,26.736445844616259,13.182104247978218
flow10,465,10,190.5,128,3210031526092.394,2940357555385.9478,4036957942635.3047,3130975528603.2168,167553807.75198194,228480253.08772272,42382760.552601628,48921492.63442535,0.25295014849998415,0.21411693996873518,-15.352119285769625,36.362316173635328,15.427810733820516
flow10,466,10,177.79999999999998,128,2367456480908.6484,2035120447697.4458,3881893358213.4673,3096342714154.8662,132426285.84601454,158159299.19424316,43665842.049645312,48380354.908669874,0.3297369685382554,0.30589636622789784,-7.2301878724864972,19.431952790816016,10.796798224260643
flow10,467,10,177.79999999999964,128,2330865399052.2837,1952516961558.2273,3844540770474.8789,3083907743778.4004,130396493.88256265,151720177.26814827,43245677.958097726,48186058.496537596,0.33164755178958671,0.31759822170108715,-4.2362230665321317,16.35295762230394,11.423986792915537
flow10,468,10,203.20000000000039,128,3092304240523.2822,2240222014226.4658,4583476329173.6084,3340710875771.4521,151361621.54221329,174080771.9271431,45112955.995803073,52198607.433929034,0.29804752047546945,0.29985280313310753,0.60570296131239132,15.009848701041864,15.706466760424986
flow10,469,10,190.5,128,2866766880868.5669,2542725222479.543,3792158518530.7261,2792825079459.4556,149683189.63491806,197587367.10776234,39812687.858590305,43637891.866554074,0.26597968653457132,0.22085365327406972,-16.965969788311725,32.003712367223095,9.6080024075501154
flow10,470,10,177.79999999999998,128,2946070786501.2617,2533914271538.3706,3878105820946.7197,3092963014094.7163,164862212.80567688,196902695.17278847,43623237.580952987,48327547.095230028,0.26460422214744689,0.24543872826535484,-7.2430793910054652,19.434703575693067,10.783953175293577
flow10,471,10,190.5,128,2766777097770.9395,2374763319157.0342,3919517467073.4912,2855855851782.9785,144417285.0529055,184540329.88250637,41149789.680561595,44622747.684109122,0.28493673500015509,0.24180485486570688,-15.13735325647805,27.782716462854353,8.4397952711483448
flow10,472,10,203.19999999999959,128,2497465620053.9595,2123154884253.2219,3858774080413.6489,2811856489708.4033,122249532.17462619,165013679.15632445,37980059.846591175,43935257.651693881,0.31067652506300736,0.26625221543040772,-14.299216725045472,34.981031191687684,15.67980100388705
flow10,473,10,177.79999999999998,128,2169347564764.1431,1848842920639.7268,3736205427435.1265,2779484481861.4482,121360639.94640584,143660483.62329578,42027057.676435627,43429445.029085211,0.34629891285177161,0.30230613132951162,-12.703701885743572,18.3748566971448,3.3368677946633807
flow10,474,10,152.39999999999998,128,1978107014929.542,1866103572456.2275,3270281951232.7212,2845166061617.6553,129098061.22750023,144997941.69955021,42917085.974182703,44455719.712775946,0.33243788145317699,0.30659552261019335,-7.7735902809931323,12.316126455246113,3.5851309651331569
flow10,475,10,190.5,128,2114326662935.1147,1822723098781.0835,3661561110256.1646,2641861679109.6133,110418842.84641203,141634555.34702024,38441586.459382385,41279088.736087784,0.34814335550367081,0.29144786478800655,-16.285099175206426,28.270276789648978,7.381335002142853
flow10,476,10,215.90000000000001,128,2611503280019.7246,2169100737387.2122,3868925521401.8501,2604150237404.9683,120311068.40680462,168545449.41701773,35839977.039387219,40689847.459452704,0.29789426288030668,0.24141765678156793,-18.958608182874251,40.091391132127157,13.532013189449316
flow10,477,10,190.5,128,2525896164221.189,2232936208490.5244,3569827801052.3545,2627440396310.291,131901248.62873602,173492209.16957453,37478507.097662523,41053756.192348368,0.28414065437055652,0.23663169884603671,-16.720224576720348,31.531892967825552,9.5394650735936803
flow10,478,10,139.69999999999999,128,1990558321177.6489,1901922723824.7258,2796412968092.4453,2596071582120.5186,141695309.71047825,147811661.87843028,40034544.997744389,40563618.470633179,0.28253966260101177,0.27442772752257721,-2.8710783483484992,4.3165523124578993,1.3215423652712899
flow10,479,10,177.79999999999964,128,2257423595951.8276,2049854118197.1899,3305890852962.5396,2588590300278.8921,126257390.81749548,159308440.88647291,37186623.767857671,40446723.441857763,0.29453027285832933,0.25388939353615975,-13.798540614437304,26.177517098189192,8.7668611551069748
flow10,480,10,152.39999999999998,128,3012042322132.376,2855944299032.2676,3136227050143.1353,2734278355651.2817,196589025.81054616,221909464.76951617,41157835.303715691,42723099.307051353,0.20935978055753582,0.19252490808098352,-8.0411206162521616,12.879884243066266,3.8030765995954883
flow10,481,10,114.3,128,2261213596774.8931,2378337268047.6006,2521392580940.9805,2813218400275.2134,196801668.72006217,184818057.64675468,44118855.309553467,43956537.504300289,0.22417927447713731,0.23783681131588899,6.0922388434906489,-6.0891816371503475,-0.36791028260887287
flow10,482,10,127,128,2665702196194.6411,2670918136012.897,2812032634433.7896,2828528036322.0244,208777426.23895982,207581013.6482141,44283978.495020315,44195750.567531712,0.2121109513263868,0.21290844374827989,0.37597890014926261,-0.57305649001360071,-0.19923216135272001
flow10,483,10,114.3,128,2334148665641.5688,2443962801357.0405,2568743151761.1357,2800879434984.0244,203125969.33702517,189878512.83885261,44947386.732478321,43763741.171625458,0.22127838640810096,0.23048285199477608,4.159676747506392,-6.5217936147753051,-2.6334023997830736
flow10,484,10,165.09999999999999,128,2828014318474.2329,2624835849867.0718,3250873379204.5186,2765557983797.4683,170384190.13672173,203962663.72190824,39380658.742634997,43211843.496835522,0.23112859656189166,0.21186153734368007,-8.3360776229402038,19.707505466464976,9.7285948902950654
flow10,485,10,152.39999999999998,128,2336739361519.7715,2233980553441.647,2579874250542.0659,2279836462280.7866,152460646.37245482,173613703.86978978,33856617.461181976,35622444.723137356,0.2220679123875135,0.20518221735453659,-7.6038428296254654,13.874437765178396,5.2156044943945599
flow10,486,10,152.39999999999998,128,2061477556566.7554,1950929330222.834,3165600103104.8765,2817600240814.0215,134556622.43604028,151604641.72260186,41543308.43969655,44025003.762719169,0.30874220597684526,0.29039350815705095,-5.9430481044015115,12.669773496035194,5.9737546580455891
flow10,487,10,190.49999999999963,128,2458317522158.0562,2236818712310.0527,3600022557188.5229,2756808814945.0391,128334452.72334465,173825291.06318647,37795512.411428213,43075137.733516313,0.29450791747174393,0.24780707956852066,-15.857243602866433,35.447097310578087,13.968921137028168
flow10,488,10,177.79999999999998,128,2398715926501.0669,2109533606367.2161,3920931769048.269,3102971189308.3408,134219735.28511605,163916909.72072819,44104969.280632958,48483924.83294291,0.32860271395218482,0.29578354616095992,-9.98749139850392,22.125788262454822,9.9284856643870434
flow10,489,10,215.89999999999964,128,2767896494453.7017,2329876751960.6543,4367361193189.3892,3030982988299.2544,127512145.50793058,181052242.52201372,40457259.779429406,47359109.19217594,0.31728161751394246,0.26157703728203008,-17.556825594998276,41.98823319991368,17.059606731585404
flow10,490,10,152.39999999999998,128,2250367129186.6333,2136436429209.2402,2919119126245.6064,2536566734964.0605,146841209.10191065,166041644.47819814,38308649.95072975,39633855.233813517,0.2608848713860889,0.23869828173749258,-8.5043603834589288,13.075645109243153,3.4592847432320508
flow10,491,10,177.79999999999998,128,2939302551621.1548,2684804156523.3896,3801313946398.1484,2938614739186.7124,164437583.709304,208611720.32905474,42759436.967358254,45915855.299792461,0.26003445199577507,0.22010199248329315,-15.356603406202007,26.863771422135859,7.3818051786878236
flow10,492,10,215.90000000000001,128,2507558364874.2363,2049635668247.9429,4729244155945.4248,3336671752921.4878,115513517.34338707,159270892.36341119,43809579.953176707,52135496.139398344,0.37925933657568367,0.32733850715446405,-13.690059654169772,37.880739870422744,19.004784330551221
flow10,493,10,177.79999999999998,128,2792405709413.1636,2510152927432.4976,3812602769506.4497,3013397812198.272,156190481.14510232,195071389.27820998,42886420.354403265,47084340.815598086,0.27457768258336696,0.24136979282208626,-12.094169288939991,24.893263563857619,9.7884608379626847
flow10,494,10,165.10000000000036,128,2411457883329.2812,2183795998083.8665,3902404046835.8628,3227505253100.2451,145290115.39947188,169704845.94950601,47273216.799949676,50429769.579691425,0.32537118351081928,0.29716163552982039,-8.6699589301708606,16.804123586044646,6.6772540423885642
flow10,495,10,165.09999999999999,128,1974316650036.1873,1695288219630.9985,3080117258516.9478,2478495587787.6587,118938105.19877173,131756058.82934467,37312141.22976315,38726493.559182234,0.3137105738098514,0.29392571319503585,-6.3067241803611296,10.776994983358215,3.7905954544653238
flow10,496,10,152.39999999999998,128,1932325697971.3408,1765561059309.6746,3313595733818.7183,2883213048867.2983,126129367.54314168,137217591.73660693,43485508.317830957,45050203.888551615,0.34476909830660207,0.32831215967575617,-4.773321829501902,8.7911518224909813,3.5982000239814704
flow10,497,10,152.39999999999998,128,1820777192262.0825,1671042209406.3904,3173813405275.1104,2813064154538.6792,118832754.13558334,129851557.51928799,41651094.557416156,43954127.414666943,0.35050180281014065,0.33849518830868125,-3.4255499986581035,9.2725305105128175,5.5293453430762778
flow10,498,10,190.5,128,2512423145105.749,2095853247774.3694,3738406733572.7754,2724894734997.6304,131222746.97633287,162866525.10149744,39248364.656932034,42576480.234338053,0.29909726447054796,0.26141946730799742,-12.597172103612023,24.114552434168896,8.4796286584088492
flow10,499,10,152.39999999999998,128,2707951913401.3999,2481675799864.4663,3012884579472.1772,2633840794598.1655,176806954.79259238,192803565.4543891,39539167.709608629,41153762.415596411,0.22362902950277602,0.21344917724217097,-4.5521157442033644,9.0475008070592722,4.083532354160833
